"session","gender","disability_scope","exam_body","gap_band","institution_type","loc_level","loc_label","zone","state","lga","ward","school","ss3_total","o_level_candidates","utme_participants","admitted_students","matriculated_students","delayed_transition_students","loss_ss3_to_olevel","loss_olevel_to_utme","loss_utme_to_admitted","loss_admitted_to_matriculated"
"2019/2020","Female","all","NABTEB","1-year","College of Education","lga","Abak","South South","Akwa Ibom","Abak","","","0","106","67","20","22","0","0","39","47","0"
"2019/2020","Female","all","NABTEB","1-year","College of Education","lga","Eket","South South","Akwa Ibom","Eket","","","0","138","92","34","39","0","0","46","58","0"
"2019/2020","Female","all","NABTEB","1-year","College of Education","lga","Ikot Ekpene","South South","Akwa Ibom","Ikot Ekpene","","","0","214","145","54","43","13","0","69","91","13"
"2019/2020","Female","all","NABTEB","1-year","College of Education","lga","Oron","South South","Akwa Ibom","Oron","","","0","75","52","19","18","2","0","23","33","2"
"2019/2020","Female","all","NABTEB","1-year","College of Education","lga","Uyo","South South","Akwa Ibom","Uyo","","","0","134","92","32","26","7","0","42","60","7"
"2019/2020","Female","all","NABTEB","1-year","Polytechnic","lga","Abak","South South","Akwa Ibom","Abak","","","0","126","79","32","17","15","0","47","47","15"
"2019/2020","Female","all","NABTEB","1-year","Polytechnic","lga","Eket","South South","Akwa Ibom","Eket","","","0","200","129","48","48","3","0","71","81","3"
"2019/2020","Female","all","NABTEB","1-year","Polytechnic","lga","Ikot Ekpene","South South","Akwa Ibom","Ikot Ekpene","","","0","72","51","23","17","6","0","21","28","6"
"2019/2020","Female","all","NABTEB","1-year","Polytechnic","lga","Oron","South South","Akwa Ibom","Oron","","","0","103","65","24","27","0","0","38","41","0"
"2019/2020","Female","all","NABTEB","1-year","Polytechnic","lga","Uyo","South South","Akwa Ibom","Uyo","","","0","125","83","31","35","0","0","42","52","0"
"2019/2020","Female","all","NABTEB","1-year","University","lga","Abak","South South","Akwa Ibom","Abak","","","0","199","133","40","45","0","0","66","93","0"
"2019/2020","Female","all","NABTEB","1-year","University","lga","Eket","South South","Akwa Ibom","Eket","","","0","65","43","19","13","6","0","22","24","6"
"2019/2020","Female","all","NABTEB","1-year","University","lga","Ikot Ekpene","South South","Akwa Ibom","Ikot Ekpene","","","0","151","97","35","31","6","0","54","62","6"
"2019/2020","Female","all","NABTEB","1-year","University","lga","Oron","South South","Akwa Ibom","Oron","","","0","255","166","67","53","15","0","89","99","15"
"2019/2020","Female","all","NABTEB","1-year","University","lga","Uyo","South South","Akwa Ibom","Uyo","","","0","135","86","32","26","8","0","49","54","8"
"2019/2020","Female","all","NABTEB","2-year","College of Education","lga","Abak","South South","Akwa Ibom","Abak","","","0","64","43","16","12","4","0","21","27","4"
"2019/2020","Female","all","NABTEB","2-year","College of Education","lga","Eket","South South","Akwa Ibom","Eket","","","0","86","59","24","21","4","0","27","35","4"
"2019/2020","Female","all","NABTEB","2-year","College of Education","lga","Ikot Ekpene","South South","Akwa Ibom","Ikot Ekpene","","","0","128","84","32","31","3","0","44","52","3"
"2019/2020","Female","all","NABTEB","2-year","College of Education","lga","Oron","South South","Akwa Ibom","Oron","","","0","48","32","12","13","0","0","16","20","0"
"2019/2020","Female","all","NABTEB","2-year","College of Education","lga","Uyo","South South","Akwa Ibom","Uyo","","","0","86","53","20","16","4","0","33","33","4"
"2019/2020","Female","all","NABTEB","2-year","Polytechnic","lga","Abak","South South","Akwa Ibom","Abak","","","0","80","50","16","17","0","0","30","34","0"
"2019/2020","Female","all","NABTEB","2-year","Polytechnic","lga","Eket","South South","Akwa Ibom","Eket","","","0","129","83","36","34","4","0","46","47","4"
"2019/2020","Female","all","NABTEB","2-year","Polytechnic","lga","Ikot Ekpene","South South","Akwa Ibom","Ikot Ekpene","","","0","48","35","12","13","0","0","13","23","0"
"2019/2020","Female","all","NABTEB","2-year","Polytechnic","lga","Oron","South South","Akwa Ibom","Oron","","","0","65","42","12","12","0","0","23","30","0"
"2019/2020","Female","all","NABTEB","2-year","Polytechnic","lga","Uyo","South South","Akwa Ibom","Uyo","","","0","81","50","24","17","7","0","31","26","7"
"2019/2020","Female","all","NABTEB","2-year","University","lga","Abak","South South","Akwa Ibom","Abak","","","0","124","81","24","26","0","0","43","57","0"
"2019/2020","Female","all","NABTEB","2-year","University","lga","Eket","South South","Akwa Ibom","Eket","","","0","38","27","12","8","4","0","11","15","4"
"2019/2020","Female","all","NABTEB","2-year","University","lga","Ikot Ekpene","South South","Akwa Ibom","Ikot Ekpene","","","0","98","64","24","17","8","0","34","40","8"
"2019/2020","Female","all","NABTEB","2-year","University","lga","Oron","South South","Akwa Ibom","Oron","","","0","164","107","44","43","4","0","57","63","4"
"2019/2020","Female","all","NABTEB","2-year","University","lga","Uyo","South South","Akwa Ibom","Uyo","","","0","83","59","20","17","4","0","24","39","4"
"2019/2020","Female","all","NABTEB","3-5-year","College of Education","lga","Abak","South South","Akwa Ibom","Abak","","","0","43","29","12","12","0","0","14","17","0"
"2019/2020","Female","all","NABTEB","3-5-year","College of Education","lga","Eket","South South","Akwa Ibom","Eket","","","0","61","42","16","16","0","0","19","26","0"
"2019/2020","Female","all","NABTEB","3-5-year","College of Education","lga","Ikot Ekpene","South South","Akwa Ibom","Ikot Ekpene","","","0","77","50","24","26","0","0","27","26","0"
"2019/2020","Female","all","NABTEB","3-5-year","College of Education","lga","Oron","South South","Akwa Ibom","Oron","","","0","26","16","8","8","0","0","10","8","0"
"2019/2020","Female","all","NABTEB","3-5-year","College of Education","lga","Uyo","South South","Akwa Ibom","Uyo","","","0","57","34","16","16","0","0","23","18","0"
"2019/2020","Female","all","NABTEB","3-5-year","Polytechnic","lga","Abak","South South","Akwa Ibom","Abak","","","0","48","32","16","17","0","0","16","16","0"
"2019/2020","Female","all","NABTEB","3-5-year","Polytechnic","lga","Eket","South South","Akwa Ibom","Eket","","","0","77","50","24","24","0","0","27","26","0"
"2019/2020","Female","all","NABTEB","3-5-year","Polytechnic","lga","Ikot Ekpene","South South","Akwa Ibom","Ikot Ekpene","","","0","29","18","8","8","0","0","11","10","0"
"2019/2020","Female","all","NABTEB","3-5-year","Polytechnic","lga","Oron","South South","Akwa Ibom","Oron","","","0","42","27","12","12","0","0","15","15","0"
"2019/2020","Female","all","NABTEB","3-5-year","Polytechnic","lga","Uyo","South South","Akwa Ibom","Uyo","","","0","50","32","16","17","0","0","18","16","0"
"2019/2020","Female","all","NABTEB","3-5-year","University","lga","Abak","South South","Akwa Ibom","Abak","","","0","87","54","24","22","3","0","33","30","3"
"2019/2020","Female","all","NABTEB","3-5-year","University","lga","Eket","South South","Akwa Ibom","Eket","","","0","24","16","8","8","0","0","8","8","0"
"2019/2020","Female","all","NABTEB","3-5-year","University","lga","Ikot Ekpene","South South","Akwa Ibom","Ikot Ekpene","","","0","65","40","16","17","0","0","25","24","0"
"2019/2020","Female","all","NABTEB","3-5-year","University","lga","Oron","South South","Akwa Ibom","Oron","","","0","112","72","28","28","0","0","40","44","0"
"2019/2020","Female","all","NABTEB","3-5-year","University","lga","Uyo","South South","Akwa Ibom","Uyo","","","0","60","38","16","17","0","0","22","22","0"
"2019/2020","Female","all","NABTEB","5+-year","College of Education","lga","Abak","South South","Akwa Ibom","Abak","","","0","25","13","8","4","4","0","12","5","4"
"2019/2020","Female","all","NABTEB","5+-year","College of Education","lga","Eket","South South","Akwa Ibom","Eket","","","0","34","19","8","4","4","0","15","11","4"
"2019/2020","Female","all","NABTEB","5+-year","College of Education","lga","Ikot Ekpene","South South","Akwa Ibom","Ikot Ekpene","","","0","49","35","8","9","0","0","14","27","0"
"2019/2020","Female","all","NABTEB","5+-year","College of Education","lga","Oron","South South","Akwa Ibom","Oron","","","0","14","8","0","0","0","0","6","8","0"
"2019/2020","Female","all","NABTEB","5+-year","College of Education","lga","Uyo","South South","Akwa Ibom","Uyo","","","0","26","18","4","0","4","0","8","14","4"
"2019/2020","Female","all","NABTEB","5+-year","Polytechnic","lga","Abak","South South","Akwa Ibom","Abak","","","0","26","16","0","0","0","0","10","16","0"
"2019/2020","Female","all","NABTEB","5+-year","Polytechnic","lga","Eket","South South","Akwa Ibom","Eket","","","0","41","29","4","0","4","0","12","25","4"
"2019/2020","Female","all","NABTEB","5+-year","Polytechnic","lga","Ikot Ekpene","South South","Akwa Ibom","Ikot Ekpene","","","0","17","11","4","4","0","0","6","7","0"
"2019/2020","Female","all","NABTEB","5+-year","Polytechnic","lga","Oron","South South","Akwa Ibom","Oron","","","0","26","15","8","0","8","0","11","7","8"
"2019/2020","Female","all","NABTEB","5+-year","Polytechnic","lga","Uyo","South South","Akwa Ibom","Uyo","","","0","29","21","8","5","4","0","8","13","4"
"2019/2020","Female","all","NABTEB","5+-year","University","lga","Abak","South South","Akwa Ibom","Abak","","","0","41","26","16","5","12","0","15","10","12"
"2019/2020","Female","all","NABTEB","5+-year","University","lga","Eket","South South","Akwa Ibom","Eket","","","0","12","10","0","0","0","0","2","10","0"
"2019/2020","Female","all","NABTEB","5+-year","University","lga","Ikot Ekpene","South South","Akwa Ibom","Ikot Ekpene","","","0","36","23","8","4","4","0","13","15","4"
"2019/2020","Female","all","NABTEB","5+-year","University","lga","Oron","South South","Akwa Ibom","Oron","","","0","48","32","4","4","0","0","16","28","0"
"2019/2020","Female","all","NABTEB","5+-year","University","lga","Uyo","South South","Akwa Ibom","Uyo","","","0","31","16","4","4","0","0","15","12","0"
"2019/2020","Female","all","NECO","1-year","College of Education","lga","Abak","South South","Akwa Ibom","Abak","","","0","190","128","47","37","10","0","62","81","10"
"2019/2020","Female","all","NECO","1-year","College of Education","lga","Eket","South South","Akwa Ibom","Eket","","","0","274","183","67","61","7","0","91","116","7"
"2019/2020","Female","all","NECO","1-year","College of Education","lga","Ikot Ekpene","South South","Akwa Ibom","Ikot Ekpene","","","0","386","255","96","82","14","0","131","159","14"
"2019/2020","Female","all","NECO","1-year","College of Education","lga","Oron","South South","Akwa Ibom","Oron","","","0","135","86","32","26","6","0","49","54","6"
"2019/2020","Female","all","NECO","1-year","College of Education","lga","Uyo","South South","Akwa Ibom","Uyo","","","0","258","166","54","49","5","0","92","112","5"
"2019/2020","Female","all","NECO","1-year","Polytechnic","lga","Abak","South South","Akwa Ibom","Abak","","","0","243","155","56","44","12","0","88","99","12"
"2019/2020","Female","all","NECO","1-year","Polytechnic","lga","Eket","South South","Akwa Ibom","Eket","","","0","367","240","78","69","11","0","127","162","11"
"2019/2020","Female","all","NECO","1-year","Polytechnic","lga","Ikot Ekpene","South South","Akwa Ibom","Ikot Ekpene","","","0","148","102","36","34","2","0","46","66","2"
"2019/2020","Female","all","NECO","1-year","Polytechnic","lga","Oron","South South","Akwa Ibom","Oron","","","0","195","125","46","41","6","0","70","79","6"
"2019/2020","Female","all","NECO","1-year","Polytechnic","lga","Uyo","South South","Akwa Ibom","Uyo","","","0","243","160","53","52","3","0","83","107","3"
"2019/2020","Female","all","NECO","1-year","University","lga","Abak","South South","Akwa Ibom","Abak","","","0","375","237","81","71","12","0","138","156","12"
"2019/2020","Female","all","NECO","1-year","University","lga","Eket","South South","Akwa Ibom","Eket","","","0","134","96","35","34","2","0","38","61","2"
"2019/2020","Female","all","NECO","1-year","University","lga","Ikot Ekpene","South South","Akwa Ibom","Ikot Ekpene","","","0","302","197","67","64","5","0","105","130","5"
"2019/2020","Female","all","NECO","1-year","University","lga","Oron","South South","Akwa Ibom","Oron","","","0","458","303","103","98","8","0","155","200","8"
"2019/2020","Female","all","NECO","1-year","University","lga","Uyo","South South","Akwa Ibom","Uyo","","","0","258","165","54","52","3","0","93","111","3"
"2019/2020","Female","all","NECO","2-year","College of Education","lga","Abak","South South","Akwa Ibom","Abak","","","0","126","84","29","29","0","0","42","55","0"
"2019/2020","Female","all","NECO","2-year","College of Education","lga","Eket","South South","Akwa Ibom","Eket","","","0","168","113","42","34","9","0","55","71","9"
"2019/2020","Female","all","NECO","2-year","College of Education","lga","Ikot Ekpene","South South","Akwa Ibom","Ikot Ekpene","","","0","239","164","57","59","0","0","75","107","0"
"2019/2020","Female","all","NECO","2-year","College of Education","lga","Oron","South South","Akwa Ibom","Oron","","","0","89","59","21","19","3","0","30","38","3"
"2019/2020","Female","all","NECO","2-year","College of Education","lga","Uyo","South South","Akwa Ibom","Uyo","","","0","150","96","32","33","0","0","54","64","0"
"2019/2020","Female","all","NECO","2-year","Polytechnic","lga","Abak","South South","Akwa Ibom","Abak","","","0","151","99","28","31","0","0","52","71","0"
"2019/2020","Female","all","NECO","2-year","Polytechnic","lga","Eket","South South","Akwa Ibom","Eket","","","0","227","151","50","42","9","0","76","101","9"
"2019/2020","Female","all","NECO","2-year","Polytechnic","lga","Ikot Ekpene","South South","Akwa Ibom","Ikot Ekpene","","","0","90","61","25","23","3","0","29","36","3"
"2019/2020","Female","all","NECO","2-year","Polytechnic","lga","Oron","South South","Akwa Ibom","Oron","","","0","130","84","32","27","6","0","46","52","6"
"2019/2020","Female","all","NECO","2-year","Polytechnic","lga","Uyo","South South","Akwa Ibom","Uyo","","","0","150","100","33","34","0","0","50","67","0"
"2019/2020","Female","all","NECO","2-year","University","lga","Abak","South South","Akwa Ibom","Abak","","","0","232","145","51","45","7","0","87","94","7"
"2019/2020","Female","all","NECO","2-year","University","lga","Eket","South South","Akwa Ibom","Eket","","","0","87","61","21","23","0","0","26","40","0"
"2019/2020","Female","all","NECO","2-year","University","lga","Ikot Ekpene","South South","Akwa Ibom","Ikot Ekpene","","","0","185","121","47","37","10","0","64","74","10"
"2019/2020","Female","all","NECO","2-year","University","lga","Oron","South South","Akwa Ibom","Oron","","","0","316","206","76","65","12","0","110","130","12"
"2019/2020","Female","all","NECO","2-year","University","lga","Uyo","South South","Akwa Ibom","Uyo","","","0","158","104","36","27","10","0","54","68","10"
"2019/2020","Female","all","NECO","3-5-year","College of Education","lga","Abak","South South","Akwa Ibom","Abak","","","0","73","49","18","16","3","0","24","31","3"
"2019/2020","Female","all","NECO","3-5-year","College of Education","lga","Eket","South South","Akwa Ibom","Eket","","","0","108","74","28","24","6","0","34","46","6"
"2019/2020","Female","all","NECO","3-5-year","College of Education","lga","Ikot Ekpene","South South","Akwa Ibom","Ikot Ekpene","","","0","156","108","41","35","7","0","48","67","7"
"2019/2020","Female","all","NECO","3-5-year","College of Education","lga","Oron","South South","Akwa Ibom","Oron","","","0","58","39","11","12","0","0","19","28","0"
"2019/2020","Female","all","NECO","3-5-year","College of Education","lga","Uyo","South South","Akwa Ibom","Uyo","","","0","108","70","23","19","4","0","38","47","4"
"2019/2020","Female","all","NECO","3-5-year","Polytechnic","lga","Abak","South South","Akwa Ibom","Abak","","","0","105","72","24","27","0","0","33","48","0"
"2019/2020","Female","all","NECO","3-5-year","Polytechnic","lga","Eket","South South","Akwa Ibom","Eket","","","0","150","96","33","32","3","0","54","63","3"
"2019/2020","Female","all","NECO","3-5-year","Polytechnic","lga","Ikot Ekpene","South South","Akwa Ibom","Ikot Ekpene","","","0","53","39","15","12","3","0","14","24","3"
"2019/2020","Female","all","NECO","3-5-year","Polytechnic","lga","Oron","South South","Akwa Ibom","Oron","","","0","79","52","14","16","0","0","27","38","0"
"2019/2020","Female","all","NECO","3-5-year","Polytechnic","lga","Uyo","South South","Akwa Ibom","Uyo","","","0","97","61","25","16","9","0","36","36","9"
"2019/2020","Female","all","NECO","3-5-year","University","lga","Abak","South South","Akwa Ibom","Abak","","","0","142","91","29","27","3","0","51","62","3"
"2019/2020","Female","all","NECO","3-5-year","University","lga","Eket","South South","Akwa Ibom","Eket","","","0","58","40","18","12","6","0","18","22","6"
"2019/2020","Female","all","NECO","3-5-year","University","lga","Ikot Ekpene","South South","Akwa Ibom","Ikot Ekpene","","","0","113","74","29","26","3","0","39","45","3"
"2019/2020","Female","all","NECO","3-5-year","University","lga","Oron","South South","Akwa Ibom","Oron","","","0","187","123","43","36","9","0","64","80","9"
"2019/2020","Female","all","NECO","3-5-year","University","lga","Uyo","South South","Akwa Ibom","Uyo","","","0","108","69","22","19","3","0","39","47","3"
"2019/2020","Female","all","NECO","5+-year","College of Education","lga","Abak","South South","Akwa Ibom","Abak","","","0","52","34","15","12","3","0","18","19","3"
"2019/2020","Female","all","NECO","5+-year","College of Education","lga","Eket","South South","Akwa Ibom","Eket","","","0","69","42","10","12","0","0","27","32","0"
"2019/2020","Female","all","NECO","5+-year","College of Education","lga","Ikot Ekpene","South South","Akwa Ibom","Ikot Ekpene","","","0","76","47","19","12","8","0","29","28","8"
"2019/2020","Female","all","NECO","5+-year","College of Education","lga","Oron","South South","Akwa Ibom","Oron","","","0","29","17","7","8","0","0","12","10","0"
"2019/2020","Female","all","NECO","5+-year","College of Education","lga","Uyo","South South","Akwa Ibom","Uyo","","","0","51","30","16","8","8","0","21","14","8"
"2019/2020","Female","all","NECO","5+-year","Polytechnic","lga","Abak","South South","Akwa Ibom","Abak","","","0","47","29","15","12","4","0","18","14","4"
"2019/2020","Female","all","NECO","5+-year","Polytechnic","lga","Eket","South South","Akwa Ibom","Eket","","","0","92","56","23","20","4","0","36","33","4"
"2019/2020","Female","all","NECO","5+-year","Polytechnic","lga","Ikot Ekpene","South South","Akwa Ibom","Ikot Ekpene","","","0","34","22","11","8","4","0","12","11","4"
"2019/2020","Female","all","NECO","5+-year","Polytechnic","lga","Oron","South South","Akwa Ibom","Oron","","","0","45","29","11","12","0","0","16","18","0"
"2019/2020","Female","all","NECO","5+-year","Polytechnic","lga","Uyo","South South","Akwa Ibom","Uyo","","","0","44","29","16","12","4","0","15","13","4"
"2019/2020","Female","all","NECO","5+-year","University","lga","Abak","South South","Akwa Ibom","Abak","","","0","89","56","22","20","3","0","33","34","3"
"2019/2020","Female","all","NECO","5+-year","University","lga","Eket","South South","Akwa Ibom","Eket","","","0","32","22","8","8","0","0","10","14","0"
"2019/2020","Female","all","NECO","5+-year","University","lga","Ikot Ekpene","South South","Akwa Ibom","Ikot Ekpene","","","0","57","36","16","16","0","0","21","20","0"
"2019/2020","Female","all","NECO","5+-year","University","lga","Oron","South South","Akwa Ibom","Oron","","","0","116","77","27","28","3","0","39","50","3"
"2019/2020","Female","all","NECO","5+-year","University","lga","Uyo","South South","Akwa Ibom","Uyo","","","0","56","34","14","16","0","0","22","20","0"
"2019/2020","Female","all","WAEC","1-year","College of Education","lga","Abak","South South","Akwa Ibom","Abak","","","0","246","153","53","45","8","0","93","100","8"
"2019/2020","Female","all","WAEC","1-year","College of Education","lga","Eket","South South","Akwa Ibom","Eket","","","0","355","241","90","79","11","0","114","151","11"
"2019/2020","Female","all","WAEC","1-year","College of Education","lga","Ikot Ekpene","South South","Akwa Ibom","Ikot Ekpene","","","0","481","314","114","102","13","0","167","200","13"
"2019/2020","Female","all","WAEC","1-year","College of Education","lga","Oron","South South","Akwa Ibom","Oron","","","0","174","114","44","39","5","0","60","70","5"
"2019/2020","Female","all","WAEC","1-year","College of Education","lga","Uyo","South South","Akwa Ibom","Uyo","","","0","325","203","62","55","8","0","122","141","8"
"2019/2020","Female","all","WAEC","1-year","Polytechnic","lga","Abak","South South","Akwa Ibom","Abak","","","0","296","190","65","61","5","0","106","125","5"
"2019/2020","Female","all","WAEC","1-year","Polytechnic","lga","Eket","South South","Akwa Ibom","Eket","","","0","500","324","115","98","18","0","176","209","18"
"2019/2020","Female","all","WAEC","1-year","Polytechnic","lga","Ikot Ekpene","South South","Akwa Ibom","Ikot Ekpene","","","0","177","115","46","45","2","0","62","69","2"
"2019/2020","Female","all","WAEC","1-year","Polytechnic","lga","Oron","South South","Akwa Ibom","Oron","","","0","250","163","63","55","8","0","87","100","8"
"2019/2020","Female","all","WAEC","1-year","Polytechnic","lga","Uyo","South South","Akwa Ibom","Uyo","","","0","295","190","72","64","9","0","105","118","9"
"2019/2020","Female","all","WAEC","1-year","University","lga","Abak","South South","Akwa Ibom","Abak","","","0","484","316","109","97","13","0","168","207","13"
"2019/2020","Female","all","WAEC","1-year","University","lga","Eket","South South","Akwa Ibom","Eket","","","0","149","99","44","36","8","0","50","55","8"
"2019/2020","Female","all","WAEC","1-year","University","lga","Ikot Ekpene","South South","Akwa Ibom","Ikot Ekpene","","","0","386","253","94","80","14","0","133","159","14"
"2019/2020","Female","all","WAEC","1-year","University","lga","Oron","South South","Akwa Ibom","Oron","","","0","597","393","144","127","18","0","204","249","18"
"2019/2020","Female","all","WAEC","1-year","University","lga","Uyo","South South","Akwa Ibom","Uyo","","","0","350","230","78","68","10","0","120","152","10"
"2019/2020","Female","all","WAEC","2-year","College of Education","lga","Abak","South South","Akwa Ibom","Abak","","","0","156","96","30","29","2","0","60","66","2"
"2019/2020","Female","all","WAEC","2-year","College of Education","lga","Eket","South South","Akwa Ibom","Eket","","","0","221","149","56","53","5","0","72","93","5"
"2019/2020","Female","all","WAEC","2-year","College of Education","lga","Ikot Ekpene","South South","Akwa Ibom","Ikot Ekpene","","","0","319","205","78","69","11","0","114","127","11"
"2019/2020","Female","all","WAEC","2-year","College of Education","lga","Oron","South South","Akwa Ibom","Oron","","","0","116","78","28","23","5","0","38","50","5"
"2019/2020","Female","all","WAEC","2-year","College of Education","lga","Uyo","South South","Akwa Ibom","Uyo","","","0","198","129","45","37","8","0","69","84","8"
"2019/2020","Female","all","WAEC","2-year","Polytechnic","lga","Abak","South South","Akwa Ibom","Abak","","","0","181","115","39","37","4","0","66","76","4"
"2019/2020","Female","all","WAEC","2-year","Polytechnic","lga","Eket","South South","Akwa Ibom","Eket","","","0","303","197","74","66","11","0","106","123","11"
"2019/2020","Female","all","WAEC","2-year","Polytechnic","lga","Ikot Ekpene","South South","Akwa Ibom","Ikot Ekpene","","","0","113","75","28","25","3","0","38","47","3"
"2019/2020","Female","all","WAEC","2-year","Polytechnic","lga","Oron","South South","Akwa Ibom","Oron","","","0","166","110","43","36","7","0","56","67","7"
"2019/2020","Female","all","WAEC","2-year","Polytechnic","lga","Uyo","South South","Akwa Ibom","Uyo","","","0","188","124","46","46","3","0","64","78","3"
"2019/2020","Female","all","WAEC","2-year","University","lga","Abak","South South","Akwa Ibom","Abak","","","0","295","192","68","59","10","0","103","124","10"
"2019/2020","Female","all","WAEC","2-year","University","lga","Eket","South South","Akwa Ibom","Eket","","","0","101","66","28","23","5","0","35","38","5"
"2019/2020","Female","all","WAEC","2-year","University","lga","Ikot Ekpene","South South","Akwa Ibom","Ikot Ekpene","","","0","244","161","59","52","8","0","83","102","8"
"2019/2020","Female","all","WAEC","2-year","University","lga","Oron","South South","Akwa Ibom","Oron","","","0","390","259","97","85","14","0","131","162","14"
"2019/2020","Female","all","WAEC","2-year","University","lga","Uyo","South South","Akwa Ibom","Uyo","","","0","226","147","52","49","4","0","79","95","4"
"2019/2020","Female","all","WAEC","3-5-year","College of Education","lga","Abak","South South","Akwa Ibom","Abak","","","0","103","67","18","15","3","0","36","49","3"
"2019/2020","Female","all","WAEC","3-5-year","College of Education","lga","Eket","South South","Akwa Ibom","Eket","","","0","136","90","34","33","3","0","46","56","3"
"2019/2020","Female","all","WAEC","3-5-year","College of Education","lga","Ikot Ekpene","South South","Akwa Ibom","Ikot Ekpene","","","0","202","133","45","46","2","0","69","88","2"
"2019/2020","Female","all","WAEC","3-5-year","College of Education","lga","Oron","South South","Akwa Ibom","Oron","","","0","83","56","21","20","2","0","27","35","2"
"2019/2020","Female","all","WAEC","3-5-year","College of Education","lga","Uyo","South South","Akwa Ibom","Uyo","","","0","141","85","27","22","5","0","56","58","5"
"2019/2020","Female","all","WAEC","3-5-year","Polytechnic","lga","Abak","South South","Akwa Ibom","Abak","","","0","127","82","27","22","5","0","45","55","5"
"2019/2020","Female","all","WAEC","3-5-year","Polytechnic","lga","Eket","South South","Akwa Ibom","Eket","","","0","191","124","39","39","2","0","67","85","2"
"2019/2020","Female","all","WAEC","3-5-year","Polytechnic","lga","Ikot Ekpene","South South","Akwa Ibom","Ikot Ekpene","","","0","70","44","18","16","3","0","26","26","3"
"2019/2020","Female","all","WAEC","3-5-year","Polytechnic","lga","Oron","South South","Akwa Ibom","Oron","","","0","106","69","24","24","2","0","37","45","2"
"2019/2020","Female","all","WAEC","3-5-year","Polytechnic","lga","Uyo","South South","Akwa Ibom","Uyo","","","0","133","86","33","30","5","0","47","53","5"
"2019/2020","Female","all","WAEC","3-5-year","University","lga","Abak","South South","Akwa Ibom","Abak","","","0","200","133","43","39","6","0","67","90","6"
"2019/2020","Female","all","WAEC","3-5-year","University","lga","Eket","South South","Akwa Ibom","Eket","","","0","63","45","15","17","0","0","18","30","0"
"2019/2020","Female","all","WAEC","3-5-year","University","lga","Ikot Ekpene","South South","Akwa Ibom","Ikot Ekpene","","","0","151","97","36","33","4","0","54","61","4"
"2019/2020","Female","all","WAEC","3-5-year","University","lga","Oron","South South","Akwa Ibom","Oron","","","0","230","156","57","50","9","0","74","99","9"
"2019/2020","Female","all","WAEC","3-5-year","University","lga","Uyo","South South","Akwa Ibom","Uyo","","","0","154","102","36","33","4","0","52","66","4"
"2019/2020","Female","all","WAEC","5+-year","College of Education","lga","Abak","South South","Akwa Ibom","Abak","","","0","58","34","12","12","0","0","24","22","0"
"2019/2020","Female","all","WAEC","5+-year","College of Education","lga","Eket","South South","Akwa Ibom","Eket","","","0","89","58","24","20","5","0","31","34","5"
"2019/2020","Female","all","WAEC","5+-year","College of Education","lga","Ikot Ekpene","South South","Akwa Ibom","Ikot Ekpene","","","0","122","77","30","29","2","0","45","47","2"
"2019/2020","Female","all","WAEC","5+-year","College of Education","lga","Oron","South South","Akwa Ibom","Oron","","","0","33","24","6","6","0","0","9","18","0"
"2019/2020","Female","all","WAEC","5+-year","College of Education","lga","Uyo","South South","Akwa Ibom","Uyo","","","0","74","46","12","12","0","0","28","34","0"
"2019/2020","Female","all","WAEC","5+-year","Polytechnic","lga","Abak","South South","Akwa Ibom","Abak","","","0","69","46","18","12","6","0","23","28","6"
"2019/2020","Female","all","WAEC","5+-year","Polytechnic","lga","Eket","South South","Akwa Ibom","Eket","","","0","105","65","24","23","3","0","40","41","3"
"2019/2020","Female","all","WAEC","5+-year","Polytechnic","lga","Ikot Ekpene","South South","Akwa Ibom","Ikot Ekpene","","","0","40","27","12","10","2","0","13","15","2"
"2019/2020","Female","all","WAEC","5+-year","Polytechnic","lga","Oron","South South","Akwa Ibom","Oron","","","0","61","38","12","13","0","0","23","26","0"
"2019/2020","Female","all","WAEC","5+-year","Polytechnic","lga","Uyo","South South","Akwa Ibom","Uyo","","","0","76","49","21","16","6","0","27","28","6"
"2019/2020","Female","all","WAEC","5+-year","University","lga","Abak","South South","Akwa Ibom","Abak","","","0","114","74","24","21","3","0","40","50","3"
"2019/2020","Female","all","WAEC","5+-year","University","lga","Eket","South South","Akwa Ibom","Eket","","","0","33","23","9","10","0","0","10","14","0"
"2019/2020","Female","all","WAEC","5+-year","University","lga","Ikot Ekpene","South South","Akwa Ibom","Ikot Ekpene","","","0","88","58","21","19","3","0","30","37","3"
"2019/2020","Female","all","WAEC","5+-year","University","lga","Oron","South South","Akwa Ibom","Oron","","","0","141","99","33","36","0","0","42","66","0"
"2019/2020","Female","all","WAEC","5+-year","University","lga","Uyo","South South","Akwa Ibom","Uyo","","","0","82","51","18","16","2","0","31","33","2"
"2019/2020","Female","disabled","NABTEB","1-year","College of Education","lga","Abak","South South","Akwa Ibom","Abak","","","0","15","9","12","12","0","0","6","0","0"
"2019/2020","Female","disabled","NABTEB","1-year","College of Education","lga","Eket","South South","Akwa Ibom","Eket","","","0","20","12","16","16","0","0","8","0","0"
"2019/2020","Female","disabled","NABTEB","1-year","College of Education","lga","Ikot Ekpene","South South","Akwa Ibom","Ikot Ekpene","","","0","34","20","20","22","0","0","14","5","0"
"2019/2020","Female","disabled","NABTEB","1-year","College of Education","lga","Oron","South South","Akwa Ibom","Oron","","","0","10","6","8","8","0","0","4","0","0"
"2019/2020","Female","disabled","NABTEB","1-year","College of Education","lga","Uyo","South South","Akwa Ibom","Uyo","","","0","20","12","16","16","0","0","8","0","0"
"2019/2020","Female","disabled","NABTEB","1-year","Polytechnic","lga","Abak","South South","Akwa Ibom","Abak","","","0","20","12","16","17","0","0","8","0","0"
"2019/2020","Female","disabled","NABTEB","1-year","Polytechnic","lga","Eket","South South","Akwa Ibom","Eket","","","0","30","18","24","24","0","0","12","0","0"
"2019/2020","Female","disabled","NABTEB","1-year","Polytechnic","lga","Ikot Ekpene","South South","Akwa Ibom","Ikot Ekpene","","","0","10","6","8","8","0","0","4","0","0"
"2019/2020","Female","disabled","NABTEB","1-year","Polytechnic","lga","Oron","South South","Akwa Ibom","Oron","","","0","15","9","12","12","0","0","6","0","0"
"2019/2020","Female","disabled","NABTEB","1-year","Polytechnic","lga","Uyo","South South","Akwa Ibom","Uyo","","","0","20","12","16","17","0","0","8","0","0"
"2019/2020","Female","disabled","NABTEB","1-year","University","lga","Abak","South South","Akwa Ibom","Abak","","","0","27","15","20","22","0","0","12","0","0"
"2019/2020","Female","disabled","NABTEB","1-year","University","lga","Eket","South South","Akwa Ibom","Eket","","","0","10","6","8","8","0","0","4","0","0"
"2019/2020","Female","disabled","NABTEB","1-year","University","lga","Ikot Ekpene","South South","Akwa Ibom","Ikot Ekpene","","","0","20","12","16","17","0","0","8","0","0"
"2019/2020","Female","disabled","NABTEB","1-year","University","lga","Oron","South South","Akwa Ibom","Oron","","","0","35","21","28","28","0","0","14","0","0"
"2019/2020","Female","disabled","NABTEB","1-year","University","lga","Uyo","South South","Akwa Ibom","Uyo","","","0","20","12","16","17","0","0","8","0","0"
"2019/2020","Female","disabled","NABTEB","2-year","College of Education","lga","Abak","South South","Akwa Ibom","Abak","","","0","7","9","0","0","0","0","0","9","0"
"2019/2020","Female","disabled","NABTEB","2-year","College of Education","lga","Eket","South South","Akwa Ibom","Eket","","","0","11","12","0","0","0","0","0","12","0"
"2019/2020","Female","disabled","NABTEB","2-year","College of Education","lga","Ikot Ekpene","South South","Akwa Ibom","Ikot Ekpene","","","0","18","18","0","0","0","0","4","18","0"
"2019/2020","Female","disabled","NABTEB","2-year","College of Education","lga","Oron","South South","Akwa Ibom","Oron","","","0","6","6","0","0","0","0","0","6","0"
"2019/2020","Female","disabled","NABTEB","2-year","College of Education","lga","Uyo","South South","Akwa Ibom","Uyo","","","0","9","12","0","0","0","0","0","12","0"
"2019/2020","Female","disabled","NABTEB","2-year","Polytechnic","lga","Abak","South South","Akwa Ibom","Abak","","","0","8","12","0","0","0","0","0","12","0"
"2019/2020","Female","disabled","NABTEB","2-year","Polytechnic","lga","Eket","South South","Akwa Ibom","Eket","","","0","16","18","0","0","0","0","2","18","0"
"2019/2020","Female","disabled","NABTEB","2-year","Polytechnic","lga","Ikot Ekpene","South South","Akwa Ibom","Ikot Ekpene","","","0","4","6","0","0","0","0","0","6","0"
"2019/2020","Female","disabled","NABTEB","2-year","Polytechnic","lga","Oron","South South","Akwa Ibom","Oron","","","0","8","9","0","0","0","0","0","9","0"
"2019/2020","Female","disabled","NABTEB","2-year","Polytechnic","lga","Uyo","South South","Akwa Ibom","Uyo","","","0","9","12","0","0","0","0","0","12","0"
"2019/2020","Female","disabled","NABTEB","2-year","University","lga","Abak","South South","Akwa Ibom","Abak","","","0","13","15","0","0","0","0","2","15","0"
"2019/2020","Female","disabled","NABTEB","2-year","University","lga","Eket","South South","Akwa Ibom","Eket","","","0","7","6","0","0","0","0","2","6","0"
"2019/2020","Female","disabled","NABTEB","2-year","University","lga","Ikot Ekpene","South South","Akwa Ibom","Ikot Ekpene","","","0","8","12","0","0","0","0","0","12","0"
"2019/2020","Female","disabled","NABTEB","2-year","University","lga","Oron","South South","Akwa Ibom","Oron","","","0","19","21","0","0","0","0","2","21","0"
"2019/2020","Female","disabled","NABTEB","2-year","University","lga","Uyo","South South","Akwa Ibom","Uyo","","","0","9","12","0","0","0","0","0","12","0"
"2019/2020","Female","disabled","NABTEB","3-5-year","College of Education","lga","Abak","South South","Akwa Ibom","Abak","","","0","7","0","0","0","0","0","7","0","0"
"2019/2020","Female","disabled","NABTEB","3-5-year","College of Education","lga","Eket","South South","Akwa Ibom","Eket","","","0","10","0","0","0","0","0","10","0","0"
"2019/2020","Female","disabled","NABTEB","3-5-year","College of Education","lga","Ikot Ekpene","South South","Akwa Ibom","Ikot Ekpene","","","0","12","6","0","0","0","0","8","6","0"
"2019/2020","Female","disabled","NABTEB","3-5-year","College of Education","lga","Oron","South South","Akwa Ibom","Oron","","","0","6","0","0","0","0","0","6","0","0"
"2019/2020","Female","disabled","NABTEB","3-5-year","College of Education","lga","Uyo","South South","Akwa Ibom","Uyo","","","0","8","0","0","0","0","0","8","0","0"
"2019/2020","Female","disabled","NABTEB","3-5-year","Polytechnic","lga","Abak","South South","Akwa Ibom","Abak","","","0","8","0","0","0","0","0","8","0","0"
"2019/2020","Female","disabled","NABTEB","3-5-year","Polytechnic","lga","Eket","South South","Akwa Ibom","Eket","","","0","14","3","0","0","0","0","11","3","0"
"2019/2020","Female","disabled","NABTEB","3-5-year","Polytechnic","lga","Ikot Ekpene","South South","Akwa Ibom","Ikot Ekpene","","","0","4","3","0","0","0","0","2","3","0"
"2019/2020","Female","disabled","NABTEB","3-5-year","Polytechnic","lga","Oron","South South","Akwa Ibom","Oron","","","0","8","0","0","0","0","0","8","0","0"
"2019/2020","Female","disabled","NABTEB","3-5-year","Polytechnic","lga","Uyo","South South","Akwa Ibom","Uyo","","","0","9","0","0","0","0","0","9","0","0"
"2019/2020","Female","disabled","NABTEB","3-5-year","University","lga","Abak","South South","Akwa Ibom","Abak","","","0","10","6","0","0","0","0","6","6","0"
"2019/2020","Female","disabled","NABTEB","3-5-year","University","lga","Eket","South South","Akwa Ibom","Eket","","","0","5","3","0","0","0","0","2","3","0"
"2019/2020","Female","disabled","NABTEB","3-5-year","University","lga","Ikot Ekpene","South South","Akwa Ibom","Ikot Ekpene","","","0","8","3","0","0","0","0","6","3","0"
"2019/2020","Female","disabled","NABTEB","3-5-year","University","lga","Oron","South South","Akwa Ibom","Oron","","","0","16","9","0","0","0","0","10","9","0"
"2019/2020","Female","disabled","NABTEB","3-5-year","University","lga","Uyo","South South","Akwa Ibom","Uyo","","","0","9","3","0","0","0","0","7","3","0"
"2019/2020","Female","disabled","NABTEB","5+-year","College of Education","lga","Abak","South South","Akwa Ibom","Abak","","","0","0","0","0","0","0","0","0","0","0"
"2019/2020","Female","disabled","NABTEB","5+-year","College of Education","lga","Eket","South South","Akwa Ibom","Eket","","","0","0","0","0","0","0","0","0","0","0"
"2019/2020","Female","disabled","NABTEB","5+-year","College of Education","lga","Ikot Ekpene","South South","Akwa Ibom","Ikot Ekpene","","","0","2","0","0","0","0","0","2","0","0"
"2019/2020","Female","disabled","NABTEB","5+-year","College of Education","lga","Oron","South South","Akwa Ibom","Oron","","","0","0","0","0","0","0","0","0","0","0"
"2019/2020","Female","disabled","NABTEB","5+-year","College of Education","lga","Uyo","South South","Akwa Ibom","Uyo","","","0","0","0","0","0","0","0","0","0","0"
"2019/2020","Female","disabled","NABTEB","5+-year","Polytechnic","lga","Abak","South South","Akwa Ibom","Abak","","","0","0","0","0","0","0","0","0","0","0"
"2019/2020","Female","disabled","NABTEB","5+-year","Polytechnic","lga","Eket","South South","Akwa Ibom","Eket","","","0","2","0","0","0","0","0","2","0","0"
"2019/2020","Female","disabled","NABTEB","5+-year","Polytechnic","lga","Ikot Ekpene","South South","Akwa Ibom","Ikot Ekpene","","","0","2","0","0","0","0","0","2","0","0"
"2019/2020","Female","disabled","NABTEB","5+-year","Polytechnic","lga","Oron","South South","Akwa Ibom","Oron","","","0","0","0","0","0","0","0","0","0","0"
"2019/2020","Female","disabled","NABTEB","5+-year","Polytechnic","lga","Uyo","South South","Akwa Ibom","Uyo","","","0","0","0","0","0","0","0","0","0","0"
"2019/2020","Female","disabled","NABTEB","5+-year","University","lga","Abak","South South","Akwa Ibom","Abak","","","0","5","0","0","0","0","0","5","0","0"
"2019/2020","Female","disabled","NABTEB","5+-year","University","lga","Eket","South South","Akwa Ibom","Eket","","","0","0","0","0","0","0","0","0","0","0"
"2019/2020","Female","disabled","NABTEB","5+-year","University","lga","Ikot Ekpene","South South","Akwa Ibom","Ikot Ekpene","","","0","2","0","0","0","0","0","2","0","0"
"2019/2020","Female","disabled","NABTEB","5+-year","University","lga","Oron","South South","Akwa Ibom","Oron","","","0","4","0","0","0","0","0","4","0","0"
"2019/2020","Female","disabled","NABTEB","5+-year","University","lga","Uyo","South South","Akwa Ibom","Uyo","","","0","2","0","0","0","0","0","2","0","0"
"2019/2020","Female","disabled","NECO","1-year","College of Education","lga","Abak","South South","Akwa Ibom","Abak","","","0","21","12","12","12","0","0","9","2","0"
"2019/2020","Female","disabled","NECO","1-year","College of Education","lga","Eket","South South","Akwa Ibom","Eket","","","0","26","15","13","16","0","0","11","4","0"
"2019/2020","Female","disabled","NECO","1-year","College of Education","lga","Ikot Ekpene","South South","Akwa Ibom","Ikot Ekpene","","","0","46","26","24","24","0","0","20","7","0"
"2019/2020","Female","disabled","NECO","1-year","College of Education","lga","Oron","South South","Akwa Ibom","Oron","","","0","13","10","7","8","0","0","3","3","0"
"2019/2020","Female","disabled","NECO","1-year","College of Education","lga","Uyo","South South","Akwa Ibom","Uyo","","","0","26","14","15","16","0","0","12","2","0"
"2019/2020","Female","disabled","NECO","1-year","Polytechnic","lga","Abak","South South","Akwa Ibom","Abak","","","0","26","17","14","16","0","0","9","4","0"
"2019/2020","Female","disabled","NECO","1-year","Polytechnic","lga","Eket","South South","Akwa Ibom","Eket","","","0","44","24","23","24","0","0","20","6","0"
"2019/2020","Female","disabled","NECO","1-year","Polytechnic","lga","Ikot Ekpene","South South","Akwa Ibom","Ikot Ekpene","","","0","15","8","8","8","0","0","7","1","0"
"2019/2020","Female","disabled","NECO","1-year","Polytechnic","lga","Oron","South South","Akwa Ibom","Oron","","","0","18","10","11","12","0","0","8","1","0"
"2019/2020","Female","disabled","NECO","1-year","Polytechnic","lga","Uyo","South South","Akwa Ibom","Uyo","","","0","23","11","16","16","0","0","12","1","0"
"2019/2020","Female","disabled","NECO","1-year","University","lga","Abak","South South","Akwa Ibom","Abak","","","0","48","23","20","20","0","0","25","4","0"
"2019/2020","Female","disabled","NECO","1-year","University","lga","Eket","South South","Akwa Ibom","Eket","","","0","15","9","8","8","0","0","6","3","0"
"2019/2020","Female","disabled","NECO","1-year","University","lga","Ikot Ekpene","South South","Akwa Ibom","Ikot Ekpene","","","0","31","22","15","16","0","0","9","7","0"
"2019/2020","Female","disabled","NECO","1-year","University","lga","Oron","South South","Akwa Ibom","Oron","","","0","53","32","24","28","0","0","21","10","0"
"2019/2020","Female","disabled","NECO","1-year","University","lga","Uyo","South South","Akwa Ibom","Uyo","","","0","29","18","15","16","0","0","11","4","0"
"2019/2020","Female","disabled","NECO","2-year","College of Education","lga","Abak","South South","Akwa Ibom","Abak","","","0","13","10","0","0","0","0","3","10","0"
"2019/2020","Female","disabled","NECO","2-year","College of Education","lga","Eket","South South","Akwa Ibom","Eket","","","0","16","13","0","0","0","0","3","13","0"
"2019/2020","Female","disabled","NECO","2-year","College of Education","lga","Ikot Ekpene","South South","Akwa Ibom","Ikot Ekpene","","","0","34","19","4","4","0","0","15","15","0"
"2019/2020","Female","disabled","NECO","2-year","College of Education","lga","Oron","South South","Akwa Ibom","Oron","","","0","10","6","0","0","0","0","4","6","0"
"2019/2020","Female","disabled","NECO","2-year","College of Education","lga","Uyo","South South","Akwa Ibom","Uyo","","","0","18","8","0","0","0","0","10","8","0"
"2019/2020","Female","disabled","NECO","2-year","Polytechnic","lga","Abak","South South","Akwa Ibom","Abak","","","0","18","9","0","0","0","0","9","9","0"
"2019/2020","Female","disabled","NECO","2-year","Polytechnic","lga","Eket","South South","Akwa Ibom","Eket","","","0","27","16","0","0","0","0","11","16","0"
"2019/2020","Female","disabled","NECO","2-year","Polytechnic","lga","Ikot Ekpene","South South","Akwa Ibom","Ikot Ekpene","","","0","8","8","0","0","0","0","0","8","0"
"2019/2020","Female","disabled","NECO","2-year","Polytechnic","lga","Oron","South South","Akwa Ibom","Oron","","","0","13","10","0","0","0","0","3","10","0"
"2019/2020","Female","disabled","NECO","2-year","Polytechnic","lga","Uyo","South South","Akwa Ibom","Uyo","","","0","14","8","0","0","0","0","6","8","0"
"2019/2020","Female","disabled","NECO","2-year","University","lga","Abak","South South","Akwa Ibom","Abak","","","0","26","15","0","0","0","0","11","15","0"
"2019/2020","Female","disabled","NECO","2-year","University","lga","Eket","South South","Akwa Ibom","Eket","","","0","11","8","0","0","0","0","3","8","0"
"2019/2020","Female","disabled","NECO","2-year","University","lga","Ikot Ekpene","South South","Akwa Ibom","Ikot Ekpene","","","0","21","11","0","0","0","0","10","11","0"
"2019/2020","Female","disabled","NECO","2-year","University","lga","Oron","South South","Akwa Ibom","Oron","","","0","33","22","0","0","0","0","11","22","0"
"2019/2020","Female","disabled","NECO","2-year","University","lga","Uyo","South South","Akwa Ibom","Uyo","","","0","18","12","0","0","0","0","6","12","0"
"2019/2020","Female","disabled","NECO","3-5-year","College of Education","lga","Abak","South South","Akwa Ibom","Abak","","","0","9","5","0","0","0","0","4","5","0"
"2019/2020","Female","disabled","NECO","3-5-year","College of Education","lga","Eket","South South","Akwa Ibom","Eket","","","0","12","11","0","0","0","0","1","11","0"
"2019/2020","Female","disabled","NECO","3-5-year","College of Education","lga","Ikot Ekpene","South South","Akwa Ibom","Ikot Ekpene","","","0","22","14","0","0","0","0","8","14","0"
"2019/2020","Female","disabled","NECO","3-5-year","College of Education","lga","Oron","South South","Akwa Ibom","Oron","","","0","6","5","0","0","0","0","1","5","0"
"2019/2020","Female","disabled","NECO","3-5-year","College of Education","lga","Uyo","South South","Akwa Ibom","Uyo","","","0","12","9","0","0","0","0","3","9","0"
"2019/2020","Female","disabled","NECO","3-5-year","Polytechnic","lga","Abak","South South","Akwa Ibom","Abak","","","0","12","9","0","0","0","0","3","9","0"
"2019/2020","Female","disabled","NECO","3-5-year","Polytechnic","lga","Eket","South South","Akwa Ibom","Eket","","","0","20","15","0","0","0","0","5","15","0"
"2019/2020","Female","disabled","NECO","3-5-year","Polytechnic","lga","Ikot Ekpene","South South","Akwa Ibom","Ikot Ekpene","","","0","8","5","0","0","0","0","3","5","0"
"2019/2020","Female","disabled","NECO","3-5-year","Polytechnic","lga","Oron","South South","Akwa Ibom","Oron","","","0","9","8","0","0","0","0","1","8","0"
"2019/2020","Female","disabled","NECO","3-5-year","Polytechnic","lga","Uyo","South South","Akwa Ibom","Uyo","","","0","14","8","0","0","0","0","6","8","0"
"2019/2020","Female","disabled","NECO","3-5-year","University","lga","Abak","South South","Akwa Ibom","Abak","","","0","17","9","0","0","0","0","8","9","0"
"2019/2020","Female","disabled","NECO","3-5-year","University","lga","Eket","South South","Akwa Ibom","Eket","","","0","6","6","0","0","0","0","0","6","0"
"2019/2020","Female","disabled","NECO","3-5-year","University","lga","Ikot Ekpene","South South","Akwa Ibom","Ikot Ekpene","","","0","14","9","0","0","0","0","5","9","0"
"2019/2020","Female","disabled","NECO","3-5-year","University","lga","Oron","South South","Akwa Ibom","Oron","","","0","23","21","0","0","0","0","2","21","0"
"2019/2020","Female","disabled","NECO","3-5-year","University","lga","Uyo","South South","Akwa Ibom","Uyo","","","0","12","8","0","0","0","0","4","8","0"
"2019/2020","Female","disabled","NECO","5+-year","College of Education","lga","Abak","South South","Akwa Ibom","Abak","","","0","3","0","0","0","0","0","3","0","0"
"2019/2020","Female","disabled","NECO","5+-year","College of Education","lga","Eket","South South","Akwa Ibom","Eket","","","0","6","3","0","0","0","0","3","3","0"
"2019/2020","Female","disabled","NECO","5+-year","College of Education","lga","Ikot Ekpene","South South","Akwa Ibom","Ikot Ekpene","","","0","6","5","0","0","0","0","1","5","0"
"2019/2020","Female","disabled","NECO","5+-year","College of Education","lga","Oron","South South","Akwa Ibom","Oron","","","0","3","0","0","0","0","0","3","0","0"
"2019/2020","Female","disabled","NECO","5+-year","College of Education","lga","Uyo","South South","Akwa Ibom","Uyo","","","0","6","0","0","0","0","0","6","0","0"
"2019/2020","Female","disabled","NECO","5+-year","Polytechnic","lga","Abak","South South","Akwa Ibom","Abak","","","0","3","0","0","0","0","0","3","0","0"
"2019/2020","Female","disabled","NECO","5+-year","Polytechnic","lga","Eket","South South","Akwa Ibom","Eket","","","0","6","6","0","0","0","0","0","6","0"
"2019/2020","Female","disabled","NECO","5+-year","Polytechnic","lga","Ikot Ekpene","South South","Akwa Ibom","Ikot Ekpene","","","0","3","2","0","0","0","0","1","2","0"
"2019/2020","Female","disabled","NECO","5+-year","Polytechnic","lga","Oron","South South","Akwa Ibom","Oron","","","0","6","0","0","0","0","0","6","0","0"
"2019/2020","Female","disabled","NECO","5+-year","Polytechnic","lga","Uyo","South South","Akwa Ibom","Uyo","","","0","9","3","0","0","0","0","6","3","0"
"2019/2020","Female","disabled","NECO","5+-year","University","lga","Abak","South South","Akwa Ibom","Abak","","","0","12","9","0","0","0","0","3","9","0"
"2019/2020","Female","disabled","NECO","5+-year","University","lga","Eket","South South","Akwa Ibom","Eket","","","0","3","0","0","0","0","0","3","0","0"
"2019/2020","Female","disabled","NECO","5+-year","University","lga","Ikot Ekpene","South South","Akwa Ibom","Ikot Ekpene","","","0","9","3","0","0","0","0","6","3","0"
"2019/2020","Female","disabled","NECO","5+-year","University","lga","Oron","South South","Akwa Ibom","Oron","","","0","15","12","0","0","0","0","3","12","0"
"2019/2020","Female","disabled","NECO","5+-year","University","lga","Uyo","South South","Akwa Ibom","Uyo","","","0","9","0","0","0","0","0","9","0","0"
"2019/2020","Female","disabled","WAEC","1-year","College of Education","lga","Abak","South South","Akwa Ibom","Abak","","","0","26","12","9","9","0","0","14","3","0"
"2019/2020","Female","disabled","WAEC","1-year","College of Education","lga","Eket","South South","Akwa Ibom","Eket","","","0","36","23","12","12","0","0","13","12","0"
"2019/2020","Female","disabled","WAEC","1-year","College of Education","lga","Ikot Ekpene","South South","Akwa Ibom","Ikot Ekpene","","","0","53","32","18","18","0","0","21","15","0"
"2019/2020","Female","disabled","WAEC","1-year","College of Education","lga","Oron","South South","Akwa Ibom","Oron","","","0","20","14","6","6","0","0","6","8","0"
"2019/2020","Female","disabled","WAEC","1-year","College of Education","lga","Uyo","South South","Akwa Ibom","Uyo","","","0","36","17","12","12","0","0","19","5","0"
"2019/2020","Female","disabled","WAEC","1-year","Polytechnic","lga","Abak","South South","Akwa Ibom","Abak","","","0","31","15","12","12","0","0","16","4","0"
"2019/2020","Female","disabled","WAEC","1-year","Polytechnic","lga","Eket","South South","Akwa Ibom","Eket","","","0","55","34","18","18","0","0","21","18","0"
"2019/2020","Female","disabled","WAEC","1-year","Polytechnic","lga","Ikot Ekpene","South South","Akwa Ibom","Ikot Ekpene","","","0","18","13","6","6","0","0","5","7","0"
"2019/2020","Female","disabled","WAEC","1-year","Polytechnic","lga","Oron","South South","Akwa Ibom","Oron","","","0","26","16","9","9","0","0","10","7","0"
"2019/2020","Female","disabled","WAEC","1-year","Polytechnic","lga","Uyo","South South","Akwa Ibom","Uyo","","","0","31","20","12","12","0","0","11","9","0"
"2019/2020","Female","disabled","WAEC","1-year","University","lga","Abak","South South","Akwa Ibom","Abak","","","0","56","38","15","15","0","0","18","24","0"
"2019/2020","Female","disabled","WAEC","1-year","University","lga","Eket","South South","Akwa Ibom","Eket","","","0","20","14","6","6","0","0","6","8","0"
"2019/2020","Female","disabled","WAEC","1-year","University","lga","Ikot Ekpene","South South","Akwa Ibom","Ikot Ekpene","","","0","41","27","12","12","0","0","14","15","0"
"2019/2020","Female","disabled","WAEC","1-year","University","lga","Oron","South South","Akwa Ibom","Oron","","","0","72","48","21","21","0","0","24","28","0"
"2019/2020","Female","disabled","WAEC","1-year","University","lga","Uyo","South South","Akwa Ibom","Uyo","","","0","38","28","12","12","0","0","10","16","0"
"2019/2020","Female","disabled","WAEC","2-year","College of Education","lga","Abak","South South","Akwa Ibom","Abak","","","0","15","8","0","0","0","0","7","8","0"
"2019/2020","Female","disabled","WAEC","2-year","College of Education","lga","Eket","South South","Akwa Ibom","Eket","","","0","20","12","3","3","0","0","8","9","0"
"2019/2020","Female","disabled","WAEC","2-year","College of Education","lga","Ikot Ekpene","South South","Akwa Ibom","Ikot Ekpene","","","0","37","18","6","6","0","0","19","12","0"
"2019/2020","Female","disabled","WAEC","2-year","College of Education","lga","Oron","South South","Akwa Ibom","Oron","","","0","13","8","0","0","0","0","5","8","0"
"2019/2020","Female","disabled","WAEC","2-year","College of Education","lga","Uyo","South South","Akwa Ibom","Uyo","","","0","17","8","0","0","0","0","9","8","0"
"2019/2020","Female","disabled","WAEC","2-year","Polytechnic","lga","Abak","South South","Akwa Ibom","Abak","","","0","18","10","0","0","0","0","8","10","0"
"2019/2020","Female","disabled","WAEC","2-year","Polytechnic","lga","Eket","South South","Akwa Ibom","Eket","","","0","26","21","3","3","0","0","5","18","0"
"2019/2020","Female","disabled","WAEC","2-year","Polytechnic","lga","Ikot Ekpene","South South","Akwa Ibom","Ikot Ekpene","","","0","12","6","3","3","0","0","6","3","0"
"2019/2020","Female","disabled","WAEC","2-year","Polytechnic","lga","Oron","South South","Akwa Ibom","Oron","","","0","15","8","0","0","0","0","7","8","0"
"2019/2020","Female","disabled","WAEC","2-year","Polytechnic","lga","Uyo","South South","Akwa Ibom","Uyo","","","0","21","13","3","3","0","0","8","10","0"
"2019/2020","Female","disabled","WAEC","2-year","University","lga","Abak","South South","Akwa Ibom","Abak","","","0","40","21","12","12","0","0","19","9","0"
"2019/2020","Female","disabled","WAEC","2-year","University","lga","Eket","South South","Akwa Ibom","Eket","","","0","12","9","3","3","0","0","3","6","0"
"2019/2020","Female","disabled","WAEC","2-year","University","lga","Ikot Ekpene","South South","Akwa Ibom","Ikot Ekpene","","","0","25","13","3","3","0","0","12","10","0"
"2019/2020","Female","disabled","WAEC","2-year","University","lga","Oron","South South","Akwa Ibom","Oron","","","0","47","27","9","9","0","0","20","18","0"
"2019/2020","Female","disabled","WAEC","2-year","University","lga","Uyo","South South","Akwa Ibom","Uyo","","","0","27","15","3","3","0","0","12","12","0"
"2019/2020","Female","disabled","WAEC","3-5-year","College of Education","lga","Abak","South South","Akwa Ibom","Abak","","","0","10","6","0","0","0","0","4","6","0"
"2019/2020","Female","disabled","WAEC","3-5-year","College of Education","lga","Eket","South South","Akwa Ibom","Eket","","","0","15","8","0","0","0","0","7","8","0"
"2019/2020","Female","disabled","WAEC","3-5-year","College of Education","lga","Ikot Ekpene","South South","Akwa Ibom","Ikot Ekpene","","","0","21","16","0","0","0","0","5","16","0"
"2019/2020","Female","disabled","WAEC","3-5-year","College of Education","lga","Oron","South South","Akwa Ibom","Oron","","","0","8","4","0","0","0","0","4","4","0"
"2019/2020","Female","disabled","WAEC","3-5-year","College of Education","lga","Uyo","South South","Akwa Ibom","Uyo","","","0","9","8","0","0","0","0","1","8","0"
"2019/2020","Female","disabled","WAEC","3-5-year","Polytechnic","lga","Abak","South South","Akwa Ibom","Abak","","","0","13","8","0","0","0","0","5","8","0"
"2019/2020","Female","disabled","WAEC","3-5-year","Polytechnic","lga","Eket","South South","Akwa Ibom","Eket","","","0","26","17","0","0","0","0","9","17","0"
"2019/2020","Female","disabled","WAEC","3-5-year","Polytechnic","lga","Ikot Ekpene","South South","Akwa Ibom","Ikot Ekpene","","","0","7","4","0","0","0","0","3","4","0"
"2019/2020","Female","disabled","WAEC","3-5-year","Polytechnic","lga","Oron","South South","Akwa Ibom","Oron","","","0","8","6","0","0","0","0","2","6","0"
"2019/2020","Female","disabled","WAEC","3-5-year","Polytechnic","lga","Uyo","South South","Akwa Ibom","Uyo","","","0","15","8","0","0","0","0","7","8","0"
"2019/2020","Female","disabled","WAEC","3-5-year","University","lga","Abak","South South","Akwa Ibom","Abak","","","0","25","13","0","0","0","0","12","13","0"
"2019/2020","Female","disabled","WAEC","3-5-year","University","lga","Eket","South South","Akwa Ibom","Eket","","","0","7","4","0","0","0","0","3","4","0"
"2019/2020","Female","disabled","WAEC","3-5-year","University","lga","Ikot Ekpene","South South","Akwa Ibom","Ikot Ekpene","","","0","17","8","0","0","0","0","9","8","0"
"2019/2020","Female","disabled","WAEC","3-5-year","University","lga","Oron","South South","Akwa Ibom","Oron","","","0","28","17","0","0","0","0","11","17","0"
"2019/2020","Female","disabled","WAEC","3-5-year","University","lga","Uyo","South South","Akwa Ibom","Uyo","","","0","15","8","0","0","0","0","7","8","0"
"2019/2020","Female","disabled","WAEC","5+-year","College of Education","lga","Abak","South South","Akwa Ibom","Abak","","","0","2","2","0","0","0","0","0","2","0"
"2019/2020","Female","disabled","WAEC","5+-year","College of Education","lga","Eket","South South","Akwa Ibom","Eket","","","0","6","4","0","0","0","0","2","4","0"
"2019/2020","Female","disabled","WAEC","5+-year","College of Education","lga","Ikot Ekpene","South South","Akwa Ibom","Ikot Ekpene","","","0","10","6","0","0","0","0","4","6","0"
"2019/2020","Female","disabled","WAEC","5+-year","College of Education","lga","Oron","South South","Akwa Ibom","Oron","","","0","5","2","0","0","0","0","3","2","0"
"2019/2020","Female","disabled","WAEC","5+-year","College of Education","lga","Uyo","South South","Akwa Ibom","Uyo","","","0","9","6","0","0","0","0","3","6","0"
"2019/2020","Female","disabled","WAEC","5+-year","Polytechnic","lga","Abak","South South","Akwa Ibom","Abak","","","0","10","6","0","0","0","0","4","6","0"
"2019/2020","Female","disabled","WAEC","5+-year","Polytechnic","lga","Eket","South South","Akwa Ibom","Eket","","","0","14","2","0","0","0","0","12","2","0"
"2019/2020","Female","disabled","WAEC","5+-year","Polytechnic","lga","Ikot Ekpene","South South","Akwa Ibom","Ikot Ekpene","","","0","5","2","0","0","0","0","3","2","0"
"2019/2020","Female","disabled","WAEC","5+-year","Polytechnic","lga","Oron","South South","Akwa Ibom","Oron","","","0","8","4","0","0","0","0","4","4","0"
"2019/2020","Female","disabled","WAEC","5+-year","Polytechnic","lga","Uyo","South South","Akwa Ibom","Uyo","","","0","7","4","0","0","0","0","3","4","0"
"2019/2020","Female","disabled","WAEC","5+-year","University","lga","Abak","South South","Akwa Ibom","Abak","","","0","12","8","0","0","0","0","4","8","0"
"2019/2020","Female","disabled","WAEC","5+-year","University","lga","Eket","South South","Akwa Ibom","Eket","","","0","4","2","0","0","0","0","2","2","0"
"2019/2020","Female","disabled","WAEC","5+-year","University","lga","Ikot Ekpene","South South","Akwa Ibom","Ikot Ekpene","","","0","12","8","0","0","0","0","4","8","0"
"2019/2020","Female","disabled","WAEC","5+-year","University","lga","Oron","South South","Akwa Ibom","Oron","","","0","16","8","0","0","0","0","8","8","0"
"2019/2020","Female","disabled","WAEC","5+-year","University","lga","Uyo","South South","Akwa Ibom","Uyo","","","0","8","4","0","0","0","0","4","4","0"
"2019/2020","Male","all","NABTEB","1-year","College of Education","lga","Abak","South South","Akwa Ibom","Abak","","","0","116","72","23","17","6","0","44","49","6"
"2019/2020","Male","all","NABTEB","1-year","College of Education","lga","Eket","South South","Akwa Ibom","Eket","","","0","150","98","35","31","5","0","52","63","5"
"2019/2020","Male","all","NABTEB","1-year","College of Education","lga","Ikot Ekpene","South South","Akwa Ibom","Ikot Ekpene","","","0","230","153","46","49","2","0","77","107","2"
"2019/2020","Male","all","NABTEB","1-year","College of Education","lga","Oron","South South","Akwa Ibom","Oron","","","0","82","54","15","13","2","0","28","39","2"
"2019/2020","Male","all","NABTEB","1-year","College of Education","lga","Uyo","South South","Akwa Ibom","Uyo","","","0","130","81","28","21","8","0","49","53","8"
"2019/2020","Male","all","NABTEB","1-year","Polytechnic","lga","Abak","South South","Akwa Ibom","Abak","","","0","124","76","28","21","8","0","48","48","8"
"2019/2020","Male","all","NABTEB","1-year","Polytechnic","lga","Eket","South South","Akwa Ibom","Eket","","","0","198","126","38","38","2","0","72","88","2"
"2019/2020","Male","all","NABTEB","1-year","Polytechnic","lga","Ikot Ekpene","South South","Akwa Ibom","Ikot Ekpene","","","0","79","54","15","13","2","0","25","39","2"
"2019/2020","Male","all","NABTEB","1-year","Polytechnic","lga","Oron","South South","Akwa Ibom","Oron","","","0","116","73","24","22","4","0","43","49","4"
"2019/2020","Male","all","NABTEB","1-year","Polytechnic","lga","Uyo","South South","Akwa Ibom","Uyo","","","0","129","82","24","26","0","0","47","58","0"
"2019/2020","Male","all","NABTEB","1-year","University","lga","Abak","South South","Akwa Ibom","Abak","","","0","243","156","47","49","3","0","87","109","3"
"2019/2020","Male","all","NABTEB","1-year","University","lga","Eket","South South","Akwa Ibom","Eket","","","0","63","40","12","13","0","0","23","28","0"
"2019/2020","Male","all","NABTEB","1-year","University","lga","Ikot Ekpene","South South","Akwa Ibom","Ikot Ekpene","","","0","176","118","38","35","6","0","58","80","6"
"2019/2020","Male","all","NABTEB","1-year","University","lga","Oron","South South","Akwa Ibom","Oron","","","0","275","177","54","52","6","0","98","123","6"
"2019/2020","Male","all","NABTEB","1-year","University","lga","Uyo","South South","Akwa Ibom","Uyo","","","0","147","92","31","27","5","0","55","61","5"
"2019/2020","Male","all","NABTEB","2-year","College of Education","lga","Abak","South South","Akwa Ibom","Abak","","","0","76","49","16","13","3","0","27","33","3"
"2019/2020","Male","all","NABTEB","2-year","College of Education","lga","Eket","South South","Akwa Ibom","Eket","","","0","94","64","28","16","12","0","30","36","12"
"2019/2020","Male","all","NABTEB","2-year","College of Education","lga","Ikot Ekpene","South South","Akwa Ibom","Ikot Ekpene","","","0","151","100","36","36","4","0","51","64","4"
"2019/2020","Male","all","NABTEB","2-year","College of Education","lga","Oron","South South","Akwa Ibom","Oron","","","0","53","35","12","13","0","0","18","23","0"
"2019/2020","Male","all","NABTEB","2-year","College of Education","lga","Uyo","South South","Akwa Ibom","Uyo","","","0","87","53","16","17","0","0","34","37","0"
"2019/2020","Male","all","NABTEB","2-year","Polytechnic","lga","Abak","South South","Akwa Ibom","Abak","","","0","75","46","16","16","0","0","29","30","0"
"2019/2020","Male","all","NABTEB","2-year","Polytechnic","lga","Eket","South South","Akwa Ibom","Eket","","","0","124","83","32","29","4","0","41","51","4"
"2019/2020","Male","all","NABTEB","2-year","Polytechnic","lga","Ikot Ekpene","South South","Akwa Ibom","Ikot Ekpene","","","0","48","35","12","13","0","0","13","23","0"
"2019/2020","Male","all","NABTEB","2-year","Polytechnic","lga","Oron","South South","Akwa Ibom","Oron","","","0","70","42","12","12","0","0","28","30","0"
"2019/2020","Male","all","NABTEB","2-year","Polytechnic","lga","Uyo","South South","Akwa Ibom","Uyo","","","0","87","56","16","17","0","0","31","40","0"
"2019/2020","Male","all","NABTEB","2-year","University","lga","Abak","South South","Akwa Ibom","Abak","","","0","157","101","31","26","6","0","56","70","6"
"2019/2020","Male","all","NABTEB","2-year","University","lga","Eket","South South","Akwa Ibom","Eket","","","0","38","24","8","8","0","0","14","16","0"
"2019/2020","Male","all","NABTEB","2-year","University","lga","Ikot Ekpene","South South","Akwa Ibom","Ikot Ekpene","","","0","111","72","24","22","3","0","39","48","3"
"2019/2020","Male","all","NABTEB","2-year","University","lga","Oron","South South","Akwa Ibom","Oron","","","0","177","115","40","33","8","0","62","75","8"
"2019/2020","Male","all","NABTEB","2-year","University","lga","Uyo","South South","Akwa Ibom","Uyo","","","0","97","59","20","17","4","0","38","39","4"
"2019/2020","Male","all","NABTEB","3-5-year","College of Education","lga","Abak","South South","Akwa Ibom","Abak","","","0","44","30","12","13","0","0","14","18","0"
"2019/2020","Male","all","NABTEB","3-5-year","College of Education","lga","Eket","South South","Akwa Ibom","Eket","","","0","60","43","16","16","0","0","17","27","0"
"2019/2020","Male","all","NABTEB","3-5-year","College of Education","lga","Ikot Ekpene","South South","Akwa Ibom","Ikot Ekpene","","","0","90","55","16","18","0","0","35","39","0"
"2019/2020","Male","all","NABTEB","3-5-year","College of Education","lga","Oron","South South","Akwa Ibom","Oron","","","0","39","24","8","4","4","0","15","16","4"
"2019/2020","Male","all","NABTEB","3-5-year","College of Education","lga","Uyo","South South","Akwa Ibom","Uyo","","","0","59","41","16","17","0","0","18","25","0"
"2019/2020","Male","all","NABTEB","3-5-year","Polytechnic","lga","Abak","South South","Akwa Ibom","Abak","","","0","55","35","16","12","4","0","20","19","4"
"2019/2020","Male","all","NABTEB","3-5-year","Polytechnic","lga","Eket","South South","Akwa Ibom","Eket","","","0","85","49","24","20","4","0","36","25","4"
"2019/2020","Male","all","NABTEB","3-5-year","Polytechnic","lga","Ikot Ekpene","South South","Akwa Ibom","Ikot Ekpene","","","0","32","21","8","8","0","0","11","13","0"
"2019/2020","Male","all","NABTEB","3-5-year","Polytechnic","lga","Oron","South South","Akwa Ibom","Oron","","","0","40","30","12","12","0","0","10","18","0"
"2019/2020","Male","all","NABTEB","3-5-year","Polytechnic","lga","Uyo","South South","Akwa Ibom","Uyo","","","0","53","35","16","17","0","0","18","19","0"
"2019/2020","Male","all","NABTEB","3-5-year","University","lga","Abak","South South","Akwa Ibom","Abak","","","0","93","59","20","16","4","0","34","39","4"
"2019/2020","Male","all","NABTEB","3-5-year","University","lga","Eket","South South","Akwa Ibom","Eket","","","0","24","16","8","8","0","0","8","8","0"
"2019/2020","Male","all","NABTEB","3-5-year","University","lga","Ikot Ekpene","South South","Akwa Ibom","Ikot Ekpene","","","0","72","48","16","17","0","0","24","32","0"
"2019/2020","Male","all","NABTEB","3-5-year","University","lga","Oron","South South","Akwa Ibom","Oron","","","0","107","67","28","24","4","0","40","39","4"
"2019/2020","Male","all","NABTEB","3-5-year","University","lga","Uyo","South South","Akwa Ibom","Uyo","","","0","58","38","16","13","4","0","20","22","4"
"2019/2020","Male","all","NABTEB","5+-year","College of Education","lga","Abak","South South","Akwa Ibom","Abak","","","0","29","16","0","0","0","0","13","16","0"
"2019/2020","Male","all","NABTEB","5+-year","College of Education","lga","Eket","South South","Akwa Ibom","Eket","","","0","32","19","0","0","0","0","13","19","0"
"2019/2020","Male","all","NABTEB","5+-year","College of Education","lga","Ikot Ekpene","South South","Akwa Ibom","Ikot Ekpene","","","0","47","30","8","0","8","0","17","22","8"
"2019/2020","Male","all","NABTEB","5+-year","College of Education","lga","Oron","South South","Akwa Ibom","Oron","","","0","22","13","4","4","0","0","9","9","0"
"2019/2020","Male","all","NABTEB","5+-year","College of Education","lga","Uyo","South South","Akwa Ibom","Uyo","","","0","39","20","4","0","4","0","19","16","4"
"2019/2020","Male","all","NABTEB","5+-year","Polytechnic","lga","Abak","South South","Akwa Ibom","Abak","","","0","31","20","0","0","0","0","11","20","0"
"2019/2020","Male","all","NABTEB","5+-year","Polytechnic","lga","Eket","South South","Akwa Ibom","Eket","","","0","57","32","8","8","0","0","25","24","0"
"2019/2020","Male","all","NABTEB","5+-year","Polytechnic","lga","Ikot Ekpene","South South","Akwa Ibom","Ikot Ekpene","","","0","21","14","4","4","0","0","7","10","0"
"2019/2020","Male","all","NABTEB","5+-year","Polytechnic","lga","Oron","South South","Akwa Ibom","Oron","","","0","24","15","4","0","4","0","9","11","4"
"2019/2020","Male","all","NABTEB","5+-year","Polytechnic","lga","Uyo","South South","Akwa Ibom","Uyo","","","0","29","18","8","0","8","0","11","10","8"
"2019/2020","Male","all","NABTEB","5+-year","University","lga","Abak","South South","Akwa Ibom","Abak","","","0","53","34","8","0","8","0","19","26","8"
"2019/2020","Male","all","NABTEB","5+-year","University","lga","Eket","South South","Akwa Ibom","Eket","","","0","17","10","4","0","4","0","7","6","4"
"2019/2020","Male","all","NABTEB","5+-year","University","lga","Ikot Ekpene","South South","Akwa Ibom","Ikot Ekpene","","","0","40","26","8","4","4","0","14","18","4"
"2019/2020","Male","all","NABTEB","5+-year","University","lga","Oron","South South","Akwa Ibom","Oron","","","0","68","42","12","8","4","0","26","30","4"
"2019/2020","Male","all","NABTEB","5+-year","University","lga","Uyo","South South","Akwa Ibom","Uyo","","","0","31","20","4","0","4","0","11","16","4"
"2019/2020","Male","all","NECO","1-year","College of Education","lga","Abak","South South","Akwa Ibom","Abak","","","0","241","153","46","41","5","0","88","107","5"
"2019/2020","Male","all","NECO","1-year","College of Education","lga","Eket","South South","Akwa Ibom","Eket","","","0","286","186","64","56","9","0","100","122","9"
"2019/2020","Male","all","NECO","1-year","College of Education","lga","Ikot Ekpene","South South","Akwa Ibom","Ikot Ekpene","","","0","402","267","89","78","13","0","135","178","13"
"2019/2020","Male","all","NECO","1-year","College of Education","lga","Oron","South South","Akwa Ibom","Oron","","","0","158","99","35","26","9","0","59","64","9"
"2019/2020","Male","all","NECO","1-year","College of Education","lga","Uyo","South South","Akwa Ibom","Uyo","","","0","280","180","57","48","10","0","100","123","10"
"2019/2020","Male","all","NECO","1-year","Polytechnic","lga","Abak","South South","Akwa Ibom","Abak","","","0","261","167","53","44","9","0","94","114","9"
"2019/2020","Male","all","NECO","1-year","Polytechnic","lga","Eket","South South","Akwa Ibom","Eket","","","0","421","275","94","77","17","0","146","181","17"
"2019/2020","Male","all","NECO","1-year","Polytechnic","lga","Ikot Ekpene","South South","Akwa Ibom","Ikot Ekpene","","","0","148","96","32","31","2","0","52","64","2"
"2019/2020","Male","all","NECO","1-year","Polytechnic","lga","Oron","South South","Akwa Ibom","Oron","","","0","214","137","46","45","3","0","77","91","3"
"2019/2020","Male","all","NECO","1-year","Polytechnic","lga","Uyo","South South","Akwa Ibom","Uyo","","","0","234","155","53","48","6","0","79","102","6"
"2019/2020","Male","all","NECO","1-year","University","lga","Abak","South South","Akwa Ibom","Abak","","","0","448","283","88","75","13","0","165","195","13"
"2019/2020","Male","all","NECO","1-year","University","lga","Eket","South South","Akwa Ibom","Eket","","","0","137","91","29","26","3","0","46","62","3"
"2019/2020","Male","all","NECO","1-year","University","lga","Ikot Ekpene","South South","Akwa Ibom","Ikot Ekpene","","","0","338","221","78","64","14","0","117","143","14"
"2019/2020","Male","all","NECO","1-year","University","lga","Oron","South South","Akwa Ibom","Oron","","","0","544","351","113","110","8","0","193","238","8"
"2019/2020","Male","all","NECO","1-year","University","lga","Uyo","South South","Akwa Ibom","Uyo","","","0","264","168","53","45","9","0","96","115","9"
"2019/2020","Male","all","NECO","2-year","College of Education","lga","Abak","South South","Akwa Ibom","Abak","","","0","147","96","32","26","6","0","51","64","6"
"2019/2020","Male","all","NECO","2-year","College of Education","lga","Eket","South South","Akwa Ibom","Eket","","","0","174","114","39","38","3","0","60","75","3"
"2019/2020","Male","all","NECO","2-year","College of Education","lga","Ikot Ekpene","South South","Akwa Ibom","Ikot Ekpene","","","0","261","174","57","51","6","0","87","117","6"
"2019/2020","Male","all","NECO","2-year","College of Education","lga","Oron","South South","Akwa Ibom","Oron","","","0","100","62","18","19","0","0","38","44","0"
"2019/2020","Male","all","NECO","2-year","College of Education","lga","Uyo","South South","Akwa Ibom","Uyo","","","0","166","109","36","29","7","0","57","73","7"
"2019/2020","Male","all","NECO","2-year","Polytechnic","lga","Abak","South South","Akwa Ibom","Abak","","","0","166","109","32","30","4","0","57","77","4"
"2019/2020","Male","all","NECO","2-year","Polytechnic","lga","Eket","South South","Akwa Ibom","Eket","","","0","245","163","50","42","9","0","82","113","9"
"2019/2020","Male","all","NECO","2-year","Polytechnic","lga","Ikot Ekpene","South South","Akwa Ibom","Ikot Ekpene","","","0","100","64","21","23","0","0","36","43","0"
"2019/2020","Male","all","NECO","2-year","Polytechnic","lga","Oron","South South","Akwa Ibom","Oron","","","0","135","89","33","24","9","0","46","56","9"
"2019/2020","Male","all","NECO","2-year","Polytechnic","lga","Uyo","South South","Akwa Ibom","Uyo","","","0","145","100","33","31","3","0","45","67","3"
"2019/2020","Male","all","NECO","2-year","University","lga","Abak","South South","Akwa Ibom","Abak","","","0","291","182","53","48","6","0","109","129","6"
"2019/2020","Male","all","NECO","2-year","University","lga","Eket","South South","Akwa Ibom","Eket","","","0","84","57","18","15","3","0","27","39","3"
"2019/2020","Male","all","NECO","2-year","University","lga","Ikot Ekpene","South South","Akwa Ibom","Ikot Ekpene","","","0","211","138","42","40","3","0","73","96","3"
"2019/2020","Male","all","NECO","2-year","University","lga","Oron","South South","Akwa Ibom","Oron","","","0","327","212","71","62","12","0","115","141","12"
"2019/2020","Male","all","NECO","2-year","University","lga","Uyo","South South","Akwa Ibom","Uyo","","","0","167","107","32","31","4","0","60","75","4"
"2019/2020","Male","all","NECO","3-5-year","College of Education","lga","Abak","South South","Akwa Ibom","Abak","","","0","102","65","22","18","4","0","37","43","4"
"2019/2020","Male","all","NECO","3-5-year","College of Education","lga","Eket","South South","Akwa Ibom","Eket","","","0","116","74","24","24","3","0","42","50","3"
"2019/2020","Male","all","NECO","3-5-year","College of Education","lga","Ikot Ekpene","South South","Akwa Ibom","Ikot Ekpene","","","0","166","112","37","34","4","0","54","75","4"
"2019/2020","Male","all","NECO","3-5-year","College of Education","lga","Oron","South South","Akwa Ibom","Oron","","","0","58","37","11","12","0","0","21","26","0"
"2019/2020","Male","all","NECO","3-5-year","College of Education","lga","Uyo","South South","Akwa Ibom","Uyo","","","0","110","69","25","24","3","0","41","44","3"
"2019/2020","Male","all","NECO","3-5-year","Polytechnic","lga","Abak","South South","Akwa Ibom","Abak","","","0","95","62","18","19","0","0","33","44","0"
"2019/2020","Male","all","NECO","3-5-year","Polytechnic","lga","Eket","South South","Akwa Ibom","Eket","","","0","161","106","34","35","0","0","55","72","0"
"2019/2020","Male","all","NECO","3-5-year","Polytechnic","lga","Ikot Ekpene","South South","Akwa Ibom","Ikot Ekpene","","","0","61","40","15","12","3","0","21","25","3"
"2019/2020","Male","all","NECO","3-5-year","Polytechnic","lga","Oron","South South","Akwa Ibom","Oron","","","0","79","52","18","16","3","0","27","34","3"
"2019/2020","Male","all","NECO","3-5-year","Polytechnic","lga","Uyo","South South","Akwa Ibom","Uyo","","","0","95","62","25","20","6","0","33","37","6"
"2019/2020","Male","all","NECO","3-5-year","University","lga","Abak","South South","Akwa Ibom","Abak","","","0","161","101","29","28","3","0","60","72","3"
"2019/2020","Male","all","NECO","3-5-year","University","lga","Eket","South South","Akwa Ibom","Eket","","","0","55","34","11","8","3","0","21","23","3"
"2019/2020","Male","all","NECO","3-5-year","University","lga","Ikot Ekpene","South South","Akwa Ibom","Ikot Ekpene","","","0","131","87","24","24","3","0","44","63","3"
"2019/2020","Male","all","NECO","3-5-year","University","lga","Oron","South South","Akwa Ibom","Oron","","","0","200","135","43","44","3","0","65","92","3"
"2019/2020","Male","all","NECO","3-5-year","University","lga","Uyo","South South","Akwa Ibom","Uyo","","","0","103","64","19","16","3","0","39","45","3"
"2019/2020","Male","all","NECO","5+-year","College of Education","lga","Abak","South South","Akwa Ibom","Abak","","","0","45","32","11","11","0","0","13","21","0"
"2019/2020","Male","all","NECO","5+-year","College of Education","lga","Eket","South South","Akwa Ibom","Eket","","","0","62","44","13","12","3","0","18","31","3"
"2019/2020","Male","all","NECO","5+-year","College of Education","lga","Ikot Ekpene","South South","Akwa Ibom","Ikot Ekpene","","","0","86","56","20","16","4","0","30","36","4"
"2019/2020","Male","all","NECO","5+-year","College of Education","lga","Oron","South South","Akwa Ibom","Oron","","","0","34","25","7","8","0","0","9","18","0"
"2019/2020","Male","all","NECO","5+-year","College of Education","lga","Uyo","South South","Akwa Ibom","Uyo","","","0","56","37","11","12","0","0","19","26","0"
"2019/2020","Male","all","NECO","5+-year","Polytechnic","lga","Abak","South South","Akwa Ibom","Abak","","","0","63","41","14","12","3","0","22","27","3"
"2019/2020","Male","all","NECO","5+-year","Polytechnic","lga","Eket","South South","Akwa Ibom","Eket","","","0","97","61","26","24","3","0","36","35","3"
"2019/2020","Male","all","NECO","5+-year","Polytechnic","lga","Ikot Ekpene","South South","Akwa Ibom","Ikot Ekpene","","","0","37","24","11","4","7","0","13","13","7"
"2019/2020","Male","all","NECO","5+-year","Polytechnic","lga","Oron","South South","Akwa Ibom","Oron","","","0","47","29","12","12","0","0","18","17","0"
"2019/2020","Male","all","NECO","5+-year","Polytechnic","lga","Uyo","South South","Akwa Ibom","Uyo","","","0","66","46","16","12","4","0","20","30","4"
"2019/2020","Male","all","NECO","5+-year","University","lga","Abak","South South","Akwa Ibom","Abak","","","0","97","61","19","20","0","0","36","42","0"
"2019/2020","Male","all","NECO","5+-year","University","lga","Eket","South South","Akwa Ibom","Eket","","","0","29","17","8","8","0","0","12","9","0"
"2019/2020","Male","all","NECO","5+-year","University","lga","Ikot Ekpene","South South","Akwa Ibom","Ikot Ekpene","","","0","67","46","18","20","0","0","21","28","0"
"2019/2020","Male","all","NECO","5+-year","University","lga","Oron","South South","Akwa Ibom","Oron","","","0","86","59","24","20","7","0","27","35","7"
"2019/2020","Male","all","NECO","5+-year","University","lga","Uyo","South South","Akwa Ibom","Uyo","","","0","63","43","16","16","0","0","20","27","0"
"2019/2020","Male","all","WAEC","1-year","College of Education","lga","Abak","South South","Akwa Ibom","Abak","","","0","269","174","53","48","6","0","95","121","6"
"2019/2020","Male","all","WAEC","1-year","College of Education","lga","Eket","South South","Akwa Ibom","Eket","","","0","371","248","87","75","13","0","123","161","13"
"2019/2020","Male","all","WAEC","1-year","College of Education","lga","Ikot Ekpene","South South","Akwa Ibom","Ikot Ekpene","","","0","511","327","102","95","9","0","184","225","9"
"2019/2020","Male","all","WAEC","1-year","College of Education","lga","Oron","South South","Akwa Ibom","Oron","","","0","207","135","44","39","5","0","72","91","5"
"2019/2020","Male","all","WAEC","1-year","College of Education","lga","Uyo","South South","Akwa Ibom","Uyo","","","0","318","203","70","58","12","0","115","133","12"
"2019/2020","Male","all","WAEC","1-year","Polytechnic","lga","Abak","South South","Akwa Ibom","Abak","","","0","315","205","69","58","11","0","110","136","11"
"2019/2020","Male","all","WAEC","1-year","Polytechnic","lga","Eket","South South","Akwa Ibom","Eket","","","0","506","336","115","98","17","0","170","221","17"
"2019/2020","Male","all","WAEC","1-year","Polytechnic","lga","Ikot Ekpene","South South","Akwa Ibom","Ikot Ekpene","","","0","189","131","49","45","5","0","58","82","5"
"2019/2020","Male","all","WAEC","1-year","Polytechnic","lga","Oron","South South","Akwa Ibom","Oron","","","0","269","179","60","54","6","0","90","119","6"
"2019/2020","Male","all","WAEC","1-year","Polytechnic","lga","Uyo","South South","Akwa Ibom","Uyo","","","0","332","218","81","67","14","0","114","137","14"
"2019/2020","Male","all","WAEC","1-year","University","lga","Abak","South South","Akwa Ibom","Abak","","","0","565","360","113","100","14","0","205","247","14"
"2019/2020","Male","all","WAEC","1-year","University","lga","Eket","South South","Akwa Ibom","Eket","","","0","146","101","34","29","5","0","45","67","5"
"2019/2020","Male","all","WAEC","1-year","University","lga","Ikot Ekpene","South South","Akwa Ibom","Ikot Ekpene","","","0","433","280","94","81","13","0","153","186","13"
"2019/2020","Male","all","WAEC","1-year","University","lga","Oron","South South","Akwa Ibom","Oron","","","0","677","449","147","132","16","0","228","302","16"
"2019/2020","Male","all","WAEC","1-year","University","lga","Uyo","South South","Akwa Ibom","Uyo","","","0","348","226","65","62","5","0","122","161","5"
"2019/2020","Male","all","WAEC","2-year","College of Education","lga","Abak","South South","Akwa Ibom","Abak","","","0","185","119","34","32","3","0","66","85","3"
"2019/2020","Male","all","WAEC","2-year","College of Education","lga","Eket","South South","Akwa Ibom","Eket","","","0","227","154","53","46","7","0","73","101","7"
"2019/2020","Male","all","WAEC","2-year","College of Education","lga","Ikot Ekpene","South South","Akwa Ibom","Ikot Ekpene","","","0","331","213","72","58","14","0","118","141","14"
"2019/2020","Male","all","WAEC","2-year","College of Education","lga","Oron","South South","Akwa Ibom","Oron","","","0","136","88","31","26","5","0","48","57","5"
"2019/2020","Male","all","WAEC","2-year","College of Education","lga","Uyo","South South","Akwa Ibom","Uyo","","","0","219","142","48","43","6","0","77","94","6"
"2019/2020","Male","all","WAEC","2-year","Polytechnic","lga","Abak","South South","Akwa Ibom","Abak","","","0","206","133","45","40","6","0","73","88","6"
"2019/2020","Male","all","WAEC","2-year","Polytechnic","lga","Eket","South South","Akwa Ibom","Eket","","","0","338","224","77","65","13","0","114","147","13"
"2019/2020","Male","all","WAEC","2-year","Polytechnic","lga","Ikot Ekpene","South South","Akwa Ibom","Ikot Ekpene","","","0","121","82","31","29","3","0","39","51","3"
"2019/2020","Male","all","WAEC","2-year","Polytechnic","lga","Oron","South South","Akwa Ibom","Oron","","","0","166","111","36","30","6","0","55","75","6"
"2019/2020","Male","all","WAEC","2-year","Polytechnic","lga","Uyo","South South","Akwa Ibom","Uyo","","","0","201","135","46","43","5","0","66","89","5"
"2019/2020","Male","all","WAEC","2-year","University","lga","Abak","South South","Akwa Ibom","Abak","","","0","357","226","71","62","10","0","131","155","10"
"2019/2020","Male","all","WAEC","2-year","University","lga","Eket","South South","Akwa Ibom","Eket","","","0","96","66","22","19","3","0","30","44","3"
"2019/2020","Male","all","WAEC","2-year","University","lga","Ikot Ekpene","South South","Akwa Ibom","Ikot Ekpene","","","0","264","171","56","46","10","0","93","115","10"
"2019/2020","Male","all","WAEC","2-year","University","lga","Oron","South South","Akwa Ibom","Oron","","","0","431","286","94","79","16","0","145","192","16"
"2019/2020","Male","all","WAEC","2-year","University","lga","Uyo","South South","Akwa Ibom","Uyo","","","0","225","145","43","36","8","0","80","102","8"
"2019/2020","Male","all","WAEC","3-5-year","College of Education","lga","Abak","South South","Akwa Ibom","Abak","","","0","114","76","24","19","6","0","38","52","6"
"2019/2020","Male","all","WAEC","3-5-year","College of Education","lga","Eket","South South","Akwa Ibom","Eket","","","0","143","98","33","34","2","0","45","65","2"
"2019/2020","Male","all","WAEC","3-5-year","College of Education","lga","Ikot Ekpene","South South","Akwa Ibom","Ikot Ekpene","","","0","207","131","39","36","5","0","76","92","5"
"2019/2020","Male","all","WAEC","3-5-year","College of Education","lga","Oron","South South","Akwa Ibom","Oron","","","0","86","58","21","16","5","0","28","37","5"
"2019/2020","Male","all","WAEC","3-5-year","College of Education","lga","Uyo","South South","Akwa Ibom","Uyo","","","0","138","88","24","27","0","0","50","64","0"
"2019/2020","Male","all","WAEC","3-5-year","Polytechnic","lga","Abak","South South","Akwa Ibom","Abak","","","0","128","84","24","27","0","0","44","60","0"
"2019/2020","Male","all","WAEC","3-5-year","Polytechnic","lga","Eket","South South","Akwa Ibom","Eket","","","0","201","128","39","43","0","0","73","89","0"
"2019/2020","Male","all","WAEC","3-5-year","Polytechnic","lga","Ikot Ekpene","South South","Akwa Ibom","Ikot Ekpene","","","0","80","53","19","16","3","0","27","34","3"
"2019/2020","Male","all","WAEC","3-5-year","Polytechnic","lga","Oron","South South","Akwa Ibom","Oron","","","0","106","73","24","21","4","0","33","49","4"
"2019/2020","Male","all","WAEC","3-5-year","Polytechnic","lga","Uyo","South South","Akwa Ibom","Uyo","","","0","129","86","30","27","4","0","43","56","4"
"2019/2020","Male","all","WAEC","3-5-year","University","lga","Abak","South South","Akwa Ibom","Abak","","","0","243","157","46","46","2","0","86","111","2"
"2019/2020","Male","all","WAEC","3-5-year","University","lga","Eket","South South","Akwa Ibom","Eket","","","0","63","45","15","16","0","0","18","30","0"
"2019/2020","Male","all","WAEC","3-5-year","University","lga","Ikot Ekpene","South South","Akwa Ibom","Ikot Ekpene","","","0","192","119","36","34","4","0","73","83","4"
"2019/2020","Male","all","WAEC","3-5-year","University","lga","Oron","South South","Akwa Ibom","Oron","","","0","262","172","60","53","9","0","90","112","9"
"2019/2020","Male","all","WAEC","3-5-year","University","lga","Uyo","South South","Akwa Ibom","Uyo","","","0","147","98","27","27","3","0","49","71","3"
"2019/2020","Male","all","WAEC","5+-year","College of Education","lga","Abak","South South","Akwa Ibom","Abak","","","0","63","41","12","9","3","0","22","29","3"
"2019/2020","Male","all","WAEC","5+-year","College of Education","lga","Eket","South South","Akwa Ibom","Eket","","","0","79","51","18","16","3","0","28","33","3"
"2019/2020","Male","all","WAEC","5+-year","College of Education","lga","Ikot Ekpene","South South","Akwa Ibom","Ikot Ekpene","","","0","119","79","24","22","3","0","40","55","3"
"2019/2020","Male","all","WAEC","5+-year","College of Education","lga","Oron","South South","Akwa Ibom","Oron","","","0","53","34","9","9","0","0","19","25","0"
"2019/2020","Male","all","WAEC","5+-year","College of Education","lga","Uyo","South South","Akwa Ibom","Uyo","","","0","84","53","18","12","6","0","31","35","6"
"2019/2020","Male","all","WAEC","5+-year","Polytechnic","lga","Abak","South South","Akwa Ibom","Abak","","","0","79","48","15","12","3","0","31","33","3"
"2019/2020","Male","all","WAEC","5+-year","Polytechnic","lga","Eket","South South","Akwa Ibom","Eket","","","0","122","80","27","26","2","0","42","53","2"
"2019/2020","Male","all","WAEC","5+-year","Polytechnic","lga","Ikot Ekpene","South South","Akwa Ibom","Ikot Ekpene","","","0","46","31","12","10","2","0","15","19","2"
"2019/2020","Male","all","WAEC","5+-year","Polytechnic","lga","Oron","South South","Akwa Ibom","Oron","","","0","63","40","12","13","0","0","23","28","0"
"2019/2020","Male","all","WAEC","5+-year","Polytechnic","lga","Uyo","South South","Akwa Ibom","Uyo","","","0","68","45","15","12","3","0","23","30","3"
"2019/2020","Male","all","WAEC","5+-year","University","lga","Abak","South South","Akwa Ibom","Abak","","","0","134","85","24","19","5","0","49","61","5"
"2019/2020","Male","all","WAEC","5+-year","University","lga","Eket","South South","Akwa Ibom","Eket","","","0","30","23","9","6","3","0","7","14","3"
"2019/2020","Male","all","WAEC","5+-year","University","lga","Ikot Ekpene","South South","Akwa Ibom","Ikot Ekpene","","","0","86","56","18","16","3","0","30","38","3"
"2019/2020","Male","all","WAEC","5+-year","University","lga","Oron","South South","Akwa Ibom","Oron","","","0","131","88","24","25","0","0","43","64","0"
"2019/2020","Male","all","WAEC","5+-year","University","lga","Uyo","South South","Akwa Ibom","Uyo","","","0","81","51","18","12","6","0","30","33","6"
"2019/2020","Male","disabled","NABTEB","1-year","College of Education","lga","Abak","South South","Akwa Ibom","Abak","","","0","15","9","12","13","0","0","6","0","0"
"2019/2020","Male","disabled","NABTEB","1-year","College of Education","lga","Eket","South South","Akwa Ibom","Eket","","","0","20","12","16","16","0","0","8","0","0"
"2019/2020","Male","disabled","NABTEB","1-year","College of Education","lga","Ikot Ekpene","South South","Akwa Ibom","Ikot Ekpene","","","0","34","20","16","18","0","0","14","7","0"
"2019/2020","Male","disabled","NABTEB","1-year","College of Education","lga","Oron","South South","Akwa Ibom","Oron","","","0","10","6","4","4","0","0","4","3","0"
"2019/2020","Male","disabled","NABTEB","1-year","College of Education","lga","Uyo","South South","Akwa Ibom","Uyo","","","0","20","12","12","13","0","0","8","3","0"
"2019/2020","Male","disabled","NABTEB","1-year","Polytechnic","lga","Abak","South South","Akwa Ibom","Abak","","","0","20","12","12","12","0","0","8","3","0"
"2019/2020","Male","disabled","NABTEB","1-year","Polytechnic","lga","Eket","South South","Akwa Ibom","Eket","","","0","32","18","20","20","0","0","14","3","0"
"2019/2020","Male","disabled","NABTEB","1-year","Polytechnic","lga","Ikot Ekpene","South South","Akwa Ibom","Ikot Ekpene","","","0","10","6","8","8","0","0","4","0","0"
"2019/2020","Male","disabled","NABTEB","1-year","Polytechnic","lga","Oron","South South","Akwa Ibom","Oron","","","0","15","9","12","12","0","0","6","0","0"
"2019/2020","Male","disabled","NABTEB","1-year","Polytechnic","lga","Uyo","South South","Akwa Ibom","Uyo","","","0","20","12","12","13","0","0","8","3","0"
"2019/2020","Male","disabled","NABTEB","1-year","University","lga","Abak","South South","Akwa Ibom","Abak","","","0","31","15","16","16","0","0","16","3","0"
"2019/2020","Male","disabled","NABTEB","1-year","University","lga","Eket","South South","Akwa Ibom","Eket","","","0","10","6","8","8","0","0","4","0","0"
"2019/2020","Male","disabled","NABTEB","1-year","University","lga","Ikot Ekpene","South South","Akwa Ibom","Ikot Ekpene","","","0","22","12","16","17","0","0","10","0","0"
"2019/2020","Male","disabled","NABTEB","1-year","University","lga","Oron","South South","Akwa Ibom","Oron","","","0","35","21","24","24","0","0","14","3","0"
"2019/2020","Male","disabled","NABTEB","1-year","University","lga","Uyo","South South","Akwa Ibom","Uyo","","","0","20","12","12","13","0","0","8","3","0"
"2019/2020","Male","disabled","NABTEB","2-year","College of Education","lga","Abak","South South","Akwa Ibom","Abak","","","0","6","9","0","0","0","0","0","9","0"
"2019/2020","Male","disabled","NABTEB","2-year","College of Education","lga","Eket","South South","Akwa Ibom","Eket","","","0","10","12","0","0","0","0","0","12","0"
"2019/2020","Male","disabled","NABTEB","2-year","College of Education","lga","Ikot Ekpene","South South","Akwa Ibom","Ikot Ekpene","","","0","19","18","0","0","0","0","4","18","0"
"2019/2020","Male","disabled","NABTEB","2-year","College of Education","lga","Oron","South South","Akwa Ibom","Oron","","","0","6","6","0","0","0","0","0","6","0"
"2019/2020","Male","disabled","NABTEB","2-year","College of Education","lga","Uyo","South South","Akwa Ibom","Uyo","","","0","8","12","0","0","0","0","0","12","0"
"2019/2020","Male","disabled","NABTEB","2-year","Polytechnic","lga","Abak","South South","Akwa Ibom","Abak","","","0","9","12","0","0","0","0","0","12","0"
"2019/2020","Male","disabled","NABTEB","2-year","Polytechnic","lga","Eket","South South","Akwa Ibom","Eket","","","0","15","18","0","0","0","0","2","18","0"
"2019/2020","Male","disabled","NABTEB","2-year","Polytechnic","lga","Ikot Ekpene","South South","Akwa Ibom","Ikot Ekpene","","","0","4","6","0","0","0","0","0","6","0"
"2019/2020","Male","disabled","NABTEB","2-year","Polytechnic","lga","Oron","South South","Akwa Ibom","Oron","","","0","7","9","0","0","0","0","0","9","0"
"2019/2020","Male","disabled","NABTEB","2-year","Polytechnic","lga","Uyo","South South","Akwa Ibom","Uyo","","","0","9","12","0","0","0","0","0","12","0"
"2019/2020","Male","disabled","NABTEB","2-year","University","lga","Abak","South South","Akwa Ibom","Abak","","","0","22","15","0","0","0","0","8","15","0"
"2019/2020","Male","disabled","NABTEB","2-year","University","lga","Eket","South South","Akwa Ibom","Eket","","","0","5","6","0","0","0","0","0","6","0"
"2019/2020","Male","disabled","NABTEB","2-year","University","lga","Ikot Ekpene","South South","Akwa Ibom","Ikot Ekpene","","","0","14","12","0","0","0","0","4","12","0"
"2019/2020","Male","disabled","NABTEB","2-year","University","lga","Oron","South South","Akwa Ibom","Oron","","","0","19","21","0","0","0","0","2","21","0"
"2019/2020","Male","disabled","NABTEB","2-year","University","lga","Uyo","South South","Akwa Ibom","Uyo","","","0","8","12","0","0","0","0","0","12","0"
"2019/2020","Male","disabled","NABTEB","3-5-year","College of Education","lga","Abak","South South","Akwa Ibom","Abak","","","0","6","3","0","0","0","0","4","3","0"
"2019/2020","Male","disabled","NABTEB","3-5-year","College of Education","lga","Eket","South South","Akwa Ibom","Eket","","","0","10","0","0","0","0","0","10","0","0"
"2019/2020","Male","disabled","NABTEB","3-5-year","College of Education","lga","Ikot Ekpene","South South","Akwa Ibom","Ikot Ekpene","","","0","13","6","0","0","0","0","9","6","0"
"2019/2020","Male","disabled","NABTEB","3-5-year","College of Education","lga","Oron","South South","Akwa Ibom","Oron","","","0","5","3","0","0","0","0","3","3","0"
"2019/2020","Male","disabled","NABTEB","3-5-year","College of Education","lga","Uyo","South South","Akwa Ibom","Uyo","","","0","8","0","0","0","0","0","8","0","0"
"2019/2020","Male","disabled","NABTEB","3-5-year","Polytechnic","lga","Abak","South South","Akwa Ibom","Abak","","","0","9","0","0","0","0","0","9","0","0"
"2019/2020","Male","disabled","NABTEB","3-5-year","Polytechnic","lga","Eket","South South","Akwa Ibom","Eket","","","0","13","3","0","0","0","0","10","3","0"
"2019/2020","Male","disabled","NABTEB","3-5-year","Polytechnic","lga","Ikot Ekpene","South South","Akwa Ibom","Ikot Ekpene","","","0","5","3","0","0","0","0","3","3","0"
"2019/2020","Male","disabled","NABTEB","3-5-year","Polytechnic","lga","Oron","South South","Akwa Ibom","Oron","","","0","7","0","0","0","0","0","7","0","0"
"2019/2020","Male","disabled","NABTEB","3-5-year","Polytechnic","lga","Uyo","South South","Akwa Ibom","Uyo","","","0","9","0","0","0","0","0","9","0","0"
"2019/2020","Male","disabled","NABTEB","3-5-year","University","lga","Abak","South South","Akwa Ibom","Abak","","","0","11","12","0","0","0","0","2","12","0"
"2019/2020","Male","disabled","NABTEB","3-5-year","University","lga","Eket","South South","Akwa Ibom","Eket","","","0","4","3","0","0","0","0","2","3","0"
"2019/2020","Male","disabled","NABTEB","3-5-year","University","lga","Ikot Ekpene","South South","Akwa Ibom","Ikot Ekpene","","","0","9","6","0","0","0","0","4","6","0"
"2019/2020","Male","disabled","NABTEB","3-5-year","University","lga","Oron","South South","Akwa Ibom","Oron","","","0","14","3","0","0","0","0","12","3","0"
"2019/2020","Male","disabled","NABTEB","3-5-year","University","lga","Uyo","South South","Akwa Ibom","Uyo","","","0","8","0","0","0","0","0","8","0","0"
"2019/2020","Male","disabled","NABTEB","5+-year","College of Education","lga","Abak","South South","Akwa Ibom","Abak","","","0","2","0","0","0","0","0","2","0","0"
"2019/2020","Male","disabled","NABTEB","5+-year","College of Education","lga","Eket","South South","Akwa Ibom","Eket","","","0","0","0","0","0","0","0","0","0","0"
"2019/2020","Male","disabled","NABTEB","5+-year","College of Education","lga","Ikot Ekpene","South South","Akwa Ibom","Ikot Ekpene","","","0","2","0","0","0","0","0","2","0","0"
"2019/2020","Male","disabled","NABTEB","5+-year","College of Education","lga","Oron","South South","Akwa Ibom","Oron","","","0","2","0","0","0","0","0","2","0","0"
"2019/2020","Male","disabled","NABTEB","5+-year","College of Education","lga","Uyo","South South","Akwa Ibom","Uyo","","","0","0","0","0","0","0","0","0","0","0"
"2019/2020","Male","disabled","NABTEB","5+-year","Polytechnic","lga","Abak","South South","Akwa Ibom","Abak","","","0","0","0","0","0","0","0","0","0","0"
"2019/2020","Male","disabled","NABTEB","5+-year","Polytechnic","lga","Eket","South South","Akwa Ibom","Eket","","","0","0","0","0","0","0","0","0","0","0"
"2019/2020","Male","disabled","NABTEB","5+-year","Polytechnic","lga","Ikot Ekpene","South South","Akwa Ibom","Ikot Ekpene","","","0","2","0","0","0","0","0","2","0","0"
"2019/2020","Male","disabled","NABTEB","5+-year","Polytechnic","lga","Oron","South South","Akwa Ibom","Oron","","","0","0","0","0","0","0","0","0","0","0"
"2019/2020","Male","disabled","NABTEB","5+-year","Polytechnic","lga","Uyo","South South","Akwa Ibom","Uyo","","","0","0","0","0","0","0","0","0","0","0"
"2019/2020","Male","disabled","NABTEB","5+-year","University","lga","Abak","South South","Akwa Ibom","Abak","","","0","2","0","0","0","0","0","2","0","0"
"2019/2020","Male","disabled","NABTEB","5+-year","University","lga","Eket","South South","Akwa Ibom","Eket","","","0","3","0","0","0","0","0","3","0","0"
"2019/2020","Male","disabled","NABTEB","5+-year","University","lga","Ikot Ekpene","South South","Akwa Ibom","Ikot Ekpene","","","0","0","0","0","0","0","0","0","0","0"
"2019/2020","Male","disabled","NABTEB","5+-year","University","lga","Oron","South South","Akwa Ibom","Oron","","","0","2","0","0","0","0","0","2","0","0"
"2019/2020","Male","disabled","NABTEB","5+-year","University","lga","Uyo","South South","Akwa Ibom","Uyo","","","0","2","0","0","0","0","0","2","0","0"
"2019/2020","Male","disabled","NECO","1-year","College of Education","lga","Abak","South South","Akwa Ibom","Abak","","","0","20","15","12","12","0","0","5","4","0"
"2019/2020","Male","disabled","NECO","1-year","College of Education","lga","Eket","South South","Akwa Ibom","Eket","","","0","26","15","13","16","0","0","11","4","0"
"2019/2020","Male","disabled","NECO","1-year","College of Education","lga","Ikot Ekpene","South South","Akwa Ibom","Ikot Ekpene","","","0","50","29","23","24","0","0","21","9","0"
"2019/2020","Male","disabled","NECO","1-year","College of Education","lga","Oron","South South","Akwa Ibom","Oron","","","0","16","10","7","8","0","0","6","3","0"
"2019/2020","Male","disabled","NECO","1-year","College of Education","lga","Uyo","South South","Akwa Ibom","Uyo","","","0","26","14","14","16","0","0","12","3","0"
"2019/2020","Male","disabled","NECO","1-year","Polytechnic","lga","Abak","South South","Akwa Ibom","Abak","","","0","23","17","14","16","0","0","6","4","0"
"2019/2020","Male","disabled","NECO","1-year","Polytechnic","lga","Eket","South South","Akwa Ibom","Eket","","","0","43","25","22","24","0","0","18","9","0"
"2019/2020","Male","disabled","NECO","1-year","Polytechnic","lga","Ikot Ekpene","South South","Akwa Ibom","Ikot Ekpene","","","0","15","10","8","8","0","0","5","3","0"
"2019/2020","Male","disabled","NECO","1-year","Polytechnic","lga","Oron","South South","Akwa Ibom","Oron","","","0","18","13","11","12","0","0","5","3","0"
"2019/2020","Male","disabled","NECO","1-year","Polytechnic","lga","Uyo","South South","Akwa Ibom","Uyo","","","0","25","14","16","16","0","0","11","2","0"
"2019/2020","Male","disabled","NECO","1-year","University","lga","Abak","South South","Akwa Ibom","Abak","","","0","53","31","19","20","0","0","22","14","0"
"2019/2020","Male","disabled","NECO","1-year","University","lga","Eket","South South","Akwa Ibom","Eket","","","0","15","10","8","8","0","0","5","3","0"
"2019/2020","Male","disabled","NECO","1-year","University","lga","Ikot Ekpene","South South","Akwa Ibom","Ikot Ekpene","","","0","37","19","15","16","0","0","18","5","0"
"2019/2020","Male","disabled","NECO","1-year","University","lga","Oron","South South","Akwa Ibom","Oron","","","0","57","36","21","24","0","0","21","17","0"
"2019/2020","Male","disabled","NECO","1-year","University","lga","Uyo","South South","Akwa Ibom","Uyo","","","0","31","17","12","12","0","0","14","7","0"
"2019/2020","Male","disabled","NECO","2-year","College of Education","lga","Abak","South South","Akwa Ibom","Abak","","","0","16","11","0","0","0","0","5","11","0"
"2019/2020","Male","disabled","NECO","2-year","College of Education","lga","Eket","South South","Akwa Ibom","Eket","","","0","16","11","0","0","0","0","5","11","0"
"2019/2020","Male","disabled","NECO","2-year","College of Education","lga","Ikot Ekpene","South South","Akwa Ibom","Ikot Ekpene","","","0","34","19","0","0","0","0","15","19","0"
"2019/2020","Male","disabled","NECO","2-year","College of Education","lga","Oron","South South","Akwa Ibom","Oron","","","0","10","6","0","0","0","0","4","6","0"
"2019/2020","Male","disabled","NECO","2-year","College of Education","lga","Uyo","South South","Akwa Ibom","Uyo","","","0","18","8","0","0","0","0","10","8","0"
"2019/2020","Male","disabled","NECO","2-year","Polytechnic","lga","Abak","South South","Akwa Ibom","Abak","","","0","18","9","0","0","0","0","9","9","0"
"2019/2020","Male","disabled","NECO","2-year","Polytechnic","lga","Eket","South South","Akwa Ibom","Eket","","","0","27","20","0","0","0","0","7","20","0"
"2019/2020","Male","disabled","NECO","2-year","Polytechnic","lga","Ikot Ekpene","South South","Akwa Ibom","Ikot Ekpene","","","0","8","8","0","0","0","0","0","8","0"
"2019/2020","Male","disabled","NECO","2-year","Polytechnic","lga","Oron","South South","Akwa Ibom","Oron","","","0","13","8","0","0","0","0","5","8","0"
"2019/2020","Male","disabled","NECO","2-year","Polytechnic","lga","Uyo","South South","Akwa Ibom","Uyo","","","0","14","9","0","0","0","0","5","9","0"
"2019/2020","Male","disabled","NECO","2-year","University","lga","Abak","South South","Akwa Ibom","Abak","","","0","35","23","0","0","0","0","12","23","0"
"2019/2020","Male","disabled","NECO","2-year","University","lga","Eket","South South","Akwa Ibom","Eket","","","0","11","8","0","0","0","0","3","8","0"
"2019/2020","Male","disabled","NECO","2-year","University","lga","Ikot Ekpene","South South","Akwa Ibom","Ikot Ekpene","","","0","19","11","0","0","0","0","8","11","0"
"2019/2020","Male","disabled","NECO","2-year","University","lga","Oron","South South","Akwa Ibom","Oron","","","0","36","21","0","0","0","0","15","21","0"
"2019/2020","Male","disabled","NECO","2-year","University","lga","Uyo","South South","Akwa Ibom","Uyo","","","0","18","8","0","0","0","0","10","8","0"
"2019/2020","Male","disabled","NECO","3-5-year","College of Education","lga","Abak","South South","Akwa Ibom","Abak","","","0","9","6","0","0","0","0","3","6","0"
"2019/2020","Male","disabled","NECO","3-5-year","College of Education","lga","Eket","South South","Akwa Ibom","Eket","","","0","16","11","0","0","0","0","5","11","0"
"2019/2020","Male","disabled","NECO","3-5-year","College of Education","lga","Ikot Ekpene","South South","Akwa Ibom","Ikot Ekpene","","","0","20","15","0","0","0","0","5","15","0"
"2019/2020","Male","disabled","NECO","3-5-year","College of Education","lga","Oron","South South","Akwa Ibom","Oron","","","0","10","6","0","0","0","0","4","6","0"
"2019/2020","Male","disabled","NECO","3-5-year","College of Education","lga","Uyo","South South","Akwa Ibom","Uyo","","","0","12","8","0","0","0","0","4","8","0"
"2019/2020","Male","disabled","NECO","3-5-year","Polytechnic","lga","Abak","South South","Akwa Ibom","Abak","","","0","12","9","0","0","0","0","3","9","0"
"2019/2020","Male","disabled","NECO","3-5-year","Polytechnic","lga","Eket","South South","Akwa Ibom","Eket","","","0","25","14","0","0","0","0","11","14","0"
"2019/2020","Male","disabled","NECO","3-5-year","Polytechnic","lga","Ikot Ekpene","South South","Akwa Ibom","Ikot Ekpene","","","0","8","5","0","0","0","0","3","5","0"
"2019/2020","Male","disabled","NECO","3-5-year","Polytechnic","lga","Oron","South South","Akwa Ibom","Oron","","","0","9","8","0","0","0","0","1","8","0"
"2019/2020","Male","disabled","NECO","3-5-year","Polytechnic","lga","Uyo","South South","Akwa Ibom","Uyo","","","0","12","9","0","0","0","0","3","9","0"
"2019/2020","Male","disabled","NECO","3-5-year","University","lga","Abak","South South","Akwa Ibom","Abak","","","0","23","11","0","0","0","0","12","11","0"
"2019/2020","Male","disabled","NECO","3-5-year","University","lga","Eket","South South","Akwa Ibom","Eket","","","0","8","6","0","0","0","0","2","6","0"
"2019/2020","Male","disabled","NECO","3-5-year","University","lga","Ikot Ekpene","South South","Akwa Ibom","Ikot Ekpene","","","0","14","9","0","0","0","0","5","9","0"
"2019/2020","Male","disabled","NECO","3-5-year","University","lga","Oron","South South","Akwa Ibom","Oron","","","0","25","19","0","0","0","0","6","19","0"
"2019/2020","Male","disabled","NECO","3-5-year","University","lga","Uyo","South South","Akwa Ibom","Uyo","","","0","14","9","0","0","0","0","5","9","0"
"2019/2020","Male","disabled","NECO","5+-year","College of Education","lga","Abak","South South","Akwa Ibom","Abak","","","0","6","0","0","0","0","0","6","0","0"
"2019/2020","Male","disabled","NECO","5+-year","College of Education","lga","Eket","South South","Akwa Ibom","Eket","","","0","12","6","0","0","0","0","6","6","0"
"2019/2020","Male","disabled","NECO","5+-year","College of Education","lga","Ikot Ekpene","South South","Akwa Ibom","Ikot Ekpene","","","0","12","2","0","0","0","0","10","2","0"
"2019/2020","Male","disabled","NECO","5+-year","College of Education","lga","Oron","South South","Akwa Ibom","Oron","","","0","6","6","0","0","0","0","0","6","0"
"2019/2020","Male","disabled","NECO","5+-year","College of Education","lga","Uyo","South South","Akwa Ibom","Uyo","","","0","9","2","0","0","0","0","7","2","0"
"2019/2020","Male","disabled","NECO","5+-year","Polytechnic","lga","Abak","South South","Akwa Ibom","Abak","","","0","12","2","0","0","0","0","10","2","0"
"2019/2020","Male","disabled","NECO","5+-year","Polytechnic","lga","Eket","South South","Akwa Ibom","Eket","","","0","12","3","0","0","0","0","9","3","0"
"2019/2020","Male","disabled","NECO","5+-year","Polytechnic","lga","Ikot Ekpene","South South","Akwa Ibom","Ikot Ekpene","","","0","3","0","0","0","0","0","3","0","0"
"2019/2020","Male","disabled","NECO","5+-year","Polytechnic","lga","Oron","South South","Akwa Ibom","Oron","","","0","6","0","0","0","0","0","6","0","0"
"2019/2020","Male","disabled","NECO","5+-year","Polytechnic","lga","Uyo","South South","Akwa Ibom","Uyo","","","0","6","3","0","0","0","0","3","3","0"
"2019/2020","Male","disabled","NECO","5+-year","University","lga","Abak","South South","Akwa Ibom","Abak","","","0","14","10","0","0","0","0","4","10","0"
"2019/2020","Male","disabled","NECO","5+-year","University","lga","Eket","South South","Akwa Ibom","Eket","","","0","3","3","0","0","0","0","0","3","0"
"2019/2020","Male","disabled","NECO","5+-year","University","lga","Ikot Ekpene","South South","Akwa Ibom","Ikot Ekpene","","","0","12","5","0","0","0","0","7","5","0"
"2019/2020","Male","disabled","NECO","5+-year","University","lga","Oron","South South","Akwa Ibom","Oron","","","0","15","6","0","0","0","0","9","6","0"
"2019/2020","Male","disabled","NECO","5+-year","University","lga","Uyo","South South","Akwa Ibom","Uyo","","","0","6","4","0","0","0","0","2","4","0"
"2019/2020","Male","disabled","WAEC","1-year","College of Education","lga","Abak","South South","Akwa Ibom","Abak","","","0","28","18","9","9","0","0","10","9","0"
"2019/2020","Male","disabled","WAEC","1-year","College of Education","lga","Eket","South South","Akwa Ibom","Eket","","","0","39","25","12","12","0","0","14","13","0"
"2019/2020","Male","disabled","WAEC","1-year","College of Education","lga","Ikot Ekpene","South South","Akwa Ibom","Ikot Ekpene","","","0","67","37","18","18","0","0","30","20","0"
"2019/2020","Male","disabled","WAEC","1-year","College of Education","lga","Oron","South South","Akwa Ibom","Oron","","","0","23","16","6","6","0","0","7","10","0"
"2019/2020","Male","disabled","WAEC","1-year","College of Education","lga","Uyo","South South","Akwa Ibom","Uyo","","","0","34","16","12","12","0","0","18","4","0"
"2019/2020","Male","disabled","WAEC","1-year","Polytechnic","lga","Abak","South South","Akwa Ibom","Abak","","","0","29","17","12","12","0","0","12","5","0"
"2019/2020","Male","disabled","WAEC","1-year","Polytechnic","lga","Eket","South South","Akwa Ibom","Eket","","","0","59","36","18","18","0","0","23","19","0"
"2019/2020","Male","disabled","WAEC","1-year","Polytechnic","lga","Ikot Ekpene","South South","Akwa Ibom","Ikot Ekpene","","","0","21","11","6","6","0","0","10","5","0"
"2019/2020","Male","disabled","WAEC","1-year","Polytechnic","lga","Oron","South South","Akwa Ibom","Oron","","","0","26","15","9","9","0","0","11","6","0"
"2019/2020","Male","disabled","WAEC","1-year","Polytechnic","lga","Uyo","South South","Akwa Ibom","Uyo","","","0","33","20","12","12","0","0","13","9","0"
"2019/2020","Male","disabled","WAEC","1-year","University","lga","Abak","South South","Akwa Ibom","Abak","","","0","69","41","15","15","0","0","28","26","0"
"2019/2020","Male","disabled","WAEC","1-year","University","lga","Eket","South South","Akwa Ibom","Eket","","","0","20","13","6","6","0","0","7","7","0"
"2019/2020","Male","disabled","WAEC","1-year","University","lga","Ikot Ekpene","South South","Akwa Ibom","Ikot Ekpene","","","0","48","26","12","12","0","0","22","14","0"
"2019/2020","Male","disabled","WAEC","1-year","University","lga","Oron","South South","Akwa Ibom","Oron","","","0","71","46","21","21","0","0","25","26","0"
"2019/2020","Male","disabled","WAEC","1-year","University","lga","Uyo","South South","Akwa Ibom","Uyo","","","0","38","26","12","12","0","0","12","14","0"
"2019/2020","Male","disabled","WAEC","2-year","College of Education","lga","Abak","South South","Akwa Ibom","Abak","","","0","18","11","0","0","0","0","7","11","0"
"2019/2020","Male","disabled","WAEC","2-year","College of Education","lga","Eket","South South","Akwa Ibom","Eket","","","0","23","12","6","6","0","0","11","6","0"
"2019/2020","Male","disabled","WAEC","2-year","College of Education","lga","Ikot Ekpene","South South","Akwa Ibom","Ikot Ekpene","","","0","37","25","6","6","0","0","12","19","0"
"2019/2020","Male","disabled","WAEC","2-year","College of Education","lga","Oron","South South","Akwa Ibom","Oron","","","0","16","8","3","3","0","0","8","5","0"
"2019/2020","Male","disabled","WAEC","2-year","College of Education","lga","Uyo","South South","Akwa Ibom","Uyo","","","0","20","12","0","0","0","0","8","12","0"
"2019/2020","Male","disabled","WAEC","2-year","Polytechnic","lga","Abak","South South","Akwa Ibom","Abak","","","0","20","13","0","0","0","0","7","13","0"
"2019/2020","Male","disabled","WAEC","2-year","Polytechnic","lga","Eket","South South","Akwa Ibom","Eket","","","0","35","22","6","6","0","0","13","16","0"
"2019/2020","Male","disabled","WAEC","2-year","Polytechnic","lga","Ikot Ekpene","South South","Akwa Ibom","Ikot Ekpene","","","0","15","6","3","3","0","0","9","3","0"
"2019/2020","Male","disabled","WAEC","2-year","Polytechnic","lga","Oron","South South","Akwa Ibom","Oron","","","0","18","8","0","0","0","0","10","8","0"
"2019/2020","Male","disabled","WAEC","2-year","Polytechnic","lga","Uyo","South South","Akwa Ibom","Uyo","","","0","21","13","0","0","0","0","8","13","0"
"2019/2020","Male","disabled","WAEC","2-year","University","lga","Abak","South South","Akwa Ibom","Abak","","","0","43","24","6","6","0","0","19","18","0"
"2019/2020","Male","disabled","WAEC","2-year","University","lga","Eket","South South","Akwa Ibom","Eket","","","0","15","9","3","3","0","0","6","6","0"
"2019/2020","Male","disabled","WAEC","2-year","University","lga","Ikot Ekpene","South South","Akwa Ibom","Ikot Ekpene","","","0","28","19","3","3","0","0","9","16","0"
"2019/2020","Male","disabled","WAEC","2-year","University","lga","Oron","South South","Akwa Ibom","Oron","","","0","49","29","6","6","0","0","20","23","0"
"2019/2020","Male","disabled","WAEC","2-year","University","lga","Uyo","South South","Akwa Ibom","Uyo","","","0","27","15","0","0","0","0","12","15","0"
"2019/2020","Male","disabled","WAEC","3-5-year","College of Education","lga","Abak","South South","Akwa Ibom","Abak","","","0","10","6","0","0","0","0","4","6","0"
"2019/2020","Male","disabled","WAEC","3-5-year","College of Education","lga","Eket","South South","Akwa Ibom","Eket","","","0","15","8","0","0","0","0","7","8","0"
"2019/2020","Male","disabled","WAEC","3-5-year","College of Education","lga","Ikot Ekpene","South South","Akwa Ibom","Ikot Ekpene","","","0","30","16","0","0","0","0","14","16","0"
"2019/2020","Male","disabled","WAEC","3-5-year","College of Education","lga","Oron","South South","Akwa Ibom","Oron","","","0","10","4","0","0","0","0","6","4","0"
"2019/2020","Male","disabled","WAEC","3-5-year","College of Education","lga","Uyo","South South","Akwa Ibom","Uyo","","","0","17","8","0","0","0","0","9","8","0"
"2019/2020","Male","disabled","WAEC","3-5-year","Polytechnic","lga","Abak","South South","Akwa Ibom","Abak","","","0","18","8","0","0","0","0","10","8","0"
"2019/2020","Male","disabled","WAEC","3-5-year","Polytechnic","lga","Eket","South South","Akwa Ibom","Eket","","","0","24","16","0","0","0","0","8","16","0"
"2019/2020","Male","disabled","WAEC","3-5-year","Polytechnic","lga","Ikot Ekpene","South South","Akwa Ibom","Ikot Ekpene","","","0","7","6","0","0","0","0","1","6","0"
"2019/2020","Male","disabled","WAEC","3-5-year","Polytechnic","lga","Oron","South South","Akwa Ibom","Oron","","","0","10","6","0","0","0","0","4","6","0"
"2019/2020","Male","disabled","WAEC","3-5-year","Polytechnic","lga","Uyo","South South","Akwa Ibom","Uyo","","","0","12","8","0","0","0","0","4","8","0"
"2019/2020","Male","disabled","WAEC","3-5-year","University","lga","Abak","South South","Akwa Ibom","Abak","","","0","28","17","0","0","0","0","11","17","0"
"2019/2020","Male","disabled","WAEC","3-5-year","University","lga","Eket","South South","Akwa Ibom","Eket","","","0","7","6","0","0","0","0","1","6","0"
"2019/2020","Male","disabled","WAEC","3-5-year","University","lga","Ikot Ekpene","South South","Akwa Ibom","Ikot Ekpene","","","0","20","10","0","0","0","0","10","10","0"
"2019/2020","Male","disabled","WAEC","3-5-year","University","lga","Oron","South South","Akwa Ibom","Oron","","","0","27","16","0","0","0","0","11","16","0"
"2019/2020","Male","disabled","WAEC","3-5-year","University","lga","Uyo","South South","Akwa Ibom","Uyo","","","0","18","10","0","0","0","0","8","10","0"
"2019/2020","Male","disabled","WAEC","5+-year","College of Education","lga","Abak","South South","Akwa Ibom","Abak","","","0","7","2","0","0","0","0","5","2","0"
"2019/2020","Male","disabled","WAEC","5+-year","College of Education","lga","Eket","South South","Akwa Ibom","Eket","","","0","10","8","0","0","0","0","2","8","0"
"2019/2020","Male","disabled","WAEC","5+-year","College of Education","lga","Ikot Ekpene","South South","Akwa Ibom","Ikot Ekpene","","","0","11","8","0","0","0","0","3","8","0"
"2019/2020","Male","disabled","WAEC","5+-year","College of Education","lga","Oron","South South","Akwa Ibom","Oron","","","0","4","2","0","0","0","0","2","2","0"
"2019/2020","Male","disabled","WAEC","5+-year","College of Education","lga","Uyo","South South","Akwa Ibom","Uyo","","","0","9","8","0","0","0","0","1","8","0"
"2019/2020","Male","disabled","WAEC","5+-year","Polytechnic","lga","Abak","South South","Akwa Ibom","Abak","","","0","10","4","0","0","0","0","6","4","0"
"2019/2020","Male","disabled","WAEC","5+-year","Polytechnic","lga","Eket","South South","Akwa Ibom","Eket","","","0","15","4","0","0","0","0","11","4","0"
"2019/2020","Male","disabled","WAEC","5+-year","Polytechnic","lga","Ikot Ekpene","South South","Akwa Ibom","Ikot Ekpene","","","0","2","2","0","0","0","0","0","2","0"
"2019/2020","Male","disabled","WAEC","5+-year","Polytechnic","lga","Oron","South South","Akwa Ibom","Oron","","","0","6","4","0","0","0","0","2","4","0"
"2019/2020","Male","disabled","WAEC","5+-year","Polytechnic","lga","Uyo","South South","Akwa Ibom","Uyo","","","0","10","4","0","0","0","0","6","4","0"
"2019/2020","Male","disabled","WAEC","5+-year","University","lga","Abak","South South","Akwa Ibom","Abak","","","0","14","8","0","0","0","0","6","8","0"
"2019/2020","Male","disabled","WAEC","5+-year","University","lga","Eket","South South","Akwa Ibom","Eket","","","0","2","2","0","0","0","0","0","2","0"
"2019/2020","Male","disabled","WAEC","5+-year","University","lga","Ikot Ekpene","South South","Akwa Ibom","Ikot Ekpene","","","0","12","8","0","0","0","0","4","8","0"
"2019/2020","Male","disabled","WAEC","5+-year","University","lga","Oron","South South","Akwa Ibom","Oron","","","0","19","10","0","0","0","0","9","10","0"
"2019/2020","Male","disabled","WAEC","5+-year","University","lga","Uyo","South South","Akwa Ibom","Uyo","","","0","10","6","0","0","0","0","4","6","0"
"2020/2021","Female","all","NABTEB","1-year","College of Education","lga","Abak","South South","Akwa Ibom","Abak","","","0","116","76","25","22","4","0","40","51","4"
"2020/2021","Female","all","NABTEB","1-year","College of Education","lga","Eket","South South","Akwa Ibom","Eket","","","0","151","99","38","39","0","0","52","61","0"
"2020/2021","Female","all","NABTEB","1-year","College of Education","lga","Ikot Ekpene","South South","Akwa Ibom","Ikot Ekpene","","","0","233","158","55","52","4","0","75","103","4"
"2020/2021","Female","all","NABTEB","1-year","College of Education","lga","Oron","South South","Akwa Ibom","Oron","","","0","78","52","21","18","4","0","26","31","4"
"2020/2021","Female","all","NABTEB","1-year","College of Education","lga","Uyo","South South","Akwa Ibom","Uyo","","","0","148","95","37","35","4","0","53","58","4"
"2020/2021","Female","all","NABTEB","1-year","Polytechnic","lga","Abak","South South","Akwa Ibom","Abak","","","0","133","86","28","27","3","0","47","58","3"
"2020/2021","Female","all","NABTEB","1-year","Polytechnic","lga","Eket","South South","Akwa Ibom","Eket","","","0","207","136","46","39","8","0","71","90","8"
"2020/2021","Female","all","NABTEB","1-year","Polytechnic","lga","Ikot Ekpene","South South","Akwa Ibom","Ikot Ekpene","","","0","75","53","21","17","4","0","22","32","4"
"2020/2021","Female","all","NABTEB","1-year","Polytechnic","lga","Oron","South South","Akwa Ibom","Oron","","","0","110","70","29","22","8","0","40","41","8"
"2020/2021","Female","all","NABTEB","1-year","Polytechnic","lga","Uyo","South South","Akwa Ibom","Uyo","","","0","143","96","38","31","8","0","47","58","8"
"2020/2021","Female","all","NABTEB","1-year","University","lga","Abak","South South","Akwa Ibom","Abak","","","0","206","136","45","44","4","0","70","91","4"
"2020/2021","Female","all","NABTEB","1-year","University","lga","Eket","South South","Akwa Ibom","Eket","","","0","65","46","16","13","4","0","19","30","4"
"2020/2021","Female","all","NABTEB","1-year","University","lga","Ikot Ekpene","South South","Akwa Ibom","Ikot Ekpene","","","0","158","101","37","36","4","0","57","64","4"
"2020/2021","Female","all","NABTEB","1-year","University","lga","Oron","South South","Akwa Ibom","Oron","","","0","270","177","67","66","4","0","93","110","4"
"2020/2021","Female","all","NABTEB","1-year","University","lga","Uyo","South South","Akwa Ibom","Uyo","","","0","150","98","38","31","9","0","52","60","9"
"2020/2021","Female","all","NABTEB","2-year","College of Education","lga","Abak","South South","Akwa Ibom","Abak","","","0","73","48","12","12","0","0","25","36","0"
"2020/2021","Female","all","NABTEB","2-year","College of Education","lga","Eket","South South","Akwa Ibom","Eket","","","0","94","64","24","21","4","0","30","40","4"
"2020/2021","Female","all","NABTEB","2-year","College of Education","lga","Ikot Ekpene","South South","Akwa Ibom","Ikot Ekpene","","","0","149","102","36","34","4","0","47","66","4"
"2020/2021","Female","all","NABTEB","2-year","College of Education","lga","Oron","South South","Akwa Ibom","Oron","","","0","52","35","13","8","5","0","17","22","5"
"2020/2021","Female","all","NABTEB","2-year","College of Education","lga","Uyo","South South","Akwa Ibom","Uyo","","","0","89","57","20","16","4","0","32","37","4"
"2020/2021","Female","all","NABTEB","2-year","Polytechnic","lga","Abak","South South","Akwa Ibom","Abak","","","0","86","51","20","17","4","0","35","31","4"
"2020/2021","Female","all","NABTEB","2-year","Polytechnic","lga","Eket","South South","Akwa Ibom","Eket","","","0","136","93","36","29","8","0","43","57","8"
"2020/2021","Female","all","NABTEB","2-year","Polytechnic","lga","Ikot Ekpene","South South","Akwa Ibom","Ikot Ekpene","","","0","47","35","12","13","0","0","12","23","0"
"2020/2021","Female","all","NABTEB","2-year","Polytechnic","lga","Oron","South South","Akwa Ibom","Oron","","","0","73","44","12","12","0","0","29","32","0"
"2020/2021","Female","all","NABTEB","2-year","Polytechnic","lga","Uyo","South South","Akwa Ibom","Uyo","","","0","80","54","16","18","0","0","26","38","0"
"2020/2021","Female","all","NABTEB","2-year","University","lga","Abak","South South","Akwa Ibom","Abak","","","0","121","79","29","26","5","0","42","50","5"
"2020/2021","Female","all","NABTEB","2-year","University","lga","Eket","South South","Akwa Ibom","Eket","","","0","42","30","12","8","4","0","12","18","4"
"2020/2021","Female","all","NABTEB","2-year","University","lga","Ikot Ekpene","South South","Akwa Ibom","Ikot Ekpene","","","0","101","70","24","21","4","0","31","46","4"
"2020/2021","Female","all","NABTEB","2-year","University","lga","Oron","South South","Akwa Ibom","Oron","","","0","174","117","42","38","4","0","57","75","4"
"2020/2021","Female","all","NABTEB","2-year","University","lga","Uyo","South South","Akwa Ibom","Uyo","","","0","94","62","20","23","0","0","32","42","0"
"2020/2021","Female","all","NABTEB","3-5-year","College of Education","lga","Abak","South South","Akwa Ibom","Abak","","","0","46","33","12","12","0","0","13","21","0"
"2020/2021","Female","all","NABTEB","3-5-year","College of Education","lga","Eket","South South","Akwa Ibom","Eket","","","0","60","42","16","16","0","0","18","26","0"
"2020/2021","Female","all","NABTEB","3-5-year","College of Education","lga","Ikot Ekpene","South South","Akwa Ibom","Ikot Ekpene","","","0","100","66","28","25","4","0","34","38","4"
"2020/2021","Female","all","NABTEB","3-5-year","College of Education","lga","Oron","South South","Akwa Ibom","Oron","","","0","32","21","8","8","0","0","11","13","0"
"2020/2021","Female","all","NABTEB","3-5-year","College of Education","lga","Uyo","South South","Akwa Ibom","Uyo","","","0","60","39","16","16","0","0","21","23","0"
"2020/2021","Female","all","NABTEB","3-5-year","Polytechnic","lga","Abak","South South","Akwa Ibom","Abak","","","0","55","36","16","17","0","0","19","20","0"
"2020/2021","Female","all","NABTEB","3-5-year","Polytechnic","lga","Eket","South South","Akwa Ibom","Eket","","","0","84","54","24","24","0","0","30","30","0"
"2020/2021","Female","all","NABTEB","3-5-year","Polytechnic","lga","Ikot Ekpene","South South","Akwa Ibom","Ikot Ekpene","","","0","31","21","8","8","0","0","10","13","0"
"2020/2021","Female","all","NABTEB","3-5-year","Polytechnic","lga","Oron","South South","Akwa Ibom","Oron","","","0","45","27","12","12","0","0","18","15","0"
"2020/2021","Female","all","NABTEB","3-5-year","Polytechnic","lga","Uyo","South South","Akwa Ibom","Uyo","","","0","57","39","16","18","0","0","18","23","0"
"2020/2021","Female","all","NABTEB","3-5-year","University","lga","Abak","South South","Akwa Ibom","Abak","","","0","88","59","20","23","0","0","29","39","0"
"2020/2021","Female","all","NABTEB","3-5-year","University","lga","Eket","South South","Akwa Ibom","Eket","","","0","26","21","8","8","0","0","5","13","0"
"2020/2021","Female","all","NABTEB","3-5-year","University","lga","Ikot Ekpene","South South","Akwa Ibom","Ikot Ekpene","","","0","68","45","16","16","0","0","23","29","0"
"2020/2021","Female","all","NABTEB","3-5-year","University","lga","Oron","South South","Akwa Ibom","Oron","","","0","112","75","33","28","5","0","37","42","5"
"2020/2021","Female","all","NABTEB","3-5-year","University","lga","Uyo","South South","Akwa Ibom","Uyo","","","0","63","39","16","19","0","0","24","23","0"
"2020/2021","Female","all","NABTEB","5+-year","College of Education","lga","Abak","South South","Akwa Ibom","Abak","","","0","28","21","8","4","4","0","7","13","4"
"2020/2021","Female","all","NABTEB","5+-year","College of Education","lga","Eket","South South","Akwa Ibom","Eket","","","0","36","27","12","4","8","0","9","15","8"
"2020/2021","Female","all","NABTEB","5+-year","College of Education","lga","Ikot Ekpene","South South","Akwa Ibom","Ikot Ekpene","","","0","49","36","12","8","4","0","13","24","4"
"2020/2021","Female","all","NABTEB","5+-year","College of Education","lga","Oron","South South","Akwa Ibom","Oron","","","0","16","12","4","0","4","0","4","8","4"
"2020/2021","Female","all","NABTEB","5+-year","College of Education","lga","Uyo","South South","Akwa Ibom","Uyo","","","0","37","24","8","4","4","0","13","16","4"
"2020/2021","Female","all","NABTEB","5+-year","Polytechnic","lga","Abak","South South","Akwa Ibom","Abak","","","0","33","21","4","0","4","0","12","17","4"
"2020/2021","Female","all","NABTEB","5+-year","Polytechnic","lga","Eket","South South","Akwa Ibom","Eket","","","0","40","30","0","0","0","0","11","30","0"
"2020/2021","Female","all","NABTEB","5+-year","Polytechnic","lga","Ikot Ekpene","South South","Akwa Ibom","Ikot Ekpene","","","0","15","9","4","4","0","0","6","5","0"
"2020/2021","Female","all","NABTEB","5+-year","Polytechnic","lga","Oron","South South","Akwa Ibom","Oron","","","0","29","21","4","4","0","0","8","17","0"
"2020/2021","Female","all","NABTEB","5+-year","Polytechnic","lga","Uyo","South South","Akwa Ibom","Uyo","","","0","33","24","12","10","4","0","9","12","4"
"2020/2021","Female","all","NABTEB","5+-year","University","lga","Abak","South South","Akwa Ibom","Abak","","","0","37","24","8","0","8","0","13","16","8"
"2020/2021","Female","all","NABTEB","5+-year","University","lga","Eket","South South","Akwa Ibom","Eket","","","0","18","9","4","4","0","0","9","5","0"
"2020/2021","Female","all","NABTEB","5+-year","University","lga","Ikot Ekpene","South South","Akwa Ibom","Ikot Ekpene","","","0","41","30","16","8","8","0","11","14","8"
"2020/2021","Female","all","NABTEB","5+-year","University","lga","Oron","South South","Akwa Ibom","Oron","","","0","64","45","20","12","8","0","20","25","8"
"2020/2021","Female","all","NABTEB","5+-year","University","lga","Uyo","South South","Akwa Ibom","Uyo","","","0","31","21","8","4","4","0","10","14","4"
"2020/2021","Female","all","NECO","1-year","College of Education","lga","Abak","South South","Akwa Ibom","Abak","","","0","209","138","47","37","11","0","71","91","11"
"2020/2021","Female","all","NECO","1-year","College of Education","lga","Eket","South South","Akwa Ibom","Eket","","","0","262","182","65","61","6","0","80","117","6"
"2020/2021","Female","all","NECO","1-year","College of Education","lga","Ikot Ekpene","South South","Akwa Ibom","Ikot Ekpene","","","0","432","278","101","95","7","0","154","177","7"
"2020/2021","Female","all","NECO","1-year","College of Education","lga","Oron","South South","Akwa Ibom","Oron","","","0","147","99","40","30","10","0","48","59","10"
"2020/2021","Female","all","NECO","1-year","College of Education","lga","Uyo","South South","Akwa Ibom","Uyo","","","0","259","172","61","52","9","0","87","111","9"
"2020/2021","Female","all","NECO","1-year","Polytechnic","lga","Abak","South South","Akwa Ibom","Abak","","","0","264","169","53","56","0","0","95","116","0"
"2020/2021","Female","all","NECO","1-year","Polytechnic","lga","Eket","South South","Akwa Ibom","Eket","","","0","382","247","90","80","11","0","135","157","11"
"2020/2021","Female","all","NECO","1-year","Polytechnic","lga","Ikot Ekpene","South South","Akwa Ibom","Ikot Ekpene","","","0","137","94","36","31","5","0","43","58","5"
"2020/2021","Female","all","NECO","1-year","Polytechnic","lga","Oron","South South","Akwa Ibom","Oron","","","0","223","148","50","45","6","0","75","98","6"
"2020/2021","Female","all","NECO","1-year","Polytechnic","lga","Uyo","South South","Akwa Ibom","Uyo","","","0","254","170","65","56","10","0","84","105","10"
"2020/2021","Female","all","NECO","1-year","University","lga","Abak","South South","Akwa Ibom","Abak","","","0","422","275","90","79","12","0","147","185","12"
"2020/2021","Female","all","NECO","1-year","University","lga","Eket","South South","Akwa Ibom","Eket","","","0","131","91","36","30","6","0","40","55","6"
"2020/2021","Female","all","NECO","1-year","University","lga","Ikot Ekpene","South South","Akwa Ibom","Ikot Ekpene","","","0","319","213","72","68","6","0","106","141","6"
"2020/2021","Female","all","NECO","1-year","University","lga","Oron","South South","Akwa Ibom","Oron","","","0","541","357","123","110","14","0","184","234","14"
"2020/2021","Female","all","NECO","1-year","University","lga","Uyo","South South","Akwa Ibom","Uyo","","","0","273","177","67","60","8","0","96","110","8"
"2020/2021","Female","all","NECO","2-year","College of Education","lga","Abak","South South","Akwa Ibom","Abak","","","0","131","86","29","22","7","0","45","57","7"
"2020/2021","Female","all","NECO","2-year","College of Education","lga","Eket","South South","Akwa Ibom","Eket","","","0","164","112","39","38","3","0","52","73","3"
"2020/2021","Female","all","NECO","2-year","College of Education","lga","Ikot Ekpene","South South","Akwa Ibom","Ikot Ekpene","","","0","268","175","57","56","3","0","93","118","3"
"2020/2021","Female","all","NECO","2-year","College of Education","lga","Oron","South South","Akwa Ibom","Oron","","","0","95","62","22","22","0","0","33","40","0"
"2020/2021","Female","all","NECO","2-year","College of Education","lga","Uyo","South South","Akwa Ibom","Uyo","","","0","170","109","39","38","3","0","61","70","3"
"2020/2021","Female","all","NECO","2-year","Polytechnic","lga","Abak","South South","Akwa Ibom","Abak","","","0","167","104","40","35","6","0","63","64","6"
"2020/2021","Female","all","NECO","2-year","Polytechnic","lga","Eket","South South","Akwa Ibom","Eket","","","0","243","158","54","46","9","0","85","104","9"
"2020/2021","Female","all","NECO","2-year","Polytechnic","lga","Ikot Ekpene","South South","Akwa Ibom","Ikot Ekpene","","","0","92","65","21","19","3","0","27","44","3"
"2020/2021","Female","all","NECO","2-year","Polytechnic","lga","Oron","South South","Akwa Ibom","Oron","","","0","145","94","33","27","6","0","51","61","6"
"2020/2021","Female","all","NECO","2-year","Polytechnic","lga","Uyo","South South","Akwa Ibom","Uyo","","","0","164","109","43","30","13","0","55","66","13"
"2020/2021","Female","all","NECO","2-year","University","lga","Abak","South South","Akwa Ibom","Abak","","","0","262","167","57","50","9","0","95","110","9"
"2020/2021","Female","all","NECO","2-year","University","lga","Eket","South South","Akwa Ibom","Eket","","","0","87","57","21","19","3","0","30","36","3"
"2020/2021","Female","all","NECO","2-year","University","lga","Ikot Ekpene","South South","Akwa Ibom","Ikot Ekpene","","","0","207","140","46","45","3","0","67","94","3"
"2020/2021","Female","all","NECO","2-year","University","lga","Oron","South South","Akwa Ibom","Oron","","","0","351","235","79","72","9","0","116","156","9"
"2020/2021","Female","all","NECO","2-year","University","lga","Uyo","South South","Akwa Ibom","Uyo","","","0","172","117","39","38","3","0","55","78","3"
"2020/2021","Female","all","NECO","3-5-year","College of Education","lga","Abak","South South","Akwa Ibom","Abak","","","0","84","54","18","16","3","0","30","36","3"
"2020/2021","Female","all","NECO","3-5-year","College of Education","lga","Eket","South South","Akwa Ibom","Eket","","","0","114","77","29","28","3","0","37","48","3"
"2020/2021","Female","all","NECO","3-5-year","College of Education","lga","Ikot Ekpene","South South","Akwa Ibom","Ikot Ekpene","","","0","187","126","44","42","3","0","61","82","3"
"2020/2021","Female","all","NECO","3-5-year","College of Education","lga","Oron","South South","Akwa Ibom","Oron","","","0","59","36","14","12","3","0","23","22","3"
"2020/2021","Female","all","NECO","3-5-year","College of Education","lga","Uyo","South South","Akwa Ibom","Uyo","","","0","105","71","25","20","6","0","34","46","6"
"2020/2021","Female","all","NECO","3-5-year","Polytechnic","lga","Abak","South South","Akwa Ibom","Abak","","","0","94","63","24","16","9","0","31","39","9"
"2020/2021","Female","all","NECO","3-5-year","Polytechnic","lga","Eket","South South","Akwa Ibom","Eket","","","0","157","103","37","28","9","0","54","66","9"
"2020/2021","Female","all","NECO","3-5-year","Polytechnic","lga","Ikot Ekpene","South South","Akwa Ibom","Ikot Ekpene","","","0","53","33","14","12","3","0","20","19","3"
"2020/2021","Female","all","NECO","3-5-year","Polytechnic","lga","Oron","South South","Akwa Ibom","Oron","","","0","95","65","22","20","3","0","30","43","3"
"2020/2021","Female","all","NECO","3-5-year","Polytechnic","lga","Uyo","South South","Akwa Ibom","Uyo","","","0","92","60","25","24","3","0","32","35","3"
"2020/2021","Female","all","NECO","3-5-year","University","lga","Abak","South South","Akwa Ibom","Abak","","","0","178","117","36","31","6","0","61","81","6"
"2020/2021","Female","all","NECO","3-5-year","University","lga","Eket","South South","Akwa Ibom","Eket","","","0","50","36","11","12","0","0","14","25","0"
"2020/2021","Female","all","NECO","3-5-year","University","lga","Ikot Ekpene","South South","Akwa Ibom","Ikot Ekpene","","","0","122","83","32","24","9","0","39","51","9"
"2020/2021","Female","all","NECO","3-5-year","University","lga","Oron","South South","Akwa Ibom","Oron","","","0","223","146","54","47","9","0","77","92","9"
"2020/2021","Female","all","NECO","3-5-year","University","lga","Uyo","South South","Akwa Ibom","Uyo","","","0","111","72","25","20","6","0","39","47","6"
"2020/2021","Female","all","NECO","5+-year","College of Education","lga","Abak","South South","Akwa Ibom","Abak","","","0","41","28","8","8","0","0","13","20","0"
"2020/2021","Female","all","NECO","5+-year","College of Education","lga","Eket","South South","Akwa Ibom","Eket","","","0","58","41","18","12","7","0","17","23","7"
"2020/2021","Female","all","NECO","5+-year","College of Education","lga","Ikot Ekpene","South South","Akwa Ibom","Ikot Ekpene","","","0","93","63","29","16","14","0","30","34","14"
"2020/2021","Female","all","NECO","5+-year","College of Education","lga","Oron","South South","Akwa Ibom","Oron","","","0","36","23","8","8","0","0","13","15","0"
"2020/2021","Female","all","NECO","5+-year","College of Education","lga","Uyo","South South","Akwa Ibom","Uyo","","","0","61","39","12","16","0","0","22","27","0"
"2020/2021","Female","all","NECO","5+-year","Polytechnic","lga","Abak","South South","Akwa Ibom","Abak","","","0","61","41","13","12","3","0","20","28","3"
"2020/2021","Female","all","NECO","5+-year","Polytechnic","lga","Eket","South South","Akwa Ibom","Eket","","","0","80","54","16","12","4","0","26","38","4"
"2020/2021","Female","all","NECO","5+-year","Polytechnic","lga","Ikot Ekpene","South South","Akwa Ibom","Ikot Ekpene","","","0","39","29","11","12","0","0","10","18","0"
"2020/2021","Female","all","NECO","5+-year","Polytechnic","lga","Oron","South South","Akwa Ibom","Oron","","","0","45","28","11","12","0","0","17","17","0"
"2020/2021","Female","all","NECO","5+-year","Polytechnic","lga","Uyo","South South","Akwa Ibom","Uyo","","","0","41","28","12","12","0","0","13","16","0"
"2020/2021","Female","all","NECO","5+-year","University","lga","Abak","South South","Akwa Ibom","Abak","","","0","83","57","20","20","0","0","26","37","0"
"2020/2021","Female","all","NECO","5+-year","University","lga","Eket","South South","Akwa Ibom","Eket","","","0","30","21","8","8","0","0","9","13","0"
"2020/2021","Female","all","NECO","5+-year","University","lga","Ikot Ekpene","South South","Akwa Ibom","Ikot Ekpene","","","0","76","48","19","16","3","0","28","29","3"
"2020/2021","Female","all","NECO","5+-year","University","lga","Oron","South South","Akwa Ibom","Oron","","","0","107","75","27","24","7","0","32","48","7"
"2020/2021","Female","all","NECO","5+-year","University","lga","Uyo","South South","Akwa Ibom","Uyo","","","0","63","44","14","16","0","0","19","30","0"
"2020/2021","Female","all","WAEC","1-year","College of Education","lga","Abak","South South","Akwa Ibom","Abak","","","0","279","181","59","49","10","0","98","122","10"
"2020/2021","Female","all","WAEC","1-year","College of Education","lga","Eket","South South","Akwa Ibom","Eket","","","0","364","247","90","78","12","0","117","157","12"
"2020/2021","Female","all","WAEC","1-year","College of Education","lga","Ikot Ekpene","South South","Akwa Ibom","Ikot Ekpene","","","0","558","376","127","117","12","0","182","249","12"
"2020/2021","Female","all","WAEC","1-year","College of Education","lga","Oron","South South","Akwa Ibom","Oron","","","0","186","127","41","36","5","0","59","86","5"
"2020/2021","Female","all","WAEC","1-year","College of Education","lga","Uyo","South South","Akwa Ibom","Uyo","","","0","350","228","79","64","15","0","122","149","15"
"2020/2021","Female","all","WAEC","1-year","Polytechnic","lga","Abak","South South","Akwa Ibom","Abak","","","0","335","214","75","64","12","0","121","139","12"
"2020/2021","Female","all","WAEC","1-year","Polytechnic","lga","Eket","South South","Akwa Ibom","Eket","","","0","496","332","116","101","15","0","164","216","15"
"2020/2021","Female","all","WAEC","1-year","Polytechnic","lga","Ikot Ekpene","South South","Akwa Ibom","Ikot Ekpene","","","0","181","121","50","42","8","0","60","71","8"
"2020/2021","Female","all","WAEC","1-year","Polytechnic","lga","Oron","South South","Akwa Ibom","Oron","","","0","274","183","66","58","8","0","91","117","8"
"2020/2021","Female","all","WAEC","1-year","Polytechnic","lga","Uyo","South South","Akwa Ibom","Uyo","","","0","308","207","79","71","8","0","101","128","8"
"2020/2021","Female","all","WAEC","1-year","University","lga","Abak","South South","Akwa Ibom","Abak","","","0","553","367","116","97","19","0","186","251","19"
"2020/2021","Female","all","WAEC","1-year","University","lga","Eket","South South","Akwa Ibom","Eket","","","0","151","100","44","39","5","0","51","56","5"
"2020/2021","Female","all","WAEC","1-year","University","lga","Ikot Ekpene","South South","Akwa Ibom","Ikot Ekpene","","","0","430","293","106","94","12","0","137","187","12"
"2020/2021","Female","all","WAEC","1-year","University","lga","Oron","South South","Akwa Ibom","Oron","","","0","665","440","165","145","21","0","225","275","21"
"2020/2021","Female","all","WAEC","1-year","University","lga","Uyo","South South","Akwa Ibom","Uyo","","","0","364","245","91","83","8","0","119","154","8"
"2020/2021","Female","all","WAEC","2-year","College of Education","lga","Abak","South South","Akwa Ibom","Abak","","","0","181","116","37","33","5","0","65","79","5"
"2020/2021","Female","all","WAEC","2-year","College of Education","lga","Eket","South South","Akwa Ibom","Eket","","","0","247","164","60","55","6","0","83","104","6"
"2020/2021","Female","all","WAEC","2-year","College of Education","lga","Ikot Ekpene","South South","Akwa Ibom","Ikot Ekpene","","","0","351","238","84","74","11","0","113","154","11"
"2020/2021","Female","all","WAEC","2-year","College of Education","lga","Oron","South South","Akwa Ibom","Oron","","","0","117","79","28","23","5","0","38","51","5"
"2020/2021","Female","all","WAEC","2-year","College of Education","lga","Uyo","South South","Akwa Ibom","Uyo","","","0","206","134","43","40","5","0","72","91","5"
"2020/2021","Female","all","WAEC","2-year","Polytechnic","lga","Abak","South South","Akwa Ibom","Abak","","","0","205","133","46","43","5","0","72","87","5"
"2020/2021","Female","all","WAEC","2-year","Polytechnic","lga","Eket","South South","Akwa Ibom","Eket","","","0","320","213","71","65","9","0","107","142","9"
"2020/2021","Female","all","WAEC","2-year","Polytechnic","lga","Ikot Ekpene","South South","Akwa Ibom","Ikot Ekpene","","","0","118","76","31","25","6","0","42","45","6"
"2020/2021","Female","all","WAEC","2-year","Polytechnic","lga","Oron","South South","Akwa Ibom","Oron","","","0","176","116","40","36","5","0","60","76","5"
"2020/2021","Female","all","WAEC","2-year","Polytechnic","lga","Uyo","South South","Akwa Ibom","Uyo","","","0","209","146","53","49","6","0","63","93","6"
"2020/2021","Female","all","WAEC","2-year","University","lga","Abak","South South","Akwa Ibom","Abak","","","0","365","237","74","65","10","0","128","163","10"
"2020/2021","Female","all","WAEC","2-year","University","lga","Eket","South South","Akwa Ibom","Eket","","","0","102","67","28","26","3","0","35","39","3"
"2020/2021","Female","all","WAEC","2-year","University","lga","Ikot Ekpene","South South","Akwa Ibom","Ikot Ekpene","","","0","263","175","66","58","8","0","88","109","8"
"2020/2021","Female","all","WAEC","2-year","University","lga","Oron","South South","Akwa Ibom","Oron","","","0","423","281","103","91","13","0","142","178","13"
"2020/2021","Female","all","WAEC","2-year","University","lga","Uyo","South South","Akwa Ibom","Uyo","","","0","225","153","59","52","8","0","72","94","8"
"2020/2021","Female","all","WAEC","3-5-year","College of Education","lga","Abak","South South","Akwa Ibom","Abak","","","0","113","74","21","20","2","0","39","53","2"
"2020/2021","Female","all","WAEC","3-5-year","College of Education","lga","Eket","South South","Akwa Ibom","Eket","","","0","151","100","37","36","2","0","51","63","2"
"2020/2021","Female","all","WAEC","3-5-year","College of Education","lga","Ikot Ekpene","South South","Akwa Ibom","Ikot Ekpene","","","0","239","159","55","46","11","0","80","104","11"
"2020/2021","Female","all","WAEC","3-5-year","College of Education","lga","Oron","South South","Akwa Ibom","Oron","","","0","77","50","15","17","0","0","27","35","0"
"2020/2021","Female","all","WAEC","3-5-year","College of Education","lga","Uyo","South South","Akwa Ibom","Uyo","","","0","145","96","30","31","2","0","49","66","2"
"2020/2021","Female","all","WAEC","3-5-year","Polytechnic","lga","Abak","South South","Akwa Ibom","Abak","","","0","131","85","27","26","3","0","46","58","3"
"2020/2021","Female","all","WAEC","3-5-year","Polytechnic","lga","Eket","South South","Akwa Ibom","Eket","","","0","192","126","42","35","8","0","66","84","8"
"2020/2021","Female","all","WAEC","3-5-year","Polytechnic","lga","Ikot Ekpene","South South","Akwa Ibom","Ikot Ekpene","","","0","77","50","18","20","0","0","27","32","0"
"2020/2021","Female","all","WAEC","3-5-year","Polytechnic","lga","Oron","South South","Akwa Ibom","Oron","","","0","116","74","24","24","2","0","42","50","2"
"2020/2021","Female","all","WAEC","3-5-year","Polytechnic","lga","Uyo","South South","Akwa Ibom","Uyo","","","0","135","96","34","30","6","0","39","62","6"
"2020/2021","Female","all","WAEC","3-5-year","University","lga","Abak","South South","Akwa Ibom","Abak","","","0","213","138","43","43","3","0","75","95","3"
"2020/2021","Female","all","WAEC","3-5-year","University","lga","Eket","South South","Akwa Ibom","Eket","","","0","66","46","18","17","2","0","20","28","2"
"2020/2021","Female","all","WAEC","3-5-year","University","lga","Ikot Ekpene","South South","Akwa Ibom","Ikot Ekpene","","","0","165","114","40","37","5","0","51","74","5"
"2020/2021","Female","all","WAEC","3-5-year","University","lga","Oron","South South","Akwa Ibom","Oron","","","0","269","183","68","57","13","0","86","115","13"
"2020/2021","Female","all","WAEC","3-5-year","University","lga","Uyo","South South","Akwa Ibom","Uyo","","","0","157","105","37","37","3","0","52","68","3"
"2020/2021","Female","all","WAEC","5+-year","College of Education","lga","Abak","South South","Akwa Ibom","Abak","","","0","65","41","12","13","0","0","24","29","0"
"2020/2021","Female","all","WAEC","5+-year","College of Education","lga","Eket","South South","Akwa Ibom","Eket","","","0","85","57","24","20","5","0","28","33","5"
"2020/2021","Female","all","WAEC","5+-year","College of Education","lga","Ikot Ekpene","South South","Akwa Ibom","Ikot Ekpene","","","0","125","83","30","25","6","0","42","53","6"
"2020/2021","Female","all","WAEC","5+-year","College of Education","lga","Oron","South South","Akwa Ibom","Oron","","","0","50","31","9","9","0","0","19","22","0"
"2020/2021","Female","all","WAEC","5+-year","College of Education","lga","Uyo","South South","Akwa Ibom","Uyo","","","0","79","50","15","12","3","0","29","35","3"
"2020/2021","Female","all","WAEC","5+-year","Polytechnic","lga","Abak","South South","Akwa Ibom","Abak","","","0","73","48","18","12","6","0","25","30","6"
"2020/2021","Female","all","WAEC","5+-year","Polytechnic","lga","Eket","South South","Akwa Ibom","Eket","","","0","129","84","30","26","5","0","45","54","5"
"2020/2021","Female","all","WAEC","5+-year","Polytechnic","lga","Ikot Ekpene","South South","Akwa Ibom","Ikot Ekpene","","","0","44","29","9","10","0","0","15","20","0"
"2020/2021","Female","all","WAEC","5+-year","Polytechnic","lga","Oron","South South","Akwa Ibom","Oron","","","0","61","44","15","13","3","0","17","29","3"
"2020/2021","Female","all","WAEC","5+-year","Polytechnic","lga","Uyo","South South","Akwa Ibom","Uyo","","","0","77","48","18","16","3","0","29","30","3"
"2020/2021","Female","all","WAEC","5+-year","University","lga","Abak","South South","Akwa Ibom","Abak","","","0","104","70","21","19","3","0","34","49","3"
"2020/2021","Female","all","WAEC","5+-year","University","lga","Eket","South South","Akwa Ibom","Eket","","","0","35","24","9","6","3","0","11","15","3"
"2020/2021","Female","all","WAEC","5+-year","University","lga","Ikot Ekpene","South South","Akwa Ibom","Ikot Ekpene","","","0","77","55","21","20","3","0","22","34","3"
"2020/2021","Female","all","WAEC","5+-year","University","lga","Oron","South South","Akwa Ibom","Oron","","","0","151","105","36","39","0","0","46","69","0"
"2020/2021","Female","all","WAEC","5+-year","University","lga","Uyo","South South","Akwa Ibom","Uyo","","","0","90","59","24","16","8","0","31","35","8"
"2020/2021","Female","disabled","NABTEB","1-year","College of Education","lga","Abak","South South","Akwa Ibom","Abak","","","0","15","9","12","13","0","0","6","0","0"
"2020/2021","Female","disabled","NABTEB","1-year","College of Education","lga","Eket","South South","Akwa Ibom","Eket","","","0","20","12","16","16","0","0","8","0","0"
"2020/2021","Female","disabled","NABTEB","1-year","College of Education","lga","Ikot Ekpene","South South","Akwa Ibom","Ikot Ekpene","","","0","36","18","24","25","0","0","18","0","0"
"2020/2021","Female","disabled","NABTEB","1-year","College of Education","lga","Oron","South South","Akwa Ibom","Oron","","","0","10","6","8","8","0","0","4","0","0"
"2020/2021","Female","disabled","NABTEB","1-year","College of Education","lga","Uyo","South South","Akwa Ibom","Uyo","","","0","20","12","16","16","0","0","8","0","0"
"2020/2021","Female","disabled","NABTEB","1-year","Polytechnic","lga","Abak","South South","Akwa Ibom","Abak","","","0","20","12","16","17","0","0","8","0","0"
"2020/2021","Female","disabled","NABTEB","1-year","Polytechnic","lga","Eket","South South","Akwa Ibom","Eket","","","0","30","18","24","24","0","0","12","0","0"
"2020/2021","Female","disabled","NABTEB","1-year","Polytechnic","lga","Ikot Ekpene","South South","Akwa Ibom","Ikot Ekpene","","","0","10","6","8","8","0","0","4","0","0"
"2020/2021","Female","disabled","NABTEB","1-year","Polytechnic","lga","Oron","South South","Akwa Ibom","Oron","","","0","15","9","12","12","0","0","6","0","0"
"2020/2021","Female","disabled","NABTEB","1-year","Polytechnic","lga","Uyo","South South","Akwa Ibom","Uyo","","","0","20","12","16","18","0","0","8","0","0"
"2020/2021","Female","disabled","NABTEB","1-year","University","lga","Abak","South South","Akwa Ibom","Abak","","","0","25","15","20","22","0","0","10","0","0"
"2020/2021","Female","disabled","NABTEB","1-year","University","lga","Eket","South South","Akwa Ibom","Eket","","","0","10","6","8","8","0","0","4","0","0"
"2020/2021","Female","disabled","NABTEB","1-year","University","lga","Ikot Ekpene","South South","Akwa Ibom","Ikot Ekpene","","","0","20","12","16","16","0","0","8","0","0"
"2020/2021","Female","disabled","NABTEB","1-year","University","lga","Oron","South South","Akwa Ibom","Oron","","","0","35","21","28","28","0","0","14","0","0"
"2020/2021","Female","disabled","NABTEB","1-year","University","lga","Uyo","South South","Akwa Ibom","Uyo","","","0","20","12","16","19","0","0","8","0","0"
"2020/2021","Female","disabled","NABTEB","2-year","College of Education","lga","Abak","South South","Akwa Ibom","Abak","","","0","8","9","0","0","0","0","0","9","0"
"2020/2021","Female","disabled","NABTEB","2-year","College of Education","lga","Eket","South South","Akwa Ibom","Eket","","","0","11","12","0","0","0","0","0","12","0"
"2020/2021","Female","disabled","NABTEB","2-year","College of Education","lga","Ikot Ekpene","South South","Akwa Ibom","Ikot Ekpene","","","0","22","18","0","0","0","0","4","18","0"
"2020/2021","Female","disabled","NABTEB","2-year","College of Education","lga","Oron","South South","Akwa Ibom","Oron","","","0","6","6","0","0","0","0","0","6","0"
"2020/2021","Female","disabled","NABTEB","2-year","College of Education","lga","Uyo","South South","Akwa Ibom","Uyo","","","0","12","12","0","0","0","0","0","12","0"
"2020/2021","Female","disabled","NABTEB","2-year","Polytechnic","lga","Abak","South South","Akwa Ibom","Abak","","","0","10","12","0","0","0","0","0","12","0"
"2020/2021","Female","disabled","NABTEB","2-year","Polytechnic","lga","Eket","South South","Akwa Ibom","Eket","","","0","17","18","0","0","0","0","2","18","0"
"2020/2021","Female","disabled","NABTEB","2-year","Polytechnic","lga","Ikot Ekpene","South South","Akwa Ibom","Ikot Ekpene","","","0","6","6","0","0","0","0","0","6","0"
"2020/2021","Female","disabled","NABTEB","2-year","Polytechnic","lga","Oron","South South","Akwa Ibom","Oron","","","0","8","9","0","0","0","0","0","9","0"
"2020/2021","Female","disabled","NABTEB","2-year","Polytechnic","lga","Uyo","South South","Akwa Ibom","Uyo","","","0","10","12","0","0","0","0","0","12","0"
"2020/2021","Female","disabled","NABTEB","2-year","University","lga","Abak","South South","Akwa Ibom","Abak","","","0","16","15","0","0","0","0","2","15","0"
"2020/2021","Female","disabled","NABTEB","2-year","University","lga","Eket","South South","Akwa Ibom","Eket","","","0","6","6","0","0","0","0","0","6","0"
"2020/2021","Female","disabled","NABTEB","2-year","University","lga","Ikot Ekpene","South South","Akwa Ibom","Ikot Ekpene","","","0","12","12","0","0","0","0","0","12","0"
"2020/2021","Female","disabled","NABTEB","2-year","University","lga","Oron","South South","Akwa Ibom","Oron","","","0","21","21","0","0","0","0","0","21","0"
"2020/2021","Female","disabled","NABTEB","2-year","University","lga","Uyo","South South","Akwa Ibom","Uyo","","","0","12","12","0","0","0","0","0","12","0"
"2020/2021","Female","disabled","NABTEB","3-5-year","College of Education","lga","Abak","South South","Akwa Ibom","Abak","","","0","8","0","0","0","0","0","8","0","0"
"2020/2021","Female","disabled","NABTEB","3-5-year","College of Education","lga","Eket","South South","Akwa Ibom","Eket","","","0","11","3","0","0","0","0","8","3","0"
"2020/2021","Female","disabled","NABTEB","3-5-year","College of Education","lga","Ikot Ekpene","South South","Akwa Ibom","Ikot Ekpene","","","0","17","6","0","0","0","0","12","6","0"
"2020/2021","Female","disabled","NABTEB","3-5-year","College of Education","lga","Oron","South South","Akwa Ibom","Oron","","","0","6","0","0","0","0","0","6","0","0"
"2020/2021","Female","disabled","NABTEB","3-5-year","College of Education","lga","Uyo","South South","Akwa Ibom","Uyo","","","0","12","0","0","0","0","0","12","0","0"
"2020/2021","Female","disabled","NABTEB","3-5-year","Polytechnic","lga","Abak","South South","Akwa Ibom","Abak","","","0","10","0","0","0","0","0","10","0","0"
"2020/2021","Female","disabled","NABTEB","3-5-year","Polytechnic","lga","Eket","South South","Akwa Ibom","Eket","","","0","15","3","0","0","0","0","12","3","0"
"2020/2021","Female","disabled","NABTEB","3-5-year","Polytechnic","lga","Ikot Ekpene","South South","Akwa Ibom","Ikot Ekpene","","","0","6","0","0","0","0","0","6","0","0"
"2020/2021","Female","disabled","NABTEB","3-5-year","Polytechnic","lga","Oron","South South","Akwa Ibom","Oron","","","0","8","0","0","0","0","0","8","0","0"
"2020/2021","Female","disabled","NABTEB","3-5-year","Polytechnic","lga","Uyo","South South","Akwa Ibom","Uyo","","","0","10","0","0","0","0","0","10","0","0"
"2020/2021","Female","disabled","NABTEB","3-5-year","University","lga","Abak","South South","Akwa Ibom","Abak","","","0","13","6","0","0","0","0","8","6","0"
"2020/2021","Female","disabled","NABTEB","3-5-year","University","lga","Eket","South South","Akwa Ibom","Eket","","","0","6","0","0","0","0","0","6","0","0"
"2020/2021","Female","disabled","NABTEB","3-5-year","University","lga","Ikot Ekpene","South South","Akwa Ibom","Ikot Ekpene","","","0","12","3","0","0","0","0","9","3","0"
"2020/2021","Female","disabled","NABTEB","3-5-year","University","lga","Oron","South South","Akwa Ibom","Oron","","","0","21","3","0","0","0","0","18","3","0"
"2020/2021","Female","disabled","NABTEB","3-5-year","University","lga","Uyo","South South","Akwa Ibom","Uyo","","","0","12","0","0","0","0","0","12","0","0"
"2020/2021","Female","disabled","NABTEB","5+-year","College of Education","lga","Abak","South South","Akwa Ibom","Abak","","","0","0","0","0","0","0","0","0","0","0"
"2020/2021","Female","disabled","NABTEB","5+-year","College of Education","lga","Eket","South South","Akwa Ibom","Eket","","","0","3","0","0","0","0","0","3","0","0"
"2020/2021","Female","disabled","NABTEB","5+-year","College of Education","lga","Ikot Ekpene","South South","Akwa Ibom","Ikot Ekpene","","","0","3","0","0","0","0","0","3","0","0"
"2020/2021","Female","disabled","NABTEB","5+-year","College of Education","lga","Oron","South South","Akwa Ibom","Oron","","","0","0","0","0","0","0","0","0","0","0"
"2020/2021","Female","disabled","NABTEB","5+-year","College of Education","lga","Uyo","South South","Akwa Ibom","Uyo","","","0","0","0","0","0","0","0","0","0","0"
"2020/2021","Female","disabled","NABTEB","5+-year","Polytechnic","lga","Abak","South South","Akwa Ibom","Abak","","","0","0","0","0","0","0","0","0","0","0"
"2020/2021","Female","disabled","NABTEB","5+-year","Polytechnic","lga","Eket","South South","Akwa Ibom","Eket","","","0","3","0","0","0","0","0","3","0","0"
"2020/2021","Female","disabled","NABTEB","5+-year","Polytechnic","lga","Ikot Ekpene","South South","Akwa Ibom","Ikot Ekpene","","","0","0","0","0","0","0","0","0","0","0"
"2020/2021","Female","disabled","NABTEB","5+-year","Polytechnic","lga","Oron","South South","Akwa Ibom","Oron","","","0","0","0","0","0","0","0","0","0","0"
"2020/2021","Female","disabled","NABTEB","5+-year","Polytechnic","lga","Uyo","South South","Akwa Ibom","Uyo","","","0","0","0","0","0","0","0","0","0","0"
"2020/2021","Female","disabled","NABTEB","5+-year","University","lga","Abak","South South","Akwa Ibom","Abak","","","0","5","0","0","0","0","0","5","0","0"
"2020/2021","Female","disabled","NABTEB","5+-year","University","lga","Eket","South South","Akwa Ibom","Eket","","","0","0","0","0","0","0","0","0","0","0"
"2020/2021","Female","disabled","NABTEB","5+-year","University","lga","Ikot Ekpene","South South","Akwa Ibom","Ikot Ekpene","","","0","3","0","0","0","0","0","3","0","0"
"2020/2021","Female","disabled","NABTEB","5+-year","University","lga","Oron","South South","Akwa Ibom","Oron","","","0","3","0","0","0","0","0","3","0","0"
"2020/2021","Female","disabled","NABTEB","5+-year","University","lga","Uyo","South South","Akwa Ibom","Uyo","","","0","0","0","0","0","0","0","0","0","0"
"2020/2021","Female","disabled","NECO","1-year","College of Education","lga","Abak","South South","Akwa Ibom","Abak","","","0","19","11","11","12","0","0","8","1","0"
"2020/2021","Female","disabled","NECO","1-year","College of Education","lga","Eket","South South","Akwa Ibom","Eket","","","0","31","16","14","16","0","0","15","4","0"
"2020/2021","Female","disabled","NECO","1-year","College of Education","lga","Ikot Ekpene","South South","Akwa Ibom","Ikot Ekpene","","","0","46","30","23","24","0","0","16","10","0"
"2020/2021","Female","disabled","NECO","1-year","College of Education","lga","Oron","South South","Akwa Ibom","Oron","","","0","16","10","8","8","0","0","6","2","0"
"2020/2021","Female","disabled","NECO","1-year","College of Education","lga","Uyo","South South","Akwa Ibom","Uyo","","","0","23","13","13","16","0","0","10","2","0"
"2020/2021","Female","disabled","NECO","1-year","Polytechnic","lga","Abak","South South","Akwa Ibom","Abak","","","0","26","17","13","16","0","0","9","5","0"
"2020/2021","Female","disabled","NECO","1-year","Polytechnic","lga","Eket","South South","Akwa Ibom","Eket","","","0","42","26","23","24","0","0","16","6","0"
"2020/2021","Female","disabled","NECO","1-year","Polytechnic","lga","Ikot Ekpene","South South","Akwa Ibom","Ikot Ekpene","","","0","16","10","8","8","0","0","6","4","0"
"2020/2021","Female","disabled","NECO","1-year","Polytechnic","lga","Oron","South South","Akwa Ibom","Oron","","","0","22","12","11","12","0","0","10","2","0"
"2020/2021","Female","disabled","NECO","1-year","Polytechnic","lga","Uyo","South South","Akwa Ibom","Uyo","","","0","26","13","16","16","0","0","13","1","0"
"2020/2021","Female","disabled","NECO","1-year","University","lga","Abak","South South","Akwa Ibom","Abak","","","0","50","23","19","20","0","0","27","5","0"
"2020/2021","Female","disabled","NECO","1-year","University","lga","Eket","South South","Akwa Ibom","Eket","","","0","16","8","7","8","0","0","8","1","0"
"2020/2021","Female","disabled","NECO","1-year","University","lga","Ikot Ekpene","South South","Akwa Ibom","Ikot Ekpene","","","0","33","23","16","16","0","0","10","7","0"
"2020/2021","Female","disabled","NECO","1-year","University","lga","Oron","South South","Akwa Ibom","Oron","","","0","61","37","23","28","0","0","24","15","0"
"2020/2021","Female","disabled","NECO","1-year","University","lga","Uyo","South South","Akwa Ibom","Uyo","","","0","33","18","14","16","0","0","15","5","0"
"2020/2021","Female","disabled","NECO","2-year","College of Education","lga","Abak","South South","Akwa Ibom","Abak","","","0","11","9","0","0","0","0","2","9","0"
"2020/2021","Female","disabled","NECO","2-year","College of Education","lga","Eket","South South","Akwa Ibom","Eket","","","0","18","13","0","0","0","0","5","13","0"
"2020/2021","Female","disabled","NECO","2-year","College of Education","lga","Ikot Ekpene","South South","Akwa Ibom","Ikot Ekpene","","","0","31","22","3","4","0","0","9","19","0"
"2020/2021","Female","disabled","NECO","2-year","College of Education","lga","Oron","South South","Akwa Ibom","Oron","","","0","12","6","0","0","0","0","6","6","0"
"2020/2021","Female","disabled","NECO","2-year","College of Education","lga","Uyo","South South","Akwa Ibom","Uyo","","","0","18","13","0","0","0","0","5","13","0"
"2020/2021","Female","disabled","NECO","2-year","Polytechnic","lga","Abak","South South","Akwa Ibom","Abak","","","0","17","9","0","0","0","0","8","9","0"
"2020/2021","Female","disabled","NECO","2-year","Polytechnic","lga","Eket","South South","Akwa Ibom","Eket","","","0","28","17","0","0","0","0","11","17","0"
"2020/2021","Female","disabled","NECO","2-year","Polytechnic","lga","Ikot Ekpene","South South","Akwa Ibom","Ikot Ekpene","","","0","9","8","0","0","0","0","1","8","0"
"2020/2021","Female","disabled","NECO","2-year","Polytechnic","lga","Oron","South South","Akwa Ibom","Oron","","","0","15","8","0","0","0","0","7","8","0"
"2020/2021","Female","disabled","NECO","2-year","Polytechnic","lga","Uyo","South South","Akwa Ibom","Uyo","","","0","15","11","0","0","0","0","4","11","0"
"2020/2021","Female","disabled","NECO","2-year","University","lga","Abak","South South","Akwa Ibom","Abak","","","0","28","23","0","0","0","0","5","23","0"
"2020/2021","Female","disabled","NECO","2-year","University","lga","Eket","South South","Akwa Ibom","Eket","","","0","8","8","0","0","0","0","0","8","0"
"2020/2021","Female","disabled","NECO","2-year","University","lga","Ikot Ekpene","South South","Akwa Ibom","Ikot Ekpene","","","0","20","14","0","0","0","0","6","14","0"
"2020/2021","Female","disabled","NECO","2-year","University","lga","Oron","South South","Akwa Ibom","Oron","","","0","39","27","0","0","0","0","12","27","0"
"2020/2021","Female","disabled","NECO","2-year","University","lga","Uyo","South South","Akwa Ibom","Uyo","","","0","20","11","0","0","0","0","9","11","0"
"2020/2021","Female","disabled","NECO","3-5-year","College of Education","lga","Abak","South South","Akwa Ibom","Abak","","","0","9","9","0","0","0","0","0","9","0"
"2020/2021","Female","disabled","NECO","3-5-year","College of Education","lga","Eket","South South","Akwa Ibom","Eket","","","0","12","9","0","0","0","0","3","9","0"
"2020/2021","Female","disabled","NECO","3-5-year","College of Education","lga","Ikot Ekpene","South South","Akwa Ibom","Ikot Ekpene","","","0","23","17","0","0","0","0","6","17","0"
"2020/2021","Female","disabled","NECO","3-5-year","College of Education","lga","Oron","South South","Akwa Ibom","Oron","","","0","6","6","0","0","0","0","0","6","0"
"2020/2021","Female","disabled","NECO","3-5-year","College of Education","lga","Uyo","South South","Akwa Ibom","Uyo","","","0","12","8","0","0","0","0","4","8","0"
"2020/2021","Female","disabled","NECO","3-5-year","Polytechnic","lga","Abak","South South","Akwa Ibom","Abak","","","0","12","9","0","0","0","0","3","9","0"
"2020/2021","Female","disabled","NECO","3-5-year","Polytechnic","lga","Eket","South South","Akwa Ibom","Eket","","","0","21","15","0","0","0","0","6","15","0"
"2020/2021","Female","disabled","NECO","3-5-year","Polytechnic","lga","Ikot Ekpene","South South","Akwa Ibom","Ikot Ekpene","","","0","6","6","0","0","0","0","0","6","0"
"2020/2021","Female","disabled","NECO","3-5-year","Polytechnic","lga","Oron","South South","Akwa Ibom","Oron","","","0","9","8","0","0","0","0","1","8","0"
"2020/2021","Female","disabled","NECO","3-5-year","Polytechnic","lga","Uyo","South South","Akwa Ibom","Uyo","","","0","12","8","0","0","0","0","4","8","0"
"2020/2021","Female","disabled","NECO","3-5-year","University","lga","Abak","South South","Akwa Ibom","Abak","","","0","26","13","0","0","0","0","13","13","0"
"2020/2021","Female","disabled","NECO","3-5-year","University","lga","Eket","South South","Akwa Ibom","Eket","","","0","6","6","0","0","0","0","0","6","0"
"2020/2021","Female","disabled","NECO","3-5-year","University","lga","Ikot Ekpene","South South","Akwa Ibom","Ikot Ekpene","","","0","14","12","0","0","0","0","2","12","0"
"2020/2021","Female","disabled","NECO","3-5-year","University","lga","Oron","South South","Akwa Ibom","Oron","","","0","24","20","0","0","0","0","4","20","0"
"2020/2021","Female","disabled","NECO","3-5-year","University","lga","Uyo","South South","Akwa Ibom","Uyo","","","0","12","11","0","0","0","0","1","11","0"
"2020/2021","Female","disabled","NECO","5+-year","College of Education","lga","Abak","South South","Akwa Ibom","Abak","","","0","6","3","0","0","0","0","3","3","0"
"2020/2021","Female","disabled","NECO","5+-year","College of Education","lga","Eket","South South","Akwa Ibom","Eket","","","0","6","2","0","0","0","0","4","2","0"
"2020/2021","Female","disabled","NECO","5+-year","College of Education","lga","Ikot Ekpene","South South","Akwa Ibom","Ikot Ekpene","","","0","15","8","0","0","0","0","7","8","0"
"2020/2021","Female","disabled","NECO","5+-year","College of Education","lga","Oron","South South","Akwa Ibom","Oron","","","0","3","0","0","0","0","0","3","0","0"
"2020/2021","Female","disabled","NECO","5+-year","College of Education","lga","Uyo","South South","Akwa Ibom","Uyo","","","0","3","0","0","0","0","0","3","0","0"
"2020/2021","Female","disabled","NECO","5+-year","Polytechnic","lga","Abak","South South","Akwa Ibom","Abak","","","0","6","0","0","0","0","0","6","0","0"
"2020/2021","Female","disabled","NECO","5+-year","Polytechnic","lga","Eket","South South","Akwa Ibom","Eket","","","0","9","6","0","0","0","0","3","6","0"
"2020/2021","Female","disabled","NECO","5+-year","Polytechnic","lga","Ikot Ekpene","South South","Akwa Ibom","Ikot Ekpene","","","0","3","0","0","0","0","0","3","0","0"
"2020/2021","Female","disabled","NECO","5+-year","Polytechnic","lga","Oron","South South","Akwa Ibom","Oron","","","0","6","0","0","0","0","0","6","0","0"
"2020/2021","Female","disabled","NECO","5+-year","Polytechnic","lga","Uyo","South South","Akwa Ibom","Uyo","","","0","6","0","0","0","0","0","6","0","0"
"2020/2021","Female","disabled","NECO","5+-year","University","lga","Abak","South South","Akwa Ibom","Abak","","","0","6","5","0","0","0","0","1","5","0"
"2020/2021","Female","disabled","NECO","5+-year","University","lga","Eket","South South","Akwa Ibom","Eket","","","0","3","0","0","0","0","0","3","0","0"
"2020/2021","Female","disabled","NECO","5+-year","University","lga","Ikot Ekpene","South South","Akwa Ibom","Ikot Ekpene","","","0","9","0","0","0","0","0","9","0","0"
"2020/2021","Female","disabled","NECO","5+-year","University","lga","Oron","South South","Akwa Ibom","Oron","","","0","15","4","0","0","0","0","11","4","0"
"2020/2021","Female","disabled","NECO","5+-year","University","lga","Uyo","South South","Akwa Ibom","Uyo","","","0","9","5","0","0","0","0","4","5","0"
"2020/2021","Female","disabled","WAEC","1-year","College of Education","lga","Abak","South South","Akwa Ibom","Abak","","","0","30","16","9","9","0","0","14","8","0"
"2020/2021","Female","disabled","WAEC","1-year","College of Education","lga","Eket","South South","Akwa Ibom","Eket","","","0","38","27","12","12","0","0","11","15","0"
"2020/2021","Female","disabled","WAEC","1-year","College of Education","lga","Ikot Ekpene","South South","Akwa Ibom","Ikot Ekpene","","","0","64","41","18","18","0","0","23","24","0"
"2020/2021","Female","disabled","WAEC","1-year","College of Education","lga","Oron","South South","Akwa Ibom","Oron","","","0","22","14","6","6","0","0","8","8","0"
"2020/2021","Female","disabled","WAEC","1-year","College of Education","lga","Uyo","South South","Akwa Ibom","Uyo","","","0","29","19","12","12","0","0","10","8","0"
"2020/2021","Female","disabled","WAEC","1-year","Polytechnic","lga","Abak","South South","Akwa Ibom","Abak","","","0","32","20","12","12","0","0","12","8","0"
"2020/2021","Female","disabled","WAEC","1-year","Polytechnic","lga","Eket","South South","Akwa Ibom","Eket","","","0","53","41","18","18","0","0","12","23","0"
"2020/2021","Female","disabled","WAEC","1-year","Polytechnic","lga","Ikot Ekpene","South South","Akwa Ibom","Ikot Ekpene","","","0","19","12","6","6","0","0","7","6","0"
"2020/2021","Female","disabled","WAEC","1-year","Polytechnic","lga","Oron","South South","Akwa Ibom","Oron","","","0","24","17","9","9","0","0","7","8","0"
"2020/2021","Female","disabled","WAEC","1-year","Polytechnic","lga","Uyo","South South","Akwa Ibom","Uyo","","","0","32","22","12","12","0","0","10","10","0"
"2020/2021","Female","disabled","WAEC","1-year","University","lga","Abak","South South","Akwa Ibom","Abak","","","0","60","39","15","15","0","0","21","24","0"
"2020/2021","Female","disabled","WAEC","1-year","University","lga","Eket","South South","Akwa Ibom","Eket","","","0","16","12","6","6","0","0","4","6","0"
"2020/2021","Female","disabled","WAEC","1-year","University","lga","Ikot Ekpene","South South","Akwa Ibom","Ikot Ekpene","","","0","50","34","12","12","0","0","16","22","0"
"2020/2021","Female","disabled","WAEC","1-year","University","lga","Oron","South South","Akwa Ibom","Oron","","","0","74","48","21","21","0","0","26","27","0"
"2020/2021","Female","disabled","WAEC","1-year","University","lga","Uyo","South South","Akwa Ibom","Uyo","","","0","38","26","12","12","0","0","12","14","0"
"2020/2021","Female","disabled","WAEC","2-year","College of Education","lga","Abak","South South","Akwa Ibom","Abak","","","0","16","12","0","0","0","0","4","12","0"
"2020/2021","Female","disabled","WAEC","2-year","College of Education","lga","Eket","South South","Akwa Ibom","Eket","","","0","26","14","6","6","0","0","12","8","0"
"2020/2021","Female","disabled","WAEC","2-year","College of Education","lga","Ikot Ekpene","South South","Akwa Ibom","Ikot Ekpene","","","0","38","25","9","9","0","0","13","16","0"
"2020/2021","Female","disabled","WAEC","2-year","College of Education","lga","Oron","South South","Akwa Ibom","Oron","","","0","13","10","3","3","0","0","3","7","0"
"2020/2021","Female","disabled","WAEC","2-year","College of Education","lga","Uyo","South South","Akwa Ibom","Uyo","","","0","27","17","0","0","0","0","10","17","0"
"2020/2021","Female","disabled","WAEC","2-year","Polytechnic","lga","Abak","South South","Akwa Ibom","Abak","","","0","20","17","0","0","0","0","3","17","0"
"2020/2021","Female","disabled","WAEC","2-year","Polytechnic","lga","Eket","South South","Akwa Ibom","Eket","","","0","33","18","6","6","0","0","15","12","0"
"2020/2021","Female","disabled","WAEC","2-year","Polytechnic","lga","Ikot Ekpene","South South","Akwa Ibom","Ikot Ekpene","","","0","13","7","3","3","0","0","6","4","0"
"2020/2021","Female","disabled","WAEC","2-year","Polytechnic","lga","Oron","South South","Akwa Ibom","Oron","","","0","18","9","3","3","0","0","9","6","0"
"2020/2021","Female","disabled","WAEC","2-year","Polytechnic","lga","Uyo","South South","Akwa Ibom","Uyo","","","0","18","8","0","0","0","0","10","8","0"
"2020/2021","Female","disabled","WAEC","2-year","University","lga","Abak","South South","Akwa Ibom","Abak","","","0","38","24","9","9","0","0","14","15","0"
"2020/2021","Female","disabled","WAEC","2-year","University","lga","Eket","South South","Akwa Ibom","Eket","","","0","11","7","3","3","0","0","4","4","0"
"2020/2021","Female","disabled","WAEC","2-year","University","lga","Ikot Ekpene","South South","Akwa Ibom","Ikot Ekpene","","","0","26","20","9","9","0","0","6","11","0"
"2020/2021","Female","disabled","WAEC","2-year","University","lga","Oron","South South","Akwa Ibom","Oron","","","0","47","23","9","9","0","0","24","14","0"
"2020/2021","Female","disabled","WAEC","2-year","University","lga","Uyo","South South","Akwa Ibom","Uyo","","","0","21","17","6","6","0","0","4","11","0"
"2020/2021","Female","disabled","WAEC","3-5-year","College of Education","lga","Abak","South South","Akwa Ibom","Abak","","","0","9","6","0","0","0","0","3","6","0"
"2020/2021","Female","disabled","WAEC","3-5-year","College of Education","lga","Eket","South South","Akwa Ibom","Eket","","","0","16","8","0","0","0","0","8","8","0"
"2020/2021","Female","disabled","WAEC","3-5-year","College of Education","lga","Ikot Ekpene","South South","Akwa Ibom","Ikot Ekpene","","","0","27","18","0","0","0","0","9","18","0"
"2020/2021","Female","disabled","WAEC","3-5-year","College of Education","lga","Oron","South South","Akwa Ibom","Oron","","","0","10","4","0","0","0","0","6","4","0"
"2020/2021","Female","disabled","WAEC","3-5-year","College of Education","lga","Uyo","South South","Akwa Ibom","Uyo","","","0","12","8","0","0","0","0","4","8","0"
"2020/2021","Female","disabled","WAEC","3-5-year","Polytechnic","lga","Abak","South South","Akwa Ibom","Abak","","","0","14","8","0","0","0","0","6","8","0"
"2020/2021","Female","disabled","WAEC","3-5-year","Polytechnic","lga","Eket","South South","Akwa Ibom","Eket","","","0","24","15","0","0","0","0","9","15","0"
"2020/2021","Female","disabled","WAEC","3-5-year","Polytechnic","lga","Ikot Ekpene","South South","Akwa Ibom","Ikot Ekpene","","","0","8","7","0","0","0","0","1","7","0"
"2020/2021","Female","disabled","WAEC","3-5-year","Polytechnic","lga","Oron","South South","Akwa Ibom","Oron","","","0","9","6","0","0","0","0","3","6","0"
"2020/2021","Female","disabled","WAEC","3-5-year","Polytechnic","lga","Uyo","South South","Akwa Ibom","Uyo","","","0","14","8","0","0","0","0","6","8","0"
"2020/2021","Female","disabled","WAEC","3-5-year","University","lga","Abak","South South","Akwa Ibom","Abak","","","0","26","22","0","0","0","0","4","22","0"
"2020/2021","Female","disabled","WAEC","3-5-year","University","lga","Eket","South South","Akwa Ibom","Eket","","","0","8","4","0","0","0","0","4","4","0"
"2020/2021","Female","disabled","WAEC","3-5-year","University","lga","Ikot Ekpene","South South","Akwa Ibom","Ikot Ekpene","","","0","18","8","0","0","0","0","10","8","0"
"2020/2021","Female","disabled","WAEC","3-5-year","University","lga","Oron","South South","Akwa Ibom","Oron","","","0","29","17","0","0","0","0","12","17","0"
"2020/2021","Female","disabled","WAEC","3-5-year","University","lga","Uyo","South South","Akwa Ibom","Uyo","","","0","18","8","0","0","0","0","10","8","0"
"2020/2021","Female","disabled","WAEC","5+-year","College of Education","lga","Abak","South South","Akwa Ibom","Abak","","","0","6","2","0","0","0","0","4","2","0"
"2020/2021","Female","disabled","WAEC","5+-year","College of Education","lga","Eket","South South","Akwa Ibom","Eket","","","0","12","6","0","0","0","0","6","6","0"
"2020/2021","Female","disabled","WAEC","5+-year","College of Education","lga","Ikot Ekpene","South South","Akwa Ibom","Ikot Ekpene","","","0","17","8","0","0","0","0","9","8","0"
"2020/2021","Female","disabled","WAEC","5+-year","College of Education","lga","Oron","South South","Akwa Ibom","Oron","","","0","6","4","0","0","0","0","2","4","0"
"2020/2021","Female","disabled","WAEC","5+-year","College of Education","lga","Uyo","South South","Akwa Ibom","Uyo","","","0","12","0","0","0","0","0","12","0","0"
"2020/2021","Female","disabled","WAEC","5+-year","Polytechnic","lga","Abak","South South","Akwa Ibom","Abak","","","0","12","2","0","0","0","0","10","2","0"
"2020/2021","Female","disabled","WAEC","5+-year","Polytechnic","lga","Eket","South South","Akwa Ibom","Eket","","","0","20","6","0","0","0","0","14","6","0"
"2020/2021","Female","disabled","WAEC","5+-year","Polytechnic","lga","Ikot Ekpene","South South","Akwa Ibom","Ikot Ekpene","","","0","6","2","0","0","0","0","4","2","0"
"2020/2021","Female","disabled","WAEC","5+-year","Polytechnic","lga","Oron","South South","Akwa Ibom","Oron","","","0","9","4","0","0","0","0","5","4","0"
"2020/2021","Female","disabled","WAEC","5+-year","Polytechnic","lga","Uyo","South South","Akwa Ibom","Uyo","","","0","9","4","0","0","0","0","5","4","0"
"2020/2021","Female","disabled","WAEC","5+-year","University","lga","Abak","South South","Akwa Ibom","Abak","","","0","15","4","0","0","0","0","11","4","0"
"2020/2021","Female","disabled","WAEC","5+-year","University","lga","Eket","South South","Akwa Ibom","Eket","","","0","6","2","0","0","0","0","4","2","0"
"2020/2021","Female","disabled","WAEC","5+-year","University","lga","Ikot Ekpene","South South","Akwa Ibom","Ikot Ekpene","","","0","12","6","0","0","0","0","6","6","0"
"2020/2021","Female","disabled","WAEC","5+-year","University","lga","Oron","South South","Akwa Ibom","Oron","","","0","18","12","0","0","0","0","6","12","0"
"2020/2021","Female","disabled","WAEC","5+-year","University","lga","Uyo","South South","Akwa Ibom","Uyo","","","0","12","4","0","0","0","0","8","4","0"
"2020/2021","Male","all","NABTEB","1-year","College of Education","lga","Abak","South South","Akwa Ibom","Abak","","","0","128","88","30","22","8","0","40","58","8"
"2020/2021","Male","all","NABTEB","1-year","College of Education","lga","Eket","South South","Akwa Ibom","Eket","","","0","150","105","38","39","0","0","45","67","0"
"2020/2021","Male","all","NABTEB","1-year","College of Education","lga","Ikot Ekpene","South South","Akwa Ibom","Ikot Ekpene","","","0","244","158","55","47","8","0","86","103","8"
"2020/2021","Male","all","NABTEB","1-year","College of Education","lga","Oron","South South","Akwa Ibom","Oron","","","0","96","64","21","17","4","0","32","43","4"
"2020/2021","Male","all","NABTEB","1-year","College of Education","lga","Uyo","South South","Akwa Ibom","Uyo","","","0","169","107","30","31","0","0","62","77","0"
"2020/2021","Male","all","NABTEB","1-year","Polytechnic","lga","Abak","South South","Akwa Ibom","Abak","","","0","148","89","32","26","8","0","59","57","8"
"2020/2021","Male","all","NABTEB","1-year","Polytechnic","lga","Eket","South South","Akwa Ibom","Eket","","","0","221","142","41","34","8","0","79","101","8"
"2020/2021","Male","all","NABTEB","1-year","Polytechnic","lga","Ikot Ekpene","South South","Akwa Ibom","Ikot Ekpene","","","0","83","59","21","17","4","0","24","38","4"
"2020/2021","Male","all","NABTEB","1-year","Polytechnic","lga","Oron","South South","Akwa Ibom","Oron","","","0","117","72","21","22","0","0","45","51","0"
"2020/2021","Male","all","NABTEB","1-year","Polytechnic","lga","Uyo","South South","Akwa Ibom","Uyo","","","0","136","94","34","31","4","0","42","60","4"
"2020/2021","Male","all","NABTEB","1-year","University","lga","Abak","South South","Akwa Ibom","Abak","","","0","232","148","49","35","15","0","84","99","15"
"2020/2021","Male","all","NABTEB","1-year","University","lga","Eket","South South","Akwa Ibom","Eket","","","0","67","44","16","18","0","0","23","28","0"
"2020/2021","Male","all","NABTEB","1-year","University","lga","Ikot Ekpene","South South","Akwa Ibom","Ikot Ekpene","","","0","179","125","38","39","0","0","54","87","0"
"2020/2021","Male","all","NABTEB","1-year","University","lga","Oron","South South","Akwa Ibom","Oron","","","0","294","198","75","57","20","0","96","123","20"
"2020/2021","Male","all","NABTEB","1-year","University","lga","Uyo","South South","Akwa Ibom","Uyo","","","0","159","99","37","32","7","0","60","62","7"
"2020/2021","Male","all","NABTEB","2-year","College of Education","lga","Abak","South South","Akwa Ibom","Abak","","","0","86","55","20","17","4","0","31","35","4"
"2020/2021","Male","all","NABTEB","2-year","College of Education","lga","Eket","South South","Akwa Ibom","Eket","","","0","103","70","24","26","0","0","33","46","0"
"2020/2021","Male","all","NABTEB","2-year","College of Education","lga","Ikot Ekpene","South South","Akwa Ibom","Ikot Ekpene","","","0","156","102","32","34","0","0","54","70","0"
"2020/2021","Male","all","NABTEB","2-year","College of Education","lga","Oron","South South","Akwa Ibom","Oron","","","0","63","43","13","13","0","0","20","30","0"
"2020/2021","Male","all","NABTEB","2-year","College of Education","lga","Uyo","South South","Akwa Ibom","Uyo","","","0","93","60","16","16","0","0","33","44","0"
"2020/2021","Male","all","NABTEB","2-year","Polytechnic","lga","Abak","South South","Akwa Ibom","Abak","","","0","90","60","16","17","0","0","30","44","0"
"2020/2021","Male","all","NABTEB","2-year","Polytechnic","lga","Eket","South South","Akwa Ibom","Eket","","","0","139","91","28","24","4","0","48","63","4"
"2020/2021","Male","all","NABTEB","2-year","Polytechnic","lga","Ikot Ekpene","South South","Akwa Ibom","Ikot Ekpene","","","0","60","41","12","13","0","0","19","29","0"
"2020/2021","Male","all","NABTEB","2-year","Polytechnic","lga","Oron","South South","Akwa Ibom","Oron","","","0","73","47","12","12","0","0","26","35","0"
"2020/2021","Male","all","NABTEB","2-year","Polytechnic","lga","Uyo","South South","Akwa Ibom","Uyo","","","0","86","59","21","18","4","0","27","38","4"
"2020/2021","Male","all","NABTEB","2-year","University","lga","Abak","South South","Akwa Ibom","Abak","","","0","158","99","24","26","0","0","59","75","0"
"2020/2021","Male","all","NABTEB","2-year","University","lga","Eket","South South","Akwa Ibom","Eket","","","0","42","29","12","8","4","0","13","17","4"
"2020/2021","Male","all","NABTEB","2-year","University","lga","Ikot Ekpene","South South","Akwa Ibom","Ikot Ekpene","","","0","114","79","28","26","4","0","35","51","4"
"2020/2021","Male","all","NABTEB","2-year","University","lga","Oron","South South","Akwa Ibom","Oron","","","0","185","125","33","33","0","0","60","92","0"
"2020/2021","Male","all","NABTEB","2-year","University","lga","Uyo","South South","Akwa Ibom","Uyo","","","0","97","62","21","19","5","0","35","41","5"
"2020/2021","Male","all","NABTEB","3-5-year","College of Education","lga","Abak","South South","Akwa Ibom","Abak","","","0","52","36","8","9","0","0","16","28","0"
"2020/2021","Male","all","NABTEB","3-5-year","College of Education","lga","Eket","South South","Akwa Ibom","Eket","","","0","65","42","16","16","0","0","23","26","0"
"2020/2021","Male","all","NABTEB","3-5-year","College of Education","lga","Ikot Ekpene","South South","Akwa Ibom","Ikot Ekpene","","","0","99","66","20","21","0","0","33","46","0"
"2020/2021","Male","all","NABTEB","3-5-year","College of Education","lga","Oron","South South","Akwa Ibom","Oron","","","0","39","24","8","8","0","0","15","16","0"
"2020/2021","Male","all","NABTEB","3-5-year","College of Education","lga","Uyo","South South","Akwa Ibom","Uyo","","","0","55","36","12","12","0","0","19","24","0"
"2020/2021","Male","all","NABTEB","3-5-year","Polytechnic","lga","Abak","South South","Akwa Ibom","Abak","","","0","55","33","16","17","0","0","22","17","0"
"2020/2021","Male","all","NABTEB","3-5-year","Polytechnic","lga","Eket","South South","Akwa Ibom","Eket","","","0","82","51","24","24","0","0","31","27","0"
"2020/2021","Male","all","NABTEB","3-5-year","Polytechnic","lga","Ikot Ekpene","South South","Akwa Ibom","Ikot Ekpene","","","0","36","26","8","8","0","0","10","18","0"
"2020/2021","Male","all","NABTEB","3-5-year","Polytechnic","lga","Oron","South South","Akwa Ibom","Oron","","","0","49","33","12","8","4","0","16","21","4"
"2020/2021","Male","all","NABTEB","3-5-year","Polytechnic","lga","Uyo","South South","Akwa Ibom","Uyo","","","0","57","42","16","18","0","0","15","26","0"
"2020/2021","Male","all","NABTEB","3-5-year","University","lga","Abak","South South","Akwa Ibom","Abak","","","0","83","54","20","22","0","0","29","34","0"
"2020/2021","Male","all","NABTEB","3-5-year","University","lga","Eket","South South","Akwa Ibom","Eket","","","0","26","15","8","8","0","0","11","7","0"
"2020/2021","Male","all","NABTEB","3-5-year","University","lga","Ikot Ekpene","South South","Akwa Ibom","Ikot Ekpene","","","0","78","53","16","16","0","0","25","37","0"
"2020/2021","Male","all","NABTEB","3-5-year","University","lga","Oron","South South","Akwa Ibom","Oron","","","0","114","81","28","28","0","0","33","53","0"
"2020/2021","Male","all","NABTEB","3-5-year","University","lga","Uyo","South South","Akwa Ibom","Uyo","","","0","60","36","16","19","0","0","24","20","0"
"2020/2021","Male","all","NABTEB","5+-year","College of Education","lga","Abak","South South","Akwa Ibom","Abak","","","0","31","21","4","5","0","0","10","17","0"
"2020/2021","Male","all","NABTEB","5+-year","College of Education","lga","Eket","South South","Akwa Ibom","Eket","","","0","33","21","12","0","12","0","12","9","12"
"2020/2021","Male","all","NABTEB","5+-year","College of Education","lga","Ikot Ekpene","South South","Akwa Ibom","Ikot Ekpene","","","0","51","33","12","4","8","0","18","21","8"
"2020/2021","Male","all","NABTEB","5+-year","College of Education","lga","Oron","South South","Akwa Ibom","Oron","","","0","23","18","4","0","4","0","5","14","4"
"2020/2021","Male","all","NABTEB","5+-year","College of Education","lga","Uyo","South South","Akwa Ibom","Uyo","","","0","31","21","8","0","8","0","10","13","8"
"2020/2021","Male","all","NABTEB","5+-year","Polytechnic","lga","Abak","South South","Akwa Ibom","Abak","","","0","32","24","0","0","0","0","8","24","0"
"2020/2021","Male","all","NABTEB","5+-year","Polytechnic","lga","Eket","South South","Akwa Ibom","Eket","","","0","52","33","4","0","4","0","19","29","4"
"2020/2021","Male","all","NABTEB","5+-year","Polytechnic","lga","Ikot Ekpene","South South","Akwa Ibom","Ikot Ekpene","","","0","18","12","4","4","0","0","6","8","0"
"2020/2021","Male","all","NABTEB","5+-year","Polytechnic","lga","Oron","South South","Akwa Ibom","Oron","","","0","28","18","4","0","4","0","10","14","4"
"2020/2021","Male","all","NABTEB","5+-year","Polytechnic","lga","Uyo","South South","Akwa Ibom","Uyo","","","0","37","24","8","10","0","0","13","16","0"
"2020/2021","Male","all","NABTEB","5+-year","University","lga","Abak","South South","Akwa Ibom","Abak","","","0","63","39","8","5","4","0","24","31","4"
"2020/2021","Male","all","NABTEB","5+-year","University","lga","Eket","South South","Akwa Ibom","Eket","","","0","16","9","0","0","0","0","7","9","0"
"2020/2021","Male","all","NABTEB","5+-year","University","lga","Ikot Ekpene","South South","Akwa Ibom","Ikot Ekpene","","","0","39","24","8","0","8","0","15","16","8"
"2020/2021","Male","all","NABTEB","5+-year","University","lga","Oron","South South","Akwa Ibom","Oron","","","0","78","54","16","12","4","0","24","38","4"
"2020/2021","Male","all","NABTEB","5+-year","University","lga","Uyo","South South","Akwa Ibom","Uyo","","","0","39","27","4","0","4","0","12","23","4"
"2020/2021","Male","all","NECO","1-year","College of Education","lga","Abak","South South","Akwa Ibom","Abak","","","0","231","151","39","41","0","0","80","112","0"
"2020/2021","Male","all","NECO","1-year","College of Education","lga","Eket","South South","Akwa Ibom","Eket","","","0","292","200","69","61","9","0","92","131","9"
"2020/2021","Male","all","NECO","1-year","College of Education","lga","Ikot Ekpene","South South","Akwa Ibom","Ikot Ekpene","","","0","466","305","97","88","11","0","161","208","11"
"2020/2021","Male","all","NECO","1-year","College of Education","lga","Oron","South South","Akwa Ibom","Oron","","","0","172","115","36","30","6","0","57","79","6"
"2020/2021","Male","all","NECO","1-year","College of Education","lga","Uyo","South South","Akwa Ibom","Uyo","","","0","285","184","60","52","9","0","101","124","9"
"2020/2021","Male","all","NECO","1-year","Polytechnic","lga","Abak","South South","Akwa Ibom","Abak","","","0","272","175","53","48","6","0","97","122","6"
"2020/2021","Male","all","NECO","1-year","Polytechnic","lga","Eket","South South","Akwa Ibom","Eket","","","0","407","265","83","72","13","0","142","182","13"
"2020/2021","Male","all","NECO","1-year","Polytechnic","lga","Ikot Ekpene","South South","Akwa Ibom","Ikot Ekpene","","","0","154","102","36","31","5","0","52","66","5"
"2020/2021","Male","all","NECO","1-year","Polytechnic","lga","Oron","South South","Akwa Ibom","Oron","","","0","223","150","46","41","6","0","73","104","6"
"2020/2021","Male","all","NECO","1-year","Polytechnic","lga","Uyo","South South","Akwa Ibom","Uyo","","","0","270","179","61","52","10","0","91","118","10"
"2020/2021","Male","all","NECO","1-year","University","lga","Abak","South South","Akwa Ibom","Abak","","","0","488","307","98","83","15","0","181","209","15"
"2020/2021","Male","all","NECO","1-year","University","lga","Eket","South South","Akwa Ibom","Eket","","","0","120","78","29","23","6","0","42","49","6"
"2020/2021","Male","all","NECO","1-year","University","lga","Ikot Ekpene","South South","Akwa Ibom","Ikot Ekpene","","","0","338","223","68","56","13","0","115","155","13"
"2020/2021","Male","all","NECO","1-year","University","lga","Oron","South South","Akwa Ibom","Oron","","","0","552","362","115","106","12","0","190","247","12"
"2020/2021","Male","all","NECO","1-year","University","lga","Uyo","South South","Akwa Ibom","Uyo","","","0","276","182","53","48","6","0","94","129","6"
"2020/2021","Male","all","NECO","2-year","College of Education","lga","Abak","South South","Akwa Ibom","Abak","","","0","148","96","25","22","3","0","52","71","3"
"2020/2021","Male","all","NECO","2-year","College of Education","lga","Eket","South South","Akwa Ibom","Eket","","","0","187","130","46","42","6","0","57","84","6"
"2020/2021","Male","all","NECO","2-year","College of Education","lga","Ikot Ekpene","South South","Akwa Ibom","Ikot Ekpene","","","0","289","186","60","53","9","0","103","126","9"
"2020/2021","Male","all","NECO","2-year","College of Education","lga","Oron","South South","Akwa Ibom","Oron","","","0","109","72","22","22","0","0","37","50","0"
"2020/2021","Male","all","NECO","2-year","College of Education","lga","Uyo","South South","Akwa Ibom","Uyo","","","0","178","111","36","38","0","0","67","75","0"
"2020/2021","Male","all","NECO","2-year","Polytechnic","lga","Abak","South South","Akwa Ibom","Abak","","","0","178","117","32","32","3","0","61","85","3"
"2020/2021","Male","all","NECO","2-year","Polytechnic","lga","Eket","South South","Akwa Ibom","Eket","","","0","271","175","53","46","9","0","96","122","9"
"2020/2021","Male","all","NECO","2-year","Polytechnic","lga","Ikot Ekpene","South South","Akwa Ibom","Ikot Ekpene","","","0","100","67","25","23","3","0","33","42","3"
"2020/2021","Male","all","NECO","2-year","Polytechnic","lga","Oron","South South","Akwa Ibom","Oron","","","0","150","101","36","30","6","0","49","65","6"
"2020/2021","Male","all","NECO","2-year","Polytechnic","lga","Uyo","South South","Akwa Ibom","Uyo","","","0","162","109","37","31","6","0","53","72","6"
"2020/2021","Male","all","NECO","2-year","University","lga","Abak","South South","Akwa Ibom","Abak","","","0","313","198","61","56","6","0","115","137","6"
"2020/2021","Male","all","NECO","2-year","University","lga","Eket","South South","Akwa Ibom","Eket","","","0","75","49","18","16","3","0","26","31","3"
"2020/2021","Male","all","NECO","2-year","University","lga","Ikot Ekpene","South South","Akwa Ibom","Ikot Ekpene","","","0","217","143","47","37","10","0","74","96","10"
"2020/2021","Male","all","NECO","2-year","University","lga","Oron","South South","Akwa Ibom","Oron","","","0","362","236","79","68","12","0","126","157","12"
"2020/2021","Male","all","NECO","2-year","University","lga","Uyo","South South","Akwa Ibom","Uyo","","","0","190","122","36","35","3","0","68","86","3"
"2020/2021","Male","all","NECO","3-5-year","College of Education","lga","Abak","South South","Akwa Ibom","Abak","","","0","97","62","18","16","3","0","35","44","3"
"2020/2021","Male","all","NECO","3-5-year","College of Education","lga","Eket","South South","Akwa Ibom","Eket","","","0","119","83","29","28","3","0","36","54","3"
"2020/2021","Male","all","NECO","3-5-year","College of Education","lga","Ikot Ekpene","South South","Akwa Ibom","Ikot Ekpene","","","0","178","117","37","36","3","0","61","80","3"
"2020/2021","Male","all","NECO","3-5-year","College of Education","lga","Oron","South South","Akwa Ibom","Oron","","","0","62","39","14","12","3","0","23","25","3"
"2020/2021","Male","all","NECO","3-5-year","College of Education","lga","Uyo","South South","Akwa Ibom","Uyo","","","0","100","65","20","20","3","0","35","45","3"
"2020/2021","Male","all","NECO","3-5-year","Polytechnic","lga","Abak","South South","Akwa Ibom","Abak","","","0","122","81","28","24","6","0","41","53","6"
"2020/2021","Male","all","NECO","3-5-year","Polytechnic","lga","Eket","South South","Akwa Ibom","Eket","","","0","165","106","29","32","0","0","59","77","0"
"2020/2021","Male","all","NECO","3-5-year","Polytechnic","lga","Ikot Ekpene","South South","Akwa Ibom","Ikot Ekpene","","","0","62","41","15","15","0","0","21","26","0"
"2020/2021","Male","all","NECO","3-5-year","Polytechnic","lga","Oron","South South","Akwa Ibom","Oron","","","0","87","55","21","16","6","0","32","34","6"
"2020/2021","Male","all","NECO","3-5-year","Polytechnic","lga","Uyo","South South","Akwa Ibom","Uyo","","","0","92","60","19","16","3","0","32","41","3"
"2020/2021","Male","all","NECO","3-5-year","University","lga","Abak","South South","Akwa Ibom","Abak","","","0","178","115","36","28","9","0","63","79","9"
"2020/2021","Male","all","NECO","3-5-year","University","lga","Eket","South South","Akwa Ibom","Eket","","","0","50","31","10","12","0","0","19","21","0"
"2020/2021","Male","all","NECO","3-5-year","University","lga","Ikot Ekpene","South South","Akwa Ibom","Ikot Ekpene","","","0","142","93","28","24","6","0","49","65","6"
"2020/2021","Male","all","NECO","3-5-year","University","lga","Oron","South South","Akwa Ibom","Oron","","","0","235","150","50","47","6","0","85","100","6"
"2020/2021","Male","all","NECO","3-5-year","University","lga","Uyo","South South","Akwa Ibom","Uyo","","","0","123","83","25","20","6","0","40","58","6"
"2020/2021","Male","all","NECO","5+-year","College of Education","lga","Abak","South South","Akwa Ibom","Abak","","","0","64","39","15","8","7","0","25","24","7"
"2020/2021","Male","all","NECO","5+-year","College of Education","lga","Eket","South South","Akwa Ibom","Eket","","","0","78","54","22","20","3","0","24","32","3"
"2020/2021","Male","all","NECO","5+-year","College of Education","lga","Ikot Ekpene","South South","Akwa Ibom","Ikot Ekpene","","","0","108","71","23","20","4","0","37","48","4"
"2020/2021","Male","all","NECO","5+-year","College of Education","lga","Oron","South South","Akwa Ibom","Oron","","","0","39","23","7","8","0","0","16","16","0"
"2020/2021","Male","all","NECO","5+-year","College of Education","lga","Uyo","South South","Akwa Ibom","Uyo","","","0","62","41","13","16","0","0","21","28","0"
"2020/2021","Male","all","NECO","5+-year","Polytechnic","lga","Abak","South South","Akwa Ibom","Abak","","","0","59","38","16","16","0","0","21","22","0"
"2020/2021","Male","all","NECO","5+-year","Polytechnic","lga","Eket","South South","Akwa Ibom","Eket","","","0","82","55","19","16","3","0","27","36","3"
"2020/2021","Male","all","NECO","5+-year","Polytechnic","lga","Ikot Ekpene","South South","Akwa Ibom","Ikot Ekpene","","","0","36","24","11","8","3","0","12","13","3"
"2020/2021","Male","all","NECO","5+-year","Polytechnic","lga","Oron","South South","Akwa Ibom","Oron","","","0","55","36","11","12","0","0","19","25","0"
"2020/2021","Male","all","NECO","5+-year","Polytechnic","lga","Uyo","South South","Akwa Ibom","Uyo","","","0","56","34","15","16","0","0","22","19","0"
"2020/2021","Male","all","NECO","5+-year","University","lga","Abak","South South","Akwa Ibom","Abak","","","0","105","68","20","20","0","0","37","48","0"
"2020/2021","Male","all","NECO","5+-year","University","lga","Eket","South South","Akwa Ibom","Eket","","","0","28","18","7","8","0","0","10","11","0"
"2020/2021","Male","all","NECO","5+-year","University","lga","Ikot Ekpene","South South","Akwa Ibom","Ikot Ekpene","","","0","67","41","12","12","0","0","26","29","0"
"2020/2021","Male","all","NECO","5+-year","University","lga","Oron","South South","Akwa Ibom","Oron","","","0","130","90","24","24","3","0","40","66","3"
"2020/2021","Male","all","NECO","5+-year","University","lga","Uyo","South South","Akwa Ibom","Uyo","","","0","69","47","15","16","0","0","22","32","0"
"2020/2021","Male","all","WAEC","1-year","College of Education","lga","Abak","South South","Akwa Ibom","Abak","","","0","318","202","56","55","2","0","116","146","2"
"2020/2021","Male","all","WAEC","1-year","College of Education","lga","Eket","South South","Akwa Ibom","Eket","","","0","392","265","93","78","15","0","127","172","15"
"2020/2021","Male","all","WAEC","1-year","College of Education","lga","Ikot Ekpene","South South","Akwa Ibom","Ikot Ekpene","","","0","596","397","134","114","21","0","199","263","21"
"2020/2021","Male","all","WAEC","1-year","College of Education","lga","Oron","South South","Akwa Ibom","Oron","","","0","208","135","44","39","5","0","73","91","5"
"2020/2021","Male","all","WAEC","1-year","College of Education","lga","Uyo","South South","Akwa Ibom","Uyo","","","0","361","244","79","67","12","0","117","165","12"
"2020/2021","Male","all","WAEC","1-year","Polytechnic","lga","Abak","South South","Akwa Ibom","Abak","","","0","349","224","73","61","12","0","125","151","12"
"2020/2021","Male","all","WAEC","1-year","Polytechnic","lga","Eket","South South","Akwa Ibom","Eket","","","0","554","360","115","98","18","0","194","245","18"
"2020/2021","Male","all","WAEC","1-year","Polytechnic","lga","Ikot Ekpene","South South","Akwa Ibom","Ikot Ekpene","","","0","208","140","46","42","5","0","68","94","5"
"2020/2021","Male","all","WAEC","1-year","Polytechnic","lga","Oron","South South","Akwa Ibom","Oron","","","0","282","185","60","52","8","0","97","125","8"
"2020/2021","Male","all","WAEC","1-year","Polytechnic","lga","Uyo","South South","Akwa Ibom","Uyo","","","0","331","212","72","61","11","0","119","140","11"
"2020/2021","Male","all","WAEC","1-year","University","lga","Abak","South South","Akwa Ibom","Abak","","","0","615","395","122","107","15","0","220","273","15"
"2020/2021","Male","all","WAEC","1-year","University","lga","Eket","South South","Akwa Ibom","Eket","","","0","153","107","37","32","6","0","46","70","6"
"2020/2021","Male","all","WAEC","1-year","University","lga","Ikot Ekpene","South South","Akwa Ibom","Ikot Ekpene","","","0","463","297","103","84","19","0","166","194","19"
"2020/2021","Male","all","WAEC","1-year","University","lga","Oron","South South","Akwa Ibom","Oron","","","0","718","461","159","130","29","0","257","302","29"
"2020/2021","Male","all","WAEC","1-year","University","lga","Uyo","South South","Akwa Ibom","Uyo","","","0","376","241","73","62","11","0","135","168","11"
"2020/2021","Male","all","WAEC","2-year","College of Education","lga","Abak","South South","Akwa Ibom","Abak","","","0","211","131","37","36","3","0","80","94","3"
"2020/2021","Male","all","WAEC","2-year","College of Education","lga","Eket","South South","Akwa Ibom","Eket","","","0","250","169","59","49","10","0","81","110","10"
"2020/2021","Male","all","WAEC","2-year","College of Education","lga","Ikot Ekpene","South South","Akwa Ibom","Ikot Ekpene","","","0","381","252","85","80","6","0","129","167","6"
"2020/2021","Male","all","WAEC","2-year","College of Education","lga","Oron","South South","Akwa Ibom","Oron","","","0","145","93","28","26","3","0","52","65","3"
"2020/2021","Male","all","WAEC","2-year","College of Education","lga","Uyo","South South","Akwa Ibom","Uyo","","","0","239","155","55","46","9","0","84","100","9"
"2020/2021","Male","all","WAEC","2-year","Polytechnic","lga","Abak","South South","Akwa Ibom","Abak","","","0","216","141","42","43","2","0","75","99","2"
"2020/2021","Male","all","WAEC","2-year","Polytechnic","lga","Eket","South South","Akwa Ibom","Eket","","","0","342","222","71","59","14","0","120","151","14"
"2020/2021","Male","all","WAEC","2-year","Polytechnic","lga","Ikot Ekpene","South South","Akwa Ibom","Ikot Ekpene","","","0","137","91","31","29","3","0","46","60","3"
"2020/2021","Male","all","WAEC","2-year","Polytechnic","lga","Oron","South South","Akwa Ibom","Oron","","","0","194","126","40","36","5","0","68","86","5"
"2020/2021","Male","all","WAEC","2-year","Polytechnic","lga","Uyo","South South","Akwa Ibom","Uyo","","","0","212","139","46","43","5","0","73","93","5"
"2020/2021","Male","all","WAEC","2-year","University","lga","Abak","South South","Akwa Ibom","Abak","","","0","397","255","85","68","17","0","142","170","17"
"2020/2021","Male","all","WAEC","2-year","University","lga","Eket","South South","Akwa Ibom","Eket","","","0","102","69","25","20","5","0","33","44","5"
"2020/2021","Male","all","WAEC","2-year","University","lga","Ikot Ekpene","South South","Akwa Ibom","Ikot Ekpene","","","0","274","180","57","55","3","0","94","123","3"
"2020/2021","Male","all","WAEC","2-year","University","lga","Oron","South South","Akwa Ibom","Oron","","","0","453","292","96","85","13","0","161","196","13"
"2020/2021","Male","all","WAEC","2-year","University","lga","Uyo","South South","Akwa Ibom","Uyo","","","0","242","153","43","43","3","0","89","110","3"
"2020/2021","Male","all","WAEC","3-5-year","College of Education","lga","Abak","South South","Akwa Ibom","Abak","","","0","143","85","27","20","7","0","58","58","7"
"2020/2021","Male","all","WAEC","3-5-year","College of Education","lga","Eket","South South","Akwa Ibom","Eket","","","0","156","105","33","36","0","0","51","72","0"
"2020/2021","Male","all","WAEC","3-5-year","College of Education","lga","Ikot Ekpene","South South","Akwa Ibom","Ikot Ekpene","","","0","234","160","52","46","7","0","74","108","7"
"2020/2021","Male","all","WAEC","3-5-year","College of Education","lga","Oron","South South","Akwa Ibom","Oron","","","0","88","57","18","17","2","0","31","39","2"
"2020/2021","Male","all","WAEC","3-5-year","College of Education","lga","Uyo","South South","Akwa Ibom","Uyo","","","0","162","107","30","31","2","0","55","77","2"
"2020/2021","Male","all","WAEC","3-5-year","Polytechnic","lga","Abak","South South","Akwa Ibom","Abak","","","0","141","88","27","27","3","0","53","61","3"
"2020/2021","Male","all","WAEC","3-5-year","Polytechnic","lga","Eket","South South","Akwa Ibom","Eket","","","0","216","145","42","40","6","0","71","103","6"
"2020/2021","Male","all","WAEC","3-5-year","Polytechnic","lga","Ikot Ekpene","South South","Akwa Ibom","Ikot Ekpene","","","0","93","64","22","16","6","0","29","42","6"
"2020/2021","Male","all","WAEC","3-5-year","Polytechnic","lga","Oron","South South","Akwa Ibom","Oron","","","0","118","76","21","23","0","0","42","55","0"
"2020/2021","Male","all","WAEC","3-5-year","Polytechnic","lga","Uyo","South South","Akwa Ibom","Uyo","","","0","140","90","27","27","3","0","50","63","3"
"2020/2021","Male","all","WAEC","3-5-year","University","lga","Abak","South South","Akwa Ibom","Abak","","","0","272","171","49","50","3","0","101","122","3"
"2020/2021","Male","all","WAEC","3-5-year","University","lga","Eket","South South","Akwa Ibom","Eket","","","0","66","47","12","13","0","0","19","35","0"
"2020/2021","Male","all","WAEC","3-5-year","University","lga","Ikot Ekpene","South South","Akwa Ibom","Ikot Ekpene","","","0","180","116","37","37","3","0","64","79","3"
"2020/2021","Male","all","WAEC","3-5-year","University","lga","Oron","South South","Akwa Ibom","Oron","","","0","309","202","60","63","2","0","107","142","2"
"2020/2021","Male","all","WAEC","3-5-year","University","lga","Uyo","South South","Akwa Ibom","Uyo","","","0","151","98","31","27","6","0","53","67","6"
"2020/2021","Male","all","WAEC","5+-year","College of Education","lga","Abak","South South","Akwa Ibom","Abak","","","0","80","53","15","13","3","0","27","38","3"
"2020/2021","Male","all","WAEC","5+-year","College of Education","lga","Eket","South South","Akwa Ibom","Eket","","","0","84","60","18","20","0","0","24","42","0"
"2020/2021","Male","all","WAEC","5+-year","College of Education","lga","Ikot Ekpene","South South","Akwa Ibom","Ikot Ekpene","","","0","123","81","27","23","6","0","42","54","6"
"2020/2021","Male","all","WAEC","5+-year","College of Education","lga","Oron","South South","Akwa Ibom","Oron","","","0","47","28","12","6","6","0","19","16","6"
"2020/2021","Male","all","WAEC","5+-year","College of Education","lga","Uyo","South South","Akwa Ibom","Uyo","","","0","68","46","12","12","0","0","22","34","0"
"2020/2021","Male","all","WAEC","5+-year","Polytechnic","lga","Abak","South South","Akwa Ibom","Abak","","","0","80","52","18","12","6","0","28","34","6"
"2020/2021","Male","all","WAEC","5+-year","Polytechnic","lga","Eket","South South","Akwa Ibom","Eket","","","0","118","79","24","26","0","0","39","55","0"
"2020/2021","Male","all","WAEC","5+-year","Polytechnic","lga","Ikot Ekpene","South South","Akwa Ibom","Ikot Ekpene","","","0","50","34","9","10","0","0","16","25","0"
"2020/2021","Male","all","WAEC","5+-year","Polytechnic","lga","Oron","South South","Akwa Ibom","Oron","","","0","65","43","15","9","6","0","22","28","6"
"2020/2021","Male","all","WAEC","5+-year","Polytechnic","lga","Uyo","South South","Akwa Ibom","Uyo","","","0","82","53","18","16","3","0","29","35","3"
"2020/2021","Male","all","WAEC","5+-year","University","lga","Abak","South South","Akwa Ibom","Abak","","","0","130","83","27","23","6","0","47","56","6"
"2020/2021","Male","all","WAEC","5+-year","University","lga","Eket","South South","Akwa Ibom","Eket","","","0","36","27","9","10","0","0","9","18","0"
"2020/2021","Male","all","WAEC","5+-year","University","lga","Ikot Ekpene","South South","Akwa Ibom","Ikot Ekpene","","","0","107","69","21","20","3","0","38","48","3"
"2020/2021","Male","all","WAEC","5+-year","University","lga","Oron","South South","Akwa Ibom","Oron","","","0","179","115","33","32","3","0","64","82","3"
"2020/2021","Male","all","WAEC","5+-year","University","lga","Uyo","South South","Akwa Ibom","Uyo","","","0","84","57","18","12","6","0","27","39","6"
"2020/2021","Male","disabled","NABTEB","1-year","College of Education","lga","Abak","South South","Akwa Ibom","Abak","","","0","15","9","8","9","0","0","6","3","0"
"2020/2021","Male","disabled","NABTEB","1-year","College of Education","lga","Eket","South South","Akwa Ibom","Eket","","","0","20","12","16","16","0","0","8","0","0"
"2020/2021","Male","disabled","NABTEB","1-year","College of Education","lga","Ikot Ekpene","South South","Akwa Ibom","Ikot Ekpene","","","0","33","24","20","21","0","0","10","7","0"
"2020/2021","Male","disabled","NABTEB","1-year","College of Education","lga","Oron","South South","Akwa Ibom","Oron","","","0","10","6","4","4","0","0","4","3","0"
"2020/2021","Male","disabled","NABTEB","1-year","College of Education","lga","Uyo","South South","Akwa Ibom","Uyo","","","0","20","12","12","12","0","0","8","3","0"
"2020/2021","Male","disabled","NABTEB","1-year","Polytechnic","lga","Abak","South South","Akwa Ibom","Abak","","","0","20","12","16","17","0","0","8","0","0"
"2020/2021","Male","disabled","NABTEB","1-year","Polytechnic","lga","Eket","South South","Akwa Ibom","Eket","","","0","30","18","24","24","0","0","12","0","0"
"2020/2021","Male","disabled","NABTEB","1-year","Polytechnic","lga","Ikot Ekpene","South South","Akwa Ibom","Ikot Ekpene","","","0","13","6","8","8","0","0","7","0","0"
"2020/2021","Male","disabled","NABTEB","1-year","Polytechnic","lga","Oron","South South","Akwa Ibom","Oron","","","0","15","9","8","8","0","0","6","3","0"
"2020/2021","Male","disabled","NABTEB","1-year","Polytechnic","lga","Uyo","South South","Akwa Ibom","Uyo","","","0","20","12","16","17","0","0","8","0","0"
"2020/2021","Male","disabled","NABTEB","1-year","University","lga","Abak","South South","Akwa Ibom","Abak","","","0","31","18","16","18","0","0","13","6","0"
"2020/2021","Male","disabled","NABTEB","1-year","University","lga","Eket","South South","Akwa Ibom","Eket","","","0","10","6","8","8","0","0","4","0","0"
"2020/2021","Male","disabled","NABTEB","1-year","University","lga","Ikot Ekpene","South South","Akwa Ibom","Ikot Ekpene","","","0","23","15","12","12","0","0","8","5","0"
"2020/2021","Male","disabled","NABTEB","1-year","University","lga","Oron","South South","Akwa Ibom","Oron","","","0","38","21","24","24","0","0","17","3","0"
"2020/2021","Male","disabled","NABTEB","1-year","University","lga","Uyo","South South","Akwa Ibom","Uyo","","","0","20","12","12","14","0","0","8","3","0"
"2020/2021","Male","disabled","NABTEB","2-year","College of Education","lga","Abak","South South","Akwa Ibom","Abak","","","0","8","9","0","0","0","0","0","9","0"
"2020/2021","Male","disabled","NABTEB","2-year","College of Education","lga","Eket","South South","Akwa Ibom","Eket","","","0","11","12","0","0","0","0","0","12","0"
"2020/2021","Male","disabled","NABTEB","2-year","College of Education","lga","Ikot Ekpene","South South","Akwa Ibom","Ikot Ekpene","","","0","21","18","0","0","0","0","4","18","0"
"2020/2021","Male","disabled","NABTEB","2-year","College of Education","lga","Oron","South South","Akwa Ibom","Oron","","","0","5","6","0","0","0","0","0","6","0"
"2020/2021","Male","disabled","NABTEB","2-year","College of Education","lga","Uyo","South South","Akwa Ibom","Uyo","","","0","11","12","0","0","0","0","0","12","0"
"2020/2021","Male","disabled","NABTEB","2-year","Polytechnic","lga","Abak","South South","Akwa Ibom","Abak","","","0","11","12","0","0","0","0","0","12","0"
"2020/2021","Male","disabled","NABTEB","2-year","Polytechnic","lga","Eket","South South","Akwa Ibom","Eket","","","0","17","18","0","0","0","0","2","18","0"
"2020/2021","Male","disabled","NABTEB","2-year","Polytechnic","lga","Ikot Ekpene","South South","Akwa Ibom","Ikot Ekpene","","","0","6","6","0","0","0","0","0","6","0"
"2020/2021","Male","disabled","NABTEB","2-year","Polytechnic","lga","Oron","South South","Akwa Ibom","Oron","","","0","7","9","0","0","0","0","0","9","0"
"2020/2021","Male","disabled","NABTEB","2-year","Polytechnic","lga","Uyo","South South","Akwa Ibom","Uyo","","","0","10","12","0","0","0","0","0","12","0"
"2020/2021","Male","disabled","NABTEB","2-year","University","lga","Abak","South South","Akwa Ibom","Abak","","","0","17","15","0","0","0","0","2","15","0"
"2020/2021","Male","disabled","NABTEB","2-year","University","lga","Eket","South South","Akwa Ibom","Eket","","","0","8","6","0","0","0","0","2","6","0"
"2020/2021","Male","disabled","NABTEB","2-year","University","lga","Ikot Ekpene","South South","Akwa Ibom","Ikot Ekpene","","","0","14","12","0","0","0","0","2","12","0"
"2020/2021","Male","disabled","NABTEB","2-year","University","lga","Oron","South South","Akwa Ibom","Oron","","","0","23","21","0","0","0","0","2","21","0"
"2020/2021","Male","disabled","NABTEB","2-year","University","lga","Uyo","South South","Akwa Ibom","Uyo","","","0","12","12","0","0","0","0","0","12","0"
"2020/2021","Male","disabled","NABTEB","3-5-year","College of Education","lga","Abak","South South","Akwa Ibom","Abak","","","0","8","3","0","0","0","0","6","3","0"
"2020/2021","Male","disabled","NABTEB","3-5-year","College of Education","lga","Eket","South South","Akwa Ibom","Eket","","","0","12","0","0","0","0","0","12","0","0"
"2020/2021","Male","disabled","NABTEB","3-5-year","College of Education","lga","Ikot Ekpene","South South","Akwa Ibom","Ikot Ekpene","","","0","17","6","0","0","0","0","11","6","0"
"2020/2021","Male","disabled","NABTEB","3-5-year","College of Education","lga","Oron","South South","Akwa Ibom","Oron","","","0","6","0","0","0","0","0","6","0","0"
"2020/2021","Male","disabled","NABTEB","3-5-year","College of Education","lga","Uyo","South South","Akwa Ibom","Uyo","","","0","12","0","0","0","0","0","12","0","0"
"2020/2021","Male","disabled","NABTEB","3-5-year","Polytechnic","lga","Abak","South South","Akwa Ibom","Abak","","","0","12","0","0","0","0","0","12","0","0"
"2020/2021","Male","disabled","NABTEB","3-5-year","Polytechnic","lga","Eket","South South","Akwa Ibom","Eket","","","0","15","3","0","0","0","0","12","3","0"
"2020/2021","Male","disabled","NABTEB","3-5-year","Polytechnic","lga","Ikot Ekpene","South South","Akwa Ibom","Ikot Ekpene","","","0","6","3","0","0","0","0","3","3","0"
"2020/2021","Male","disabled","NABTEB","3-5-year","Polytechnic","lga","Oron","South South","Akwa Ibom","Oron","","","0","6","0","0","0","0","0","6","0","0"
"2020/2021","Male","disabled","NABTEB","3-5-year","Polytechnic","lga","Uyo","South South","Akwa Ibom","Uyo","","","0","10","3","0","0","0","0","8","3","0"
"2020/2021","Male","disabled","NABTEB","3-5-year","University","lga","Abak","South South","Akwa Ibom","Abak","","","0","14","9","0","0","0","0","6","9","0"
"2020/2021","Male","disabled","NABTEB","3-5-year","University","lga","Eket","South South","Akwa Ibom","Eket","","","0","6","3","0","0","0","0","3","3","0"
"2020/2021","Male","disabled","NABTEB","3-5-year","University","lga","Ikot Ekpene","South South","Akwa Ibom","Ikot Ekpene","","","0","12","6","0","0","0","0","6","6","0"
"2020/2021","Male","disabled","NABTEB","3-5-year","University","lga","Oron","South South","Akwa Ibom","Oron","","","0","21","9","0","0","0","0","12","9","0"
"2020/2021","Male","disabled","NABTEB","3-5-year","University","lga","Uyo","South South","Akwa Ibom","Uyo","","","0","12","0","0","0","0","0","12","0","0"
"2020/2021","Male","disabled","NABTEB","5+-year","College of Education","lga","Abak","South South","Akwa Ibom","Abak","","","0","2","0","0","0","0","0","2","0","0"
"2020/2021","Male","disabled","NABTEB","5+-year","College of Education","lga","Eket","South South","Akwa Ibom","Eket","","","0","0","0","0","0","0","0","0","0","0"
"2020/2021","Male","disabled","NABTEB","5+-year","College of Education","lga","Ikot Ekpene","South South","Akwa Ibom","Ikot Ekpene","","","0","5","0","0","0","0","0","5","0","0"
"2020/2021","Male","disabled","NABTEB","5+-year","College of Education","lga","Oron","South South","Akwa Ibom","Oron","","","0","3","0","0","0","0","0","3","0","0"
"2020/2021","Male","disabled","NABTEB","5+-year","College of Education","lga","Uyo","South South","Akwa Ibom","Uyo","","","0","0","0","0","0","0","0","0","0","0"
"2020/2021","Male","disabled","NABTEB","5+-year","Polytechnic","lga","Abak","South South","Akwa Ibom","Abak","","","0","0","0","0","0","0","0","0","0","0"
"2020/2021","Male","disabled","NABTEB","5+-year","Polytechnic","lga","Eket","South South","Akwa Ibom","Eket","","","0","3","0","0","0","0","0","3","0","0"
"2020/2021","Male","disabled","NABTEB","5+-year","Polytechnic","lga","Ikot Ekpene","South South","Akwa Ibom","Ikot Ekpene","","","0","3","0","0","0","0","0","3","0","0"
"2020/2021","Male","disabled","NABTEB","5+-year","Polytechnic","lga","Oron","South South","Akwa Ibom","Oron","","","0","0","0","0","0","0","0","0","0","0"
"2020/2021","Male","disabled","NABTEB","5+-year","Polytechnic","lga","Uyo","South South","Akwa Ibom","Uyo","","","0","2","0","0","0","0","0","2","0","0"
"2020/2021","Male","disabled","NABTEB","5+-year","University","lga","Abak","South South","Akwa Ibom","Abak","","","0","10","0","0","0","0","0","10","0","0"
"2020/2021","Male","disabled","NABTEB","5+-year","University","lga","Eket","South South","Akwa Ibom","Eket","","","0","0","0","0","0","0","0","0","0","0"
"2020/2021","Male","disabled","NABTEB","5+-year","University","lga","Ikot Ekpene","South South","Akwa Ibom","Ikot Ekpene","","","0","6","0","0","0","0","0","6","0","0"
"2020/2021","Male","disabled","NABTEB","5+-year","University","lga","Oron","South South","Akwa Ibom","Oron","","","0","6","0","0","0","0","0","6","0","0"
"2020/2021","Male","disabled","NABTEB","5+-year","University","lga","Uyo","South South","Akwa Ibom","Uyo","","","0","0","0","0","0","0","0","0","0","0"
"2020/2021","Male","disabled","NECO","1-year","College of Education","lga","Abak","South South","Akwa Ibom","Abak","","","0","25","13","8","8","0","0","12","6","0"
"2020/2021","Male","disabled","NECO","1-year","College of Education","lga","Eket","South South","Akwa Ibom","Eket","","","0","31","20","14","16","0","0","11","8","0"
"2020/2021","Male","disabled","NECO","1-year","College of Education","lga","Ikot Ekpene","South South","Akwa Ibom","Ikot Ekpene","","","0","52","31","23","24","0","0","21","10","0"
"2020/2021","Male","disabled","NECO","1-year","College of Education","lga","Oron","South South","Akwa Ibom","Oron","","","0","19","10","7","8","0","0","9","3","0"
"2020/2021","Male","disabled","NECO","1-year","College of Education","lga","Uyo","South South","Akwa Ibom","Uyo","","","0","22","16","12","16","0","0","6","4","0"
"2020/2021","Male","disabled","NECO","1-year","Polytechnic","lga","Abak","South South","Akwa Ibom","Abak","","","0","29","18","16","16","0","0","11","3","0"
"2020/2021","Male","disabled","NECO","1-year","Polytechnic","lga","Eket","South South","Akwa Ibom","Eket","","","0","49","25","23","24","0","0","24","6","0"
"2020/2021","Male","disabled","NECO","1-year","Polytechnic","lga","Ikot Ekpene","South South","Akwa Ibom","Ikot Ekpene","","","0","16","11","7","8","0","0","5","5","0"
"2020/2021","Male","disabled","NECO","1-year","Polytechnic","lga","Oron","South South","Akwa Ibom","Oron","","","0","22","13","11","12","0","0","9","3","0"
"2020/2021","Male","disabled","NECO","1-year","Polytechnic","lga","Uyo","South South","Akwa Ibom","Uyo","","","0","26","12","14","16","0","0","14","1","0"
"2020/2021","Male","disabled","NECO","1-year","University","lga","Abak","South South","Akwa Ibom","Abak","","","0","56","35","20","20","0","0","21","16","0"
"2020/2021","Male","disabled","NECO","1-year","University","lga","Eket","South South","Akwa Ibom","Eket","","","0","16","11","8","8","0","0","5","4","0"
"2020/2021","Male","disabled","NECO","1-year","University","lga","Ikot Ekpene","South South","Akwa Ibom","Ikot Ekpene","","","0","36","23","16","16","0","0","13","7","0"
"2020/2021","Male","disabled","NECO","1-year","University","lga","Oron","South South","Akwa Ibom","Oron","","","0","63","42","27","28","0","0","21","16","0"
"2020/2021","Male","disabled","NECO","1-year","University","lga","Uyo","South South","Akwa Ibom","Uyo","","","0","36","18","15","16","0","0","18","4","0"
"2020/2021","Male","disabled","NECO","2-year","College of Education","lga","Abak","South South","Akwa Ibom","Abak","","","0","12","8","0","0","0","0","4","8","0"
"2020/2021","Male","disabled","NECO","2-year","College of Education","lga","Eket","South South","Akwa Ibom","Eket","","","0","21","12","0","0","0","0","9","12","0"
"2020/2021","Male","disabled","NECO","2-year","College of Education","lga","Ikot Ekpene","South South","Akwa Ibom","Ikot Ekpene","","","0","38","22","0","0","0","0","16","22","0"
"2020/2021","Male","disabled","NECO","2-year","College of Education","lga","Oron","South South","Akwa Ibom","Oron","","","0","12","8","0","0","0","0","4","8","0"
"2020/2021","Male","disabled","NECO","2-year","College of Education","lga","Uyo","South South","Akwa Ibom","Uyo","","","0","18","11","0","0","0","0","7","11","0"
"2020/2021","Male","disabled","NECO","2-year","Polytechnic","lga","Abak","South South","Akwa Ibom","Abak","","","0","22","10","0","0","0","0","12","10","0"
"2020/2021","Male","disabled","NECO","2-year","Polytechnic","lga","Eket","South South","Akwa Ibom","Eket","","","0","28","19","0","0","0","0","9","19","0"
"2020/2021","Male","disabled","NECO","2-year","Polytechnic","lga","Ikot Ekpene","South South","Akwa Ibom","Ikot Ekpene","","","0","11","8","3","4","0","0","3","5","0"
"2020/2021","Male","disabled","NECO","2-year","Polytechnic","lga","Oron","South South","Akwa Ibom","Oron","","","0","15","8","0","0","0","0","7","8","0"
"2020/2021","Male","disabled","NECO","2-year","Polytechnic","lga","Uyo","South South","Akwa Ibom","Uyo","","","0","14","10","0","0","0","0","4","10","0"
"2020/2021","Male","disabled","NECO","2-year","University","lga","Abak","South South","Akwa Ibom","Abak","","","0","35","21","4","4","0","0","14","17","0"
"2020/2021","Male","disabled","NECO","2-year","University","lga","Eket","South South","Akwa Ibom","Eket","","","0","8","8","0","0","0","0","0","8","0"
"2020/2021","Male","disabled","NECO","2-year","University","lga","Ikot Ekpene","South South","Akwa Ibom","Ikot Ekpene","","","0","26","14","0","0","0","0","12","14","0"
"2020/2021","Male","disabled","NECO","2-year","University","lga","Oron","South South","Akwa Ibom","Oron","","","0","40","27","0","0","0","0","13","27","0"
"2020/2021","Male","disabled","NECO","2-year","University","lga","Uyo","South South","Akwa Ibom","Uyo","","","0","22","13","0","0","0","0","9","13","0"
"2020/2021","Male","disabled","NECO","3-5-year","College of Education","lga","Abak","South South","Akwa Ibom","Abak","","","0","9","6","0","0","0","0","3","6","0"
"2020/2021","Male","disabled","NECO","3-5-year","College of Education","lga","Eket","South South","Akwa Ibom","Eket","","","0","12","10","0","0","0","0","2","10","0"
"2020/2021","Male","disabled","NECO","3-5-year","College of Education","lga","Ikot Ekpene","South South","Akwa Ibom","Ikot Ekpene","","","0","23","15","0","0","0","0","8","15","0"
"2020/2021","Male","disabled","NECO","3-5-year","College of Education","lga","Oron","South South","Akwa Ibom","Oron","","","0","6","6","0","0","0","0","0","6","0"
"2020/2021","Male","disabled","NECO","3-5-year","College of Education","lga","Uyo","South South","Akwa Ibom","Uyo","","","0","12","11","0","0","0","0","1","11","0"
"2020/2021","Male","disabled","NECO","3-5-year","Polytechnic","lga","Abak","South South","Akwa Ibom","Abak","","","0","12","10","0","0","0","0","2","10","0"
"2020/2021","Male","disabled","NECO","3-5-year","Polytechnic","lga","Eket","South South","Akwa Ibom","Eket","","","0","21","15","0","0","0","0","6","15","0"
"2020/2021","Male","disabled","NECO","3-5-year","Polytechnic","lga","Ikot Ekpene","South South","Akwa Ibom","Ikot Ekpene","","","0","6","6","0","0","0","0","0","6","0"
"2020/2021","Male","disabled","NECO","3-5-year","Polytechnic","lga","Oron","South South","Akwa Ibom","Oron","","","0","9","8","0","0","0","0","1","8","0"
"2020/2021","Male","disabled","NECO","3-5-year","Polytechnic","lga","Uyo","South South","Akwa Ibom","Uyo","","","0","12","10","0","0","0","0","2","10","0"
"2020/2021","Male","disabled","NECO","3-5-year","University","lga","Abak","South South","Akwa Ibom","Abak","","","0","28","16","0","0","0","0","12","16","0"
"2020/2021","Male","disabled","NECO","3-5-year","University","lga","Eket","South South","Akwa Ibom","Eket","","","0","8","6","0","0","0","0","2","6","0"
"2020/2021","Male","disabled","NECO","3-5-year","University","lga","Ikot Ekpene","South South","Akwa Ibom","Ikot Ekpene","","","0","14","12","0","0","0","0","2","12","0"
"2020/2021","Male","disabled","NECO","3-5-year","University","lga","Oron","South South","Akwa Ibom","Oron","","","0","26","19","0","0","0","0","7","19","0"
"2020/2021","Male","disabled","NECO","3-5-year","University","lga","Uyo","South South","Akwa Ibom","Uyo","","","0","12","12","0","0","0","0","0","12","0"
"2020/2021","Male","disabled","NECO","5+-year","College of Education","lga","Abak","South South","Akwa Ibom","Abak","","","0","6","3","0","0","0","0","3","3","0"
"2020/2021","Male","disabled","NECO","5+-year","College of Education","lga","Eket","South South","Akwa Ibom","Eket","","","0","12","2","0","0","0","0","10","2","0"
"2020/2021","Male","disabled","NECO","5+-year","College of Education","lga","Ikot Ekpene","South South","Akwa Ibom","Ikot Ekpene","","","0","9","6","0","0","0","0","3","6","0"
"2020/2021","Male","disabled","NECO","5+-year","College of Education","lga","Oron","South South","Akwa Ibom","Oron","","","0","6","3","0","0","0","0","3","3","0"
"2020/2021","Male","disabled","NECO","5+-year","College of Education","lga","Uyo","South South","Akwa Ibom","Uyo","","","0","12","0","0","0","0","0","12","0","0"
"2020/2021","Male","disabled","NECO","5+-year","Polytechnic","lga","Abak","South South","Akwa Ibom","Abak","","","0","0","0","0","0","0","0","0","0","0"
"2020/2021","Male","disabled","NECO","5+-year","Polytechnic","lga","Eket","South South","Akwa Ibom","Eket","","","0","9","6","0","0","0","0","3","6","0"
"2020/2021","Male","disabled","NECO","5+-year","Polytechnic","lga","Ikot Ekpene","South South","Akwa Ibom","Ikot Ekpene","","","0","3","3","0","0","0","0","0","3","0"
"2020/2021","Male","disabled","NECO","5+-year","Polytechnic","lga","Oron","South South","Akwa Ibom","Oron","","","0","9","3","0","0","0","0","6","3","0"
"2020/2021","Male","disabled","NECO","5+-year","Polytechnic","lga","Uyo","South South","Akwa Ibom","Uyo","","","0","6","3","0","0","0","0","3","3","0"
"2020/2021","Male","disabled","NECO","5+-year","University","lga","Abak","South South","Akwa Ibom","Abak","","","0","12","7","0","0","0","0","5","7","0"
"2020/2021","Male","disabled","NECO","5+-year","University","lga","Eket","South South","Akwa Ibom","Eket","","","0","3","0","0","0","0","0","3","0","0"
"2020/2021","Male","disabled","NECO","5+-year","University","lga","Ikot Ekpene","South South","Akwa Ibom","Ikot Ekpene","","","0","12","6","0","0","0","0","6","6","0"
"2020/2021","Male","disabled","NECO","5+-year","University","lga","Oron","South South","Akwa Ibom","Oron","","","0","15","0","0","0","0","0","15","0","0"
"2020/2021","Male","disabled","NECO","5+-year","University","lga","Uyo","South South","Akwa Ibom","Uyo","","","0","9","6","0","0","0","0","3","6","0"
"2020/2021","Male","disabled","WAEC","1-year","College of Education","lga","Abak","South South","Akwa Ibom","Abak","","","0","30","16","9","9","0","0","14","8","0"
"2020/2021","Male","disabled","WAEC","1-year","College of Education","lga","Eket","South South","Akwa Ibom","Eket","","","0","41","24","12","12","0","0","17","12","0"
"2020/2021","Male","disabled","WAEC","1-year","College of Education","lga","Ikot Ekpene","South South","Akwa Ibom","Ikot Ekpene","","","0","70","41","18","18","0","0","29","24","0"
"2020/2021","Male","disabled","WAEC","1-year","College of Education","lga","Oron","South South","Akwa Ibom","Oron","","","0","22","14","6","6","0","0","8","8","0"
"2020/2021","Male","disabled","WAEC","1-year","College of Education","lga","Uyo","South South","Akwa Ibom","Uyo","","","0","35","24","12","12","0","0","11","12","0"
"2020/2021","Male","disabled","WAEC","1-year","Polytechnic","lga","Abak","South South","Akwa Ibom","Abak","","","0","38","24","12","12","0","0","14","12","0"
"2020/2021","Male","disabled","WAEC","1-year","Polytechnic","lga","Eket","South South","Akwa Ibom","Eket","","","0","59","44","18","18","0","0","15","26","0"
"2020/2021","Male","disabled","WAEC","1-year","Polytechnic","lga","Ikot Ekpene","South South","Akwa Ibom","Ikot Ekpene","","","0","19","15","6","6","0","0","4","9","0"
"2020/2021","Male","disabled","WAEC","1-year","Polytechnic","lga","Oron","South South","Akwa Ibom","Oron","","","0","27","17","9","9","0","0","10","8","0"
"2020/2021","Male","disabled","WAEC","1-year","Polytechnic","lga","Uyo","South South","Akwa Ibom","Uyo","","","0","32","19","12","12","0","0","13","8","0"
"2020/2021","Male","disabled","WAEC","1-year","University","lga","Abak","South South","Akwa Ibom","Abak","","","0","70","44","15","15","0","0","26","30","0"
"2020/2021","Male","disabled","WAEC","1-year","University","lga","Eket","South South","Akwa Ibom","Eket","","","0","19","15","6","6","0","0","4","9","0"
"2020/2021","Male","disabled","WAEC","1-year","University","lga","Ikot Ekpene","South South","Akwa Ibom","Ikot Ekpene","","","0","46","32","12","12","0","0","14","20","0"
"2020/2021","Male","disabled","WAEC","1-year","University","lga","Oron","South South","Akwa Ibom","Oron","","","0","82","50","21","21","0","0","32","30","0"
"2020/2021","Male","disabled","WAEC","1-year","University","lga","Uyo","South South","Akwa Ibom","Uyo","","","0","41","26","12","12","0","0","15","14","0"
"2020/2021","Male","disabled","WAEC","2-year","College of Education","lga","Abak","South South","Akwa Ibom","Abak","","","0","19","12","0","0","0","0","7","12","0"
"2020/2021","Male","disabled","WAEC","2-year","College of Education","lga","Eket","South South","Akwa Ibom","Eket","","","0","23","17","6","6","0","0","6","11","0"
"2020/2021","Male","disabled","WAEC","2-year","College of Education","lga","Ikot Ekpene","South South","Akwa Ibom","Ikot Ekpene","","","0","40","28","6","6","0","0","12","22","0"
"2020/2021","Male","disabled","WAEC","2-year","College of Education","lga","Oron","South South","Akwa Ibom","Oron","","","0","16","10","0","0","0","0","6","10","0"
"2020/2021","Male","disabled","WAEC","2-year","College of Education","lga","Uyo","South South","Akwa Ibom","Uyo","","","0","20","14","3","3","0","0","6","11","0"
"2020/2021","Male","disabled","WAEC","2-year","Polytechnic","lga","Abak","South South","Akwa Ibom","Abak","","","0","20","14","0","0","0","0","6","14","0"
"2020/2021","Male","disabled","WAEC","2-year","Polytechnic","lga","Eket","South South","Akwa Ibom","Eket","","","0","38","20","6","6","0","0","18","14","0"
"2020/2021","Male","disabled","WAEC","2-year","Polytechnic","lga","Ikot Ekpene","South South","Akwa Ibom","Ikot Ekpene","","","0","14","9","3","3","0","0","5","6","0"
"2020/2021","Male","disabled","WAEC","2-year","Polytechnic","lga","Oron","South South","Akwa Ibom","Oron","","","0","18","9","0","0","0","0","9","9","0"
"2020/2021","Male","disabled","WAEC","2-year","Polytechnic","lga","Uyo","South South","Akwa Ibom","Uyo","","","0","19","11","0","0","0","0","8","11","0"
"2020/2021","Male","disabled","WAEC","2-year","University","lga","Abak","South South","Akwa Ibom","Abak","","","0","47","26","12","12","0","0","21","14","0"
"2020/2021","Male","disabled","WAEC","2-year","University","lga","Eket","South South","Akwa Ibom","Eket","","","0","11","7","3","3","0","0","4","4","0"
"2020/2021","Male","disabled","WAEC","2-year","University","lga","Ikot Ekpene","South South","Akwa Ibom","Ikot Ekpene","","","0","29","17","6","6","0","0","12","11","0"
"2020/2021","Male","disabled","WAEC","2-year","University","lga","Oron","South South","Akwa Ibom","Oron","","","0","45","29","9","9","0","0","16","20","0"
"2020/2021","Male","disabled","WAEC","2-year","University","lga","Uyo","South South","Akwa Ibom","Uyo","","","0","26","17","0","0","0","0","9","17","0"
"2020/2021","Male","disabled","WAEC","3-5-year","College of Education","lga","Abak","South South","Akwa Ibom","Abak","","","0","13","9","0","0","0","0","4","9","0"
"2020/2021","Male","disabled","WAEC","3-5-year","College of Education","lga","Eket","South South","Akwa Ibom","Eket","","","0","16","11","0","0","0","0","5","11","0"
"2020/2021","Male","disabled","WAEC","3-5-year","College of Education","lga","Ikot Ekpene","South South","Akwa Ibom","Ikot Ekpene","","","0","25","18","0","0","0","0","7","18","0"
"2020/2021","Male","disabled","WAEC","3-5-year","College of Education","lga","Oron","South South","Akwa Ibom","Oron","","","0","8","4","0","0","0","0","4","4","0"
"2020/2021","Male","disabled","WAEC","3-5-year","College of Education","lga","Uyo","South South","Akwa Ibom","Uyo","","","0","16","8","0","0","0","0","8","8","0"
"2020/2021","Male","disabled","WAEC","3-5-year","Polytechnic","lga","Abak","South South","Akwa Ibom","Abak","","","0","14","8","0","0","0","0","6","8","0"
"2020/2021","Male","disabled","WAEC","3-5-year","Polytechnic","lga","Eket","South South","Akwa Ibom","Eket","","","0","25","18","0","0","0","0","7","18","0"
"2020/2021","Male","disabled","WAEC","3-5-year","Polytechnic","lga","Ikot Ekpene","South South","Akwa Ibom","Ikot Ekpene","","","0","8","4","0","0","0","0","4","4","0"
"2020/2021","Male","disabled","WAEC","3-5-year","Polytechnic","lga","Oron","South South","Akwa Ibom","Oron","","","0","11","6","0","0","0","0","5","6","0"
"2020/2021","Male","disabled","WAEC","3-5-year","Polytechnic","lga","Uyo","South South","Akwa Ibom","Uyo","","","0","14","8","0","0","0","0","6","8","0"
"2020/2021","Male","disabled","WAEC","3-5-year","University","lga","Abak","South South","Akwa Ibom","Abak","","","0","26","19","0","0","0","0","7","19","0"
"2020/2021","Male","disabled","WAEC","3-5-year","University","lga","Eket","South South","Akwa Ibom","Eket","","","0","8","4","0","0","0","0","4","4","0"
"2020/2021","Male","disabled","WAEC","3-5-year","University","lga","Ikot Ekpene","South South","Akwa Ibom","Ikot Ekpene","","","0","23","11","0","0","0","0","12","11","0"
"2020/2021","Male","disabled","WAEC","3-5-year","University","lga","Oron","South South","Akwa Ibom","Oron","","","0","31","17","0","0","0","0","14","17","0"
"2020/2021","Male","disabled","WAEC","3-5-year","University","lga","Uyo","South South","Akwa Ibom","Uyo","","","0","18","8","0","0","0","0","10","8","0"
"2020/2021","Male","disabled","WAEC","5+-year","College of Education","lga","Abak","South South","Akwa Ibom","Abak","","","0","9","2","0","0","0","0","7","2","0"
"2020/2021","Male","disabled","WAEC","5+-year","College of Education","lga","Eket","South South","Akwa Ibom","Eket","","","0","12","6","0","0","0","0","6","6","0"
"2020/2021","Male","disabled","WAEC","5+-year","College of Education","lga","Ikot Ekpene","South South","Akwa Ibom","Ikot Ekpene","","","0","14","4","0","0","0","0","10","4","0"
"2020/2021","Male","disabled","WAEC","5+-year","College of Education","lga","Oron","South South","Akwa Ibom","Oron","","","0","6","2","0","0","0","0","4","2","0"
"2020/2021","Male","disabled","WAEC","5+-year","College of Education","lga","Uyo","South South","Akwa Ibom","Uyo","","","0","12","6","0","0","0","0","6","6","0"
"2020/2021","Male","disabled","WAEC","5+-year","Polytechnic","lga","Abak","South South","Akwa Ibom","Abak","","","0","9","2","0","0","0","0","7","2","0"
"2020/2021","Male","disabled","WAEC","5+-year","Polytechnic","lga","Eket","South South","Akwa Ibom","Eket","","","0","20","6","0","0","0","0","14","6","0"
"2020/2021","Male","disabled","WAEC","5+-year","Polytechnic","lga","Ikot Ekpene","South South","Akwa Ibom","Ikot Ekpene","","","0","6","2","0","0","0","0","4","2","0"
"2020/2021","Male","disabled","WAEC","5+-year","Polytechnic","lga","Oron","South South","Akwa Ibom","Oron","","","0","6","2","0","0","0","0","4","2","0"
"2020/2021","Male","disabled","WAEC","5+-year","Polytechnic","lga","Uyo","South South","Akwa Ibom","Uyo","","","0","12","4","0","0","0","0","8","4","0"
"2020/2021","Male","disabled","WAEC","5+-year","University","lga","Abak","South South","Akwa Ibom","Abak","","","0","17","8","0","0","0","0","9","8","0"
"2020/2021","Male","disabled","WAEC","5+-year","University","lga","Eket","South South","Akwa Ibom","Eket","","","0","6","2","0","0","0","0","4","2","0"
"2020/2021","Male","disabled","WAEC","5+-year","University","lga","Ikot Ekpene","South South","Akwa Ibom","Ikot Ekpene","","","0","12","6","0","0","0","0","6","6","0"
"2020/2021","Male","disabled","WAEC","5+-year","University","lga","Oron","South South","Akwa Ibom","Oron","","","0","21","10","0","0","0","0","11","10","0"
"2020/2021","Male","disabled","WAEC","5+-year","University","lga","Uyo","South South","Akwa Ibom","Uyo","","","0","9","6","0","0","0","0","3","6","0"
"2021/2022","Female","all","NABTEB","1-year","College of Education","lga","Abak","South South","Akwa Ibom","Abak","","","0","121","77","26","22","4","0","44","51","4"
"2021/2022","Female","all","NABTEB","1-year","College of Education","lga","Eket","South South","Akwa Ibom","Eket","","","0","160","113","44","41","4","0","47","69","4"
"2021/2022","Female","all","NABTEB","1-year","College of Education","lga","Ikot Ekpene","South South","Akwa Ibom","Ikot Ekpene","","","0","244","167","53","51","4","0","77","114","4"
"2021/2022","Female","all","NABTEB","1-year","College of Education","lga","Oron","South South","Akwa Ibom","Oron","","","0","92","61","22","19","4","0","31","39","4"
"2021/2022","Female","all","NABTEB","1-year","College of Education","lga","Uyo","South South","Akwa Ibom","Uyo","","","0","168","110","35","28","8","0","58","75","8"
"2021/2022","Female","all","NABTEB","1-year","Polytechnic","lga","Abak","South South","Akwa Ibom","Abak","","","0","142","98","36","26","10","0","44","62","10"
"2021/2022","Female","all","NABTEB","1-year","Polytechnic","lga","Eket","South South","Akwa Ibom","Eket","","","0","224","152","53","50","4","0","72","99","4"
"2021/2022","Female","all","NABTEB","1-year","Polytechnic","lga","Ikot Ekpene","South South","Akwa Ibom","Ikot Ekpene","","","0","89","64","22","22","0","0","25","42","0"
"2021/2022","Female","all","NABTEB","1-year","Polytechnic","lga","Oron","South South","Akwa Ibom","Oron","","","0","123","84","31","32","0","0","39","53","0"
"2021/2022","Female","all","NABTEB","1-year","Polytechnic","lga","Uyo","South South","Akwa Ibom","Uyo","","","0","146","97","32","31","1","0","49","65","1"
"2021/2022","Female","all","NABTEB","1-year","University","lga","Abak","South South","Akwa Ibom","Abak","","","0","231","151","53","45","8","0","80","98","8"
"2021/2022","Female","all","NABTEB","1-year","University","lga","Eket","South South","Akwa Ibom","Eket","","","0","77","55","22","18","4","0","22","33","4"
"2021/2022","Female","all","NABTEB","1-year","University","lga","Ikot Ekpene","South South","Akwa Ibom","Ikot Ekpene","","","0","183","123","44","41","4","0","60","79","4"
"2021/2022","Female","all","NABTEB","1-year","University","lga","Oron","South South","Akwa Ibom","Oron","","","0","294","194","76","69","8","0","100","118","8"
"2021/2022","Female","all","NABTEB","1-year","University","lga","Uyo","South South","Akwa Ibom","Uyo","","","0","161","110","45","37","8","0","51","65","8"
"2021/2022","Female","all","NABTEB","2-year","College of Education","lga","Abak","South South","Akwa Ibom","Abak","","","0","77","48","22","12","10","0","29","26","10"
"2021/2022","Female","all","NABTEB","2-year","College of Education","lga","Eket","South South","Akwa Ibom","Eket","","","0","105","72","26","27","0","0","33","46","0"
"2021/2022","Female","all","NABTEB","2-year","College of Education","lga","Ikot Ekpene","South South","Akwa Ibom","Ikot Ekpene","","","0","162","114","45","33","13","0","48","69","13"
"2021/2022","Female","all","NABTEB","2-year","College of Education","lga","Oron","South South","Akwa Ibom","Oron","","","0","55","35","13","9","5","0","20","22","5"
"2021/2022","Female","all","NABTEB","2-year","College of Education","lga","Uyo","South South","Akwa Ibom","Uyo","","","0","100","61","21","20","4","0","39","40","4"
"2021/2022","Female","all","NABTEB","2-year","Polytechnic","lga","Abak","South South","Akwa Ibom","Abak","","","0","98","61","21","17","4","0","37","40","4"
"2021/2022","Female","all","NABTEB","2-year","Polytechnic","lga","Eket","South South","Akwa Ibom","Eket","","","0","154","97","36","33","5","0","57","61","5"
"2021/2022","Female","all","NABTEB","2-year","Polytechnic","lga","Ikot Ekpene","South South","Akwa Ibom","Ikot Ekpene","","","0","54","42","17","13","4","0","12","25","4"
"2021/2022","Female","all","NABTEB","2-year","Polytechnic","lga","Oron","South South","Akwa Ibom","Oron","","","0","80","58","18","19","0","0","22","40","0"
"2021/2022","Female","all","NABTEB","2-year","Polytechnic","lga","Uyo","South South","Akwa Ibom","Uyo","","","0","101","61","27","17","11","0","40","34","11"
"2021/2022","Female","all","NABTEB","2-year","University","lga","Abak","South South","Akwa Ibom","Abak","","","0","140","93","30","22","9","0","47","63","9"
"2021/2022","Female","all","NABTEB","2-year","University","lga","Eket","South South","Akwa Ibom","Eket","","","0","49","32","9","10","0","0","17","23","0"
"2021/2022","Female","all","NABTEB","2-year","University","lga","Ikot Ekpene","South South","Akwa Ibom","Ikot Ekpene","","","0","108","78","27","28","0","0","30","51","0"
"2021/2022","Female","all","NABTEB","2-year","University","lga","Oron","South South","Akwa Ibom","Oron","","","0","191","132","40","43","0","0","59","92","0"
"2021/2022","Female","all","NABTEB","2-year","University","lga","Uyo","South South","Akwa Ibom","Uyo","","","0","100","68","21","22","0","0","32","47","0"
"2021/2022","Female","all","NABTEB","3-5-year","College of Education","lga","Abak","South South","Akwa Ibom","Abak","","","0","54","39","13","13","0","0","15","26","0"
"2021/2022","Female","all","NABTEB","3-5-year","College of Education","lga","Eket","South South","Akwa Ibom","Eket","","","0","69","49","21","17","5","0","20","28","5"
"2021/2022","Female","all","NABTEB","3-5-year","College of Education","lga","Ikot Ekpene","South South","Akwa Ibom","Ikot Ekpene","","","0","108","72","26","28","0","0","36","46","0"
"2021/2022","Female","all","NABTEB","3-5-year","College of Education","lga","Oron","South South","Akwa Ibom","Oron","","","0","34","23","8","9","0","0","11","15","0"
"2021/2022","Female","all","NABTEB","3-5-year","College of Education","lga","Uyo","South South","Akwa Ibom","Uyo","","","0","65","43","16","20","0","0","22","27","0"
"2021/2022","Female","all","NABTEB","3-5-year","Polytechnic","lga","Abak","South South","Akwa Ibom","Abak","","","0","59","40","17","18","0","0","19","23","0"
"2021/2022","Female","all","NABTEB","3-5-year","Polytechnic","lga","Eket","South South","Akwa Ibom","Eket","","","0","89","59","26","28","0","0","30","33","0"
"2021/2022","Female","all","NABTEB","3-5-year","Polytechnic","lga","Ikot Ekpene","South South","Akwa Ibom","Ikot Ekpene","","","0","42","30","13","13","0","0","12","17","0"
"2021/2022","Female","all","NABTEB","3-5-year","Polytechnic","lga","Oron","South South","Akwa Ibom","Oron","","","0","54","36","13","14","0","0","18","23","0"
"2021/2022","Female","all","NABTEB","3-5-year","Polytechnic","lga","Uyo","South South","Akwa Ibom","Uyo","","","0","56","39","18","18","1","0","17","21","1"
"2021/2022","Female","all","NABTEB","3-5-year","University","lga","Abak","South South","Akwa Ibom","Abak","","","0","97","65","21","22","0","0","32","44","0"
"2021/2022","Female","all","NABTEB","3-5-year","University","lga","Eket","South South","Akwa Ibom","Eket","","","0","31","23","9","10","0","0","8","14","0"
"2021/2022","Female","all","NABTEB","3-5-year","University","lga","Ikot Ekpene","South South","Akwa Ibom","Ikot Ekpene","","","0","74","49","18","20","0","0","25","31","0"
"2021/2022","Female","all","NABTEB","3-5-year","University","lga","Oron","South South","Akwa Ibom","Oron","","","0","122","85","36","34","5","0","37","49","5"
"2021/2022","Female","all","NABTEB","3-5-year","University","lga","Uyo","South South","Akwa Ibom","Uyo","","","0","65","46","17","19","0","0","19","29","0"
"2021/2022","Female","all","NABTEB","5+-year","College of Education","lga","Abak","South South","Akwa Ibom","Abak","","","0","31","19","4","4","0","0","12","15","0"
"2021/2022","Female","all","NABTEB","5+-year","College of Education","lga","Eket","South South","Akwa Ibom","Eket","","","0","33","27","12","8","4","0","6","15","4"
"2021/2022","Female","all","NABTEB","5+-year","College of Education","lga","Ikot Ekpene","South South","Akwa Ibom","Ikot Ekpene","","","0","51","33","8","5","4","0","18","25","4"
"2021/2022","Female","all","NABTEB","5+-year","College of Education","lga","Oron","South South","Akwa Ibom","Oron","","","0","25","17","4","4","0","0","8","13","0"
"2021/2022","Female","all","NABTEB","5+-year","College of Education","lga","Uyo","South South","Akwa Ibom","Uyo","","","0","34","22","4","0","4","0","12","18","4"
"2021/2022","Female","all","NABTEB","5+-year","Polytechnic","lga","Abak","South South","Akwa Ibom","Abak","","","0","32","24","0","0","0","0","8","24","0"
"2021/2022","Female","all","NABTEB","5+-year","Polytechnic","lga","Eket","South South","Akwa Ibom","Eket","","","0","55","36","12","8","4","0","19","24","4"
"2021/2022","Female","all","NABTEB","5+-year","Polytechnic","lga","Ikot Ekpene","South South","Akwa Ibom","Ikot Ekpene","","","0","23","17","5","5","0","0","6","12","0"
"2021/2022","Female","all","NABTEB","5+-year","Polytechnic","lga","Oron","South South","Akwa Ibom","Oron","","","0","28","21","13","0","13","0","7","8","13"
"2021/2022","Female","all","NABTEB","5+-year","Polytechnic","lga","Uyo","South South","Akwa Ibom","Uyo","","","0","32","23","9","5","4","0","9","14","4"
"2021/2022","Female","all","NABTEB","5+-year","University","lga","Abak","South South","Akwa Ibom","Abak","","","0","49","42","13","10","4","0","7","29","4"
"2021/2022","Female","all","NABTEB","5+-year","University","lga","Eket","South South","Akwa Ibom","Eket","","","0","17","10","9","5","5","0","7","3","5"
"2021/2022","Female","all","NABTEB","5+-year","University","lga","Ikot Ekpene","South South","Akwa Ibom","Ikot Ekpene","","","0","43","29","17","5","12","0","14","12","12"
"2021/2022","Female","all","NABTEB","5+-year","University","lga","Oron","South South","Akwa Ibom","Oron","","","0","67","50","17","14","4","0","17","33","4"
"2021/2022","Female","all","NABTEB","5+-year","University","lga","Uyo","South South","Akwa Ibom","Uyo","","","0","40","29","13","5","8","0","11","16","8"
"2021/2022","Female","all","NECO","1-year","College of Education","lga","Abak","South South","Akwa Ibom","Abak","","","0","235","149","50","46","4","0","86","99","4"
"2021/2022","Female","all","NECO","1-year","College of Education","lga","Eket","South South","Akwa Ibom","Eket","","","0","321","220","81","71","10","0","101","139","10"
"2021/2022","Female","all","NECO","1-year","College of Education","lga","Ikot Ekpene","South South","Akwa Ibom","Ikot Ekpene","","","0","465","313","119","105","16","0","152","194","16"
"2021/2022","Female","all","NECO","1-year","College of Education","lga","Oron","South South","Akwa Ibom","Oron","","","0","152","100","31","30","2","0","52","69","2"
"2021/2022","Female","all","NECO","1-year","College of Education","lga","Uyo","South South","Akwa Ibom","Uyo","","","0","279","189","58","56","4","0","90","131","4"
"2021/2022","Female","all","NECO","1-year","Polytechnic","lga","Abak","South South","Akwa Ibom","Abak","","","0","272","172","60","64","2","0","100","112","2"
"2021/2022","Female","all","NECO","1-year","Polytechnic","lga","Eket","South South","Akwa Ibom","Eket","","","0","423","275","101","96","8","0","148","174","8"
"2021/2022","Female","all","NECO","1-year","Polytechnic","lga","Ikot Ekpene","South South","Akwa Ibom","Ikot Ekpene","","","0","174","117","42","37","5","0","57","75","5"
"2021/2022","Female","all","NECO","1-year","Polytechnic","lga","Oron","South South","Akwa Ibom","Oron","","","0","219","149","49","51","2","0","70","100","2"
"2021/2022","Female","all","NECO","1-year","Polytechnic","lga","Uyo","South South","Akwa Ibom","Uyo","","","0","269","182","69","67","6","0","87","113","6"
"2021/2022","Female","all","NECO","1-year","University","lga","Abak","South South","Akwa Ibom","Abak","","","0","458","300","99","89","12","0","158","201","12"
"2021/2022","Female","all","NECO","1-year","University","lga","Eket","South South","Akwa Ibom","Eket","","","0","146","97","38","34","4","0","49","59","4"
"2021/2022","Female","all","NECO","1-year","University","lga","Ikot Ekpene","South South","Akwa Ibom","Ikot Ekpene","","","0","349","231","80","72","8","0","118","151","8"
"2021/2022","Female","all","NECO","1-year","University","lga","Oron","South South","Akwa Ibom","Oron","","","0","556","375","134","126","10","0","181","241","10"
"2021/2022","Female","all","NECO","1-year","University","lga","Uyo","South South","Akwa Ibom","Uyo","","","0","298","197","65","59","8","0","101","132","8"
"2021/2022","Female","all","NECO","2-year","College of Education","lga","Abak","South South","Akwa Ibom","Abak","","","0","152","91","38","30","8","0","61","53","8"
"2021/2022","Female","all","NECO","2-year","College of Education","lga","Eket","South South","Akwa Ibom","Eket","","","0","201","135","46","46","2","0","66","89","2"
"2021/2022","Female","all","NECO","2-year","College of Education","lga","Ikot Ekpene","South South","Akwa Ibom","Ikot Ekpene","","","0","300","203","73","67","9","0","97","130","9"
"2021/2022","Female","all","NECO","2-year","College of Education","lga","Oron","South South","Akwa Ibom","Oron","","","0","103","68","24","21","4","0","35","44","4"
"2021/2022","Female","all","NECO","2-year","College of Education","lga","Uyo","South South","Akwa Ibom","Uyo","","","0","173","115","39","37","2","0","58","76","2"
"2021/2022","Female","all","NECO","2-year","Polytechnic","lga","Abak","South South","Akwa Ibom","Abak","","","0","169","113","36","32","4","0","56","77","4"
"2021/2022","Female","all","NECO","2-year","Polytechnic","lga","Eket","South South","Akwa Ibom","Eket","","","0","267","174","66","54","12","0","93","108","12"
"2021/2022","Female","all","NECO","2-year","Polytechnic","lga","Ikot Ekpene","South South","Akwa Ibom","Ikot Ekpene","","","0","102","72","23","25","0","0","30","49","0"
"2021/2022","Female","all","NECO","2-year","Polytechnic","lga","Oron","South South","Akwa Ibom","Oron","","","0","150","99","39","39","2","0","51","60","2"
"2021/2022","Female","all","NECO","2-year","Polytechnic","lga","Uyo","South South","Akwa Ibom","Uyo","","","0","176","117","50","38","12","0","59","67","12"
"2021/2022","Female","all","NECO","2-year","University","lga","Abak","South South","Akwa Ibom","Abak","","","0","285","183","57","55","5","0","102","126","5"
"2021/2022","Female","all","NECO","2-year","University","lga","Eket","South South","Akwa Ibom","Eket","","","0","93","63","23","21","2","0","30","40","2"
"2021/2022","Female","all","NECO","2-year","University","lga","Ikot Ekpene","South South","Akwa Ibom","Ikot Ekpene","","","0","217","140","50","46","6","0","77","90","6"
"2021/2022","Female","all","NECO","2-year","University","lga","Oron","South South","Akwa Ibom","Oron","","","0","366","234","82","75","10","0","132","152","10"
"2021/2022","Female","all","NECO","2-year","University","lga","Uyo","South South","Akwa Ibom","Uyo","","","0","195","126","39","37","2","0","69","87","2"
"2021/2022","Female","all","NECO","3-5-year","College of Education","lga","Abak","South South","Akwa Ibom","Abak","","","0","93","60","20","21","0","0","33","40","0"
"2021/2022","Female","all","NECO","3-5-year","College of Education","lga","Eket","South South","Akwa Ibom","Eket","","","0","118","83","32","24","8","0","35","51","8"
"2021/2022","Female","all","NECO","3-5-year","College of Education","lga","Ikot Ekpene","South South","Akwa Ibom","Ikot Ekpene","","","0","181","122","43","36","7","0","59","79","7"
"2021/2022","Female","all","NECO","3-5-year","College of Education","lga","Oron","South South","Akwa Ibom","Oron","","","0","71","43","16","12","4","0","28","27","4"
"2021/2022","Female","all","NECO","3-5-year","College of Education","lga","Uyo","South South","Akwa Ibom","Uyo","","","0","124","77","28","24","4","0","47","49","4"
"2021/2022","Female","all","NECO","3-5-year","Polytechnic","lga","Abak","South South","Akwa Ibom","Abak","","","0","103","65","24","16","8","0","38","41","8"
"2021/2022","Female","all","NECO","3-5-year","Polytechnic","lga","Eket","South South","Akwa Ibom","Eket","","","0","156","101","36","37","0","0","55","65","0"
"2021/2022","Female","all","NECO","3-5-year","Polytechnic","lga","Ikot Ekpene","South South","Akwa Ibom","Ikot Ekpene","","","0","69","45","16","17","0","0","24","29","0"
"2021/2022","Female","all","NECO","3-5-year","Polytechnic","lga","Oron","South South","Akwa Ibom","Oron","","","0","87","57","24","16","8","0","30","33","8"
"2021/2022","Female","all","NECO","3-5-year","Polytechnic","lga","Uyo","South South","Akwa Ibom","Uyo","","","0","112","77","28","28","0","0","35","49","0"
"2021/2022","Female","all","NECO","3-5-year","University","lga","Abak","South South","Akwa Ibom","Abak","","","0","180","120","40","33","8","0","60","80","8"
"2021/2022","Female","all","NECO","3-5-year","University","lga","Eket","South South","Akwa Ibom","Eket","","","0","59","40","16","16","0","0","19","24","0"
"2021/2022","Female","all","NECO","3-5-year","University","lga","Ikot Ekpene","South South","Akwa Ibom","Ikot Ekpene","","","0","134","91","32","33","0","0","43","59","0"
"2021/2022","Female","all","NECO","3-5-year","University","lga","Oron","South South","Akwa Ibom","Oron","","","0","245","163","64","49","16","0","82","99","16"
"2021/2022","Female","all","NECO","3-5-year","University","lga","Uyo","South South","Akwa Ibom","Uyo","","","0","124","80","28","24","4","0","44","52","4"
"2021/2022","Female","all","NECO","5+-year","College of Education","lga","Abak","South South","Akwa Ibom","Abak","","","0","56","37","12","12","0","0","19","25","0"
"2021/2022","Female","all","NECO","5+-year","College of Education","lga","Eket","South South","Akwa Ibom","Eket","","","0","71","47","20","20","0","0","24","27","0"
"2021/2022","Female","all","NECO","5+-year","College of Education","lga","Ikot Ekpene","South South","Akwa Ibom","Ikot Ekpene","","","0","93","60","24","20","4","0","33","36","4"
"2021/2022","Female","all","NECO","5+-year","College of Education","lga","Oron","South South","Akwa Ibom","Oron","","","0","31","19","8","8","0","0","12","11","0"
"2021/2022","Female","all","NECO","5+-year","College of Education","lga","Uyo","South South","Akwa Ibom","Uyo","","","0","66","42","16","12","4","0","24","26","4"
"2021/2022","Female","all","NECO","5+-year","Polytechnic","lga","Abak","South South","Akwa Ibom","Abak","","","0","60","33","16","16","0","0","27","17","0"
"2021/2022","Female","all","NECO","5+-year","Polytechnic","lga","Eket","South South","Akwa Ibom","Eket","","","0","100","62","24","20","4","0","38","38","4"
"2021/2022","Female","all","NECO","5+-year","Polytechnic","lga","Ikot Ekpene","South South","Akwa Ibom","Ikot Ekpene","","","0","37","25","12","8","4","0","12","13","4"
"2021/2022","Female","all","NECO","5+-year","Polytechnic","lga","Oron","South South","Akwa Ibom","Oron","","","0","63","39","12","12","0","0","24","27","0"
"2021/2022","Female","all","NECO","5+-year","Polytechnic","lga","Uyo","South South","Akwa Ibom","Uyo","","","0","72","42","16","12","4","0","30","26","4"
"2021/2022","Female","all","NECO","5+-year","University","lga","Abak","South South","Akwa Ibom","Abak","","","0","97","59","24","20","4","0","38","35","4"
"2021/2022","Female","all","NECO","5+-year","University","lga","Eket","South South","Akwa Ibom","Eket","","","0","29","19","8","8","0","0","10","11","0"
"2021/2022","Female","all","NECO","5+-year","University","lga","Ikot Ekpene","South South","Akwa Ibom","Ikot Ekpene","","","0","81","57","20","16","4","0","24","37","4"
"2021/2022","Female","all","NECO","5+-year","University","lga","Oron","South South","Akwa Ibom","Oron","","","0","135","87","32","32","0","0","48","55","0"
"2021/2022","Female","all","NECO","5+-year","University","lga","Uyo","South South","Akwa Ibom","Uyo","","","0","72","44","16","16","0","0","28","28","0"
"2021/2022","Female","all","WAEC","1-year","College of Education","lga","Abak","South South","Akwa Ibom","Abak","","","0","294","191","58","53","6","0","103","133","6"
"2021/2022","Female","all","WAEC","1-year","College of Education","lga","Eket","South South","Akwa Ibom","Eket","","","0","405","266","103","93","10","0","139","163","10"
"2021/2022","Female","all","WAEC","1-year","College of Education","lga","Ikot Ekpene","South South","Akwa Ibom","Ikot Ekpene","","","0","649","443","162","149","13","0","206","281","13"
"2021/2022","Female","all","WAEC","1-year","College of Education","lga","Oron","South South","Akwa Ibom","Oron","","","0","222","148","51","46","5","0","74","97","5"
"2021/2022","Female","all","WAEC","1-year","College of Education","lga","Uyo","South South","Akwa Ibom","Uyo","","","0","374","250","93","78","15","0","124","157","15"
"2021/2022","Female","all","WAEC","1-year","Polytechnic","lga","Abak","South South","Akwa Ibom","Abak","","","0","372","238","84","75","9","0","134","154","9"
"2021/2022","Female","all","WAEC","1-year","Polytechnic","lga","Eket","South South","Akwa Ibom","Eket","","","0","582","379","133","113","20","0","203","246","20"
"2021/2022","Female","all","WAEC","1-year","Polytechnic","lga","Ikot Ekpene","South South","Akwa Ibom","Ikot Ekpene","","","0","214","145","52","46","6","0","69","93","6"
"2021/2022","Female","all","WAEC","1-year","Polytechnic","lga","Oron","South South","Akwa Ibom","Oron","","","0","299","202","75","68","8","0","97","127","8"
"2021/2022","Female","all","WAEC","1-year","Polytechnic","lga","Uyo","South South","Akwa Ibom","Uyo","","","0","368","242","86","78","8","0","126","156","8"
"2021/2022","Female","all","WAEC","1-year","University","lga","Abak","South South","Akwa Ibom","Abak","","","0","578","380","119","106","13","0","198","261","13"
"2021/2022","Female","all","WAEC","1-year","University","lga","Eket","South South","Akwa Ibom","Eket","","","0","182","121","44","35","9","0","61","77","9"
"2021/2022","Female","all","WAEC","1-year","University","lga","Ikot Ekpene","South South","Akwa Ibom","Ikot Ekpene","","","0","448","299","110","96","14","0","149","189","14"
"2021/2022","Female","all","WAEC","1-year","University","lga","Oron","South South","Akwa Ibom","Oron","","","0","773","521","190","168","22","0","252","331","22"
"2021/2022","Female","all","WAEC","1-year","University","lga","Uyo","South South","Akwa Ibom","Uyo","","","0","403","268","92","81","11","0","135","176","11"
"2021/2022","Female","all","WAEC","2-year","College of Education","lga","Abak","South South","Akwa Ibom","Abak","","","0","188","127","41","39","3","0","61","86","3"
"2021/2022","Female","all","WAEC","2-year","College of Education","lga","Eket","South South","Akwa Ibom","Eket","","","0","256","172","61","53","9","0","84","111","9"
"2021/2022","Female","all","WAEC","2-year","College of Education","lga","Ikot Ekpene","South South","Akwa Ibom","Ikot Ekpene","","","0","398","270","100","86","15","0","128","170","15"
"2021/2022","Female","all","WAEC","2-year","College of Education","lga","Oron","South South","Akwa Ibom","Oron","","","0","136","94","31","29","3","0","42","63","3"
"2021/2022","Female","all","WAEC","2-year","College of Education","lga","Uyo","South South","Akwa Ibom","Uyo","","","0","264","172","66","54","12","0","92","106","12"
"2021/2022","Female","all","WAEC","2-year","Polytechnic","lga","Abak","South South","Akwa Ibom","Abak","","","0","233","153","52","44","9","0","80","101","9"
"2021/2022","Female","all","WAEC","2-year","Polytechnic","lga","Eket","South South","Akwa Ibom","Eket","","","0","361","234","75","64","12","0","127","159","12"
"2021/2022","Female","all","WAEC","2-year","Polytechnic","lga","Ikot Ekpene","South South","Akwa Ibom","Ikot Ekpene","","","0","133","92","34","32","3","0","41","58","3"
"2021/2022","Female","all","WAEC","2-year","Polytechnic","lga","Oron","South South","Akwa Ibom","Oron","","","0","192","127","48","39","9","0","65","79","9"
"2021/2022","Female","all","WAEC","2-year","Polytechnic","lga","Uyo","South South","Akwa Ibom","Uyo","","","0","235","156","52","53","0","0","79","104","0"
"2021/2022","Female","all","WAEC","2-year","University","lga","Abak","South South","Akwa Ibom","Abak","","","0","355","235","75","64","12","0","120","160","12"
"2021/2022","Female","all","WAEC","2-year","University","lga","Eket","South South","Akwa Ibom","Eket","","","0","114","75","27","21","6","0","39","48","6"
"2021/2022","Female","all","WAEC","2-year","University","lga","Ikot Ekpene","South South","Akwa Ibom","Ikot Ekpene","","","0","285","194","72","60","12","0","91","122","12"
"2021/2022","Female","all","WAEC","2-year","University","lga","Oron","South South","Akwa Ibom","Oron","","","0","507","343","124","111","14","0","164","219","14"
"2021/2022","Female","all","WAEC","2-year","University","lga","Uyo","South South","Akwa Ibom","Uyo","","","0","250","167","55","50","6","0","83","112","6"
"2021/2022","Female","all","WAEC","3-5-year","College of Education","lga","Abak","South South","Akwa Ibom","Abak","","","0","124","78","27","17","10","0","46","51","10"
"2021/2022","Female","all","WAEC","3-5-year","College of Education","lga","Eket","South South","Akwa Ibom","Eket","","","0","161","107","41","32","10","0","54","66","10"
"2021/2022","Female","all","WAEC","3-5-year","College of Education","lga","Ikot Ekpene","South South","Akwa Ibom","Ikot Ekpene","","","0","273","182","72","60","12","0","91","110","12"
"2021/2022","Female","all","WAEC","3-5-year","College of Education","lga","Oron","South South","Akwa Ibom","Oron","","","0","83","57","20","18","3","0","26","37","3"
"2021/2022","Female","all","WAEC","3-5-year","College of Education","lga","Uyo","South South","Akwa Ibom","Uyo","","","0","170","112","35","35","0","0","58","77","0"
"2021/2022","Female","all","WAEC","3-5-year","Polytechnic","lga","Abak","South South","Akwa Ibom","Abak","","","0","136","91","28","25","3","0","45","63","3"
"2021/2022","Female","all","WAEC","3-5-year","Polytechnic","lga","Eket","South South","Akwa Ibom","Eket","","","0","229","147","52","47","6","0","82","95","6"
"2021/2022","Female","all","WAEC","3-5-year","Polytechnic","lga","Ikot Ekpene","South South","Akwa Ibom","Ikot Ekpene","","","0","84","53","24","18","6","0","31","29","6"
"2021/2022","Female","all","WAEC","3-5-year","Polytechnic","lga","Oron","South South","Akwa Ibom","Oron","","","0","132","87","30","29","3","0","45","57","3"
"2021/2022","Female","all","WAEC","3-5-year","Polytechnic","lga","Uyo","South South","Akwa Ibom","Uyo","","","0","136","88","34","24","10","0","48","54","10"
"2021/2022","Female","all","WAEC","3-5-year","University","lga","Abak","South South","Akwa Ibom","Abak","","","0","236","151","52","47","6","0","85","99","6"
"2021/2022","Female","all","WAEC","3-5-year","University","lga","Eket","South South","Akwa Ibom","Eket","","","0","71","51","17","18","0","0","20","34","0"
"2021/2022","Female","all","WAEC","3-5-year","University","lga","Ikot Ekpene","South South","Akwa Ibom","Ikot Ekpene","","","0","195","132","48","43","6","0","63","84","6"
"2021/2022","Female","all","WAEC","3-5-year","University","lga","Oron","South South","Akwa Ibom","Oron","","","0","319","211","76","64","13","0","108","135","13"
"2021/2022","Female","all","WAEC","3-5-year","University","lga","Uyo","South South","Akwa Ibom","Uyo","","","0","168","107","38","32","6","0","61","69","6"
"2021/2022","Female","all","WAEC","5+-year","College of Education","lga","Abak","South South","Akwa Ibom","Abak","","","0","78","51","17","14","3","0","27","34","3"
"2021/2022","Female","all","WAEC","5+-year","College of Education","lga","Eket","South South","Akwa Ibom","Eket","","","0","96","61","20","21","0","0","35","41","0"
"2021/2022","Female","all","WAEC","5+-year","College of Education","lga","Ikot Ekpene","South South","Akwa Ibom","Ikot Ekpene","","","0","158","101","36","33","6","0","57","65","6"
"2021/2022","Female","all","WAEC","5+-year","College of Education","lga","Oron","South South","Akwa Ibom","Oron","","","0","44","26","10","7","3","0","18","16","3"
"2021/2022","Female","all","WAEC","5+-year","College of Education","lga","Uyo","South South","Akwa Ibom","Uyo","","","0","85","56","17","18","1","0","29","39","1"
"2021/2022","Female","all","WAEC","5+-year","Polytechnic","lga","Abak","South South","Akwa Ibom","Abak","","","0","94","61","21","18","4","0","33","40","4"
"2021/2022","Female","all","WAEC","5+-year","Polytechnic","lga","Eket","South South","Akwa Ibom","Eket","","","0","124","81","30","30","3","0","43","51","3"
"2021/2022","Female","all","WAEC","5+-year","Polytechnic","lga","Ikot Ekpene","South South","Akwa Ibom","Ikot Ekpene","","","0","47","32","10","11","0","0","15","22","0"
"2021/2022","Female","all","WAEC","5+-year","Polytechnic","lga","Oron","South South","Akwa Ibom","Oron","","","0","69","45","13","14","0","0","24","32","0"
"2021/2022","Female","all","WAEC","5+-year","Polytechnic","lga","Uyo","South South","Akwa Ibom","Uyo","","","0","81","53","24","18","6","0","28","29","6"
"2021/2022","Female","all","WAEC","5+-year","University","lga","Abak","South South","Akwa Ibom","Abak","","","0","143","90","31","29","3","0","53","59","3"
"2021/2022","Female","all","WAEC","5+-year","University","lga","Eket","South South","Akwa Ibom","Eket","","","0","47","32","10","11","0","0","15","22","0"
"2021/2022","Female","all","WAEC","5+-year","University","lga","Ikot Ekpene","South South","Akwa Ibom","Ikot Ekpene","","","0","97","63","24","22","3","0","34","39","3"
"2021/2022","Female","all","WAEC","5+-year","University","lga","Oron","South South","Akwa Ibom","Oron","","","0","175","115","37","34","4","0","60","78","4"
"2021/2022","Female","all","WAEC","5+-year","University","lga","Uyo","South South","Akwa Ibom","Uyo","","","0","91","62","18","15","4","0","29","44","4"
"2021/2022","Female","disabled","NABTEB","1-year","College of Education","lga","Abak","South South","Akwa Ibom","Abak","","","0","18","9","12","14","0","0","9","0","0"
"2021/2022","Female","disabled","NABTEB","1-year","College of Education","lga","Eket","South South","Akwa Ibom","Eket","","","0","24","12","16","17","0","0","12","0","0"
"2021/2022","Female","disabled","NABTEB","1-year","College of Education","lga","Ikot Ekpene","South South","Akwa Ibom","Ikot Ekpene","","","0","39","22","26","28","0","0","17","3","0"
"2021/2022","Female","disabled","NABTEB","1-year","College of Education","lga","Oron","South South","Akwa Ibom","Oron","","","0","12","6","8","10","0","0","6","0","0"
"2021/2022","Female","disabled","NABTEB","1-year","College of Education","lga","Uyo","South South","Akwa Ibom","Uyo","","","0","24","12","16","20","0","0","12","0","0"
"2021/2022","Female","disabled","NABTEB","1-year","Polytechnic","lga","Abak","South South","Akwa Ibom","Abak","","","0","24","12","17","17","0","0","12","0","0"
"2021/2022","Female","disabled","NABTEB","1-year","Polytechnic","lga","Eket","South South","Akwa Ibom","Eket","","","0","39","22","26","29","0","0","17","3","0"
"2021/2022","Female","disabled","NABTEB","1-year","Polytechnic","lga","Ikot Ekpene","South South","Akwa Ibom","Ikot Ekpene","","","0","12","6","9","9","0","0","6","0","0"
"2021/2022","Female","disabled","NABTEB","1-year","Polytechnic","lga","Oron","South South","Akwa Ibom","Oron","","","0","18","9","13","14","0","0","9","0","0"
"2021/2022","Female","disabled","NABTEB","1-year","Polytechnic","lga","Uyo","South South","Akwa Ibom","Uyo","","","0","24","12","18","18","0","0","12","0","0"
"2021/2022","Female","disabled","NABTEB","1-year","University","lga","Abak","South South","Akwa Ibom","Abak","","","0","30","15","21","22","0","0","15","0","0"
"2021/2022","Female","disabled","NABTEB","1-year","University","lga","Eket","South South","Akwa Ibom","Eket","","","0","12","6","9","10","0","0","6","0","0"
"2021/2022","Female","disabled","NABTEB","1-year","University","lga","Ikot Ekpene","South South","Akwa Ibom","Ikot Ekpene","","","0","24","12","17","20","0","0","12","0","0"
"2021/2022","Female","disabled","NABTEB","1-year","University","lga","Oron","South South","Akwa Ibom","Oron","","","0","42","21","31","34","0","0","21","0","0"
"2021/2022","Female","disabled","NABTEB","1-year","University","lga","Uyo","South South","Akwa Ibom","Uyo","","","0","24","12","17","19","0","0","12","0","0"
"2021/2022","Female","disabled","NABTEB","2-year","College of Education","lga","Abak","South South","Akwa Ibom","Abak","","","0","9","9","0","0","0","0","0","9","0"
"2021/2022","Female","disabled","NABTEB","2-year","College of Education","lga","Eket","South South","Akwa Ibom","Eket","","","0","12","12","0","0","0","0","0","12","0"
"2021/2022","Female","disabled","NABTEB","2-year","College of Education","lga","Ikot Ekpene","South South","Akwa Ibom","Ikot Ekpene","","","0","21","18","0","0","0","0","3","18","0"
"2021/2022","Female","disabled","NABTEB","2-year","College of Education","lga","Oron","South South","Akwa Ibom","Oron","","","0","6","6","0","0","0","0","0","6","0"
"2021/2022","Female","disabled","NABTEB","2-year","College of Education","lga","Uyo","South South","Akwa Ibom","Uyo","","","0","12","12","0","0","0","0","0","12","0"
"2021/2022","Female","disabled","NABTEB","2-year","Polytechnic","lga","Abak","South South","Akwa Ibom","Abak","","","0","12","12","0","0","0","0","0","12","0"
"2021/2022","Female","disabled","NABTEB","2-year","Polytechnic","lga","Eket","South South","Akwa Ibom","Eket","","","0","21","18","0","0","0","0","3","18","0"
"2021/2022","Female","disabled","NABTEB","2-year","Polytechnic","lga","Ikot Ekpene","South South","Akwa Ibom","Ikot Ekpene","","","0","9","6","0","0","0","0","3","6","0"
"2021/2022","Female","disabled","NABTEB","2-year","Polytechnic","lga","Oron","South South","Akwa Ibom","Oron","","","0","9","9","0","0","0","0","0","9","0"
"2021/2022","Female","disabled","NABTEB","2-year","Polytechnic","lga","Uyo","South South","Akwa Ibom","Uyo","","","0","12","12","0","0","0","0","0","12","0"
"2021/2022","Female","disabled","NABTEB","2-year","University","lga","Abak","South South","Akwa Ibom","Abak","","","0","18","15","0","0","0","0","3","15","0"
"2021/2022","Female","disabled","NABTEB","2-year","University","lga","Eket","South South","Akwa Ibom","Eket","","","0","6","6","0","0","0","0","0","6","0"
"2021/2022","Female","disabled","NABTEB","2-year","University","lga","Ikot Ekpene","South South","Akwa Ibom","Ikot Ekpene","","","0","12","12","0","0","0","0","0","12","0"
"2021/2022","Female","disabled","NABTEB","2-year","University","lga","Oron","South South","Akwa Ibom","Oron","","","0","21","21","0","0","0","0","0","21","0"
"2021/2022","Female","disabled","NABTEB","2-year","University","lga","Uyo","South South","Akwa Ibom","Uyo","","","0","12","12","0","0","0","0","0","12","0"
"2021/2022","Female","disabled","NABTEB","3-5-year","College of Education","lga","Abak","South South","Akwa Ibom","Abak","","","0","9","0","0","0","0","0","9","0","0"
"2021/2022","Female","disabled","NABTEB","3-5-year","College of Education","lga","Eket","South South","Akwa Ibom","Eket","","","0","12","0","0","0","0","0","12","0","0"
"2021/2022","Female","disabled","NABTEB","3-5-year","College of Education","lga","Ikot Ekpene","South South","Akwa Ibom","Ikot Ekpene","","","0","18","6","0","0","0","0","12","6","0"
"2021/2022","Female","disabled","NABTEB","3-5-year","College of Education","lga","Oron","South South","Akwa Ibom","Oron","","","0","6","0","0","0","0","0","6","0","0"
"2021/2022","Female","disabled","NABTEB","3-5-year","College of Education","lga","Uyo","South South","Akwa Ibom","Uyo","","","0","12","0","0","0","0","0","12","0","0"
"2021/2022","Female","disabled","NABTEB","3-5-year","Polytechnic","lga","Abak","South South","Akwa Ibom","Abak","","","0","12","0","0","0","0","0","12","0","0"
"2021/2022","Female","disabled","NABTEB","3-5-year","Polytechnic","lga","Eket","South South","Akwa Ibom","Eket","","","0","18","3","0","0","0","0","15","3","0"
"2021/2022","Female","disabled","NABTEB","3-5-year","Polytechnic","lga","Ikot Ekpene","South South","Akwa Ibom","Ikot Ekpene","","","0","6","3","0","0","0","0","3","3","0"
"2021/2022","Female","disabled","NABTEB","3-5-year","Polytechnic","lga","Oron","South South","Akwa Ibom","Oron","","","0","9","0","0","0","0","0","9","0","0"
"2021/2022","Female","disabled","NABTEB","3-5-year","Polytechnic","lga","Uyo","South South","Akwa Ibom","Uyo","","","0","12","0","0","0","0","0","12","0","0"
"2021/2022","Female","disabled","NABTEB","3-5-year","University","lga","Abak","South South","Akwa Ibom","Abak","","","0","15","12","0","0","0","0","3","12","0"
"2021/2022","Female","disabled","NABTEB","3-5-year","University","lga","Eket","South South","Akwa Ibom","Eket","","","0","6","3","0","0","0","0","3","3","0"
"2021/2022","Female","disabled","NABTEB","3-5-year","University","lga","Ikot Ekpene","South South","Akwa Ibom","Ikot Ekpene","","","0","12","3","0","0","0","0","9","3","0"
"2021/2022","Female","disabled","NABTEB","3-5-year","University","lga","Oron","South South","Akwa Ibom","Oron","","","0","21","6","0","0","0","0","15","6","0"
"2021/2022","Female","disabled","NABTEB","3-5-year","University","lga","Uyo","South South","Akwa Ibom","Uyo","","","0","12","3","0","0","0","0","9","3","0"
"2021/2022","Female","disabled","NABTEB","5+-year","College of Education","lga","Abak","South South","Akwa Ibom","Abak","","","0","0","0","0","0","0","0","0","0","0"
"2021/2022","Female","disabled","NABTEB","5+-year","College of Education","lga","Eket","South South","Akwa Ibom","Eket","","","0","0","0","0","0","0","0","0","0","0"
"2021/2022","Female","disabled","NABTEB","5+-year","College of Education","lga","Ikot Ekpene","South South","Akwa Ibom","Ikot Ekpene","","","0","6","0","0","0","0","0","6","0","0"
"2021/2022","Female","disabled","NABTEB","5+-year","College of Education","lga","Oron","South South","Akwa Ibom","Oron","","","0","0","0","0","0","0","0","0","0","0"
"2021/2022","Female","disabled","NABTEB","5+-year","College of Education","lga","Uyo","South South","Akwa Ibom","Uyo","","","0","0","0","0","0","0","0","0","0","0"
"2021/2022","Female","disabled","NABTEB","5+-year","Polytechnic","lga","Abak","South South","Akwa Ibom","Abak","","","0","0","0","0","0","0","0","0","0","0"
"2021/2022","Female","disabled","NABTEB","5+-year","Polytechnic","lga","Eket","South South","Akwa Ibom","Eket","","","0","3","0","0","0","0","0","3","0","0"
"2021/2022","Female","disabled","NABTEB","5+-year","Polytechnic","lga","Ikot Ekpene","South South","Akwa Ibom","Ikot Ekpene","","","0","0","0","0","0","0","0","0","0","0"
"2021/2022","Female","disabled","NABTEB","5+-year","Polytechnic","lga","Oron","South South","Akwa Ibom","Oron","","","0","0","0","0","0","0","0","0","0","0"
"2021/2022","Female","disabled","NABTEB","5+-year","Polytechnic","lga","Uyo","South South","Akwa Ibom","Uyo","","","0","0","0","0","0","0","0","0","0","0"
"2021/2022","Female","disabled","NABTEB","5+-year","University","lga","Abak","South South","Akwa Ibom","Abak","","","0","9","0","0","0","0","0","9","0","0"
"2021/2022","Female","disabled","NABTEB","5+-year","University","lga","Eket","South South","Akwa Ibom","Eket","","","0","3","0","0","0","0","0","3","0","0"
"2021/2022","Female","disabled","NABTEB","5+-year","University","lga","Ikot Ekpene","South South","Akwa Ibom","Ikot Ekpene","","","0","3","0","0","0","0","0","3","0","0"
"2021/2022","Female","disabled","NABTEB","5+-year","University","lga","Oron","South South","Akwa Ibom","Oron","","","0","6","0","0","0","0","0","6","0","0"
"2021/2022","Female","disabled","NABTEB","5+-year","University","lga","Uyo","South South","Akwa Ibom","Uyo","","","0","3","0","0","0","0","0","3","0","0"
"2021/2022","Female","disabled","NECO","1-year","College of Education","lga","Abak","South South","Akwa Ibom","Abak","","","0","24","15","12","12","0","0","9","4","0"
"2021/2022","Female","disabled","NECO","1-year","College of Education","lga","Eket","South South","Akwa Ibom","Eket","","","0","30","18","16","16","0","0","12","4","0"
"2021/2022","Female","disabled","NECO","1-year","College of Education","lga","Ikot Ekpene","South South","Akwa Ibom","Ikot Ekpene","","","0","51","31","24","24","0","0","20","10","0"
"2021/2022","Female","disabled","NECO","1-year","College of Education","lga","Oron","South South","Akwa Ibom","Oron","","","0","15","12","8","8","0","0","3","4","0"
"2021/2022","Female","disabled","NECO","1-year","College of Education","lga","Uyo","South South","Akwa Ibom","Uyo","","","0","33","21","16","16","0","0","12","6","0"
"2021/2022","Female","disabled","NECO","1-year","Polytechnic","lga","Abak","South South","Akwa Ibom","Abak","","","0","27","15","16","16","0","0","12","2","0"
"2021/2022","Female","disabled","NECO","1-year","Polytechnic","lga","Eket","South South","Akwa Ibom","Eket","","","0","46","29","24","24","0","0","17","8","0"
"2021/2022","Female","disabled","NECO","1-year","Polytechnic","lga","Ikot Ekpene","South South","Akwa Ibom","Ikot Ekpene","","","0","18","9","8","8","0","0","9","2","0"
"2021/2022","Female","disabled","NECO","1-year","Polytechnic","lga","Oron","South South","Akwa Ibom","Oron","","","0","21","15","12","12","0","0","6","4","0"
"2021/2022","Female","disabled","NECO","1-year","Polytechnic","lga","Uyo","South South","Akwa Ibom","Uyo","","","0","30","18","16","16","0","0","12","4","0"
"2021/2022","Female","disabled","NECO","1-year","University","lga","Abak","South South","Akwa Ibom","Abak","","","0","59","32","20","20","0","0","27","13","0"
"2021/2022","Female","disabled","NECO","1-year","University","lga","Eket","South South","Akwa Ibom","Eket","","","0","18","9","8","8","0","0","9","2","0"
"2021/2022","Female","disabled","NECO","1-year","University","lga","Ikot Ekpene","South South","Akwa Ibom","Ikot Ekpene","","","0","36","23","16","16","0","0","13","8","0"
"2021/2022","Female","disabled","NECO","1-year","University","lga","Oron","South South","Akwa Ibom","Oron","","","0","66","39","28","28","0","0","27","13","0"
"2021/2022","Female","disabled","NECO","1-year","University","lga","Uyo","South South","Akwa Ibom","Uyo","","","0","36","21","16","16","0","0","15","6","0"
"2021/2022","Female","disabled","NECO","2-year","College of Education","lga","Abak","South South","Akwa Ibom","Abak","","","0","12","9","0","0","0","0","3","9","0"
"2021/2022","Female","disabled","NECO","2-year","College of Education","lga","Eket","South South","Akwa Ibom","Eket","","","0","21","12","0","0","0","0","9","12","0"
"2021/2022","Female","disabled","NECO","2-year","College of Education","lga","Ikot Ekpene","South South","Akwa Ibom","Ikot Ekpene","","","0","33","24","0","0","0","0","9","24","0"
"2021/2022","Female","disabled","NECO","2-year","College of Education","lga","Oron","South South","Akwa Ibom","Oron","","","0","12","6","0","0","0","0","6","6","0"
"2021/2022","Female","disabled","NECO","2-year","College of Education","lga","Uyo","South South","Akwa Ibom","Uyo","","","0","21","12","0","0","0","0","9","12","0"
"2021/2022","Female","disabled","NECO","2-year","Polytechnic","lga","Abak","South South","Akwa Ibom","Abak","","","0","15","12","0","0","0","0","3","12","0"
"2021/2022","Female","disabled","NECO","2-year","Polytechnic","lga","Eket","South South","Akwa Ibom","Eket","","","0","30","21","4","4","0","0","9","17","0"
"2021/2022","Female","disabled","NECO","2-year","Polytechnic","lga","Ikot Ekpene","South South","Akwa Ibom","Ikot Ekpene","","","0","9","9","0","0","0","0","0","9","0"
"2021/2022","Female","disabled","NECO","2-year","Polytechnic","lga","Oron","South South","Akwa Ibom","Oron","","","0","18","9","0","0","0","0","9","9","0"
"2021/2022","Female","disabled","NECO","2-year","Polytechnic","lga","Uyo","South South","Akwa Ibom","Uyo","","","0","15","12","0","0","0","0","3","12","0"
"2021/2022","Female","disabled","NECO","2-year","University","lga","Abak","South South","Akwa Ibom","Abak","","","0","33","21","4","4","0","0","12","17","0"
"2021/2022","Female","disabled","NECO","2-year","University","lga","Eket","South South","Akwa Ibom","Eket","","","0","9","6","0","0","0","0","3","6","0"
"2021/2022","Female","disabled","NECO","2-year","University","lga","Ikot Ekpene","South South","Akwa Ibom","Ikot Ekpene","","","0","24","18","0","0","0","0","6","18","0"
"2021/2022","Female","disabled","NECO","2-year","University","lga","Oron","South South","Akwa Ibom","Oron","","","0","36","27","0","0","0","0","9","27","0"
"2021/2022","Female","disabled","NECO","2-year","University","lga","Uyo","South South","Akwa Ibom","Uyo","","","0","21","12","0","0","0","0","9","12","0"
"2021/2022","Female","disabled","NECO","3-5-year","College of Education","lga","Abak","South South","Akwa Ibom","Abak","","","0","9","9","0","0","0","0","0","9","0"
"2021/2022","Female","disabled","NECO","3-5-year","College of Education","lga","Eket","South South","Akwa Ibom","Eket","","","0","15","12","0","0","0","0","3","12","0"
"2021/2022","Female","disabled","NECO","3-5-year","College of Education","lga","Ikot Ekpene","South South","Akwa Ibom","Ikot Ekpene","","","0","24","18","0","0","0","0","6","18","0"
"2021/2022","Female","disabled","NECO","3-5-year","College of Education","lga","Oron","South South","Akwa Ibom","Oron","","","0","6","6","0","0","0","0","0","6","0"
"2021/2022","Female","disabled","NECO","3-5-year","College of Education","lga","Uyo","South South","Akwa Ibom","Uyo","","","0","12","12","0","0","0","0","0","12","0"
"2021/2022","Female","disabled","NECO","3-5-year","Polytechnic","lga","Abak","South South","Akwa Ibom","Abak","","","0","12","12","0","0","0","0","0","12","0"
"2021/2022","Female","disabled","NECO","3-5-year","Polytechnic","lga","Eket","South South","Akwa Ibom","Eket","","","0","24","21","0","0","0","0","3","21","0"
"2021/2022","Female","disabled","NECO","3-5-year","Polytechnic","lga","Ikot Ekpene","South South","Akwa Ibom","Ikot Ekpene","","","0","9","6","0","0","0","0","3","6","0"
"2021/2022","Female","disabled","NECO","3-5-year","Polytechnic","lga","Oron","South South","Akwa Ibom","Oron","","","0","9","9","0","0","0","0","0","9","0"
"2021/2022","Female","disabled","NECO","3-5-year","Polytechnic","lga","Uyo","South South","Akwa Ibom","Uyo","","","0","12","9","0","0","0","0","3","9","0"
"2021/2022","Female","disabled","NECO","3-5-year","University","lga","Abak","South South","Akwa Ibom","Abak","","","0","21","15","0","0","0","0","6","15","0"
"2021/2022","Female","disabled","NECO","3-5-year","University","lga","Eket","South South","Akwa Ibom","Eket","","","0","6","6","0","0","0","0","0","6","0"
"2021/2022","Female","disabled","NECO","3-5-year","University","lga","Ikot Ekpene","South South","Akwa Ibom","Ikot Ekpene","","","0","15","12","0","0","0","0","3","12","0"
"2021/2022","Female","disabled","NECO","3-5-year","University","lga","Oron","South South","Akwa Ibom","Oron","","","0","24","21","0","0","0","0","3","21","0"
"2021/2022","Female","disabled","NECO","3-5-year","University","lga","Uyo","South South","Akwa Ibom","Uyo","","","0","12","12","0","0","0","0","0","12","0"
"2021/2022","Female","disabled","NECO","5+-year","College of Education","lga","Abak","South South","Akwa Ibom","Abak","","","0","6","0","0","0","0","0","6","0","0"
"2021/2022","Female","disabled","NECO","5+-year","College of Education","lga","Eket","South South","Akwa Ibom","Eket","","","0","6","6","0","0","0","0","0","6","0"
"2021/2022","Female","disabled","NECO","5+-year","College of Education","lga","Ikot Ekpene","South South","Akwa Ibom","Ikot Ekpene","","","0","12","6","0","0","0","0","6","6","0"
"2021/2022","Female","disabled","NECO","5+-year","College of Education","lga","Oron","South South","Akwa Ibom","Oron","","","0","6","3","0","0","0","0","3","3","0"
"2021/2022","Female","disabled","NECO","5+-year","College of Education","lga","Uyo","South South","Akwa Ibom","Uyo","","","0","0","0","0","0","0","0","0","0","0"
"2021/2022","Female","disabled","NECO","5+-year","Polytechnic","lga","Abak","South South","Akwa Ibom","Abak","","","0","6","0","0","0","0","0","6","0","0"
"2021/2022","Female","disabled","NECO","5+-year","Polytechnic","lga","Eket","South South","Akwa Ibom","Eket","","","0","12","3","0","0","0","0","9","3","0"
"2021/2022","Female","disabled","NECO","5+-year","Polytechnic","lga","Ikot Ekpene","South South","Akwa Ibom","Ikot Ekpene","","","0","3","3","0","0","0","0","0","3","0"
"2021/2022","Female","disabled","NECO","5+-year","Polytechnic","lga","Oron","South South","Akwa Ibom","Oron","","","0","0","0","0","0","0","0","0","0","0"
"2021/2022","Female","disabled","NECO","5+-year","Polytechnic","lga","Uyo","South South","Akwa Ibom","Uyo","","","0","6","0","0","0","0","0","6","0","0"
"2021/2022","Female","disabled","NECO","5+-year","University","lga","Abak","South South","Akwa Ibom","Abak","","","0","12","12","0","0","0","0","0","12","0"
"2021/2022","Female","disabled","NECO","5+-year","University","lga","Eket","South South","Akwa Ibom","Eket","","","0","3","3","0","0","0","0","0","3","0"
"2021/2022","Female","disabled","NECO","5+-year","University","lga","Ikot Ekpene","South South","Akwa Ibom","Ikot Ekpene","","","0","9","0","0","0","0","0","9","0","0"
"2021/2022","Female","disabled","NECO","5+-year","University","lga","Oron","South South","Akwa Ibom","Oron","","","0","12","9","0","0","0","0","3","9","0"
"2021/2022","Female","disabled","NECO","5+-year","University","lga","Uyo","South South","Akwa Ibom","Uyo","","","0","6","6","0","0","0","0","0","6","0"
"2021/2022","Female","disabled","WAEC","1-year","College of Education","lga","Abak","South South","Akwa Ibom","Abak","","","0","27","16","9","9","0","0","11","7","0"
"2021/2022","Female","disabled","WAEC","1-year","College of Education","lga","Eket","South South","Akwa Ibom","Eket","","","0","46","26","12","14","0","0","20","14","0"
"2021/2022","Female","disabled","WAEC","1-year","College of Education","lga","Ikot Ekpene","South South","Akwa Ibom","Ikot Ekpene","","","0","71","42","18","24","0","0","29","24","0"
"2021/2022","Female","disabled","WAEC","1-year","College of Education","lga","Oron","South South","Akwa Ibom","Oron","","","0","24","16","6","7","0","0","8","10","0"
"2021/2022","Female","disabled","WAEC","1-year","College of Education","lga","Uyo","South South","Akwa Ibom","Uyo","","","0","39","26","13","15","1","0","13","13","1"
"2021/2022","Female","disabled","WAEC","1-year","Polytechnic","lga","Abak","South South","Akwa Ibom","Abak","","","0","36","23","14","14","1","0","13","9","1"
"2021/2022","Female","disabled","WAEC","1-year","Polytechnic","lga","Eket","South South","Akwa Ibom","Eket","","","0","64","44","19","23","1","0","20","25","1"
"2021/2022","Female","disabled","WAEC","1-year","Polytechnic","lga","Ikot Ekpene","South South","Akwa Ibom","Ikot Ekpene","","","0","18","13","6","8","0","0","5","7","0"
"2021/2022","Female","disabled","WAEC","1-year","Polytechnic","lga","Oron","South South","Akwa Ibom","Oron","","","0","24","18","10","10","1","0","6","8","1"
"2021/2022","Female","disabled","WAEC","1-year","Polytechnic","lga","Uyo","South South","Akwa Ibom","Uyo","","","0","39","24","13","15","0","0","15","11","0"
"2021/2022","Female","disabled","WAEC","1-year","University","lga","Abak","South South","Akwa Ibom","Abak","","","0","66","43","16","19","0","0","23","27","0"
"2021/2022","Female","disabled","WAEC","1-year","University","lga","Eket","South South","Akwa Ibom","Eket","","","0","22","16","6","8","0","0","6","10","0"
"2021/2022","Female","disabled","WAEC","1-year","University","lga","Ikot Ekpene","South South","Akwa Ibom","Ikot Ekpene","","","0","55","32","12","16","0","0","23","20","0"
"2021/2022","Female","disabled","WAEC","1-year","University","lga","Oron","South South","Akwa Ibom","Oron","","","0","83","48","21","24","0","0","35","27","0"
"2021/2022","Female","disabled","WAEC","1-year","University","lga","Uyo","South South","Akwa Ibom","Uyo","","","0","46","27","14","15","0","0","19","14","0"
"2021/2022","Female","disabled","WAEC","2-year","College of Education","lga","Abak","South South","Akwa Ibom","Abak","","","0","15","9","0","0","0","0","6","9","0"
"2021/2022","Female","disabled","WAEC","2-year","College of Education","lga","Eket","South South","Akwa Ibom","Eket","","","0","27","16","3","4","0","0","11","13","0"
"2021/2022","Female","disabled","WAEC","2-year","College of Education","lga","Ikot Ekpene","South South","Akwa Ibom","Ikot Ekpene","","","0","49","30","9","12","0","0","19","21","0"
"2021/2022","Female","disabled","WAEC","2-year","College of Education","lga","Oron","South South","Akwa Ibom","Oron","","","0","12","10","0","0","0","0","2","10","0"
"2021/2022","Female","disabled","WAEC","2-year","College of Education","lga","Uyo","South South","Akwa Ibom","Uyo","","","0","27","16","3","4","0","0","11","13","0"
"2021/2022","Female","disabled","WAEC","2-year","Polytechnic","lga","Abak","South South","Akwa Ibom","Abak","","","0","24","14","0","0","0","0","10","14","0"
"2021/2022","Female","disabled","WAEC","2-year","Polytechnic","lga","Eket","South South","Akwa Ibom","Eket","","","0","46","27","7","7","1","0","19","20","1"
"2021/2022","Female","disabled","WAEC","2-year","Polytechnic","lga","Ikot Ekpene","South South","Akwa Ibom","Ikot Ekpene","","","0","15","8","3","4","0","0","7","5","0"
"2021/2022","Female","disabled","WAEC","2-year","Polytechnic","lga","Oron","South South","Akwa Ibom","Oron","","","0","18","11","0","0","0","0","7","11","0"
"2021/2022","Female","disabled","WAEC","2-year","Polytechnic","lga","Uyo","South South","Akwa Ibom","Uyo","","","0","18","14","4","4","0","0","4","10","0"
"2021/2022","Female","disabled","WAEC","2-year","University","lga","Abak","South South","Akwa Ibom","Abak","","","0","42","23","10","11","0","0","19","13","0"
"2021/2022","Female","disabled","WAEC","2-year","University","lga","Eket","South South","Akwa Ibom","Eket","","","0","15","8","3","3","0","0","7","5","0"
"2021/2022","Female","disabled","WAEC","2-year","University","lga","Ikot Ekpene","South South","Akwa Ibom","Ikot Ekpene","","","0","27","18","9","12","0","0","9","9","0"
"2021/2022","Female","disabled","WAEC","2-year","University","lga","Oron","South South","Akwa Ibom","Oron","","","0","60","31","12","14","0","0","29","19","0"
"2021/2022","Female","disabled","WAEC","2-year","University","lga","Uyo","South South","Akwa Ibom","Uyo","","","0","21","18","7","7","0","0","3","11","0"
"2021/2022","Female","disabled","WAEC","3-5-year","College of Education","lga","Abak","South South","Akwa Ibom","Abak","","","0","12","9","0","0","0","0","3","9","0"
"2021/2022","Female","disabled","WAEC","3-5-year","College of Education","lga","Eket","South South","Akwa Ibom","Eket","","","0","15","12","0","0","0","0","3","12","0"
"2021/2022","Female","disabled","WAEC","3-5-year","College of Education","lga","Ikot Ekpene","South South","Akwa Ibom","Ikot Ekpene","","","0","30","22","0","0","0","0","8","22","0"
"2021/2022","Female","disabled","WAEC","3-5-year","College of Education","lga","Oron","South South","Akwa Ibom","Oron","","","0","9","6","0","0","0","0","3","6","0"
"2021/2022","Female","disabled","WAEC","3-5-year","College of Education","lga","Uyo","South South","Akwa Ibom","Uyo","","","0","15","12","0","0","0","0","3","12","0"
"2021/2022","Female","disabled","WAEC","3-5-year","Polytechnic","lga","Abak","South South","Akwa Ibom","Abak","","","0","15","12","0","0","0","0","3","12","0"
"2021/2022","Female","disabled","WAEC","3-5-year","Polytechnic","lga","Eket","South South","Akwa Ibom","Eket","","","0","27","20","0","0","0","0","7","20","0"
"2021/2022","Female","disabled","WAEC","3-5-year","Polytechnic","lga","Ikot Ekpene","South South","Akwa Ibom","Ikot Ekpene","","","0","9","8","0","0","0","0","1","8","0"
"2021/2022","Female","disabled","WAEC","3-5-year","Polytechnic","lga","Oron","South South","Akwa Ibom","Oron","","","0","12","9","0","0","0","0","3","9","0"
"2021/2022","Female","disabled","WAEC","3-5-year","Polytechnic","lga","Uyo","South South","Akwa Ibom","Uyo","","","0","15","12","0","0","0","0","3","12","0"
"2021/2022","Female","disabled","WAEC","3-5-year","University","lga","Abak","South South","Akwa Ibom","Abak","","","0","27","17","0","0","0","0","10","17","0"
"2021/2022","Female","disabled","WAEC","3-5-year","University","lga","Eket","South South","Akwa Ibom","Eket","","","0","9","8","0","0","0","0","1","8","0"
"2021/2022","Female","disabled","WAEC","3-5-year","University","lga","Ikot Ekpene","South South","Akwa Ibom","Ikot Ekpene","","","0","21","14","0","0","0","0","7","14","0"
"2021/2022","Female","disabled","WAEC","3-5-year","University","lga","Oron","South South","Akwa Ibom","Oron","","","0","30","25","0","0","0","0","5","25","0"
"2021/2022","Female","disabled","WAEC","3-5-year","University","lga","Uyo","South South","Akwa Ibom","Uyo","","","0","21","12","0","0","0","0","9","12","0"
"2021/2022","Female","disabled","WAEC","5+-year","College of Education","lga","Abak","South South","Akwa Ibom","Abak","","","0","9","6","0","0","0","0","3","6","0"
"2021/2022","Female","disabled","WAEC","5+-year","College of Education","lga","Eket","South South","Akwa Ibom","Eket","","","0","6","6","0","0","0","0","0","6","0"
"2021/2022","Female","disabled","WAEC","5+-year","College of Education","lga","Ikot Ekpene","South South","Akwa Ibom","Ikot Ekpene","","","0","15","12","0","0","0","0","3","12","0"
"2021/2022","Female","disabled","WAEC","5+-year","College of Education","lga","Oron","South South","Akwa Ibom","Oron","","","0","6","0","0","0","0","0","6","0","0"
"2021/2022","Female","disabled","WAEC","5+-year","College of Education","lga","Uyo","South South","Akwa Ibom","Uyo","","","0","12","9","0","0","0","0","3","9","0"
"2021/2022","Female","disabled","WAEC","5+-year","Polytechnic","lga","Abak","South South","Akwa Ibom","Abak","","","0","12","9","0","0","0","0","3","9","0"
"2021/2022","Female","disabled","WAEC","5+-year","Polytechnic","lga","Eket","South South","Akwa Ibom","Eket","","","0","15","6","0","0","0","0","9","6","0"
"2021/2022","Female","disabled","WAEC","5+-year","Polytechnic","lga","Ikot Ekpene","South South","Akwa Ibom","Ikot Ekpene","","","0","3","3","0","0","0","0","0","3","0"
"2021/2022","Female","disabled","WAEC","5+-year","Polytechnic","lga","Oron","South South","Akwa Ibom","Oron","","","0","9","0","0","0","0","0","9","0","0"
"2021/2022","Female","disabled","WAEC","5+-year","Polytechnic","lga","Uyo","South South","Akwa Ibom","Uyo","","","0","9","6","0","0","0","0","3","6","0"
"2021/2022","Female","disabled","WAEC","5+-year","University","lga","Abak","South South","Akwa Ibom","Abak","","","0","15","9","0","0","0","0","6","9","0"
"2021/2022","Female","disabled","WAEC","5+-year","University","lga","Eket","South South","Akwa Ibom","Eket","","","0","6","3","0","0","0","0","3","3","0"
"2021/2022","Female","disabled","WAEC","5+-year","University","lga","Ikot Ekpene","South South","Akwa Ibom","Ikot Ekpene","","","0","12","9","0","0","0","0","3","9","0"
"2021/2022","Female","disabled","WAEC","5+-year","University","lga","Oron","South South","Akwa Ibom","Oron","","","0","15","15","0","0","0","0","0","15","0"
"2021/2022","Female","disabled","WAEC","5+-year","University","lga","Uyo","South South","Akwa Ibom","Uyo","","","0","9","6","0","0","0","0","3","6","0"
"2021/2022","Male","all","NABTEB","1-year","College of Education","lga","Abak","South South","Akwa Ibom","Abak","","","0","146","94","26","28","0","0","52","68","0"
"2021/2022","Male","all","NABTEB","1-year","College of Education","lga","Eket","South South","Akwa Ibom","Eket","","","0","171","119","35","31","4","0","52","84","4"
"2021/2022","Male","all","NABTEB","1-year","College of Education","lga","Ikot Ekpene","South South","Akwa Ibom","Ikot Ekpene","","","0","264","171","53","51","4","0","93","118","4"
"2021/2022","Male","all","NABTEB","1-year","College of Education","lga","Oron","South South","Akwa Ibom","Oron","","","0","112","74","22","18","4","0","38","52","4"
"2021/2022","Male","all","NABTEB","1-year","College of Education","lga","Uyo","South South","Akwa Ibom","Uyo","","","0","157","104","31","32","0","0","53","73","0"
"2021/2022","Male","all","NABTEB","1-year","Polytechnic","lga","Abak","South South","Akwa Ibom","Abak","","","0","160","104","36","31","5","0","56","68","5"
"2021/2022","Male","all","NABTEB","1-year","Polytechnic","lga","Eket","South South","Akwa Ibom","Eket","","","0","249","164","53","43","12","0","85","111","12"
"2021/2022","Male","all","NABTEB","1-year","Polytechnic","lga","Ikot Ekpene","South South","Akwa Ibom","Ikot Ekpene","","","0","101","71","22","22","0","0","30","49","0"
"2021/2022","Male","all","NABTEB","1-year","Polytechnic","lga","Oron","South South","Akwa Ibom","Oron","","","0","132","87","27","27","0","0","45","60","0"
"2021/2022","Male","all","NABTEB","1-year","Polytechnic","lga","Uyo","South South","Akwa Ibom","Uyo","","","0","152","103","36","31","5","0","49","67","5"
"2021/2022","Male","all","NABTEB","1-year","University","lga","Abak","South South","Akwa Ibom","Abak","","","0","264","177","53","45","9","0","87","124","9"
"2021/2022","Male","all","NABTEB","1-year","University","lga","Eket","South South","Akwa Ibom","Eket","","","0","78","51","18","18","0","0","27","33","0"
"2021/2022","Male","all","NABTEB","1-year","University","lga","Ikot Ekpene","South South","Akwa Ibom","Ikot Ekpene","","","0","221","145","53","41","12","0","76","92","12"
"2021/2022","Male","all","NABTEB","1-year","University","lga","Oron","South South","Akwa Ibom","Oron","","","0","317","217","72","69","4","0","100","145","4"
"2021/2022","Male","all","NABTEB","1-year","University","lga","Uyo","South South","Akwa Ibom","Uyo","","","0","175","116","40","32","8","0","59","76","8"
"2021/2022","Male","all","NABTEB","2-year","College of Education","lga","Abak","South South","Akwa Ibom","Abak","","","0","97","68","17","17","0","0","29","51","0"
"2021/2022","Male","all","NABTEB","2-year","College of Education","lga","Eket","South South","Akwa Ibom","Eket","","","0","108","75","27","22","5","0","33","48","5"
"2021/2022","Male","all","NABTEB","2-year","College of Education","lga","Ikot Ekpene","South South","Akwa Ibom","Ikot Ekpene","","","0","157","107","41","32","10","0","50","66","10"
"2021/2022","Male","all","NABTEB","2-year","College of Education","lga","Oron","South South","Akwa Ibom","Oron","","","0","62","42","8","10","0","0","20","34","0"
"2021/2022","Male","all","NABTEB","2-year","College of Education","lga","Uyo","South South","Akwa Ibom","Uyo","","","0","109","70","26","19","9","0","39","44","9"
"2021/2022","Male","all","NABTEB","2-year","Polytechnic","lga","Abak","South South","Akwa Ibom","Abak","","","0","101","64","17","17","0","0","37","47","0"
"2021/2022","Male","all","NABTEB","2-year","Polytechnic","lga","Eket","South South","Akwa Ibom","Eket","","","0","151","104","36","33","5","0","47","68","5"
"2021/2022","Male","all","NABTEB","2-year","Polytechnic","lga","Ikot Ekpene","South South","Akwa Ibom","Ikot Ekpene","","","0","60","45","17","13","4","0","15","28","4"
"2021/2022","Male","all","NABTEB","2-year","Polytechnic","lga","Oron","South South","Akwa Ibom","Oron","","","0","91","65","27","14","13","0","26","38","13"
"2021/2022","Male","all","NABTEB","2-year","Polytechnic","lga","Uyo","South South","Akwa Ibom","Uyo","","","0","95","61","16","18","0","0","34","45","0"
"2021/2022","Male","all","NABTEB","2-year","University","lga","Abak","South South","Akwa Ibom","Abak","","","0","171","117","30","27","4","0","54","87","4"
"2021/2022","Male","all","NABTEB","2-year","University","lga","Eket","South South","Akwa Ibom","Eket","","","0","48","33","14","10","4","0","15","19","4"
"2021/2022","Male","all","NABTEB","2-year","University","lga","Ikot Ekpene","South South","Akwa Ibom","Ikot Ekpene","","","0","144","96","31","28","4","0","48","65","4"
"2021/2022","Male","all","NABTEB","2-year","University","lga","Oron","South South","Akwa Ibom","Oron","","","0","211","145","45","43","4","0","66","100","4"
"2021/2022","Male","all","NABTEB","2-year","University","lga","Uyo","South South","Akwa Ibom","Uyo","","","0","106","75","17","19","0","0","31","58","0"
"2021/2022","Male","all","NABTEB","3-5-year","College of Education","lga","Abak","South South","Akwa Ibom","Abak","","","0","57","36","12","13","0","0","21","24","0"
"2021/2022","Male","all","NABTEB","3-5-year","College of Education","lga","Eket","South South","Akwa Ibom","Eket","","","0","68","46","17","17","0","0","22","29","0"
"2021/2022","Male","all","NABTEB","3-5-year","College of Education","lga","Ikot Ekpene","South South","Akwa Ibom","Ikot Ekpene","","","0","108","69","25","27","0","0","39","44","0"
"2021/2022","Male","all","NABTEB","3-5-year","College of Education","lga","Oron","South South","Akwa Ibom","Oron","","","0","43","29","8","10","0","0","14","21","0"
"2021/2022","Male","all","NABTEB","3-5-year","College of Education","lga","Uyo","South South","Akwa Ibom","Uyo","","","0","74","49","17","18","0","0","25","32","0"
"2021/2022","Male","all","NABTEB","3-5-year","Polytechnic","lga","Abak","South South","Akwa Ibom","Abak","","","0","65","43","17","17","0","0","22","26","0"
"2021/2022","Male","all","NABTEB","3-5-year","Polytechnic","lga","Eket","South South","Akwa Ibom","Eket","","","0","102","76","26","29","0","0","26","50","0"
"2021/2022","Male","all","NABTEB","3-5-year","Polytechnic","lga","Ikot Ekpene","South South","Akwa Ibom","Ikot Ekpene","","","0","40","26","13","13","0","0","14","13","0"
"2021/2022","Male","all","NABTEB","3-5-year","Polytechnic","lga","Oron","South South","Akwa Ibom","Oron","","","0","54","36","13","14","0","0","18","23","0"
"2021/2022","Male","all","NABTEB","3-5-year","Polytechnic","lga","Uyo","South South","Akwa Ibom","Uyo","","","0","65","42","16","18","0","0","23","26","0"
"2021/2022","Male","all","NABTEB","3-5-year","University","lga","Abak","South South","Akwa Ibom","Abak","","","0","109","77","22","22","0","0","32","55","0"
"2021/2022","Male","all","NABTEB","3-5-year","University","lga","Eket","South South","Akwa Ibom","Eket","","","0","28","20","9","10","0","0","8","11","0"
"2021/2022","Male","all","NABTEB","3-5-year","University","lga","Ikot Ekpene","South South","Akwa Ibom","Ikot Ekpene","","","0","83","55","17","20","0","0","28","38","0"
"2021/2022","Male","all","NABTEB","3-5-year","University","lga","Oron","South South","Akwa Ibom","Oron","","","0","131","88","37","34","5","0","43","51","5"
"2021/2022","Male","all","NABTEB","3-5-year","University","lga","Uyo","South South","Akwa Ibom","Uyo","","","0","68","46","18","19","0","0","22","28","0"
"2021/2022","Male","all","NABTEB","5+-year","College of Education","lga","Abak","South South","Akwa Ibom","Abak","","","0","34","20","8","0","8","0","14","12","8"
"2021/2022","Male","all","NABTEB","5+-year","College of Education","lga","Eket","South South","Akwa Ibom","Eket","","","0","42","27","9","4","5","0","15","18","5"
"2021/2022","Male","all","NABTEB","5+-year","College of Education","lga","Ikot Ekpene","South South","Akwa Ibom","Ikot Ekpene","","","0","63","43","13","8","5","0","20","30","5"
"2021/2022","Male","all","NABTEB","5+-year","College of Education","lga","Oron","South South","Akwa Ibom","Oron","","","0","22","13","8","5","4","0","9","5","4"
"2021/2022","Male","all","NABTEB","5+-year","College of Education","lga","Uyo","South South","Akwa Ibom","Uyo","","","0","29","16","0","0","0","0","13","16","0"
"2021/2022","Male","all","NABTEB","5+-year","Polytechnic","lga","Abak","South South","Akwa Ibom","Abak","","","0","34","28","9","0","9","0","6","19","9"
"2021/2022","Male","all","NABTEB","5+-year","Polytechnic","lga","Eket","South South","Akwa Ibom","Eket","","","0","58","36","8","9","0","0","22","28","0"
"2021/2022","Male","all","NABTEB","5+-year","Polytechnic","lga","Ikot Ekpene","South South","Akwa Ibom","Ikot Ekpene","","","0","23","16","5","5","0","0","7","11","0"
"2021/2022","Male","all","NABTEB","5+-year","Polytechnic","lga","Oron","South South","Akwa Ibom","Oron","","","0","28","17","4","4","0","0","11","13","0"
"2021/2022","Male","all","NABTEB","5+-year","Polytechnic","lga","Uyo","South South","Akwa Ibom","Uyo","","","0","37","20","12","5","8","0","17","9","8"
"2021/2022","Male","all","NABTEB","5+-year","University","lga","Abak","South South","Akwa Ibom","Abak","","","0","67","43","17","10","8","0","24","26","8"
"2021/2022","Male","all","NABTEB","5+-year","University","lga","Eket","South South","Akwa Ibom","Eket","","","0","23","17","4","4","0","0","6","13","0"
"2021/2022","Male","all","NABTEB","5+-year","University","lga","Ikot Ekpene","South South","Akwa Ibom","Ikot Ekpene","","","0","47","37","5","5","0","0","10","32","0"
"2021/2022","Male","all","NABTEB","5+-year","University","lga","Oron","South South","Akwa Ibom","Oron","","","0","75","53","22","14","10","0","22","31","10"
"2021/2022","Male","all","NABTEB","5+-year","University","lga","Uyo","South South","Akwa Ibom","Uyo","","","0","40","25","13","4","9","0","15","12","9"
"2021/2022","Male","all","NECO","1-year","College of Education","lga","Abak","South South","Akwa Ibom","Abak","","","0","272","174","54","50","6","0","98","120","6"
"2021/2022","Male","all","NECO","1-year","College of Education","lga","Eket","South South","Akwa Ibom","Eket","","","0","328","214","77","67","10","0","114","137","10"
"2021/2022","Male","all","NECO","1-year","College of Education","lga","Ikot Ekpene","South South","Akwa Ibom","Ikot Ekpene","","","0","495","334","111","104","11","0","161","223","11"
"2021/2022","Male","all","NECO","1-year","College of Education","lga","Oron","South South","Akwa Ibom","Oron","","","0","176","118","35","34","2","0","58","83","2"
"2021/2022","Male","all","NECO","1-year","College of Education","lga","Uyo","South South","Akwa Ibom","Uyo","","","0","300","193","61","60","4","0","107","132","4"
"2021/2022","Male","all","NECO","1-year","Polytechnic","lga","Abak","South South","Akwa Ibom","Abak","","","0","300","197","64","60","6","0","103","133","6"
"2021/2022","Male","all","NECO","1-year","Polytechnic","lga","Eket","South South","Akwa Ibom","Eket","","","0","455","300","97","88","10","0","155","203","10"
"2021/2022","Male","all","NECO","1-year","Polytechnic","lga","Ikot Ekpene","South South","Akwa Ibom","Ikot Ekpene","","","0","192","125","43","42","2","0","67","82","2"
"2021/2022","Male","all","NECO","1-year","Polytechnic","lga","Oron","South South","Akwa Ibom","Oron","","","0","248","163","49","51","2","0","85","114","2"
"2021/2022","Male","all","NECO","1-year","Polytechnic","lga","Uyo","South South","Akwa Ibom","Uyo","","","0","291","196","65","60","6","0","95","131","6"
"2021/2022","Male","all","NECO","1-year","University","lga","Abak","South South","Akwa Ibom","Abak","","","0","538","352","99","88","11","0","186","253","11"
"2021/2022","Male","all","NECO","1-year","University","lga","Eket","South South","Akwa Ibom","Eket","","","0","130","85","27","25","4","0","45","58","4"
"2021/2022","Male","all","NECO","1-year","University","lga","Ikot Ekpene","South South","Akwa Ibom","Ikot Ekpene","","","0","399","269","84","80","6","0","130","185","6"
"2021/2022","Male","all","NECO","1-year","University","lga","Oron","South South","Akwa Ibom","Oron","","","0","617","404","130","122","10","0","213","274","10"
"2021/2022","Male","all","NECO","1-year","University","lga","Uyo","South South","Akwa Ibom","Uyo","","","0","325","218","72","68","6","0","107","146","6"
"2021/2022","Male","all","NECO","2-year","College of Education","lga","Abak","South South","Akwa Ibom","Abak","","","0","164","109","35","30","6","0","55","74","6"
"2021/2022","Male","all","NECO","2-year","College of Education","lga","Eket","South South","Akwa Ibom","Eket","","","0","216","143","47","51","0","0","73","96","0"
"2021/2022","Male","all","NECO","2-year","College of Education","lga","Ikot Ekpene","South South","Akwa Ibom","Ikot Ekpene","","","0","303","201","65","63","4","0","102","136","4"
"2021/2022","Male","all","NECO","2-year","College of Education","lga","Oron","South South","Akwa Ibom","Oron","","","0","115","77","23","25","0","0","38","54","0"
"2021/2022","Male","all","NECO","2-year","College of Education","lga","Uyo","South South","Akwa Ibom","Uyo","","","0","198","131","42","37","5","0","67","89","5"
"2021/2022","Male","all","NECO","2-year","Polytechnic","lga","Abak","South South","Akwa Ibom","Abak","","","0","185","122","39","37","4","0","63","83","4"
"2021/2022","Male","all","NECO","2-year","Polytechnic","lga","Eket","South South","Akwa Ibom","Eket","","","0","281","183","58","54","6","0","98","125","6"
"2021/2022","Male","all","NECO","2-year","Polytechnic","lga","Ikot Ekpene","South South","Akwa Ibom","Ikot Ekpene","","","0","121","80","27","25","2","0","41","53","2"
"2021/2022","Male","all","NECO","2-year","Polytechnic","lga","Oron","South South","Akwa Ibom","Oron","","","0","155","99","36","24","12","0","56","63","12"
"2021/2022","Male","all","NECO","2-year","Polytechnic","lga","Uyo","South South","Akwa Ibom","Uyo","","","0","194","125","43","42","3","0","69","82","3"
"2021/2022","Male","all","NECO","2-year","University","lga","Abak","South South","Akwa Ibom","Abak","","","0","359","232","69","63","8","0","127","163","8"
"2021/2022","Male","all","NECO","2-year","University","lga","Eket","South South","Akwa Ibom","Eket","","","0","84","57","20","16","4","0","27","37","4"
"2021/2022","Male","all","NECO","2-year","University","lga","Ikot Ekpene","South South","Akwa Ibom","Ikot Ekpene","","","0","254","165","50","50","4","0","89","115","4"
"2021/2022","Male","all","NECO","2-year","University","lga","Oron","South South","Akwa Ibom","Oron","","","0","381","251","85","71","16","0","130","166","16"
"2021/2022","Male","all","NECO","2-year","University","lga","Uyo","South South","Akwa Ibom","Uyo","","","0","210","141","46","42","4","0","69","95","4"
"2021/2022","Male","all","NECO","3-5-year","College of Education","lga","Abak","South South","Akwa Ibom","Abak","","","0","111","74","23","20","3","0","37","51","3"
"2021/2022","Male","all","NECO","3-5-year","College of Education","lga","Eket","South South","Akwa Ibom","Eket","","","0","136","91","32","24","8","0","45","59","8"
"2021/2022","Male","all","NECO","3-5-year","College of Education","lga","Ikot Ekpene","South South","Akwa Ibom","Ikot Ekpene","","","0","196","130","46","36","10","0","66","84","10"
"2021/2022","Male","all","NECO","3-5-year","College of Education","lga","Oron","South South","Akwa Ibom","Oron","","","0","74","49","20","12","8","0","25","29","8"
"2021/2022","Male","all","NECO","3-5-year","College of Education","lga","Uyo","South South","Akwa Ibom","Uyo","","","0","130","83","28","20","8","0","47","55","8"
"2021/2022","Male","all","NECO","3-5-year","Polytechnic","lga","Abak","South South","Akwa Ibom","Abak","","","0","118","71","24","20","4","0","47","47","4"
"2021/2022","Male","all","NECO","3-5-year","Polytechnic","lga","Eket","South South","Akwa Ibom","Eket","","","0","194","118","40","37","4","0","76","78","4"
"2021/2022","Male","all","NECO","3-5-year","Polytechnic","lga","Ikot Ekpene","South South","Akwa Ibom","Ikot Ekpene","","","0","78","51","15","17","0","0","27","36","0"
"2021/2022","Male","all","NECO","3-5-year","Polytechnic","lga","Oron","South South","Akwa Ibom","Oron","","","0","105","63","24","24","0","0","42","39","0"
"2021/2022","Male","all","NECO","3-5-year","Polytechnic","lga","Uyo","South South","Akwa Ibom","Uyo","","","0","112","77","28","20","8","0","35","49","8"
"2021/2022","Male","all","NECO","3-5-year","University","lga","Abak","South South","Akwa Ibom","Abak","","","0","226","146","43","41","2","0","80","103","2"
"2021/2022","Male","all","NECO","3-5-year","University","lga","Eket","South South","Akwa Ibom","Eket","","","0","56","37","12","12","0","0","19","25","0"
"2021/2022","Male","all","NECO","3-5-year","University","lga","Ikot Ekpene","South South","Akwa Ibom","Ikot Ekpene","","","0","171","111","40","33","8","0","60","71","8"
"2021/2022","Male","all","NECO","3-5-year","University","lga","Oron","South South","Akwa Ibom","Oron","","","0","256","172","56","52","4","0","84","116","4"
"2021/2022","Male","all","NECO","3-5-year","University","lga","Uyo","South South","Akwa Ibom","Uyo","","","0","140","88","32","24","8","0","52","56","8"
"2021/2022","Male","all","NECO","5+-year","College of Education","lga","Abak","South South","Akwa Ibom","Abak","","","0","65","46","12","8","4","0","19","34","4"
"2021/2022","Male","all","NECO","5+-year","College of Education","lga","Eket","South South","Akwa Ibom","Eket","","","0","66","45","12","12","0","0","21","33","0"
"2021/2022","Male","all","NECO","5+-year","College of Education","lga","Ikot Ekpene","South South","Akwa Ibom","Ikot Ekpene","","","0","111","74","28","24","4","0","37","46","4"
"2021/2022","Male","all","NECO","5+-year","College of Education","lga","Oron","South South","Akwa Ibom","Oron","","","0","38","22","8","8","0","0","16","14","0"
"2021/2022","Male","all","NECO","5+-year","College of Education","lga","Uyo","South South","Akwa Ibom","Uyo","","","0","57","33","12","12","0","0","24","21","0"
"2021/2022","Male","all","NECO","5+-year","Polytechnic","lga","Abak","South South","Akwa Ibom","Abak","","","0","72","47","16","16","0","0","25","31","0"
"2021/2022","Male","all","NECO","5+-year","Polytechnic","lga","Eket","South South","Akwa Ibom","Eket","","","0","103","69","20","12","8","0","34","49","8"
"2021/2022","Male","all","NECO","5+-year","Polytechnic","lga","Ikot Ekpene","South South","Akwa Ibom","Ikot Ekpene","","","0","37","25","12","4","8","0","12","13","8"
"2021/2022","Male","all","NECO","5+-year","Polytechnic","lga","Oron","South South","Akwa Ibom","Oron","","","0","63","37","12","12","0","0","26","25","0"
"2021/2022","Male","all","NECO","5+-year","Polytechnic","lga","Uyo","South South","Akwa Ibom","Uyo","","","0","65","44","16","12","4","0","21","28","4"
"2021/2022","Male","all","NECO","5+-year","University","lga","Abak","South South","Akwa Ibom","Abak","","","0","125","79","20","20","0","0","46","59","0"
"2021/2022","Male","all","NECO","5+-year","University","lga","Eket","South South","Akwa Ibom","Eket","","","0","31","19","8","8","0","0","12","11","0"
"2021/2022","Male","all","NECO","5+-year","University","lga","Ikot Ekpene","South South","Akwa Ibom","Ikot Ekpene","","","0","93","57","20","16","4","0","36","37","4"
"2021/2022","Male","all","NECO","5+-year","University","lga","Oron","South South","Akwa Ibom","Oron","","","0","144","95","32","32","0","0","49","63","0"
"2021/2022","Male","all","NECO","5+-year","University","lga","Uyo","South South","Akwa Ibom","Uyo","","","0","72","47","16","16","0","0","25","31","0"
"2021/2022","Male","all","WAEC","1-year","College of Education","lga","Abak","South South","Akwa Ibom","Abak","","","0","340","214","68","57","12","0","126","146","12"
"2021/2022","Male","all","WAEC","1-year","College of Education","lga","Eket","South South","Akwa Ibom","Eket","","","0","443","303","107","96","11","0","140","196","11"
"2021/2022","Male","all","WAEC","1-year","College of Education","lga","Ikot Ekpene","South South","Akwa Ibom","Ikot Ekpene","","","0","664","446","134","121","15","0","218","312","15"
"2021/2022","Male","all","WAEC","1-year","College of Education","lga","Oron","South South","Akwa Ibom","Oron","","","0","244","159","55","50","5","0","85","104","5"
"2021/2022","Male","all","WAEC","1-year","College of Education","lga","Uyo","South South","Akwa Ibom","Uyo","","","0","401","271","85","70","15","0","130","186","15"
"2021/2022","Male","all","WAEC","1-year","Polytechnic","lga","Abak","South South","Akwa Ibom","Abak","","","0","378","236","79","67","12","0","142","157","12"
"2021/2022","Male","all","WAEC","1-year","Polytechnic","lga","Eket","South South","Akwa Ibom","Eket","","","0","664","427","137","124","13","0","237","290","13"
"2021/2022","Male","all","WAEC","1-year","Polytechnic","lga","Ikot Ekpene","South South","Akwa Ibom","Ikot Ekpene","","","0","241","159","58","50","8","0","82","101","8"
"2021/2022","Male","all","WAEC","1-year","Polytechnic","lga","Oron","South South","Akwa Ibom","Oron","","","0","340","224","72","60","12","0","116","152","12"
"2021/2022","Male","all","WAEC","1-year","Polytechnic","lga","Uyo","South South","Akwa Ibom","Uyo","","","0","365","246","86","75","11","0","119","160","11"
"2021/2022","Male","all","WAEC","1-year","University","lga","Abak","South South","Akwa Ibom","Abak","","","0","640","419","133","124","10","0","221","286","10"
"2021/2022","Male","all","WAEC","1-year","University","lga","Eket","South South","Akwa Ibom","Eket","","","0","201","143","52","46","6","0","58","91","6"
"2021/2022","Male","all","WAEC","1-year","University","lga","Ikot Ekpene","South South","Akwa Ibom","Ikot Ekpene","","","0","528","349","120","107","13","0","179","229","13"
"2021/2022","Male","all","WAEC","1-year","University","lga","Oron","South South","Akwa Ibom","Oron","","","0","838","551","193","167","26","0","287","358","26"
"2021/2022","Male","all","WAEC","1-year","University","lga","Uyo","South South","Akwa Ibom","Uyo","","","0","420","272","86","77","9","0","148","186","9"
"2021/2022","Male","all","WAEC","2-year","College of Education","lga","Abak","South South","Akwa Ibom","Abak","","","0","210","131","41","35","6","0","79","90","6"
"2021/2022","Male","all","WAEC","2-year","College of Education","lga","Eket","South South","Akwa Ibom","Eket","","","0","288","196","69","64","6","0","92","127","6"
"2021/2022","Male","all","WAEC","2-year","College of Education","lga","Ikot Ekpene","South South","Akwa Ibom","Ikot Ekpene","","","0","427","287","91","79","12","0","140","196","12"
"2021/2022","Male","all","WAEC","2-year","College of Education","lga","Oron","South South","Akwa Ibom","Oron","","","0","161","102","35","32","3","0","59","67","3"
"2021/2022","Male","all","WAEC","2-year","College of Education","lga","Uyo","South South","Akwa Ibom","Uyo","","","0","257","169","55","46","9","0","88","114","9"
"2021/2022","Male","all","WAEC","2-year","Polytechnic","lga","Abak","South South","Akwa Ibom","Abak","","","0","242","153","52","44","9","0","89","101","9"
"2021/2022","Male","all","WAEC","2-year","Polytechnic","lga","Eket","South South","Akwa Ibom","Eket","","","0","407","263","85","70","15","0","144","178","15"
"2021/2022","Male","all","WAEC","2-year","Polytechnic","lga","Ikot Ekpene","South South","Akwa Ibom","Ikot Ekpene","","","0","151","103","37","36","2","0","48","66","2"
"2021/2022","Male","all","WAEC","2-year","Polytechnic","lga","Oron","South South","Akwa Ibom","Oron","","","0","210","136","45","42","3","0","74","91","3"
"2021/2022","Male","all","WAEC","2-year","Polytechnic","lga","Uyo","South South","Akwa Ibom","Uyo","","","0","241","161","55","50","6","0","80","106","6"
"2021/2022","Male","all","WAEC","2-year","University","lga","Abak","South South","Akwa Ibom","Abak","","","0","415","272","89","74","15","0","143","183","15"
"2021/2022","Male","all","WAEC","2-year","University","lga","Eket","South South","Akwa Ibom","Eket","","","0","123","85","31","25","6","0","38","54","6"
"2021/2022","Male","all","WAEC","2-year","University","lga","Ikot Ekpene","South South","Akwa Ibom","Ikot Ekpene","","","0","331","214","73","67","6","0","117","141","6"
"2021/2022","Male","all","WAEC","2-year","University","lga","Oron","South South","Akwa Ibom","Oron","","","0","522","341","117","99","18","0","181","224","18"
"2021/2022","Male","all","WAEC","2-year","University","lga","Uyo","South South","Akwa Ibom","Uyo","","","0","256","161","55","43","12","0","95","106","12"
"2021/2022","Male","all","WAEC","3-5-year","College of Education","lga","Abak","South South","Akwa Ibom","Abak","","","0","136","84","27","25","4","0","52","57","4"
"2021/2022","Male","all","WAEC","3-5-year","College of Education","lga","Eket","South South","Akwa Ibom","Eket","","","0","180","121","45","38","7","0","59","76","7"
"2021/2022","Male","all","WAEC","3-5-year","College of Education","lga","Ikot Ekpene","South South","Akwa Ibom","Ikot Ekpene","","","0","282","186","65","54","12","0","96","121","12"
"2021/2022","Male","all","WAEC","3-5-year","College of Education","lga","Oron","South South","Akwa Ibom","Oron","","","0","118","73","24","22","3","0","45","49","3"
"2021/2022","Male","all","WAEC","3-5-year","College of Education","lga","Uyo","South South","Akwa Ibom","Uyo","","","0","167","113","34","32","3","0","54","79","3"
"2021/2022","Male","all","WAEC","3-5-year","Polytechnic","lga","Abak","South South","Akwa Ibom","Abak","","","0","151","90","28","28","0","0","61","62","0"
"2021/2022","Male","all","WAEC","3-5-year","Polytechnic","lga","Eket","South South","Akwa Ibom","Eket","","","0","275","175","59","52","7","0","100","116","7"
"2021/2022","Male","all","WAEC","3-5-year","Polytechnic","lga","Ikot Ekpene","South South","Akwa Ibom","Ikot Ekpene","","","0","99","67","24","18","6","0","32","43","6"
"2021/2022","Male","all","WAEC","3-5-year","Polytechnic","lga","Oron","South South","Akwa Ibom","Oron","","","0","139","89","30","29","3","0","50","59","3"
"2021/2022","Male","all","WAEC","3-5-year","Polytechnic","lga","Uyo","South South","Akwa Ibom","Uyo","","","0","149","101","30","28","3","0","48","71","3"
"2021/2022","Male","all","WAEC","3-5-year","University","lga","Abak","South South","Akwa Ibom","Abak","","","0","300","197","61","54","9","0","103","136","9"
"2021/2022","Male","all","WAEC","3-5-year","University","lga","Eket","South South","Akwa Ibom","Eket","","","0","78","54","17","18","0","0","24","37","0"
"2021/2022","Male","all","WAEC","3-5-year","University","lga","Ikot Ekpene","South South","Akwa Ibom","Ikot Ekpene","","","0","210","137","51","42","9","0","73","86","9"
"2021/2022","Male","all","WAEC","3-5-year","University","lga","Oron","South South","Akwa Ibom","Oron","","","0","321","215","72","61","13","0","106","143","13"
"2021/2022","Male","all","WAEC","3-5-year","University","lga","Uyo","South South","Akwa Ibom","Uyo","","","0","177","113","34","32","3","0","64","79","3"
"2021/2022","Male","all","WAEC","5+-year","College of Education","lga","Abak","South South","Akwa Ibom","Abak","","","0","81","54","17","17","0","0","27","37","0"
"2021/2022","Male","all","WAEC","5+-year","College of Education","lga","Eket","South South","Akwa Ibom","Eket","","","0","115","81","30","21","9","0","34","51","9"
"2021/2022","Male","all","WAEC","5+-year","College of Education","lga","Ikot Ekpene","South South","Akwa Ibom","Ikot Ekpene","","","0","164","104","34","33","3","0","60","70","3"
"2021/2022","Male","all","WAEC","5+-year","College of Education","lga","Oron","South South","Akwa Ibom","Oron","","","0","56","35","14","10","4","0","21","21","4"
"2021/2022","Male","all","WAEC","5+-year","College of Education","lga","Uyo","South South","Akwa Ibom","Uyo","","","0","100","64","20","19","3","0","36","44","3"
"2021/2022","Male","all","WAEC","5+-year","Polytechnic","lga","Abak","South South","Akwa Ibom","Abak","","","0","85","53","13","15","0","0","32","40","0"
"2021/2022","Male","all","WAEC","5+-year","Polytechnic","lga","Eket","South South","Akwa Ibom","Eket","","","0","108","72","26","26","4","0","36","46","4"
"2021/2022","Male","all","WAEC","5+-year","Polytechnic","lga","Ikot Ekpene","South South","Akwa Ibom","Ikot Ekpene","","","0","47","32","10","11","0","0","15","22","0"
"2021/2022","Male","all","WAEC","5+-year","Polytechnic","lga","Oron","South South","Akwa Ibom","Oron","","","0","54","35","13","10","4","0","19","22","4"
"2021/2022","Male","all","WAEC","5+-year","Polytechnic","lga","Uyo","South South","Akwa Ibom","Uyo","","","0","93","62","20","21","0","0","31","42","0"
"2021/2022","Male","all","WAEC","5+-year","University","lga","Abak","South South","Akwa Ibom","Abak","","","0","134","88","28","25","3","0","46","60","3"
"2021/2022","Male","all","WAEC","5+-year","University","lga","Eket","South South","Akwa Ibom","Eket","","","0","37","27","10","11","0","0","10","17","0"
"2021/2022","Male","all","WAEC","5+-year","University","lga","Ikot Ekpene","South South","Akwa Ibom","Ikot Ekpene","","","0","127","85","30","29","3","0","42","55","3"
"2021/2022","Male","all","WAEC","5+-year","University","lga","Oron","South South","Akwa Ibom","Oron","","","0","183","120","37","34","4","0","63","83","4"
"2021/2022","Male","all","WAEC","5+-year","University","lga","Uyo","South South","Akwa Ibom","Uyo","","","0","88","59","17","18","0","0","29","42","0"
"2021/2022","Male","disabled","NABTEB","1-year","College of Education","lga","Abak","South South","Akwa Ibom","Abak","","","0","18","9","8","9","0","0","9","3","0"
"2021/2022","Male","disabled","NABTEB","1-year","College of Education","lga","Eket","South South","Akwa Ibom","Eket","","","0","24","12","17","17","0","0","12","0","0"
"2021/2022","Male","disabled","NABTEB","1-year","College of Education","lga","Ikot Ekpene","South South","Akwa Ibom","Ikot Ekpene","","","0","42","26","25","28","0","0","16","6","0"
"2021/2022","Male","disabled","NABTEB","1-year","College of Education","lga","Oron","South South","Akwa Ibom","Oron","","","0","12","6","8","10","0","0","6","0","0"
"2021/2022","Male","disabled","NABTEB","1-year","College of Education","lga","Uyo","South South","Akwa Ibom","Uyo","","","0","24","12","12","13","0","0","12","3","0"
"2021/2022","Male","disabled","NABTEB","1-year","Polytechnic","lga","Abak","South South","Akwa Ibom","Abak","","","0","24","12","17","17","0","0","12","0","0"
"2021/2022","Male","disabled","NABTEB","1-year","Polytechnic","lga","Eket","South South","Akwa Ibom","Eket","","","0","39","22","26","29","0","0","17","3","0"
"2021/2022","Male","disabled","NABTEB","1-year","Polytechnic","lga","Ikot Ekpene","South South","Akwa Ibom","Ikot Ekpene","","","0","12","6","9","9","0","0","6","0","0"
"2021/2022","Male","disabled","NABTEB","1-year","Polytechnic","lga","Oron","South South","Akwa Ibom","Oron","","","0","18","9","13","14","0","0","9","0","0"
"2021/2022","Male","disabled","NABTEB","1-year","Polytechnic","lga","Uyo","South South","Akwa Ibom","Uyo","","","0","24","12","16","17","0","0","12","0","0"
"2021/2022","Male","disabled","NABTEB","1-year","University","lga","Abak","South South","Akwa Ibom","Abak","","","0","30","19","17","19","0","0","12","6","0"
"2021/2022","Male","disabled","NABTEB","1-year","University","lga","Eket","South South","Akwa Ibom","Eket","","","0","12","6","9","9","0","0","6","0","0"
"2021/2022","Male","disabled","NABTEB","1-year","University","lga","Ikot Ekpene","South South","Akwa Ibom","Ikot Ekpene","","","0","27","12","18","20","0","0","15","0","0"
"2021/2022","Male","disabled","NABTEB","1-year","University","lga","Oron","South South","Akwa Ibom","Oron","","","0","42","21","32","34","0","0","21","0","0"
"2021/2022","Male","disabled","NABTEB","1-year","University","lga","Uyo","South South","Akwa Ibom","Uyo","","","0","24","12","18","18","1","0","12","0","1"
"2021/2022","Male","disabled","NABTEB","2-year","College of Education","lga","Abak","South South","Akwa Ibom","Abak","","","0","9","9","0","0","0","0","0","9","0"
"2021/2022","Male","disabled","NABTEB","2-year","College of Education","lga","Eket","South South","Akwa Ibom","Eket","","","0","12","12","0","0","0","0","0","12","0"
"2021/2022","Male","disabled","NABTEB","2-year","College of Education","lga","Ikot Ekpene","South South","Akwa Ibom","Ikot Ekpene","","","0","24","18","0","0","0","0","6","18","0"
"2021/2022","Male","disabled","NABTEB","2-year","College of Education","lga","Oron","South South","Akwa Ibom","Oron","","","0","9","6","0","0","0","0","3","6","0"
"2021/2022","Male","disabled","NABTEB","2-year","College of Education","lga","Uyo","South South","Akwa Ibom","Uyo","","","0","12","12","0","0","0","0","0","12","0"
"2021/2022","Male","disabled","NABTEB","2-year","Polytechnic","lga","Abak","South South","Akwa Ibom","Abak","","","0","12","12","0","0","0","0","0","12","0"
"2021/2022","Male","disabled","NABTEB","2-year","Polytechnic","lga","Eket","South South","Akwa Ibom","Eket","","","0","24","18","0","0","0","0","6","18","0"
"2021/2022","Male","disabled","NABTEB","2-year","Polytechnic","lga","Ikot Ekpene","South South","Akwa Ibom","Ikot Ekpene","","","0","9","6","0","0","0","0","3","6","0"
"2021/2022","Male","disabled","NABTEB","2-year","Polytechnic","lga","Oron","South South","Akwa Ibom","Oron","","","0","9","9","0","0","0","0","0","9","0"
"2021/2022","Male","disabled","NABTEB","2-year","Polytechnic","lga","Uyo","South South","Akwa Ibom","Uyo","","","0","12","12","0","0","0","0","0","12","0"
"2021/2022","Male","disabled","NABTEB","2-year","University","lga","Abak","South South","Akwa Ibom","Abak","","","0","27","15","0","0","0","0","12","15","0"
"2021/2022","Male","disabled","NABTEB","2-year","University","lga","Eket","South South","Akwa Ibom","Eket","","","0","9","6","0","0","0","0","3","6","0"
"2021/2022","Male","disabled","NABTEB","2-year","University","lga","Ikot Ekpene","South South","Akwa Ibom","Ikot Ekpene","","","0","15","12","0","0","0","0","3","12","0"
"2021/2022","Male","disabled","NABTEB","2-year","University","lga","Oron","South South","Akwa Ibom","Oron","","","0","21","21","0","0","0","0","0","21","0"
"2021/2022","Male","disabled","NABTEB","2-year","University","lga","Uyo","South South","Akwa Ibom","Uyo","","","0","12","12","0","0","0","0","0","12","0"
"2021/2022","Male","disabled","NABTEB","3-5-year","College of Education","lga","Abak","South South","Akwa Ibom","Abak","","","0","9","0","0","0","0","0","9","0","0"
"2021/2022","Male","disabled","NABTEB","3-5-year","College of Education","lga","Eket","South South","Akwa Ibom","Eket","","","0","12","0","0","0","0","0","12","0","0"
"2021/2022","Male","disabled","NABTEB","3-5-year","College of Education","lga","Ikot Ekpene","South South","Akwa Ibom","Ikot Ekpene","","","0","18","6","0","0","0","0","12","6","0"
"2021/2022","Male","disabled","NABTEB","3-5-year","College of Education","lga","Oron","South South","Akwa Ibom","Oron","","","0","6","6","0","0","0","0","0","6","0"
"2021/2022","Male","disabled","NABTEB","3-5-year","College of Education","lga","Uyo","South South","Akwa Ibom","Uyo","","","0","12","0","0","0","0","0","12","0","0"
"2021/2022","Male","disabled","NABTEB","3-5-year","Polytechnic","lga","Abak","South South","Akwa Ibom","Abak","","","0","12","0","0","0","0","0","12","0","0"
"2021/2022","Male","disabled","NABTEB","3-5-year","Polytechnic","lga","Eket","South South","Akwa Ibom","Eket","","","0","18","6","0","0","0","0","12","6","0"
"2021/2022","Male","disabled","NABTEB","3-5-year","Polytechnic","lga","Ikot Ekpene","South South","Akwa Ibom","Ikot Ekpene","","","0","6","3","0","0","0","0","3","3","0"
"2021/2022","Male","disabled","NABTEB","3-5-year","Polytechnic","lga","Oron","South South","Akwa Ibom","Oron","","","0","9","0","0","0","0","0","9","0","0"
"2021/2022","Male","disabled","NABTEB","3-5-year","Polytechnic","lga","Uyo","South South","Akwa Ibom","Uyo","","","0","12","0","0","0","0","0","12","0","0"
"2021/2022","Male","disabled","NABTEB","3-5-year","University","lga","Abak","South South","Akwa Ibom","Abak","","","0","15","9","0","0","0","0","6","9","0"
"2021/2022","Male","disabled","NABTEB","3-5-year","University","lga","Eket","South South","Akwa Ibom","Eket","","","0","6","3","0","0","0","0","3","3","0"
"2021/2022","Male","disabled","NABTEB","3-5-year","University","lga","Ikot Ekpene","South South","Akwa Ibom","Ikot Ekpene","","","0","12","6","0","0","0","0","6","6","0"
"2021/2022","Male","disabled","NABTEB","3-5-year","University","lga","Oron","South South","Akwa Ibom","Oron","","","0","21","6","0","0","0","0","15","6","0"
"2021/2022","Male","disabled","NABTEB","3-5-year","University","lga","Uyo","South South","Akwa Ibom","Uyo","","","0","12","0","0","0","0","0","12","0","0"
"2021/2022","Male","disabled","NABTEB","5+-year","College of Education","lga","Abak","South South","Akwa Ibom","Abak","","","0","3","0","0","0","0","0","3","0","0"
"2021/2022","Male","disabled","NABTEB","5+-year","College of Education","lga","Eket","South South","Akwa Ibom","Eket","","","0","0","0","0","0","0","0","0","0","0"
"2021/2022","Male","disabled","NABTEB","5+-year","College of Education","lga","Ikot Ekpene","South South","Akwa Ibom","Ikot Ekpene","","","0","3","0","0","0","0","0","3","0","0"
"2021/2022","Male","disabled","NABTEB","5+-year","College of Education","lga","Oron","South South","Akwa Ibom","Oron","","","0","3","0","0","0","0","0","3","0","0"
"2021/2022","Male","disabled","NABTEB","5+-year","College of Education","lga","Uyo","South South","Akwa Ibom","Uyo","","","0","0","0","0","0","0","0","0","0","0"
"2021/2022","Male","disabled","NABTEB","5+-year","Polytechnic","lga","Abak","South South","Akwa Ibom","Abak","","","0","0","0","0","0","0","0","0","0","0"
"2021/2022","Male","disabled","NABTEB","5+-year","Polytechnic","lga","Eket","South South","Akwa Ibom","Eket","","","0","3","0","0","0","0","0","3","0","0"
"2021/2022","Male","disabled","NABTEB","5+-year","Polytechnic","lga","Ikot Ekpene","South South","Akwa Ibom","Ikot Ekpene","","","0","3","0","0","0","0","0","3","0","0"
"2021/2022","Male","disabled","NABTEB","5+-year","Polytechnic","lga","Oron","South South","Akwa Ibom","Oron","","","0","0","0","0","0","0","0","0","0","0"
"2021/2022","Male","disabled","NABTEB","5+-year","Polytechnic","lga","Uyo","South South","Akwa Ibom","Uyo","","","0","0","0","0","0","0","0","0","0","0"
"2021/2022","Male","disabled","NABTEB","5+-year","University","lga","Abak","South South","Akwa Ibom","Abak","","","0","6","0","0","0","0","0","6","0","0"
"2021/2022","Male","disabled","NABTEB","5+-year","University","lga","Eket","South South","Akwa Ibom","Eket","","","0","0","0","0","0","0","0","0","0","0"
"2021/2022","Male","disabled","NABTEB","5+-year","University","lga","Ikot Ekpene","South South","Akwa Ibom","Ikot Ekpene","","","0","3","0","0","0","0","0","3","0","0"
"2021/2022","Male","disabled","NABTEB","5+-year","University","lga","Oron","South South","Akwa Ibom","Oron","","","0","6","0","0","0","0","0","6","0","0"
"2021/2022","Male","disabled","NABTEB","5+-year","University","lga","Uyo","South South","Akwa Ibom","Uyo","","","0","3","0","0","0","0","0","3","0","0"
"2021/2022","Male","disabled","NECO","1-year","College of Education","lga","Abak","South South","Akwa Ibom","Abak","","","0","27","17","12","12","0","0","10","6","0"
"2021/2022","Male","disabled","NECO","1-year","College of Education","lga","Eket","South South","Akwa Ibom","Eket","","","0","33","18","16","16","0","0","15","4","0"
"2021/2022","Male","disabled","NECO","1-year","College of Education","lga","Ikot Ekpene","South South","Akwa Ibom","Ikot Ekpene","","","0","62","34","24","24","0","0","28","12","0"
"2021/2022","Male","disabled","NECO","1-year","College of Education","lga","Oron","South South","Akwa Ibom","Oron","","","0","21","12","8","8","0","0","9","4","0"
"2021/2022","Male","disabled","NECO","1-year","College of Education","lga","Uyo","South South","Akwa Ibom","Uyo","","","0","27","15","16","16","0","0","12","2","0"
"2021/2022","Male","disabled","NECO","1-year","Polytechnic","lga","Abak","South South","Akwa Ibom","Abak","","","0","30","21","16","16","0","0","9","6","0"
"2021/2022","Male","disabled","NECO","1-year","Polytechnic","lga","Eket","South South","Akwa Ibom","Eket","","","0","52","32","24","24","0","0","20","11","0"
"2021/2022","Male","disabled","NECO","1-year","Polytechnic","lga","Ikot Ekpene","South South","Akwa Ibom","Ikot Ekpene","","","0","18","15","8","8","0","0","3","7","0"
"2021/2022","Male","disabled","NECO","1-year","Polytechnic","lga","Oron","South South","Akwa Ibom","Oron","","","0","21","12","12","12","0","0","9","2","0"
"2021/2022","Male","disabled","NECO","1-year","Polytechnic","lga","Uyo","South South","Akwa Ibom","Uyo","","","0","27","21","16","16","0","0","6","6","0"
"2021/2022","Male","disabled","NECO","1-year","University","lga","Abak","South South","Akwa Ibom","Abak","","","0","62","39","20","20","0","0","23","20","0"
"2021/2022","Male","disabled","NECO","1-year","University","lga","Eket","South South","Akwa Ibom","Eket","","","0","18","9","8","8","0","0","9","2","0"
"2021/2022","Male","disabled","NECO","1-year","University","lga","Ikot Ekpene","South South","Akwa Ibom","Ikot Ekpene","","","0","40","26","16","16","0","0","14","10","0"
"2021/2022","Male","disabled","NECO","1-year","University","lga","Oron","South South","Akwa Ibom","Oron","","","0","63","45","28","28","0","0","18","18","0"
"2021/2022","Male","disabled","NECO","1-year","University","lga","Uyo","South South","Akwa Ibom","Uyo","","","0","33","21","16","16","0","0","12","6","0"
"2021/2022","Male","disabled","NECO","2-year","College of Education","lga","Abak","South South","Akwa Ibom","Abak","","","0","15","9","0","0","0","0","6","9","0"
"2021/2022","Male","disabled","NECO","2-year","College of Education","lga","Eket","South South","Akwa Ibom","Eket","","","0","24","18","0","0","0","0","6","18","0"
"2021/2022","Male","disabled","NECO","2-year","College of Education","lga","Ikot Ekpene","South South","Akwa Ibom","Ikot Ekpene","","","0","36","24","4","4","0","0","12","20","0"
"2021/2022","Male","disabled","NECO","2-year","College of Education","lga","Oron","South South","Akwa Ibom","Oron","","","0","12","9","0","0","0","0","3","9","0"
"2021/2022","Male","disabled","NECO","2-year","College of Education","lga","Uyo","South South","Akwa Ibom","Uyo","","","0","15","12","0","0","0","0","3","12","0"
"2021/2022","Male","disabled","NECO","2-year","Polytechnic","lga","Abak","South South","Akwa Ibom","Abak","","","0","21","12","0","0","0","0","9","12","0"
"2021/2022","Male","disabled","NECO","2-year","Polytechnic","lga","Eket","South South","Akwa Ibom","Eket","","","0","36","21","4","4","0","0","15","17","0"
"2021/2022","Male","disabled","NECO","2-year","Polytechnic","lga","Ikot Ekpene","South South","Akwa Ibom","Ikot Ekpene","","","0","12","9","0","0","0","0","3","9","0"
"2021/2022","Male","disabled","NECO","2-year","Polytechnic","lga","Oron","South South","Akwa Ibom","Oron","","","0","12","12","0","0","0","0","0","12","0"
"2021/2022","Male","disabled","NECO","2-year","Polytechnic","lga","Uyo","South South","Akwa Ibom","Uyo","","","0","18","12","0","0","0","0","6","12","0"
"2021/2022","Male","disabled","NECO","2-year","University","lga","Abak","South South","Akwa Ibom","Abak","","","0","42","27","4","4","0","0","15","23","0"
"2021/2022","Male","disabled","NECO","2-year","University","lga","Eket","South South","Akwa Ibom","Eket","","","0","9","9","0","0","0","0","0","9","0"
"2021/2022","Male","disabled","NECO","2-year","University","lga","Ikot Ekpene","South South","Akwa Ibom","Ikot Ekpene","","","0","30","15","4","4","0","0","15","11","0"
"2021/2022","Male","disabled","NECO","2-year","University","lga","Oron","South South","Akwa Ibom","Oron","","","0","45","33","0","0","0","0","12","33","0"
"2021/2022","Male","disabled","NECO","2-year","University","lga","Uyo","South South","Akwa Ibom","Uyo","","","0","21","12","0","0","0","0","9","12","0"
"2021/2022","Male","disabled","NECO","3-5-year","College of Education","lga","Abak","South South","Akwa Ibom","Abak","","","0","12","9","0","0","0","0","3","9","0"
"2021/2022","Male","disabled","NECO","3-5-year","College of Education","lga","Eket","South South","Akwa Ibom","Eket","","","0","12","12","0","0","0","0","0","12","0"
"2021/2022","Male","disabled","NECO","3-5-year","College of Education","lga","Ikot Ekpene","South South","Akwa Ibom","Ikot Ekpene","","","0","24","21","0","0","0","0","3","21","0"
"2021/2022","Male","disabled","NECO","3-5-year","College of Education","lga","Oron","South South","Akwa Ibom","Oron","","","0","6","6","0","0","0","0","0","6","0"
"2021/2022","Male","disabled","NECO","3-5-year","College of Education","lga","Uyo","South South","Akwa Ibom","Uyo","","","0","12","12","0","0","0","0","0","12","0"
"2021/2022","Male","disabled","NECO","3-5-year","Polytechnic","lga","Abak","South South","Akwa Ibom","Abak","","","0","12","9","0","0","0","0","3","9","0"
"2021/2022","Male","disabled","NECO","3-5-year","Polytechnic","lga","Eket","South South","Akwa Ibom","Eket","","","0","24","18","0","0","0","0","6","18","0"
"2021/2022","Male","disabled","NECO","3-5-year","Polytechnic","lga","Ikot Ekpene","South South","Akwa Ibom","Ikot Ekpene","","","0","9","6","0","0","0","0","3","6","0"
"2021/2022","Male","disabled","NECO","3-5-year","Polytechnic","lga","Oron","South South","Akwa Ibom","Oron","","","0","12","9","0","0","0","0","3","9","0"
"2021/2022","Male","disabled","NECO","3-5-year","Polytechnic","lga","Uyo","South South","Akwa Ibom","Uyo","","","0","12","12","0","0","0","0","0","12","0"
"2021/2022","Male","disabled","NECO","3-5-year","University","lga","Abak","South South","Akwa Ibom","Abak","","","0","24","15","0","0","0","0","9","15","0"
"2021/2022","Male","disabled","NECO","3-5-year","University","lga","Eket","South South","Akwa Ibom","Eket","","","0","6","6","0","0","0","0","0","6","0"
"2021/2022","Male","disabled","NECO","3-5-year","University","lga","Ikot Ekpene","South South","Akwa Ibom","Ikot Ekpene","","","0","15","15","0","0","0","0","0","15","0"
"2021/2022","Male","disabled","NECO","3-5-year","University","lga","Oron","South South","Akwa Ibom","Oron","","","0","30","21","0","0","0","0","9","21","0"
"2021/2022","Male","disabled","NECO","3-5-year","University","lga","Uyo","South South","Akwa Ibom","Uyo","","","0","15","12","0","0","0","0","3","12","0"
"2021/2022","Male","disabled","NECO","5+-year","College of Education","lga","Abak","South South","Akwa Ibom","Abak","","","0","6","6","0","0","0","0","0","6","0"
"2021/2022","Male","disabled","NECO","5+-year","College of Education","lga","Eket","South South","Akwa Ibom","Eket","","","0","6","3","0","0","0","0","3","3","0"
"2021/2022","Male","disabled","NECO","5+-year","College of Education","lga","Ikot Ekpene","South South","Akwa Ibom","Ikot Ekpene","","","0","12","9","0","0","0","0","3","9","0"
"2021/2022","Male","disabled","NECO","5+-year","College of Education","lga","Oron","South South","Akwa Ibom","Oron","","","0","6","3","0","0","0","0","3","3","0"
"2021/2022","Male","disabled","NECO","5+-year","College of Education","lga","Uyo","South South","Akwa Ibom","Uyo","","","0","12","3","0","0","0","0","9","3","0"
"2021/2022","Male","disabled","NECO","5+-year","Polytechnic","lga","Abak","South South","Akwa Ibom","Abak","","","0","3","0","0","0","0","0","3","0","0"
"2021/2022","Male","disabled","NECO","5+-year","Polytechnic","lga","Eket","South South","Akwa Ibom","Eket","","","0","6","6","0","0","0","0","0","6","0"
"2021/2022","Male","disabled","NECO","5+-year","Polytechnic","lga","Ikot Ekpene","South South","Akwa Ibom","Ikot Ekpene","","","0","6","3","0","0","0","0","3","3","0"
"2021/2022","Male","disabled","NECO","5+-year","Polytechnic","lga","Oron","South South","Akwa Ibom","Oron","","","0","9","0","0","0","0","0","9","0","0"
"2021/2022","Male","disabled","NECO","5+-year","Polytechnic","lga","Uyo","South South","Akwa Ibom","Uyo","","","0","6","3","0","0","0","0","3","3","0"
"2021/2022","Male","disabled","NECO","5+-year","University","lga","Abak","South South","Akwa Ibom","Abak","","","0","12","9","0","0","0","0","3","9","0"
"2021/2022","Male","disabled","NECO","5+-year","University","lga","Eket","South South","Akwa Ibom","Eket","","","0","3","3","0","0","0","0","0","3","0"
"2021/2022","Male","disabled","NECO","5+-year","University","lga","Ikot Ekpene","South South","Akwa Ibom","Ikot Ekpene","","","0","12","6","0","0","0","0","6","6","0"
"2021/2022","Male","disabled","NECO","5+-year","University","lga","Oron","South South","Akwa Ibom","Oron","","","0","15","3","0","0","0","0","12","3","0"
"2021/2022","Male","disabled","NECO","5+-year","University","lga","Uyo","South South","Akwa Ibom","Uyo","","","0","9","6","0","0","0","0","3","6","0"
"2021/2022","Male","disabled","WAEC","1-year","College of Education","lga","Abak","South South","Akwa Ibom","Abak","","","0","31","22","10","9","1","0","9","12","1"
"2021/2022","Male","disabled","WAEC","1-year","College of Education","lga","Eket","South South","Akwa Ibom","Eket","","","0","46","29","13","15","0","0","17","16","0"
"2021/2022","Male","disabled","WAEC","1-year","College of Education","lga","Ikot Ekpene","South South","Akwa Ibom","Ikot Ekpene","","","0","80","44","20","24","0","0","36","24","0"
"2021/2022","Male","disabled","WAEC","1-year","College of Education","lga","Oron","South South","Akwa Ibom","Oron","","","0","24","16","6","7","0","0","8","10","0"
"2021/2022","Male","disabled","WAEC","1-year","College of Education","lga","Uyo","South South","Akwa Ibom","Uyo","","","0","42","26","13","16","0","0","16","13","0"
"2021/2022","Male","disabled","WAEC","1-year","Polytechnic","lga","Abak","South South","Akwa Ibom","Abak","","","0","36","20","13","15","0","0","16","7","0"
"2021/2022","Male","disabled","WAEC","1-year","Polytechnic","lga","Eket","South South","Akwa Ibom","Eket","","","0","74","42","18","22","0","0","32","24","0"
"2021/2022","Male","disabled","WAEC","1-year","Polytechnic","lga","Ikot Ekpene","South South","Akwa Ibom","Ikot Ekpene","","","0","25","16","6","8","0","0","9","10","0"
"2021/2022","Male","disabled","WAEC","1-year","Polytechnic","lga","Oron","South South","Akwa Ibom","Oron","","","0","30","18","10","9","1","0","12","8","1"
"2021/2022","Male","disabled","WAEC","1-year","Polytechnic","lga","Uyo","South South","Akwa Ibom","Uyo","","","0","40","24","13","14","0","0","16","11","0"
"2021/2022","Male","disabled","WAEC","1-year","University","lga","Abak","South South","Akwa Ibom","Abak","","","0","79","44","16","19","0","0","35","28","0"
"2021/2022","Male","disabled","WAEC","1-year","University","lga","Eket","South South","Akwa Ibom","Eket","","","0","25","16","6","7","0","0","9","10","0"
"2021/2022","Male","disabled","WAEC","1-year","University","lga","Ikot Ekpene","South South","Akwa Ibom","Ikot Ekpene","","","0","58","34","12","16","0","0","24","22","0"
"2021/2022","Male","disabled","WAEC","1-year","University","lga","Oron","South South","Akwa Ibom","Oron","","","0","82","51","21","23","0","0","31","30","0"
"2021/2022","Male","disabled","WAEC","1-year","University","lga","Uyo","South South","Akwa Ibom","Uyo","","","0","46","29","13","14","0","0","17","16","0"
"2021/2022","Male","disabled","WAEC","2-year","College of Education","lga","Abak","South South","Akwa Ibom","Abak","","","0","24","13","0","0","0","0","11","13","0"
"2021/2022","Male","disabled","WAEC","2-year","College of Education","lga","Eket","South South","Akwa Ibom","Eket","","","0","30","16","6","8","0","0","14","10","0"
"2021/2022","Male","disabled","WAEC","2-year","College of Education","lga","Ikot Ekpene","South South","Akwa Ibom","Ikot Ekpene","","","0","45","32","7","8","0","0","13","25","0"
"2021/2022","Male","disabled","WAEC","2-year","College of Education","lga","Oron","South South","Akwa Ibom","Oron","","","0","18","10","3","4","0","0","8","7","0"
"2021/2022","Male","disabled","WAEC","2-year","College of Education","lga","Uyo","South South","Akwa Ibom","Uyo","","","0","24","12","0","0","0","0","12","12","0"
"2021/2022","Male","disabled","WAEC","2-year","Polytechnic","lga","Abak","South South","Akwa Ibom","Abak","","","0","27","14","0","0","0","0","13","14","0"
"2021/2022","Male","disabled","WAEC","2-year","Polytechnic","lga","Eket","South South","Akwa Ibom","Eket","","","0","45","27","6","6","0","0","18","21","0"
"2021/2022","Male","disabled","WAEC","2-year","Polytechnic","lga","Ikot Ekpene","South South","Akwa Ibom","Ikot Ekpene","","","0","15","8","3","4","0","0","7","5","0"
"2021/2022","Male","disabled","WAEC","2-year","Polytechnic","lga","Oron","South South","Akwa Ibom","Oron","","","0","21","13","0","0","0","0","8","13","0"
"2021/2022","Male","disabled","WAEC","2-year","Polytechnic","lga","Uyo","South South","Akwa Ibom","Uyo","","","0","24","16","3","3","0","0","8","13","0"
"2021/2022","Male","disabled","WAEC","2-year","University","lga","Abak","South South","Akwa Ibom","Abak","","","0","51","29","13","15","0","0","22","16","0"
"2021/2022","Male","disabled","WAEC","2-year","University","lga","Eket","South South","Akwa Ibom","Eket","","","0","15","11","3","4","0","0","4","8","0"
"2021/2022","Male","disabled","WAEC","2-year","University","lga","Ikot Ekpene","South South","Akwa Ibom","Ikot Ekpene","","","0","37","24","3","4","0","0","13","21","0"
"2021/2022","Male","disabled","WAEC","2-year","University","lga","Oron","South South","Akwa Ibom","Oron","","","0","54","31","9","10","0","0","23","22","0"
"2021/2022","Male","disabled","WAEC","2-year","University","lga","Uyo","South South","Akwa Ibom","Uyo","","","0","27","18","7","7","1","0","9","11","1"
"2021/2022","Male","disabled","WAEC","3-5-year","College of Education","lga","Abak","South South","Akwa Ibom","Abak","","","0","15","9","0","0","0","0","6","9","0"
"2021/2022","Male","disabled","WAEC","3-5-year","College of Education","lga","Eket","South South","Akwa Ibom","Eket","","","0","21","14","0","0","0","0","7","14","0"
"2021/2022","Male","disabled","WAEC","3-5-year","College of Education","lga","Ikot Ekpene","South South","Akwa Ibom","Ikot Ekpene","","","0","33","22","0","0","0","0","11","22","0"
"2021/2022","Male","disabled","WAEC","3-5-year","College of Education","lga","Oron","South South","Akwa Ibom","Oron","","","0","12","6","0","0","0","0","6","6","0"
"2021/2022","Male","disabled","WAEC","3-5-year","College of Education","lga","Uyo","South South","Akwa Ibom","Uyo","","","0","15","12","0","0","0","0","3","12","0"
"2021/2022","Male","disabled","WAEC","3-5-year","Polytechnic","lga","Abak","South South","Akwa Ibom","Abak","","","0","15","12","0","0","0","0","3","12","0"
"2021/2022","Male","disabled","WAEC","3-5-year","Polytechnic","lga","Eket","South South","Akwa Ibom","Eket","","","0","27","20","0","0","0","0","7","20","0"
"2021/2022","Male","disabled","WAEC","3-5-year","Polytechnic","lga","Ikot Ekpene","South South","Akwa Ibom","Ikot Ekpene","","","0","9","6","0","0","0","0","3","6","0"
"2021/2022","Male","disabled","WAEC","3-5-year","Polytechnic","lga","Oron","South South","Akwa Ibom","Oron","","","0","15","9","0","0","0","0","6","9","0"
"2021/2022","Male","disabled","WAEC","3-5-year","Polytechnic","lga","Uyo","South South","Akwa Ibom","Uyo","","","0","18","12","0","0","0","0","6","12","0"
"2021/2022","Male","disabled","WAEC","3-5-year","University","lga","Abak","South South","Akwa Ibom","Abak","","","0","27","21","0","0","0","0","6","21","0"
"2021/2022","Male","disabled","WAEC","3-5-year","University","lga","Eket","South South","Akwa Ibom","Eket","","","0","9","8","0","0","0","0","1","8","0"
"2021/2022","Male","disabled","WAEC","3-5-year","University","lga","Ikot Ekpene","South South","Akwa Ibom","Ikot Ekpene","","","0","24","14","0","0","0","0","10","14","0"
"2021/2022","Male","disabled","WAEC","3-5-year","University","lga","Oron","South South","Akwa Ibom","Oron","","","0","36","25","0","0","0","0","11","25","0"
"2021/2022","Male","disabled","WAEC","3-5-year","University","lga","Uyo","South South","Akwa Ibom","Uyo","","","0","21","12","0","0","0","0","9","12","0"
"2021/2022","Male","disabled","WAEC","5+-year","College of Education","lga","Abak","South South","Akwa Ibom","Abak","","","0","6","3","0","0","0","0","3","3","0"
"2021/2022","Male","disabled","WAEC","5+-year","College of Education","lga","Eket","South South","Akwa Ibom","Eket","","","0","12","12","0","0","0","0","0","12","0"
"2021/2022","Male","disabled","WAEC","5+-year","College of Education","lga","Ikot Ekpene","South South","Akwa Ibom","Ikot Ekpene","","","0","18","12","0","0","0","0","6","12","0"
"2021/2022","Male","disabled","WAEC","5+-year","College of Education","lga","Oron","South South","Akwa Ibom","Oron","","","0","6","6","0","0","0","0","0","6","0"
"2021/2022","Male","disabled","WAEC","5+-year","College of Education","lga","Uyo","South South","Akwa Ibom","Uyo","","","0","12","12","0","0","0","0","0","12","0"
"2021/2022","Male","disabled","WAEC","5+-year","Polytechnic","lga","Abak","South South","Akwa Ibom","Abak","","","0","9","9","0","0","0","0","0","9","0"
"2021/2022","Male","disabled","WAEC","5+-year","Polytechnic","lga","Eket","South South","Akwa Ibom","Eket","","","0","15","9","0","0","0","0","6","9","0"
"2021/2022","Male","disabled","WAEC","5+-year","Polytechnic","lga","Ikot Ekpene","South South","Akwa Ibom","Ikot Ekpene","","","0","6","3","0","0","0","0","3","3","0"
"2021/2022","Male","disabled","WAEC","5+-year","Polytechnic","lga","Oron","South South","Akwa Ibom","Oron","","","0","6","6","0","0","0","0","0","6","0"
"2021/2022","Male","disabled","WAEC","5+-year","Polytechnic","lga","Uyo","South South","Akwa Ibom","Uyo","","","0","9","6","0","0","0","0","3","6","0"
"2021/2022","Male","disabled","WAEC","5+-year","University","lga","Abak","South South","Akwa Ibom","Abak","","","0","21","12","0","0","0","0","9","12","0"
"2021/2022","Male","disabled","WAEC","5+-year","University","lga","Eket","South South","Akwa Ibom","Eket","","","0","6","3","0","0","0","0","3","3","0"
"2021/2022","Male","disabled","WAEC","5+-year","University","lga","Ikot Ekpene","South South","Akwa Ibom","Ikot Ekpene","","","0","12","9","0","0","0","0","3","9","0"
"2021/2022","Male","disabled","WAEC","5+-year","University","lga","Oron","South South","Akwa Ibom","Oron","","","0","21","18","0","0","0","0","3","18","0"
"2021/2022","Male","disabled","WAEC","5+-year","University","lga","Uyo","South South","Akwa Ibom","Uyo","","","0","12","9","0","0","0","0","3","9","0"
"2022/2023","Female","all","NABTEB","1-year","College of Education","lga","Abak","South South","Akwa Ibom","Abak","","","0","130","80","26","26","0","0","50","54","0"
"2022/2023","Female","all","NABTEB","1-year","College of Education","lga","Eket","South South","Akwa Ibom","Eket","","","0","159","111","47","44","4","0","48","64","4"
"2022/2023","Female","all","NABTEB","1-year","College of Education","lga","Ikot Ekpene","South South","Akwa Ibom","Ikot Ekpene","","","0","252","172","61","52","9","0","80","111","9"
"2022/2023","Female","all","NABTEB","1-year","College of Education","lga","Oron","South South","Akwa Ibom","Oron","","","0","87","54","22","18","4","0","33","32","4"
"2022/2023","Female","all","NABTEB","1-year","College of Education","lga","Uyo","South South","Akwa Ibom","Uyo","","","0","157","101","37","26","12","0","56","64","12"
"2022/2023","Female","all","NABTEB","1-year","Polytechnic","lga","Abak","South South","Akwa Ibom","Abak","","","0","137","85","33","36","0","0","52","52","0"
"2022/2023","Female","all","NABTEB","1-year","Polytechnic","lga","Eket","South South","Akwa Ibom","Eket","","","0","239","163","60","54","8","0","76","103","8"
"2022/2023","Female","all","NABTEB","1-year","Polytechnic","lga","Ikot Ekpene","South South","Akwa Ibom","Ikot Ekpene","","","0","93","64","25","27","0","0","29","39","0"
"2022/2023","Female","all","NABTEB","1-year","Polytechnic","lga","Oron","South South","Akwa Ibom","Oron","","","0","128","83","35","27","8","0","45","48","8"
"2022/2023","Female","all","NABTEB","1-year","Polytechnic","lga","Uyo","South South","Akwa Ibom","Uyo","","","0","151","103","38","36","4","0","48","65","4"
"2022/2023","Female","all","NABTEB","1-year","University","lga","Abak","South South","Akwa Ibom","Abak","","","0","232","149","51","49","4","0","83","98","4"
"2022/2023","Female","all","NABTEB","1-year","University","lga","Eket","South South","Akwa Ibom","Eket","","","0","78","54","22","18","4","0","24","32","4"
"2022/2023","Female","all","NABTEB","1-year","University","lga","Ikot Ekpene","South South","Akwa Ibom","Ikot Ekpene","","","0","174","124","44","44","0","0","50","80","0"
"2022/2023","Female","all","NABTEB","1-year","University","lga","Oron","South South","Akwa Ibom","Oron","","","0","302","201","70","55","16","0","101","131","16"
"2022/2023","Female","all","NABTEB","1-year","University","lga","Uyo","South South","Akwa Ibom","Uyo","","","0","166","111","37","40","0","0","55","74","0"
"2022/2023","Female","all","NABTEB","2-year","College of Education","lga","Abak","South South","Akwa Ibom","Abak","","","0","81","48","16","17","0","0","33","32","0"
"2022/2023","Female","all","NABTEB","2-year","College of Education","lga","Eket","South South","Akwa Ibom","Eket","","","0","104","67","29","27","4","0","37","38","4"
"2022/2023","Female","all","NABTEB","2-year","College of Education","lga","Ikot Ekpene","South South","Akwa Ibom","Ikot Ekpene","","","0","162","112","38","34","4","0","50","74","4"
"2022/2023","Female","all","NABTEB","2-year","College of Education","lga","Oron","South South","Akwa Ibom","Oron","","","0","49","35","8","8","0","0","14","27","0"
"2022/2023","Female","all","NABTEB","2-year","College of Education","lga","Uyo","South South","Akwa Ibom","Uyo","","","0","101","64","21","16","5","0","37","43","5"
"2022/2023","Female","all","NABTEB","2-year","Polytechnic","lga","Abak","South South","Akwa Ibom","Abak","","","0","95","58","16","17","0","0","37","42","0"
"2022/2023","Female","all","NABTEB","2-year","Polytechnic","lga","Eket","South South","Akwa Ibom","Eket","","","0","155","100","37","31","9","0","55","63","9"
"2022/2023","Female","all","NABTEB","2-year","Polytechnic","lga","Ikot Ekpene","South South","Akwa Ibom","Ikot Ekpene","","","0","55","38","13","13","0","0","17","25","0"
"2022/2023","Female","all","NABTEB","2-year","Polytechnic","lga","Oron","South South","Akwa Ibom","Oron","","","0","75","51","17","14","4","0","24","34","4"
"2022/2023","Female","all","NABTEB","2-year","Polytechnic","lga","Uyo","South South","Akwa Ibom","Uyo","","","0","92","61","25","17","9","0","31","36","9"
"2022/2023","Female","all","NABTEB","2-year","University","lga","Abak","South South","Akwa Ibom","Abak","","","0","151","101","25","27","0","0","50","76","0"
"2022/2023","Female","all","NABTEB","2-year","University","lga","Eket","South South","Akwa Ibom","Eket","","","0","52","35","12","14","0","0","17","23","0"
"2022/2023","Female","all","NABTEB","2-year","University","lga","Ikot Ekpene","South South","Akwa Ibom","Ikot Ekpene","","","0","110","76","31","22","9","0","34","45","9"
"2022/2023","Female","all","NABTEB","2-year","University","lga","Oron","South South","Akwa Ibom","Oron","","","0","197","136","41","46","0","0","61","95","0"
"2022/2023","Female","all","NABTEB","2-year","University","lga","Uyo","South South","Akwa Ibom","Uyo","","","0","101","64","21","17","4","0","37","43","4"
"2022/2023","Female","all","NABTEB","3-5-year","College of Education","lga","Abak","South South","Akwa Ibom","Abak","","","0","49","35","12","12","0","0","14","23","0"
"2022/2023","Female","all","NABTEB","3-5-year","College of Education","lga","Eket","South South","Akwa Ibom","Eket","","","0","66","48","20","17","4","0","18","28","4"
"2022/2023","Female","all","NABTEB","3-5-year","College of Education","lga","Ikot Ekpene","South South","Akwa Ibom","Ikot Ekpene","","","0","102","70","24","24","0","0","32","46","0"
"2022/2023","Female","all","NABTEB","3-5-year","College of Education","lga","Oron","South South","Akwa Ibom","Oron","","","0","37","23","8","8","0","0","14","15","0"
"2022/2023","Female","all","NABTEB","3-5-year","College of Education","lga","Uyo","South South","Akwa Ibom","Uyo","","","0","60","43","16","16","0","0","17","27","0"
"2022/2023","Female","all","NABTEB","3-5-year","Polytechnic","lga","Abak","South South","Akwa Ibom","Abak","","","0","62","43","16","17","0","0","19","27","0"
"2022/2023","Female","all","NABTEB","3-5-year","Polytechnic","lga","Eket","South South","Akwa Ibom","Eket","","","0","103","67","24","25","0","0","36","43","0"
"2022/2023","Female","all","NABTEB","3-5-year","Polytechnic","lga","Ikot Ekpene","South South","Akwa Ibom","Ikot Ekpene","","","0","37","25","13","9","4","0","12","12","4"
"2022/2023","Female","all","NABTEB","3-5-year","Polytechnic","lga","Oron","South South","Akwa Ibom","Oron","","","0","51","33","12","13","0","0","18","21","0"
"2022/2023","Female","all","NABTEB","3-5-year","Polytechnic","lga","Uyo","South South","Akwa Ibom","Uyo","","","0","65","46","16","17","0","0","19","30","0"
"2022/2023","Female","all","NABTEB","3-5-year","University","lga","Abak","South South","Akwa Ibom","Abak","","","0","89","55","20","21","0","0","34","35","0"
"2022/2023","Female","all","NABTEB","3-5-year","University","lga","Eket","South South","Akwa Ibom","Eket","","","0","29","19","8","9","0","0","10","11","0"
"2022/2023","Female","all","NABTEB","3-5-year","University","lga","Ikot Ekpene","South South","Akwa Ibom","Ikot Ekpene","","","0","71","49","16","18","0","0","22","33","0"
"2022/2023","Female","all","NABTEB","3-5-year","University","lga","Oron","South South","Akwa Ibom","Oron","","","0","111","74","28","32","0","0","37","47","0"
"2022/2023","Female","all","NABTEB","3-5-year","University","lga","Uyo","South South","Akwa Ibom","Uyo","","","0","66","46","16","17","0","0","20","30","0"
"2022/2023","Female","all","NABTEB","5+-year","College of Education","lga","Abak","South South","Akwa Ibom","Abak","","","0","24","15","8","0","8","0","9","7","8"
"2022/2023","Female","all","NABTEB","5+-year","College of Education","lga","Eket","South South","Akwa Ibom","Eket","","","0","33","26","8","8","0","0","7","18","0"
"2022/2023","Female","all","NABTEB","5+-year","College of Education","lga","Ikot Ekpene","South South","Akwa Ibom","Ikot Ekpene","","","0","60","42","16","8","8","0","18","26","8"
"2022/2023","Female","all","NABTEB","5+-year","College of Education","lga","Oron","South South","Akwa Ibom","Oron","","","0","20","12","4","4","0","0","8","8","0"
"2022/2023","Female","all","NABTEB","5+-year","College of Education","lga","Uyo","South South","Akwa Ibom","Uyo","","","0","39","21","0","0","0","0","18","21","0"
"2022/2023","Female","all","NABTEB","5+-year","Polytechnic","lga","Abak","South South","Akwa Ibom","Abak","","","0","36","21","8","0","8","0","15","13","8"
"2022/2023","Female","all","NABTEB","5+-year","Polytechnic","lga","Eket","South South","Akwa Ibom","Eket","","","0","54","34","12","8","4","0","20","22","4"
"2022/2023","Female","all","NABTEB","5+-year","Polytechnic","lga","Ikot Ekpene","South South","Akwa Ibom","Ikot Ekpene","","","0","20","16","4","5","0","0","4","12","0"
"2022/2023","Female","all","NABTEB","5+-year","Polytechnic","lga","Oron","South South","Akwa Ibom","Oron","","","0","30","18","8","4","4","0","12","10","4"
"2022/2023","Female","all","NABTEB","5+-year","Polytechnic","lga","Uyo","South South","Akwa Ibom","Uyo","","","0","38","21","8","4","4","0","17","13","4"
"2022/2023","Female","all","NABTEB","5+-year","University","lga","Abak","South South","Akwa Ibom","Abak","","","0","55","38","20","4","16","0","17","18","16"
"2022/2023","Female","all","NABTEB","5+-year","University","lga","Eket","South South","Akwa Ibom","Eket","","","0","18","12","4","0","4","0","6","8","4"
"2022/2023","Female","all","NABTEB","5+-year","University","lga","Ikot Ekpene","South South","Akwa Ibom","Ikot Ekpene","","","0","45","28","16","8","8","0","17","12","8"
"2022/2023","Female","all","NABTEB","5+-year","University","lga","Oron","South South","Akwa Ibom","Oron","","","0","78","51","16","8","8","0","27","35","8"
"2022/2023","Female","all","NABTEB","5+-year","University","lga","Uyo","South South","Akwa Ibom","Uyo","","","0","41","28","16","5","12","0","13","12","12"
"2022/2023","Female","all","NECO","1-year","College of Education","lga","Abak","South South","Akwa Ibom","Abak","","","0","244","155","59","50","9","0","89","96","9"
"2022/2023","Female","all","NECO","1-year","College of Education","lga","Eket","South South","Akwa Ibom","Eket","","","0","305","203","81","69","12","0","102","122","12"
"2022/2023","Female","all","NECO","1-year","College of Education","lga","Ikot Ekpene","South South","Akwa Ibom","Ikot Ekpene","","","0","499","324","115","103","13","0","175","209","13"
"2022/2023","Female","all","NECO","1-year","College of Education","lga","Oron","South South","Akwa Ibom","Oron","","","0","160","105","33","34","0","0","55","72","0"
"2022/2023","Female","all","NECO","1-year","College of Education","lga","Uyo","South South","Akwa Ibom","Uyo","","","0","274","172","60","52","8","0","102","112","8"
"2022/2023","Female","all","NECO","1-year","Polytechnic","lga","Abak","South South","Akwa Ibom","Abak","","","0","274","176","63","57","6","0","98","113","6"
"2022/2023","Female","all","NECO","1-year","Polytechnic","lga","Eket","South South","Akwa Ibom","Eket","","","0","432","273","104","85","20","0","159","169","20"
"2022/2023","Female","all","NECO","1-year","Polytechnic","lga","Ikot Ekpene","South South","Akwa Ibom","Ikot Ekpene","","","0","188","125","48","47","2","0","63","77","2"
"2022/2023","Female","all","NECO","1-year","Polytechnic","lga","Oron","South South","Akwa Ibom","Oron","","","0","217","139","55","46","9","0","78","84","9"
"2022/2023","Female","all","NECO","1-year","Polytechnic","lga","Uyo","South South","Akwa Ibom","Uyo","","","0","270","170","62","53","9","0","100","108","9"
"2022/2023","Female","all","NECO","1-year","University","lga","Abak","South South","Akwa Ibom","Abak","","","0","451","291","96","87","9","0","160","195","9"
"2022/2023","Female","all","NECO","1-year","University","lga","Eket","South South","Akwa Ibom","Eket","","","0","148","99","37","38","0","0","49","62","0"
"2022/2023","Female","all","NECO","1-year","University","lga","Ikot Ekpene","South South","Akwa Ibom","Ikot Ekpene","","","0","354","234","81","76","6","0","120","153","6"
"2022/2023","Female","all","NECO","1-year","University","lga","Oron","South South","Akwa Ibom","Oron","","","0","577","381","132","122","12","0","196","249","12"
"2022/2023","Female","all","NECO","1-year","University","lga","Uyo","South South","Akwa Ibom","Uyo","","","0","314","204","74","65","9","0","110","130","9"
"2022/2023","Female","all","NECO","2-year","College of Education","lga","Abak","South South","Akwa Ibom","Abak","","","0","144","91","33","31","3","0","53","58","3"
"2022/2023","Female","all","NECO","2-year","College of Education","lga","Eket","South South","Akwa Ibom","Eket","","","0","192","124","47","39","9","0","68","77","9"
"2022/2023","Female","all","NECO","2-year","College of Education","lga","Ikot Ekpene","South South","Akwa Ibom","Ikot Ekpene","","","0","314","206","79","69","12","0","108","127","12"
"2022/2023","Female","all","NECO","2-year","College of Education","lga","Oron","South South","Akwa Ibom","Oron","","","0","107","68","26","20","6","0","39","42","6"
"2022/2023","Female","all","NECO","2-year","College of Education","lga","Uyo","South South","Akwa Ibom","Uyo","","","0","167","104","36","32","6","0","63","68","6"
"2022/2023","Female","all","NECO","2-year","Polytechnic","lga","Abak","South South","Akwa Ibom","Abak","","","0","170","112","36","32","6","0","58","76","6"
"2022/2023","Female","all","NECO","2-year","Polytechnic","lga","Eket","South South","Akwa Ibom","Eket","","","0","257","167","54","59","0","0","90","113","0"
"2022/2023","Female","all","NECO","2-year","Polytechnic","lga","Ikot Ekpene","South South","Akwa Ibom","Ikot Ekpene","","","0","113","74","29","27","3","0","39","45","3"
"2022/2023","Female","all","NECO","2-year","Polytechnic","lga","Oron","South South","Akwa Ibom","Oron","","","0","141","88","33","32","3","0","53","55","3"
"2022/2023","Female","all","NECO","2-year","Polytechnic","lga","Uyo","South South","Akwa Ibom","Uyo","","","0","176","116","45","36","9","0","60","71","9"
"2022/2023","Female","all","NECO","2-year","University","lga","Abak","South South","Akwa Ibom","Abak","","","0","280","183","62","50","13","0","97","121","13"
"2022/2023","Female","all","NECO","2-year","University","lga","Eket","South South","Akwa Ibom","Eket","","","0","91","62","22","20","3","0","29","40","3"
"2022/2023","Female","all","NECO","2-year","University","lga","Ikot Ekpene","South South","Akwa Ibom","Ikot Ekpene","","","0","223","144","59","46","13","0","79","85","13"
"2022/2023","Female","all","NECO","2-year","University","lga","Oron","South South","Akwa Ibom","Oron","","","0","367","238","84","75","12","0","129","154","12"
"2022/2023","Female","all","NECO","2-year","University","lga","Uyo","South South","Akwa Ibom","Uyo","","","0","205","131","40","43","0","0","74","91","0"
"2022/2023","Female","all","NECO","3-5-year","College of Education","lga","Abak","South South","Akwa Ibom","Abak","","","0","92","57","18","20","0","0","35","39","0"
"2022/2023","Female","all","NECO","3-5-year","College of Education","lga","Eket","South South","Akwa Ibom","Eket","","","0","123","79","29","28","3","0","44","50","3"
"2022/2023","Female","all","NECO","3-5-year","College of Education","lga","Ikot Ekpene","South South","Akwa Ibom","Ikot Ekpene","","","0","210","138","44","48","0","0","72","94","0"
"2022/2023","Female","all","NECO","3-5-year","College of Education","lga","Oron","South South","Akwa Ibom","Oron","","","0","69","45","15","12","3","0","24","30","3"
"2022/2023","Female","all","NECO","3-5-year","College of Education","lga","Uyo","South South","Akwa Ibom","Uyo","","","0","110","71","22","16","6","0","39","49","6"
"2022/2023","Female","all","NECO","3-5-year","Polytechnic","lga","Abak","South South","Akwa Ibom","Abak","","","0","113","74","25","24","3","0","39","49","3"
"2022/2023","Female","all","NECO","3-5-year","Polytechnic","lga","Eket","South South","Akwa Ibom","Eket","","","0","170","109","37","36","3","0","61","72","3"
"2022/2023","Female","all","NECO","3-5-year","Polytechnic","lga","Ikot Ekpene","South South","Akwa Ibom","Ikot Ekpene","","","0","69","45","22","16","6","0","24","23","6"
"2022/2023","Female","all","NECO","3-5-year","Polytechnic","lga","Oron","South South","Akwa Ibom","Oron","","","0","78","48","15","16","0","0","30","33","0"
"2022/2023","Female","all","NECO","3-5-year","Polytechnic","lga","Uyo","South South","Akwa Ibom","Uyo","","","0","110","71","22","24","0","0","39","49","0"
"2022/2023","Female","all","NECO","3-5-year","University","lga","Abak","South South","Akwa Ibom","Abak","","","0","179","119","39","32","9","0","60","80","9"
"2022/2023","Female","all","NECO","3-5-year","University","lga","Eket","South South","Akwa Ibom","Eket","","","0","57","37","14","12","3","0","20","23","3"
"2022/2023","Female","all","NECO","3-5-year","University","lga","Ikot Ekpene","South South","Akwa Ibom","Ikot Ekpene","","","0","141","94","32","32","3","0","47","62","3"
"2022/2023","Female","all","NECO","3-5-year","University","lga","Oron","South South","Akwa Ibom","Oron","","","0","258","170","58","52","9","0","88","112","9"
"2022/2023","Female","all","NECO","3-5-year","University","lga","Uyo","South South","Akwa Ibom","Uyo","","","0","116","74","25","24","3","0","42","49","3"
"2022/2023","Female","all","NECO","5+-year","College of Education","lga","Abak","South South","Akwa Ibom","Abak","","","0","56","37","11","8","3","0","19","26","3"
"2022/2023","Female","all","NECO","5+-year","College of Education","lga","Eket","South South","Akwa Ibom","Eket","","","0","79","48","15","16","0","0","31","33","0"
"2022/2023","Female","all","NECO","5+-year","College of Education","lga","Ikot Ekpene","South South","Akwa Ibom","Ikot Ekpene","","","0","119","74","33","24","10","0","45","41","10"
"2022/2023","Female","all","NECO","5+-year","College of Education","lga","Oron","South South","Akwa Ibom","Oron","","","0","38","25","8","8","0","0","13","17","0"
"2022/2023","Female","all","NECO","5+-year","College of Education","lga","Uyo","South South","Akwa Ibom","Uyo","","","0","61","38","16","16","0","0","23","22","0"
"2022/2023","Female","all","NECO","5+-year","Polytechnic","lga","Abak","South South","Akwa Ibom","Abak","","","0","67","38","16","16","0","0","29","22","0"
"2022/2023","Female","all","NECO","5+-year","Polytechnic","lga","Eket","South South","Akwa Ibom","Eket","","","0","85","59","23","16","7","0","26","36","7"
"2022/2023","Female","all","NECO","5+-year","Polytechnic","lga","Ikot Ekpene","South South","Akwa Ibom","Ikot Ekpene","","","0","53","33","15","16","0","0","20","18","0"
"2022/2023","Female","all","NECO","5+-year","Polytechnic","lga","Oron","South South","Akwa Ibom","Oron","","","0","60","36","12","12","0","0","24","24","0"
"2022/2023","Female","all","NECO","5+-year","Polytechnic","lga","Uyo","South South","Akwa Ibom","Uyo","","","0","64","41","16","16","0","0","23","25","0"
"2022/2023","Female","all","NECO","5+-year","University","lga","Abak","South South","Akwa Ibom","Abak","","","0","95","58","23","24","0","0","37","35","0"
"2022/2023","Female","all","NECO","5+-year","University","lga","Eket","South South","Akwa Ibom","Eket","","","0","38","25","11","8","3","0","13","14","3"
"2022/2023","Female","all","NECO","5+-year","University","lga","Ikot Ekpene","South South","Akwa Ibom","Ikot Ekpene","","","0","76","50","16","16","0","0","26","34","0"
"2022/2023","Female","all","NECO","5+-year","University","lga","Oron","South South","Akwa Ibom","Oron","","","0","124","81","34","24","10","0","43","47","10"
"2022/2023","Female","all","NECO","5+-year","University","lga","Uyo","South South","Akwa Ibom","Uyo","","","0","76","47","19","16","3","0","29","28","3"
"2022/2023","Female","all","WAEC","1-year","College of Education","lga","Abak","South South","Akwa Ibom","Abak","","","0","325","213","68","57","11","0","112","145","11"
"2022/2023","Female","all","WAEC","1-year","College of Education","lga","Eket","South South","Akwa Ibom","Eket","","","0","434","295","119","104","15","0","139","176","15"
"2022/2023","Female","all","WAEC","1-year","College of Education","lga","Ikot Ekpene","South South","Akwa Ibom","Ikot Ekpene","","","0","634","413","152","135","17","0","221","261","17"
"2022/2023","Female","all","WAEC","1-year","College of Education","lga","Oron","South South","Akwa Ibom","Oron","","","0","227","148","52","50","2","0","79","96","2"
"2022/2023","Female","all","WAEC","1-year","College of Education","lga","Uyo","South South","Akwa Ibom","Uyo","","","0","396","261","83","72","11","0","135","178","11"
"2022/2023","Female","all","WAEC","1-year","Polytechnic","lga","Abak","South South","Akwa Ibom","Abak","","","0","345","213","75","68","8","0","132","138","8"
"2022/2023","Female","all","WAEC","1-year","Polytechnic","lga","Eket","South South","Akwa Ibom","Eket","","","0","566","351","126","112","14","0","215","225","14"
"2022/2023","Female","all","WAEC","1-year","Polytechnic","lga","Ikot Ekpene","South South","Akwa Ibom","Ikot Ekpene","","","0","202","141","55","48","7","0","61","86","7"
"2022/2023","Female","all","WAEC","1-year","Polytechnic","lga","Oron","South South","Akwa Ibom","Oron","","","0","292","190","64","61","4","0","102","126","4"
"2022/2023","Female","all","WAEC","1-year","Polytechnic","lga","Uyo","South South","Akwa Ibom","Uyo","","","0","362","239","88","82","7","0","123","151","7"
"2022/2023","Female","all","WAEC","1-year","University","lga","Abak","South South","Akwa Ibom","Abak","","","0","639","422","140","125","15","0","217","282","15"
"2022/2023","Female","all","WAEC","1-year","University","lga","Eket","South South","Akwa Ibom","Eket","","","0","191","125","48","44","4","0","66","77","4"
"2022/2023","Female","all","WAEC","1-year","University","lga","Ikot Ekpene","South South","Akwa Ibom","Ikot Ekpene","","","0","445","276","103","95","8","0","169","173","8"
"2022/2023","Female","all","WAEC","1-year","University","lga","Oron","South South","Akwa Ibom","Oron","","","0","737","482","179","155","24","0","255","303","24"
"2022/2023","Female","all","WAEC","1-year","University","lga","Uyo","South South","Akwa Ibom","Uyo","","","0","409","264","86","78","9","0","145","178","9"
"2022/2023","Female","all","WAEC","2-year","College of Education","lga","Abak","South South","Akwa Ibom","Abak","","","0","203","130","42","38","4","0","73","88","4"
"2022/2023","Female","all","WAEC","2-year","College of Education","lga","Eket","South South","Akwa Ibom","Eket","","","0","276","190","75","68","7","0","86","115","7"
"2022/2023","Female","all","WAEC","2-year","College of Education","lga","Ikot Ekpene","South South","Akwa Ibom","Ikot Ekpene","","","0","393","258","96","88","9","0","135","162","9"
"2022/2023","Female","all","WAEC","2-year","College of Education","lga","Oron","South South","Akwa Ibom","Oron","","","0","153","101","36","30","6","0","52","65","6"
"2022/2023","Female","all","WAEC","2-year","College of Education","lga","Uyo","South South","Akwa Ibom","Uyo","","","0","257","168","56","51","6","0","89","112","6"
"2022/2023","Female","all","WAEC","2-year","Polytechnic","lga","Abak","South South","Akwa Ibom","Abak","","","0","218","138","46","45","3","0","80","92","3"
"2022/2023","Female","all","WAEC","2-year","Polytechnic","lga","Eket","South South","Akwa Ibom","Eket","","","0","379","240","82","72","10","0","139","158","10"
"2022/2023","Female","all","WAEC","2-year","Polytechnic","lga","Ikot Ekpene","South South","Akwa Ibom","Ikot Ekpene","","","0","147","99","36","34","2","0","48","63","2"
"2022/2023","Female","all","WAEC","2-year","Polytechnic","lga","Oron","South South","Akwa Ibom","Oron","","","0","181","117","42","38","5","0","64","75","5"
"2022/2023","Female","all","WAEC","2-year","Polytechnic","lga","Uyo","South South","Akwa Ibom","Uyo","","","0","218","145","52","52","2","0","73","93","2"
"2022/2023","Female","all","WAEC","2-year","University","lga","Abak","South South","Akwa Ibom","Abak","","","0","387","256","81","71","11","0","131","175","11"
"2022/2023","Female","all","WAEC","2-year","University","lga","Eket","South South","Akwa Ibom","Eket","","","0","120","78","33","27","6","0","42","45","6"
"2022/2023","Female","all","WAEC","2-year","University","lga","Ikot Ekpene","South South","Akwa Ibom","Ikot Ekpene","","","0","288","182","71","58","13","0","106","111","13"
"2022/2023","Female","all","WAEC","2-year","University","lga","Oron","South South","Akwa Ibom","Oron","","","0","465","307","107","102","8","0","158","200","8"
"2022/2023","Female","all","WAEC","2-year","University","lga","Uyo","South South","Akwa Ibom","Uyo","","","0","252","158","55","51","6","0","94","103","6"
"2022/2023","Female","all","WAEC","3-5-year","College of Education","lga","Abak","South South","Akwa Ibom","Abak","","","0","144","93","30","31","0","0","51","63","0"
"2022/2023","Female","all","WAEC","3-5-year","College of Education","lga","Eket","South South","Akwa Ibom","Eket","","","0","182","122","49","45","4","0","60","73","4"
"2022/2023","Female","all","WAEC","3-5-year","College of Education","lga","Ikot Ekpene","South South","Akwa Ibom","Ikot Ekpene","","","0","256","169","66","51","15","0","87","103","15"
"2022/2023","Female","all","WAEC","3-5-year","College of Education","lga","Oron","South South","Akwa Ibom","Oron","","","0","89","60","23","17","6","0","29","37","6"
"2022/2023","Female","all","WAEC","3-5-year","College of Education","lga","Uyo","South South","Akwa Ibom","Uyo","","","0","160","103","37","31","6","0","57","66","6"
"2022/2023","Female","all","WAEC","3-5-year","Polytechnic","lga","Abak","South South","Akwa Ibom","Abak","","","0","151","96","37","28","9","0","55","59","9"
"2022/2023","Female","all","WAEC","3-5-year","Polytechnic","lga","Eket","South South","Akwa Ibom","Eket","","","0","231","147","53","43","10","0","84","94","10"
"2022/2023","Female","all","WAEC","3-5-year","Polytechnic","lga","Ikot Ekpene","South South","Akwa Ibom","Ikot Ekpene","","","0","86","58","23","21","2","0","28","35","2"
"2022/2023","Female","all","WAEC","3-5-year","Polytechnic","lga","Oron","South South","Akwa Ibom","Oron","","","0","129","80","30","24","6","0","49","50","6"
"2022/2023","Female","all","WAEC","3-5-year","Polytechnic","lga","Uyo","South South","Akwa Ibom","Uyo","","","0","160","103","40","33","7","0","57","63","7"
"2022/2023","Female","all","WAEC","3-5-year","University","lga","Abak","South South","Akwa Ibom","Abak","","","0","218","146","50","45","5","0","72","96","5"
"2022/2023","Female","all","WAEC","3-5-year","University","lga","Eket","South South","Akwa Ibom","Eket","","","0","80","52","20","17","3","0","28","32","3"
"2022/2023","Female","all","WAEC","3-5-year","University","lga","Ikot Ekpene","South South","Akwa Ibom","Ikot Ekpene","","","0","185","114","43","41","3","0","71","71","3"
"2022/2023","Female","all","WAEC","3-5-year","University","lga","Oron","South South","Akwa Ibom","Oron","","","0","322","205","82","69","13","0","117","123","13"
"2022/2023","Female","all","WAEC","3-5-year","University","lga","Uyo","South South","Akwa Ibom","Uyo","","","0","166","104","37","34","3","0","62","67","3"
"2022/2023","Female","all","WAEC","5+-year","College of Education","lga","Abak","South South","Akwa Ibom","Abak","","","0","71","45","17","14","4","0","26","28","4"
"2022/2023","Female","all","WAEC","5+-year","College of Education","lga","Eket","South South","Akwa Ibom","Eket","","","0","83","55","23","20","3","0","28","32","3"
"2022/2023","Female","all","WAEC","5+-year","College of Education","lga","Ikot Ekpene","South South","Akwa Ibom","Ikot Ekpene","","","0","139","89","30","31","0","0","50","59","0"
"2022/2023","Female","all","WAEC","5+-year","College of Education","lga","Oron","South South","Akwa Ibom","Oron","","","0","44","29","10","10","0","0","15","19","0"
"2022/2023","Female","all","WAEC","5+-year","College of Education","lga","Uyo","South South","Akwa Ibom","Uyo","","","0","91","60","16","16","0","0","31","44","0"
"2022/2023","Female","all","WAEC","5+-year","Polytechnic","lga","Abak","South South","Akwa Ibom","Abak","","","0","78","49","12","12","0","0","29","37","0"
"2022/2023","Female","all","WAEC","5+-year","Polytechnic","lga","Eket","South South","Akwa Ibom","Eket","","","0","132","81","26","26","0","0","51","55","0"
"2022/2023","Female","all","WAEC","5+-year","Polytechnic","lga","Ikot Ekpene","South South","Akwa Ibom","Ikot Ekpene","","","0","46","31","10","10","0","0","15","21","0"
"2022/2023","Female","all","WAEC","5+-year","Polytechnic","lga","Oron","South South","Akwa Ibom","Oron","","","0","69","42","17","13","4","0","27","25","4"
"2022/2023","Female","all","WAEC","5+-year","Polytechnic","lga","Uyo","South South","Akwa Ibom","Uyo","","","0","90","58","24","17","7","0","32","34","7"
"2022/2023","Female","all","WAEC","5+-year","University","lga","Abak","South South","Akwa Ibom","Abak","","","0","134","86","30","26","4","0","48","56","4"
"2022/2023","Female","all","WAEC","5+-year","University","lga","Eket","South South","Akwa Ibom","Eket","","","0","40","28","10","10","0","0","12","18","0"
"2022/2023","Female","all","WAEC","5+-year","University","lga","Ikot Ekpene","South South","Akwa Ibom","Ikot Ekpene","","","0","100","65","20","21","0","0","35","45","0"
"2022/2023","Female","all","WAEC","5+-year","University","lga","Oron","South South","Akwa Ibom","Oron","","","0","179","113","40","40","0","0","66","73","0"
"2022/2023","Female","all","WAEC","5+-year","University","lga","Uyo","South South","Akwa Ibom","Uyo","","","0","96","59","24","16","8","0","37","35","8"
"2022/2023","Female","disabled","NABTEB","1-year","College of Education","lga","Abak","South South","Akwa Ibom","Abak","","","0","18","9","12","12","0","0","9","0","0"
"2022/2023","Female","disabled","NABTEB","1-year","College of Education","lga","Eket","South South","Akwa Ibom","Eket","","","0","24","12","16","17","0","0","12","0","0"
"2022/2023","Female","disabled","NABTEB","1-year","College of Education","lga","Ikot Ekpene","South South","Akwa Ibom","Ikot Ekpene","","","0","39","21","24","24","0","0","18","2","0"
"2022/2023","Female","disabled","NABTEB","1-year","College of Education","lga","Oron","South South","Akwa Ibom","Oron","","","0","12","6","8","8","0","0","6","0","0"
"2022/2023","Female","disabled","NABTEB","1-year","College of Education","lga","Uyo","South South","Akwa Ibom","Uyo","","","0","24","12","16","16","0","0","12","0","0"
"2022/2023","Female","disabled","NABTEB","1-year","Polytechnic","lga","Abak","South South","Akwa Ibom","Abak","","","0","24","12","16","17","0","0","12","0","0"
"2022/2023","Female","disabled","NABTEB","1-year","Polytechnic","lga","Eket","South South","Akwa Ibom","Eket","","","0","39","21","24","26","0","0","18","2","0"
"2022/2023","Female","disabled","NABTEB","1-year","Polytechnic","lga","Ikot Ekpene","South South","Akwa Ibom","Ikot Ekpene","","","0","12","6","8","9","0","0","6","0","0"
"2022/2023","Female","disabled","NABTEB","1-year","Polytechnic","lga","Oron","South South","Akwa Ibom","Oron","","","0","18","9","12","13","0","0","9","0","0"
"2022/2023","Female","disabled","NABTEB","1-year","Polytechnic","lga","Uyo","South South","Akwa Ibom","Uyo","","","0","24","12","16","16","0","0","12","0","0"
"2022/2023","Female","disabled","NABTEB","1-year","University","lga","Abak","South South","Akwa Ibom","Abak","","","0","30","15","20","21","0","0","15","0","0"
"2022/2023","Female","disabled","NABTEB","1-year","University","lga","Eket","South South","Akwa Ibom","Eket","","","0","12","6","8","9","0","0","6","0","0"
"2022/2023","Female","disabled","NABTEB","1-year","University","lga","Ikot Ekpene","South South","Akwa Ibom","Ikot Ekpene","","","0","24","12","16","17","0","0","12","0","0"
"2022/2023","Female","disabled","NABTEB","1-year","University","lga","Oron","South South","Akwa Ibom","Oron","","","0","42","21","28","32","0","0","21","0","0"
"2022/2023","Female","disabled","NABTEB","1-year","University","lga","Uyo","South South","Akwa Ibom","Uyo","","","0","24","12","16","17","0","0","12","0","0"
"2022/2023","Female","disabled","NABTEB","2-year","College of Education","lga","Abak","South South","Akwa Ibom","Abak","","","0","9","9","0","0","0","0","0","9","0"
"2022/2023","Female","disabled","NABTEB","2-year","College of Education","lga","Eket","South South","Akwa Ibom","Eket","","","0","12","12","0","0","0","0","0","12","0"
"2022/2023","Female","disabled","NABTEB","2-year","College of Education","lga","Ikot Ekpene","South South","Akwa Ibom","Ikot Ekpene","","","0","21","18","0","0","0","0","3","18","0"
"2022/2023","Female","disabled","NABTEB","2-year","College of Education","lga","Oron","South South","Akwa Ibom","Oron","","","0","6","6","0","0","0","0","0","6","0"
"2022/2023","Female","disabled","NABTEB","2-year","College of Education","lga","Uyo","South South","Akwa Ibom","Uyo","","","0","12","12","0","0","0","0","0","12","0"
"2022/2023","Female","disabled","NABTEB","2-year","Polytechnic","lga","Abak","South South","Akwa Ibom","Abak","","","0","12","12","0","0","0","0","0","12","0"
"2022/2023","Female","disabled","NABTEB","2-year","Polytechnic","lga","Eket","South South","Akwa Ibom","Eket","","","0","21","18","0","0","0","0","3","18","0"
"2022/2023","Female","disabled","NABTEB","2-year","Polytechnic","lga","Ikot Ekpene","South South","Akwa Ibom","Ikot Ekpene","","","0","6","6","0","0","0","0","0","6","0"
"2022/2023","Female","disabled","NABTEB","2-year","Polytechnic","lga","Oron","South South","Akwa Ibom","Oron","","","0","9","9","0","0","0","0","0","9","0"
"2022/2023","Female","disabled","NABTEB","2-year","Polytechnic","lga","Uyo","South South","Akwa Ibom","Uyo","","","0","12","12","0","0","0","0","0","12","0"
"2022/2023","Female","disabled","NABTEB","2-year","University","lga","Abak","South South","Akwa Ibom","Abak","","","0","15","15","0","0","0","0","0","15","0"
"2022/2023","Female","disabled","NABTEB","2-year","University","lga","Eket","South South","Akwa Ibom","Eket","","","0","9","6","0","0","0","0","3","6","0"
"2022/2023","Female","disabled","NABTEB","2-year","University","lga","Ikot Ekpene","South South","Akwa Ibom","Ikot Ekpene","","","0","15","12","0","0","0","0","3","12","0"
"2022/2023","Female","disabled","NABTEB","2-year","University","lga","Oron","South South","Akwa Ibom","Oron","","","0","21","21","0","0","0","0","0","21","0"
"2022/2023","Female","disabled","NABTEB","2-year","University","lga","Uyo","South South","Akwa Ibom","Uyo","","","0","12","12","0","0","0","0","0","12","0"
"2022/2023","Female","disabled","NABTEB","3-5-year","College of Education","lga","Abak","South South","Akwa Ibom","Abak","","","0","9","0","0","0","0","0","9","0","0"
"2022/2023","Female","disabled","NABTEB","3-5-year","College of Education","lga","Eket","South South","Akwa Ibom","Eket","","","0","12","0","0","0","0","0","12","0","0"
"2022/2023","Female","disabled","NABTEB","3-5-year","College of Education","lga","Ikot Ekpene","South South","Akwa Ibom","Ikot Ekpene","","","0","18","6","0","0","0","0","12","6","0"
"2022/2023","Female","disabled","NABTEB","3-5-year","College of Education","lga","Oron","South South","Akwa Ibom","Oron","","","0","6","0","0","0","0","0","6","0","0"
"2022/2023","Female","disabled","NABTEB","3-5-year","College of Education","lga","Uyo","South South","Akwa Ibom","Uyo","","","0","12","0","0","0","0","0","12","0","0"
"2022/2023","Female","disabled","NABTEB","3-5-year","Polytechnic","lga","Abak","South South","Akwa Ibom","Abak","","","0","12","0","0","0","0","0","12","0","0"
"2022/2023","Female","disabled","NABTEB","3-5-year","Polytechnic","lga","Eket","South South","Akwa Ibom","Eket","","","0","18","3","0","0","0","0","15","3","0"
"2022/2023","Female","disabled","NABTEB","3-5-year","Polytechnic","lga","Ikot Ekpene","South South","Akwa Ibom","Ikot Ekpene","","","0","6","3","0","0","0","0","3","3","0"
"2022/2023","Female","disabled","NABTEB","3-5-year","Polytechnic","lga","Oron","South South","Akwa Ibom","Oron","","","0","9","0","0","0","0","0","9","0","0"
"2022/2023","Female","disabled","NABTEB","3-5-year","Polytechnic","lga","Uyo","South South","Akwa Ibom","Uyo","","","0","12","0","0","0","0","0","12","0","0"
"2022/2023","Female","disabled","NABTEB","3-5-year","University","lga","Abak","South South","Akwa Ibom","Abak","","","0","15","9","0","0","0","0","6","9","0"
"2022/2023","Female","disabled","NABTEB","3-5-year","University","lga","Eket","South South","Akwa Ibom","Eket","","","0","6","3","0","0","0","0","3","3","0"
"2022/2023","Female","disabled","NABTEB","3-5-year","University","lga","Ikot Ekpene","South South","Akwa Ibom","Ikot Ekpene","","","0","12","3","0","0","0","0","9","3","0"
"2022/2023","Female","disabled","NABTEB","3-5-year","University","lga","Oron","South South","Akwa Ibom","Oron","","","0","21","9","0","0","0","0","12","9","0"
"2022/2023","Female","disabled","NABTEB","3-5-year","University","lga","Uyo","South South","Akwa Ibom","Uyo","","","0","12","0","0","0","0","0","12","0","0"
"2022/2023","Female","disabled","NABTEB","5+-year","College of Education","lga","Abak","South South","Akwa Ibom","Abak","","","0","0","0","0","0","0","0","0","0","0"
"2022/2023","Female","disabled","NABTEB","5+-year","College of Education","lga","Eket","South South","Akwa Ibom","Eket","","","0","0","0","0","0","0","0","0","0","0"
"2022/2023","Female","disabled","NABTEB","5+-year","College of Education","lga","Ikot Ekpene","South South","Akwa Ibom","Ikot Ekpene","","","0","6","0","0","0","0","0","6","0","0"
"2022/2023","Female","disabled","NABTEB","5+-year","College of Education","lga","Oron","South South","Akwa Ibom","Oron","","","0","0","0","0","0","0","0","0","0","0"
"2022/2023","Female","disabled","NABTEB","5+-year","College of Education","lga","Uyo","South South","Akwa Ibom","Uyo","","","0","0","0","0","0","0","0","0","0","0"
"2022/2023","Female","disabled","NABTEB","5+-year","Polytechnic","lga","Abak","South South","Akwa Ibom","Abak","","","0","0","0","0","0","0","0","0","0","0"
"2022/2023","Female","disabled","NABTEB","5+-year","Polytechnic","lga","Eket","South South","Akwa Ibom","Eket","","","0","0","0","0","0","0","0","0","0","0"
"2022/2023","Female","disabled","NABTEB","5+-year","Polytechnic","lga","Ikot Ekpene","South South","Akwa Ibom","Ikot Ekpene","","","0","3","0","0","0","0","0","3","0","0"
"2022/2023","Female","disabled","NABTEB","5+-year","Polytechnic","lga","Oron","South South","Akwa Ibom","Oron","","","0","0","0","0","0","0","0","0","0","0"
"2022/2023","Female","disabled","NABTEB","5+-year","Polytechnic","lga","Uyo","South South","Akwa Ibom","Uyo","","","0","0","0","0","0","0","0","0","0","0"
"2022/2023","Female","disabled","NABTEB","5+-year","University","lga","Abak","South South","Akwa Ibom","Abak","","","0","9","0","0","0","0","0","9","0","0"
"2022/2023","Female","disabled","NABTEB","5+-year","University","lga","Eket","South South","Akwa Ibom","Eket","","","0","0","0","0","0","0","0","0","0","0"
"2022/2023","Female","disabled","NABTEB","5+-year","University","lga","Ikot Ekpene","South South","Akwa Ibom","Ikot Ekpene","","","0","0","0","0","0","0","0","0","0","0"
"2022/2023","Female","disabled","NABTEB","5+-year","University","lga","Oron","South South","Akwa Ibom","Oron","","","0","9","0","0","0","0","0","9","0","0"
"2022/2023","Female","disabled","NABTEB","5+-year","University","lga","Uyo","South South","Akwa Ibom","Uyo","","","0","0","0","0","0","0","0","0","0","0"
"2022/2023","Female","disabled","NECO","1-year","College of Education","lga","Abak","South South","Akwa Ibom","Abak","","","0","21","11","12","12","0","0","10","1","0"
"2022/2023","Female","disabled","NECO","1-year","College of Education","lga","Eket","South South","Akwa Ibom","Eket","","","0","31","18","16","16","0","0","13","4","0"
"2022/2023","Female","disabled","NECO","1-year","College of Education","lga","Ikot Ekpene","South South","Akwa Ibom","Ikot Ekpene","","","0","56","34","24","24","0","0","22","12","0"
"2022/2023","Female","disabled","NECO","1-year","College of Education","lga","Oron","South South","Akwa Ibom","Oron","","","0","20","11","8","8","0","0","9","3","0"
"2022/2023","Female","disabled","NECO","1-year","College of Education","lga","Uyo","South South","Akwa Ibom","Uyo","","","0","31","18","16","16","0","0","13","4","0"
"2022/2023","Female","disabled","NECO","1-year","Polytechnic","lga","Abak","South South","Akwa Ibom","Abak","","","0","28","15","16","16","0","0","13","2","0"
"2022/2023","Female","disabled","NECO","1-year","Polytechnic","lga","Eket","South South","Akwa Ibom","Eket","","","0","53","29","24","24","0","0","24","8","0"
"2022/2023","Female","disabled","NECO","1-year","Polytechnic","lga","Ikot Ekpene","South South","Akwa Ibom","Ikot Ekpene","","","0","22","11","8","8","0","0","11","4","0"
"2022/2023","Female","disabled","NECO","1-year","Polytechnic","lga","Oron","South South","Akwa Ibom","Oron","","","0","21","12","12","12","0","0","9","2","0"
"2022/2023","Female","disabled","NECO","1-year","Polytechnic","lga","Uyo","South South","Akwa Ibom","Uyo","","","0","27","18","16","16","0","0","9","4","0"
"2022/2023","Female","disabled","NECO","1-year","University","lga","Abak","South South","Akwa Ibom","Abak","","","0","51","28","20","20","0","0","23","9","0"
"2022/2023","Female","disabled","NECO","1-year","University","lga","Eket","South South","Akwa Ibom","Eket","","","0","19","11","8","8","0","0","8","4","0"
"2022/2023","Female","disabled","NECO","1-year","University","lga","Ikot Ekpene","South South","Akwa Ibom","Ikot Ekpene","","","0","41","24","16","16","0","0","17","8","0"
"2022/2023","Female","disabled","NECO","1-year","University","lga","Oron","South South","Akwa Ibom","Oron","","","0","68","40","28","28","0","0","28","14","0"
"2022/2023","Female","disabled","NECO","1-year","University","lga","Uyo","South South","Akwa Ibom","Uyo","","","0","30","21","16","16","0","0","9","6","0"
"2022/2023","Female","disabled","NECO","2-year","College of Education","lga","Abak","South South","Akwa Ibom","Abak","","","0","12","9","0","0","0","0","3","9","0"
"2022/2023","Female","disabled","NECO","2-year","College of Education","lga","Eket","South South","Akwa Ibom","Eket","","","0","18","12","0","0","0","0","6","12","0"
"2022/2023","Female","disabled","NECO","2-year","College of Education","lga","Ikot Ekpene","South South","Akwa Ibom","Ikot Ekpene","","","0","33","24","8","8","0","0","9","16","0"
"2022/2023","Female","disabled","NECO","2-year","College of Education","lga","Oron","South South","Akwa Ibom","Oron","","","0","12","6","0","0","0","0","6","6","0"
"2022/2023","Female","disabled","NECO","2-year","College of Education","lga","Uyo","South South","Akwa Ibom","Uyo","","","0","18","12","0","0","0","0","6","12","0"
"2022/2023","Female","disabled","NECO","2-year","Polytechnic","lga","Abak","South South","Akwa Ibom","Abak","","","0","12","12","0","0","0","0","0","12","0"
"2022/2023","Female","disabled","NECO","2-year","Polytechnic","lga","Eket","South South","Akwa Ibom","Eket","","","0","28","21","4","4","0","0","7","17","0"
"2022/2023","Female","disabled","NECO","2-year","Polytechnic","lga","Ikot Ekpene","South South","Akwa Ibom","Ikot Ekpene","","","0","13","9","4","4","0","0","4","5","0"
"2022/2023","Female","disabled","NECO","2-year","Polytechnic","lga","Oron","South South","Akwa Ibom","Oron","","","0","12","9","0","0","0","0","3","9","0"
"2022/2023","Female","disabled","NECO","2-year","Polytechnic","lga","Uyo","South South","Akwa Ibom","Uyo","","","0","15","12","0","0","0","0","3","12","0"
"2022/2023","Female","disabled","NECO","2-year","University","lga","Abak","South South","Akwa Ibom","Abak","","","0","38","26","4","4","0","0","12","22","0"
"2022/2023","Female","disabled","NECO","2-year","University","lga","Eket","South South","Akwa Ibom","Eket","","","0","9","9","0","0","0","0","0","9","0"
"2022/2023","Female","disabled","NECO","2-year","University","lga","Ikot Ekpene","South South","Akwa Ibom","Ikot Ekpene","","","0","24","15","0","0","0","0","9","15","0"
"2022/2023","Female","disabled","NECO","2-year","University","lga","Oron","South South","Akwa Ibom","Oron","","","0","40","27","4","4","0","0","13","23","0"
"2022/2023","Female","disabled","NECO","2-year","University","lga","Uyo","South South","Akwa Ibom","Uyo","","","0","21","12","0","0","0","0","9","12","0"
"2022/2023","Female","disabled","NECO","3-5-year","College of Education","lga","Abak","South South","Akwa Ibom","Abak","","","0","9","9","0","0","0","0","0","9","0"
"2022/2023","Female","disabled","NECO","3-5-year","College of Education","lga","Eket","South South","Akwa Ibom","Eket","","","0","12","12","0","0","0","0","0","12","0"
"2022/2023","Female","disabled","NECO","3-5-year","College of Education","lga","Ikot Ekpene","South South","Akwa Ibom","Ikot Ekpene","","","0","24","18","0","0","0","0","6","18","0"
"2022/2023","Female","disabled","NECO","3-5-year","College of Education","lga","Oron","South South","Akwa Ibom","Oron","","","0","6","6","0","0","0","0","0","6","0"
"2022/2023","Female","disabled","NECO","3-5-year","College of Education","lga","Uyo","South South","Akwa Ibom","Uyo","","","0","12","9","0","0","0","0","3","9","0"
"2022/2023","Female","disabled","NECO","3-5-year","Polytechnic","lga","Abak","South South","Akwa Ibom","Abak","","","0","12","12","0","0","0","0","0","12","0"
"2022/2023","Female","disabled","NECO","3-5-year","Polytechnic","lga","Eket","South South","Akwa Ibom","Eket","","","0","21","18","0","0","0","0","3","18","0"
"2022/2023","Female","disabled","NECO","3-5-year","Polytechnic","lga","Ikot Ekpene","South South","Akwa Ibom","Ikot Ekpene","","","0","6","6","0","0","0","0","0","6","0"
"2022/2023","Female","disabled","NECO","3-5-year","Polytechnic","lga","Oron","South South","Akwa Ibom","Oron","","","0","9","9","0","0","0","0","0","9","0"
"2022/2023","Female","disabled","NECO","3-5-year","Polytechnic","lga","Uyo","South South","Akwa Ibom","Uyo","","","0","12","12","0","0","0","0","0","12","0"
"2022/2023","Female","disabled","NECO","3-5-year","University","lga","Abak","South South","Akwa Ibom","Abak","","","0","18","15","0","0","0","0","3","15","0"
"2022/2023","Female","disabled","NECO","3-5-year","University","lga","Eket","South South","Akwa Ibom","Eket","","","0","6","6","0","0","0","0","0","6","0"
"2022/2023","Female","disabled","NECO","3-5-year","University","lga","Ikot Ekpene","South South","Akwa Ibom","Ikot Ekpene","","","0","15","12","0","0","0","0","3","12","0"
"2022/2023","Female","disabled","NECO","3-5-year","University","lga","Oron","South South","Akwa Ibom","Oron","","","0","24","21","0","0","0","0","3","21","0"
"2022/2023","Female","disabled","NECO","3-5-year","University","lga","Uyo","South South","Akwa Ibom","Uyo","","","0","12","12","0","0","0","0","0","12","0"
"2022/2023","Female","disabled","NECO","5+-year","College of Education","lga","Abak","South South","Akwa Ibom","Abak","","","0","6","0","0","0","0","0","6","0","0"
"2022/2023","Female","disabled","NECO","5+-year","College of Education","lga","Eket","South South","Akwa Ibom","Eket","","","0","9","3","0","0","0","0","6","3","0"
"2022/2023","Female","disabled","NECO","5+-year","College of Education","lga","Ikot Ekpene","South South","Akwa Ibom","Ikot Ekpene","","","0","15","9","0","0","0","0","6","9","0"
"2022/2023","Female","disabled","NECO","5+-year","College of Education","lga","Oron","South South","Akwa Ibom","Oron","","","0","6","6","0","0","0","0","0","6","0"
"2022/2023","Female","disabled","NECO","5+-year","College of Education","lga","Uyo","South South","Akwa Ibom","Uyo","","","0","3","0","0","0","0","0","3","0","0"
"2022/2023","Female","disabled","NECO","5+-year","Polytechnic","lga","Abak","South South","Akwa Ibom","Abak","","","0","9","0","0","0","0","0","9","0","0"
"2022/2023","Female","disabled","NECO","5+-year","Polytechnic","lga","Eket","South South","Akwa Ibom","Eket","","","0","6","3","0","0","0","0","3","3","0"
"2022/2023","Female","disabled","NECO","5+-year","Polytechnic","lga","Ikot Ekpene","South South","Akwa Ibom","Ikot Ekpene","","","0","3","3","0","0","0","0","0","3","0"
"2022/2023","Female","disabled","NECO","5+-year","Polytechnic","lga","Oron","South South","Akwa Ibom","Oron","","","0","6","0","0","0","0","0","6","0","0"
"2022/2023","Female","disabled","NECO","5+-year","Polytechnic","lga","Uyo","South South","Akwa Ibom","Uyo","","","0","9","3","0","0","0","0","6","3","0"
"2022/2023","Female","disabled","NECO","5+-year","University","lga","Abak","South South","Akwa Ibom","Abak","","","0","12","6","0","0","0","0","6","6","0"
"2022/2023","Female","disabled","NECO","5+-year","University","lga","Eket","South South","Akwa Ibom","Eket","","","0","3","0","0","0","0","0","3","0","0"
"2022/2023","Female","disabled","NECO","5+-year","University","lga","Ikot Ekpene","South South","Akwa Ibom","Ikot Ekpene","","","0","12","6","0","0","0","0","6","6","0"
"2022/2023","Female","disabled","NECO","5+-year","University","lga","Oron","South South","Akwa Ibom","Oron","","","0","18","12","0","0","0","0","6","12","0"
"2022/2023","Female","disabled","NECO","5+-year","University","lga","Uyo","South South","Akwa Ibom","Uyo","","","0","9","6","0","0","0","0","3","6","0"
"2022/2023","Female","disabled","WAEC","1-year","College of Education","lga","Abak","South South","Akwa Ibom","Abak","","","0","30","16","9","10","0","0","14","7","0"
"2022/2023","Female","disabled","WAEC","1-year","College of Education","lga","Eket","South South","Akwa Ibom","Eket","","","0","45","28","12","12","0","0","17","16","0"
"2022/2023","Female","disabled","WAEC","1-year","College of Education","lga","Ikot Ekpene","South South","Akwa Ibom","Ikot Ekpene","","","0","74","44","18","19","0","0","30","26","0"
"2022/2023","Female","disabled","WAEC","1-year","College of Education","lga","Oron","South South","Akwa Ibom","Oron","","","0","24","16","6","6","0","0","8","10","0"
"2022/2023","Female","disabled","WAEC","1-year","College of Education","lga","Uyo","South South","Akwa Ibom","Uyo","","","0","42","26","12","12","0","0","16","14","0"
"2022/2023","Female","disabled","WAEC","1-year","Polytechnic","lga","Abak","South South","Akwa Ibom","Abak","","","0","39","21","12","12","0","0","18","9","0"
"2022/2023","Female","disabled","WAEC","1-year","Polytechnic","lga","Eket","South South","Akwa Ibom","Eket","","","0","64","39","18","18","0","0","25","21","0"
"2022/2023","Female","disabled","WAEC","1-year","Polytechnic","lga","Ikot Ekpene","South South","Akwa Ibom","Ikot Ekpene","","","0","21","13","6","6","0","0","8","7","0"
"2022/2023","Female","disabled","WAEC","1-year","Polytechnic","lga","Oron","South South","Akwa Ibom","Oron","","","0","27","18","9","9","0","0","9","9","0"
"2022/2023","Female","disabled","WAEC","1-year","Polytechnic","lga","Uyo","South South","Akwa Ibom","Uyo","","","0","36","23","12","13","0","0","13","11","0"
"2022/2023","Female","disabled","WAEC","1-year","University","lga","Abak","South South","Akwa Ibom","Abak","","","0","63","43","15","15","0","0","20","28","0"
"2022/2023","Female","disabled","WAEC","1-year","University","lga","Eket","South South","Akwa Ibom","Eket","","","0","21","13","6","6","0","0","8","7","0"
"2022/2023","Female","disabled","WAEC","1-year","University","lga","Ikot Ekpene","South South","Akwa Ibom","Ikot Ekpene","","","0","52","28","12","13","0","0","24","16","0"
"2022/2023","Female","disabled","WAEC","1-year","University","lga","Oron","South South","Akwa Ibom","Oron","","","0","81","50","21","22","0","0","31","29","0"
"2022/2023","Female","disabled","WAEC","1-year","University","lga","Uyo","South South","Akwa Ibom","Uyo","","","0","42","29","12","12","0","0","13","17","0"
"2022/2023","Female","disabled","WAEC","2-year","College of Education","lga","Abak","South South","Akwa Ibom","Abak","","","0","15","13","0","0","0","0","2","13","0"
"2022/2023","Female","disabled","WAEC","2-year","College of Education","lga","Eket","South South","Akwa Ibom","Eket","","","0","27","16","6","6","0","0","11","10","0"
"2022/2023","Female","disabled","WAEC","2-year","College of Education","lga","Ikot Ekpene","South South","Akwa Ibom","Ikot Ekpene","","","0","45","32","6","6","0","0","13","26","0"
"2022/2023","Female","disabled","WAEC","2-year","College of Education","lga","Oron","South South","Akwa Ibom","Oron","","","0","15","10","3","3","0","0","5","7","0"
"2022/2023","Female","disabled","WAEC","2-year","College of Education","lga","Uyo","South South","Akwa Ibom","Uyo","","","0","24","17","3","3","0","0","7","14","0"
"2022/2023","Female","disabled","WAEC","2-year","Polytechnic","lga","Abak","South South","Akwa Ibom","Abak","","","0","21","16","0","0","0","0","5","16","0"
"2022/2023","Female","disabled","WAEC","2-year","Polytechnic","lga","Eket","South South","Akwa Ibom","Eket","","","0","42","27","6","6","0","0","15","21","0"
"2022/2023","Female","disabled","WAEC","2-year","Polytechnic","lga","Ikot Ekpene","South South","Akwa Ibom","Ikot Ekpene","","","0","12","8","3","3","0","0","4","5","0"
"2022/2023","Female","disabled","WAEC","2-year","Polytechnic","lga","Oron","South South","Akwa Ibom","Oron","","","0","18","11","0","0","0","0","7","11","0"
"2022/2023","Female","disabled","WAEC","2-year","Polytechnic","lga","Uyo","South South","Akwa Ibom","Uyo","","","0","24","13","0","0","0","0","11","13","0"
"2022/2023","Female","disabled","WAEC","2-year","University","lga","Abak","South South","Akwa Ibom","Abak","","","0","48","29","9","9","0","0","19","20","0"
"2022/2023","Female","disabled","WAEC","2-year","University","lga","Eket","South South","Akwa Ibom","Eket","","","0","12","8","3","3","0","0","4","5","0"
"2022/2023","Female","disabled","WAEC","2-year","University","lga","Ikot Ekpene","South South","Akwa Ibom","Ikot Ekpene","","","0","33","19","6","6","0","0","14","13","0"
"2022/2023","Female","disabled","WAEC","2-year","University","lga","Oron","South South","Akwa Ibom","Oron","","","0","51","31","12","12","0","0","20","19","0"
"2022/2023","Female","disabled","WAEC","2-year","University","lga","Uyo","South South","Akwa Ibom","Uyo","","","0","24","17","3","3","0","0","7","14","0"
"2022/2023","Female","disabled","WAEC","3-5-year","College of Education","lga","Abak","South South","Akwa Ibom","Abak","","","0","12","9","0","0","0","0","3","9","0"
"2022/2023","Female","disabled","WAEC","3-5-year","College of Education","lga","Eket","South South","Akwa Ibom","Eket","","","0","15","12","0","0","0","0","3","12","0"
"2022/2023","Female","disabled","WAEC","3-5-year","College of Education","lga","Ikot Ekpene","South South","Akwa Ibom","Ikot Ekpene","","","0","30","21","0","0","0","0","9","21","0"
"2022/2023","Female","disabled","WAEC","3-5-year","College of Education","lga","Oron","South South","Akwa Ibom","Oron","","","0","9","6","0","0","0","0","3","6","0"
"2022/2023","Female","disabled","WAEC","3-5-year","College of Education","lga","Uyo","South South","Akwa Ibom","Uyo","","","0","15","10","0","0","0","0","5","10","0"
"2022/2023","Female","disabled","WAEC","3-5-year","Polytechnic","lga","Abak","South South","Akwa Ibom","Abak","","","0","12","12","0","0","0","0","0","12","0"
"2022/2023","Female","disabled","WAEC","3-5-year","Polytechnic","lga","Eket","South South","Akwa Ibom","Eket","","","0","30","20","0","0","0","0","10","20","0"
"2022/2023","Female","disabled","WAEC","3-5-year","Polytechnic","lga","Ikot Ekpene","South South","Akwa Ibom","Ikot Ekpene","","","0","9","8","0","0","0","0","1","8","0"
"2022/2023","Female","disabled","WAEC","3-5-year","Polytechnic","lga","Oron","South South","Akwa Ibom","Oron","","","0","9","9","0","0","0","0","0","9","0"
"2022/2023","Female","disabled","WAEC","3-5-year","Polytechnic","lga","Uyo","South South","Akwa Ibom","Uyo","","","0","12","11","0","0","0","0","1","11","0"
"2022/2023","Female","disabled","WAEC","3-5-year","University","lga","Abak","South South","Akwa Ibom","Abak","","","0","27","16","0","0","0","0","11","16","0"
"2022/2023","Female","disabled","WAEC","3-5-year","University","lga","Eket","South South","Akwa Ibom","Eket","","","0","9","8","0","0","0","0","1","8","0"
"2022/2023","Female","disabled","WAEC","3-5-year","University","lga","Ikot Ekpene","South South","Akwa Ibom","Ikot Ekpene","","","0","15","12","0","0","0","0","3","12","0"
"2022/2023","Female","disabled","WAEC","3-5-year","University","lga","Oron","South South","Akwa Ibom","Oron","","","0","33","23","0","0","0","0","10","23","0"
"2022/2023","Female","disabled","WAEC","3-5-year","University","lga","Uyo","South South","Akwa Ibom","Uyo","","","0","18","9","0","0","0","0","9","9","0"
"2022/2023","Female","disabled","WAEC","5+-year","College of Education","lga","Abak","South South","Akwa Ibom","Abak","","","0","9","3","0","0","0","0","6","3","0"
"2022/2023","Female","disabled","WAEC","5+-year","College of Education","lga","Eket","South South","Akwa Ibom","Eket","","","0","9","6","0","0","0","0","3","6","0"
"2022/2023","Female","disabled","WAEC","5+-year","College of Education","lga","Ikot Ekpene","South South","Akwa Ibom","Ikot Ekpene","","","0","12","6","0","0","0","0","6","6","0"
"2022/2023","Female","disabled","WAEC","5+-year","College of Education","lga","Oron","South South","Akwa Ibom","Oron","","","0","6","3","0","0","0","0","3","3","0"
"2022/2023","Female","disabled","WAEC","5+-year","College of Education","lga","Uyo","South South","Akwa Ibom","Uyo","","","0","9","3","0","0","0","0","6","3","0"
"2022/2023","Female","disabled","WAEC","5+-year","Polytechnic","lga","Abak","South South","Akwa Ibom","Abak","","","0","12","3","0","0","0","0","9","3","0"
"2022/2023","Female","disabled","WAEC","5+-year","Polytechnic","lga","Eket","South South","Akwa Ibom","Eket","","","0","18","9","0","0","0","0","9","9","0"
"2022/2023","Female","disabled","WAEC","5+-year","Polytechnic","lga","Ikot Ekpene","South South","Akwa Ibom","Ikot Ekpene","","","0","6","3","0","0","0","0","3","3","0"
"2022/2023","Female","disabled","WAEC","5+-year","Polytechnic","lga","Oron","South South","Akwa Ibom","Oron","","","0","6","0","0","0","0","0","6","0","0"
"2022/2023","Female","disabled","WAEC","5+-year","Polytechnic","lga","Uyo","South South","Akwa Ibom","Uyo","","","0","9","6","0","0","0","0","3","6","0"
"2022/2023","Female","disabled","WAEC","5+-year","University","lga","Abak","South South","Akwa Ibom","Abak","","","0","18","12","0","0","0","0","6","12","0"
"2022/2023","Female","disabled","WAEC","5+-year","University","lga","Eket","South South","Akwa Ibom","Eket","","","0","6","3","0","0","0","0","3","3","0"
"2022/2023","Female","disabled","WAEC","5+-year","University","lga","Ikot Ekpene","South South","Akwa Ibom","Ikot Ekpene","","","0","12","12","0","0","0","0","0","12","0"
"2022/2023","Female","disabled","WAEC","5+-year","University","lga","Oron","South South","Akwa Ibom","Oron","","","0","18","15","0","0","0","0","3","15","0"
"2022/2023","Female","disabled","WAEC","5+-year","University","lga","Uyo","South South","Akwa Ibom","Uyo","","","0","12","5","0","0","0","0","7","5","0"
"2022/2023","Male","all","NABTEB","1-year","College of Education","lga","Abak","South South","Akwa Ibom","Abak","","","0","145","89","26","22","5","0","56","63","5"
"2022/2023","Male","all","NABTEB","1-year","College of Education","lga","Eket","South South","Akwa Ibom","Eket","","","0","177","120","47","35","12","0","57","73","12"
"2022/2023","Male","all","NABTEB","1-year","College of Education","lga","Ikot Ekpene","South South","Akwa Ibom","Ikot Ekpene","","","0","272","178","61","47","14","0","94","117","14"
"2022/2023","Male","all","NABTEB","1-year","College of Education","lga","Oron","South South","Akwa Ibom","Oron","","","0","104","70","22","18","4","0","34","48","4"
"2022/2023","Male","all","NABTEB","1-year","College of Education","lga","Uyo","South South","Akwa Ibom","Uyo","","","0","171","112","39","31","9","0","59","73","9"
"2022/2023","Male","all","NABTEB","1-year","Polytechnic","lga","Abak","South South","Akwa Ibom","Abak","","","0","148","94","34","36","0","0","54","60","0"
"2022/2023","Male","all","NABTEB","1-year","Polytechnic","lga","Eket","South South","Akwa Ibom","Eket","","","0","264","176","61","53","8","0","88","115","8"
"2022/2023","Male","all","NABTEB","1-year","Polytechnic","lga","Ikot Ekpene","South South","Akwa Ibom","Ikot Ekpene","","","0","93","64","25","27","0","0","29","39","0"
"2022/2023","Male","all","NABTEB","1-year","Polytechnic","lga","Oron","South South","Akwa Ibom","Oron","","","0","139","89","31","23","8","0","50","58","8"
"2022/2023","Male","all","NABTEB","1-year","Polytechnic","lga","Uyo","South South","Akwa Ibom","Uyo","","","0","156","106","39","36","4","0","50","67","4"
"2022/2023","Male","all","NABTEB","1-year","University","lga","Abak","South South","Akwa Ibom","Abak","","","0","270","172","59","49","12","0","98","113","12"
"2022/2023","Male","all","NABTEB","1-year","University","lga","Eket","South South","Akwa Ibom","Eket","","","0","78","54","22","18","4","0","24","32","4"
"2022/2023","Male","all","NABTEB","1-year","University","lga","Ikot Ekpene","South South","Akwa Ibom","Ikot Ekpene","","","0","210","133","44","44","0","0","77","89","0"
"2022/2023","Male","all","NABTEB","1-year","University","lga","Oron","South South","Akwa Ibom","Oron","","","0","319","210","75","71","4","0","109","135","4"
"2022/2023","Male","all","NABTEB","1-year","University","lga","Uyo","South South","Akwa Ibom","Uyo","","","0","165","111","33","36","0","0","54","78","0"
"2022/2023","Male","all","NABTEB","2-year","College of Education","lga","Abak","South South","Akwa Ibom","Abak","","","0","93","54","16","13","3","0","39","38","3"
"2022/2023","Male","all","NABTEB","2-year","College of Education","lga","Eket","South South","Akwa Ibom","Eket","","","0","113","73","29","27","4","0","40","44","4"
"2022/2023","Male","all","NABTEB","2-year","College of Education","lga","Ikot Ekpene","South South","Akwa Ibom","Ikot Ekpene","","","0","179","118","38","39","0","0","61","80","0"
"2022/2023","Male","all","NABTEB","2-year","College of Education","lga","Oron","South South","Akwa Ibom","Oron","","","0","67","44","12","13","0","0","23","32","0"
"2022/2023","Male","all","NABTEB","2-year","College of Education","lga","Uyo","South South","Akwa Ibom","Uyo","","","0","116","70","26","22","5","0","46","44","5"
"2022/2023","Male","all","NABTEB","2-year","Polytechnic","lga","Abak","South South","Akwa Ibom","Abak","","","0","101","67","16","17","0","0","34","51","0"
"2022/2023","Male","all","NABTEB","2-year","Polytechnic","lga","Eket","South South","Akwa Ibom","Eket","","","0","170","112","32","36","0","0","58","80","0"
"2022/2023","Male","all","NABTEB","2-year","Polytechnic","lga","Ikot Ekpene","South South","Akwa Ibom","Ikot Ekpene","","","0","63","45","17","13","4","0","18","28","4"
"2022/2023","Male","all","NABTEB","2-year","Polytechnic","lga","Oron","South South","Akwa Ibom","Oron","","","0","84","54","17","13","5","0","30","37","5"
"2022/2023","Male","all","NABTEB","2-year","Polytechnic","lga","Uyo","South South","Akwa Ibom","Uyo","","","0","98","67","24","21","4","0","31","43","4"
"2022/2023","Male","all","NABTEB","2-year","University","lga","Abak","South South","Akwa Ibom","Abak","","","0","177","111","42","35","9","0","66","69","9"
"2022/2023","Male","all","NABTEB","2-year","University","lga","Eket","South South","Akwa Ibom","Eket","","","0","52","35","12","14","0","0","17","23","0"
"2022/2023","Male","all","NABTEB","2-year","University","lga","Ikot Ekpene","South South","Akwa Ibom","Ikot Ekpene","","","0","128","82","26","21","5","0","46","56","5"
"2022/2023","Male","all","NABTEB","2-year","University","lga","Oron","South South","Akwa Ibom","Oron","","","0","199","128","41","42","5","0","71","87","5"
"2022/2023","Male","all","NABTEB","2-year","University","lga","Uyo","South South","Akwa Ibom","Uyo","","","0","110","73","25","17","8","0","37","48","8"
"2022/2023","Male","all","NABTEB","3-5-year","College of Education","lga","Abak","South South","Akwa Ibom","Abak","","","0","58","35","12","12","0","0","23","23","0"
"2022/2023","Male","all","NABTEB","3-5-year","College of Education","lga","Eket","South South","Akwa Ibom","Eket","","","0","68","49","16","17","0","0","19","33","0"
"2022/2023","Male","all","NABTEB","3-5-year","College of Education","lga","Ikot Ekpene","South South","Akwa Ibom","Ikot Ekpene","","","0","118","76","29","24","5","0","42","47","5"
"2022/2023","Male","all","NABTEB","3-5-year","College of Education","lga","Oron","South South","Akwa Ibom","Oron","","","0","49","32","8","8","0","0","17","24","0"
"2022/2023","Male","all","NABTEB","3-5-year","College of Education","lga","Uyo","South South","Akwa Ibom","Uyo","","","0","68","49","16","17","0","0","19","33","0"
"2022/2023","Male","all","NABTEB","3-5-year","Polytechnic","lga","Abak","South South","Akwa Ibom","Abak","","","0","62","43","16","17","0","0","19","27","0"
"2022/2023","Male","all","NABTEB","3-5-year","Polytechnic","lga","Eket","South South","Akwa Ibom","Eket","","","0","101","74","24","26","0","0","27","50","0"
"2022/2023","Male","all","NABTEB","3-5-year","Polytechnic","lga","Ikot Ekpene","South South","Akwa Ibom","Ikot Ekpene","","","0","34","22","8","9","0","0","12","14","0"
"2022/2023","Male","all","NABTEB","3-5-year","Polytechnic","lga","Oron","South South","Akwa Ibom","Oron","","","0","51","33","12","13","0","0","18","21","0"
"2022/2023","Male","all","NABTEB","3-5-year","Polytechnic","lga","Uyo","South South","Akwa Ibom","Uyo","","","0","59","39","16","16","0","0","20","23","0"
"2022/2023","Male","all","NABTEB","3-5-year","University","lga","Abak","South South","Akwa Ibom","Abak","","","0","115","71","20","22","0","0","44","51","0"
"2022/2023","Male","all","NABTEB","3-5-year","University","lga","Eket","South South","Akwa Ibom","Eket","","","0","32","23","8","9","0","0","9","15","0"
"2022/2023","Male","all","NABTEB","3-5-year","University","lga","Ikot Ekpene","South South","Akwa Ibom","Ikot Ekpene","","","0","74","49","16","17","0","0","25","33","0"
"2022/2023","Male","all","NABTEB","3-5-year","University","lga","Oron","South South","Akwa Ibom","Oron","","","0","129","89","33","32","5","0","40","56","5"
"2022/2023","Male","all","NABTEB","3-5-year","University","lga","Uyo","South South","Akwa Ibom","Uyo","","","0","68","43","16","17","0","0","25","27","0"
"2022/2023","Male","all","NABTEB","5+-year","College of Education","lga","Abak","South South","Akwa Ibom","Abak","","","0","37","26","8","4","4","0","11","18","4"
"2022/2023","Male","all","NABTEB","5+-year","College of Education","lga","Eket","South South","Akwa Ibom","Eket","","","0","39","25","8","8","0","0","14","17","0"
"2022/2023","Male","all","NABTEB","5+-year","College of Education","lga","Ikot Ekpene","South South","Akwa Ibom","Ikot Ekpene","","","0","57","45","12","8","4","0","12","33","4"
"2022/2023","Male","all","NABTEB","5+-year","College of Education","lga","Oron","South South","Akwa Ibom","Oron","","","0","24","16","8","4","4","0","8","8","4"
"2022/2023","Male","all","NABTEB","5+-year","College of Education","lga","Uyo","South South","Akwa Ibom","Uyo","","","0","41","25","8","4","4","0","16","17","4"
"2022/2023","Male","all","NABTEB","5+-year","Polytechnic","lga","Abak","South South","Akwa Ibom","Abak","","","0","36","21","8","0","8","0","15","13","8"
"2022/2023","Male","all","NABTEB","5+-year","Polytechnic","lga","Eket","South South","Akwa Ibom","Eket","","","0","61","34","12","4","8","0","27","22","8"
"2022/2023","Male","all","NABTEB","5+-year","Polytechnic","lga","Ikot Ekpene","South South","Akwa Ibom","Ikot Ekpene","","","0","23","16","4","5","0","0","7","12","0"
"2022/2023","Male","all","NABTEB","5+-year","Polytechnic","lga","Oron","South South","Akwa Ibom","Oron","","","0","29","19","4","4","0","0","10","15","0"
"2022/2023","Male","all","NABTEB","5+-year","Polytechnic","lga","Uyo","South South","Akwa Ibom","Uyo","","","0","33","21","4","0","4","0","12","17","4"
"2022/2023","Male","all","NABTEB","5+-year","University","lga","Abak","South South","Akwa Ibom","Abak","","","0","48","34","4","4","0","0","14","30","0"
"2022/2023","Male","all","NABTEB","5+-year","University","lga","Eket","South South","Akwa Ibom","Eket","","","0","15","9","0","0","0","0","6","9","0"
"2022/2023","Male","all","NABTEB","5+-year","University","lga","Ikot Ekpene","South South","Akwa Ibom","Ikot Ekpene","","","0","49","35","12","4","8","0","14","23","8"
"2022/2023","Male","all","NABTEB","5+-year","University","lga","Oron","South South","Akwa Ibom","Oron","","","0","90","57","24","12","12","0","33","33","12"
"2022/2023","Male","all","NABTEB","5+-year","University","lga","Uyo","South South","Akwa Ibom","Uyo","","","0","44","28","8","5","4","0","16","20","4"
"2022/2023","Male","all","NECO","1-year","College of Education","lga","Abak","South South","Akwa Ibom","Abak","","","0","277","167","48","46","3","0","110","119","3"
"2022/2023","Male","all","NECO","1-year","College of Education","lga","Eket","South South","Akwa Ibom","Eket","","","0","351","226","81","73","9","0","125","145","9"
"2022/2023","Male","all","NECO","1-year","College of Education","lga","Ikot Ekpene","South South","Akwa Ibom","Ikot Ekpene","","","0","527","340","115","104","12","0","187","225","12"
"2022/2023","Male","all","NECO","1-year","College of Education","lga","Oron","South South","Akwa Ibom","Oron","","","0","198","127","40","34","6","0","71","87","6"
"2022/2023","Male","all","NECO","1-year","College of Education","lga","Uyo","South South","Akwa Ibom","Uyo","","","0","294","190","55","50","6","0","104","135","6"
"2022/2023","Male","all","NECO","1-year","Polytechnic","lga","Abak","South South","Akwa Ibom","Abak","","","0","298","189","60","54","6","0","109","129","6"
"2022/2023","Male","all","NECO","1-year","Polytechnic","lga","Eket","South South","Akwa Ibom","Eket","","","0","449","283","96","82","16","0","166","187","16"
"2022/2023","Male","all","NECO","1-year","Polytechnic","lga","Ikot Ekpene","South South","Akwa Ibom","Ikot Ekpene","","","0","189","122","41","38","3","0","67","81","3"
"2022/2023","Male","all","NECO","1-year","Polytechnic","lga","Oron","South South","Akwa Ibom","Oron","","","0","238","159","52","49","3","0","79","107","3"
"2022/2023","Male","all","NECO","1-year","Polytechnic","lga","Uyo","South South","Akwa Ibom","Uyo","","","0","283","176","59","50","9","0","107","117","9"
"2022/2023","Male","all","NECO","1-year","University","lga","Abak","South South","Akwa Ibom","Abak","","","0","505","316","96","86","11","0","189","220","11"
"2022/2023","Male","all","NECO","1-year","University","lga","Eket","South South","Akwa Ibom","Eket","","","0","142","97","34","30","4","0","45","63","4"
"2022/2023","Male","all","NECO","1-year","University","lga","Ikot Ekpene","South South","Akwa Ibom","Ikot Ekpene","","","0","398","264","89","76","13","0","134","175","13"
"2022/2023","Male","all","NECO","1-year","University","lga","Oron","South South","Akwa Ibom","Oron","","","0","637","422","140","122","19","0","215","282","19"
"2022/2023","Male","all","NECO","1-year","University","lga","Uyo","South South","Akwa Ibom","Uyo","","","0","314","209","66","58","9","0","105","143","9"
"2022/2023","Male","all","NECO","2-year","College of Education","lga","Abak","South South","Akwa Ibom","Abak","","","0","170","105","33","30","4","0","65","72","4"
"2022/2023","Male","all","NECO","2-year","College of Education","lga","Eket","South South","Akwa Ibom","Eket","","","0","235","147","51","46","6","0","88","96","6"
"2022/2023","Male","all","NECO","2-year","College of Education","lga","Ikot Ekpene","South South","Akwa Ibom","Ikot Ekpene","","","0","326","207","67","62","7","0","119","140","7"
"2022/2023","Male","all","NECO","2-year","College of Education","lga","Oron","South South","Akwa Ibom","Oron","","","0","129","82","26","27","0","0","47","56","0"
"2022/2023","Male","all","NECO","2-year","College of Education","lga","Uyo","South South","Akwa Ibom","Uyo","","","0","186","119","36","32","6","0","67","83","6"
"2022/2023","Male","all","NECO","2-year","Polytechnic","lga","Abak","South South","Akwa Ibom","Abak","","","0","188","112","36","32","6","0","76","76","6"
"2022/2023","Male","all","NECO","2-year","Polytechnic","lga","Eket","South South","Akwa Ibom","Eket","","","0","276","175","51","48","6","0","101","124","6"
"2022/2023","Male","all","NECO","2-year","Polytechnic","lga","Ikot Ekpene","South South","Akwa Ibom","Ikot Ekpene","","","0","120","80","25","23","3","0","40","55","3"
"2022/2023","Male","all","NECO","2-year","Polytechnic","lga","Oron","South South","Akwa Ibom","Oron","","","0","150","99","29","32","0","0","51","70","0"
"2022/2023","Male","all","NECO","2-year","Polytechnic","lga","Uyo","South South","Akwa Ibom","Uyo","","","0","191","125","44","36","9","0","66","81","9"
"2022/2023","Male","all","NECO","2-year","University","lga","Abak","South South","Akwa Ibom","Abak","","","0","323","198","58","50","9","0","125","140","9"
"2022/2023","Male","all","NECO","2-year","University","lga","Eket","South South","Akwa Ibom","Eket","","","0","84","60","18","16","3","0","24","42","3"
"2022/2023","Male","all","NECO","2-year","University","lga","Ikot Ekpene","South South","Akwa Ibom","Ikot Ekpene","","","0","263","170","55","50","6","0","93","115","6"
"2022/2023","Male","all","NECO","2-year","University","lga","Oron","South South","Akwa Ibom","Oron","","","0","392","260","89","81","10","0","132","171","10"
"2022/2023","Male","all","NECO","2-year","University","lga","Uyo","South South","Akwa Ibom","Uyo","","","0","202","131","44","40","6","0","71","87","6"
"2022/2023","Male","all","NECO","3-5-year","College of Education","lga","Abak","South South","Akwa Ibom","Abak","","","0","107","67","22","16","6","0","40","45","6"
"2022/2023","Male","all","NECO","3-5-year","College of Education","lga","Eket","South South","Akwa Ibom","Eket","","","0","145","95","33","32","3","0","50","62","3"
"2022/2023","Male","all","NECO","3-5-year","College of Education","lga","Ikot Ekpene","South South","Akwa Ibom","Ikot Ekpene","","","0","223","141","48","48","3","0","82","93","3"
"2022/2023","Male","all","NECO","3-5-year","College of Education","lga","Oron","South South","Akwa Ibom","Oron","","","0","76","50","14","16","0","0","26","36","0"
"2022/2023","Male","all","NECO","3-5-year","College of Education","lga","Uyo","South South","Akwa Ibom","Uyo","","","0","132","85","28","24","6","0","47","57","6"
"2022/2023","Male","all","NECO","3-5-year","Polytechnic","lga","Abak","South South","Akwa Ibom","Abak","","","0","122","77","22","20","3","0","45","55","3"
"2022/2023","Male","all","NECO","3-5-year","Polytechnic","lga","Eket","South South","Akwa Ibom","Eket","","","0","182","115","34","32","3","0","67","81","3"
"2022/2023","Male","all","NECO","3-5-year","Polytechnic","lga","Ikot Ekpene","South South","Akwa Ibom","Ikot Ekpene","","","0","78","54","15","16","0","0","24","39","0"
"2022/2023","Male","all","NECO","3-5-year","Polytechnic","lga","Oron","South South","Akwa Ibom","Oron","","","0","87","57","21","12","9","0","30","36","9"
"2022/2023","Male","all","NECO","3-5-year","Polytechnic","lga","Uyo","South South","Akwa Ibom","Uyo","","","0","117","77","25","24","3","0","40","52","3"
"2022/2023","Male","all","NECO","3-5-year","University","lga","Abak","South South","Akwa Ibom","Abak","","","0","214","134","47","40","9","0","80","87","9"
"2022/2023","Male","all","NECO","3-5-year","University","lga","Eket","South South","Akwa Ibom","Eket","","","0","66","42","14","12","3","0","24","28","3"
"2022/2023","Male","all","NECO","3-5-year","University","lga","Ikot Ekpene","South South","Akwa Ibom","Ikot Ekpene","","","0","153","102","32","32","3","0","51","70","3"
"2022/2023","Male","all","NECO","3-5-year","University","lga","Oron","South South","Akwa Ibom","Oron","","","0","267","174","57","52","9","0","93","117","9"
"2022/2023","Male","all","NECO","3-5-year","University","lga","Uyo","South South","Akwa Ibom","Uyo","","","0","117","81","22","24","0","0","36","59","0"
"2022/2023","Male","all","NECO","5+-year","College of Education","lga","Abak","South South","Akwa Ibom","Abak","","","0","63","37","8","8","0","0","26","29","0"
"2022/2023","Male","all","NECO","5+-year","College of Education","lga","Eket","South South","Akwa Ibom","Eket","","","0","82","50","19","16","4","0","32","31","4"
"2022/2023","Male","all","NECO","5+-year","College of Education","lga","Ikot Ekpene","South South","Akwa Ibom","Ikot Ekpene","","","0","125","84","30","24","7","0","41","54","7"
"2022/2023","Male","all","NECO","5+-year","College of Education","lga","Oron","South South","Akwa Ibom","Oron","","","0","59","37","14","8","6","0","22","23","6"
"2022/2023","Male","all","NECO","5+-year","College of Education","lga","Uyo","South South","Akwa Ibom","Uyo","","","0","76","50","16","16","0","0","26","34","0"
"2022/2023","Male","all","NECO","5+-year","Polytechnic","lga","Abak","South South","Akwa Ibom","Abak","","","0","67","44","16","16","0","0","23","28","0"
"2022/2023","Male","all","NECO","5+-year","Polytechnic","lga","Eket","South South","Akwa Ibom","Eket","","","0","121","75","27","28","0","0","46","48","0"
"2022/2023","Male","all","NECO","5+-year","Polytechnic","lga","Ikot Ekpene","South South","Akwa Ibom","Ikot Ekpene","","","0","44","28","11","8","4","0","16","17","4"
"2022/2023","Male","all","NECO","5+-year","Polytechnic","lga","Oron","South South","Akwa Ibom","Oron","","","0","63","39","12","12","0","0","24","27","0"
"2022/2023","Male","all","NECO","5+-year","Polytechnic","lga","Uyo","South South","Akwa Ibom","Uyo","","","0","60","41","12","12","0","0","19","29","0"
"2022/2023","Male","all","NECO","5+-year","University","lga","Abak","South South","Akwa Ibom","Abak","","","0","125","76","20","20","0","0","49","56","0"
"2022/2023","Male","all","NECO","5+-year","University","lga","Eket","South South","Akwa Ibom","Eket","","","0","32","19","8","8","0","0","13","11","0"
"2022/2023","Male","all","NECO","5+-year","University","lga","Ikot Ekpene","South South","Akwa Ibom","Ikot Ekpene","","","0","101","62","22","20","3","0","39","40","3"
"2022/2023","Male","all","NECO","5+-year","University","lga","Oron","South South","Akwa Ibom","Oron","","","0","133","81","31","28","3","0","52","50","3"
"2022/2023","Male","all","NECO","5+-year","University","lga","Uyo","South South","Akwa Ibom","Uyo","","","0","67","39","16","12","4","0","28","23","4"
"2022/2023","Male","all","WAEC","1-year","College of Education","lga","Abak","South South","Akwa Ibom","Abak","","","0","369","237","71","67","4","0","132","166","4"
"2022/2023","Male","all","WAEC","1-year","College of Education","lga","Eket","South South","Akwa Ibom","Eket","","","0","427","285","100","91","10","0","142","185","10"
"2022/2023","Male","all","WAEC","1-year","College of Education","lga","Ikot Ekpene","South South","Akwa Ibom","Ikot Ekpene","","","0","680","442","152","138","15","0","238","290","15"
"2022/2023","Male","all","WAEC","1-year","College of Education","lga","Oron","South South","Akwa Ibom","Oron","","","0","267","166","52","47","5","0","101","114","5"
"2022/2023","Male","all","WAEC","1-year","College of Education","lga","Uyo","South South","Akwa Ibom","Uyo","","","0","437","271","87","82","6","0","166","184","6"
"2022/2023","Male","all","WAEC","1-year","Polytechnic","lga","Abak","South South","Akwa Ibom","Abak","","","0","368","237","70","65","6","0","131","167","6"
"2022/2023","Male","all","WAEC","1-year","Polytechnic","lga","Eket","South South","Akwa Ibom","Eket","","","0","605","382","123","108","16","0","223","259","16"
"2022/2023","Male","all","WAEC","1-year","Polytechnic","lga","Ikot Ekpene","South South","Akwa Ibom","Ikot Ekpene","","","0","216","149","52","48","5","0","67","97","5"
"2022/2023","Male","all","WAEC","1-year","Polytechnic","lga","Oron","South South","Akwa Ibom","Oron","","","0","304","200","69","60","9","0","104","131","9"
"2022/2023","Male","all","WAEC","1-year","Polytechnic","lga","Uyo","South South","Akwa Ibom","Uyo","","","0","363","235","81","71","11","0","128","154","11"
"2022/2023","Male","all","WAEC","1-year","University","lga","Abak","South South","Akwa Ibom","Abak","","","0","698","442","133","118","15","0","256","309","15"
"2022/2023","Male","all","WAEC","1-year","University","lga","Eket","South South","Akwa Ibom","Eket","","","0","182","117","45","38","7","0","65","72","7"
"2022/2023","Male","all","WAEC","1-year","University","lga","Ikot Ekpene","South South","Akwa Ibom","Ikot Ekpene","","","0","522","336","114","101","14","0","186","222","14"
"2022/2023","Male","all","WAEC","1-year","University","lga","Oron","South South","Akwa Ibom","Oron","","","0","804","527","169","153","17","0","277","358","17"
"2022/2023","Male","all","WAEC","1-year","University","lga","Uyo","South South","Akwa Ibom","Uyo","","","0","423","272","87","79","8","0","151","185","8"
"2022/2023","Male","all","WAEC","2-year","College of Education","lga","Abak","South South","Akwa Ibom","Abak","","","0","233","150","49","41","8","0","83","101","8"
"2022/2023","Male","all","WAEC","2-year","College of Education","lga","Eket","South South","Akwa Ibom","Eket","","","0","264","171","59","54","5","0","93","112","5"
"2022/2023","Male","all","WAEC","2-year","College of Education","lga","Ikot Ekpene","South South","Akwa Ibom","Ikot Ekpene","","","0","439","289","102","89","14","0","150","187","14"
"2022/2023","Male","all","WAEC","2-year","College of Education","lga","Oron","South South","Akwa Ibom","Oron","","","0","166","104","33","27","6","0","62","71","6"
"2022/2023","Male","all","WAEC","2-year","College of Education","lga","Uyo","South South","Akwa Ibom","Uyo","","","0","292","178","58","48","10","0","114","120","10"
"2022/2023","Male","all","WAEC","2-year","Polytechnic","lga","Abak","South South","Akwa Ibom","Abak","","","0","243","156","49","41","9","0","87","107","9"
"2022/2023","Male","all","WAEC","2-year","Polytechnic","lga","Eket","South South","Akwa Ibom","Eket","","","0","396","248","80","71","9","0","148","168","9"
"2022/2023","Male","all","WAEC","2-year","Polytechnic","lga","Ikot Ekpene","South South","Akwa Ibom","Ikot Ekpene","","","0","129","85","36","27","9","0","44","49","9"
"2022/2023","Male","all","WAEC","2-year","Polytechnic","lga","Oron","South South","Akwa Ibom","Oron","","","0","184","119","39","34","6","0","65","80","6"
"2022/2023","Male","all","WAEC","2-year","Polytechnic","lga","Uyo","South South","Akwa Ibom","Uyo","","","0","227","152","49","41","9","0","75","103","9"
"2022/2023","Male","all","WAEC","2-year","University","lga","Abak","South South","Akwa Ibom","Abak","","","0","464","291","87","79","9","0","173","204","9"
"2022/2023","Male","all","WAEC","2-year","University","lga","Eket","South South","Akwa Ibom","Eket","","","0","117","76","26","27","0","0","41","50","0"
"2022/2023","Male","all","WAEC","2-year","University","lga","Ikot Ekpene","South South","Akwa Ibom","Ikot Ekpene","","","0","328","210","71","65","7","0","118","139","7"
"2022/2023","Male","all","WAEC","2-year","University","lga","Oron","South South","Akwa Ibom","Oron","","","0","515","330","107","99","10","0","185","223","10"
"2022/2023","Male","all","WAEC","2-year","University","lga","Uyo","South South","Akwa Ibom","Uyo","","","0","276","172","55","52","4","0","104","117","4"
"2022/2023","Male","all","WAEC","3-5-year","College of Education","lga","Abak","South South","Akwa Ibom","Abak","","","0","141","94","33","24","9","0","47","61","9"
"2022/2023","Male","all","WAEC","3-5-year","College of Education","lga","Eket","South South","Akwa Ibom","Eket","","","0","178","117","43","38","6","0","61","74","6"
"2022/2023","Male","all","WAEC","3-5-year","College of Education","lga","Ikot Ekpene","South South","Akwa Ibom","Ikot Ekpene","","","0","275","177","66","58","9","0","98","111","9"
"2022/2023","Male","all","WAEC","3-5-year","College of Education","lga","Oron","South South","Akwa Ibom","Oron","","","0","104","62","20","17","3","0","42","42","3"
"2022/2023","Male","all","WAEC","3-5-year","College of Education","lga","Uyo","South South","Akwa Ibom","Uyo","","","0","178","111","34","34","0","0","67","77","0"
"2022/2023","Male","all","WAEC","3-5-year","Polytechnic","lga","Abak","South South","Akwa Ibom","Abak","","","0","169","106","37","31","6","0","63","69","6"
"2022/2023","Male","all","WAEC","3-5-year","Polytechnic","lga","Eket","South South","Akwa Ibom","Eket","","","0","249","156","54","44","11","0","93","102","11"
"2022/2023","Male","all","WAEC","3-5-year","Polytechnic","lga","Ikot Ekpene","South South","Akwa Ibom","Ikot Ekpene","","","0","99","67","26","24","2","0","32","41","2"
"2022/2023","Male","all","WAEC","3-5-year","Polytechnic","lga","Oron","South South","Akwa Ibom","Oron","","","0","132","88","27","27","0","0","44","61","0"
"2022/2023","Male","all","WAEC","3-5-year","Polytechnic","lga","Uyo","South South","Akwa Ibom","Uyo","","","0","133","89","30","24","6","0","44","59","6"
"2022/2023","Male","all","WAEC","3-5-year","University","lga","Abak","South South","Akwa Ibom","Abak","","","0","280","177","53","47","6","0","103","124","6"
"2022/2023","Male","all","WAEC","3-5-year","University","lga","Eket","South South","Akwa Ibom","Eket","","","0","74","50","20","13","7","0","24","30","7"
"2022/2023","Male","all","WAEC","3-5-year","University","lga","Ikot Ekpene","South South","Akwa Ibom","Ikot Ekpene","","","0","199","125","46","41","6","0","74","79","6"
"2022/2023","Male","all","WAEC","3-5-year","University","lga","Oron","South South","Akwa Ibom","Oron","","","0","310","209","70","62","9","0","101","139","9"
"2022/2023","Male","all","WAEC","3-5-year","University","lga","Uyo","South South","Akwa Ibom","Uyo","","","0","194","123","37","34","3","0","71","86","3"
"2022/2023","Male","all","WAEC","5+-year","College of Education","lga","Abak","South South","Akwa Ibom","Abak","","","0","92","55","17","18","0","0","37","38","0"
"2022/2023","Male","all","WAEC","5+-year","College of Education","lga","Eket","South South","Akwa Ibom","Eket","","","0","105","71","27","20","7","0","34","44","7"
"2022/2023","Male","all","WAEC","5+-year","College of Education","lga","Ikot Ekpene","South South","Akwa Ibom","Ikot Ekpene","","","0","170","109","37","31","6","0","61","72","6"
"2022/2023","Male","all","WAEC","5+-year","College of Education","lga","Oron","South South","Akwa Ibom","Oron","","","0","53","31","10","10","0","0","22","21","0"
"2022/2023","Male","all","WAEC","5+-year","College of Education","lga","Uyo","South South","Akwa Ibom","Uyo","","","0","100","60","24","12","12","0","40","36","12"
"2022/2023","Male","all","WAEC","5+-year","Polytechnic","lga","Abak","South South","Akwa Ibom","Abak","","","0","85","49","16","16","0","0","36","33","0"
"2022/2023","Male","all","WAEC","5+-year","Polytechnic","lga","Eket","South South","Akwa Ibom","Eket","","","0","138","93","29","26","3","0","45","64","3"
"2022/2023","Male","all","WAEC","5+-year","Polytechnic","lga","Ikot Ekpene","South South","Akwa Ibom","Ikot Ekpene","","","0","52","36","13","13","0","0","16","23","0"
"2022/2023","Male","all","WAEC","5+-year","Polytechnic","lga","Oron","South South","Akwa Ibom","Oron","","","0","84","52","17","13","4","0","32","35","4"
"2022/2023","Male","all","WAEC","5+-year","Polytechnic","lga","Uyo","South South","Akwa Ibom","Uyo","","","0","81","50","16","17","0","0","31","34","0"
"2022/2023","Male","all","WAEC","5+-year","University","lga","Abak","South South","Akwa Ibom","Abak","","","0","140","91","27","19","8","0","49","64","8"
"2022/2023","Male","all","WAEC","5+-year","University","lga","Eket","South South","Akwa Ibom","Eket","","","0","40","24","10","10","0","0","16","14","0"
"2022/2023","Male","all","WAEC","5+-year","University","lga","Ikot Ekpene","South South","Akwa Ibom","Ikot Ekpene","","","0","118","75","27","21","7","0","43","48","7"
"2022/2023","Male","all","WAEC","5+-year","University","lga","Oron","South South","Akwa Ibom","Oron","","","0","201","132","51","37","14","0","69","81","14"
"2022/2023","Male","all","WAEC","5+-year","University","lga","Uyo","South South","Akwa Ibom","Uyo","","","0","98","62","20","20","0","0","36","42","0"
"2022/2023","Male","disabled","NABTEB","1-year","College of Education","lga","Abak","South South","Akwa Ibom","Abak","","","0","18","9","12","12","0","0","9","0","0"
"2022/2023","Male","disabled","NABTEB","1-year","College of Education","lga","Eket","South South","Akwa Ibom","Eket","","","0","24","12","16","17","0","0","12","0","0"
"2022/2023","Male","disabled","NABTEB","1-year","College of Education","lga","Ikot Ekpene","South South","Akwa Ibom","Ikot Ekpene","","","0","39","21","24","24","0","0","18","2","0"
"2022/2023","Male","disabled","NABTEB","1-year","College of Education","lga","Oron","South South","Akwa Ibom","Oron","","","0","12","6","8","8","0","0","6","0","0"
"2022/2023","Male","disabled","NABTEB","1-year","College of Education","lga","Uyo","South South","Akwa Ibom","Uyo","","","0","24","12","16","17","0","0","12","0","0"
"2022/2023","Male","disabled","NABTEB","1-year","Polytechnic","lga","Abak","South South","Akwa Ibom","Abak","","","0","24","12","16","17","0","0","12","0","0"
"2022/2023","Male","disabled","NABTEB","1-year","Polytechnic","lga","Eket","South South","Akwa Ibom","Eket","","","0","39","21","24","26","0","0","18","2","0"
"2022/2023","Male","disabled","NABTEB","1-year","Polytechnic","lga","Ikot Ekpene","South South","Akwa Ibom","Ikot Ekpene","","","0","12","6","8","9","0","0","6","0","0"
"2022/2023","Male","disabled","NABTEB","1-year","Polytechnic","lga","Oron","South South","Akwa Ibom","Oron","","","0","18","9","12","14","0","0","9","0","0"
"2022/2023","Male","disabled","NABTEB","1-year","Polytechnic","lga","Uyo","South South","Akwa Ibom","Uyo","","","0","24","12","16","16","0","0","12","0","0"
"2022/2023","Male","disabled","NABTEB","1-year","University","lga","Abak","South South","Akwa Ibom","Abak","","","0","33","15","20","21","0","0","18","0","0"
"2022/2023","Male","disabled","NABTEB","1-year","University","lga","Eket","South South","Akwa Ibom","Eket","","","0","12","6","8","9","0","0","6","0","0"
"2022/2023","Male","disabled","NABTEB","1-year","University","lga","Ikot Ekpene","South South","Akwa Ibom","Ikot Ekpene","","","0","24","12","16","17","0","0","12","0","0"
"2022/2023","Male","disabled","NABTEB","1-year","University","lga","Oron","South South","Akwa Ibom","Oron","","","0","42","21","28","32","0","0","21","0","0"
"2022/2023","Male","disabled","NABTEB","1-year","University","lga","Uyo","South South","Akwa Ibom","Uyo","","","0","24","12","16","17","0","0","12","0","0"
"2022/2023","Male","disabled","NABTEB","2-year","College of Education","lga","Abak","South South","Akwa Ibom","Abak","","","0","12","9","0","0","0","0","3","9","0"
"2022/2023","Male","disabled","NABTEB","2-year","College of Education","lga","Eket","South South","Akwa Ibom","Eket","","","0","12","12","0","0","0","0","0","12","0"
"2022/2023","Male","disabled","NABTEB","2-year","College of Education","lga","Ikot Ekpene","South South","Akwa Ibom","Ikot Ekpene","","","0","21","18","0","0","0","0","3","18","0"
"2022/2023","Male","disabled","NABTEB","2-year","College of Education","lga","Oron","South South","Akwa Ibom","Oron","","","0","6","6","0","0","0","0","0","6","0"
"2022/2023","Male","disabled","NABTEB","2-year","College of Education","lga","Uyo","South South","Akwa Ibom","Uyo","","","0","12","12","0","0","0","0","0","12","0"
"2022/2023","Male","disabled","NABTEB","2-year","Polytechnic","lga","Abak","South South","Akwa Ibom","Abak","","","0","12","12","0","0","0","0","0","12","0"
"2022/2023","Male","disabled","NABTEB","2-year","Polytechnic","lga","Eket","South South","Akwa Ibom","Eket","","","0","21","18","0","0","0","0","3","18","0"
"2022/2023","Male","disabled","NABTEB","2-year","Polytechnic","lga","Ikot Ekpene","South South","Akwa Ibom","Ikot Ekpene","","","0","6","6","0","0","0","0","0","6","0"
"2022/2023","Male","disabled","NABTEB","2-year","Polytechnic","lga","Oron","South South","Akwa Ibom","Oron","","","0","9","9","0","0","0","0","0","9","0"
"2022/2023","Male","disabled","NABTEB","2-year","Polytechnic","lga","Uyo","South South","Akwa Ibom","Uyo","","","0","12","12","0","0","0","0","0","12","0"
"2022/2023","Male","disabled","NABTEB","2-year","University","lga","Abak","South South","Akwa Ibom","Abak","","","0","27","15","0","0","0","0","12","15","0"
"2022/2023","Male","disabled","NABTEB","2-year","University","lga","Eket","South South","Akwa Ibom","Eket","","","0","6","6","0","0","0","0","0","6","0"
"2022/2023","Male","disabled","NABTEB","2-year","University","lga","Ikot Ekpene","South South","Akwa Ibom","Ikot Ekpene","","","0","15","12","0","0","0","0","3","12","0"
"2022/2023","Male","disabled","NABTEB","2-year","University","lga","Oron","South South","Akwa Ibom","Oron","","","0","24","21","0","0","0","0","3","21","0"
"2022/2023","Male","disabled","NABTEB","2-year","University","lga","Uyo","South South","Akwa Ibom","Uyo","","","0","12","12","0","0","0","0","0","12","0"
"2022/2023","Male","disabled","NABTEB","3-5-year","College of Education","lga","Abak","South South","Akwa Ibom","Abak","","","0","9","3","0","0","0","0","6","3","0"
"2022/2023","Male","disabled","NABTEB","3-5-year","College of Education","lga","Eket","South South","Akwa Ibom","Eket","","","0","12","0","0","0","0","0","12","0","0"
"2022/2023","Male","disabled","NABTEB","3-5-year","College of Education","lga","Ikot Ekpene","South South","Akwa Ibom","Ikot Ekpene","","","0","18","6","0","0","0","0","12","6","0"
"2022/2023","Male","disabled","NABTEB","3-5-year","College of Education","lga","Oron","South South","Akwa Ibom","Oron","","","0","6","6","0","0","0","0","0","6","0"
"2022/2023","Male","disabled","NABTEB","3-5-year","College of Education","lga","Uyo","South South","Akwa Ibom","Uyo","","","0","12","0","0","0","0","0","12","0","0"
"2022/2023","Male","disabled","NABTEB","3-5-year","Polytechnic","lga","Abak","South South","Akwa Ibom","Abak","","","0","12","0","0","0","0","0","12","0","0"
"2022/2023","Male","disabled","NABTEB","3-5-year","Polytechnic","lga","Eket","South South","Akwa Ibom","Eket","","","0","18","6","0","0","0","0","12","6","0"
"2022/2023","Male","disabled","NABTEB","3-5-year","Polytechnic","lga","Ikot Ekpene","South South","Akwa Ibom","Ikot Ekpene","","","0","6","3","0","0","0","0","3","3","0"
"2022/2023","Male","disabled","NABTEB","3-5-year","Polytechnic","lga","Oron","South South","Akwa Ibom","Oron","","","0","9","0","0","0","0","0","9","0","0"
"2022/2023","Male","disabled","NABTEB","3-5-year","Polytechnic","lga","Uyo","South South","Akwa Ibom","Uyo","","","0","12","0","0","0","0","0","12","0","0"
"2022/2023","Male","disabled","NABTEB","3-5-year","University","lga","Abak","South South","Akwa Ibom","Abak","","","0","15","9","0","0","0","0","6","9","0"
"2022/2023","Male","disabled","NABTEB","3-5-year","University","lga","Eket","South South","Akwa Ibom","Eket","","","0","6","3","0","0","0","0","3","3","0"
"2022/2023","Male","disabled","NABTEB","3-5-year","University","lga","Ikot Ekpene","South South","Akwa Ibom","Ikot Ekpene","","","0","12","6","0","0","0","0","6","6","0"
"2022/2023","Male","disabled","NABTEB","3-5-year","University","lga","Oron","South South","Akwa Ibom","Oron","","","0","21","3","0","0","0","0","18","3","0"
"2022/2023","Male","disabled","NABTEB","3-5-year","University","lga","Uyo","South South","Akwa Ibom","Uyo","","","0","12","3","0","0","0","0","9","3","0"
"2022/2023","Male","disabled","NABTEB","5+-year","College of Education","lga","Abak","South South","Akwa Ibom","Abak","","","0","3","0","0","0","0","0","3","0","0"
"2022/2023","Male","disabled","NABTEB","5+-year","College of Education","lga","Eket","South South","Akwa Ibom","Eket","","","0","0","0","0","0","0","0","0","0","0"
"2022/2023","Male","disabled","NABTEB","5+-year","College of Education","lga","Ikot Ekpene","South South","Akwa Ibom","Ikot Ekpene","","","0","6","0","0","0","0","0","6","0","0"
"2022/2023","Male","disabled","NABTEB","5+-year","College of Education","lga","Oron","South South","Akwa Ibom","Oron","","","0","6","0","0","0","0","0","6","0","0"
"2022/2023","Male","disabled","NABTEB","5+-year","College of Education","lga","Uyo","South South","Akwa Ibom","Uyo","","","0","0","0","0","0","0","0","0","0","0"
"2022/2023","Male","disabled","NABTEB","5+-year","Polytechnic","lga","Abak","South South","Akwa Ibom","Abak","","","0","0","0","0","0","0","0","0","0","0"
"2022/2023","Male","disabled","NABTEB","5+-year","Polytechnic","lga","Eket","South South","Akwa Ibom","Eket","","","0","6","0","0","0","0","0","6","0","0"
"2022/2023","Male","disabled","NABTEB","5+-year","Polytechnic","lga","Ikot Ekpene","South South","Akwa Ibom","Ikot Ekpene","","","0","3","0","0","0","0","0","3","0","0"
"2022/2023","Male","disabled","NABTEB","5+-year","Polytechnic","lga","Oron","South South","Akwa Ibom","Oron","","","0","0","0","0","0","0","0","0","0","0"
"2022/2023","Male","disabled","NABTEB","5+-year","Polytechnic","lga","Uyo","South South","Akwa Ibom","Uyo","","","0","0","0","0","0","0","0","0","0","0"
"2022/2023","Male","disabled","NABTEB","5+-year","University","lga","Abak","South South","Akwa Ibom","Abak","","","0","3","0","0","0","0","0","3","0","0"
"2022/2023","Male","disabled","NABTEB","5+-year","University","lga","Eket","South South","Akwa Ibom","Eket","","","0","3","0","0","0","0","0","3","0","0"
"2022/2023","Male","disabled","NABTEB","5+-year","University","lga","Ikot Ekpene","South South","Akwa Ibom","Ikot Ekpene","","","0","6","0","0","0","0","0","6","0","0"
"2022/2023","Male","disabled","NABTEB","5+-year","University","lga","Oron","South South","Akwa Ibom","Oron","","","0","3","0","0","0","0","0","3","0","0"
"2022/2023","Male","disabled","NABTEB","5+-year","University","lga","Uyo","South South","Akwa Ibom","Uyo","","","0","3","0","0","0","0","0","3","0","0"
"2022/2023","Male","disabled","NECO","1-year","College of Education","lga","Abak","South South","Akwa Ibom","Abak","","","0","25","15","12","12","0","0","10","4","0"
"2022/2023","Male","disabled","NECO","1-year","College of Education","lga","Eket","South South","Akwa Ibom","Eket","","","0","35","23","16","16","0","0","12","7","0"
"2022/2023","Male","disabled","NECO","1-year","College of Education","lga","Ikot Ekpene","South South","Akwa Ibom","Ikot Ekpene","","","0","68","40","24","24","0","0","28","18","0"
"2022/2023","Male","disabled","NECO","1-year","College of Education","lga","Oron","South South","Akwa Ibom","Oron","","","0","23","12","8","8","0","0","11","4","0"
"2022/2023","Male","disabled","NECO","1-year","College of Education","lga","Uyo","South South","Akwa Ibom","Uyo","","","0","27","15","16","16","0","0","12","2","0"
"2022/2023","Male","disabled","NECO","1-year","Polytechnic","lga","Abak","South South","Akwa Ibom","Abak","","","0","32","17","16","16","0","0","15","3","0"
"2022/2023","Male","disabled","NECO","1-year","Polytechnic","lga","Eket","South South","Akwa Ibom","Eket","","","0","46","26","24","24","0","0","20","6","0"
"2022/2023","Male","disabled","NECO","1-year","Polytechnic","lga","Ikot Ekpene","South South","Akwa Ibom","Ikot Ekpene","","","0","22","11","8","8","0","0","11","4","0"
"2022/2023","Male","disabled","NECO","1-year","Polytechnic","lga","Oron","South South","Akwa Ibom","Oron","","","0","22","12","12","12","0","0","10","2","0"
"2022/2023","Male","disabled","NECO","1-year","Polytechnic","lga","Uyo","South South","Akwa Ibom","Uyo","","","0","31","15","16","16","0","0","16","2","0"
"2022/2023","Male","disabled","NECO","1-year","University","lga","Abak","South South","Akwa Ibom","Abak","","","0","58","30","20","20","0","0","28","11","0"
"2022/2023","Male","disabled","NECO","1-year","University","lga","Eket","South South","Akwa Ibom","Eket","","","0","15","9","8","8","0","0","6","2","0"
"2022/2023","Male","disabled","NECO","1-year","University","lga","Ikot Ekpene","South South","Akwa Ibom","Ikot Ekpene","","","0","47","28","16","16","0","0","19","12","0"
"2022/2023","Male","disabled","NECO","1-year","University","lga","Oron","South South","Akwa Ibom","Oron","","","0","71","45","28","28","0","0","26","18","0"
"2022/2023","Male","disabled","NECO","1-year","University","lga","Uyo","South South","Akwa Ibom","Uyo","","","0","33","21","16","16","0","0","12","6","0"
"2022/2023","Male","disabled","NECO","2-year","College of Education","lga","Abak","South South","Akwa Ibom","Abak","","","0","18","11","0","0","0","0","7","11","0"
"2022/2023","Male","disabled","NECO","2-year","College of Education","lga","Eket","South South","Akwa Ibom","Eket","","","0","24","12","0","0","0","0","12","12","0"
"2022/2023","Male","disabled","NECO","2-year","College of Education","lga","Ikot Ekpene","South South","Akwa Ibom","Ikot Ekpene","","","0","34","24","4","4","0","0","10","20","0"
"2022/2023","Male","disabled","NECO","2-year","College of Education","lga","Oron","South South","Akwa Ibom","Oron","","","0","12","9","0","0","0","0","3","9","0"
"2022/2023","Male","disabled","NECO","2-year","College of Education","lga","Uyo","South South","Akwa Ibom","Uyo","","","0","15","12","0","0","0","0","3","12","0"
"2022/2023","Male","disabled","NECO","2-year","Polytechnic","lga","Abak","South South","Akwa Ibom","Abak","","","0","18","12","0","0","0","0","6","12","0"
"2022/2023","Male","disabled","NECO","2-year","Polytechnic","lga","Eket","South South","Akwa Ibom","Eket","","","0","28","24","0","0","0","0","4","24","0"
"2022/2023","Male","disabled","NECO","2-year","Polytechnic","lga","Ikot Ekpene","South South","Akwa Ibom","Ikot Ekpene","","","0","13","9","4","4","0","0","4","5","0"
"2022/2023","Male","disabled","NECO","2-year","Polytechnic","lga","Oron","South South","Akwa Ibom","Oron","","","0","12","9","0","0","0","0","3","9","0"
"2022/2023","Male","disabled","NECO","2-year","Polytechnic","lga","Uyo","South South","Akwa Ibom","Uyo","","","0","15","12","0","0","0","0","3","12","0"
"2022/2023","Male","disabled","NECO","2-year","University","lga","Abak","South South","Akwa Ibom","Abak","","","0","38","20","0","0","0","0","18","20","0"
"2022/2023","Male","disabled","NECO","2-year","University","lga","Eket","South South","Akwa Ibom","Eket","","","0","9","9","0","0","0","0","0","9","0"
"2022/2023","Male","disabled","NECO","2-year","University","lga","Ikot Ekpene","South South","Akwa Ibom","Ikot Ekpene","","","0","28","18","0","0","0","0","10","18","0"
"2022/2023","Male","disabled","NECO","2-year","University","lga","Oron","South South","Akwa Ibom","Oron","","","0","44","33","0","0","0","0","11","33","0"
"2022/2023","Male","disabled","NECO","2-year","University","lga","Uyo","South South","Akwa Ibom","Uyo","","","0","21","15","0","0","0","0","6","15","0"
"2022/2023","Male","disabled","NECO","3-5-year","College of Education","lga","Abak","South South","Akwa Ibom","Abak","","","0","9","9","0","0","0","0","0","9","0"
"2022/2023","Male","disabled","NECO","3-5-year","College of Education","lga","Eket","South South","Akwa Ibom","Eket","","","0","12","12","0","0","0","0","0","12","0"
"2022/2023","Male","disabled","NECO","3-5-year","College of Education","lga","Ikot Ekpene","South South","Akwa Ibom","Ikot Ekpene","","","0","24","18","0","0","0","0","6","18","0"
"2022/2023","Male","disabled","NECO","3-5-year","College of Education","lga","Oron","South South","Akwa Ibom","Oron","","","0","9","6","0","0","0","0","3","6","0"
"2022/2023","Male","disabled","NECO","3-5-year","College of Education","lga","Uyo","South South","Akwa Ibom","Uyo","","","0","12","12","0","0","0","0","0","12","0"
"2022/2023","Male","disabled","NECO","3-5-year","Polytechnic","lga","Abak","South South","Akwa Ibom","Abak","","","0","12","9","0","0","0","0","3","9","0"
"2022/2023","Male","disabled","NECO","3-5-year","Polytechnic","lga","Eket","South South","Akwa Ibom","Eket","","","0","24","18","0","0","0","0","6","18","0"
"2022/2023","Male","disabled","NECO","3-5-year","Polytechnic","lga","Ikot Ekpene","South South","Akwa Ibom","Ikot Ekpene","","","0","9","6","0","0","0","0","3","6","0"
"2022/2023","Male","disabled","NECO","3-5-year","Polytechnic","lga","Oron","South South","Akwa Ibom","Oron","","","0","9","9","0","0","0","0","0","9","0"
"2022/2023","Male","disabled","NECO","3-5-year","Polytechnic","lga","Uyo","South South","Akwa Ibom","Uyo","","","0","12","12","0","0","0","0","0","12","0"
"2022/2023","Male","disabled","NECO","3-5-year","University","lga","Abak","South South","Akwa Ibom","Abak","","","0","24","15","0","0","0","0","9","15","0"
"2022/2023","Male","disabled","NECO","3-5-year","University","lga","Eket","South South","Akwa Ibom","Eket","","","0","9","6","0","0","0","0","3","6","0"
"2022/2023","Male","disabled","NECO","3-5-year","University","lga","Ikot Ekpene","South South","Akwa Ibom","Ikot Ekpene","","","0","18","12","0","0","0","0","6","12","0"
"2022/2023","Male","disabled","NECO","3-5-year","University","lga","Oron","South South","Akwa Ibom","Oron","","","0","24","21","0","0","0","0","3","21","0"
"2022/2023","Male","disabled","NECO","3-5-year","University","lga","Uyo","South South","Akwa Ibom","Uyo","","","0","15","12","0","0","0","0","3","12","0"
"2022/2023","Male","disabled","NECO","5+-year","College of Education","lga","Abak","South South","Akwa Ibom","Abak","","","0","6","3","0","0","0","0","3","3","0"
"2022/2023","Male","disabled","NECO","5+-year","College of Education","lga","Eket","South South","Akwa Ibom","Eket","","","0","9","6","0","0","0","0","3","6","0"
"2022/2023","Male","disabled","NECO","5+-year","College of Education","lga","Ikot Ekpene","South South","Akwa Ibom","Ikot Ekpene","","","0","15","6","0","0","0","0","9","6","0"
"2022/2023","Male","disabled","NECO","5+-year","College of Education","lga","Oron","South South","Akwa Ibom","Oron","","","0","6","6","0","0","0","0","0","6","0"
"2022/2023","Male","disabled","NECO","5+-year","College of Education","lga","Uyo","South South","Akwa Ibom","Uyo","","","0","12","3","0","0","0","0","9","3","0"
"2022/2023","Male","disabled","NECO","5+-year","Polytechnic","lga","Abak","South South","Akwa Ibom","Abak","","","0","6","3","0","0","0","0","3","3","0"
"2022/2023","Male","disabled","NECO","5+-year","Polytechnic","lga","Eket","South South","Akwa Ibom","Eket","","","0","12","0","0","0","0","0","12","0","0"
"2022/2023","Male","disabled","NECO","5+-year","Polytechnic","lga","Ikot Ekpene","South South","Akwa Ibom","Ikot Ekpene","","","0","3","3","0","0","0","0","0","3","0"
"2022/2023","Male","disabled","NECO","5+-year","Polytechnic","lga","Oron","South South","Akwa Ibom","Oron","","","0","9","3","0","0","0","0","6","3","0"
"2022/2023","Male","disabled","NECO","5+-year","Polytechnic","lga","Uyo","South South","Akwa Ibom","Uyo","","","0","6","3","0","0","0","0","3","3","0"
"2022/2023","Male","disabled","NECO","5+-year","University","lga","Abak","South South","Akwa Ibom","Abak","","","0","12","12","0","0","0","0","0","12","0"
"2022/2023","Male","disabled","NECO","5+-year","University","lga","Eket","South South","Akwa Ibom","Eket","","","0","3","3","0","0","0","0","0","3","0"
"2022/2023","Male","disabled","NECO","5+-year","University","lga","Ikot Ekpene","South South","Akwa Ibom","Ikot Ekpene","","","0","9","6","0","0","0","0","3","6","0"
"2022/2023","Male","disabled","NECO","5+-year","University","lga","Oron","South South","Akwa Ibom","Oron","","","0","15","0","0","0","0","0","15","0","0"
"2022/2023","Male","disabled","NECO","5+-year","University","lga","Uyo","South South","Akwa Ibom","Uyo","","","0","9","6","0","0","0","0","3","6","0"
"2022/2023","Male","disabled","WAEC","1-year","College of Education","lga","Abak","South South","Akwa Ibom","Abak","","","0","36","20","9","9","0","0","16","11","0"
"2022/2023","Male","disabled","WAEC","1-year","College of Education","lga","Eket","South South","Akwa Ibom","Eket","","","0","48","30","12","12","0","0","18","18","0"
"2022/2023","Male","disabled","WAEC","1-year","College of Education","lga","Ikot Ekpene","South South","Akwa Ibom","Ikot Ekpene","","","0","80","47","18","18","0","0","33","29","0"
"2022/2023","Male","disabled","WAEC","1-year","College of Education","lga","Oron","South South","Akwa Ibom","Oron","","","0","31","18","6","6","0","0","13","12","0"
"2022/2023","Male","disabled","WAEC","1-year","College of Education","lga","Uyo","South South","Akwa Ibom","Uyo","","","0","45","23","12","12","0","0","22","11","0"
"2022/2023","Male","disabled","WAEC","1-year","Polytechnic","lga","Abak","South South","Akwa Ibom","Abak","","","0","39","23","12","12","0","0","16","11","0"
"2022/2023","Male","disabled","WAEC","1-year","Polytechnic","lga","Eket","South South","Akwa Ibom","Eket","","","0","70","41","18","18","0","0","29","23","0"
"2022/2023","Male","disabled","WAEC","1-year","Polytechnic","lga","Ikot Ekpene","South South","Akwa Ibom","Ikot Ekpene","","","0","25","15","6","6","0","0","10","9","0"
"2022/2023","Male","disabled","WAEC","1-year","Polytechnic","lga","Oron","South South","Akwa Ibom","Oron","","","0","30","18","9","9","0","0","12","9","0"
"2022/2023","Male","disabled","WAEC","1-year","Polytechnic","lga","Uyo","South South","Akwa Ibom","Uyo","","","0","36","20","12","13","0","0","16","8","0"
"2022/2023","Male","disabled","WAEC","1-year","University","lga","Abak","South South","Akwa Ibom","Abak","","","0","81","48","15","15","0","0","33","33","0"
"2022/2023","Male","disabled","WAEC","1-year","University","lga","Eket","South South","Akwa Ibom","Eket","","","0","21","15","6","6","0","0","6","9","0"
"2022/2023","Male","disabled","WAEC","1-year","University","lga","Ikot Ekpene","South South","Akwa Ibom","Ikot Ekpene","","","0","58","30","12","13","0","0","28","18","0"
"2022/2023","Male","disabled","WAEC","1-year","University","lga","Oron","South South","Akwa Ibom","Oron","","","0","95","60","21","21","0","0","35","39","0"
"2022/2023","Male","disabled","WAEC","1-year","University","lga","Uyo","South South","Akwa Ibom","Uyo","","","0","49","33","12","12","0","0","16","21","0"
"2022/2023","Male","disabled","WAEC","2-year","College of Education","lga","Abak","South South","Akwa Ibom","Abak","","","0","21","13","3","3","0","0","8","10","0"
"2022/2023","Male","disabled","WAEC","2-year","College of Education","lga","Eket","South South","Akwa Ibom","Eket","","","0","30","16","6","6","0","0","14","10","0"
"2022/2023","Male","disabled","WAEC","2-year","College of Education","lga","Ikot Ekpene","South South","Akwa Ibom","Ikot Ekpene","","","0","45","32","6","6","0","0","13","26","0"
"2022/2023","Male","disabled","WAEC","2-year","College of Education","lga","Oron","South South","Akwa Ibom","Oron","","","0","18","10","3","3","0","0","8","7","0"
"2022/2023","Male","disabled","WAEC","2-year","College of Education","lga","Uyo","South South","Akwa Ibom","Uyo","","","0","33","17","3","3","0","0","16","14","0"
"2022/2023","Male","disabled","WAEC","2-year","Polytechnic","lga","Abak","South South","Akwa Ibom","Abak","","","0","24","14","0","0","0","0","10","14","0"
"2022/2023","Male","disabled","WAEC","2-year","Polytechnic","lga","Eket","South South","Akwa Ibom","Eket","","","0","42","27","6","6","0","0","15","21","0"
"2022/2023","Male","disabled","WAEC","2-year","Polytechnic","lga","Ikot Ekpene","South South","Akwa Ibom","Ikot Ekpene","","","0","12","8","3","3","0","0","4","5","0"
"2022/2023","Male","disabled","WAEC","2-year","Polytechnic","lga","Oron","South South","Akwa Ibom","Oron","","","0","18","11","3","3","0","0","7","8","0"
"2022/2023","Male","disabled","WAEC","2-year","Polytechnic","lga","Uyo","South South","Akwa Ibom","Uyo","","","0","18","13","0","0","0","0","5","13","0"
"2022/2023","Male","disabled","WAEC","2-year","University","lga","Abak","South South","Akwa Ibom","Abak","","","0","51","28","12","12","0","0","23","16","0"
"2022/2023","Male","disabled","WAEC","2-year","University","lga","Eket","South South","Akwa Ibom","Eket","","","0","12","8","3","3","0","0","4","5","0"
"2022/2023","Male","disabled","WAEC","2-year","University","lga","Ikot Ekpene","South South","Akwa Ibom","Ikot Ekpene","","","0","33","21","6","6","0","0","12","15","0"
"2022/2023","Male","disabled","WAEC","2-year","University","lga","Oron","South South","Akwa Ibom","Oron","","","0","54","36","9","9","0","0","18","27","0"
"2022/2023","Male","disabled","WAEC","2-year","University","lga","Uyo","South South","Akwa Ibom","Uyo","","","0","27","18","6","6","0","0","9","12","0"
"2022/2023","Male","disabled","WAEC","3-5-year","College of Education","lga","Abak","South South","Akwa Ibom","Abak","","","0","12","9","0","0","0","0","3","9","0"
"2022/2023","Male","disabled","WAEC","3-5-year","College of Education","lga","Eket","South South","Akwa Ibom","Eket","","","0","18","12","0","0","0","0","6","12","0"
"2022/2023","Male","disabled","WAEC","3-5-year","College of Education","lga","Ikot Ekpene","South South","Akwa Ibom","Ikot Ekpene","","","0","30","21","0","0","0","0","9","21","0"
"2022/2023","Male","disabled","WAEC","3-5-year","College of Education","lga","Oron","South South","Akwa Ibom","Oron","","","0","12","8","0","0","0","0","4","8","0"
"2022/2023","Male","disabled","WAEC","3-5-year","College of Education","lga","Uyo","South South","Akwa Ibom","Uyo","","","0","12","10","0","0","0","0","2","10","0"
"2022/2023","Male","disabled","WAEC","3-5-year","Polytechnic","lga","Abak","South South","Akwa Ibom","Abak","","","0","15","12","0","0","0","0","3","12","0"
"2022/2023","Male","disabled","WAEC","3-5-year","Polytechnic","lga","Eket","South South","Akwa Ibom","Eket","","","0","30","22","0","0","0","0","8","22","0"
"2022/2023","Male","disabled","WAEC","3-5-year","Polytechnic","lga","Ikot Ekpene","South South","Akwa Ibom","Ikot Ekpene","","","0","9","8","0","0","0","0","1","8","0"
"2022/2023","Male","disabled","WAEC","3-5-year","Polytechnic","lga","Oron","South South","Akwa Ibom","Oron","","","0","12","9","0","0","0","0","3","9","0"
"2022/2023","Male","disabled","WAEC","3-5-year","Polytechnic","lga","Uyo","South South","Akwa Ibom","Uyo","","","0","15","12","0","0","0","0","3","12","0"
"2022/2023","Male","disabled","WAEC","3-5-year","University","lga","Abak","South South","Akwa Ibom","Abak","","","0","33","22","0","0","0","0","11","22","0"
"2022/2023","Male","disabled","WAEC","3-5-year","University","lga","Eket","South South","Akwa Ibom","Eket","","","0","9","8","0","0","0","0","1","8","0"
"2022/2023","Male","disabled","WAEC","3-5-year","University","lga","Ikot Ekpene","South South","Akwa Ibom","Ikot Ekpene","","","0","21","14","0","0","0","0","7","14","0"
"2022/2023","Male","disabled","WAEC","3-5-year","University","lga","Oron","South South","Akwa Ibom","Oron","","","0","33","25","0","0","0","0","8","25","0"
"2022/2023","Male","disabled","WAEC","3-5-year","University","lga","Uyo","South South","Akwa Ibom","Uyo","","","0","21","11","0","0","0","0","10","11","0"
"2022/2023","Male","disabled","WAEC","5+-year","College of Education","lga","Abak","South South","Akwa Ibom","Abak","","","0","6","6","0","0","0","0","0","6","0"
"2022/2023","Male","disabled","WAEC","5+-year","College of Education","lga","Eket","South South","Akwa Ibom","Eket","","","0","6","6","0","0","0","0","0","6","0"
"2022/2023","Male","disabled","WAEC","5+-year","College of Education","lga","Ikot Ekpene","South South","Akwa Ibom","Ikot Ekpene","","","0","12","6","0","0","0","0","6","6","0"
"2022/2023","Male","disabled","WAEC","5+-year","College of Education","lga","Oron","South South","Akwa Ibom","Oron","","","0","6","6","0","0","0","0","0","6","0"
"2022/2023","Male","disabled","WAEC","5+-year","College of Education","lga","Uyo","South South","Akwa Ibom","Uyo","","","0","12","7","0","0","0","0","5","7","0"
"2022/2023","Male","disabled","WAEC","5+-year","Polytechnic","lga","Abak","South South","Akwa Ibom","Abak","","","0","9","6","0","0","0","0","3","6","0"
"2022/2023","Male","disabled","WAEC","5+-year","Polytechnic","lga","Eket","South South","Akwa Ibom","Eket","","","0","12","6","0","0","0","0","6","6","0"
"2022/2023","Male","disabled","WAEC","5+-year","Polytechnic","lga","Ikot Ekpene","South South","Akwa Ibom","Ikot Ekpene","","","0","6","3","0","0","0","0","3","3","0"
"2022/2023","Male","disabled","WAEC","5+-year","Polytechnic","lga","Oron","South South","Akwa Ibom","Oron","","","0","9","9","0","0","0","0","0","9","0"
"2022/2023","Male","disabled","WAEC","5+-year","Polytechnic","lga","Uyo","South South","Akwa Ibom","Uyo","","","0","12","6","0","0","0","0","6","6","0"
"2022/2023","Male","disabled","WAEC","5+-year","University","lga","Abak","South South","Akwa Ibom","Abak","","","0","18","11","0","0","0","0","7","11","0"
"2022/2023","Male","disabled","WAEC","5+-year","University","lga","Eket","South South","Akwa Ibom","Eket","","","0","9","3","0","0","0","0","6","3","0"
"2022/2023","Male","disabled","WAEC","5+-year","University","lga","Ikot Ekpene","South South","Akwa Ibom","Ikot Ekpene","","","0","12","9","0","0","0","0","3","9","0"
"2022/2023","Male","disabled","WAEC","5+-year","University","lga","Oron","South South","Akwa Ibom","Oron","","","0","21","12","0","0","0","0","9","12","0"
"2022/2023","Male","disabled","WAEC","5+-year","University","lga","Uyo","South South","Akwa Ibom","Uyo","","","0","12","8","0","0","0","0","4","8","0"
"2023/2024","Female","all","NABTEB","1-year","College of Education","lga","Abak","South South","Akwa Ibom","Abak","","","0","137","90","32","28","4","0","47","58","4"
"2023/2024","Female","all","NABTEB","1-year","College of Education","lga","Eket","South South","Akwa Ibom","Eket","","","0","174","116","42","43","0","0","58","74","0"
"2023/2024","Female","all","NABTEB","1-year","College of Education","lga","Ikot Ekpene","South South","Akwa Ibom","Ikot Ekpene","","","0","268","179","69","66","5","0","89","110","5"
"2023/2024","Female","all","NABTEB","1-year","College of Education","lga","Oron","South South","Akwa Ibom","Oron","","","0","86","59","18","19","0","0","27","41","0"
"2023/2024","Female","all","NABTEB","1-year","College of Education","lga","Uyo","South South","Akwa Ibom","Uyo","","","0","169","114","41","42","0","0","55","73","0"
"2023/2024","Female","all","NABTEB","1-year","Polytechnic","lga","Abak","South South","Akwa Ibom","Abak","","","0","165","114","41","38","5","0","51","73","5"
"2023/2024","Female","all","NABTEB","1-year","Polytechnic","lga","Eket","South South","Akwa Ibom","Eket","","","0","231","155","64","54","13","0","76","91","13"
"2023/2024","Female","all","NABTEB","1-year","Polytechnic","lga","Ikot Ekpene","South South","Akwa Ibom","Ikot Ekpene","","","0","88","58","27","28","0","0","30","31","0"
"2023/2024","Female","all","NABTEB","1-year","Polytechnic","lga","Oron","South South","Akwa Ibom","Oron","","","0","126","90","32","29","5","0","36","58","5"
"2023/2024","Female","all","NABTEB","1-year","Polytechnic","lga","Uyo","South South","Akwa Ibom","Uyo","","","0","159","104","41","33","8","0","55","63","8"
"2023/2024","Female","all","NABTEB","1-year","University","lga","Abak","South South","Akwa Ibom","Abak","","","0","245","158","50","47","4","0","87","108","4"
"2023/2024","Female","all","NABTEB","1-year","University","lga","Eket","South South","Akwa Ibom","Eket","","","0","79","55","23","20","4","0","24","32","4"
"2023/2024","Female","all","NABTEB","1-year","University","lga","Ikot Ekpene","South South","Akwa Ibom","Ikot Ekpene","","","0","196","134","50","43","9","0","62","84","9"
"2023/2024","Female","all","NABTEB","1-year","University","lga","Oron","South South","Akwa Ibom","Oron","","","0","333","224","86","73","16","0","109","138","16"
"2023/2024","Female","all","NABTEB","1-year","University","lga","Uyo","South South","Akwa Ibom","Uyo","","","0","175","116","46","42","5","0","59","70","5"
"2023/2024","Female","all","NABTEB","2-year","College of Education","lga","Abak","South South","Akwa Ibom","Abak","","","0","78","51","17","19","0","0","27","34","0"
"2023/2024","Female","all","NABTEB","2-year","College of Education","lga","Eket","South South","Akwa Ibom","Eket","","","0","106","73","32","28","4","0","33","41","4"
"2023/2024","Female","all","NABTEB","2-year","College of Education","lga","Ikot Ekpene","South South","Akwa Ibom","Ikot Ekpene","","","0","174","120","51","42","9","0","54","69","9"
"2023/2024","Female","all","NABTEB","2-year","College of Education","lga","Oron","South South","Akwa Ibom","Oron","","","0","57","41","14","15","0","0","16","27","0"
"2023/2024","Female","all","NABTEB","2-year","College of Education","lga","Uyo","South South","Akwa Ibom","Uyo","","","0","108","75","23","24","0","0","33","52","0"
"2023/2024","Female","all","NABTEB","2-year","Polytechnic","lga","Abak","South South","Akwa Ibom","Abak","","","0","102","66","23","20","4","0","36","43","4"
"2023/2024","Female","all","NABTEB","2-year","Polytechnic","lga","Eket","South South","Akwa Ibom","Eket","","","0","142","100","38","34","4","0","42","62","4"
"2023/2024","Female","all","NABTEB","2-year","Polytechnic","lga","Ikot Ekpene","South South","Akwa Ibom","Ikot Ekpene","","","0","58","42","19","15","4","0","16","23","4"
"2023/2024","Female","all","NABTEB","2-year","Polytechnic","lga","Oron","South South","Akwa Ibom","Oron","","","0","81","55","18","15","4","0","26","37","4"
"2023/2024","Female","all","NABTEB","2-year","Polytechnic","lga","Uyo","South South","Akwa Ibom","Uyo","","","0","99","69","22","20","4","0","30","47","4"
"2023/2024","Female","all","NABTEB","2-year","University","lga","Abak","South South","Akwa Ibom","Abak","","","0","150","101","26","30","0","0","49","75","0"
"2023/2024","Female","all","NABTEB","2-year","University","lga","Eket","South South","Akwa Ibom","Eket","","","0","48","34","18","10","8","0","14","16","8"
"2023/2024","Female","all","NABTEB","2-year","University","lga","Ikot Ekpene","South South","Akwa Ibom","Ikot Ekpene","","","0","118","76","27","25","4","0","42","49","4"
"2023/2024","Female","all","NABTEB","2-year","University","lga","Oron","South South","Akwa Ibom","Oron","","","0","216","142","55","44","13","0","74","87","13"
"2023/2024","Female","all","NABTEB","2-year","University","lga","Uyo","South South","Akwa Ibom","Uyo","","","0","105","76","23","24","0","0","29","53","0"
"2023/2024","Female","all","NABTEB","3-5-year","College of Education","lga","Abak","South South","Akwa Ibom","Abak","","","0","54","41","13","15","0","0","13","28","0"
"2023/2024","Female","all","NABTEB","3-5-year","College of Education","lga","Eket","South South","Akwa Ibom","Eket","","","0","75","48","18","20","0","0","27","30","0"
"2023/2024","Female","all","NABTEB","3-5-year","College of Education","lga","Ikot Ekpene","South South","Akwa Ibom","Ikot Ekpene","","","0","105","75","34","30","4","0","30","41","4"
"2023/2024","Female","all","NABTEB","3-5-year","College of Education","lga","Oron","South South","Akwa Ibom","Oron","","","0","39","27","9","10","0","0","12","18","0"
"2023/2024","Female","all","NABTEB","3-5-year","College of Education","lga","Uyo","South South","Akwa Ibom","Uyo","","","0","66","44","19","20","0","0","22","25","0"
"2023/2024","Female","all","NABTEB","3-5-year","Polytechnic","lga","Abak","South South","Akwa Ibom","Abak","","","0","60","37","17","20","0","0","23","20","0"
"2023/2024","Female","all","NABTEB","3-5-year","Polytechnic","lga","Eket","South South","Akwa Ibom","Eket","","","0","102","70","30","30","0","0","32","40","0"
"2023/2024","Female","all","NABTEB","3-5-year","Polytechnic","lga","Ikot Ekpene","South South","Akwa Ibom","Ikot Ekpene","","","0","33","24","9","10","0","0","9","15","0"
"2023/2024","Female","all","NABTEB","3-5-year","Polytechnic","lga","Oron","South South","Akwa Ibom","Oron","","","0","54","38","14","15","0","0","16","24","0"
"2023/2024","Female","all","NABTEB","3-5-year","Polytechnic","lga","Uyo","South South","Akwa Ibom","Uyo","","","0","66","41","18","20","0","0","25","23","0"
"2023/2024","Female","all","NABTEB","3-5-year","University","lga","Abak","South South","Akwa Ibom","Abak","","","0","93","62","22","25","0","0","31","40","0"
"2023/2024","Female","all","NABTEB","3-5-year","University","lga","Eket","South South","Akwa Ibom","Eket","","","0","33","24","10","10","0","0","9","14","0"
"2023/2024","Female","all","NABTEB","3-5-year","University","lga","Ikot Ekpene","South South","Akwa Ibom","Ikot Ekpene","","","0","81","55","21","20","4","0","26","34","4"
"2023/2024","Female","all","NABTEB","3-5-year","University","lga","Oron","South South","Akwa Ibom","Oron","","","0","129","92","30","35","0","0","37","62","0"
"2023/2024","Female","all","NABTEB","3-5-year","University","lga","Uyo","South South","Akwa Ibom","Uyo","","","0","69","45","19","20","0","0","24","26","0"
"2023/2024","Female","all","NABTEB","5+-year","College of Education","lga","Abak","South South","Akwa Ibom","Abak","","","0","33","20","9","5","4","0","13","11","4"
"2023/2024","Female","all","NABTEB","5+-year","College of Education","lga","Eket","South South","Akwa Ibom","Eket","","","0","36","27","8","0","8","0","9","19","8"
"2023/2024","Female","all","NABTEB","5+-year","College of Education","lga","Ikot Ekpene","South South","Akwa Ibom","Ikot Ekpene","","","0","51","35","10","5","5","0","17","25","5"
"2023/2024","Female","all","NABTEB","5+-year","College of Education","lga","Oron","South South","Akwa Ibom","Oron","","","0","18","14","9","0","9","0","4","5","9"
"2023/2024","Female","all","NABTEB","5+-year","College of Education","lga","Uyo","South South","Akwa Ibom","Uyo","","","0","36","31","15","0","15","0","6","16","15"
"2023/2024","Female","all","NABTEB","5+-year","Polytechnic","lga","Abak","South South","Akwa Ibom","Abak","","","0","33","24","9","0","9","0","9","17","9"
"2023/2024","Female","all","NABTEB","5+-year","Polytechnic","lga","Eket","South South","Akwa Ibom","Eket","","","0","60","42","10","5","5","0","20","32","5"
"2023/2024","Female","all","NABTEB","5+-year","Polytechnic","lga","Ikot Ekpene","South South","Akwa Ibom","Ikot Ekpene","","","0","18","13","5","5","0","0","5","8","0"
"2023/2024","Female","all","NABTEB","5+-year","Polytechnic","lga","Oron","South South","Akwa Ibom","Oron","","","0","30","21","9","0","9","0","9","12","9"
"2023/2024","Female","all","NABTEB","5+-year","Polytechnic","lga","Uyo","South South","Akwa Ibom","Uyo","","","0","33","28","8","0","8","0","6","20","8"
"2023/2024","Female","all","NABTEB","5+-year","University","lga","Abak","South South","Akwa Ibom","Abak","","","0","60","41","18","0","18","0","19","23","18"
"2023/2024","Female","all","NABTEB","5+-year","University","lga","Eket","South South","Akwa Ibom","Eket","","","0","15","10","0","0","0","0","5","10","0"
"2023/2024","Female","all","NABTEB","5+-year","University","lga","Ikot Ekpene","South South","Akwa Ibom","Ikot Ekpene","","","0","48","31","13","10","4","0","17","18","4"
"2023/2024","Female","all","NABTEB","5+-year","University","lga","Oron","South South","Akwa Ibom","Oron","","","0","69","47","8","10","0","0","22","39","0"
"2023/2024","Female","all","NABTEB","5+-year","University","lga","Uyo","South South","Akwa Ibom","Uyo","","","0","36","28","12","5","8","0","8","16","8"
"2023/2024","Female","all","NECO","1-year","College of Education","lga","Abak","South South","Akwa Ibom","Abak","","","0","225","148","52","43","9","0","77","96","9"
"2023/2024","Female","all","NECO","1-year","College of Education","lga","Eket","South South","Akwa Ibom","Eket","","","0","350","239","90","80","11","0","111","149","11"
"2023/2024","Female","all","NECO","1-year","College of Education","lga","Ikot Ekpene","South South","Akwa Ibom","Ikot Ekpene","","","0","502","348","129","123","8","0","154","219","8"
"2023/2024","Female","all","NECO","1-year","College of Education","lga","Oron","South South","Akwa Ibom","Oron","","","0","164","105","40","34","6","0","59","65","6"
"2023/2024","Female","all","NECO","1-year","College of Education","lga","Uyo","South South","Akwa Ibom","Uyo","","","0","277","189","68","68","3","0","88","121","3"
"2023/2024","Female","all","NECO","1-year","Polytechnic","lga","Abak","South South","Akwa Ibom","Abak","","","0","296","195","64","64","3","0","101","131","3"
"2023/2024","Female","all","NECO","1-year","Polytechnic","lga","Eket","South South","Akwa Ibom","Eket","","","0","462","321","118","103","16","0","141","203","16"
"2023/2024","Female","all","NECO","1-year","Polytechnic","lga","Ikot Ekpene","South South","Akwa Ibom","Ikot Ekpene","","","0","184","124","51","47","4","0","60","73","4"
"2023/2024","Female","all","NECO","1-year","Polytechnic","lga","Oron","South South","Akwa Ibom","Oron","","","0","245","162","60","51","9","0","83","102","9"
"2023/2024","Female","all","NECO","1-year","Polytechnic","lga","Uyo","South South","Akwa Ibom","Uyo","","","0","273","187","71","64","8","0","86","116","8"
"2023/2024","Female","all","NECO","1-year","University","lga","Abak","South South","Akwa Ibom","Abak","","","0","453","303","96","93","6","0","150","207","6"
"2023/2024","Female","all","NECO","1-year","University","lga","Eket","South South","Akwa Ibom","Eket","","","0","145","100","40","34","6","0","45","60","6"
"2023/2024","Female","all","NECO","1-year","University","lga","Ikot Ekpene","South South","Akwa Ibom","Ikot Ekpene","","","0","351","235","84","76","9","0","116","151","9"
"2023/2024","Female","all","NECO","1-year","University","lga","Oron","South South","Akwa Ibom","Oron","","","0","589","409","146","136","12","0","180","263","12"
"2023/2024","Female","all","NECO","1-year","University","lga","Uyo","South South","Akwa Ibom","Uyo","","","0","319","214","72","68","6","0","105","142","6"
"2023/2024","Female","all","NECO","2-year","College of Education","lga","Abak","South South","Akwa Ibom","Abak","","","0","142","96","32","26","7","0","46","64","7"
"2023/2024","Female","all","NECO","2-year","College of Education","lga","Eket","South South","Akwa Ibom","Eket","","","0","228","156","60","56","6","0","72","96","6"
"2023/2024","Female","all","NECO","2-year","College of Education","lga","Ikot Ekpene","South South","Akwa Ibom","Ikot Ekpene","","","0","328","225","88","86","6","0","103","137","6"
"2023/2024","Female","all","NECO","2-year","College of Education","lga","Oron","South South","Akwa Ibom","Oron","","","0","103","66","24","22","3","0","37","42","3"
"2023/2024","Female","all","NECO","2-year","College of Education","lga","Uyo","South South","Akwa Ibom","Uyo","","","0","190","132","48","39","10","0","58","84","10"
"2023/2024","Female","all","NECO","2-year","Polytechnic","lga","Abak","South South","Akwa Ibom","Abak","","","0","174","117","40","36","6","0","57","77","6"
"2023/2024","Female","all","NECO","2-year","Polytechnic","lga","Eket","South South","Akwa Ibom","Eket","","","0","289","195","68","69","3","0","94","127","3"
"2023/2024","Female","all","NECO","2-year","Polytechnic","lga","Ikot Ekpene","South South","Akwa Ibom","Ikot Ekpene","","","0","132","94","39","34","5","0","38","55","5"
"2023/2024","Female","all","NECO","2-year","Polytechnic","lga","Oron","South South","Akwa Ibom","Oron","","","0","155","105","32","35","0","0","50","73","0"
"2023/2024","Female","all","NECO","2-year","Polytechnic","lga","Uyo","South South","Akwa Ibom","Uyo","","","0","165","114","40","38","3","0","51","74","3"
"2023/2024","Female","all","NECO","2-year","University","lga","Abak","South South","Akwa Ibom","Abak","","","0","297","192","72","60","13","0","105","120","13"
"2023/2024","Female","all","NECO","2-year","University","lga","Eket","South South","Akwa Ibom","Eket","","","0","87","63","24","22","3","0","24","39","3"
"2023/2024","Female","all","NECO","2-year","University","lga","Ikot Ekpene","South South","Akwa Ibom","Ikot Ekpene","","","0","222","156","52","48","6","0","66","104","6"
"2023/2024","Female","all","NECO","2-year","University","lga","Oron","South South","Akwa Ibom","Oron","","","0","361","252","88","82","9","0","109","164","9"
"2023/2024","Female","all","NECO","2-year","University","lga","Uyo","South South","Akwa Ibom","Uyo","","","0","197","129","44","40","6","0","68","85","6"
"2023/2024","Female","all","NECO","3-5-year","College of Education","lga","Abak","South South","Akwa Ibom","Abak","","","0","94","63","24","21","4","0","31","39","4"
"2023/2024","Female","all","NECO","3-5-year","College of Education","lga","Eket","South South","Akwa Ibom","Eket","","","0","149","99","40","39","3","0","50","59","3"
"2023/2024","Female","all","NECO","3-5-year","College of Education","lga","Ikot Ekpene","South South","Akwa Ibom","Ikot Ekpene","","","0","205","141","52","47","7","0","64","89","7"
"2023/2024","Female","all","NECO","3-5-year","College of Education","lga","Oron","South South","Akwa Ibom","Oron","","","0","70","48","16","13","4","0","22","32","4"
"2023/2024","Female","all","NECO","3-5-year","College of Education","lga","Uyo","South South","Akwa Ibom","Uyo","","","0","135","87","36","35","3","0","48","51","3"
"2023/2024","Female","all","NECO","3-5-year","Polytechnic","lga","Abak","South South","Akwa Ibom","Abak","","","0","125","81","32","31","4","0","44","49","4"
"2023/2024","Female","all","NECO","3-5-year","Polytechnic","lga","Eket","South South","Akwa Ibom","Eket","","","0","164","108","40","38","3","0","56","68","3"
"2023/2024","Female","all","NECO","3-5-year","Polytechnic","lga","Ikot Ekpene","South South","Akwa Ibom","Ikot Ekpene","","","0","78","51","20","17","3","0","27","31","3"
"2023/2024","Female","all","NECO","3-5-year","Polytechnic","lga","Oron","South South","Akwa Ibom","Oron","","","0","93","63","24","27","0","0","30","39","0"
"2023/2024","Female","all","NECO","3-5-year","Polytechnic","lga","Uyo","South South","Akwa Ibom","Uyo","","","0","115","84","28","26","4","0","31","56","4"
"2023/2024","Female","all","NECO","3-5-year","University","lga","Abak","South South","Akwa Ibom","Abak","","","0","178","117","40","34","7","0","61","77","7"
"2023/2024","Female","all","NECO","3-5-year","University","lga","Eket","South South","Akwa Ibom","Eket","","","0","62","42","16","17","0","0","20","26","0"
"2023/2024","Female","all","NECO","3-5-year","University","lga","Ikot Ekpene","South South","Akwa Ibom","Ikot Ekpene","","","0","141","96","36","31","7","0","45","60","7"
"2023/2024","Female","all","NECO","3-5-year","University","lga","Oron","South South","Akwa Ibom","Oron","","","0","242","168","60","57","7","0","74","108","7"
"2023/2024","Female","all","NECO","3-5-year","University","lga","Uyo","South South","Akwa Ibom","Uyo","","","0","129","90","32","31","3","0","39","58","3"
"2023/2024","Female","all","NECO","5+-year","College of Education","lga","Abak","South South","Akwa Ibom","Abak","","","0","59","36","8","8","0","0","23","28","0"
"2023/2024","Female","all","NECO","5+-year","College of Education","lga","Eket","South South","Akwa Ibom","Eket","","","0","71","48","20","17","4","0","23","28","4"
"2023/2024","Female","all","NECO","5+-year","College of Education","lga","Ikot Ekpene","South South","Akwa Ibom","Ikot Ekpene","","","0","104","69","36","20","16","0","35","33","16"
"2023/2024","Female","all","NECO","5+-year","College of Education","lga","Oron","South South","Akwa Ibom","Oron","","","0","32","24","8","8","0","0","8","16","0"
"2023/2024","Female","all","NECO","5+-year","College of Education","lga","Uyo","South South","Akwa Ibom","Uyo","","","0","71","48","16","16","0","0","23","32","0"
"2023/2024","Female","all","NECO","5+-year","Polytechnic","lga","Abak","South South","Akwa Ibom","Abak","","","0","71","42","16","16","0","0","29","26","0"
"2023/2024","Female","all","NECO","5+-year","Polytechnic","lga","Eket","South South","Akwa Ibom","Eket","","","0","98","66","24","16","8","0","32","42","8"
"2023/2024","Female","all","NECO","5+-year","Polytechnic","lga","Ikot Ekpene","South South","Akwa Ibom","Ikot Ekpene","","","0","39","27","12","8","4","0","12","15","4"
"2023/2024","Female","all","NECO","5+-year","Polytechnic","lga","Oron","South South","Akwa Ibom","Oron","","","0","62","42","20","12","8","0","20","22","8"
"2023/2024","Female","all","NECO","5+-year","Polytechnic","lga","Uyo","South South","Akwa Ibom","Uyo","","","0","61","45","20","16","4","0","16","25","4"
"2023/2024","Female","all","NECO","5+-year","University","lga","Abak","South South","Akwa Ibom","Abak","","","0","103","69","20","20","0","0","34","49","0"
"2023/2024","Female","all","NECO","5+-year","University","lga","Eket","South South","Akwa Ibom","Eket","","","0","42","30","12","12","0","0","12","18","0"
"2023/2024","Female","all","NECO","5+-year","University","lga","Ikot Ekpene","South South","Akwa Ibom","Ikot Ekpene","","","0","86","60","24","21","4","0","26","36","4"
"2023/2024","Female","all","NECO","5+-year","University","lga","Oron","South South","Akwa Ibom","Oron","","","0","142","102","40","29","12","0","40","62","12"
"2023/2024","Female","all","NECO","5+-year","University","lga","Uyo","South South","Akwa Ibom","Uyo","","","0","84","54","16","16","0","0","30","38","0"
"2023/2024","Female","all","WAEC","1-year","College of Education","lga","Abak","South South","Akwa Ibom","Abak","","","0","314","208","68","60","8","0","106","140","8"
"2023/2024","Female","all","WAEC","1-year","College of Education","lga","Eket","South South","Akwa Ibom","Eket","","","0","469","328","121","114","8","0","141","207","8"
"2023/2024","Female","all","WAEC","1-year","College of Education","lga","Ikot Ekpene","South South","Akwa Ibom","Ikot Ekpene","","","0","674","452","174","155","19","0","222","278","19"
"2023/2024","Female","all","WAEC","1-year","College of Education","lga","Oron","South South","Akwa Ibom","Oron","","","0","229","150","47","41","6","0","79","103","6"
"2023/2024","Female","all","WAEC","1-year","College of Education","lga","Uyo","South South","Akwa Ibom","Uyo","","","0","410","277","99","83","16","0","133","178","16"
"2023/2024","Female","all","WAEC","1-year","Polytechnic","lga","Abak","South South","Akwa Ibom","Abak","","","0","385","257","88","80","8","0","128","169","8"
"2023/2024","Female","all","WAEC","1-year","Polytechnic","lga","Eket","South South","Akwa Ibom","Eket","","","0","587","396","142","136","8","0","191","254","8"
"2023/2024","Female","all","WAEC","1-year","Polytechnic","lga","Ikot Ekpene","South South","Akwa Ibom","Ikot Ekpene","","","0","216","150","57","53","4","0","66","93","4"
"2023/2024","Female","all","WAEC","1-year","Polytechnic","lga","Oron","South South","Akwa Ibom","Oron","","","0","324","224","85","79","8","0","100","139","8"
"2023/2024","Female","all","WAEC","1-year","Polytechnic","lga","Uyo","South South","Akwa Ibom","Uyo","","","0","377","253","97","86","11","0","124","156","11"
"2023/2024","Female","all","WAEC","1-year","University","lga","Abak","South South","Akwa Ibom","Abak","","","0","645","443","144","133","13","0","202","299","13"
"2023/2024","Female","all","WAEC","1-year","University","lga","Eket","South South","Akwa Ibom","Eket","","","0","206","138","50","45","5","0","68","88","5"
"2023/2024","Female","all","WAEC","1-year","University","lga","Ikot Ekpene","South South","Akwa Ibom","Ikot Ekpene","","","0","473","316","122","113","11","0","157","194","11"
"2023/2024","Female","all","WAEC","1-year","University","lga","Oron","South South","Akwa Ibom","Oron","","","0","781","542","203","185","19","0","239","339","19"
"2023/2024","Female","all","WAEC","1-year","University","lga","Uyo","South South","Akwa Ibom","Uyo","","","0","435","291","107","95","12","0","144","184","12"
"2023/2024","Female","all","WAEC","2-year","College of Education","lga","Abak","South South","Akwa Ibom","Abak","","","0","213","139","47","41","6","0","74","92","6"
"2023/2024","Female","all","WAEC","2-year","College of Education","lga","Eket","South South","Akwa Ibom","Eket","","","0","310","213","83","74","10","0","97","130","10"
"2023/2024","Female","all","WAEC","2-year","College of Education","lga","Ikot Ekpene","South South","Akwa Ibom","Ikot Ekpene","","","0","421","288","107","97","10","0","133","181","10"
"2023/2024","Female","all","WAEC","2-year","College of Education","lga","Oron","South South","Akwa Ibom","Oron","","","0","144","92","32","26","6","0","52","60","6"
"2023/2024","Female","all","WAEC","2-year","College of Education","lga","Uyo","South South","Akwa Ibom","Uyo","","","0","262","173","57","52","6","0","89","116","6"
"2023/2024","Female","all","WAEC","2-year","Polytechnic","lga","Abak","South South","Akwa Ibom","Abak","","","0","265","178","60","52","9","0","87","118","9"
"2023/2024","Female","all","WAEC","2-year","Polytechnic","lga","Eket","South South","Akwa Ibom","Eket","","","0","401","272","100","89","11","0","129","172","11"
"2023/2024","Female","all","WAEC","2-year","Polytechnic","lga","Ikot Ekpene","South South","Akwa Ibom","Ikot Ekpene","","","0","141","98","36","34","2","0","43","62","2"
"2023/2024","Female","all","WAEC","2-year","Polytechnic","lga","Oron","South South","Akwa Ibom","Oron","","","0","206","144","56","49","7","0","62","88","7"
"2023/2024","Female","all","WAEC","2-year","Polytechnic","lga","Uyo","South South","Akwa Ibom","Uyo","","","0","243","161","57","52","6","0","82","104","6"
"2023/2024","Female","all","WAEC","2-year","University","lga","Abak","South South","Akwa Ibom","Abak","","","0","402","277","93","79","14","0","125","184","14"
"2023/2024","Female","all","WAEC","2-year","University","lga","Eket","South South","Akwa Ibom","Eket","","","0","125","81","32","30","2","0","44","49","2"
"2023/2024","Female","all","WAEC","2-year","University","lga","Ikot Ekpene","South South","Akwa Ibom","Ikot Ekpene","","","0","297","196","74","68","7","0","101","122","7"
"2023/2024","Female","all","WAEC","2-year","University","lga","Oron","South South","Akwa Ibom","Oron","","","0","497","351","132","113","20","0","146","219","20"
"2023/2024","Female","all","WAEC","2-year","University","lga","Uyo","South South","Akwa Ibom","Uyo","","","0","278","184","67","64","5","0","94","117","5"
"2023/2024","Female","all","WAEC","3-5-year","College of Education","lga","Abak","South South","Akwa Ibom","Abak","","","0","128","86","32","26","6","0","42","54","6"
"2023/2024","Female","all","WAEC","3-5-year","College of Education","lga","Eket","South South","Akwa Ibom","Eket","","","0","179","123","46","37","10","0","56","77","10"
"2023/2024","Female","all","WAEC","3-5-year","College of Education","lga","Ikot Ekpene","South South","Akwa Ibom","Ikot Ekpene","","","0","274","186","67","60","9","0","88","119","9"
"2023/2024","Female","all","WAEC","3-5-year","College of Education","lga","Oron","South South","Akwa Ibom","Oron","","","0","85","55","18","14","4","0","30","37","4"
"2023/2024","Female","all","WAEC","3-5-year","College of Education","lga","Uyo","South South","Akwa Ibom","Uyo","","","0","157","107","32","32","0","0","50","75","0"
"2023/2024","Female","all","WAEC","3-5-year","Polytechnic","lga","Abak","South South","Akwa Ibom","Abak","","","0","157","101","32","32","0","0","56","69","0"
"2023/2024","Female","all","WAEC","3-5-year","Polytechnic","lga","Eket","South South","Akwa Ibom","Eket","","","0","242","161","61","52","9","0","81","100","9"
"2023/2024","Female","all","WAEC","3-5-year","Polytechnic","lga","Ikot Ekpene","South South","Akwa Ibom","Ikot Ekpene","","","0","91","63","25","22","3","0","28","38","3"
"2023/2024","Female","all","WAEC","3-5-year","Polytechnic","lga","Oron","South South","Akwa Ibom","Oron","","","0","131","92","33","29","4","0","39","59","4"
"2023/2024","Female","all","WAEC","3-5-year","Polytechnic","lga","Uyo","South South","Akwa Ibom","Uyo","","","0","151","104","40","36","4","0","47","64","4"
"2023/2024","Female","all","WAEC","3-5-year","University","lga","Abak","South South","Akwa Ibom","Abak","","","0","267","179","62","51","11","0","88","117","11"
"2023/2024","Female","all","WAEC","3-5-year","University","lga","Eket","South South","Akwa Ibom","Eket","","","0","75","49","18","18","0","0","26","31","0"
"2023/2024","Female","all","WAEC","3-5-year","University","lga","Ikot Ekpene","South South","Akwa Ibom","Ikot Ekpene","","","0","203","138","54","44","10","0","65","84","10"
"2023/2024","Female","all","WAEC","3-5-year","University","lga","Oron","South South","Akwa Ibom","Oron","","","0","346","235","97","81","16","0","111","138","16"
"2023/2024","Female","all","WAEC","3-5-year","University","lga","Uyo","South South","Akwa Ibom","Uyo","","","0","181","118","43","32","11","0","63","75","11"
"2023/2024","Female","all","WAEC","5+-year","College of Education","lga","Abak","South South","Akwa Ibom","Abak","","","0","68","46","18","15","3","0","22","28","3"
"2023/2024","Female","all","WAEC","5+-year","College of Education","lga","Eket","South South","Akwa Ibom","Eket","","","0","94","66","24","25","0","0","28","42","0"
"2023/2024","Female","all","WAEC","5+-year","College of Education","lga","Ikot Ekpene","South South","Akwa Ibom","Ikot Ekpene","","","0","160","111","40","37","4","0","49","71","4"
"2023/2024","Female","all","WAEC","5+-year","College of Education","lga","Oron","South South","Akwa Ibom","Oron","","","0","46","31","7","8","0","0","15","24","0"
"2023/2024","Female","all","WAEC","5+-year","College of Education","lga","Uyo","South South","Akwa Ibom","Uyo","","","0","78","53","18","16","3","0","25","35","3"
"2023/2024","Female","all","WAEC","5+-year","Polytechnic","lga","Abak","South South","Akwa Ibom","Abak","","","0","95","68","24","19","6","0","27","44","6"
"2023/2024","Female","all","WAEC","5+-year","Polytechnic","lga","Eket","South South","Akwa Ibom","Eket","","","0","130","92","32","26","7","0","38","60","7"
"2023/2024","Female","all","WAEC","5+-year","Polytechnic","lga","Ikot Ekpene","South South","Akwa Ibom","Ikot Ekpene","","","0","52","37","11","11","0","0","15","26","0"
"2023/2024","Female","all","WAEC","5+-year","Polytechnic","lga","Oron","South South","Akwa Ibom","Oron","","","0","69","48","21","18","3","0","21","27","3"
"2023/2024","Female","all","WAEC","5+-year","Polytechnic","lga","Uyo","South South","Akwa Ibom","Uyo","","","0","85","56","22","16","6","0","29","34","6"
"2023/2024","Female","all","WAEC","5+-year","University","lga","Abak","South South","Akwa Ibom","Abak","","","0","151","100","35","33","3","0","51","65","3"
"2023/2024","Female","all","WAEC","5+-year","University","lga","Eket","South South","Akwa Ibom","Eket","","","0","43","28","14","8","6","0","15","14","6"
"2023/2024","Female","all","WAEC","5+-year","University","lga","Ikot Ekpene","South South","Akwa Ibom","Ikot Ekpene","","","0","104","71","28","22","6","0","33","43","6"
"2023/2024","Female","all","WAEC","5+-year","University","lga","Oron","South South","Akwa Ibom","Oron","","","0","186","129","46","40","7","0","57","83","7"
"2023/2024","Female","all","WAEC","5+-year","University","lga","Uyo","South South","Akwa Ibom","Uyo","","","0","95","65","23","19","4","0","30","42","4"
"2023/2024","Female","disabled","NABTEB","1-year","College of Education","lga","Abak","South South","Akwa Ibom","Abak","","","0","18","10","15","15","0","0","8","0","0"
"2023/2024","Female","disabled","NABTEB","1-year","College of Education","lga","Eket","South South","Akwa Ibom","Eket","","","0","24","14","18","20","0","0","10","0","0"
"2023/2024","Female","disabled","NABTEB","1-year","College of Education","lga","Ikot Ekpene","South South","Akwa Ibom","Ikot Ekpene","","","0","39","25","29","30","0","0","14","2","0"
"2023/2024","Female","disabled","NABTEB","1-year","College of Education","lga","Oron","South South","Akwa Ibom","Oron","","","0","12","7","9","10","0","0","5","0","0"
"2023/2024","Female","disabled","NABTEB","1-year","College of Education","lga","Uyo","South South","Akwa Ibom","Uyo","","","0","24","12","19","20","0","0","12","0","0"
"2023/2024","Female","disabled","NABTEB","1-year","Polytechnic","lga","Abak","South South","Akwa Ibom","Abak","","","0","24","15","17","20","0","0","9","0","0"
"2023/2024","Female","disabled","NABTEB","1-year","Polytechnic","lga","Eket","South South","Akwa Ibom","Eket","","","0","39","23","30","30","0","0","16","2","0"
"2023/2024","Female","disabled","NABTEB","1-year","Polytechnic","lga","Ikot Ekpene","South South","Akwa Ibom","Ikot Ekpene","","","0","12","6","10","10","0","0","6","0","0"
"2023/2024","Female","disabled","NABTEB","1-year","Polytechnic","lga","Oron","South South","Akwa Ibom","Oron","","","0","18","9","14","15","0","0","9","0","0"
"2023/2024","Female","disabled","NABTEB","1-year","Polytechnic","lga","Uyo","South South","Akwa Ibom","Uyo","","","0","24","13","18","20","0","0","11","0","0"
"2023/2024","Female","disabled","NABTEB","1-year","University","lga","Abak","South South","Akwa Ibom","Abak","","","0","30","18","23","25","0","0","12","0","0"
"2023/2024","Female","disabled","NABTEB","1-year","University","lga","Eket","South South","Akwa Ibom","Eket","","","0","12","6","10","10","0","0","6","0","0"
"2023/2024","Female","disabled","NABTEB","1-year","University","lga","Ikot Ekpene","South South","Akwa Ibom","Ikot Ekpene","","","0","24","14","18","20","0","0","10","0","0"
"2023/2024","Female","disabled","NABTEB","1-year","University","lga","Oron","South South","Akwa Ibom","Oron","","","0","42","26","30","35","0","0","17","3","0"
"2023/2024","Female","disabled","NABTEB","1-year","University","lga","Uyo","South South","Akwa Ibom","Uyo","","","0","24","14","17","20","0","0","10","0","0"
"2023/2024","Female","disabled","NABTEB","2-year","College of Education","lga","Abak","South South","Akwa Ibom","Abak","","","0","9","9","0","0","0","0","0","9","0"
"2023/2024","Female","disabled","NABTEB","2-year","College of Education","lga","Eket","South South","Akwa Ibom","Eket","","","0","12","14","0","0","0","0","0","14","0"
"2023/2024","Female","disabled","NABTEB","2-year","College of Education","lga","Ikot Ekpene","South South","Akwa Ibom","Ikot Ekpene","","","0","21","21","0","0","0","0","3","21","0"
"2023/2024","Female","disabled","NABTEB","2-year","College of Education","lga","Oron","South South","Akwa Ibom","Oron","","","0","6","7","0","0","0","0","0","7","0"
"2023/2024","Female","disabled","NABTEB","2-year","College of Education","lga","Uyo","South South","Akwa Ibom","Uyo","","","0","12","12","0","0","0","0","0","12","0"
"2023/2024","Female","disabled","NABTEB","2-year","Polytechnic","lga","Abak","South South","Akwa Ibom","Abak","","","0","12","14","0","0","0","0","0","14","0"
"2023/2024","Female","disabled","NABTEB","2-year","Polytechnic","lga","Eket","South South","Akwa Ibom","Eket","","","0","21","19","0","0","0","0","3","19","0"
"2023/2024","Female","disabled","NABTEB","2-year","Polytechnic","lga","Ikot Ekpene","South South","Akwa Ibom","Ikot Ekpene","","","0","6","6","0","0","0","0","0","6","0"
"2023/2024","Female","disabled","NABTEB","2-year","Polytechnic","lga","Oron","South South","Akwa Ibom","Oron","","","0","9","9","0","0","0","0","0","9","0"
"2023/2024","Female","disabled","NABTEB","2-year","Polytechnic","lga","Uyo","South South","Akwa Ibom","Uyo","","","0","12","13","0","0","0","0","0","13","0"
"2023/2024","Female","disabled","NABTEB","2-year","University","lga","Abak","South South","Akwa Ibom","Abak","","","0","15","18","0","0","0","0","0","18","0"
"2023/2024","Female","disabled","NABTEB","2-year","University","lga","Eket","South South","Akwa Ibom","Eket","","","0","6","6","0","0","0","0","0","6","0"
"2023/2024","Female","disabled","NABTEB","2-year","University","lga","Ikot Ekpene","South South","Akwa Ibom","Ikot Ekpene","","","0","15","14","0","0","0","0","2","14","0"
"2023/2024","Female","disabled","NABTEB","2-year","University","lga","Oron","South South","Akwa Ibom","Oron","","","0","24","23","0","0","0","0","2","23","0"
"2023/2024","Female","disabled","NABTEB","2-year","University","lga","Uyo","South South","Akwa Ibom","Uyo","","","0","12","15","0","0","0","0","0","15","0"
"2023/2024","Female","disabled","NABTEB","3-5-year","College of Education","lga","Abak","South South","Akwa Ibom","Abak","","","0","9","0","0","0","0","0","9","0","0"
"2023/2024","Female","disabled","NABTEB","3-5-year","College of Education","lga","Eket","South South","Akwa Ibom","Eket","","","0","12","4","0","0","0","0","9","4","0"
"2023/2024","Female","disabled","NABTEB","3-5-year","College of Education","lga","Ikot Ekpene","South South","Akwa Ibom","Ikot Ekpene","","","0","18","7","0","0","0","0","12","7","0"
"2023/2024","Female","disabled","NABTEB","3-5-year","College of Education","lga","Oron","South South","Akwa Ibom","Oron","","","0","6","3","0","0","0","0","3","3","0"
"2023/2024","Female","disabled","NABTEB","3-5-year","College of Education","lga","Uyo","South South","Akwa Ibom","Uyo","","","0","12","0","0","0","0","0","12","0","0"
"2023/2024","Female","disabled","NABTEB","3-5-year","Polytechnic","lga","Abak","South South","Akwa Ibom","Abak","","","0","12","0","0","0","0","0","12","0","0"
"2023/2024","Female","disabled","NABTEB","3-5-year","Polytechnic","lga","Eket","South South","Akwa Ibom","Eket","","","0","18","3","0","0","0","0","15","3","0"
"2023/2024","Female","disabled","NABTEB","3-5-year","Polytechnic","lga","Ikot Ekpene","South South","Akwa Ibom","Ikot Ekpene","","","0","6","3","0","0","0","0","3","3","0"
"2023/2024","Female","disabled","NABTEB","3-5-year","Polytechnic","lga","Oron","South South","Akwa Ibom","Oron","","","0","9","0","0","0","0","0","9","0","0"
"2023/2024","Female","disabled","NABTEB","3-5-year","Polytechnic","lga","Uyo","South South","Akwa Ibom","Uyo","","","0","12","0","0","0","0","0","12","0","0"
"2023/2024","Female","disabled","NABTEB","3-5-year","University","lga","Abak","South South","Akwa Ibom","Abak","","","0","15","10","0","0","0","0","6","10","0"
"2023/2024","Female","disabled","NABTEB","3-5-year","University","lga","Eket","South South","Akwa Ibom","Eket","","","0","6","3","0","0","0","0","3","3","0"
"2023/2024","Female","disabled","NABTEB","3-5-year","University","lga","Ikot Ekpene","South South","Akwa Ibom","Ikot Ekpene","","","0","12","4","0","0","0","0","9","4","0"
"2023/2024","Female","disabled","NABTEB","3-5-year","University","lga","Oron","South South","Akwa Ibom","Oron","","","0","21","7","0","0","0","0","15","7","0"
"2023/2024","Female","disabled","NABTEB","3-5-year","University","lga","Uyo","South South","Akwa Ibom","Uyo","","","0","12","0","0","0","0","0","12","0","0"
"2023/2024","Female","disabled","NABTEB","5+-year","College of Education","lga","Abak","South South","Akwa Ibom","Abak","","","0","0","0","0","0","0","0","0","0","0"
"2023/2024","Female","disabled","NABTEB","5+-year","College of Education","lga","Eket","South South","Akwa Ibom","Eket","","","0","3","0","0","0","0","0","3","0","0"
"2023/2024","Female","disabled","NABTEB","5+-year","College of Education","lga","Ikot Ekpene","South South","Akwa Ibom","Ikot Ekpene","","","0","6","0","0","0","0","0","6","0","0"
"2023/2024","Female","disabled","NABTEB","5+-year","College of Education","lga","Oron","South South","Akwa Ibom","Oron","","","0","0","0","0","0","0","0","0","0","0"
"2023/2024","Female","disabled","NABTEB","5+-year","College of Education","lga","Uyo","South South","Akwa Ibom","Uyo","","","0","0","0","0","0","0","0","0","0","0"
"2023/2024","Female","disabled","NABTEB","5+-year","Polytechnic","lga","Abak","South South","Akwa Ibom","Abak","","","0","0","0","0","0","0","0","0","0","0"
"2023/2024","Female","disabled","NABTEB","5+-year","Polytechnic","lga","Eket","South South","Akwa Ibom","Eket","","","0","3","0","0","0","0","0","3","0","0"
"2023/2024","Female","disabled","NABTEB","5+-year","Polytechnic","lga","Ikot Ekpene","South South","Akwa Ibom","Ikot Ekpene","","","0","3","0","0","0","0","0","3","0","0"
"2023/2024","Female","disabled","NABTEB","5+-year","Polytechnic","lga","Oron","South South","Akwa Ibom","Oron","","","0","0","0","0","0","0","0","0","0","0"
"2023/2024","Female","disabled","NABTEB","5+-year","Polytechnic","lga","Uyo","South South","Akwa Ibom","Uyo","","","0","0","0","0","0","0","0","0","0","0"
"2023/2024","Female","disabled","NABTEB","5+-year","University","lga","Abak","South South","Akwa Ibom","Abak","","","0","9","0","0","0","0","0","9","0","0"
"2023/2024","Female","disabled","NABTEB","5+-year","University","lga","Eket","South South","Akwa Ibom","Eket","","","0","3","0","0","0","0","0","3","0","0"
"2023/2024","Female","disabled","NABTEB","5+-year","University","lga","Ikot Ekpene","South South","Akwa Ibom","Ikot Ekpene","","","0","3","0","0","0","0","0","3","0","0"
"2023/2024","Female","disabled","NABTEB","5+-year","University","lga","Oron","South South","Akwa Ibom","Oron","","","0","6","0","0","0","0","0","6","0","0"
"2023/2024","Female","disabled","NABTEB","5+-year","University","lga","Uyo","South South","Akwa Ibom","Uyo","","","0","0","0","0","0","0","0","0","0","0"
"2023/2024","Female","disabled","NECO","1-year","College of Education","lga","Abak","South South","Akwa Ibom","Abak","","","0","22","12","12","12","0","0","10","2","0"
"2023/2024","Female","disabled","NECO","1-year","College of Education","lga","Eket","South South","Akwa Ibom","Eket","","","0","37","21","16","16","0","0","16","7","0"
"2023/2024","Female","disabled","NECO","1-year","College of Education","lga","Ikot Ekpene","South South","Akwa Ibom","Ikot Ekpene","","","0","56","36","24","24","0","0","20","14","0"
"2023/2024","Female","disabled","NECO","1-year","College of Education","lga","Oron","South South","Akwa Ibom","Oron","","","0","16","12","8","8","0","0","4","4","0"
"2023/2024","Female","disabled","NECO","1-year","College of Education","lga","Uyo","South South","Akwa Ibom","Uyo","","","0","37","21","16","16","0","0","16","6","0"
"2023/2024","Female","disabled","NECO","1-year","Polytechnic","lga","Abak","South South","Akwa Ibom","Abak","","","0","33","18","16","16","0","0","15","4","0"
"2023/2024","Female","disabled","NECO","1-year","Polytechnic","lga","Eket","South South","Akwa Ibom","Eket","","","0","55","30","24","24","0","0","25","9","0"
"2023/2024","Female","disabled","NECO","1-year","Polytechnic","lga","Ikot Ekpene","South South","Akwa Ibom","Ikot Ekpene","","","0","19","12","8","8","0","0","7","5","0"
"2023/2024","Female","disabled","NECO","1-year","Polytechnic","lga","Oron","South South","Akwa Ibom","Oron","","","0","22","12","12","12","0","0","10","2","0"
"2023/2024","Female","disabled","NECO","1-year","Polytechnic","lga","Uyo","South South","Akwa Ibom","Uyo","","","0","33","18","16","16","0","0","15","4","0"
"2023/2024","Female","disabled","NECO","1-year","University","lga","Abak","South South","Akwa Ibom","Abak","","","0","56","30","20","20","0","0","26","11","0"
"2023/2024","Female","disabled","NECO","1-year","University","lga","Eket","South South","Akwa Ibom","Eket","","","0","20","12","8","8","0","0","8","5","0"
"2023/2024","Female","disabled","NECO","1-year","University","lga","Ikot Ekpene","South South","Akwa Ibom","Ikot Ekpene","","","0","35","24","16","16","0","0","11","9","0"
"2023/2024","Female","disabled","NECO","1-year","University","lga","Oron","South South","Akwa Ibom","Oron","","","0","68","36","28","28","0","0","32","10","0"
"2023/2024","Female","disabled","NECO","1-year","University","lga","Uyo","South South","Akwa Ibom","Uyo","","","0","37","21","16","16","0","0","16","6","0"
"2023/2024","Female","disabled","NECO","2-year","College of Education","lga","Abak","South South","Akwa Ibom","Abak","","","0","12","12","0","0","0","0","0","12","0"
"2023/2024","Female","disabled","NECO","2-year","College of Education","lga","Eket","South South","Akwa Ibom","Eket","","","0","20","12","0","0","0","0","8","12","0"
"2023/2024","Female","disabled","NECO","2-year","College of Education","lga","Ikot Ekpene","South South","Akwa Ibom","Ikot Ekpene","","","0","35","24","8","8","0","0","11","16","0"
"2023/2024","Female","disabled","NECO","2-year","College of Education","lga","Oron","South South","Akwa Ibom","Oron","","","0","13","6","0","0","0","0","7","6","0"
"2023/2024","Female","disabled","NECO","2-year","College of Education","lga","Uyo","South South","Akwa Ibom","Uyo","","","0","16","12","0","0","0","0","4","12","0"
"2023/2024","Female","disabled","NECO","2-year","Polytechnic","lga","Abak","South South","Akwa Ibom","Abak","","","0","19","12","0","0","0","0","7","12","0"
"2023/2024","Female","disabled","NECO","2-year","Polytechnic","lga","Eket","South South","Akwa Ibom","Eket","","","0","31","24","0","0","0","0","7","24","0"
"2023/2024","Female","disabled","NECO","2-year","Polytechnic","lga","Ikot Ekpene","South South","Akwa Ibom","Ikot Ekpene","","","0","13","9","4","4","0","0","4","5","0"
"2023/2024","Female","disabled","NECO","2-year","Polytechnic","lga","Oron","South South","Akwa Ibom","Oron","","","0","19","9","0","0","0","0","10","9","0"
"2023/2024","Female","disabled","NECO","2-year","Polytechnic","lga","Uyo","South South","Akwa Ibom","Uyo","","","0","15","12","0","0","0","0","3","12","0"
"2023/2024","Female","disabled","NECO","2-year","University","lga","Abak","South South","Akwa Ibom","Abak","","","0","33","21","4","4","0","0","12","17","0"
"2023/2024","Female","disabled","NECO","2-year","University","lga","Eket","South South","Akwa Ibom","Eket","","","0","9","9","0","0","0","0","0","9","0"
"2023/2024","Female","disabled","NECO","2-year","University","lga","Ikot Ekpene","South South","Akwa Ibom","Ikot Ekpene","","","0","26","15","0","0","0","0","11","15","0"
"2023/2024","Female","disabled","NECO","2-year","University","lga","Oron","South South","Akwa Ibom","Oron","","","0","36","27","0","0","0","0","9","27","0"
"2023/2024","Female","disabled","NECO","2-year","University","lga","Uyo","South South","Akwa Ibom","Uyo","","","0","21","15","0","0","0","0","6","15","0"
"2023/2024","Female","disabled","NECO","3-5-year","College of Education","lga","Abak","South South","Akwa Ibom","Abak","","","0","9","9","0","0","0","0","0","9","0"
"2023/2024","Female","disabled","NECO","3-5-year","College of Education","lga","Eket","South South","Akwa Ibom","Eket","","","0","15","12","0","0","0","0","3","12","0"
"2023/2024","Female","disabled","NECO","3-5-year","College of Education","lga","Ikot Ekpene","South South","Akwa Ibom","Ikot Ekpene","","","0","24","18","0","0","0","0","6","18","0"
"2023/2024","Female","disabled","NECO","3-5-year","College of Education","lga","Oron","South South","Akwa Ibom","Oron","","","0","6","6","0","0","0","0","0","6","0"
"2023/2024","Female","disabled","NECO","3-5-year","College of Education","lga","Uyo","South South","Akwa Ibom","Uyo","","","0","12","12","0","0","0","0","0","12","0"
"2023/2024","Female","disabled","NECO","3-5-year","Polytechnic","lga","Abak","South South","Akwa Ibom","Abak","","","0","12","12","0","0","0","0","0","12","0"
"2023/2024","Female","disabled","NECO","3-5-year","Polytechnic","lga","Eket","South South","Akwa Ibom","Eket","","","0","22","18","0","0","0","0","4","18","0"
"2023/2024","Female","disabled","NECO","3-5-year","Polytechnic","lga","Ikot Ekpene","South South","Akwa Ibom","Ikot Ekpene","","","0","9","6","0","0","0","0","3","6","0"
"2023/2024","Female","disabled","NECO","3-5-year","Polytechnic","lga","Oron","South South","Akwa Ibom","Oron","","","0","9","9","0","0","0","0","0","9","0"
"2023/2024","Female","disabled","NECO","3-5-year","Polytechnic","lga","Uyo","South South","Akwa Ibom","Uyo","","","0","12","12","0","0","0","0","0","12","0"
"2023/2024","Female","disabled","NECO","3-5-year","University","lga","Abak","South South","Akwa Ibom","Abak","","","0","23","15","0","0","0","0","8","15","0"
"2023/2024","Female","disabled","NECO","3-5-year","University","lga","Eket","South South","Akwa Ibom","Eket","","","0","6","6","0","0","0","0","0","6","0"
"2023/2024","Female","disabled","NECO","3-5-year","University","lga","Ikot Ekpene","South South","Akwa Ibom","Ikot Ekpene","","","0","15","12","0","0","0","0","3","12","0"
"2023/2024","Female","disabled","NECO","3-5-year","University","lga","Oron","South South","Akwa Ibom","Oron","","","0","24","21","0","0","0","0","3","21","0"
"2023/2024","Female","disabled","NECO","3-5-year","University","lga","Uyo","South South","Akwa Ibom","Uyo","","","0","12","12","0","0","0","0","0","12","0"
"2023/2024","Female","disabled","NECO","5+-year","College of Education","lga","Abak","South South","Akwa Ibom","Abak","","","0","6","0","0","0","0","0","6","0","0"
"2023/2024","Female","disabled","NECO","5+-year","College of Education","lga","Eket","South South","Akwa Ibom","Eket","","","0","9","6","0","0","0","0","3","6","0"
"2023/2024","Female","disabled","NECO","5+-year","College of Education","lga","Ikot Ekpene","South South","Akwa Ibom","Ikot Ekpene","","","0","12","6","0","0","0","0","6","6","0"
"2023/2024","Female","disabled","NECO","5+-year","College of Education","lga","Oron","South South","Akwa Ibom","Oron","","","0","6","3","0","0","0","0","3","3","0"
"2023/2024","Female","disabled","NECO","5+-year","College of Education","lga","Uyo","South South","Akwa Ibom","Uyo","","","0","9","3","0","0","0","0","6","3","0"
"2023/2024","Female","disabled","NECO","5+-year","Polytechnic","lga","Abak","South South","Akwa Ibom","Abak","","","0","6","0","0","0","0","0","6","0","0"
"2023/2024","Female","disabled","NECO","5+-year","Polytechnic","lga","Eket","South South","Akwa Ibom","Eket","","","0","9","6","0","0","0","0","3","6","0"
"2023/2024","Female","disabled","NECO","5+-year","Polytechnic","lga","Ikot Ekpene","South South","Akwa Ibom","Ikot Ekpene","","","0","3","3","0","0","0","0","0","3","0"
"2023/2024","Female","disabled","NECO","5+-year","Polytechnic","lga","Oron","South South","Akwa Ibom","Oron","","","0","3","3","0","0","0","0","0","3","0"
"2023/2024","Female","disabled","NECO","5+-year","Polytechnic","lga","Uyo","South South","Akwa Ibom","Uyo","","","0","9","3","0","0","0","0","6","3","0"
"2023/2024","Female","disabled","NECO","5+-year","University","lga","Abak","South South","Akwa Ibom","Abak","","","0","12","12","0","0","0","0","0","12","0"
"2023/2024","Female","disabled","NECO","5+-year","University","lga","Eket","South South","Akwa Ibom","Eket","","","0","3","0","0","0","0","0","3","0","0"
"2023/2024","Female","disabled","NECO","5+-year","University","lga","Ikot Ekpene","South South","Akwa Ibom","Ikot Ekpene","","","0","9","3","0","0","0","0","6","3","0"
"2023/2024","Female","disabled","NECO","5+-year","University","lga","Oron","South South","Akwa Ibom","Oron","","","0","15","15","0","0","0","0","0","15","0"
"2023/2024","Female","disabled","NECO","5+-year","University","lga","Uyo","South South","Akwa Ibom","Uyo","","","0","9","6","0","0","0","0","3","6","0"
"2023/2024","Female","disabled","WAEC","1-year","College of Education","lga","Abak","South South","Akwa Ibom","Abak","","","0","30","21","12","12","0","0","9","9","0"
"2023/2024","Female","disabled","WAEC","1-year","College of Education","lga","Eket","South South","Akwa Ibom","Eket","","","0","46","32","12","16","0","0","14","20","0"
"2023/2024","Female","disabled","WAEC","1-year","College of Education","lga","Ikot Ekpene","South South","Akwa Ibom","Ikot Ekpene","","","0","80","52","23","24","0","0","28","30","0"
"2023/2024","Female","disabled","WAEC","1-year","College of Education","lga","Oron","South South","Akwa Ibom","Oron","","","0","26","18","6","8","0","0","8","12","0"
"2023/2024","Female","disabled","WAEC","1-year","College of Education","lga","Uyo","South South","Akwa Ibom","Uyo","","","0","43","24","14","16","0","0","19","10","0"
"2023/2024","Female","disabled","WAEC","1-year","Polytechnic","lga","Abak","South South","Akwa Ibom","Abak","","","0","43","24","15","16","0","0","19","9","0"
"2023/2024","Female","disabled","WAEC","1-year","Polytechnic","lga","Eket","South South","Akwa Ibom","Eket","","","0","67","38","22","24","0","0","29","17","0"
"2023/2024","Female","disabled","WAEC","1-year","Polytechnic","lga","Ikot Ekpene","South South","Akwa Ibom","Ikot Ekpene","","","0","23","17","7","8","0","0","6","10","0"
"2023/2024","Female","disabled","WAEC","1-year","Polytechnic","lga","Oron","South South","Akwa Ibom","Oron","","","0","33","21","12","12","0","0","12","9","0"
"2023/2024","Female","disabled","WAEC","1-year","Polytechnic","lga","Uyo","South South","Akwa Ibom","Uyo","","","0","43","30","14","16","0","0","13","16","0"
"2023/2024","Female","disabled","WAEC","1-year","University","lga","Abak","South South","Akwa Ibom","Abak","","","0","71","48","17","20","0","0","23","31","0"
"2023/2024","Female","disabled","WAEC","1-year","University","lga","Eket","South South","Akwa Ibom","Eket","","","0","26","17","8","8","0","0","9","9","0"
"2023/2024","Female","disabled","WAEC","1-year","University","lga","Ikot Ekpene","South South","Akwa Ibom","Ikot Ekpene","","","0","55","38","14","16","0","0","17","24","0"
"2023/2024","Female","disabled","WAEC","1-year","University","lga","Oron","South South","Akwa Ibom","Oron","","","0","92","52","26","28","0","0","40","27","0"
"2023/2024","Female","disabled","WAEC","1-year","University","lga","Uyo","South South","Akwa Ibom","Uyo","","","0","49","32","16","16","0","0","17","16","0"
"2023/2024","Female","disabled","WAEC","2-year","College of Education","lga","Abak","South South","Akwa Ibom","Abak","","","0","20","12","4","4","0","0","8","8","0"
"2023/2024","Female","disabled","WAEC","2-year","College of Education","lga","Eket","South South","Akwa Ibom","Eket","","","0","34","21","7","8","0","0","13","14","0"
"2023/2024","Female","disabled","WAEC","2-year","College of Education","lga","Ikot Ekpene","South South","Akwa Ibom","Ikot Ekpene","","","0","50","36","14","16","0","0","14","22","0"
"2023/2024","Female","disabled","WAEC","2-year","College of Education","lga","Oron","South South","Akwa Ibom","Oron","","","0","14","9","0","0","0","0","5","9","0"
"2023/2024","Female","disabled","WAEC","2-year","College of Education","lga","Uyo","South South","Akwa Ibom","Uyo","","","0","31","21","0","0","0","0","10","21","0"
"2023/2024","Female","disabled","WAEC","2-year","Polytechnic","lga","Abak","South South","Akwa Ibom","Abak","","","0","28","15","0","0","0","0","13","15","0"
"2023/2024","Female","disabled","WAEC","2-year","Polytechnic","lga","Eket","South South","Akwa Ibom","Eket","","","0","36","30","7","8","0","0","6","23","0"
"2023/2024","Female","disabled","WAEC","2-year","Polytechnic","lga","Ikot Ekpene","South South","Akwa Ibom","Ikot Ekpene","","","0","16","9","4","4","0","0","7","5","0"
"2023/2024","Female","disabled","WAEC","2-year","Polytechnic","lga","Oron","South South","Akwa Ibom","Oron","","","0","24","12","4","4","0","0","12","8","0"
"2023/2024","Female","disabled","WAEC","2-year","Polytechnic","lga","Uyo","South South","Akwa Ibom","Uyo","","","0","24","18","7","8","0","0","6","11","0"
"2023/2024","Female","disabled","WAEC","2-year","University","lga","Abak","South South","Akwa Ibom","Abak","","","0","49","30","11","12","0","0","19","19","0"
"2023/2024","Female","disabled","WAEC","2-year","University","lga","Eket","South South","Akwa Ibom","Eket","","","0","13","9","4","4","0","0","4","5","0"
"2023/2024","Female","disabled","WAEC","2-year","University","lga","Ikot Ekpene","South South","Akwa Ibom","Ikot Ekpene","","","0","34","24","11","12","0","0","10","13","0"
"2023/2024","Female","disabled","WAEC","2-year","University","lga","Oron","South South","Akwa Ibom","Oron","","","0","54","39","15","16","0","0","15","24","0"
"2023/2024","Female","disabled","WAEC","2-year","University","lga","Uyo","South South","Akwa Ibom","Uyo","","","0","30","21","4","4","0","0","9","17","0"
"2023/2024","Female","disabled","WAEC","3-5-year","College of Education","lga","Abak","South South","Akwa Ibom","Abak","","","0","13","9","0","0","0","0","4","9","0"
"2023/2024","Female","disabled","WAEC","3-5-year","College of Education","lga","Eket","South South","Akwa Ibom","Eket","","","0","20","12","0","0","0","0","8","12","0"
"2023/2024","Female","disabled","WAEC","3-5-year","College of Education","lga","Ikot Ekpene","South South","Akwa Ibom","Ikot Ekpene","","","0","26","24","0","0","0","0","2","24","0"
"2023/2024","Female","disabled","WAEC","3-5-year","College of Education","lga","Oron","South South","Akwa Ibom","Oron","","","0","10","6","0","0","0","0","4","6","0"
"2023/2024","Female","disabled","WAEC","3-5-year","College of Education","lga","Uyo","South South","Akwa Ibom","Uyo","","","0","12","12","0","0","0","0","0","12","0"
"2023/2024","Female","disabled","WAEC","3-5-year","Polytechnic","lga","Abak","South South","Akwa Ibom","Abak","","","0","12","12","0","0","0","0","0","12","0"
"2023/2024","Female","disabled","WAEC","3-5-year","Polytechnic","lga","Eket","South South","Akwa Ibom","Eket","","","0","33","21","0","0","0","0","12","21","0"
"2023/2024","Female","disabled","WAEC","3-5-year","Polytechnic","lga","Ikot Ekpene","South South","Akwa Ibom","Ikot Ekpene","","","0","10","9","0","0","0","0","1","9","0"
"2023/2024","Female","disabled","WAEC","3-5-year","Polytechnic","lga","Oron","South South","Akwa Ibom","Oron","","","0","9","9","0","0","0","0","0","9","0"
"2023/2024","Female","disabled","WAEC","3-5-year","Polytechnic","lga","Uyo","South South","Akwa Ibom","Uyo","","","0","16","12","0","0","0","0","4","12","0"
"2023/2024","Female","disabled","WAEC","3-5-year","University","lga","Abak","South South","Akwa Ibom","Abak","","","0","31","18","0","0","0","0","13","18","0"
"2023/2024","Female","disabled","WAEC","3-5-year","University","lga","Eket","South South","Akwa Ibom","Eket","","","0","10","6","0","0","0","0","4","6","0"
"2023/2024","Female","disabled","WAEC","3-5-year","University","lga","Ikot Ekpene","South South","Akwa Ibom","Ikot Ekpene","","","0","20","12","0","0","0","0","8","12","0"
"2023/2024","Female","disabled","WAEC","3-5-year","University","lga","Oron","South South","Akwa Ibom","Oron","","","0","37","27","4","0","4","0","10","23","4"
"2023/2024","Female","disabled","WAEC","3-5-year","University","lga","Uyo","South South","Akwa Ibom","Uyo","","","0","20","12","4","0","4","0","8","9","4"
"2023/2024","Female","disabled","WAEC","5+-year","College of Education","lga","Abak","South South","Akwa Ibom","Abak","","","0","9","6","0","0","0","0","3","6","0"
"2023/2024","Female","disabled","WAEC","5+-year","College of Education","lga","Eket","South South","Akwa Ibom","Eket","","","0","12","6","0","0","0","0","6","6","0"
"2023/2024","Female","disabled","WAEC","5+-year","College of Education","lga","Ikot Ekpene","South South","Akwa Ibom","Ikot Ekpene","","","0","23","9","0","0","0","0","14","9","0"
"2023/2024","Female","disabled","WAEC","5+-year","College of Education","lga","Oron","South South","Akwa Ibom","Oron","","","0","6","3","0","0","0","0","3","3","0"
"2023/2024","Female","disabled","WAEC","5+-year","College of Education","lga","Uyo","South South","Akwa Ibom","Uyo","","","0","9","3","0","0","0","0","6","3","0"
"2023/2024","Female","disabled","WAEC","5+-year","Polytechnic","lga","Abak","South South","Akwa Ibom","Abak","","","0","9","6","0","0","0","0","3","6","0"
"2023/2024","Female","disabled","WAEC","5+-year","Polytechnic","lga","Eket","South South","Akwa Ibom","Eket","","","0","19","9","0","0","0","0","10","9","0"
"2023/2024","Female","disabled","WAEC","5+-year","Polytechnic","lga","Ikot Ekpene","South South","Akwa Ibom","Ikot Ekpene","","","0","6","3","0","0","0","0","3","3","0"
"2023/2024","Female","disabled","WAEC","5+-year","Polytechnic","lga","Oron","South South","Akwa Ibom","Oron","","","0","3","0","0","0","0","0","3","0","0"
"2023/2024","Female","disabled","WAEC","5+-year","Polytechnic","lga","Uyo","South South","Akwa Ibom","Uyo","","","0","12","6","0","0","0","0","6","6","0"
"2023/2024","Female","disabled","WAEC","5+-year","University","lga","Abak","South South","Akwa Ibom","Abak","","","0","15","12","0","0","0","0","3","12","0"
"2023/2024","Female","disabled","WAEC","5+-year","University","lga","Eket","South South","Akwa Ibom","Eket","","","0","6","3","0","0","0","0","3","3","0"
"2023/2024","Female","disabled","WAEC","5+-year","University","lga","Ikot Ekpene","South South","Akwa Ibom","Ikot Ekpene","","","0","12","6","0","0","0","0","6","6","0"
"2023/2024","Female","disabled","WAEC","5+-year","University","lga","Oron","South South","Akwa Ibom","Oron","","","0","15","15","0","0","0","0","0","15","0"
"2023/2024","Female","disabled","WAEC","5+-year","University","lga","Uyo","South South","Akwa Ibom","Uyo","","","0","12","6","0","0","0","0","6","6","0"
"2023/2024","Male","all","NABTEB","1-year","College of Education","lga","Abak","South South","Akwa Ibom","Abak","","","0","165","110","28","28","0","0","55","82","0"
"2023/2024","Male","all","NABTEB","1-year","College of Education","lga","Eket","South South","Akwa Ibom","Eket","","","0","189","135","55","39","16","0","54","80","16"
"2023/2024","Male","all","NABTEB","1-year","College of Education","lga","Ikot Ekpene","South South","Akwa Ibom","Ikot Ekpene","","","0","289","203","60","57","5","0","86","143","5"
"2023/2024","Male","all","NABTEB","1-year","College of Education","lga","Oron","South South","Akwa Ibom","Oron","","","0","104","69","23","20","4","0","35","46","4"
"2023/2024","Male","all","NABTEB","1-year","College of Education","lga","Uyo","South South","Akwa Ibom","Uyo","","","0","183","124","41","37","4","0","59","83","4"
"2023/2024","Male","all","NABTEB","1-year","Polytechnic","lga","Abak","South South","Akwa Ibom","Abak","","","0","172","114","36","38","0","0","58","78","0"
"2023/2024","Male","all","NABTEB","1-year","Polytechnic","lga","Eket","South South","Akwa Ibom","Eket","","","0","264","179","56","49","8","0","85","123","8"
"2023/2024","Male","all","NABTEB","1-year","Polytechnic","lga","Ikot Ekpene","South South","Akwa Ibom","Ikot Ekpene","","","0","100","73","23","24","0","0","27","50","0"
"2023/2024","Male","all","NABTEB","1-year","Polytechnic","lga","Oron","South South","Akwa Ibom","Oron","","","0","138","87","32","30","4","0","51","55","4"
"2023/2024","Male","all","NABTEB","1-year","Polytechnic","lga","Uyo","South South","Akwa Ibom","Uyo","","","0","159","114","31","33","0","0","45","83","0"
"2023/2024","Male","all","NABTEB","1-year","University","lga","Abak","South South","Akwa Ibom","Abak","","","0","293","195","69","47","22","0","98","126","22"
"2023/2024","Male","all","NABTEB","1-year","University","lga","Eket","South South","Akwa Ibom","Eket","","","0","79","55","23","15","8","0","24","32","8"
"2023/2024","Male","all","NABTEB","1-year","University","lga","Ikot Ekpene","South South","Akwa Ibom","Ikot Ekpene","","","0","232","158","50","52","0","0","74","108","0"
"2023/2024","Male","all","NABTEB","1-year","University","lga","Oron","South South","Akwa Ibom","Oron","","","0","351","242","78","73","8","0","109","164","8"
"2023/2024","Male","all","NABTEB","1-year","University","lga","Uyo","South South","Akwa Ibom","Uyo","","","0","178","120","41","29","13","0","58","79","13"
"2023/2024","Male","all","NABTEB","2-year","College of Education","lga","Abak","South South","Akwa Ibom","Abak","","","0","95","69","19","15","4","0","26","50","4"
"2023/2024","Male","all","NABTEB","2-year","College of Education","lga","Eket","South South","Akwa Ibom","Eket","","","0","128","87","32","29","4","0","41","55","4"
"2023/2024","Male","all","NABTEB","2-year","College of Education","lga","Ikot Ekpene","South South","Akwa Ibom","Ikot Ekpene","","","0","183","128","41","35","8","0","55","87","8"
"2023/2024","Male","all","NABTEB","2-year","College of Education","lga","Oron","South South","Akwa Ibom","Oron","","","0","61","41","14","10","4","0","20","27","4"
"2023/2024","Male","all","NABTEB","2-year","College of Education","lga","Uyo","South South","Akwa Ibom","Uyo","","","0","114","76","24","24","0","0","38","52","0"
"2023/2024","Male","all","NABTEB","2-year","Polytechnic","lga","Abak","South South","Akwa Ibom","Abak","","","0","103","72","27","20","8","0","31","45","8"
"2023/2024","Male","all","NABTEB","2-year","Polytechnic","lga","Eket","South South","Akwa Ibom","Eket","","","0","170","114","38","40","0","0","56","76","0"
"2023/2024","Male","all","NABTEB","2-year","Polytechnic","lga","Ikot Ekpene","South South","Akwa Ibom","Ikot Ekpene","","","0","61","41","19","15","4","0","20","22","4"
"2023/2024","Male","all","NABTEB","2-year","Polytechnic","lga","Oron","South South","Akwa Ibom","Oron","","","0","84","55","18","15","4","0","29","37","4"
"2023/2024","Male","all","NABTEB","2-year","Polytechnic","lga","Uyo","South South","Akwa Ibom","Uyo","","","0","105","69","31","20","12","0","36","38","12"
"2023/2024","Male","all","NABTEB","2-year","University","lga","Abak","South South","Akwa Ibom","Abak","","","0","199","132","41","43","0","0","67","91","0"
"2023/2024","Male","all","NABTEB","2-year","University","lga","Eket","South South","Akwa Ibom","Eket","","","0","51","35","14","10","4","0","16","21","4"
"2023/2024","Male","all","NABTEB","2-year","University","lga","Ikot Ekpene","South South","Akwa Ibom","Ikot Ekpene","","","0","146","100","36","29","8","0","46","64","8"
"2023/2024","Male","all","NABTEB","2-year","University","lga","Oron","South South","Akwa Ibom","Oron","","","0","225","158","49","44","8","0","67","109","8"
"2023/2024","Male","all","NABTEB","2-year","University","lga","Uyo","South South","Akwa Ibom","Uyo","","","0","112","77","22","24","0","0","35","55","0"
"2023/2024","Male","all","NABTEB","3-5-year","College of Education","lga","Abak","South South","Akwa Ibom","Abak","","","0","63","38","15","15","0","0","25","23","0"
"2023/2024","Male","all","NABTEB","3-5-year","College of Education","lga","Eket","South South","Akwa Ibom","Eket","","","0","75","55","18","20","0","0","20","37","0"
"2023/2024","Male","all","NABTEB","3-5-year","College of Education","lga","Ikot Ekpene","South South","Akwa Ibom","Ikot Ekpene","","","0","111","76","29","30","0","0","35","47","0"
"2023/2024","Male","all","NABTEB","3-5-year","College of Education","lga","Oron","South South","Akwa Ibom","Oron","","","0","39","28","9","10","0","0","11","19","0"
"2023/2024","Male","all","NABTEB","3-5-year","College of Education","lga","Uyo","South South","Akwa Ibom","Uyo","","","0","78","52","20","20","0","0","26","32","0"
"2023/2024","Male","all","NABTEB","3-5-year","Polytechnic","lga","Abak","South South","Akwa Ibom","Abak","","","0","69","48","17","20","0","0","21","31","0"
"2023/2024","Male","all","NABTEB","3-5-year","Polytechnic","lga","Eket","South South","Akwa Ibom","Eket","","","0","102","70","30","30","0","0","32","40","0"
"2023/2024","Male","all","NABTEB","3-5-year","Polytechnic","lga","Ikot Ekpene","South South","Akwa Ibom","Ikot Ekpene","","","0","42","31","14","15","0","0","11","17","0"
"2023/2024","Male","all","NABTEB","3-5-year","Polytechnic","lga","Oron","South South","Akwa Ibom","Oron","","","0","51","34","13","15","0","0","17","21","0"
"2023/2024","Male","all","NABTEB","3-5-year","Polytechnic","lga","Uyo","South South","Akwa Ibom","Uyo","","","0","69","52","17","20","0","0","17","35","0"
"2023/2024","Male","all","NABTEB","3-5-year","University","lga","Abak","South South","Akwa Ibom","Abak","","","0","120","83","23","25","0","0","37","60","0"
"2023/2024","Male","all","NABTEB","3-5-year","University","lga","Eket","South South","Akwa Ibom","Eket","","","0","27","20","10","10","0","0","7","10","0"
"2023/2024","Male","all","NABTEB","3-5-year","University","lga","Ikot Ekpene","South South","Akwa Ibom","Ikot Ekpene","","","0","94","65","22","20","4","0","29","43","4"
"2023/2024","Male","all","NABTEB","3-5-year","University","lga","Oron","South South","Akwa Ibom","Oron","","","0","144","99","36","35","4","0","45","63","4"
"2023/2024","Male","all","NABTEB","3-5-year","University","lga","Uyo","South South","Akwa Ibom","Uyo","","","0","69","51","18","20","0","0","18","33","0"
"2023/2024","Male","all","NABTEB","5+-year","College of Education","lga","Abak","South South","Akwa Ibom","Abak","","","0","36","23","10","5","5","0","13","13","5"
"2023/2024","Male","all","NABTEB","5+-year","College of Education","lga","Eket","South South","Akwa Ibom","Eket","","","0","39","27","4","5","0","0","12","23","0"
"2023/2024","Male","all","NABTEB","5+-year","College of Education","lga","Ikot Ekpene","South South","Akwa Ibom","Ikot Ekpene","","","0","63","42","15","10","5","0","21","27","5"
"2023/2024","Male","all","NABTEB","5+-year","College of Education","lga","Oron","South South","Akwa Ibom","Oron","","","0","24","17","5","0","5","0","7","12","5"
"2023/2024","Male","all","NABTEB","5+-year","College of Education","lga","Uyo","South South","Akwa Ibom","Uyo","","","0","39","25","9","0","9","0","14","16","9"
"2023/2024","Male","all","NABTEB","5+-year","Polytechnic","lga","Abak","South South","Akwa Ibom","Abak","","","0","36","25","9","0","9","0","11","16","9"
"2023/2024","Male","all","NABTEB","5+-year","Polytechnic","lga","Eket","South South","Akwa Ibom","Eket","","","0","57","37","14","5","9","0","20","23","9"
"2023/2024","Male","all","NABTEB","5+-year","Polytechnic","lga","Ikot Ekpene","South South","Akwa Ibom","Ikot Ekpene","","","0","21","17","4","5","0","0","4","13","0"
"2023/2024","Male","all","NABTEB","5+-year","Polytechnic","lga","Oron","South South","Akwa Ibom","Oron","","","0","33","24","9","5","5","0","9","15","5"
"2023/2024","Male","all","NABTEB","5+-year","Polytechnic","lga","Uyo","South South","Akwa Ibom","Uyo","","","0","39","25","13","15","0","0","14","12","0"
"2023/2024","Male","all","NABTEB","5+-year","University","lga","Abak","South South","Akwa Ibom","Abak","","","0","57","38","10","10","0","0","19","28","0"
"2023/2024","Male","all","NABTEB","5+-year","University","lga","Eket","South South","Akwa Ibom","Eket","","","0","21","14","0","0","0","0","7","14","0"
"2023/2024","Male","all","NABTEB","5+-year","University","lga","Ikot Ekpene","South South","Akwa Ibom","Ikot Ekpene","","","0","39","24","13","10","4","0","15","11","4"
"2023/2024","Male","all","NABTEB","5+-year","University","lga","Oron","South South","Akwa Ibom","Oron","","","0","75","51","21","15","9","0","24","30","9"
"2023/2024","Male","all","NABTEB","5+-year","University","lga","Uyo","South South","Akwa Ibom","Uyo","","","0","39","28","0","0","0","0","12","28","0"
"2023/2024","Male","all","NECO","1-year","College of Education","lga","Abak","South South","Akwa Ibom","Abak","","","0","261","167","52","47","6","0","94","115","6"
"2023/2024","Male","all","NECO","1-year","College of Education","lga","Eket","South South","Akwa Ibom","Eket","","","0","350","242","91","76","16","0","108","151","16"
"2023/2024","Male","all","NECO","1-year","College of Education","lga","Ikot Ekpene","South South","Akwa Ibom","Ikot Ekpene","","","0","531","366","121","114","9","0","165","245","9"
"2023/2024","Male","all","NECO","1-year","College of Education","lga","Oron","South South","Akwa Ibom","Oron","","","0","180","122","40","34","6","0","58","82","6"
"2023/2024","Male","all","NECO","1-year","College of Education","lga","Uyo","South South","Akwa Ibom","Uyo","","","0","322","214","68","60","10","0","108","146","10"
"2023/2024","Male","all","NECO","1-year","Polytechnic","lga","Abak","South South","Akwa Ibom","Abak","","","0","342","229","80","72","9","0","113","149","9"
"2023/2024","Male","all","NECO","1-year","Polytechnic","lga","Eket","South South","Akwa Ibom","Eket","","","0","467","317","103","98","8","0","150","214","8"
"2023/2024","Male","all","NECO","1-year","Polytechnic","lga","Ikot Ekpene","South South","Akwa Ibom","Ikot Ekpene","","","0","187","133","47","47","1","0","54","86","1"
"2023/2024","Male","all","NECO","1-year","Polytechnic","lga","Oron","South South","Akwa Ibom","Oron","","","0","244","162","52","51","3","0","82","110","3"
"2023/2024","Male","all","NECO","1-year","Polytechnic","lga","Uyo","South South","Akwa Ibom","Uyo","","","0","280","189","68","60","9","0","91","121","9"
"2023/2024","Male","all","NECO","1-year","University","lga","Abak","South South","Akwa Ibom","Abak","","","0","547","370","107","98","10","0","177","263","10"
"2023/2024","Male","all","NECO","1-year","University","lga","Eket","South South","Akwa Ibom","Eket","","","0","148","100","36","30","6","0","48","64","6"
"2023/2024","Male","all","NECO","1-year","University","lga","Ikot Ekpene","South South","Akwa Ibom","Ikot Ekpene","","","0","405","266","83","72","11","0","139","183","11"
"2023/2024","Male","all","NECO","1-year","University","lga","Oron","South South","Akwa Ibom","Oron","","","0","658","448","154","140","15","0","210","294","15"
"2023/2024","Male","all","NECO","1-year","University","lga","Uyo","South South","Akwa Ibom","Uyo","","","0","309","208","64","60","6","0","101","144","6"
"2023/2024","Male","all","NECO","2-year","College of Education","lga","Abak","South South","Akwa Ibom","Abak","","","0","161","105","32","26","7","0","56","73","7"
"2023/2024","Male","all","NECO","2-year","College of Education","lga","Eket","South South","Akwa Ibom","Eket","","","0","222","156","52","56","0","0","66","104","0"
"2023/2024","Male","all","NECO","2-year","College of Education","lga","Ikot Ekpene","South South","Akwa Ibom","Ikot Ekpene","","","0","331","225","72","73","4","0","106","153","4"
"2023/2024","Male","all","NECO","2-year","College of Education","lga","Oron","South South","Akwa Ibom","Oron","","","0","116","81","28","26","3","0","35","53","3"
"2023/2024","Male","all","NECO","2-year","College of Education","lga","Uyo","South South","Akwa Ibom","Uyo","","","0","194","129","44","34","11","0","65","85","11"
"2023/2024","Male","all","NECO","2-year","Polytechnic","lga","Abak","South South","Akwa Ibom","Abak","","","0","217","144","48","48","3","0","73","96","3"
"2023/2024","Male","all","NECO","2-year","Polytechnic","lga","Eket","South South","Akwa Ibom","Eket","","","0","315","207","68","70","3","0","108","139","3"
"2023/2024","Male","all","NECO","2-year","Polytechnic","lga","Ikot Ekpene","South South","Akwa Ibom","Ikot Ekpene","","","0","128","94","35","34","2","0","34","59","2"
"2023/2024","Male","all","NECO","2-year","Polytechnic","lga","Oron","South South","Akwa Ibom","Oron","","","0","164","108","36","31","6","0","56","72","6"
"2023/2024","Male","all","NECO","2-year","Polytechnic","lga","Uyo","South South","Akwa Ibom","Uyo","","","0","181","126","44","39","6","0","55","82","6"
"2023/2024","Male","all","NECO","2-year","University","lga","Abak","South South","Akwa Ibom","Abak","","","0","340","234","72","61","12","0","106","162","12"
"2023/2024","Male","all","NECO","2-year","University","lga","Eket","South South","Akwa Ibom","Eket","","","0","93","63","20","22","0","0","30","43","0"
"2023/2024","Male","all","NECO","2-year","University","lga","Ikot Ekpene","South South","Akwa Ibom","Ikot Ekpene","","","0","265","178","52","48","6","0","87","126","6"
"2023/2024","Male","all","NECO","2-year","University","lga","Oron","South South","Akwa Ibom","Oron","","","0","419","282","104","82","22","0","137","178","22"
"2023/2024","Male","all","NECO","2-year","University","lga","Uyo","South South","Akwa Ibom","Uyo","","","0","203","129","44","35","10","0","74","85","10"
"2023/2024","Male","all","NECO","3-5-year","College of Education","lga","Abak","South South","Akwa Ibom","Abak","","","0","113","72","24","21","4","0","41","48","4"
"2023/2024","Male","all","NECO","3-5-year","College of Education","lga","Eket","South South","Akwa Ibom","Eket","","","0","154","105","40","35","6","0","49","65","6"
"2023/2024","Male","all","NECO","3-5-year","College of Education","lga","Ikot Ekpene","South South","Akwa Ibom","Ikot Ekpene","","","0","229","159","52","51","4","0","70","107","4"
"2023/2024","Male","all","NECO","3-5-year","College of Education","lga","Oron","South South","Akwa Ibom","Oron","","","0","74","48","16","18","0","0","26","32","0"
"2023/2024","Male","all","NECO","3-5-year","College of Education","lga","Uyo","South South","Akwa Ibom","Uyo","","","0","132","87","28","30","0","0","45","59","0"
"2023/2024","Male","all","NECO","3-5-year","Polytechnic","lga","Abak","South South","Akwa Ibom","Abak","","","0","122","87","28","21","8","0","35","59","8"
"2023/2024","Male","all","NECO","3-5-year","Polytechnic","lga","Eket","South South","Akwa Ibom","Eket","","","0","203","135","48","39","10","0","68","87","10"
"2023/2024","Male","all","NECO","3-5-year","Polytechnic","lga","Ikot Ekpene","South South","Akwa Ibom","Ikot Ekpene","","","0","84","60","24","17","7","0","24","36","7"
"2023/2024","Male","all","NECO","3-5-year","Polytechnic","lga","Oron","South South","Akwa Ibom","Oron","","","0","99","63","24","17","8","0","36","39","8"
"2023/2024","Male","all","NECO","3-5-year","Polytechnic","lga","Uyo","South South","Akwa Ibom","Uyo","","","0","120","81","24","25","0","0","39","57","0"
"2023/2024","Male","all","NECO","3-5-year","University","lga","Abak","South South","Akwa Ibom","Abak","","","0","220","147","48","39","11","0","73","99","11"
"2023/2024","Male","all","NECO","3-5-year","University","lga","Eket","South South","Akwa Ibom","Eket","","","0","55","36","12","8","4","0","19","24","4"
"2023/2024","Male","all","NECO","3-5-year","University","lga","Ikot Ekpene","South South","Akwa Ibom","Ikot Ekpene","","","0","171","108","32","30","3","0","63","76","3"
"2023/2024","Male","all","NECO","3-5-year","University","lga","Oron","South South","Akwa Ibom","Oron","","","0","287","186","60","62","3","0","101","126","3"
"2023/2024","Male","all","NECO","3-5-year","University","lga","Uyo","South South","Akwa Ibom","Uyo","","","0","130","87","24","25","0","0","43","63","0"
"2023/2024","Male","all","NECO","5+-year","College of Education","lga","Abak","South South","Akwa Ibom","Abak","","","0","65","42","16","16","0","0","23","26","0"
"2023/2024","Male","all","NECO","5+-year","College of Education","lga","Eket","South South","Akwa Ibom","Eket","","","0","84","57","24","21","4","0","27","33","4"
"2023/2024","Male","all","NECO","5+-year","College of Education","lga","Ikot Ekpene","South South","Akwa Ibom","Ikot Ekpene","","","0","117","78","32","16","16","0","39","46","16"
"2023/2024","Male","all","NECO","5+-year","College of Education","lga","Oron","South South","Akwa Ibom","Oron","","","0","52","33","12","8","4","0","19","21","4"
"2023/2024","Male","all","NECO","5+-year","College of Education","lga","Uyo","South South","Akwa Ibom","Uyo","","","0","81","54","16","16","0","0","27","38","0"
"2023/2024","Male","all","NECO","5+-year","Polytechnic","lga","Abak","South South","Akwa Ibom","Abak","","","0","67","45","16","16","0","0","22","29","0"
"2023/2024","Male","all","NECO","5+-year","Polytechnic","lga","Eket","South South","Akwa Ibom","Eket","","","0","92","57","20","16","4","0","35","37","4"
"2023/2024","Male","all","NECO","5+-year","Polytechnic","lga","Ikot Ekpene","South South","Akwa Ibom","Ikot Ekpene","","","0","45","30","12","13","0","0","15","18","0"
"2023/2024","Male","all","NECO","5+-year","Polytechnic","lga","Oron","South South","Akwa Ibom","Oron","","","0","54","36","12","12","0","0","18","24","0"
"2023/2024","Male","all","NECO","5+-year","Polytechnic","lga","Uyo","South South","Akwa Ibom","Uyo","","","0","67","45","16","16","0","0","22","29","0"
"2023/2024","Male","all","NECO","5+-year","University","lga","Abak","South South","Akwa Ibom","Abak","","","0","119","78","24","25","0","0","41","54","0"
"2023/2024","Male","all","NECO","5+-year","University","lga","Eket","South South","Akwa Ibom","Eket","","","0","36","21","8","8","0","0","15","13","0"
"2023/2024","Male","all","NECO","5+-year","University","lga","Ikot Ekpene","South South","Akwa Ibom","Ikot Ekpene","","","0","103","63","20","21","0","0","40","43","0"
"2023/2024","Male","all","NECO","5+-year","University","lga","Oron","South South","Akwa Ibom","Oron","","","0","152","99","32","29","4","0","53","67","4"
"2023/2024","Male","all","NECO","5+-year","University","lga","Uyo","South South","Akwa Ibom","Uyo","","","0","67","45","16","12","4","0","22","29","4"
"2023/2024","Male","all","WAEC","1-year","College of Education","lga","Abak","South South","Akwa Ibom","Abak","","","0","340","221","72","60","12","0","119","149","12"
"2023/2024","Male","all","WAEC","1-year","College of Education","lga","Eket","South South","Akwa Ibom","Eket","","","0","458","311","107","102","6","0","147","204","6"
"2023/2024","Male","all","WAEC","1-year","College of Education","lga","Ikot Ekpene","South South","Akwa Ibom","Ikot Ekpene","","","0","651","439","140","128","14","0","212","299","14"
"2023/2024","Male","all","WAEC","1-year","College of Education","lga","Oron","South South","Akwa Ibom","Oron","","","0","265","181","57","53","4","0","84","124","4"
"2023/2024","Male","all","WAEC","1-year","College of Education","lga","Uyo","South South","Akwa Ibom","Uyo","","","0","409","267","82","80","4","0","142","185","4"
"2023/2024","Male","all","WAEC","1-year","Polytechnic","lga","Abak","South South","Akwa Ibom","Abak","","","0","429","290","88","80","8","0","139","202","8"
"2023/2024","Male","all","WAEC","1-year","Polytechnic","lga","Eket","South South","Akwa Ibom","Eket","","","0","645","423","139","124","17","0","222","284","17"
"2023/2024","Male","all","WAEC","1-year","Polytechnic","lga","Ikot Ekpene","South South","Akwa Ibom","Ikot Ekpene","","","0","236","170","61","56","5","0","66","109","5"
"2023/2024","Male","all","WAEC","1-year","Polytechnic","lga","Oron","South South","Akwa Ibom","Oron","","","0","357","242","86","75","11","0","115","156","11"
"2023/2024","Male","all","WAEC","1-year","Polytechnic","lga","Uyo","South South","Akwa Ibom","Uyo","","","0","401","265","90","80","10","0","136","175","10"
"2023/2024","Male","all","WAEC","1-year","University","lga","Abak","South South","Akwa Ibom","Abak","","","0","760","504","160","146","14","0","256","344","14"
"2023/2024","Male","all","WAEC","1-year","University","lga","Eket","South South","Akwa Ibom","Eket","","","0","190","133","47","41","6","0","57","86","6"
"2023/2024","Male","all","WAEC","1-year","University","lga","Ikot Ekpene","South South","Akwa Ibom","Ikot Ekpene","","","0","548","369","118","105","13","0","179","251","13"
"2023/2024","Male","all","WAEC","1-year","University","lga","Oron","South South","Akwa Ibom","Oron","","","0","897","598","196","180","19","0","299","402","19"
"2023/2024","Male","all","WAEC","1-year","University","lga","Uyo","South South","Akwa Ibom","Uyo","","","0","446","305","107","98","9","0","141","198","9"
"2023/2024","Male","all","WAEC","2-year","College of Education","lga","Abak","South South","Akwa Ibom","Abak","","","0","206","133","42","37","6","0","73","91","6"
"2023/2024","Male","all","WAEC","2-year","College of Education","lga","Eket","South South","Akwa Ibom","Eket","","","0","298","204","79","68","11","0","94","125","11"
"2023/2024","Male","all","WAEC","2-year","College of Education","lga","Ikot Ekpene","South South","Akwa Ibom","Ikot Ekpene","","","0","419","279","93","82","12","0","140","186","12"
"2023/2024","Male","all","WAEC","2-year","College of Education","lga","Oron","South South","Akwa Ibom","Oron","","","0","167","115","35","30","5","0","52","80","5"
"2023/2024","Male","all","WAEC","2-year","College of Education","lga","Uyo","South South","Akwa Ibom","Uyo","","","0","263","169","54","52","3","0","94","115","3"
"2023/2024","Male","all","WAEC","2-year","Polytechnic","lga","Abak","South South","Akwa Ibom","Abak","","","0","273","184","60","48","12","0","89","124","12"
"2023/2024","Male","all","WAEC","2-year","Polytechnic","lga","Eket","South South","Akwa Ibom","Eket","","","0","406","268","89","74","15","0","138","179","15"
"2023/2024","Male","all","WAEC","2-year","Polytechnic","lga","Ikot Ekpene","South South","Akwa Ibom","Ikot Ekpene","","","0","154","110","40","33","7","0","44","70","7"
"2023/2024","Male","all","WAEC","2-year","Polytechnic","lga","Oron","South South","Akwa Ibom","Oron","","","0","219","150","50","41","9","0","69","100","9"
"2023/2024","Male","all","WAEC","2-year","Polytechnic","lga","Uyo","South South","Akwa Ibom","Uyo","","","0","239","161","53","48","6","0","78","108","6"
"2023/2024","Male","all","WAEC","2-year","University","lga","Abak","South South","Akwa Ibom","Abak","","","0","491","322","103","90","13","0","169","219","13"
"2023/2024","Male","all","WAEC","2-year","University","lga","Eket","South South","Akwa Ibom","Eket","","","0","115","81","29","22","7","0","34","52","7"
"2023/2024","Male","all","WAEC","2-year","University","lga","Ikot Ekpene","South South","Akwa Ibom","Ikot Ekpene","","","0","347","230","78","68","10","0","117","152","10"
"2023/2024","Male","all","WAEC","2-year","University","lga","Oron","South South","Akwa Ibom","Oron","","","0","546","369","117","101","16","0","177","252","16"
"2023/2024","Male","all","WAEC","2-year","University","lga","Uyo","South South","Akwa Ibom","Uyo","","","0","281","193","64","64","3","0","88","129","3"
"2023/2024","Male","all","WAEC","3-5-year","College of Education","lga","Abak","South South","Akwa Ibom","Abak","","","0","143","95","29","29","0","0","48","66","0"
"2023/2024","Male","all","WAEC","3-5-year","College of Education","lga","Eket","South South","Akwa Ibom","Eket","","","0","187","129","46","36","10","0","58","83","10"
"2023/2024","Male","all","WAEC","3-5-year","College of Education","lga","Ikot Ekpene","South South","Akwa Ibom","Ikot Ekpene","","","0","314","213","71","59","13","0","101","142","13"
"2023/2024","Male","all","WAEC","3-5-year","College of Education","lga","Oron","South South","Akwa Ibom","Oron","","","0","111","74","25","18","7","0","37","49","7"
"2023/2024","Male","all","WAEC","3-5-year","College of Education","lga","Uyo","South South","Akwa Ibom","Uyo","","","0","181","119","40","34","7","0","62","79","7"
"2023/2024","Male","all","WAEC","3-5-year","Polytechnic","lga","Abak","South South","Akwa Ibom","Abak","","","0","177","118","36","32","4","0","59","82","4"
"2023/2024","Male","all","WAEC","3-5-year","Polytechnic","lga","Eket","South South","Akwa Ibom","Eket","","","0","274","178","57","51","7","0","96","121","7"
"2023/2024","Male","all","WAEC","3-5-year","Polytechnic","lga","Ikot Ekpene","South South","Akwa Ibom","Ikot Ekpene","","","0","101","75","25","22","3","0","26","50","3"
"2023/2024","Male","all","WAEC","3-5-year","Polytechnic","lga","Oron","South South","Akwa Ibom","Oron","","","0","134","95","32","29","3","0","39","63","3"
"2023/2024","Male","all","WAEC","3-5-year","Polytechnic","lga","Uyo","South South","Akwa Ibom","Uyo","","","0","160","110","40","29","11","0","50","70","11"
"2023/2024","Male","all","WAEC","3-5-year","University","lga","Abak","South South","Akwa Ibom","Abak","","","0","278","185","61","47","14","0","93","124","14"
"2023/2024","Male","all","WAEC","3-5-year","University","lga","Eket","South South","Akwa Ibom","Eket","","","0","81","57","18","18","0","0","24","39","0"
"2023/2024","Male","all","WAEC","3-5-year","University","lga","Ikot Ekpene","South South","Akwa Ibom","Ikot Ekpene","","","0","229","156","47","44","3","0","73","109","3"
"2023/2024","Male","all","WAEC","3-5-year","University","lga","Oron","South South","Akwa Ibom","Oron","","","0","334","224","79","58","21","0","110","145","21"
"2023/2024","Male","all","WAEC","3-5-year","University","lga","Uyo","South South","Akwa Ibom","Uyo","","","0","186","126","43","36","7","0","60","83","7"
"2023/2024","Male","all","WAEC","5+-year","College of Education","lga","Abak","South South","Akwa Ibom","Abak","","","0","78","52","18","15","3","0","26","34","3"
"2023/2024","Male","all","WAEC","5+-year","College of Education","lga","Eket","South South","Akwa Ibom","Eket","","","0","104","75","24","22","4","0","29","51","4"
"2023/2024","Male","all","WAEC","5+-year","College of Education","lga","Ikot Ekpene","South South","Akwa Ibom","Ikot Ekpene","","","0","158","102","33","30","3","0","56","69","3"
"2023/2024","Male","all","WAEC","5+-year","College of Education","lga","Oron","South South","Akwa Ibom","Oron","","","0","58","40","10","11","0","0","18","30","0"
"2023/2024","Male","all","WAEC","5+-year","College of Education","lga","Uyo","South South","Akwa Ibom","Uyo","","","0","110","77","28","19","9","0","33","49","9"
"2023/2024","Male","all","WAEC","5+-year","Polytechnic","lga","Abak","South South","Akwa Ibom","Abak","","","0","101","68","18","16","3","0","33","50","3"
"2023/2024","Male","all","WAEC","5+-year","Polytechnic","lga","Eket","South South","Akwa Ibom","Eket","","","0","141","89","33","30","4","0","52","56","4"
"2023/2024","Male","all","WAEC","5+-year","Polytechnic","lga","Ikot Ekpene","South South","Akwa Ibom","Ikot Ekpene","","","0","49","34","14","11","4","0","15","20","4"
"2023/2024","Male","all","WAEC","5+-year","Polytechnic","lga","Oron","South South","Akwa Ibom","Oron","","","0","78","54","18","18","0","0","24","36","0"
"2023/2024","Male","all","WAEC","5+-year","Polytechnic","lga","Uyo","South South","Akwa Ibom","Uyo","","","0","95","63","25","22","3","0","32","38","3"
"2023/2024","Male","all","WAEC","5+-year","University","lga","Abak","South South","Akwa Ibom","Abak","","","0","177","115","35","36","0","0","62","80","0"
"2023/2024","Male","all","WAEC","5+-year","University","lga","Eket","South South","Akwa Ibom","Eket","","","0","42","28","11","8","3","0","14","17","3"
"2023/2024","Male","all","WAEC","5+-year","University","lga","Ikot Ekpene","South South","Akwa Ibom","Ikot Ekpene","","","0","120","80","25","22","3","0","40","55","3"
"2023/2024","Male","all","WAEC","5+-year","University","lga","Oron","South South","Akwa Ibom","Oron","","","0","167","113","32","34","0","0","54","81","0"
"2023/2024","Male","all","WAEC","5+-year","University","lga","Uyo","South South","Akwa Ibom","Uyo","","","0","101","68","24","19","6","0","33","44","6"
"2023/2024","Male","disabled","NABTEB","1-year","College of Education","lga","Abak","South South","Akwa Ibom","Abak","","","0","18","10","15","15","0","0","8","0","0"
"2023/2024","Male","disabled","NABTEB","1-year","College of Education","lga","Eket","South South","Akwa Ibom","Eket","","","0","24","14","18","20","0","0","10","0","0"
"2023/2024","Male","disabled","NABTEB","1-year","College of Education","lga","Ikot Ekpene","South South","Akwa Ibom","Ikot Ekpene","","","0","45","26","29","30","0","0","19","2","0"
"2023/2024","Male","disabled","NABTEB","1-year","College of Education","lga","Oron","South South","Akwa Ibom","Oron","","","0","12","6","9","10","0","0","6","0","0"
"2023/2024","Male","disabled","NABTEB","1-year","College of Education","lga","Uyo","South South","Akwa Ibom","Uyo","","","0","24","13","14","15","0","0","11","3","0"
"2023/2024","Male","disabled","NABTEB","1-year","Polytechnic","lga","Abak","South South","Akwa Ibom","Abak","","","0","24","15","16","20","0","0","9","0","0"
"2023/2024","Male","disabled","NABTEB","1-year","Polytechnic","lga","Eket","South South","Akwa Ibom","Eket","","","0","39","24","29","30","0","0","15","3","0"
"2023/2024","Male","disabled","NABTEB","1-year","Polytechnic","lga","Ikot Ekpene","South South","Akwa Ibom","Ikot Ekpene","","","0","12","6","9","10","0","0","6","0","0"
"2023/2024","Male","disabled","NABTEB","1-year","Polytechnic","lga","Oron","South South","Akwa Ibom","Oron","","","0","18","10","14","15","0","0","8","0","0"
"2023/2024","Male","disabled","NABTEB","1-year","Polytechnic","lga","Uyo","South South","Akwa Ibom","Uyo","","","0","24","12","17","20","0","0","12","0","0"
"2023/2024","Male","disabled","NABTEB","1-year","University","lga","Abak","South South","Akwa Ibom","Abak","","","0","39","18","23","25","0","0","21","0","0"
"2023/2024","Male","disabled","NABTEB","1-year","University","lga","Eket","South South","Akwa Ibom","Eket","","","0","12","6","10","10","0","0","6","0","0"
"2023/2024","Male","disabled","NABTEB","1-year","University","lga","Ikot Ekpene","South South","Akwa Ibom","Ikot Ekpene","","","0","27","16","18","20","0","0","11","2","0"
"2023/2024","Male","disabled","NABTEB","1-year","University","lga","Oron","South South","Akwa Ibom","Oron","","","0","42","23","31","35","0","0","19","0","0"
"2023/2024","Male","disabled","NABTEB","1-year","University","lga","Uyo","South South","Akwa Ibom","Uyo","","","0","24","12","13","15","0","0","12","3","0"
"2023/2024","Male","disabled","NABTEB","2-year","College of Education","lga","Abak","South South","Akwa Ibom","Abak","","","0","9","10","0","0","0","0","0","10","0"
"2023/2024","Male","disabled","NABTEB","2-year","College of Education","lga","Eket","South South","Akwa Ibom","Eket","","","0","12","14","0","0","0","0","0","14","0"
"2023/2024","Male","disabled","NABTEB","2-year","College of Education","lga","Ikot Ekpene","South South","Akwa Ibom","Ikot Ekpene","","","0","24","23","0","0","0","0","4","23","0"
"2023/2024","Male","disabled","NABTEB","2-year","College of Education","lga","Oron","South South","Akwa Ibom","Oron","","","0","6","6","0","0","0","0","0","6","0"
"2023/2024","Male","disabled","NABTEB","2-year","College of Education","lga","Uyo","South South","Akwa Ibom","Uyo","","","0","12","12","0","0","0","0","0","12","0"
"2023/2024","Male","disabled","NABTEB","2-year","Polytechnic","lga","Abak","South South","Akwa Ibom","Abak","","","0","12","15","0","0","0","0","0","15","0"
"2023/2024","Male","disabled","NABTEB","2-year","Polytechnic","lga","Eket","South South","Akwa Ibom","Eket","","","0","21","20","0","0","0","0","3","20","0"
"2023/2024","Male","disabled","NABTEB","2-year","Polytechnic","lga","Ikot Ekpene","South South","Akwa Ibom","Ikot Ekpene","","","0","6","6","0","0","0","0","0","6","0"
"2023/2024","Male","disabled","NABTEB","2-year","Polytechnic","lga","Oron","South South","Akwa Ibom","Oron","","","0","9","11","0","0","0","0","0","11","0"
"2023/2024","Male","disabled","NABTEB","2-year","Polytechnic","lga","Uyo","South South","Akwa Ibom","Uyo","","","0","12","12","0","0","0","0","0","12","0"
"2023/2024","Male","disabled","NABTEB","2-year","University","lga","Abak","South South","Akwa Ibom","Abak","","","0","21","17","0","0","0","0","4","17","0"
"2023/2024","Male","disabled","NABTEB","2-year","University","lga","Eket","South South","Akwa Ibom","Eket","","","0","6","6","0","0","0","0","0","6","0"
"2023/2024","Male","disabled","NABTEB","2-year","University","lga","Ikot Ekpene","South South","Akwa Ibom","Ikot Ekpene","","","0","15","13","0","0","0","0","2","13","0"
"2023/2024","Male","disabled","NABTEB","2-year","University","lga","Oron","South South","Akwa Ibom","Oron","","","0","24","24","0","0","0","0","2","24","0"
"2023/2024","Male","disabled","NABTEB","2-year","University","lga","Uyo","South South","Akwa Ibom","Uyo","","","0","12","13","0","0","0","0","0","13","0"
"2023/2024","Male","disabled","NABTEB","3-5-year","College of Education","lga","Abak","South South","Akwa Ibom","Abak","","","0","9","4","0","0","0","0","6","4","0"
"2023/2024","Male","disabled","NABTEB","3-5-year","College of Education","lga","Eket","South South","Akwa Ibom","Eket","","","0","12","4","0","0","0","0","9","4","0"
"2023/2024","Male","disabled","NABTEB","3-5-year","College of Education","lga","Ikot Ekpene","South South","Akwa Ibom","Ikot Ekpene","","","0","18","6","0","0","0","0","12","6","0"
"2023/2024","Male","disabled","NABTEB","3-5-year","College of Education","lga","Oron","South South","Akwa Ibom","Oron","","","0","6","4","0","0","0","0","3","4","0"
"2023/2024","Male","disabled","NABTEB","3-5-year","College of Education","lga","Uyo","South South","Akwa Ibom","Uyo","","","0","12","0","0","0","0","0","12","0","0"
"2023/2024","Male","disabled","NABTEB","3-5-year","Polytechnic","lga","Abak","South South","Akwa Ibom","Abak","","","0","12","0","0","0","0","0","12","0","0"
"2023/2024","Male","disabled","NABTEB","3-5-year","Polytechnic","lga","Eket","South South","Akwa Ibom","Eket","","","0","18","6","0","0","0","0","12","6","0"
"2023/2024","Male","disabled","NABTEB","3-5-year","Polytechnic","lga","Ikot Ekpene","South South","Akwa Ibom","Ikot Ekpene","","","0","6","3","0","0","0","0","3","3","0"
"2023/2024","Male","disabled","NABTEB","3-5-year","Polytechnic","lga","Oron","South South","Akwa Ibom","Oron","","","0","9","0","0","0","0","0","9","0","0"
"2023/2024","Male","disabled","NABTEB","3-5-year","Polytechnic","lga","Uyo","South South","Akwa Ibom","Uyo","","","0","12","0","0","0","0","0","12","0","0"
"2023/2024","Male","disabled","NABTEB","3-5-year","University","lga","Abak","South South","Akwa Ibom","Abak","","","0","15","14","0","0","0","0","3","14","0"
"2023/2024","Male","disabled","NABTEB","3-5-year","University","lga","Eket","South South","Akwa Ibom","Eket","","","0","6","3","0","0","0","0","3","3","0"
"2023/2024","Male","disabled","NABTEB","3-5-year","University","lga","Ikot Ekpene","South South","Akwa Ibom","Ikot Ekpene","","","0","12","4","0","0","0","0","9","4","0"
"2023/2024","Male","disabled","NABTEB","3-5-year","University","lga","Oron","South South","Akwa Ibom","Oron","","","0","21","8","0","0","0","0","15","8","0"
"2023/2024","Male","disabled","NABTEB","3-5-year","University","lga","Uyo","South South","Akwa Ibom","Uyo","","","0","12","0","0","0","0","0","12","0","0"
"2023/2024","Male","disabled","NABTEB","5+-year","College of Education","lga","Abak","South South","Akwa Ibom","Abak","","","0","3","0","0","0","0","0","3","0","0"
"2023/2024","Male","disabled","NABTEB","5+-year","College of Education","lga","Eket","South South","Akwa Ibom","Eket","","","0","3","0","0","0","0","0","3","0","0"
"2023/2024","Male","disabled","NABTEB","5+-year","College of Education","lga","Ikot Ekpene","South South","Akwa Ibom","Ikot Ekpene","","","0","3","3","0","0","0","0","0","3","0"
"2023/2024","Male","disabled","NABTEB","5+-year","College of Education","lga","Oron","South South","Akwa Ibom","Oron","","","0","3","0","0","0","0","0","3","0","0"
"2023/2024","Male","disabled","NABTEB","5+-year","College of Education","lga","Uyo","South South","Akwa Ibom","Uyo","","","0","0","0","0","0","0","0","0","0","0"
"2023/2024","Male","disabled","NABTEB","5+-year","Polytechnic","lga","Abak","South South","Akwa Ibom","Abak","","","0","0","0","0","0","0","0","0","0","0"
"2023/2024","Male","disabled","NABTEB","5+-year","Polytechnic","lga","Eket","South South","Akwa Ibom","Eket","","","0","3","0","0","0","0","0","3","0","0"
"2023/2024","Male","disabled","NABTEB","5+-year","Polytechnic","lga","Ikot Ekpene","South South","Akwa Ibom","Ikot Ekpene","","","0","3","0","0","0","0","0","3","0","0"
"2023/2024","Male","disabled","NABTEB","5+-year","Polytechnic","lga","Oron","South South","Akwa Ibom","Oron","","","0","0","0","0","0","0","0","0","0","0"
"2023/2024","Male","disabled","NABTEB","5+-year","Polytechnic","lga","Uyo","South South","Akwa Ibom","Uyo","","","0","0","0","0","0","0","0","0","0","0"
"2023/2024","Male","disabled","NABTEB","5+-year","University","lga","Abak","South South","Akwa Ibom","Abak","","","0","6","0","0","0","0","0","6","0","0"
"2023/2024","Male","disabled","NABTEB","5+-year","University","lga","Eket","South South","Akwa Ibom","Eket","","","0","3","0","0","0","0","0","3","0","0"
"2023/2024","Male","disabled","NABTEB","5+-year","University","lga","Ikot Ekpene","South South","Akwa Ibom","Ikot Ekpene","","","0","3","0","0","0","0","0","3","0","0"
"2023/2024","Male","disabled","NABTEB","5+-year","University","lga","Oron","South South","Akwa Ibom","Oron","","","0","6","0","0","0","0","0","6","0","0"
"2023/2024","Male","disabled","NABTEB","5+-year","University","lga","Uyo","South South","Akwa Ibom","Uyo","","","0","0","0","0","0","0","0","0","0","0"
"2023/2024","Male","disabled","NECO","1-year","College of Education","lga","Abak","South South","Akwa Ibom","Abak","","","0","25","18","12","12","0","0","7","7","0"
"2023/2024","Male","disabled","NECO","1-year","College of Education","lga","Eket","South South","Akwa Ibom","Eket","","","0","37","24","16","16","0","0","13","9","0"
"2023/2024","Male","disabled","NECO","1-year","College of Education","lga","Ikot Ekpene","South South","Akwa Ibom","Ikot Ekpene","","","0","68","39","24","24","0","0","29","17","0"
"2023/2024","Male","disabled","NECO","1-year","College of Education","lga","Oron","South South","Akwa Ibom","Oron","","","0","23","12","8","8","0","0","11","4","0"
"2023/2024","Male","disabled","NECO","1-year","College of Education","lga","Uyo","South South","Akwa Ibom","Uyo","","","0","37","21","16","16","0","0","16","6","0"
"2023/2024","Male","disabled","NECO","1-year","Polytechnic","lga","Abak","South South","Akwa Ibom","Abak","","","0","33","18","16","16","0","0","15","4","0"
"2023/2024","Male","disabled","NECO","1-year","Polytechnic","lga","Eket","South South","Akwa Ibom","Eket","","","0","55","30","24","24","0","0","25","9","0"
"2023/2024","Male","disabled","NECO","1-year","Polytechnic","lga","Ikot Ekpene","South South","Akwa Ibom","Ikot Ekpene","","","0","19","12","8","8","0","0","7","5","0"
"2023/2024","Male","disabled","NECO","1-year","Polytechnic","lga","Oron","South South","Akwa Ibom","Oron","","","0","22","12","12","12","0","0","10","2","0"
"2023/2024","Male","disabled","NECO","1-year","Polytechnic","lga","Uyo","South South","Akwa Ibom","Uyo","","","0","30","18","16","16","0","0","12","4","0"
"2023/2024","Male","disabled","NECO","1-year","University","lga","Abak","South South","Akwa Ibom","Abak","","","0","62","39","20","20","0","0","23","20","0"
"2023/2024","Male","disabled","NECO","1-year","University","lga","Eket","South South","Akwa Ibom","Eket","","","0","17","9","8","8","0","0","8","2","0"
"2023/2024","Male","disabled","NECO","1-year","University","lga","Ikot Ekpene","South South","Akwa Ibom","Ikot Ekpene","","","0","49","30","16","16","0","0","19","14","0"
"2023/2024","Male","disabled","NECO","1-year","University","lga","Oron","South South","Akwa Ibom","Oron","","","0","74","45","28","28","0","0","29","18","0"
"2023/2024","Male","disabled","NECO","1-year","University","lga","Uyo","South South","Akwa Ibom","Uyo","","","0","37","21","16","16","0","0","16","6","0"
"2023/2024","Male","disabled","NECO","2-year","College of Education","lga","Abak","South South","Akwa Ibom","Abak","","","0","15","12","0","0","0","0","3","12","0"
"2023/2024","Male","disabled","NECO","2-year","College of Education","lga","Eket","South South","Akwa Ibom","Eket","","","0","20","15","0","0","0","0","5","15","0"
"2023/2024","Male","disabled","NECO","2-year","College of Education","lga","Ikot Ekpene","South South","Akwa Ibom","Ikot Ekpene","","","0","42","30","4","4","0","0","12","26","0"
"2023/2024","Male","disabled","NECO","2-year","College of Education","lga","Oron","South South","Akwa Ibom","Oron","","","0","13","6","0","0","0","0","7","6","0"
"2023/2024","Male","disabled","NECO","2-year","College of Education","lga","Uyo","South South","Akwa Ibom","Uyo","","","0","23","12","0","0","0","0","11","12","0"
"2023/2024","Male","disabled","NECO","2-year","Polytechnic","lga","Abak","South South","Akwa Ibom","Abak","","","0","18","12","0","0","0","0","6","12","0"
"2023/2024","Male","disabled","NECO","2-year","Polytechnic","lga","Eket","South South","Akwa Ibom","Eket","","","0","31","21","4","4","0","0","10","17","0"
"2023/2024","Male","disabled","NECO","2-year","Polytechnic","lga","Ikot Ekpene","South South","Akwa Ibom","Ikot Ekpene","","","0","13","9","4","4","0","0","4","5","0"
"2023/2024","Male","disabled","NECO","2-year","Polytechnic","lga","Oron","South South","Akwa Ibom","Oron","","","0","13","9","0","0","0","0","4","9","0"
"2023/2024","Male","disabled","NECO","2-year","Polytechnic","lga","Uyo","South South","Akwa Ibom","Uyo","","","0","15","12","0","0","0","0","3","12","0"
"2023/2024","Male","disabled","NECO","2-year","University","lga","Abak","South South","Akwa Ibom","Abak","","","0","43","27","4","4","0","0","16","23","0"
"2023/2024","Male","disabled","NECO","2-year","University","lga","Eket","South South","Akwa Ibom","Eket","","","0","9","6","0","0","0","0","3","6","0"
"2023/2024","Male","disabled","NECO","2-year","University","lga","Ikot Ekpene","South South","Akwa Ibom","Ikot Ekpene","","","0","29","15","0","0","0","0","14","15","0"
"2023/2024","Male","disabled","NECO","2-year","University","lga","Oron","South South","Akwa Ibom","Oron","","","0","41","36","0","0","0","0","5","36","0"
"2023/2024","Male","disabled","NECO","2-year","University","lga","Uyo","South South","Akwa Ibom","Uyo","","","0","22","12","0","0","0","0","10","12","0"
"2023/2024","Male","disabled","NECO","3-5-year","College of Education","lga","Abak","South South","Akwa Ibom","Abak","","","0","12","9","0","0","0","0","3","9","0"
"2023/2024","Male","disabled","NECO","3-5-year","College of Education","lga","Eket","South South","Akwa Ibom","Eket","","","0","12","12","0","0","0","0","0","12","0"
"2023/2024","Male","disabled","NECO","3-5-year","College of Education","lga","Ikot Ekpene","South South","Akwa Ibom","Ikot Ekpene","","","0","24","18","0","0","0","0","6","18","0"
"2023/2024","Male","disabled","NECO","3-5-year","College of Education","lga","Oron","South South","Akwa Ibom","Oron","","","0","6","6","0","0","0","0","0","6","0"
"2023/2024","Male","disabled","NECO","3-5-year","College of Education","lga","Uyo","South South","Akwa Ibom","Uyo","","","0","12","12","0","0","0","0","0","12","0"
"2023/2024","Male","disabled","NECO","3-5-year","Polytechnic","lga","Abak","South South","Akwa Ibom","Abak","","","0","12","12","0","0","0","0","0","12","0"
"2023/2024","Male","disabled","NECO","3-5-year","Polytechnic","lga","Eket","South South","Akwa Ibom","Eket","","","0","22","21","0","0","0","0","1","21","0"
"2023/2024","Male","disabled","NECO","3-5-year","Polytechnic","lga","Ikot Ekpene","South South","Akwa Ibom","Ikot Ekpene","","","0","9","6","0","0","0","0","3","6","0"
"2023/2024","Male","disabled","NECO","3-5-year","Polytechnic","lga","Oron","South South","Akwa Ibom","Oron","","","0","9","9","0","0","0","0","0","9","0"
"2023/2024","Male","disabled","NECO","3-5-year","Polytechnic","lga","Uyo","South South","Akwa Ibom","Uyo","","","0","12","12","0","0","0","0","0","12","0"
"2023/2024","Male","disabled","NECO","3-5-year","University","lga","Abak","South South","Akwa Ibom","Abak","","","0","30","15","0","0","0","0","15","15","0"
"2023/2024","Male","disabled","NECO","3-5-year","University","lga","Eket","South South","Akwa Ibom","Eket","","","0","9","6","0","0","0","0","3","6","0"
"2023/2024","Male","disabled","NECO","3-5-year","University","lga","Ikot Ekpene","South South","Akwa Ibom","Ikot Ekpene","","","0","16","12","0","0","0","0","4","12","0"
"2023/2024","Male","disabled","NECO","3-5-year","University","lga","Oron","South South","Akwa Ibom","Oron","","","0","31","21","0","0","0","0","10","21","0"
"2023/2024","Male","disabled","NECO","3-5-year","University","lga","Uyo","South South","Akwa Ibom","Uyo","","","0","12","12","0","0","0","0","0","12","0"
"2023/2024","Male","disabled","NECO","5+-year","College of Education","lga","Abak","South South","Akwa Ibom","Abak","","","0","6","0","0","0","0","0","6","0","0"
"2023/2024","Male","disabled","NECO","5+-year","College of Education","lga","Eket","South South","Akwa Ibom","Eket","","","0","12","3","0","0","0","0","9","3","0"
"2023/2024","Male","disabled","NECO","5+-year","College of Education","lga","Ikot Ekpene","South South","Akwa Ibom","Ikot Ekpene","","","0","12","6","0","0","0","0","6","6","0"
"2023/2024","Male","disabled","NECO","5+-year","College of Education","lga","Oron","South South","Akwa Ibom","Oron","","","0","6","6","0","0","0","0","0","6","0"
"2023/2024","Male","disabled","NECO","5+-year","College of Education","lga","Uyo","South South","Akwa Ibom","Uyo","","","0","6","3","0","0","0","0","3","3","0"
"2023/2024","Male","disabled","NECO","5+-year","Polytechnic","lga","Abak","South South","Akwa Ibom","Abak","","","0","6","0","0","0","0","0","6","0","0"
"2023/2024","Male","disabled","NECO","5+-year","Polytechnic","lga","Eket","South South","Akwa Ibom","Eket","","","0","15","6","0","0","0","0","9","6","0"
"2023/2024","Male","disabled","NECO","5+-year","Polytechnic","lga","Ikot Ekpene","South South","Akwa Ibom","Ikot Ekpene","","","0","3","3","0","0","0","0","0","3","0"
"2023/2024","Male","disabled","NECO","5+-year","Polytechnic","lga","Oron","South South","Akwa Ibom","Oron","","","0","9","3","0","0","0","0","6","3","0"
"2023/2024","Male","disabled","NECO","5+-year","Polytechnic","lga","Uyo","South South","Akwa Ibom","Uyo","","","0","6","3","0","0","0","0","3","3","0"
"2023/2024","Male","disabled","NECO","5+-year","University","lga","Abak","South South","Akwa Ibom","Abak","","","0","12","12","0","0","0","0","0","12","0"
"2023/2024","Male","disabled","NECO","5+-year","University","lga","Eket","South South","Akwa Ibom","Eket","","","0","3","3","0","0","0","0","0","3","0"
"2023/2024","Male","disabled","NECO","5+-year","University","lga","Ikot Ekpene","South South","Akwa Ibom","Ikot Ekpene","","","0","6","6","0","0","0","0","0","6","0"
"2023/2024","Male","disabled","NECO","5+-year","University","lga","Oron","South South","Akwa Ibom","Oron","","","0","18","3","0","0","0","0","15","3","0"
"2023/2024","Male","disabled","NECO","5+-year","University","lga","Uyo","South South","Akwa Ibom","Uyo","","","0","9","6","0","0","0","0","3","6","0"
"2023/2024","Male","disabled","WAEC","1-year","College of Education","lga","Abak","South South","Akwa Ibom","Abak","","","0","33","18","11","12","0","0","15","8","0"
"2023/2024","Male","disabled","WAEC","1-year","College of Education","lga","Eket","South South","Akwa Ibom","Eket","","","0","46","32","14","16","0","0","14","18","0"
"2023/2024","Male","disabled","WAEC","1-year","College of Education","lga","Ikot Ekpene","South South","Akwa Ibom","Ikot Ekpene","","","0","77","46","21","24","0","0","31","25","0"
"2023/2024","Male","disabled","WAEC","1-year","College of Education","lga","Oron","South South","Akwa Ibom","Oron","","","0","29","20","8","8","0","0","9","12","0"
"2023/2024","Male","disabled","WAEC","1-year","College of Education","lga","Uyo","South South","Akwa Ibom","Uyo","","","0","52","36","16","16","0","0","16","20","0"
"2023/2024","Male","disabled","WAEC","1-year","Polytechnic","lga","Abak","South South","Akwa Ibom","Abak","","","0","43","27","15","16","0","0","16","12","0"
"2023/2024","Male","disabled","WAEC","1-year","Polytechnic","lga","Eket","South South","Akwa Ibom","Eket","","","0","73","44","21","24","0","0","29","23","0"
"2023/2024","Male","disabled","WAEC","1-year","Polytechnic","lga","Ikot Ekpene","South South","Akwa Ibom","Ikot Ekpene","","","0","30","17","7","8","0","0","13","10","0"
"2023/2024","Male","disabled","WAEC","1-year","Polytechnic","lga","Oron","South South","Akwa Ibom","Oron","","","0","30","21","11","12","0","0","9","10","0"
"2023/2024","Male","disabled","WAEC","1-year","Polytechnic","lga","Uyo","South South","Akwa Ibom","Uyo","","","0","37","27","15","16","0","0","10","12","0"
"2023/2024","Male","disabled","WAEC","1-year","University","lga","Abak","South South","Akwa Ibom","Abak","","","0","96","50","18","20","0","0","46","32","0"
"2023/2024","Male","disabled","WAEC","1-year","University","lga","Eket","South South","Akwa Ibom","Eket","","","0","23","17","8","8","0","0","6","9","0"
"2023/2024","Male","disabled","WAEC","1-year","University","lga","Ikot Ekpene","South South","Akwa Ibom","Ikot Ekpene","","","0","62","40","14","16","0","0","22","26","0"
"2023/2024","Male","disabled","WAEC","1-year","University","lga","Oron","South South","Akwa Ibom","Oron","","","0","89","58","25","28","0","0","31","34","0"
"2023/2024","Male","disabled","WAEC","1-year","University","lga","Uyo","South South","Akwa Ibom","Uyo","","","0","46","35","15","16","0","0","11","20","0"
"2023/2024","Male","disabled","WAEC","2-year","College of Education","lga","Abak","South South","Akwa Ibom","Abak","","","0","20","12","0","0","0","0","8","12","0"
"2023/2024","Male","disabled","WAEC","2-year","College of Education","lga","Eket","South South","Akwa Ibom","Eket","","","0","34","18","6","8","0","0","16","12","0"
"2023/2024","Male","disabled","WAEC","2-year","College of Education","lga","Ikot Ekpene","South South","Akwa Ibom","Ikot Ekpene","","","0","53","36","7","8","0","0","17","29","0"
"2023/2024","Male","disabled","WAEC","2-year","College of Education","lga","Oron","South South","Akwa Ibom","Oron","","","0","17","12","4","4","0","0","5","8","0"
"2023/2024","Male","disabled","WAEC","2-year","College of Education","lga","Uyo","South South","Akwa Ibom","Uyo","","","0","28","24","0","0","0","0","4","24","0"
"2023/2024","Male","disabled","WAEC","2-year","Polytechnic","lga","Abak","South South","Akwa Ibom","Abak","","","0","28","15","0","0","0","0","13","15","0"
"2023/2024","Male","disabled","WAEC","2-year","Polytechnic","lga","Eket","South South","Akwa Ibom","Eket","","","0","51","30","3","4","0","0","21","27","0"
"2023/2024","Male","disabled","WAEC","2-year","Polytechnic","lga","Ikot Ekpene","South South","Akwa Ibom","Ikot Ekpene","","","0","20","12","4","4","0","0","8","8","0"
"2023/2024","Male","disabled","WAEC","2-year","Polytechnic","lga","Oron","South South","Akwa Ibom","Oron","","","0","24","12","4","4","0","0","12","8","0"
"2023/2024","Male","disabled","WAEC","2-year","Polytechnic","lga","Uyo","South South","Akwa Ibom","Uyo","","","0","27","15","4","4","0","0","12","11","0"
"2023/2024","Male","disabled","WAEC","2-year","University","lga","Abak","South South","Akwa Ibom","Abak","","","0","56","36","15","16","0","0","20","21","0"
"2023/2024","Male","disabled","WAEC","2-year","University","lga","Eket","South South","Akwa Ibom","Eket","","","0","13","9","4","4","0","0","4","5","0"
"2023/2024","Male","disabled","WAEC","2-year","University","lga","Ikot Ekpene","South South","Akwa Ibom","Ikot Ekpene","","","0","37","24","10","12","0","0","13","14","0"
"2023/2024","Male","disabled","WAEC","2-year","University","lga","Oron","South South","Akwa Ibom","Oron","","","0","60","36","11","12","0","0","24","25","0"
"2023/2024","Male","disabled","WAEC","2-year","University","lga","Uyo","South South","Akwa Ibom","Uyo","","","0","37","21","4","4","0","0","16","17","0"
"2023/2024","Male","disabled","WAEC","3-5-year","College of Education","lga","Abak","South South","Akwa Ibom","Abak","","","0","13","9","0","0","0","0","4","9","0"
"2023/2024","Male","disabled","WAEC","3-5-year","College of Education","lga","Eket","South South","Akwa Ibom","Eket","","","0","20","12","0","0","0","0","8","12","0"
"2023/2024","Male","disabled","WAEC","3-5-year","College of Education","lga","Ikot Ekpene","South South","Akwa Ibom","Ikot Ekpene","","","0","34","24","0","0","0","0","10","24","0"
"2023/2024","Male","disabled","WAEC","3-5-year","College of Education","lga","Oron","South South","Akwa Ibom","Oron","","","0","14","6","0","0","0","0","8","6","0"
"2023/2024","Male","disabled","WAEC","3-5-year","College of Education","lga","Uyo","South South","Akwa Ibom","Uyo","","","0","12","12","0","0","0","0","0","12","0"
"2023/2024","Male","disabled","WAEC","3-5-year","Polytechnic","lga","Abak","South South","Akwa Ibom","Abak","","","0","16","12","0","0","0","0","4","12","0"
"2023/2024","Male","disabled","WAEC","3-5-year","Polytechnic","lga","Eket","South South","Akwa Ibom","Eket","","","0","33","21","0","0","0","0","12","21","0"
"2023/2024","Male","disabled","WAEC","3-5-year","Polytechnic","lga","Ikot Ekpene","South South","Akwa Ibom","Ikot Ekpene","","","0","10","9","0","0","0","0","1","9","0"
"2023/2024","Male","disabled","WAEC","3-5-year","Polytechnic","lga","Oron","South South","Akwa Ibom","Oron","","","0","13","9","0","0","0","0","4","9","0"
"2023/2024","Male","disabled","WAEC","3-5-year","Polytechnic","lga","Uyo","South South","Akwa Ibom","Uyo","","","0","16","12","0","0","0","0","4","12","0"
"2023/2024","Male","disabled","WAEC","3-5-year","University","lga","Abak","South South","Akwa Ibom","Abak","","","0","37","27","0","0","0","0","10","27","0"
"2023/2024","Male","disabled","WAEC","3-5-year","University","lga","Eket","South South","Akwa Ibom","Eket","","","0","10","9","0","0","0","0","1","9","0"
"2023/2024","Male","disabled","WAEC","3-5-year","University","lga","Ikot Ekpene","South South","Akwa Ibom","Ikot Ekpene","","","0","24","15","0","0","0","0","9","15","0"
"2023/2024","Male","disabled","WAEC","3-5-year","University","lga","Oron","South South","Akwa Ibom","Oron","","","0","37","24","0","0","0","0","13","24","0"
"2023/2024","Male","disabled","WAEC","3-5-year","University","lga","Uyo","South South","Akwa Ibom","Uyo","","","0","20","12","0","0","0","0","8","12","0"
"2023/2024","Male","disabled","WAEC","5+-year","College of Education","lga","Abak","South South","Akwa Ibom","Abak","","","0","9","6","0","0","0","0","3","6","0"
"2023/2024","Male","disabled","WAEC","5+-year","College of Education","lga","Eket","South South","Akwa Ibom","Eket","","","0","9","9","0","0","0","0","0","9","0"
"2023/2024","Male","disabled","WAEC","5+-year","College of Education","lga","Ikot Ekpene","South South","Akwa Ibom","Ikot Ekpene","","","0","23","15","0","0","0","0","8","15","0"
"2023/2024","Male","disabled","WAEC","5+-year","College of Education","lga","Oron","South South","Akwa Ibom","Oron","","","0","6","6","0","0","0","0","0","6","0"
"2023/2024","Male","disabled","WAEC","5+-year","College of Education","lga","Uyo","South South","Akwa Ibom","Uyo","","","0","12","0","0","0","0","0","12","0","0"
"2023/2024","Male","disabled","WAEC","5+-year","Polytechnic","lga","Abak","South South","Akwa Ibom","Abak","","","0","9","6","0","0","0","0","3","6","0"
"2023/2024","Male","disabled","WAEC","5+-year","Polytechnic","lga","Eket","South South","Akwa Ibom","Eket","","","0","12","6","0","0","0","0","6","6","0"
"2023/2024","Male","disabled","WAEC","5+-year","Polytechnic","lga","Ikot Ekpene","South South","Akwa Ibom","Ikot Ekpene","","","0","3","3","0","0","0","0","0","3","0"
"2023/2024","Male","disabled","WAEC","5+-year","Polytechnic","lga","Oron","South South","Akwa Ibom","Oron","","","0","9","6","0","0","0","0","3","6","0"
"2023/2024","Male","disabled","WAEC","5+-year","Polytechnic","lga","Uyo","South South","Akwa Ibom","Uyo","","","0","12","6","0","0","0","0","6","6","0"
"2023/2024","Male","disabled","WAEC","5+-year","University","lga","Abak","South South","Akwa Ibom","Abak","","","0","12","12","0","0","0","0","0","12","0"
"2023/2024","Male","disabled","WAEC","5+-year","University","lga","Eket","South South","Akwa Ibom","Eket","","","0","6","3","0","0","0","0","3","3","0"
"2023/2024","Male","disabled","WAEC","5+-year","University","lga","Ikot Ekpene","South South","Akwa Ibom","Ikot Ekpene","","","0","16","12","0","0","0","0","4","12","0"
"2023/2024","Male","disabled","WAEC","5+-year","University","lga","Oron","South South","Akwa Ibom","Oron","","","0","21","18","0","0","0","0","3","18","0"
"2023/2024","Male","disabled","WAEC","5+-year","University","lga","Uyo","South South","Akwa Ibom","Uyo","","","0","9","6","0","0","0","0","3","6","0"
"2024/2025","Female","all","NABTEB","1-year","College of Education","lga","Abak","South South","Akwa Ibom","Abak","","","0","252","212","124","88","42","0","40","88","36"
"2024/2025","Female","all","NABTEB","1-year","College of Education","lga","Eket","South South","Akwa Ibom","Eket","","","0","344","280","170","156","0","0","64","110","14"
"2024/2025","Female","all","NABTEB","1-year","College of Education","lga","Ikot Ekpene","South South","Akwa Ibom","Ikot Ekpene","","","0","502","426","248","184","66","0","76","178","64"
"2024/2025","Female","all","NABTEB","1-year","College of Education","lga","Oron","South South","Akwa Ibom","Oron","","","0","182","152","78","56","24","0","30","74","22"
"2024/2025","Female","all","NABTEB","1-year","College of Education","lga","Uyo","South South","Akwa Ibom","Uyo","","","0","340","280","156","128","18","0","60","124","28"
"2024/2025","Female","all","NABTEB","1-year","Polytechnic","lga","Abak","South South","Akwa Ibom","Abak","","","0","310","256","128","112","0","0","54","128","16"
"2024/2025","Female","all","NABTEB","1-year","Polytechnic","lga","Eket","South South","Akwa Ibom","Eket","","","0","432","362","202","154","54","0","70","160","48"
"2024/2025","Female","all","NABTEB","1-year","Polytechnic","lga","Ikot Ekpene","South South","Akwa Ibom","Ikot Ekpene","","","0","186","162","92","56","48","0","24","70","36"
"2024/2025","Female","all","NABTEB","1-year","Polytechnic","lga","Oron","South South","Akwa Ibom","Oron","","","0","258","216","124","100","24","0","42","92","24"
"2024/2025","Female","all","NABTEB","1-year","Polytechnic","lga","Uyo","South South","Akwa Ibom","Uyo","","","0","316","256","142","128","0","0","60","114","14"
"2024/2025","Female","all","NABTEB","1-year","University","lga","Abak","South South","Akwa Ibom","Abak","","","0","516","410","216","156","66","0","106","194","60"
"2024/2025","Female","all","NABTEB","1-year","University","lga","Eket","South South","Akwa Ibom","Eket","","","0","164","130","78","72","0","0","34","52","6"
"2024/2025","Female","all","NABTEB","1-year","University","lga","Ikot Ekpene","South South","Akwa Ibom","Ikot Ekpene","","","0","370","314","156","144","0","0","56","158","12"
"2024/2025","Female","all","NABTEB","1-year","University","lga","Oron","South South","Akwa Ibom","Oron","","","0","610","542","294","260","24","0","68","248","34"
"2024/2025","Female","all","NABTEB","1-year","University","lga","Uyo","South South","Akwa Ibom","Uyo","","","0","328","276","142","96","54","0","52","134","46"
"2024/2025","Female","all","NABTEB","2-year","College of Education","lga","Abak","South South","Akwa Ibom","Abak","","","0","162","128","60","56","0","0","34","68","4"
"2024/2025","Female","all","NABTEB","2-year","College of Education","lga","Eket","South South","Akwa Ibom","Eket","","","0","222","184","110","82","30","0","38","74","28"
"2024/2025","Female","all","NABTEB","2-year","College of Education","lga","Ikot Ekpene","South South","Akwa Ibom","Ikot Ekpene","","","0","330","280","138","126","0","0","50","142","12"
"2024/2025","Female","all","NABTEB","2-year","College of Education","lga","Oron","South South","Akwa Ibom","Oron","","","0","104","90","28","28","0","0","14","62","0"
"2024/2025","Female","all","NABTEB","2-year","College of Education","lga","Uyo","South South","Akwa Ibom","Uyo","","","0","202","168","78","72","0","0","34","90","6"
"2024/2025","Female","all","NABTEB","2-year","Polytechnic","lga","Abak","South South","Akwa Ibom","Abak","","","0","190","162","74","56","24","0","28","88","18"
"2024/2025","Female","all","NABTEB","2-year","Polytechnic","lga","Eket","South South","Akwa Ibom","Eket","","","0","280","240","120","112","0","0","40","120","8"
"2024/2025","Female","all","NABTEB","2-year","Polytechnic","lga","Ikot Ekpene","South South","Akwa Ibom","Ikot Ekpene","","","0","122","112","60","40","24","0","10","52","20"
"2024/2025","Female","all","NABTEB","2-year","Polytechnic","lga","Oron","South South","Akwa Ibom","Oron","","","0","162","146","82","72","0","0","16","64","10"
"2024/2025","Female","all","NABTEB","2-year","Polytechnic","lga","Uyo","South South","Akwa Ibom","Uyo","","","0","202","168","92","70","24","0","34","76","22"
"2024/2025","Female","all","NABTEB","2-year","University","lga","Abak","South South","Akwa Ibom","Abak","","","0","284","242","106","84","24","0","42","136","22"
"2024/2025","Female","all","NABTEB","2-year","University","lga","Eket","South South","Akwa Ibom","Eket","","","0","92","82","46","42","0","0","10","36","4"
"2024/2025","Female","all","NABTEB","2-year","University","lga","Ikot Ekpene","South South","Akwa Ibom","Ikot Ekpene","","","0","232","202","110","96","0","0","30","92","14"
"2024/2025","Female","all","NABTEB","2-year","University","lga","Oron","South South","Akwa Ibom","Oron","","","0","378","328","184","154","24","0","50","144","30"
"2024/2025","Female","all","NABTEB","2-year","University","lga","Uyo","South South","Akwa Ibom","Uyo","","","0","208","178","82","68","6","0","30","96","14"
"2024/2025","Female","all","NABTEB","3-5-year","College of Education","lga","Abak","South South","Akwa Ibom","Abak","","","0","104","88","60","44","24","0","16","28","16"
"2024/2025","Female","all","NABTEB","3-5-year","College of Education","lga","Eket","South South","Akwa Ibom","Eket","","","0","128","122","74","70","0","0","6","48","4"
"2024/2025","Female","all","NABTEB","3-5-year","College of Education","lga","Ikot Ekpene","South South","Akwa Ibom","Ikot Ekpene","","","0","200","160","96","86","6","0","40","64","10"
"2024/2025","Female","all","NABTEB","3-5-year","College of Education","lga","Oron","South South","Akwa Ibom","Oron","","","0","68","64","28","28","0","0","4","36","0"
"2024/2025","Female","all","NABTEB","3-5-year","College of Education","lga","Uyo","South South","Akwa Ibom","Uyo","","","0","134","112","60","58","0","0","22","52","2"
"2024/2025","Female","all","NABTEB","3-5-year","Polytechnic","lga","Abak","South South","Akwa Ibom","Abak","","","0","134","104","56","54","0","0","30","48","2"
"2024/2025","Female","all","NABTEB","3-5-year","Polytechnic","lga","Eket","South South","Akwa Ibom","Eket","","","0","192","152","88","84","0","0","40","64","4"
"2024/2025","Female","all","NABTEB","3-5-year","Polytechnic","lga","Ikot Ekpene","South South","Akwa Ibom","Ikot Ekpene","","","0","76","74","46","42","0","0","2","28","4"
"2024/2025","Female","all","NABTEB","3-5-year","Polytechnic","lga","Oron","South South","Akwa Ibom","Oron","","","0","108","96","46","42","0","0","12","50","4"
"2024/2025","Female","all","NABTEB","3-5-year","Polytechnic","lga","Uyo","South South","Akwa Ibom","Uyo","","","0","122","104","60","54","6","0","18","44","6"
"2024/2025","Female","all","NABTEB","3-5-year","University","lga","Abak","South South","Akwa Ibom","Abak","","","0","192","170","70","68","0","0","22","100","2"
"2024/2025","Female","all","NABTEB","3-5-year","University","lga","Eket","South South","Akwa Ibom","Eket","","","0","64","64","28","28","0","0","0","36","0"
"2024/2025","Female","all","NABTEB","3-5-year","University","lga","Ikot Ekpene","South South","Akwa Ibom","Ikot Ekpene","","","0","152","128","56","52","0","0","24","72","4"
"2024/2025","Female","all","NABTEB","3-5-year","University","lga","Oron","South South","Akwa Ibom","Oron","","","0","232","208","98","96","0","0","24","110","2"
"2024/2025","Female","all","NABTEB","3-5-year","University","lga","Uyo","South South","Akwa Ibom","Uyo","","","0","134","112","64","54","6","0","22","48","10"
"2024/2025","Female","all","NABTEB","5+-year","College of Education","lga","Abak","South South","Akwa Ibom","Abak","","","0","54","32","14","0","14","0","22","18","14"
"2024/2025","Female","all","NABTEB","5+-year","College of Education","lga","Eket","South South","Akwa Ibom","Eket","","","0","72","56","36","12","22","0","16","20","24"
"2024/2025","Female","all","NABTEB","5+-year","College of Education","lga","Ikot Ekpene","South South","Akwa Ibom","Ikot Ekpene","","","0","136","122","50","44","0","0","14","72","6"
"2024/2025","Female","all","NABTEB","5+-year","College of Education","lga","Oron","South South","Akwa Ibom","Oron","","","0","48","32","30","14","16","0","16","2","16"
"2024/2025","Female","all","NABTEB","5+-year","College of Education","lga","Uyo","South South","Akwa Ibom","Uyo","","","0","84","64","42","14","28","0","20","22","28"
"2024/2025","Female","all","NABTEB","5+-year","Polytechnic","lga","Abak","South South","Akwa Ibom","Abak","","","0","66","56","42","0","42","0","10","14","42"
"2024/2025","Female","all","NABTEB","5+-year","Polytechnic","lga","Eket","South South","Akwa Ibom","Eket","","","0","108","80","44","12","34","0","28","36","32"
"2024/2025","Female","all","NABTEB","5+-year","Polytechnic","lga","Ikot Ekpene","South South","Akwa Ibom","Ikot Ekpene","","","0","36","32","14","14","0","0","4","18","0"
"2024/2025","Female","all","NABTEB","5+-year","Polytechnic","lga","Oron","South South","Akwa Ibom","Oron","","","0","54","44","30","0","30","0","10","14","30"
"2024/2025","Female","all","NABTEB","5+-year","Polytechnic","lga","Uyo","South South","Akwa Ibom","Uyo","","","0","66","58","30","0","30","0","8","28","30"
"2024/2025","Female","all","NABTEB","5+-year","University","lga","Abak","South South","Akwa Ibom","Abak","","","0","120","88","56","26","28","0","32","32","30"
"2024/2025","Female","all","NABTEB","5+-year","University","lga","Eket","South South","Akwa Ibom","Eket","","","0","36","32","28","0","28","0","4","4","28"
"2024/2025","Female","all","NABTEB","5+-year","University","lga","Ikot Ekpene","South South","Akwa Ibom","Ikot Ekpene","","","0","84","64","56","0","56","0","20","8","56"
"2024/2025","Female","all","NABTEB","5+-year","University","lga","Oron","South South","Akwa Ibom","Oron","","","0","144","120","84","12","70","0","24","36","72"
"2024/2025","Female","all","NABTEB","5+-year","University","lga","Uyo","South South","Akwa Ibom","Uyo","","","0","90","64","44","14","30","0","26","20","30"
"2024/2025","Female","all","NECO","1-year","College of Education","lga","Abak","South South","Akwa Ibom","Abak","","","0","424","354","184","158","30","0","70","170","26"
"2024/2025","Female","all","NECO","1-year","College of Education","lga","Eket","South South","Akwa Ibom","Eket","","","0","612","516","292","232","60","0","96","224","60"
"2024/2025","Female","all","NECO","1-year","College of Education","lga","Ikot Ekpene","South South","Akwa Ibom","Ikot Ekpene","","","0","902","732","392","350","36","0","170","340","42"
"2024/2025","Female","all","NECO","1-year","College of Education","lga","Oron","South South","Akwa Ibom","Oron","","","0","320","266","132","116","12","0","54","134","16"
"2024/2025","Female","all","NECO","1-year","College of Education","lga","Uyo","South South","Akwa Ibom","Uyo","","","0","594","468","250","204","48","0","126","218","46"
"2024/2025","Female","all","NECO","1-year","Polytechnic","lga","Abak","South South","Akwa Ibom","Abak","","","0","538","450","222","164","72","0","88","228","58"
"2024/2025","Female","all","NECO","1-year","Polytechnic","lga","Eket","South South","Akwa Ibom","Eket","","","0","890","732","392","322","72","0","158","340","70"
"2024/2025","Female","all","NECO","1-year","Polytechnic","lga","Ikot Ekpene","South South","Akwa Ibom","Ikot Ekpene","","","0","332","280","170","142","30","0","52","110","28"
"2024/2025","Female","all","NECO","1-year","Polytechnic","lga","Oron","South South","Akwa Ibom","Oron","","","0","444","358","170","150","18","0","86","188","20"
"2024/2025","Female","all","NECO","1-year","Polytechnic","lga","Uyo","South South","Akwa Ibom","Uyo","","","0","600","502","292","232","72","0","98","210","60"
"2024/2025","Female","all","NECO","1-year","University","lga","Abak","South South","Akwa Ibom","Abak","","","0","890","696","330","282","42","0","194","366","48"
"2024/2025","Female","all","NECO","1-year","University","lga","Eket","South South","Akwa Ibom","Eket","","","0","298","258","146","128","12","0","40","112","18"
"2024/2025","Female","all","NECO","1-year","University","lga","Ikot Ekpene","South South","Akwa Ibom","Ikot Ekpene","","","0","678","564","316","274","36","0","114","248","42"
"2024/2025","Female","all","NECO","1-year","University","lga","Oron","South South","Akwa Ibom","Oron","","","0","1162","958","510","438","60","0","204","448","72"
"2024/2025","Female","all","NECO","1-year","University","lga","Uyo","South South","Akwa Ibom","Uyo","","","0","592","496","260","230","24","0","96","236","30"
"2024/2025","Female","all","NECO","2-year","College of Education","lga","Abak","South South","Akwa Ibom","Abak","","","0","272","232","132","102","36","0","40","100","30"
"2024/2025","Female","all","NECO","2-year","College of Education","lga","Eket","South South","Akwa Ibom","Eket","","","0","372","324","160","140","18","0","48","164","20"
"2024/2025","Female","all","NECO","2-year","College of Education","lga","Ikot Ekpene","South South","Akwa Ibom","Ikot Ekpene","","","0","576","472","254","204","54","0","104","218","50"
"2024/2025","Female","all","NECO","2-year","College of Education","lga","Oron","South South","Akwa Ibom","Oron","","","0","210","168","80","76","0","0","42","88","4"
"2024/2025","Female","all","NECO","2-year","College of Education","lga","Uyo","South South","Akwa Ibom","Uyo","","","0","376","310","146","128","18","0","66","164","18"
"2024/2025","Female","all","NECO","2-year","Polytechnic","lga","Abak","South South","Akwa Ibom","Abak","","","0","344","282","114","100","18","0","62","168","14"
"2024/2025","Female","all","NECO","2-year","Polytechnic","lga","Eket","South South","Akwa Ibom","Eket","","","0","564","464","240","190","60","0","100","224","50"
"2024/2025","Female","all","NECO","2-year","Polytechnic","lga","Ikot Ekpene","South South","Akwa Ibom","Ikot Ekpene","","","0","216","184","108","92","12","0","32","76","16"
"2024/2025","Female","all","NECO","2-year","Polytechnic","lga","Oron","South South","Akwa Ibom","Oron","","","0","288","234","114","102","18","0","54","120","12"
"2024/2025","Female","all","NECO","2-year","Polytechnic","lga","Uyo","South South","Akwa Ibom","Uyo","","","0","366","312","166","138","36","0","54","146","28"
"2024/2025","Female","all","NECO","2-year","University","lga","Abak","South South","Akwa Ibom","Abak","","","0","550","438","222","166","72","0","112","216","56"
"2024/2025","Female","all","NECO","2-year","University","lga","Eket","South South","Akwa Ibom","Eket","","","0","192","162","104","76","36","0","30","58","28"
"2024/2025","Female","all","NECO","2-year","University","lga","Ikot Ekpene","South South","Akwa Ibom","Ikot Ekpene","","","0","450","388","212","192","18","0","62","176","20"
"2024/2025","Female","all","NECO","2-year","University","lga","Oron","South South","Akwa Ibom","Oron","","","0","730","612","322","286","36","0","118","290","36"
"2024/2025","Female","all","NECO","2-year","University","lga","Uyo","South South","Akwa Ibom","Uyo","","","0","364","324","156","126","36","0","40","168","30"
"2024/2025","Female","all","NECO","3-5-year","College of Education","lga","Abak","South South","Akwa Ibom","Abak","","","0","174","140","70","64","0","0","34","70","6"
"2024/2025","Female","all","NECO","3-5-year","College of Education","lga","Eket","South South","Akwa Ibom","Eket","","","0","260","212","118","90","36","0","48","94","28"
"2024/2025","Female","all","NECO","3-5-year","College of Education","lga","Ikot Ekpene","South South","Akwa Ibom","Ikot Ekpene","","","0","414","334","160","138","24","0","80","174","22"
"2024/2025","Female","all","NECO","3-5-year","College of Education","lga","Oron","South South","Akwa Ibom","Oron","","","0","130","106","66","38","42","0","24","40","28"
"2024/2025","Female","all","NECO","3-5-year","College of Education","lga","Uyo","South South","Akwa Ibom","Uyo","","","0","248","192","98","76","24","0","56","94","22"
"2024/2025","Female","all","NECO","3-5-year","Polytechnic","lga","Abak","South South","Akwa Ibom","Abak","","","0","218","172","80","74","0","0","46","92","6"
"2024/2025","Female","all","NECO","3-5-year","Polytechnic","lga","Eket","South South","Akwa Ibom","Eket","","","0","352","292","146","126","18","0","60","146","20"
"2024/2025","Female","all","NECO","3-5-year","Polytechnic","lga","Ikot Ekpene","South South","Akwa Ibom","Ikot Ekpene","","","0","150","126","66","50","18","0","24","60","16"
"2024/2025","Female","all","NECO","3-5-year","Polytechnic","lga","Oron","South South","Akwa Ibom","Oron","","","0","192","148","94","64","42","0","44","54","30"
"2024/2025","Female","all","NECO","3-5-year","Polytechnic","lga","Uyo","South South","Akwa Ibom","Uyo","","","0","248","212","114","88","36","0","36","98","26"
"2024/2025","Female","all","NECO","3-5-year","University","lga","Abak","South South","Akwa Ibom","Abak","","","0","358","296","146","116","36","0","62","150","30"
"2024/2025","Female","all","NECO","3-5-year","University","lga","Eket","South South","Akwa Ibom","Eket","","","0","136","112","66","64","0","0","24","46","2"
"2024/2025","Female","all","NECO","3-5-year","University","lga","Ikot Ekpene","South South","Akwa Ibom","Ikot Ekpene","","","0","304","254","146","114","42","0","50","108","32"
"2024/2025","Female","all","NECO","3-5-year","University","lga","Oron","South South","Akwa Ibom","Oron","","","0","446","380","226","150","108","0","66","154","76"
"2024/2025","Female","all","NECO","3-5-year","University","lga","Uyo","South South","Akwa Ibom","Uyo","","","0","260","220","122","88","48","0","40","98","34"
"2024/2025","Female","all","NECO","5+-year","College of Education","lga","Abak","South South","Akwa Ibom","Abak","","","0","106","86","56","36","24","0","20","30","20"
"2024/2025","Female","all","NECO","5+-year","College of Education","lga","Eket","South South","Akwa Ibom","Eket","","","0","154","132","84","62","24","0","22","48","22"
"2024/2025","Female","all","NECO","5+-year","College of Education","lga","Ikot Ekpene","South South","Akwa Ibom","Ikot Ekpene","","","0","204","168","98","60","38","0","36","70","38"
"2024/2025","Female","all","NECO","5+-year","College of Education","lga","Oron","South South","Akwa Ibom","Oron","","","0","88","78","42","38","0","0","10","36","4"
"2024/2025","Female","all","NECO","5+-year","College of Education","lga","Uyo","South South","Akwa Ibom","Uyo","","","0","124","100","56","48","0","0","24","44","8"
"2024/2025","Female","all","NECO","5+-year","Polytechnic","lga","Abak","South South","Akwa Ibom","Abak","","","0","104","94","56","48","0","0","10","38","8"
"2024/2025","Female","all","NECO","5+-year","Polytechnic","lga","Eket","South South","Akwa Ibom","Eket","","","0","198","150","70","48","14","0","48","80","22"
"2024/2025","Female","all","NECO","5+-year","Polytechnic","lga","Ikot Ekpene","South South","Akwa Ibom","Ikot Ekpene","","","0","74","64","42","26","14","0","10","22","16"
"2024/2025","Female","all","NECO","5+-year","Polytechnic","lga","Oron","South South","Akwa Ibom","Oron","","","0","100","78","42","36","0","0","22","36","6"
"2024/2025","Female","all","NECO","5+-year","Polytechnic","lga","Uyo","South South","Akwa Ibom","Uyo","","","0","126","114","42","36","0","0","12","72","6"
"2024/2025","Female","all","NECO","5+-year","University","lga","Abak","South South","Akwa Ibom","Abak","","","0","194","164","70","60","0","0","30","94","10"
"2024/2025","Female","all","NECO","5+-year","University","lga","Eket","South South","Akwa Ibom","Eket","","","0","68","56","42","38","0","0","12","14","4"
"2024/2025","Female","all","NECO","5+-year","University","lga","Ikot Ekpene","South South","Akwa Ibom","Ikot Ekpene","","","0","182","148","94","62","42","0","34","54","32"
"2024/2025","Female","all","NECO","5+-year","University","lga","Oron","South South","Akwa Ibom","Oron","","","0","244","200","98","86","0","0","44","102","12"
"2024/2025","Female","all","NECO","5+-year","University","lga","Uyo","South South","Akwa Ibom","Uyo","","","0","124","100","56","48","0","0","24","44","8"
"2024/2025","Female","all","WAEC","1-year","College of Education","lga","Abak","South South","Akwa Ibom","Abak","","","0","588","472","250","192","66","0","116","222","58"
"2024/2025","Female","all","WAEC","1-year","College of Education","lga","Eket","South South","Akwa Ibom","Eket","","","0","794","662","372","306","60","0","132","290","66"
"2024/2025","Female","all","WAEC","1-year","College of Education","lga","Ikot Ekpene","South South","Akwa Ibom","Ikot Ekpene","","","0","1334","1168","602","486","114","0","166","566","116"
"2024/2025","Female","all","WAEC","1-year","College of Education","lga","Oron","South South","Akwa Ibom","Oron","","","0","426","346","192","156","30","0","80","154","36"
"2024/2025","Female","all","WAEC","1-year","College of Education","lga","Uyo","South South","Akwa Ibom","Uyo","","","0","790","632","340","268","66","0","158","292","72"
"2024/2025","Female","all","WAEC","1-year","Polytechnic","lga","Abak","South South","Akwa Ibom","Abak","","","0","782","616","316","244","72","0","166","300","72"
"2024/2025","Female","all","WAEC","1-year","Polytechnic","lga","Eket","South South","Akwa Ibom","Eket","","","0","1122","914","480","380","102","0","208","434","100"
"2024/2025","Female","all","WAEC","1-year","Polytechnic","lga","Ikot Ekpene","South South","Akwa Ibom","Ikot Ekpene","","","0","488","468","230","166","78","0","20","238","64"
"2024/2025","Female","all","WAEC","1-year","Polytechnic","lga","Oron","South South","Akwa Ibom","Oron","","","0","588","490","266","200","72","0","98","224","66"
"2024/2025","Female","all","WAEC","1-year","Polytechnic","lga","Uyo","South South","Akwa Ibom","Uyo","","","0","808","670","382","314","60","0","138","288","68"
"2024/2025","Female","all","WAEC","1-year","University","lga","Abak","South South","Akwa Ibom","Abak","","","0","1066","860","454","346","120","0","206","406","108"
"2024/2025","Female","all","WAEC","1-year","University","lga","Eket","South South","Akwa Ibom","Eket","","","0","376","320","178","136","48","0","56","142","42"
"2024/2025","Female","all","WAEC","1-year","University","lga","Ikot Ekpene","South South","Akwa Ibom","Ikot Ekpene","","","0","976","824","438","384","42","0","152","386","54"
"2024/2025","Female","all","WAEC","1-year","University","lga","Oron","South South","Akwa Ibom","Oron","","","0","1476","1226","658","514","150","0","250","568","144"
"2024/2025","Female","all","WAEC","1-year","University","lga","Uyo","South South","Akwa Ibom","Uyo","","","0","828","674","370","302","66","0","154","304","68"
"2024/2025","Female","all","WAEC","2-year","College of Education","lga","Abak","South South","Akwa Ibom","Abak","","","0","408","318","168","132","36","0","90","150","36"
"2024/2025","Female","all","WAEC","2-year","College of Education","lga","Eket","South South","Akwa Ibom","Eket","","","0","502","416","226","178","54","0","86","190","48"
"2024/2025","Female","all","WAEC","2-year","College of Education","lga","Ikot Ekpene","South South","Akwa Ibom","Ikot Ekpene","","","0","822","688","368","278","102","0","134","320","90"
"2024/2025","Female","all","WAEC","2-year","College of Education","lga","Oron","South South","Akwa Ibom","Oron","","","0","264","206","122","90","36","0","58","84","32"
"2024/2025","Female","all","WAEC","2-year","College of Education","lga","Uyo","South South","Akwa Ibom","Uyo","","","0","570","448","238","178","72","0","122","210","60"
"2024/2025","Female","all","WAEC","2-year","Polytechnic","lga","Abak","South South","Akwa Ibom","Abak","","","0","500","392","192","176","0","0","108","200","16"
"2024/2025","Female","all","WAEC","2-year","Polytechnic","lga","Eket","South South","Akwa Ibom","Eket","","","0","694","552","300","220","96","0","142","252","80"
"2024/2025","Female","all","WAEC","2-year","Polytechnic","lga","Ikot Ekpene","South South","Akwa Ibom","Ikot Ekpene","","","0","282","232","118","100","18","0","50","114","18"
"2024/2025","Female","all","WAEC","2-year","Polytechnic","lga","Oron","South South","Akwa Ibom","Oron","","","0","376","312","156","122","36","0","64","156","34"
"2024/2025","Female","all","WAEC","2-year","Polytechnic","lga","Uyo","South South","Akwa Ibom","Uyo","","","0","500","420","242","178","72","0","80","178","64"
"2024/2025","Female","all","WAEC","2-year","University","lga","Abak","South South","Akwa Ibom","Abak","","","0","738","592","288","232","54","0","146","304","56"
"2024/2025","Female","all","WAEC","2-year","University","lga","Eket","South South","Akwa Ibom","Eket","","","0","250","214","132","100","36","0","36","82","32"
"2024/2025","Female","all","WAEC","2-year","University","lga","Ikot Ekpene","South South","Akwa Ibom","Ikot Ekpene","","","0","602","504","278","232","36","0","98","226","46"
"2024/2025","Female","all","WAEC","2-year","University","lga","Oron","South South","Akwa Ibom","Oron","","","0","956","794","432","344","84","0","162","362","88"
"2024/2025","Female","all","WAEC","2-year","University","lga","Uyo","South South","Akwa Ibom","Uyo","","","0","552","450","240","188","54","0","102","210","52"
"2024/2025","Female","all","WAEC","3-5-year","College of Education","lga","Abak","South South","Akwa Ibom","Abak","","","0","244","198","96","68","36","0","46","102","28"
"2024/2025","Female","all","WAEC","3-5-year","College of Education","lga","Eket","South South","Akwa Ibom","Eket","","","0","300","244","142","110","36","0","56","102","32"
"2024/2025","Female","all","WAEC","3-5-year","College of Education","lga","Ikot Ekpene","South South","Akwa Ibom","Ikot Ekpene","","","0","520","430","226","186","36","0","90","204","40"
"2024/2025","Female","all","WAEC","3-5-year","College of Education","lga","Oron","South South","Akwa Ibom","Oron","","","0","176","146","72","56","18","0","30","74","16"
"2024/2025","Female","all","WAEC","3-5-year","College of Education","lga","Uyo","South South","Akwa Ibom","Uyo","","","0","332","256","130","110","18","0","76","126","20"
"2024/2025","Female","all","WAEC","3-5-year","Polytechnic","lga","Abak","South South","Akwa Ibom","Abak","","","0","320","252","136","100","54","0","68","116","36"
"2024/2025","Female","all","WAEC","3-5-year","Polytechnic","lga","Eket","South South","Akwa Ibom","Eket","","","0","488","402","214","178","36","0","86","188","36"
"2024/2025","Female","all","WAEC","3-5-year","Polytechnic","lga","Ikot Ekpene","South South","Akwa Ibom","Ikot Ekpene","","","0","176","152","84","66","18","0","24","68","18"
"2024/2025","Female","all","WAEC","3-5-year","Polytechnic","lga","Oron","South South","Akwa Ibom","Oron","","","0","234","196","92","78","18","0","38","104","14"
"2024/2025","Female","all","WAEC","3-5-year","Polytechnic","lga","Uyo","South South","Akwa Ibom","Uyo","","","0","314","264","130","114","18","0","50","134","16"
"2024/2025","Female","all","WAEC","3-5-year","University","lga","Abak","South South","Akwa Ibom","Abak","","","0","476","376","186","168","18","0","100","190","18"
"2024/2025","Female","all","WAEC","3-5-year","University","lga","Eket","South South","Akwa Ibom","Eket","","","0","156","126","72","56","18","0","30","54","16"
"2024/2025","Female","all","WAEC","3-5-year","University","lga","Ikot Ekpene","South South","Akwa Ibom","Ikot Ekpene","","","0","408","338","204","146","72","0","70","134","58"
"2024/2025","Female","all","WAEC","3-5-year","University","lga","Oron","South South","Akwa Ibom","Oron","","","0","632","514","258","222","36","0","118","256","36"
"2024/2025","Female","all","WAEC","3-5-year","University","lga","Uyo","South South","Akwa Ibom","Uyo","","","0","356","290","162","110","72","0","66","128","52"
"2024/2025","Female","all","WAEC","5+-year","College of Education","lga","Abak","South South","Akwa Ibom","Abak","","","0","144","104","48","44","0","0","40","56","4"
"2024/2025","Female","all","WAEC","5+-year","College of Education","lga","Eket","South South","Akwa Ibom","Eket","","","0","202","162","82","78","0","0","40","80","4"
"2024/2025","Female","all","WAEC","5+-year","College of Education","lga","Ikot Ekpene","South South","Akwa Ibom","Ikot Ekpene","","","0","314","260","122","108","18","0","54","138","14"
"2024/2025","Female","all","WAEC","5+-year","College of Education","lga","Oron","South South","Akwa Ibom","Oron","","","0","112","86","48","44","0","0","26","38","4"
"2024/2025","Female","all","WAEC","5+-year","College of Education","lga","Uyo","South South","Akwa Ibom","Uyo","","","0","182","144","54","52","0","0","38","90","2"
"2024/2025","Female","all","WAEC","5+-year","Polytechnic","lga","Abak","South South","Akwa Ibom","Abak","","","0","158","124","72","44","42","0","34","52","28"
"2024/2025","Female","all","WAEC","5+-year","Polytechnic","lga","Eket","South South","Akwa Ibom","Eket","","","0","272","202","106","88","18","0","70","96","18"
"2024/2025","Female","all","WAEC","5+-year","Polytechnic","lga","Ikot Ekpene","South South","Akwa Ibom","Ikot Ekpene","","","0","126","106","44","44","0","0","20","62","0"
"2024/2025","Female","all","WAEC","5+-year","Polytechnic","lga","Oron","South South","Akwa Ibom","Oron","","","0","144","112","62","56","0","0","32","50","6"
"2024/2025","Female","all","WAEC","5+-year","Polytechnic","lga","Uyo","South South","Akwa Ibom","Uyo","","","0","182","150","86","78","0","0","32","64","8"
"2024/2025","Female","all","WAEC","5+-year","University","lga","Abak","South South","Akwa Ibom","Abak","","","0","268","220","110","80","36","0","48","110","30"
"2024/2025","Female","all","WAEC","5+-year","University","lga","Eket","South South","Akwa Ibom","Eket","","","0","94","80","38","34","0","0","14","42","4"
"2024/2025","Female","all","WAEC","5+-year","University","lga","Ikot Ekpene","South South","Akwa Ibom","Ikot Ekpene","","","0","206","176","92","64","42","0","30","84","28"
"2024/2025","Female","all","WAEC","5+-year","University","lga","Oron","South South","Akwa Ibom","Oron","","","0","320","262","140","110","36","0","58","122","30"
"2024/2025","Female","all","WAEC","5+-year","University","lga","Uyo","South South","Akwa Ibom","Uyo","","","0","164","130","68","64","0","0","34","62","4"
"2024/2025","Female","disabled","NABTEB","1-year","College of Education","lga","Abak","South South","Akwa Ibom","Abak","","","0","18","12","12","12","0","0","6","0","0"
"2024/2025","Female","disabled","NABTEB","1-year","College of Education","lga","Eket","South South","Akwa Ibom","Eket","","","0","24","16","16","16","0","0","8","0","0"
"2024/2025","Female","disabled","NABTEB","1-year","College of Education","lga","Ikot Ekpene","South South","Akwa Ibom","Ikot Ekpene","","","0","39","26","26","26","3","0","13","0","0"
"2024/2025","Female","disabled","NABTEB","1-year","College of Education","lga","Oron","South South","Akwa Ibom","Oron","","","0","12","8","8","8","0","0","4","0","0"
"2024/2025","Female","disabled","NABTEB","1-year","College of Education","lga","Uyo","South South","Akwa Ibom","Uyo","","","0","24","17","17","17","0","0","7","0","0"
"2024/2025","Female","disabled","NABTEB","1-year","Polytechnic","lga","Abak","South South","Akwa Ibom","Abak","","","0","24","18","18","18","0","0","6","0","0"
"2024/2025","Female","disabled","NABTEB","1-year","Polytechnic","lga","Eket","South South","Akwa Ibom","Eket","","","0","36","26","26","26","0","0","10","0","0"
"2024/2025","Female","disabled","NABTEB","1-year","Polytechnic","lga","Ikot Ekpene","South South","Akwa Ibom","Ikot Ekpene","","","0","12","8","8","8","0","0","4","0","0"
"2024/2025","Female","disabled","NABTEB","1-year","Polytechnic","lga","Oron","South South","Akwa Ibom","Oron","","","0","18","12","12","12","0","0","6","0","0"
"2024/2025","Female","disabled","NABTEB","1-year","Polytechnic","lga","Uyo","South South","Akwa Ibom","Uyo","","","0","24","18","18","18","3","0","6","0","0"
"2024/2025","Female","disabled","NABTEB","1-year","University","lga","Abak","South South","Akwa Ibom","Abak","","","0","30","22","22","22","0","0","8","0","0"
"2024/2025","Female","disabled","NABTEB","1-year","University","lga","Eket","South South","Akwa Ibom","Eket","","","0","12","8","8","8","0","0","4","0","0"
"2024/2025","Female","disabled","NABTEB","1-year","University","lga","Ikot Ekpene","South South","Akwa Ibom","Ikot Ekpene","","","0","24","17","17","17","0","0","7","0","0"
"2024/2025","Female","disabled","NABTEB","1-year","University","lga","Oron","South South","Akwa Ibom","Oron","","","0","42","29","29","29","0","0","13","0","0"
"2024/2025","Female","disabled","NABTEB","1-year","University","lga","Uyo","South South","Akwa Ibom","Uyo","","","0","24","17","17","17","3","0","7","0","0"
"2024/2025","Female","disabled","NABTEB","2-year","College of Education","lga","Abak","South South","Akwa Ibom","Abak","","","0","9","9","0","0","0","0","0","9","0"
"2024/2025","Female","disabled","NABTEB","2-year","College of Education","lga","Eket","South South","Akwa Ibom","Eket","","","0","12","12","0","0","0","0","0","12","0"
"2024/2025","Female","disabled","NABTEB","2-year","College of Education","lga","Ikot Ekpene","South South","Akwa Ibom","Ikot Ekpene","","","0","18","18","0","0","0","0","0","18","0"
"2024/2025","Female","disabled","NABTEB","2-year","College of Education","lga","Oron","South South","Akwa Ibom","Oron","","","0","6","6","0","0","0","0","0","6","0"
"2024/2025","Female","disabled","NABTEB","2-year","College of Education","lga","Uyo","South South","Akwa Ibom","Uyo","","","0","12","12","0","0","0","0","0","12","0"
"2024/2025","Female","disabled","NABTEB","2-year","Polytechnic","lga","Abak","South South","Akwa Ibom","Abak","","","0","12","12","0","0","0","0","0","12","0"
"2024/2025","Female","disabled","NABTEB","2-year","Polytechnic","lga","Eket","South South","Akwa Ibom","Eket","","","0","21","19","0","0","0","0","2","19","0"
"2024/2025","Female","disabled","NABTEB","2-year","Polytechnic","lga","Ikot Ekpene","South South","Akwa Ibom","Ikot Ekpene","","","0","9","7","0","0","0","0","2","7","0"
"2024/2025","Female","disabled","NABTEB","2-year","Polytechnic","lga","Oron","South South","Akwa Ibom","Oron","","","0","9","9","0","0","0","0","0","9","0"
"2024/2025","Female","disabled","NABTEB","2-year","Polytechnic","lga","Uyo","South South","Akwa Ibom","Uyo","","","0","12","12","0","0","0","0","0","12","0"
"2024/2025","Female","disabled","NABTEB","2-year","University","lga","Abak","South South","Akwa Ibom","Abak","","","0","15","15","0","0","0","0","0","15","0"
"2024/2025","Female","disabled","NABTEB","2-year","University","lga","Eket","South South","Akwa Ibom","Eket","","","0","6","6","0","0","0","0","0","6","0"
"2024/2025","Female","disabled","NABTEB","2-year","University","lga","Ikot Ekpene","South South","Akwa Ibom","Ikot Ekpene","","","0","12","12","0","0","0","0","0","12","0"
"2024/2025","Female","disabled","NABTEB","2-year","University","lga","Oron","South South","Akwa Ibom","Oron","","","0","21","21","0","0","0","0","0","21","0"
"2024/2025","Female","disabled","NABTEB","2-year","University","lga","Uyo","South South","Akwa Ibom","Uyo","","","0","12","12","0","0","0","0","0","12","0"
"2024/2025","Female","disabled","NABTEB","3-5-year","College of Education","lga","Abak","South South","Akwa Ibom","Abak","","","0","9","0","0","0","0","0","9","0","0"
"2024/2025","Female","disabled","NABTEB","3-5-year","College of Education","lga","Eket","South South","Akwa Ibom","Eket","","","0","12","3","0","0","0","0","9","3","0"
"2024/2025","Female","disabled","NABTEB","3-5-year","College of Education","lga","Ikot Ekpene","South South","Akwa Ibom","Ikot Ekpene","","","0","18","6","0","0","0","0","12","6","0"
"2024/2025","Female","disabled","NABTEB","3-5-year","College of Education","lga","Oron","South South","Akwa Ibom","Oron","","","0","6","0","0","0","0","0","6","0","0"
"2024/2025","Female","disabled","NABTEB","3-5-year","College of Education","lga","Uyo","South South","Akwa Ibom","Uyo","","","0","12","0","0","0","0","0","12","0","0"
"2024/2025","Female","disabled","NABTEB","3-5-year","Polytechnic","lga","Abak","South South","Akwa Ibom","Abak","","","0","12","0","0","0","0","0","12","0","0"
"2024/2025","Female","disabled","NABTEB","3-5-year","Polytechnic","lga","Eket","South South","Akwa Ibom","Eket","","","0","18","3","0","0","0","0","15","3","0"
"2024/2025","Female","disabled","NABTEB","3-5-year","Polytechnic","lga","Ikot Ekpene","South South","Akwa Ibom","Ikot Ekpene","","","0","6","3","0","0","0","0","3","3","0"
"2024/2025","Female","disabled","NABTEB","3-5-year","Polytechnic","lga","Oron","South South","Akwa Ibom","Oron","","","0","9","0","0","0","0","0","9","0","0"
"2024/2025","Female","disabled","NABTEB","3-5-year","Polytechnic","lga","Uyo","South South","Akwa Ibom","Uyo","","","0","12","0","0","0","0","0","12","0","0"
"2024/2025","Female","disabled","NABTEB","3-5-year","University","lga","Abak","South South","Akwa Ibom","Abak","","","0","15","9","0","0","0","0","6","9","0"
"2024/2025","Female","disabled","NABTEB","3-5-year","University","lga","Eket","South South","Akwa Ibom","Eket","","","0","6","0","0","0","0","0","6","0","0"
"2024/2025","Female","disabled","NABTEB","3-5-year","University","lga","Ikot Ekpene","South South","Akwa Ibom","Ikot Ekpene","","","0","12","3","0","0","0","0","9","3","0"
"2024/2025","Female","disabled","NABTEB","3-5-year","University","lga","Oron","South South","Akwa Ibom","Oron","","","0","21","6","0","0","0","0","15","6","0"
"2024/2025","Female","disabled","NABTEB","3-5-year","University","lga","Uyo","South South","Akwa Ibom","Uyo","","","0","12","0","0","0","0","0","12","0","0"
"2024/2025","Female","disabled","NABTEB","5+-year","College of Education","lga","Abak","South South","Akwa Ibom","Abak","","","0","0","0","0","0","0","0","0","0","0"
"2024/2025","Female","disabled","NABTEB","5+-year","College of Education","lga","Eket","South South","Akwa Ibom","Eket","","","0","3","0","0","0","0","0","3","0","0"
"2024/2025","Female","disabled","NABTEB","5+-year","College of Education","lga","Ikot Ekpene","South South","Akwa Ibom","Ikot Ekpene","","","0","6","0","0","0","0","0","6","0","0"
"2024/2025","Female","disabled","NABTEB","5+-year","College of Education","lga","Oron","South South","Akwa Ibom","Oron","","","0","0","0","0","0","0","0","0","0","0"
"2024/2025","Female","disabled","NABTEB","5+-year","College of Education","lga","Uyo","South South","Akwa Ibom","Uyo","","","0","0","0","0","0","0","0","0","0","0"
"2024/2025","Female","disabled","NABTEB","5+-year","Polytechnic","lga","Abak","South South","Akwa Ibom","Abak","","","0","0","0","0","0","0","0","0","0","0"
"2024/2025","Female","disabled","NABTEB","5+-year","Polytechnic","lga","Eket","South South","Akwa Ibom","Eket","","","0","3","0","0","0","0","0","3","0","0"
"2024/2025","Female","disabled","NABTEB","5+-year","Polytechnic","lga","Ikot Ekpene","South South","Akwa Ibom","Ikot Ekpene","","","0","0","0","0","0","0","0","0","0","0"
"2024/2025","Female","disabled","NABTEB","5+-year","Polytechnic","lga","Oron","South South","Akwa Ibom","Oron","","","0","0","0","0","0","0","0","0","0","0"
"2024/2025","Female","disabled","NABTEB","5+-year","Polytechnic","lga","Uyo","South South","Akwa Ibom","Uyo","","","0","0","0","0","0","0","0","0","0","0"
"2024/2025","Female","disabled","NABTEB","5+-year","University","lga","Abak","South South","Akwa Ibom","Abak","","","0","9","0","0","0","0","0","9","0","0"
"2024/2025","Female","disabled","NABTEB","5+-year","University","lga","Eket","South South","Akwa Ibom","Eket","","","0","0","0","0","0","0","0","0","0","0"
"2024/2025","Female","disabled","NABTEB","5+-year","University","lga","Ikot Ekpene","South South","Akwa Ibom","Ikot Ekpene","","","0","3","0","0","0","0","0","3","0","0"
"2024/2025","Female","disabled","NABTEB","5+-year","University","lga","Oron","South South","Akwa Ibom","Oron","","","0","6","0","0","0","0","0","6","0","0"
"2024/2025","Female","disabled","NABTEB","5+-year","University","lga","Uyo","South South","Akwa Ibom","Uyo","","","0","0","0","0","0","0","0","0","0","0"
"2024/2025","Female","disabled","NECO","1-year","College of Education","lga","Abak","South South","Akwa Ibom","Abak","","","0","21","17","17","16","0","0","4","0","1"
"2024/2025","Female","disabled","NECO","1-year","College of Education","lga","Eket","South South","Akwa Ibom","Eket","","","0","33","22","22","20","0","0","11","0","2"
"2024/2025","Female","disabled","NECO","1-year","College of Education","lga","Ikot Ekpene","South South","Akwa Ibom","Ikot Ekpene","","","0","51","41","33","30","0","0","10","8","3"
"2024/2025","Female","disabled","NECO","1-year","College of Education","lga","Oron","South South","Akwa Ibom","Oron","","","0","21","14","14","12","0","0","7","0","2"
"2024/2025","Female","disabled","NECO","1-year","College of Education","lga","Uyo","South South","Akwa Ibom","Uyo","","","0","27","23","23","22","0","0","4","0","1"
"2024/2025","Female","disabled","NECO","1-year","Polytechnic","lga","Abak","South South","Akwa Ibom","Abak","","","0","27","19","19","18","0","0","8","0","1"
"2024/2025","Female","disabled","NECO","1-year","Polytechnic","lga","Eket","South South","Akwa Ibom","Eket","","","0","52","37","33","30","0","0","15","4","3"
"2024/2025","Female","disabled","NECO","1-year","Polytechnic","lga","Ikot Ekpene","South South","Akwa Ibom","Ikot Ekpene","","","0","18","15","11","10","0","0","3","4","1"
"2024/2025","Female","disabled","NECO","1-year","Polytechnic","lga","Oron","South South","Akwa Ibom","Oron","","","0","21","15","15","14","0","0","6","0","1"
"2024/2025","Female","disabled","NECO","1-year","Polytechnic","lga","Uyo","South South","Akwa Ibom","Uyo","","","0","30","24","24","22","0","0","6","0","2"
"2024/2025","Female","disabled","NECO","1-year","University","lga","Abak","South South","Akwa Ibom","Abak","","","0","51","44","32","28","0","0","7","12","4"
"2024/2025","Female","disabled","NECO","1-year","University","lga","Eket","South South","Akwa Ibom","Eket","","","0","18","15","11","10","0","0","3","4","1"
"2024/2025","Female","disabled","NECO","1-year","University","lga","Ikot Ekpene","South South","Akwa Ibom","Ikot Ekpene","","","0","33","28","24","22","0","0","5","4","2"
"2024/2025","Female","disabled","NECO","1-year","University","lga","Oron","South South","Akwa Ibom","Oron","","","0","66","47","43","38","0","0","19","4","5"
"2024/2025","Female","disabled","NECO","1-year","University","lga","Uyo","South South","Akwa Ibom","Uyo","","","0","33","27","25","22","0","0","6","2","3"
"2024/2025","Female","disabled","NECO","2-year","College of Education","lga","Abak","South South","Akwa Ibom","Abak","","","0","12","10","0","0","0","0","2","10","0"
"2024/2025","Female","disabled","NECO","2-year","College of Education","lga","Eket","South South","Akwa Ibom","Eket","","","0","18","16","0","0","0","0","2","16","0"
"2024/2025","Female","disabled","NECO","2-year","College of Education","lga","Ikot Ekpene","South South","Akwa Ibom","Ikot Ekpene","","","0","30","26","6","6","0","0","4","20","0"
"2024/2025","Female","disabled","NECO","2-year","College of Education","lga","Oron","South South","Akwa Ibom","Oron","","","0","12","8","0","0","0","0","4","8","0"
"2024/2025","Female","disabled","NECO","2-year","College of Education","lga","Uyo","South South","Akwa Ibom","Uyo","","","0","18","14","0","0","0","0","4","14","0"
"2024/2025","Female","disabled","NECO","2-year","Polytechnic","lga","Abak","South South","Akwa Ibom","Abak","","","0","12","12","0","0","0","0","0","12","0"
"2024/2025","Female","disabled","NECO","2-year","Polytechnic","lga","Eket","South South","Akwa Ibom","Eket","","","0","30","24","0","0","0","0","6","24","0"
"2024/2025","Female","disabled","NECO","2-year","Polytechnic","lga","Ikot Ekpene","South South","Akwa Ibom","Ikot Ekpene","","","0","9","9","0","0","0","0","0","9","0"
"2024/2025","Female","disabled","NECO","2-year","Polytechnic","lga","Oron","South South","Akwa Ibom","Oron","","","0","12","10","0","0","0","0","2","10","0"
"2024/2025","Female","disabled","NECO","2-year","Polytechnic","lga","Uyo","South South","Akwa Ibom","Uyo","","","0","18","14","0","0","0","0","4","14","0"
"2024/2025","Female","disabled","NECO","2-year","University","lga","Abak","South South","Akwa Ibom","Abak","","","0","30","25","0","0","0","0","5","25","0"
"2024/2025","Female","disabled","NECO","2-year","University","lga","Eket","South South","Akwa Ibom","Eket","","","0","12","10","0","0","0","0","2","10","0"
"2024/2025","Female","disabled","NECO","2-year","University","lga","Ikot Ekpene","South South","Akwa Ibom","Ikot Ekpene","","","0","24","18","7","6","0","0","6","11","1"
"2024/2025","Female","disabled","NECO","2-year","University","lga","Oron","South South","Akwa Ibom","Oron","","","0","33","29","0","0","0","0","4","29","0"
"2024/2025","Female","disabled","NECO","2-year","University","lga","Uyo","South South","Akwa Ibom","Uyo","","","0","18","16","6","6","0","0","2","10","0"
"2024/2025","Female","disabled","NECO","3-5-year","College of Education","lga","Abak","South South","Akwa Ibom","Abak","","","0","9","9","0","0","0","0","0","9","0"
"2024/2025","Female","disabled","NECO","3-5-year","College of Education","lga","Eket","South South","Akwa Ibom","Eket","","","0","12","12","0","0","0","0","0","12","0"
"2024/2025","Female","disabled","NECO","3-5-year","College of Education","lga","Ikot Ekpene","South South","Akwa Ibom","Ikot Ekpene","","","0","24","20","0","0","0","0","4","20","0"
"2024/2025","Female","disabled","NECO","3-5-year","College of Education","lga","Oron","South South","Akwa Ibom","Oron","","","0","6","6","0","0","0","0","0","6","0"
"2024/2025","Female","disabled","NECO","3-5-year","College of Education","lga","Uyo","South South","Akwa Ibom","Uyo","","","0","12","12","0","0","0","0","0","12","0"
"2024/2025","Female","disabled","NECO","3-5-year","Polytechnic","lga","Abak","South South","Akwa Ibom","Abak","","","0","12","12","0","0","0","0","0","12","0"
"2024/2025","Female","disabled","NECO","3-5-year","Polytechnic","lga","Eket","South South","Akwa Ibom","Eket","","","0","21","19","0","0","0","0","2","19","0"
"2024/2025","Female","disabled","NECO","3-5-year","Polytechnic","lga","Ikot Ekpene","South South","Akwa Ibom","Ikot Ekpene","","","0","9","7","0","0","0","0","2","7","0"
"2024/2025","Female","disabled","NECO","3-5-year","Polytechnic","lga","Oron","South South","Akwa Ibom","Oron","","","0","9","9","0","0","0","0","0","9","0"
"2024/2025","Female","disabled","NECO","3-5-year","Polytechnic","lga","Uyo","South South","Akwa Ibom","Uyo","","","0","12","12","0","0","0","0","0","12","0"
"2024/2025","Female","disabled","NECO","3-5-year","University","lga","Abak","South South","Akwa Ibom","Abak","","","0","21","17","0","0","0","0","4","17","0"
"2024/2025","Female","disabled","NECO","3-5-year","University","lga","Eket","South South","Akwa Ibom","Eket","","","0","6","6","0","0","0","0","0","6","0"
"2024/2025","Female","disabled","NECO","3-5-year","University","lga","Ikot Ekpene","South South","Akwa Ibom","Ikot Ekpene","","","0","15","13","0","0","0","0","2","13","0"
"2024/2025","Female","disabled","NECO","3-5-year","University","lga","Oron","South South","Akwa Ibom","Oron","","","0","27","23","0","0","0","0","4","23","0"
"2024/2025","Female","disabled","NECO","3-5-year","University","lga","Uyo","South South","Akwa Ibom","Uyo","","","0","15","13","0","0","0","0","2","13","0"
"2024/2025","Female","disabled","NECO","5+-year","College of Education","lga","Abak","South South","Akwa Ibom","Abak","","","0","6","3","0","0","0","0","3","3","0"
"2024/2025","Female","disabled","NECO","5+-year","College of Education","lga","Eket","South South","Akwa Ibom","Eket","","","0","6","6","0","0","0","0","0","6","0"
"2024/2025","Female","disabled","NECO","5+-year","College of Education","lga","Ikot Ekpene","South South","Akwa Ibom","Ikot Ekpene","","","0","12","9","0","0","0","0","3","9","0"
"2024/2025","Female","disabled","NECO","5+-year","College of Education","lga","Oron","South South","Akwa Ibom","Oron","","","0","6","6","0","0","0","0","0","6","0"
"2024/2025","Female","disabled","NECO","5+-year","College of Education","lga","Uyo","South South","Akwa Ibom","Uyo","","","0","9","3","0","0","0","0","6","3","0"
"2024/2025","Female","disabled","NECO","5+-year","Polytechnic","lga","Abak","South South","Akwa Ibom","Abak","","","0","9","0","0","0","0","0","9","0","0"
"2024/2025","Female","disabled","NECO","5+-year","Polytechnic","lga","Eket","South South","Akwa Ibom","Eket","","","0","9","6","0","0","0","0","3","6","0"
"2024/2025","Female","disabled","NECO","5+-year","Polytechnic","lga","Ikot Ekpene","South South","Akwa Ibom","Ikot Ekpene","","","0","3","0","0","0","0","0","3","0","0"
"2024/2025","Female","disabled","NECO","5+-year","Polytechnic","lga","Oron","South South","Akwa Ibom","Oron","","","0","3","0","0","0","0","0","3","0","0"
"2024/2025","Female","disabled","NECO","5+-year","Polytechnic","lga","Uyo","South South","Akwa Ibom","Uyo","","","0","6","3","0","0","0","0","3","3","0"
"2024/2025","Female","disabled","NECO","5+-year","University","lga","Abak","South South","Akwa Ibom","Abak","","","0","12","3","0","0","0","0","9","3","0"
"2024/2025","Female","disabled","NECO","5+-year","University","lga","Eket","South South","Akwa Ibom","Eket","","","0","3","0","0","0","0","0","3","0","0"
"2024/2025","Female","disabled","NECO","5+-year","University","lga","Ikot Ekpene","South South","Akwa Ibom","Ikot Ekpene","","","0","12","6","0","0","0","0","6","6","0"
"2024/2025","Female","disabled","NECO","5+-year","University","lga","Oron","South South","Akwa Ibom","Oron","","","0","15","9","0","0","0","0","6","9","0"
"2024/2025","Female","disabled","NECO","5+-year","University","lga","Uyo","South South","Akwa Ibom","Uyo","","","0","9","0","0","0","0","0","9","0","0"
"2024/2025","Female","disabled","WAEC","1-year","College of Education","lga","Abak","South South","Akwa Ibom","Abak","","","0","28","20","16","15","0","0","8","4","1"
"2024/2025","Female","disabled","WAEC","1-year","College of Education","lga","Eket","South South","Akwa Ibom","Eket","","","0","44","35","22","21","0","0","9","13","1"
"2024/2025","Female","disabled","WAEC","1-year","College of Education","lga","Ikot Ekpene","South South","Akwa Ibom","Ikot Ekpene","","","0","78","57","29","29","0","0","21","28","0"
"2024/2025","Female","disabled","WAEC","1-year","College of Education","lga","Oron","South South","Akwa Ibom","Oron","","","0","26","16","10","10","0","0","10","6","0"
"2024/2025","Female","disabled","WAEC","1-year","College of Education","lga","Uyo","South South","Akwa Ibom","Uyo","","","0","37","27","20","20","0","0","10","7","0"
"2024/2025","Female","disabled","WAEC","1-year","Polytechnic","lga","Abak","South South","Akwa Ibom","Abak","","","0","48","32","24","20","6","0","16","8","4"
"2024/2025","Female","disabled","WAEC","1-year","Polytechnic","lga","Eket","South South","Akwa Ibom","Eket","","","0","63","47","32","31","0","0","16","15","1"
"2024/2025","Female","disabled","WAEC","1-year","Polytechnic","lga","Ikot Ekpene","South South","Akwa Ibom","Ikot Ekpene","","","0","25","19","10","10","0","0","6","9","0"
"2024/2025","Female","disabled","WAEC","1-year","Polytechnic","lga","Oron","South South","Akwa Ibom","Oron","","","0","27","21","17","16","0","0","6","4","1"
"2024/2025","Female","disabled","WAEC","1-year","Polytechnic","lga","Uyo","South South","Akwa Ibom","Uyo","","","0","37","31","23","21","3","0","6","8","2"
"2024/2025","Female","disabled","WAEC","1-year","University","lga","Abak","South South","Akwa Ibom","Abak","","","0","70","54","30","28","0","0","16","24","2"
"2024/2025","Female","disabled","WAEC","1-year","University","lga","Eket","South South","Akwa Ibom","Eket","","","0","25","19","11","11","0","0","6","8","0"
"2024/2025","Female","disabled","WAEC","1-year","University","lga","Ikot Ekpene","South South","Akwa Ibom","Ikot Ekpene","","","0","58","40","20","20","0","0","18","20","0"
"2024/2025","Female","disabled","WAEC","1-year","University","lga","Oron","South South","Akwa Ibom","Oron","","","0","86","62","38","36","0","0","24","24","2"
"2024/2025","Female","disabled","WAEC","1-year","University","lga","Uyo","South South","Akwa Ibom","Uyo","","","0","48","33","21","20","0","0","15","12","1"
"2024/2025","Female","disabled","WAEC","2-year","College of Education","lga","Abak","South South","Akwa Ibom","Abak","","","0","18","14","5","5","0","0","4","9","0"
"2024/2025","Female","disabled","WAEC","2-year","College of Education","lga","Eket","South South","Akwa Ibom","Eket","","","0","24","20","10","10","0","0","4","10","0"
"2024/2025","Female","disabled","WAEC","2-year","College of Education","lga","Ikot Ekpene","South South","Akwa Ibom","Ikot Ekpene","","","0","41","33","15","15","0","0","8","18","0"
"2024/2025","Female","disabled","WAEC","2-year","College of Education","lga","Oron","South South","Akwa Ibom","Oron","","","0","12","10","4","4","0","0","2","6","0"
"2024/2025","Female","disabled","WAEC","2-year","College of Education","lga","Uyo","South South","Akwa Ibom","Uyo","","","0","24","20","5","5","0","0","4","15","0"
"2024/2025","Female","disabled","WAEC","2-year","Polytechnic","lga","Abak","South South","Akwa Ibom","Abak","","","0","24","20","0","0","0","0","4","20","0"
"2024/2025","Female","disabled","WAEC","2-year","Polytechnic","lga","Eket","South South","Akwa Ibom","Eket","","","0","40","32","17","16","0","0","8","15","1"
"2024/2025","Female","disabled","WAEC","2-year","Polytechnic","lga","Ikot Ekpene","South South","Akwa Ibom","Ikot Ekpene","","","0","12","10","5","5","0","0","2","5","0"
"2024/2025","Female","disabled","WAEC","2-year","Polytechnic","lga","Oron","South South","Akwa Ibom","Oron","","","0","18","14","0","0","0","0","4","14","0"
"2024/2025","Female","disabled","WAEC","2-year","Polytechnic","lga","Uyo","South South","Akwa Ibom","Uyo","","","0","24","20","10","10","0","0","4","10","0"
"2024/2025","Female","disabled","WAEC","2-year","University","lga","Abak","South South","Akwa Ibom","Abak","","","0","43","33","24","21","3","0","10","9","3"
"2024/2025","Female","disabled","WAEC","2-year","University","lga","Eket","South South","Akwa Ibom","Eket","","","0","15","13","5","5","0","0","2","8","0"
"2024/2025","Female","disabled","WAEC","2-year","University","lga","Ikot Ekpene","South South","Akwa Ibom","Ikot Ekpene","","","0","37","29","15","15","0","0","8","14","0"
"2024/2025","Female","disabled","WAEC","2-year","University","lga","Oron","South South","Akwa Ibom","Oron","","","0","51","41","27","26","0","0","10","14","1"
"2024/2025","Female","disabled","WAEC","2-year","University","lga","Uyo","South South","Akwa Ibom","Uyo","","","0","27","23","12","11","0","0","4","11","1"
"2024/2025","Female","disabled","WAEC","3-5-year","College of Education","lga","Abak","South South","Akwa Ibom","Abak","","","0","12","10","0","0","0","0","2","10","0"
"2024/2025","Female","disabled","WAEC","3-5-year","College of Education","lga","Eket","South South","Akwa Ibom","Eket","","","0","18","14","0","0","0","0","4","14","0"
"2024/2025","Female","disabled","WAEC","3-5-year","College of Education","lga","Ikot Ekpene","South South","Akwa Ibom","Ikot Ekpene","","","0","27","25","0","0","0","0","2","25","0"
"2024/2025","Female","disabled","WAEC","3-5-year","College of Education","lga","Oron","South South","Akwa Ibom","Oron","","","0","9","7","0","0","0","0","2","7","0"
"2024/2025","Female","disabled","WAEC","3-5-year","College of Education","lga","Uyo","South South","Akwa Ibom","Uyo","","","0","18","14","0","0","0","0","4","14","0"
"2024/2025","Female","disabled","WAEC","3-5-year","Polytechnic","lga","Abak","South South","Akwa Ibom","Abak","","","0","15","13","0","0","0","0","2","13","0"
"2024/2025","Female","disabled","WAEC","3-5-year","Polytechnic","lga","Eket","South South","Akwa Ibom","Eket","","","0","30","24","0","0","0","0","6","24","0"
"2024/2025","Female","disabled","WAEC","3-5-year","Polytechnic","lga","Ikot Ekpene","South South","Akwa Ibom","Ikot Ekpene","","","0","9","9","0","0","0","0","0","9","0"
"2024/2025","Female","disabled","WAEC","3-5-year","Polytechnic","lga","Oron","South South","Akwa Ibom","Oron","","","0","12","10","0","0","0","0","2","10","0"
"2024/2025","Female","disabled","WAEC","3-5-year","Polytechnic","lga","Uyo","South South","Akwa Ibom","Uyo","","","0","18","16","0","0","0","0","2","16","0"
"2024/2025","Female","disabled","WAEC","3-5-year","University","lga","Abak","South South","Akwa Ibom","Abak","","","0","30","22","4","4","3","0","8","18","0"
"2024/2025","Female","disabled","WAEC","3-5-year","University","lga","Eket","South South","Akwa Ibom","Eket","","","0","9","9","5","0","5","0","0","4","5"
"2024/2025","Female","disabled","WAEC","3-5-year","University","lga","Ikot Ekpene","South South","Akwa Ibom","Ikot Ekpene","","","0","24","20","0","0","0","0","4","20","0"
"2024/2025","Female","disabled","WAEC","3-5-year","University","lga","Oron","South South","Akwa Ibom","Oron","","","0","33","25","0","0","0","0","8","25","0"
"2024/2025","Female","disabled","WAEC","3-5-year","University","lga","Uyo","South South","Akwa Ibom","Uyo","","","0","21","15","0","0","0","0","6","15","0"
"2024/2025","Female","disabled","WAEC","5+-year","College of Education","lga","Abak","South South","Akwa Ibom","Abak","","","0","9","6","0","0","0","0","3","6","0"
"2024/2025","Female","disabled","WAEC","5+-year","College of Education","lga","Eket","South South","Akwa Ibom","Eket","","","0","9","6","0","0","0","0","3","6","0"
"2024/2025","Female","disabled","WAEC","5+-year","College of Education","lga","Ikot Ekpene","South South","Akwa Ibom","Ikot Ekpene","","","0","18","13","0","0","0","0","5","13","0"
"2024/2025","Female","disabled","WAEC","5+-year","College of Education","lga","Oron","South South","Akwa Ibom","Oron","","","0","6","6","0","0","0","0","0","6","0"
"2024/2025","Female","disabled","WAEC","5+-year","College of Education","lga","Uyo","South South","Akwa Ibom","Uyo","","","0","12","9","0","0","0","0","3","9","0"
"2024/2025","Female","disabled","WAEC","5+-year","Polytechnic","lga","Abak","South South","Akwa Ibom","Abak","","","0","9","3","0","0","0","0","6","3","0"
"2024/2025","Female","disabled","WAEC","5+-year","Polytechnic","lga","Eket","South South","Akwa Ibom","Eket","","","0","15","9","0","0","0","0","6","9","0"
"2024/2025","Female","disabled","WAEC","5+-year","Polytechnic","lga","Ikot Ekpene","South South","Akwa Ibom","Ikot Ekpene","","","0","6","3","0","0","0","0","3","3","0"
"2024/2025","Female","disabled","WAEC","5+-year","Polytechnic","lga","Oron","South South","Akwa Ibom","Oron","","","0","6","6","0","0","0","0","0","6","0"
"2024/2025","Female","disabled","WAEC","5+-year","Polytechnic","lga","Uyo","South South","Akwa Ibom","Uyo","","","0","12","6","0","0","0","0","6","6","0"
"2024/2025","Female","disabled","WAEC","5+-year","University","lga","Abak","South South","Akwa Ibom","Abak","","","0","15","12","0","0","0","0","3","12","0"
"2024/2025","Female","disabled","WAEC","5+-year","University","lga","Eket","South South","Akwa Ibom","Eket","","","0","9","7","0","0","0","0","2","7","0"
"2024/2025","Female","disabled","WAEC","5+-year","University","lga","Ikot Ekpene","South South","Akwa Ibom","Ikot Ekpene","","","0","12","9","0","0","0","0","3","9","0"
"2024/2025","Female","disabled","WAEC","5+-year","University","lga","Oron","South South","Akwa Ibom","Oron","","","0","15","15","0","0","0","0","0","15","0"
"2024/2025","Female","disabled","WAEC","5+-year","University","lga","Uyo","South South","Akwa Ibom","Uyo","","","0","9","9","0","0","0","0","0","9","0"
"2024/2025","Male","all","NABTEB","1-year","College of Education","lga","Abak","South South","Akwa Ibom","Abak","","","0","286","218","106","70","48","0","68","112","36"
"2024/2025","Male","all","NABTEB","1-year","College of Education","lga","Eket","South South","Akwa Ibom","Eket","","","0","352","306","170","112","72","0","46","136","58"
"2024/2025","Male","all","NABTEB","1-year","College of Education","lga","Ikot Ekpene","South South","Akwa Ibom","Ikot Ekpene","","","0","562","468","202","174","24","0","94","266","28"
"2024/2025","Male","all","NABTEB","1-year","College of Education","lga","Oron","South South","Akwa Ibom","Oron","","","0","212","180","78","72","0","0","32","102","6"
"2024/2025","Male","all","NABTEB","1-year","College of Education","lga","Uyo","South South","Akwa Ibom","Uyo","","","0","352","290","142","112","24","0","62","148","30"
"2024/2025","Male","all","NABTEB","1-year","Polytechnic","lga","Abak","South South","Akwa Ibom","Abak","","","0","328","264","128","112","0","0","64","136","16"
"2024/2025","Male","all","NABTEB","1-year","Polytechnic","lga","Eket","South South","Akwa Ibom","Eket","","","0","462","394","220","184","24","0","68","174","36"
"2024/2025","Male","all","NABTEB","1-year","Polytechnic","lga","Ikot Ekpene","South South","Akwa Ibom","Ikot Ekpene","","","0","210","186","108","72","48","0","24","78","36"
"2024/2025","Male","all","NABTEB","1-year","Polytechnic","lga","Oron","South South","Akwa Ibom","Oron","","","0","276","216","110","84","24","0","60","106","26"
"2024/2025","Male","all","NABTEB","1-year","Polytechnic","lga","Uyo","South South","Akwa Ibom","Uyo","","","0","316","256","142","100","48","0","60","114","42"
"2024/2025","Male","all","NABTEB","1-year","University","lga","Abak","South South","Akwa Ibom","Abak","","","0","554","460","216","156","66","0","94","244","60"
"2024/2025","Male","all","NABTEB","1-year","University","lga","Eket","South South","Akwa Ibom","Eket","","","0","140","112","78","44","48","0","28","34","34"
"2024/2025","Male","all","NABTEB","1-year","University","lga","Ikot Ekpene","South South","Akwa Ibom","Ikot Ekpene","","","0","386","328","170","144","18","0","58","158","26"
"2024/2025","Male","all","NABTEB","1-year","University","lga","Oron","South South","Akwa Ibom","Oron","","","0","662","580","290","226","66","0","82","290","64"
"2024/2025","Male","all","NABTEB","1-year","University","lga","Uyo","South South","Akwa Ibom","Uyo","","","0","346","294","156","96","78","0","52","138","60"
"2024/2025","Male","all","NABTEB","2-year","College of Education","lga","Abak","South South","Akwa Ibom","Abak","","","0","186","152","78","70","0","0","34","74","8"
"2024/2025","Male","all","NABTEB","2-year","College of Education","lga","Eket","South South","Akwa Ibom","Eket","","","0","220","184","96","82","6","0","36","88","14"
"2024/2025","Male","all","NABTEB","2-year","College of Education","lga","Ikot Ekpene","South South","Akwa Ibom","Ikot Ekpene","","","0","348","296","142","122","6","0","52","154","20"
"2024/2025","Male","all","NABTEB","2-year","College of Education","lga","Oron","South South","Akwa Ibom","Oron","","","0","134","112","64","32","48","0","22","48","32"
"2024/2025","Male","all","NABTEB","2-year","College of Education","lga","Uyo","South South","Akwa Ibom","Uyo","","","0","232","186","96","58","54","0","46","90","38"
"2024/2025","Male","all","NABTEB","2-year","Polytechnic","lga","Abak","South South","Akwa Ibom","Abak","","","0","202","170","56","52","0","0","32","114","4"
"2024/2025","Male","all","NABTEB","2-year","Polytechnic","lga","Eket","South South","Akwa Ibom","Eket","","","0","306","256","120","112","0","0","50","136","8"
"2024/2025","Male","all","NABTEB","2-year","Polytechnic","lga","Ikot Ekpene","South South","Akwa Ibom","Ikot Ekpene","","","0","134","114","64","60","0","0","20","50","4"
"2024/2025","Male","all","NABTEB","2-year","Polytechnic","lga","Oron","South South","Akwa Ibom","Oron","","","0","168","140","78","44","48","0","28","62","34"
"2024/2025","Male","all","NABTEB","2-year","Polytechnic","lga","Uyo","South South","Akwa Ibom","Uyo","","","0","196","178","92","58","48","0","18","86","34"
"2024/2025","Male","all","NABTEB","2-year","University","lga","Abak","South South","Akwa Ibom","Abak","","","0","356","296","160","88","102","0","60","136","72"
"2024/2025","Male","all","NABTEB","2-year","University","lga","Eket","South South","Akwa Ibom","Eket","","","0","98","82","46","26","30","0","16","36","20"
"2024/2025","Male","all","NABTEB","2-year","University","lga","Ikot Ekpene","South South","Akwa Ibom","Ikot Ekpene","","","0","250","218","110","82","30","0","32","108","28"
"2024/2025","Male","all","NABTEB","2-year","University","lga","Oron","South South","Akwa Ibom","Oron","","","0","424","370","170","130","48","0","54","200","40"
"2024/2025","Male","all","NABTEB","2-year","University","lga","Uyo","South South","Akwa Ibom","Uyo","","","0","214","178","96","60","48","0","36","82","36"
"2024/2025","Male","all","NABTEB","3-5-year","College of Education","lga","Abak","South South","Akwa Ibom","Abak","","","0","122","96","46","44","0","0","26","50","2"
"2024/2025","Male","all","NABTEB","3-5-year","College of Education","lga","Eket","South South","Akwa Ibom","Eket","","","0","152","128","60","54","0","0","24","68","6"
"2024/2025","Male","all","NABTEB","3-5-year","College of Education","lga","Ikot Ekpene","South South","Akwa Ibom","Ikot Ekpene","","","0","222","200","110","84","30","0","22","90","26"
"2024/2025","Male","all","NABTEB","3-5-year","College of Education","lga","Oron","South South","Akwa Ibom","Oron","","","0","86","72","28","28","0","0","14","44","0"
"2024/2025","Male","all","NABTEB","3-5-year","College of Education","lga","Uyo","South South","Akwa Ibom","Uyo","","","0","134","112","72","56","12","0","22","40","16"
"2024/2025","Male","all","NABTEB","3-5-year","Polytechnic","lga","Abak","South South","Akwa Ibom","Abak","","","0","122","104","56","52","0","0","18","48","4"
"2024/2025","Male","all","NABTEB","3-5-year","Polytechnic","lga","Eket","South South","Akwa Ibom","Eket","","","0","182","152","88","82","6","0","30","64","6"
"2024/2025","Male","all","NABTEB","3-5-year","Polytechnic","lga","Ikot Ekpene","South South","Akwa Ibom","Ikot Ekpene","","","0","82","66","48","44","0","0","16","18","4"
"2024/2025","Male","all","NABTEB","3-5-year","Polytechnic","lga","Oron","South South","Akwa Ibom","Oron","","","0","102","88","42","40","0","0","14","46","2"
"2024/2025","Male","all","NABTEB","3-5-year","Polytechnic","lga","Uyo","South South","Akwa Ibom","Uyo","","","0","138","112","56","52","0","0","26","56","4"
"2024/2025","Male","all","NABTEB","3-5-year","University","lga","Abak","South South","Akwa Ibom","Abak","","","0","242","200","92","84","0","0","42","108","8"
"2024/2025","Male","all","NABTEB","3-5-year","University","lga","Eket","South South","Akwa Ibom","Eket","","","0","58","56","32","30","0","0","2","24","2"
"2024/2025","Male","all","NABTEB","3-5-year","University","lga","Ikot Ekpene","South South","Akwa Ibom","Ikot Ekpene","","","0","156","138","60","56","0","0","18","78","4"
"2024/2025","Male","all","NABTEB","3-5-year","University","lga","Oron","South South","Akwa Ibom","Oron","","","0","272","218","134","110","30","0","54","84","24"
"2024/2025","Male","all","NABTEB","3-5-year","University","lga","Uyo","South South","Akwa Ibom","Uyo","","","0","132","120","68","60","0","0","12","52","8"
"2024/2025","Male","all","NABTEB","5+-year","College of Education","lga","Abak","South South","Akwa Ibom","Abak","","","0","66","42","16","16","0","0","24","26","0"
"2024/2025","Male","all","NABTEB","5+-year","College of Education","lga","Eket","South South","Akwa Ibom","Eket","","","0","84","72","42","24","14","0","12","30","18"
"2024/2025","Male","all","NABTEB","5+-year","College of Education","lga","Ikot Ekpene","South South","Akwa Ibom","Ikot Ekpene","","","0","114","102","62","28","32","0","12","40","34"
"2024/2025","Male","all","NABTEB","5+-year","College of Education","lga","Oron","South South","Akwa Ibom","Oron","","","0","54","48","28","26","0","0","6","20","2"
"2024/2025","Male","all","NABTEB","5+-year","College of Education","lga","Uyo","South South","Akwa Ibom","Uyo","","","0","78","64","32","0","32","0","14","32","32"
"2024/2025","Male","all","NABTEB","5+-year","Polytechnic","lga","Abak","South South","Akwa Ibom","Abak","","","0","72","56","36","0","36","0","16","20","36"
"2024/2025","Male","all","NABTEB","5+-year","Polytechnic","lga","Eket","South South","Akwa Ibom","Eket","","","0","108","88","46","12","34","0","20","42","34"
"2024/2025","Male","all","NABTEB","5+-year","Polytechnic","lga","Ikot Ekpene","South South","Akwa Ibom","Ikot Ekpene","","","0","54","48","14","14","0","0","6","34","0"
"2024/2025","Male","all","NABTEB","5+-year","Polytechnic","lga","Oron","South South","Akwa Ibom","Oron","","","0","60","44","14","0","14","0","16","30","14"
"2024/2025","Male","all","NABTEB","5+-year","Polytechnic","lga","Uyo","South South","Akwa Ibom","Uyo","","","0","72","56","28","12","14","0","16","28","16"
"2024/2025","Male","all","NABTEB","5+-year","University","lga","Abak","South South","Akwa Ibom","Abak","","","0","130","104","44","28","16","0","26","60","16"
"2024/2025","Male","all","NABTEB","5+-year","University","lga","Eket","South South","Akwa Ibom","Eket","","","0","30","24","0","0","0","0","6","24","0"
"2024/2025","Male","all","NABTEB","5+-year","University","lga","Ikot Ekpene","South South","Akwa Ibom","Ikot Ekpene","","","0","102","80","60","26","32","0","22","20","34"
"2024/2025","Male","all","NABTEB","5+-year","University","lga","Oron","South South","Akwa Ibom","Oron","","","0","156","128","56","26","28","0","28","72","30"
"2024/2025","Male","all","NABTEB","5+-year","University","lga","Uyo","South South","Akwa Ibom","Uyo","","","0","78","64","14","0","14","0","14","50","14"
"2024/2025","Male","all","NECO","1-year","College of Education","lga","Abak","South South","Akwa Ibom","Abak","","","0","482","382","198","138","78","0","100","184","60"
"2024/2025","Male","all","NECO","1-year","College of Education","lga","Eket","South South","Akwa Ibom","Eket","","","0","662","550","292","244","42","0","112","258","48"
"2024/2025","Male","all","NECO","1-year","College of Education","lga","Ikot Ekpene","South South","Akwa Ibom","Ikot Ekpene","","","0","996","866","420","362","48","0","130","446","58"
"2024/2025","Male","all","NECO","1-year","College of Education","lga","Oron","South South","Akwa Ibom","Oron","","","0","408","334","146","128","12","0","74","188","18"
"2024/2025","Male","all","NECO","1-year","College of Education","lga","Uyo","South South","Akwa Ibom","Uyo","","","0","648","510","236","200","36","0","138","274","36"
"2024/2025","Male","all","NECO","1-year","Polytechnic","lga","Abak","South South","Akwa Ibom","Abak","","","0","586","470","208","200","0","0","116","262","8"
"2024/2025","Male","all","NECO","1-year","Polytechnic","lga","Eket","South South","Akwa Ibom","Eket","","","0","876","708","340","296","48","0","168","368","44"
"2024/2025","Male","all","NECO","1-year","Polytechnic","lga","Ikot Ekpene","South South","Akwa Ibom","Ikot Ekpene","","","0","332","272","132","130","0","0","60","140","2"
"2024/2025","Male","all","NECO","1-year","Polytechnic","lga","Oron","South South","Akwa Ibom","Oron","","","0","468","390","198","150","54","0","78","192","48"
"2024/2025","Male","all","NECO","1-year","Polytechnic","lga","Uyo","South South","Akwa Ibom","Uyo","","","0","586","466","236","200","36","0","120","230","36"
"2024/2025","Male","all","NECO","1-year","University","lga","Abak","South South","Akwa Ibom","Abak","","","0","1108","932","396","320","72","0","176","536","76"
"2024/2025","Male","all","NECO","1-year","University","lga","Eket","South South","Akwa Ibom","Eket","","","0","298","236","104","88","18","0","62","132","16"
"2024/2025","Male","all","NECO","1-year","University","lga","Ikot Ekpene","South South","Akwa Ibom","Ikot Ekpene","","","0","820","670","344","274","72","0","150","326","70"
"2024/2025","Male","all","NECO","1-year","University","lga","Oron","South South","Akwa Ibom","Oron","","","0","1272","1052","524","436","84","0","220","528","88"
"2024/2025","Male","all","NECO","1-year","University","lga","Uyo","South South","Akwa Ibom","Uyo","","","0","644","516","236","204","30","0","128","280","32"
"2024/2025","Male","all","NECO","2-year","College of Education","lga","Abak","South South","Akwa Ibom","Abak","","","0","322","254","118","114","0","0","68","136","4"
"2024/2025","Male","all","NECO","2-year","College of Education","lga","Eket","South South","Akwa Ibom","Eket","","","0","450","372","198","164","36","0","78","174","34"
"2024/2025","Male","all","NECO","2-year","College of Education","lga","Ikot Ekpene","South South","Akwa Ibom","Ikot Ekpene","","","0","600","486","254","200","66","0","114","232","54"
"2024/2025","Male","all","NECO","2-year","College of Education","lga","Oron","South South","Akwa Ibom","Oron","","","0","254","212","104","76","36","0","42","108","28"
"2024/2025","Male","all","NECO","2-year","College of Education","lga","Uyo","South South","Akwa Ibom","Uyo","","","0","396","316","142","116","36","0","80","174","26"
"2024/2025","Male","all","NECO","2-year","Polytechnic","lga","Abak","South South","Akwa Ibom","Abak","","","0","358","282","122","104","18","0","76","160","18"
"2024/2025","Male","all","NECO","2-year","Polytechnic","lga","Eket","South South","Akwa Ibom","Eket","","","0","544","444","198","164","42","0","100","246","34"
"2024/2025","Male","all","NECO","2-year","Polytechnic","lga","Ikot Ekpene","South South","Akwa Ibom","Ikot Ekpene","","","0","210","176","94","62","42","0","34","82","32"
"2024/2025","Male","all","NECO","2-year","Polytechnic","lga","Oron","South South","Akwa Ibom","Oron","","","0","308","248","118","114","0","0","60","130","4"
"2024/2025","Male","all","NECO","2-year","Polytechnic","lga","Uyo","South South","Akwa Ibom","Uyo","","","0","378","310","156","116","54","0","68","154","40"
"2024/2025","Male","all","NECO","2-year","University","lga","Abak","South South","Akwa Ibom","Abak","","","0","666","528","222","202","18","0","138","306","20"
"2024/2025","Male","all","NECO","2-year","University","lga","Eket","South South","Akwa Ibom","Eket","","","0","192","154","80","64","18","0","38","74","16"
"2024/2025","Male","all","NECO","2-year","University","lga","Ikot Ekpene","South South","Akwa Ibom","Ikot Ekpene","","","0","520","428","212","164","54","0","92","216","48"
"2024/2025","Male","all","NECO","2-year","University","lga","Oron","South South","Akwa Ibom","Oron","","","0","786","668","312","282","36","0","118","356","30"
"2024/2025","Male","all","NECO","2-year","University","lga","Uyo","South South","Akwa Ibom","Uyo","","","0","402","338","142","126","18","0","64","196","16"
"2024/2025","Male","all","NECO","3-5-year","College of Education","lga","Abak","South South","Akwa Ibom","Abak","","","0","198","170","80","50","42","0","28","90","30"
"2024/2025","Male","all","NECO","3-5-year","College of Education","lga","Eket","South South","Akwa Ibom","Eket","","","0","278","240","118","100","24","0","38","122","18"
"2024/2025","Male","all","NECO","3-5-year","College of Education","lga","Ikot Ekpene","South South","Akwa Ibom","Ikot Ekpene","","","0","434","354","184","138","60","0","80","170","46"
"2024/2025","Male","all","NECO","3-5-year","College of Education","lga","Oron","South South","Akwa Ibom","Oron","","","0","166","126","66","64","0","0","40","60","2"
"2024/2025","Male","all","NECO","3-5-year","College of Education","lga","Uyo","South South","Akwa Ibom","Uyo","","","0","278","220","114","86","42","0","58","106","28"
"2024/2025","Male","all","NECO","3-5-year","Polytechnic","lga","Abak","South South","Akwa Ibom","Abak","","","0","242","198","104","60","66","0","44","94","44"
"2024/2025","Male","all","NECO","3-5-year","Polytechnic","lga","Eket","South South","Akwa Ibom","Eket","","","0","390","320","136","114","18","0","70","184","22"
"2024/2025","Male","all","NECO","3-5-year","Polytechnic","lga","Ikot Ekpene","South South","Akwa Ibom","Ikot Ekpene","","","0","130","106","52","38","18","0","24","54","14"
"2024/2025","Male","all","NECO","3-5-year","Polytechnic","lga","Oron","South South","Akwa Ibom","Oron","","","0","180","154","70","64","0","0","26","84","6"
"2024/2025","Male","all","NECO","3-5-year","Polytechnic","lga","Uyo","South South","Akwa Ibom","Uyo","","","0","266","220","122","90","42","0","46","98","32"
"2024/2025","Male","all","NECO","3-5-year","University","lga","Abak","South South","Akwa Ibom","Abak","","","0","408","332","136","114","24","0","76","196","22"
"2024/2025","Male","all","NECO","3-5-year","University","lga","Eket","South South","Akwa Ibom","Eket","","","0","130","100","42","38","0","0","30","58","4"
"2024/2025","Male","all","NECO","3-5-year","University","lga","Ikot Ekpene","South South","Akwa Ibom","Ikot Ekpene","","","0","316","248","132","116","18","0","68","116","16"
"2024/2025","Male","all","NECO","3-5-year","University","lga","Oron","South South","Akwa Ibom","Oron","","","0","508","432","226","164","84","0","76","206","62"
"2024/2025","Male","all","NECO","3-5-year","University","lga","Uyo","South South","Akwa Ibom","Uyo","","","0","254","204","94","76","18","0","50","110","18"
"2024/2025","Male","all","NECO","5+-year","College of Education","lga","Abak","South South","Akwa Ibom","Abak","","","0","106","86","28","24","0","0","20","58","4"
"2024/2025","Male","all","NECO","5+-year","College of Education","lga","Eket","South South","Akwa Ibom","Eket","","","0","168","150","70","48","24","0","18","80","22"
"2024/2025","Male","all","NECO","5+-year","College of Education","lga","Ikot Ekpene","South South","Akwa Ibom","Ikot Ekpene","","","0","222","186","98","74","24","0","36","88","24"
"2024/2025","Male","all","NECO","5+-year","College of Education","lga","Oron","South South","Akwa Ibom","Oron","","","0","88","70","42","24","24","0","18","28","18"
"2024/2025","Male","all","NECO","5+-year","College of Education","lga","Uyo","South South","Akwa Ibom","Uyo","","","0","124","106","56","48","0","0","18","50","8"
"2024/2025","Male","all","NECO","5+-year","Polytechnic","lga","Abak","South South","Akwa Ibom","Abak","","","0","122","102","56","48","0","0","20","46","8"
"2024/2025","Male","all","NECO","5+-year","Polytechnic","lga","Eket","South South","Akwa Ibom","Eket","","","0","236","186","112","72","48","0","50","74","40"
"2024/2025","Male","all","NECO","5+-year","Polytechnic","lga","Ikot Ekpene","South South","Akwa Ibom","Ikot Ekpene","","","0","86","74","42","38","0","0","12","32","4"
"2024/2025","Male","all","NECO","5+-year","Polytechnic","lga","Oron","South South","Akwa Ibom","Oron","","","0","114","86","56","36","24","0","28","30","20"
"2024/2025","Male","all","NECO","5+-year","Polytechnic","lga","Uyo","South South","Akwa Ibom","Uyo","","","0","132","108","56","48","0","0","24","52","8"
"2024/2025","Male","all","NECO","5+-year","University","lga","Abak","South South","Akwa Ibom","Abak","","","0","250","192","94","60","42","0","58","98","34"
"2024/2025","Male","all","NECO","5+-year","University","lga","Eket","South South","Akwa Ibom","Eket","","","0","56","48","26","12","12","0","8","22","14"
"2024/2025","Male","all","NECO","5+-year","University","lga","Ikot Ekpene","South South","Akwa Ibom","Ikot Ekpene","","","0","200","170","70","62","0","0","30","100","8"
"2024/2025","Male","all","NECO","5+-year","University","lga","Oron","South South","Akwa Ibom","Oron","","","0","276","226","112","72","38","0","50","114","40"
"2024/2025","Male","all","NECO","5+-year","University","lga","Uyo","South South","Akwa Ibom","Uyo","","","0","130","100","56","36","14","0","30","44","20"
"2024/2025","Male","all","WAEC","1-year","College of Education","lga","Abak","South South","Akwa Ibom","Abak","","","0","722","658","486","214","42","0","64","172","272"
"2024/2025","Male","all","WAEC","1-year","College of Education","lga","Eket","South South","Akwa Ibom","Eket","","","0","834","696","350","294","42","0","138","346","56"
"2024/2025","Male","all","WAEC","1-year","College of Education","lga","Ikot Ekpene","South South","Akwa Ibom","Ikot Ekpene","","","0","1338","1168","548","436","114","0","170","620","112"
"2024/2025","Male","all","WAEC","1-year","College of Education","lga","Oron","South South","Akwa Ibom","Oron","","","0","500","406","202","170","24","0","94","204","32"
"2024/2025","Male","all","WAEC","1-year","College of Education","lga","Uyo","South South","Akwa Ibom","Uyo","","","0","928","762","350","270","84","0","166","412","80"
"2024/2025","Male","all","WAEC","1-year","Polytechnic","lga","Abak","South South","Akwa Ibom","Abak","","","0","858","678","336","264","72","0","180","342","72"
"2024/2025","Male","all","WAEC","1-year","Polytechnic","lga","Eket","South South","Akwa Ibom","Eket","","","0","1328","1200","758","410","126","0","128","442","348"
"2024/2025","Male","all","WAEC","1-year","Polytechnic","lga","Ikot Ekpene","South South","Akwa Ibom","Ikot Ekpene","","","0","508","438","238","188","48","0","70","200","50"
"2024/2025","Male","all","WAEC","1-year","Polytechnic","lga","Oron","South South","Akwa Ibom","Oron","","","0","652","540","242","200","36","0","112","298","42"
"2024/2025","Male","all","WAEC","1-year","Polytechnic","lga","Uyo","South South","Akwa Ibom","Uyo","","","0","796","636","334","254","90","0","160","302","80"
"2024/2025","Male","all","WAEC","1-year","University","lga","Abak","South South","Akwa Ibom","Abak","","","0","1346","1176","502","392","114","0","170","674","110"
"2024/2025","Male","all","WAEC","1-year","University","lga","Eket","South South","Akwa Ibom","Eket","","","0","382","326","182","148","30","0","56","144","34"
"2024/2025","Male","all","WAEC","1-year","University","lga","Ikot Ekpene","South South","Akwa Ibom","Ikot Ekpene","","","0","1114","934","466","388","60","0","180","468","78"
"2024/2025","Male","all","WAEC","1-year","University","lga","Oron","South South","Akwa Ibom","Oron","","","0","1678","1456","882","512","150","0","222","574","370"
"2024/2025","Male","all","WAEC","1-year","University","lga","Uyo","South South","Akwa Ibom","Uyo","","","0","876","696","346","258","102","0","180","350","88"
"2024/2025","Male","all","WAEC","2-year","College of Education","lga","Abak","South South","Akwa Ibom","Abak","","","0","438","350","158","122","36","0","88","192","36"
"2024/2025","Male","all","WAEC","2-year","College of Education","lga","Eket","South South","Akwa Ibom","Eket","","","0","556","462","254","190","72","0","94","208","64"
"2024/2025","Male","all","WAEC","2-year","College of Education","lga","Ikot Ekpene","South South","Akwa Ibom","Ikot Ekpene","","","0","822","674","328","256","72","0","148","346","72"
"2024/2025","Male","all","WAEC","2-year","College of Education","lga","Oron","South South","Akwa Ibom","Oron","","","0","306","246","122","100","18","0","60","124","22"
"2024/2025","Male","all","WAEC","2-year","College of Education","lga","Uyo","South South","Akwa Ibom","Uyo","","","0","550","460","218","166","60","0","90","242","52"
"2024/2025","Male","all","WAEC","2-year","Polytechnic","lga","Abak","South South","Akwa Ibom","Abak","","","0","514","404","204","166","36","0","110","200","38"
"2024/2025","Male","all","WAEC","2-year","Polytechnic","lga","Eket","South South","Akwa Ibom","Eket","","","0","836","678","330","256","84","0","158","348","74"
"2024/2025","Male","all","WAEC","2-year","Polytechnic","lga","Ikot Ekpene","South South","Akwa Ibom","Ikot Ekpene","","","0","332","278","166","134","30","0","54","112","32"
"2024/2025","Male","all","WAEC","2-year","Polytechnic","lga","Oron","South South","Akwa Ibom","Oron","","","0","420","344","168","132","36","0","76","176","36"
"2024/2025","Male","all","WAEC","2-year","Polytechnic","lga","Uyo","South South","Akwa Ibom","Uyo","","","0","512","416","214","166","54","0","96","202","48"
"2024/2025","Male","all","WAEC","2-year","University","lga","Abak","South South","Akwa Ibom","Abak","","","0","858","702","330","256","72","0","156","372","74"
"2024/2025","Male","all","WAEC","2-year","University","lga","Eket","South South","Akwa Ibom","Eket","","","0","232","198","108","90","18","0","34","90","18"
"2024/2025","Male","all","WAEC","2-year","University","lga","Ikot Ekpene","South South","Akwa Ibom","Ikot Ekpene","","","0","682","566","286","244","30","0","116","280","42"
"2024/2025","Male","all","WAEC","2-year","University","lga","Oron","South South","Akwa Ibom","Oron","","","0","1056","886","418","332","84","0","170","468","86"
"2024/2025","Male","all","WAEC","2-year","University","lga","Uyo","South South","Akwa Ibom","Uyo","","","0","552","436","214","178","36","0","116","222","36"
"2024/2025","Male","all","WAEC","3-5-year","College of Education","lga","Abak","South South","Akwa Ibom","Abak","","","0","294","238","106","80","36","0","56","132","26"
"2024/2025","Male","all","WAEC","3-5-year","College of Education","lga","Eket","South South","Akwa Ibom","Eket","","","0","362","292","154","112","54","0","70","138","42"
"2024/2025","Male","all","WAEC","3-5-year","College of Education","lga","Ikot Ekpene","South South","Akwa Ibom","Ikot Ekpene","","","0","548","456","226","166","78","0","92","230","60"
"2024/2025","Male","all","WAEC","3-5-year","College of Education","lga","Oron","South South","Akwa Ibom","Oron","","","0","194","158","82","56","36","0","36","76","26"
"2024/2025","Male","all","WAEC","3-5-year","College of Education","lga","Uyo","South South","Akwa Ibom","Uyo","","","0","364","290","130","112","18","0","74","160","18"
"2024/2025","Male","all","WAEC","3-5-year","Polytechnic","lga","Abak","South South","Akwa Ibom","Abak","","","0","322","254","116","88","36","0","68","138","28"
"2024/2025","Male","all","WAEC","3-5-year","Polytechnic","lga","Eket","South South","Akwa Ibom","Eket","","","0","544","434","200","154","60","0","110","234","46"
"2024/2025","Male","all","WAEC","3-5-year","Polytechnic","lga","Ikot Ekpene","South South","Akwa Ibom","Ikot Ekpene","","","0","218","192","108","88","18","0","26","84","20"
"2024/2025","Male","all","WAEC","3-5-year","Polytechnic","lga","Oron","South South","Akwa Ibom","Oron","","","0","218","184","82","78","0","0","34","102","4"
"2024/2025","Male","all","WAEC","3-5-year","Polytechnic","lga","Uyo","South South","Akwa Ibom","Uyo","","","0","314","264","126","102","36","0","50","138","24"
"2024/2025","Male","all","WAEC","3-5-year","University","lga","Abak","South South","Akwa Ibom","Abak","","","0","524","432","186","156","36","0","92","246","30"
"2024/2025","Male","all","WAEC","3-5-year","University","lga","Eket","South South","Akwa Ibom","Eket","","","0","168","140","72","56","18","0","28","68","16"
"2024/2025","Male","all","WAEC","3-5-year","University","lga","Ikot Ekpene","South South","Akwa Ibom","Ikot Ekpene","","","0","414","350","176","134","54","0","64","174","42"
"2024/2025","Male","all","WAEC","3-5-year","University","lga","Oron","South South","Akwa Ibom","Oron","","","0","714","596","296","226","96","0","118","300","70"
"2024/2025","Male","all","WAEC","3-5-year","University","lga","Uyo","South South","Akwa Ibom","Uyo","","","0","338","264","130","100","36","0","74","134","30"
"2024/2025","Male","all","WAEC","5+-year","College of Education","lga","Abak","South South","Akwa Ibom","Abak","","","0","156","130","62","46","18","0","26","68","16"
"2024/2025","Male","all","WAEC","5+-year","College of Education","lga","Eket","South South","Akwa Ibom","Eket","","","0","208","170","82","64","24","0","38","88","18"
"2024/2025","Male","all","WAEC","5+-year","College of Education","lga","Ikot Ekpene","South South","Akwa Ibom","Ikot Ekpene","","","0","326","264","102","96","0","0","62","162","6"
"2024/2025","Male","all","WAEC","5+-year","College of Education","lga","Oron","South South","Akwa Ibom","Oron","","","0","118","92","48","44","0","0","26","44","4"
"2024/2025","Male","all","WAEC","5+-year","College of Education","lga","Uyo","South South","Akwa Ibom","Uyo","","","0","194","158","72","54","24","0","36","86","18"
"2024/2025","Male","all","WAEC","5+-year","Polytechnic","lga","Abak","South South","Akwa Ibom","Abak","","","0","188","150","54","52","0","0","38","96","2"
"2024/2025","Male","all","WAEC","5+-year","Polytechnic","lga","Eket","South South","Akwa Ibom","Eket","","","0","240","186","96","88","0","0","54","90","8"
"2024/2025","Male","all","WAEC","5+-year","Polytechnic","lga","Ikot Ekpene","South South","Akwa Ibom","Ikot Ekpene","","","0","132","112","58","44","18","0","20","54","14"
"2024/2025","Male","all","WAEC","5+-year","Polytechnic","lga","Oron","South South","Akwa Ibom","Oron","","","0","144","120","72","44","42","0","24","48","28"
"2024/2025","Male","all","WAEC","5+-year","Polytechnic","lga","Uyo","South South","Akwa Ibom","Uyo","","","0","182","136","86","66","24","0","46","50","20"
"2024/2025","Male","all","WAEC","5+-year","University","lga","Abak","South South","Akwa Ibom","Abak","","","0","326","264","120","100","18","0","62","144","20"
"2024/2025","Male","all","WAEC","5+-year","University","lga","Eket","South South","Akwa Ibom","Eket","","","0","100","86","48","34","18","0","14","38","14"
"2024/2025","Male","all","WAEC","5+-year","University","lga","Ikot Ekpene","South South","Akwa Ibom","Ikot Ekpene","","","0","294","232","126","90","54","0","62","106","36"
"2024/2025","Male","all","WAEC","5+-year","University","lga","Oron","South South","Akwa Ibom","Oron","","","0","388","312","154","112","54","0","76","158","42"
"2024/2025","Male","all","WAEC","5+-year","University","lga","Uyo","South South","Akwa Ibom","Uyo","","","0","200","166","68","64","0","0","34","98","4"
"2024/2025","Male","disabled","NABTEB","1-year","College of Education","lga","Abak","South South","Akwa Ibom","Abak","","","0","18","13","13","13","0","0","5","0","0"
"2024/2025","Male","disabled","NABTEB","1-year","College of Education","lga","Eket","South South","Akwa Ibom","Eket","","","0","24","16","16","16","3","0","8","0","0"
"2024/2025","Male","disabled","NABTEB","1-year","College of Education","lga","Ikot Ekpene","South South","Akwa Ibom","Ikot Ekpene","","","0","39","30","30","30","3","0","9","0","0"
"2024/2025","Male","disabled","NABTEB","1-year","College of Education","lga","Oron","South South","Akwa Ibom","Oron","","","0","12","8","8","8","0","0","4","0","0"
"2024/2025","Male","disabled","NABTEB","1-year","College of Education","lga","Uyo","South South","Akwa Ibom","Uyo","","","0","24","16","16","16","3","0","8","0","0"
"2024/2025","Male","disabled","NABTEB","1-year","Polytechnic","lga","Abak","South South","Akwa Ibom","Abak","","","0","24","18","18","18","0","0","6","0","0"
"2024/2025","Male","disabled","NABTEB","1-year","Polytechnic","lga","Eket","South South","Akwa Ibom","Eket","","","0","39","28","28","28","3","0","11","0","0"
"2024/2025","Male","disabled","NABTEB","1-year","Polytechnic","lga","Ikot Ekpene","South South","Akwa Ibom","Ikot Ekpene","","","0","15","8","8","8","0","0","7","0","0"
"2024/2025","Male","disabled","NABTEB","1-year","Polytechnic","lga","Oron","South South","Akwa Ibom","Oron","","","0","18","13","13","13","0","0","5","0","0"
"2024/2025","Male","disabled","NABTEB","1-year","Polytechnic","lga","Uyo","South South","Akwa Ibom","Uyo","","","0","24","16","16","16","0","0","8","0","0"
"2024/2025","Male","disabled","NABTEB","1-year","University","lga","Abak","South South","Akwa Ibom","Abak","","","0","42","21","21","21","0","0","21","0","0"
"2024/2025","Male","disabled","NABTEB","1-year","University","lga","Eket","South South","Akwa Ibom","Eket","","","0","12","8","8","8","0","0","4","0","0"
"2024/2025","Male","disabled","NABTEB","1-year","University","lga","Ikot Ekpene","South South","Akwa Ibom","Ikot Ekpene","","","0","24","17","17","17","0","0","7","0","0"
"2024/2025","Male","disabled","NABTEB","1-year","University","lga","Oron","South South","Akwa Ibom","Oron","","","0","42","29","29","29","0","0","13","0","0"
"2024/2025","Male","disabled","NABTEB","1-year","University","lga","Uyo","South South","Akwa Ibom","Uyo","","","0","24","16","16","16","0","0","8","0","0"
"2024/2025","Male","disabled","NABTEB","2-year","College of Education","lga","Abak","South South","Akwa Ibom","Abak","","","0","9","9","0","0","0","0","0","9","0"
"2024/2025","Male","disabled","NABTEB","2-year","College of Education","lga","Eket","South South","Akwa Ibom","Eket","","","0","12","12","0","0","0","0","0","12","0"
"2024/2025","Male","disabled","NABTEB","2-year","College of Education","lga","Ikot Ekpene","South South","Akwa Ibom","Ikot Ekpene","","","0","21","20","0","0","0","0","1","20","0"
"2024/2025","Male","disabled","NABTEB","2-year","College of Education","lga","Oron","South South","Akwa Ibom","Oron","","","0","6","6","0","0","0","0","0","6","0"
"2024/2025","Male","disabled","NABTEB","2-year","College of Education","lga","Uyo","South South","Akwa Ibom","Uyo","","","0","12","12","0","0","0","0","0","12","0"
"2024/2025","Male","disabled","NABTEB","2-year","Polytechnic","lga","Abak","South South","Akwa Ibom","Abak","","","0","12","12","0","0","0","0","0","12","0"
"2024/2025","Male","disabled","NABTEB","2-year","Polytechnic","lga","Eket","South South","Akwa Ibom","Eket","","","0","21","19","0","0","0","0","2","19","0"
"2024/2025","Male","disabled","NABTEB","2-year","Polytechnic","lga","Ikot Ekpene","South South","Akwa Ibom","Ikot Ekpene","","","0","9","7","0","0","0","0","2","7","0"
"2024/2025","Male","disabled","NABTEB","2-year","Polytechnic","lga","Oron","South South","Akwa Ibom","Oron","","","0","9","9","0","0","0","0","0","9","0"
"2024/2025","Male","disabled","NABTEB","2-year","Polytechnic","lga","Uyo","South South","Akwa Ibom","Uyo","","","0","12","12","0","0","0","0","0","12","0"
"2024/2025","Male","disabled","NABTEB","2-year","University","lga","Abak","South South","Akwa Ibom","Abak","","","0","27","20","0","0","0","0","7","20","0"
"2024/2025","Male","disabled","NABTEB","2-year","University","lga","Eket","South South","Akwa Ibom","Eket","","","0","6","6","0","0","0","0","0","6","0"
"2024/2025","Male","disabled","NABTEB","2-year","University","lga","Ikot Ekpene","South South","Akwa Ibom","Ikot Ekpene","","","0","15","13","0","0","0","0","2","13","0"
"2024/2025","Male","disabled","NABTEB","2-year","University","lga","Oron","South South","Akwa Ibom","Oron","","","0","21","21","0","0","0","0","0","21","0"
"2024/2025","Male","disabled","NABTEB","2-year","University","lga","Uyo","South South","Akwa Ibom","Uyo","","","0","12","12","0","0","0","0","0","12","0"
"2024/2025","Male","disabled","NABTEB","3-5-year","College of Education","lga","Abak","South South","Akwa Ibom","Abak","","","0","9","3","0","0","0","0","6","3","0"
"2024/2025","Male","disabled","NABTEB","3-5-year","College of Education","lga","Eket","South South","Akwa Ibom","Eket","","","0","12","0","0","0","0","0","12","0","0"
"2024/2025","Male","disabled","NABTEB","3-5-year","College of Education","lga","Ikot Ekpene","South South","Akwa Ibom","Ikot Ekpene","","","0","18","6","0","0","0","0","12","6","0"
"2024/2025","Male","disabled","NABTEB","3-5-year","College of Education","lga","Oron","South South","Akwa Ibom","Oron","","","0","6","3","0","0","0","0","3","3","0"
"2024/2025","Male","disabled","NABTEB","3-5-year","College of Education","lga","Uyo","South South","Akwa Ibom","Uyo","","","0","12","0","0","0","0","0","12","0","0"
"2024/2025","Male","disabled","NABTEB","3-5-year","Polytechnic","lga","Abak","South South","Akwa Ibom","Abak","","","0","12","0","0","0","0","0","12","0","0"
"2024/2025","Male","disabled","NABTEB","3-5-year","Polytechnic","lga","Eket","South South","Akwa Ibom","Eket","","","0","18","6","0","0","0","0","12","6","0"
"2024/2025","Male","disabled","NABTEB","3-5-year","Polytechnic","lga","Ikot Ekpene","South South","Akwa Ibom","Ikot Ekpene","","","0","6","3","0","0","0","0","3","3","0"
"2024/2025","Male","disabled","NABTEB","3-5-year","Polytechnic","lga","Oron","South South","Akwa Ibom","Oron","","","0","9","0","0","0","0","0","9","0","0"
"2024/2025","Male","disabled","NABTEB","3-5-year","Polytechnic","lga","Uyo","South South","Akwa Ibom","Uyo","","","0","12","3","0","0","0","0","9","3","0"
"2024/2025","Male","disabled","NABTEB","3-5-year","University","lga","Abak","South South","Akwa Ibom","Abak","","","0","15","12","0","0","0","0","3","12","0"
"2024/2025","Male","disabled","NABTEB","3-5-year","University","lga","Eket","South South","Akwa Ibom","Eket","","","0","6","0","0","0","0","0","6","0","0"
"2024/2025","Male","disabled","NABTEB","3-5-year","University","lga","Ikot Ekpene","South South","Akwa Ibom","Ikot Ekpene","","","0","12","3","0","0","0","0","9","3","0"
"2024/2025","Male","disabled","NABTEB","3-5-year","University","lga","Oron","South South","Akwa Ibom","Oron","","","0","21","6","0","0","0","0","15","6","0"
"2024/2025","Male","disabled","NABTEB","3-5-year","University","lga","Uyo","South South","Akwa Ibom","Uyo","","","0","12","3","0","0","0","0","9","3","0"
"2024/2025","Male","disabled","NABTEB","5+-year","College of Education","lga","Abak","South South","Akwa Ibom","Abak","","","0","3","0","0","0","0","0","3","0","0"
"2024/2025","Male","disabled","NABTEB","5+-year","College of Education","lga","Eket","South South","Akwa Ibom","Eket","","","0","0","0","0","0","0","0","0","0","0"
"2024/2025","Male","disabled","NABTEB","5+-year","College of Education","lga","Ikot Ekpene","South South","Akwa Ibom","Ikot Ekpene","","","0","6","0","0","0","0","0","6","0","0"
"2024/2025","Male","disabled","NABTEB","5+-year","College of Education","lga","Oron","South South","Akwa Ibom","Oron","","","0","3","0","0","0","0","0","3","0","0"
"2024/2025","Male","disabled","NABTEB","5+-year","College of Education","lga","Uyo","South South","Akwa Ibom","Uyo","","","0","0","0","0","0","0","0","0","0","0"
"2024/2025","Male","disabled","NABTEB","5+-year","Polytechnic","lga","Abak","South South","Akwa Ibom","Abak","","","0","0","0","0","0","0","0","0","0","0"
"2024/2025","Male","disabled","NABTEB","5+-year","Polytechnic","lga","Eket","South South","Akwa Ibom","Eket","","","0","3","0","0","0","0","0","3","0","0"
"2024/2025","Male","disabled","NABTEB","5+-year","Polytechnic","lga","Ikot Ekpene","South South","Akwa Ibom","Ikot Ekpene","","","0","0","0","0","0","0","0","0","0","0"
"2024/2025","Male","disabled","NABTEB","5+-year","Polytechnic","lga","Oron","South South","Akwa Ibom","Oron","","","0","0","0","0","0","0","0","0","0","0"
"2024/2025","Male","disabled","NABTEB","5+-year","Polytechnic","lga","Uyo","South South","Akwa Ibom","Uyo","","","0","0","0","0","0","0","0","0","0","0"
"2024/2025","Male","disabled","NABTEB","5+-year","University","lga","Abak","South South","Akwa Ibom","Abak","","","0","0","0","0","0","0","0","0","0","0"
"2024/2025","Male","disabled","NABTEB","5+-year","University","lga","Eket","South South","Akwa Ibom","Eket","","","0","0","0","0","0","0","0","0","0","0"
"2024/2025","Male","disabled","NABTEB","5+-year","University","lga","Ikot Ekpene","South South","Akwa Ibom","Ikot Ekpene","","","0","3","0","0","0","0","0","3","0","0"
"2024/2025","Male","disabled","NABTEB","5+-year","University","lga","Oron","South South","Akwa Ibom","Oron","","","0","6","0","0","0","0","0","6","0","0"
"2024/2025","Male","disabled","NABTEB","5+-year","University","lga","Uyo","South South","Akwa Ibom","Uyo","","","0","3","0","0","0","0","0","3","0","0"
"2024/2025","Male","disabled","NECO","1-year","College of Education","lga","Abak","South South","Akwa Ibom","Abak","","","0","24","18","18","16","0","0","6","0","2"
"2024/2025","Male","disabled","NECO","1-year","College of Education","lga","Eket","South South","Akwa Ibom","Eket","","","0","33","26","26","24","0","0","7","0","2"
"2024/2025","Male","disabled","NECO","1-year","College of Education","lga","Ikot Ekpene","South South","Akwa Ibom","Ikot Ekpene","","","0","62","44","33","30","0","0","18","11","3"
"2024/2025","Male","disabled","NECO","1-year","College of Education","lga","Oron","South South","Akwa Ibom","Oron","","","0","24","22","14","12","0","0","2","8","2"
"2024/2025","Male","disabled","NECO","1-year","College of Education","lga","Uyo","South South","Akwa Ibom","Uyo","","","0","30","22","22","20","0","0","8","0","2"
"2024/2025","Male","disabled","NECO","1-year","Polytechnic","lga","Abak","South South","Akwa Ibom","Abak","","","0","30","22","22","20","0","0","8","0","2"
"2024/2025","Male","disabled","NECO","1-year","Polytechnic","lga","Eket","South South","Akwa Ibom","Eket","","","0","52","39","33","30","0","0","13","6","3"
"2024/2025","Male","disabled","NECO","1-year","Polytechnic","lga","Ikot Ekpene","South South","Akwa Ibom","Ikot Ekpene","","","0","18","15","11","10","0","0","3","4","1"
"2024/2025","Male","disabled","NECO","1-year","Polytechnic","lga","Oron","South South","Akwa Ibom","Oron","","","0","21","17","17","16","0","0","4","0","1"
"2024/2025","Male","disabled","NECO","1-year","Polytechnic","lga","Uyo","South South","Akwa Ibom","Uyo","","","0","30","24","24","22","0","0","6","0","2"
"2024/2025","Male","disabled","NECO","1-year","University","lga","Abak","South South","Akwa Ibom","Abak","","","0","65","47","32","28","0","0","18","15","4"
"2024/2025","Male","disabled","NECO","1-year","University","lga","Eket","South South","Akwa Ibom","Eket","","","0","18","11","11","10","0","0","7","0","1"
"2024/2025","Male","disabled","NECO","1-year","University","lga","Ikot Ekpene","South South","Akwa Ibom","Ikot Ekpene","","","0","46","35","28","24","0","0","11","7","4"
"2024/2025","Male","disabled","NECO","1-year","University","lga","Oron","South South","Akwa Ibom","Oron","","","0","63","48","44","40","0","0","15","4","4"
"2024/2025","Male","disabled","NECO","1-year","University","lga","Uyo","South South","Akwa Ibom","Uyo","","","0","36","29","25","22","0","0","7","4","3"
"2024/2025","Male","disabled","NECO","2-year","College of Education","lga","Abak","South South","Akwa Ibom","Abak","","","0","12","10","0","0","0","0","2","10","0"
"2024/2025","Male","disabled","NECO","2-year","College of Education","lga","Eket","South South","Akwa Ibom","Eket","","","0","21","19","0","0","0","0","2","19","0"
"2024/2025","Male","disabled","NECO","2-year","College of Education","lga","Ikot Ekpene","South South","Akwa Ibom","Ikot Ekpene","","","0","33","27","14","12","0","0","6","13","2"
"2024/2025","Male","disabled","NECO","2-year","College of Education","lga","Oron","South South","Akwa Ibom","Oron","","","0","12","10","0","0","0","0","2","10","0"
"2024/2025","Male","disabled","NECO","2-year","College of Education","lga","Uyo","South South","Akwa Ibom","Uyo","","","0","18","14","0","0","0","0","4","14","0"
"2024/2025","Male","disabled","NECO","2-year","Polytechnic","lga","Abak","South South","Akwa Ibom","Abak","","","0","15","13","0","0","0","0","2","13","0"
"2024/2025","Male","disabled","NECO","2-year","Polytechnic","lga","Eket","South South","Akwa Ibom","Eket","","","0","33","27","0","0","0","0","6","27","0"
"2024/2025","Male","disabled","NECO","2-year","Polytechnic","lga","Ikot Ekpene","South South","Akwa Ibom","Ikot Ekpene","","","0","9","9","6","6","0","0","0","3","0"
"2024/2025","Male","disabled","NECO","2-year","Polytechnic","lga","Oron","South South","Akwa Ibom","Oron","","","0","15","13","0","0","0","0","2","13","0"
"2024/2025","Male","disabled","NECO","2-year","Polytechnic","lga","Uyo","South South","Akwa Ibom","Uyo","","","0","18","14","0","0","0","0","4","14","0"
"2024/2025","Male","disabled","NECO","2-year","University","lga","Abak","South South","Akwa Ibom","Abak","","","0","36","30","14","12","0","0","6","16","2"
"2024/2025","Male","disabled","NECO","2-year","University","lga","Eket","South South","Akwa Ibom","Eket","","","0","9","9","0","0","0","0","0","9","0"
"2024/2025","Male","disabled","NECO","2-year","University","lga","Ikot Ekpene","South South","Akwa Ibom","Ikot Ekpene","","","0","27","19","7","6","0","0","8","12","1"
"2024/2025","Male","disabled","NECO","2-year","University","lga","Oron","South South","Akwa Ibom","Oron","","","0","39","33","0","0","0","0","6","33","0"
"2024/2025","Male","disabled","NECO","2-year","University","lga","Uyo","South South","Akwa Ibom","Uyo","","","0","21","17","0","0","0","0","4","17","0"
"2024/2025","Male","disabled","NECO","3-5-year","College of Education","lga","Abak","South South","Akwa Ibom","Abak","","","0","12","10","0","0","0","0","2","10","0"
"2024/2025","Male","disabled","NECO","3-5-year","College of Education","lga","Eket","South South","Akwa Ibom","Eket","","","0","12","12","0","0","0","0","0","12","0"
"2024/2025","Male","disabled","NECO","3-5-year","College of Education","lga","Ikot Ekpene","South South","Akwa Ibom","Ikot Ekpene","","","0","21","19","0","0","0","0","2","19","0"
"2024/2025","Male","disabled","NECO","3-5-year","College of Education","lga","Oron","South South","Akwa Ibom","Oron","","","0","6","6","0","0","0","0","0","6","0"
"2024/2025","Male","disabled","NECO","3-5-year","College of Education","lga","Uyo","South South","Akwa Ibom","Uyo","","","0","12","12","0","0","0","0","0","12","0"
"2024/2025","Male","disabled","NECO","3-5-year","Polytechnic","lga","Abak","South South","Akwa Ibom","Abak","","","0","12","12","0","0","0","0","0","12","0"
"2024/2025","Male","disabled","NECO","3-5-year","Polytechnic","lga","Eket","South South","Akwa Ibom","Eket","","","0","24","20","0","0","0","0","4","20","0"
"2024/2025","Male","disabled","NECO","3-5-year","Polytechnic","lga","Ikot Ekpene","South South","Akwa Ibom","Ikot Ekpene","","","0","9","7","0","0","0","0","2","7","0"
"2024/2025","Male","disabled","NECO","3-5-year","Polytechnic","lga","Oron","South South","Akwa Ibom","Oron","","","0","9","9","0","0","0","0","0","9","0"
"2024/2025","Male","disabled","NECO","3-5-year","Polytechnic","lga","Uyo","South South","Akwa Ibom","Uyo","","","0","12","12","0","0","0","0","0","12","0"
"2024/2025","Male","disabled","NECO","3-5-year","University","lga","Abak","South South","Akwa Ibom","Abak","","","0","27","19","0","0","0","0","8","19","0"
"2024/2025","Male","disabled","NECO","3-5-year","University","lga","Eket","South South","Akwa Ibom","Eket","","","0","9","7","0","0","0","0","2","7","0"
"2024/2025","Male","disabled","NECO","3-5-year","University","lga","Ikot Ekpene","South South","Akwa Ibom","Ikot Ekpene","","","0","15","13","0","0","0","0","2","13","0"
"2024/2025","Male","disabled","NECO","3-5-year","University","lga","Oron","South South","Akwa Ibom","Oron","","","0","30","24","0","0","0","0","6","24","0"
"2024/2025","Male","disabled","NECO","3-5-year","University","lga","Uyo","South South","Akwa Ibom","Uyo","","","0","15","13","0","0","0","0","2","13","0"
"2024/2025","Male","disabled","NECO","5+-year","College of Education","lga","Abak","South South","Akwa Ibom","Abak","","","0","6","3","0","0","0","0","3","3","0"
"2024/2025","Male","disabled","NECO","5+-year","College of Education","lga","Eket","South South","Akwa Ibom","Eket","","","0","9","0","0","0","0","0","9","0","0"
"2024/2025","Male","disabled","NECO","5+-year","College of Education","lga","Ikot Ekpene","South South","Akwa Ibom","Ikot Ekpene","","","0","9","6","0","0","0","0","3","6","0"
"2024/2025","Male","disabled","NECO","5+-year","College of Education","lga","Oron","South South","Akwa Ibom","Oron","","","0","6","3","0","0","0","0","3","3","0"
"2024/2025","Male","disabled","NECO","5+-year","College of Education","lga","Uyo","South South","Akwa Ibom","Uyo","","","0","12","6","0","0","0","0","6","6","0"
"2024/2025","Male","disabled","NECO","5+-year","Polytechnic","lga","Abak","South South","Akwa Ibom","Abak","","","0","9","0","0","0","0","0","9","0","0"
"2024/2025","Male","disabled","NECO","5+-year","Polytechnic","lga","Eket","South South","Akwa Ibom","Eket","","","0","6","3","0","0","0","0","3","3","0"
"2024/2025","Male","disabled","NECO","5+-year","Polytechnic","lga","Ikot Ekpene","South South","Akwa Ibom","Ikot Ekpene","","","0","3","3","0","0","0","0","0","3","0"
"2024/2025","Male","disabled","NECO","5+-year","Polytechnic","lga","Oron","South South","Akwa Ibom","Oron","","","0","6","0","0","0","0","0","6","0","0"
"2024/2025","Male","disabled","NECO","5+-year","Polytechnic","lga","Uyo","South South","Akwa Ibom","Uyo","","","0","9","3","0","0","0","0","6","3","0"
"2024/2025","Male","disabled","NECO","5+-year","University","lga","Abak","South South","Akwa Ibom","Abak","","","0","12","12","0","0","0","0","0","12","0"
"2024/2025","Male","disabled","NECO","5+-year","University","lga","Eket","South South","Akwa Ibom","Eket","","","0","3","3","0","0","0","0","0","3","0"
"2024/2025","Male","disabled","NECO","5+-year","University","lga","Ikot Ekpene","South South","Akwa Ibom","Ikot Ekpene","","","0","9","7","0","0","0","0","2","7","0"
"2024/2025","Male","disabled","NECO","5+-year","University","lga","Oron","South South","Akwa Ibom","Oron","","","0","18","12","0","0","0","0","6","12","0"
"2024/2025","Male","disabled","NECO","5+-year","University","lga","Uyo","South South","Akwa Ibom","Uyo","","","0","9","6","0","0","0","0","3","6","0"
"2024/2025","Male","disabled","WAEC","1-year","College of Education","lga","Abak","South South","Akwa Ibom","Abak","","","0","31","24","20","18","0","0","7","4","2"
"2024/2025","Male","disabled","WAEC","1-year","College of Education","lga","Eket","South South","Akwa Ibom","Eket","","","0","40","35","21","20","3","0","5","14","1"
"2024/2025","Male","disabled","WAEC","1-year","College of Education","lga","Ikot Ekpene","South South","Akwa Ibom","Ikot Ekpene","","","0","75","58","29","29","0","0","17","29","0"
"2024/2025","Male","disabled","WAEC","1-year","College of Education","lga","Oron","South South","Akwa Ibom","Oron","","","0","29","18","10","10","0","0","11","8","0"
"2024/2025","Male","disabled","WAEC","1-year","College of Education","lga","Uyo","South South","Akwa Ibom","Uyo","","","0","44","32","22","21","0","0","12","10","1"
"2024/2025","Male","disabled","WAEC","1-year","Polytechnic","lga","Abak","South South","Akwa Ibom","Abak","","","0","48","34","22","20","3","0","14","12","2"
"2024/2025","Male","disabled","WAEC","1-year","Polytechnic","lga","Eket","South South","Akwa Ibom","Eket","","","0","69","44","34","31","0","0","25","10","3"
"2024/2025","Male","disabled","WAEC","1-year","Polytechnic","lga","Ikot Ekpene","South South","Akwa Ibom","Ikot Ekpene","","","0","25","19","10","10","0","0","6","9","0"
"2024/2025","Male","disabled","WAEC","1-year","Polytechnic","lga","Oron","South South","Akwa Ibom","Oron","","","0","28","22","17","15","3","0","6","5","2"
"2024/2025","Male","disabled","WAEC","1-year","Polytechnic","lga","Uyo","South South","Akwa Ibom","Uyo","","","0","40","30","24","21","3","0","10","6","3"
"2024/2025","Male","disabled","WAEC","1-year","University","lga","Abak","South South","Akwa Ibom","Abak","","","0","82","61","29","27","0","0","21","32","2"
"2024/2025","Male","disabled","WAEC","1-year","University","lga","Eket","South South","Akwa Ibom","Eket","","","0","28","20","14","12","0","0","8","6","2"
"2024/2025","Male","disabled","WAEC","1-year","University","lga","Ikot Ekpene","South South","Akwa Ibom","Ikot Ekpene","","","0","64","45","20","20","0","0","19","25","0"
"2024/2025","Male","disabled","WAEC","1-year","University","lga","Oron","South South","Akwa Ibom","Oron","","","0","92","68","37","36","0","0","24","31","1"
"2024/2025","Male","disabled","WAEC","1-year","University","lga","Uyo","South South","Akwa Ibom","Uyo","","","0","45","37","22","21","0","0","8","15","1"
"2024/2025","Male","disabled","WAEC","2-year","College of Education","lga","Abak","South South","Akwa Ibom","Abak","","","0","22","16","0","0","0","0","6","16","0"
"2024/2025","Male","disabled","WAEC","2-year","College of Education","lga","Eket","South South","Akwa Ibom","Eket","","","0","27","21","5","5","0","0","6","16","0"
"2024/2025","Male","disabled","WAEC","2-year","College of Education","lga","Ikot Ekpene","South South","Akwa Ibom","Ikot Ekpene","","","0","50","38","15","15","0","0","12","23","0"
"2024/2025","Male","disabled","WAEC","2-year","College of Education","lga","Oron","South South","Akwa Ibom","Oron","","","0","15","13","10","10","0","0","2","3","0"
"2024/2025","Male","disabled","WAEC","2-year","College of Education","lga","Uyo","South South","Akwa Ibom","Uyo","","","0","24","20","0","0","0","0","4","20","0"
"2024/2025","Male","disabled","WAEC","2-year","Polytechnic","lga","Abak","South South","Akwa Ibom","Abak","","","0","24","22","5","5","0","0","2","17","0"
"2024/2025","Male","disabled","WAEC","2-year","Polytechnic","lga","Eket","South South","Akwa Ibom","Eket","","","0","41","29","12","11","0","0","12","17","1"
"2024/2025","Male","disabled","WAEC","2-year","Polytechnic","lga","Ikot Ekpene","South South","Akwa Ibom","Ikot Ekpene","","","0","19","13","5","5","0","0","6","8","0"
"2024/2025","Male","disabled","WAEC","2-year","Polytechnic","lga","Oron","South South","Akwa Ibom","Oron","","","0","21","15","5","5","0","0","6","10","0"
"2024/2025","Male","disabled","WAEC","2-year","Polytechnic","lga","Uyo","South South","Akwa Ibom","Uyo","","","0","27","19","0","0","0","0","8","19","0"
"2024/2025","Male","disabled","WAEC","2-year","University","lga","Abak","South South","Akwa Ibom","Abak","","","0","55","35","22","21","0","0","20","13","1"
"2024/2025","Male","disabled","WAEC","2-year","University","lga","Eket","South South","Akwa Ibom","Eket","","","0","15","13","7","6","0","0","2","6","1"
"2024/2025","Male","disabled","WAEC","2-year","University","lga","Ikot Ekpene","South South","Akwa Ibom","Ikot Ekpene","","","0","44","29","15","15","0","0","15","14","0"
"2024/2025","Male","disabled","WAEC","2-year","University","lga","Oron","South South","Akwa Ibom","Oron","","","0","59","45","22","21","0","0","14","23","1"
"2024/2025","Male","disabled","WAEC","2-year","University","lga","Uyo","South South","Akwa Ibom","Uyo","","","0","30","24","7","6","0","0","6","17","1"
"2024/2025","Male","disabled","WAEC","3-5-year","College of Education","lga","Abak","South South","Akwa Ibom","Abak","","","0","15","13","0","0","0","0","2","13","0"
"2024/2025","Male","disabled","WAEC","3-5-year","College of Education","lga","Eket","South South","Akwa Ibom","Eket","","","0","18","14","0","0","0","0","4","14","0"
"2024/2025","Male","disabled","WAEC","3-5-year","College of Education","lga","Ikot Ekpene","South South","Akwa Ibom","Ikot Ekpene","","","0","36","27","0","0","0","0","9","27","0"
"2024/2025","Male","disabled","WAEC","3-5-year","College of Education","lga","Oron","South South","Akwa Ibom","Oron","","","0","12","8","0","0","0","0","4","8","0"
"2024/2025","Male","disabled","WAEC","3-5-year","College of Education","lga","Uyo","South South","Akwa Ibom","Uyo","","","0","18","14","0","0","0","0","4","14","0"
"2024/2025","Male","disabled","WAEC","3-5-year","Polytechnic","lga","Abak","South South","Akwa Ibom","Abak","","","0","18","14","0","0","0","0","4","14","0"
"2024/2025","Male","disabled","WAEC","3-5-year","Polytechnic","lga","Eket","South South","Akwa Ibom","Eket","","","0","24","24","0","0","0","0","0","24","0"
"2024/2025","Male","disabled","WAEC","3-5-year","Polytechnic","lga","Ikot Ekpene","South South","Akwa Ibom","Ikot Ekpene","","","0","9","9","0","0","0","0","0","9","0"
"2024/2025","Male","disabled","WAEC","3-5-year","Polytechnic","lga","Oron","South South","Akwa Ibom","Oron","","","0","9","9","0","0","0","0","0","9","0"
"2024/2025","Male","disabled","WAEC","3-5-year","Polytechnic","lga","Uyo","South South","Akwa Ibom","Uyo","","","0","15","13","0","0","0","0","2","13","0"
"2024/2025","Male","disabled","WAEC","3-5-year","University","lga","Abak","South South","Akwa Ibom","Abak","","","0","30","28","0","0","0","0","2","28","0"
"2024/2025","Male","disabled","WAEC","3-5-year","University","lga","Eket","South South","Akwa Ibom","Eket","","","0","9","9","0","0","0","0","0","9","0"
"2024/2025","Male","disabled","WAEC","3-5-year","University","lga","Ikot Ekpene","South South","Akwa Ibom","Ikot Ekpene","","","0","21","19","0","0","0","0","2","19","0"
"2024/2025","Male","disabled","WAEC","3-5-year","University","lga","Oron","South South","Akwa Ibom","Oron","","","0","36","28","0","0","0","0","8","28","0"
"2024/2025","Male","disabled","WAEC","3-5-year","University","lga","Uyo","South South","Akwa Ibom","Uyo","","","0","21","15","0","0","0","0","6","15","0"
"2024/2025","Male","disabled","WAEC","5+-year","College of Education","lga","Abak","South South","Akwa Ibom","Abak","","","0","9","3","0","0","0","0","6","3","0"
"2024/2025","Male","disabled","WAEC","5+-year","College of Education","lga","Eket","South South","Akwa Ibom","Eket","","","0","12","9","0","0","0","0","3","9","0"
"2024/2025","Male","disabled","WAEC","5+-year","College of Education","lga","Ikot Ekpene","South South","Akwa Ibom","Ikot Ekpene","","","0","15","12","0","0","0","0","3","12","0"
"2024/2025","Male","disabled","WAEC","5+-year","College of Education","lga","Oron","South South","Akwa Ibom","Oron","","","0","6","6","0","0","0","0","0","6","0"
"2024/2025","Male","disabled","WAEC","5+-year","College of Education","lga","Uyo","South South","Akwa Ibom","Uyo","","","0","12","12","0","0","0","0","0","12","0"
"2024/2025","Male","disabled","WAEC","5+-year","Polytechnic","lga","Abak","South South","Akwa Ibom","Abak","","","0","12","6","0","0","0","0","6","6","0"
"2024/2025","Male","disabled","WAEC","5+-year","Polytechnic","lga","Eket","South South","Akwa Ibom","Eket","","","0","18","10","0","0","0","0","8","10","0"
"2024/2025","Male","disabled","WAEC","5+-year","Polytechnic","lga","Ikot Ekpene","South South","Akwa Ibom","Ikot Ekpene","","","0","3","3","0","0","0","0","0","3","0"
"2024/2025","Male","disabled","WAEC","5+-year","Polytechnic","lga","Oron","South South","Akwa Ibom","Oron","","","0","9","9","0","0","0","0","0","9","0"
"2024/2025","Male","disabled","WAEC","5+-year","Polytechnic","lga","Uyo","South South","Akwa Ibom","Uyo","","","0","9","9","0","0","0","0","0","9","0"
"2024/2025","Male","disabled","WAEC","5+-year","University","lga","Abak","South South","Akwa Ibom","Abak","","","0","18","13","0","0","0","0","5","13","0"
"2024/2025","Male","disabled","WAEC","5+-year","University","lga","Eket","South South","Akwa Ibom","Eket","","","0","3","3","0","0","0","0","0","3","0"
"2024/2025","Male","disabled","WAEC","5+-year","University","lga","Ikot Ekpene","South South","Akwa Ibom","Ikot Ekpene","","","0","12","9","0","0","0","0","3","9","0"
"2024/2025","Male","disabled","WAEC","5+-year","University","lga","Oron","South South","Akwa Ibom","Oron","","","0","21","15","0","0","0","0","6","15","0"
"2024/2025","Male","disabled","WAEC","5+-year","University","lga","Uyo","South South","Akwa Ibom","Uyo","","","0","12","9","0","0","0","0","3","9","0"
