session,gender,disability_scope,school_type,school_level,class_grade,key_entry_level,loc_level,loc_label,zone,state,lga,ward,school,student_count,is_o_level_student,school_count,classroom_count,computer_count,avg_students_per_school,learners_per_classroom,students_per_computer
2019/2020,Female,all,Private,Adult & Non-Formal,IQS/IQTS Stage 1,,lga,Akure North,South West,Ondo,Akure North,,,297,0,16,35,13,18.5625,8.4857,22.8462
2019/2020,Female,all,Private,Adult & Non-Formal,IQS/IQTS Stage 1,,lga,Akure South,South West,Ondo,Akure South,,,311,0,16,35,13,19.4375,8.8857,23.9231
2019/2020,Female,all,Private,Adult & Non-Formal,IQS/IQTS Stage 1,,lga,Odigbo,South West,Ondo,Odigbo,,,298,0,12,34,13,24.8333,8.7647,22.9231
2019/2020,Female,all,Private,Adult & Non-Formal,IQS/IQTS Stage 1,,lga,Ondo East,South West,Ondo,Ondo East,,,310,0,12,35,13,25.8333,8.8571,23.8462
2019/2020,Female,all,Private,Adult & Non-Formal,IQS/IQTS Stage 1,,lga,Ondo West,South West,Ondo,Ondo West,,,278,0,16,34,13,17.375,8.1765,21.3846
2019/2020,Female,all,Private,Adult & Non-Formal,IQS/IQTS Stage 2,,lga,Akure North,South West,Ondo,Akure North,,,229,0,16,28,10,14.3125,8.1786,22.9
2019/2020,Female,all,Private,Adult & Non-Formal,IQS/IQTS Stage 2,,lga,Akure South,South West,Ondo,Akure South,,,241,0,16,29,10,15.0625,8.3103,24.1
2019/2020,Female,all,Private,Adult & Non-Formal,IQS/IQTS Stage 2,,lga,Odigbo,South West,Ondo,Odigbo,,,230,0,12,28,9,19.1667,8.2143,25.5556
2019/2020,Female,all,Private,Adult & Non-Formal,IQS/IQTS Stage 2,,lga,Ondo East,South West,Ondo,Ondo East,,,241,0,16,27,9,15.0625,8.9259,26.7778
2019/2020,Female,all,Private,Adult & Non-Formal,IQS/IQTS Stage 2,,lga,Ondo West,South West,Ondo,Ondo West,,,214,0,16,26,9,13.375,8.2308,23.7778
2019/2020,Female,all,Private,Adult & Non-Formal,IQS/IQTS Stage 3,,lga,Akure North,South West,Ondo,Akure North,,,127,0,16,17,4,7.9375,7.4706,31.75
2019/2020,Female,all,Private,Adult & Non-Formal,IQS/IQTS Stage 3,,lga,Akure South,South West,Ondo,Akure South,,,131,0,16,17,4,8.1875,7.7059,32.75
2019/2020,Female,all,Private,Adult & Non-Formal,IQS/IQTS Stage 3,,lga,Odigbo,South West,Ondo,Odigbo,,,127,0,12,18,5,10.5833,7.0556,25.4
2019/2020,Female,all,Private,Adult & Non-Formal,IQS/IQTS Stage 3,,lga,Ondo East,South West,Ondo,Ondo East,,,132,0,12,18,5,11.0,7.3333,26.4
2019/2020,Female,all,Private,Adult & Non-Formal,IQS/IQTS Stage 3,,lga,Ondo West,South West,Ondo,Ondo West,,,120,0,12,17,4,10.0,7.0588,30.0
2019/2020,Female,all,Private,JSS,JSS1,JSS1,lga,Akure North,South West,Ondo,Akure North,,,990,0,28,47,20,35.3571,21.0638,49.5
2019/2020,Female,all,Private,JSS,JSS1,JSS1,lga,Akure South,South West,Ondo,Akure South,,,838,0,24,39,16,34.9167,21.4872,52.375
2019/2020,Female,all,Private,JSS,JSS1,JSS1,lga,Odigbo,South West,Ondo,Odigbo,,,1047,0,28,47,19,37.3929,22.2766,55.1053
2019/2020,Female,all,Private,JSS,JSS1,JSS1,lga,Ondo East,South West,Ondo,Ondo East,,,734,0,20,36,14,36.7,20.3889,52.4286
2019/2020,Female,all,Private,JSS,JSS1,JSS1,lga,Ondo West,South West,Ondo,Ondo West,,,1011,0,32,46,17,31.5938,21.9783,59.4706
2019/2020,Female,all,Private,JSS,JSS2,,lga,Akure North,South West,Ondo,Akure North,,,812,0,28,39,14,29.0,20.8205,58.0
2019/2020,Female,all,Private,JSS,JSS2,,lga,Akure South,South West,Ondo,Akure South,,,682,0,24,34,12,28.4167,20.0588,56.8333
2019/2020,Female,all,Private,JSS,JSS2,,lga,Odigbo,South West,Ondo,Odigbo,,,859,0,28,40,16,30.6786,21.475,53.6875
2019/2020,Female,all,Private,JSS,JSS2,,lga,Ondo East,South West,Ondo,Ondo East,,,599,0,20,30,10,29.95,19.9667,59.9
2019/2020,Female,all,Private,JSS,JSS2,,lga,Ondo West,South West,Ondo,Ondo West,,,830,0,28,39,16,29.6429,21.2821,51.875
2019/2020,Female,all,Private,JSS,JSS3,,lga,Akure North,South West,Ondo,Akure North,,,647,0,28,33,13,23.1071,19.6061,49.7692
2019/2020,Female,all,Private,JSS,JSS3,,lga,Akure South,South West,Ondo,Akure South,,,545,0,24,28,10,22.7083,19.4643,54.5
2019/2020,Female,all,Private,JSS,JSS3,,lga,Odigbo,South West,Ondo,Odigbo,,,683,0,32,33,11,21.3438,20.697,62.0909
2019/2020,Female,all,Private,JSS,JSS3,,lga,Ondo East,South West,Ondo,Ondo East,,,476,0,20,26,8,23.8,18.3077,59.5
2019/2020,Female,all,Private,JSS,JSS3,,lga,Ondo West,South West,Ondo,Ondo West,,,659,0,28,33,12,23.5357,19.9697,54.9167
2019/2020,Female,all,Private,Pre-Primary/Primary,Primary 1,Primary 1,lga,Akure North,South West,Ondo,Akure North,,,3281,0,56,166,72,58.5893,19.7651,45.5694
2019/2020,Female,all,Private,Pre-Primary/Primary,Primary 1,Primary 1,lga,Akure South,South West,Ondo,Akure South,,,2986,0,52,148,62,57.4231,20.1757,48.1613
2019/2020,Female,all,Private,Pre-Primary/Primary,Primary 1,Primary 1,lga,Odigbo,South West,Ondo,Odigbo,,,2524,0,44,129,56,57.3636,19.5659,45.0714
2019/2020,Female,all,Private,Pre-Primary/Primary,Primary 1,Primary 1,lga,Ondo East,South West,Ondo,Ondo East,,,2435,0,44,125,52,55.3409,19.48,46.8269
2019/2020,Female,all,Private,Pre-Primary/Primary,Primary 1,Primary 1,lga,Ondo West,South West,Ondo,Ondo West,,,2770,0,52,145,61,53.2692,19.1034,45.4098
2019/2020,Female,all,Private,Pre-Primary/Primary,Primary 2,,lga,Akure North,South West,Ondo,Akure North,,,2914,0,56,148,62,52.0357,19.6892,47.0
2019/2020,Female,all,Private,Pre-Primary/Primary,Primary 2,,lga,Akure South,South West,Ondo,Akure South,,,2652,0,48,133,57,55.25,19.9398,46.5263
2019/2020,Female,all,Private,Pre-Primary/Primary,Primary 2,,lga,Odigbo,South West,Ondo,Odigbo,,,2242,0,44,115,48,50.9545,19.4957,46.7083
2019/2020,Female,all,Private,Pre-Primary/Primary,Primary 2,,lga,Ondo East,South West,Ondo,Ondo East,,,2164,0,44,113,47,49.1818,19.1504,46.0426
2019/2020,Female,all,Private,Pre-Primary/Primary,Primary 2,,lga,Ondo West,South West,Ondo,Ondo West,,,2460,0,44,128,54,55.9091,19.2188,45.5556
2019/2020,Female,all,Private,Pre-Primary/Primary,Primary 3,,lga,Akure North,South West,Ondo,Akure North,,,2621,0,60,134,56,43.6833,19.5597,46.8036
2019/2020,Female,all,Private,Pre-Primary/Primary,Primary 3,,lga,Akure South,South West,Ondo,Akure South,,,2384,0,52,120,53,45.8462,19.8667,44.9811
2019/2020,Female,all,Private,Pre-Primary/Primary,Primary 3,,lga,Odigbo,South West,Ondo,Odigbo,,,2017,0,44,103,43,45.8409,19.5825,46.907
2019/2020,Female,all,Private,Pre-Primary/Primary,Primary 3,,lga,Ondo East,South West,Ondo,Ondo East,,,1944,0,40,102,44,48.6,19.0588,44.1818
2019/2020,Female,all,Private,Pre-Primary/Primary,Primary 3,,lga,Ondo West,South West,Ondo,Ondo West,,,2212,0,44,116,49,50.2727,19.069,45.1429
2019/2020,Female,all,Private,Pre-Primary/Primary,Primary 4,,lga,Akure North,South West,Ondo,Akure North,,,2393,0,60,123,52,39.8833,19.4553,46.0192
2019/2020,Female,all,Private,Pre-Primary/Primary,Primary 4,,lga,Akure South,South West,Ondo,Akure South,,,2180,0,48,111,47,45.4167,19.6396,46.383
2019/2020,Female,all,Private,Pre-Primary/Primary,Primary 4,,lga,Odigbo,South West,Ondo,Odigbo,,,1843,0,44,96,40,41.8864,19.1979,46.075
2019/2020,Female,all,Private,Pre-Primary/Primary,Primary 4,,lga,Ondo East,South West,Ondo,Ondo East,,,1779,0,44,93,40,40.4318,19.129,44.475
2019/2020,Female,all,Private,Pre-Primary/Primary,Primary 4,,lga,Ondo West,South West,Ondo,Ondo West,,,2021,0,56,106,45,36.0893,19.066,44.9111
2019/2020,Female,all,Private,Pre-Primary/Primary,Primary 5,,lga,Akure North,South West,Ondo,Akure North,,,2240,0,56,115,49,40.0,19.4783,45.7143
2019/2020,Female,all,Private,Pre-Primary/Primary,Primary 5,,lga,Akure South,South West,Ondo,Akure South,,,2041,0,48,103,44,42.5208,19.8155,46.3864
2019/2020,Female,all,Private,Pre-Primary/Primary,Primary 5,,lga,Odigbo,South West,Ondo,Odigbo,,,1727,0,44,90,37,39.25,19.1889,46.6757
2019/2020,Female,all,Private,Pre-Primary/Primary,Primary 5,,lga,Ondo East,South West,Ondo,Ondo East,,,1665,0,40,87,35,41.625,19.1379,47.5714
2019/2020,Female,all,Private,Pre-Primary/Primary,Primary 5,,lga,Ondo West,South West,Ondo,Ondo West,,,1892,0,44,101,42,43.0,18.7327,45.0476
2019/2020,Female,all,Private,Pre-Primary/Primary,Primary 6,,lga,Akure North,South West,Ondo,Akure North,,,2027,0,60,106,45,33.7833,19.1226,45.0444
2019/2020,Female,all,Private,Pre-Primary/Primary,Primary 6,,lga,Akure South,South West,Ondo,Akure South,,,1846,0,48,94,39,38.4583,19.6383,47.3333
2019/2020,Female,all,Private,Pre-Primary/Primary,Primary 6,,lga,Odigbo,South West,Ondo,Odigbo,,,1561,0,44,82,34,35.4773,19.0366,45.9118
2019/2020,Female,all,Private,Pre-Primary/Primary,Primary 6,,lga,Ondo East,South West,Ondo,Ondo East,,,1503,0,36,81,34,41.75,18.5556,44.2059
2019/2020,Female,all,Private,Pre-Primary/Primary,Primary 6,,lga,Ondo West,South West,Ondo,Ondo West,,,1714,0,44,92,38,38.9545,18.6304,45.1053
2019/2020,Female,all,Private,SSS,SSS1,SSS1,lga,Akure North,South West,Ondo,Akure North,,,846,3,28,46,18,30.2143,18.3913,47.0
2019/2020,Female,all,Private,SSS,SSS1,SSS1,lga,Akure South,South West,Ondo,Akure South,,,857,3,28,46,20,30.6071,18.6304,42.85
2019/2020,Female,all,Private,SSS,SSS1,SSS1,lga,Odigbo,South West,Ondo,Odigbo,,,822,3,32,45,19,25.6875,18.2667,43.2632
2019/2020,Female,all,Private,SSS,SSS1,SSS1,lga,Ondo East,South West,Ondo,Ondo East,,,819,3,32,45,18,25.5938,18.2,45.5
2019/2020,Female,all,Private,SSS,SSS1,SSS1,lga,Ondo West,South West,Ondo,Ondo West,,,834,3,36,45,18,23.1667,18.5333,46.3333
2019/2020,Female,all,Private,SSS,SSS2,,lga,Akure North,South West,Ondo,Akure North,,,688,3,28,39,15,24.5714,17.641,45.8667
2019/2020,Female,all,Private,SSS,SSS2,,lga,Akure South,South West,Ondo,Akure South,,,687,3,28,38,14,24.5357,18.0789,49.0714
2019/2020,Female,all,Private,SSS,SSS2,,lga,Odigbo,South West,Ondo,Odigbo,,,662,3,28,39,14,23.6429,16.9744,47.2857
2019/2020,Female,all,Private,SSS,SSS2,,lga,Ondo East,South West,Ondo,Ondo East,,,664,3,32,35,13,20.75,18.9714,51.0769
2019/2020,Female,all,Private,SSS,SSS2,,lga,Ondo West,South West,Ondo,Ondo West,,,673,3,32,38,14,21.0312,17.7105,48.0714
2019/2020,Female,all,Private,SSS,SSS3,,lga,Akure North,South West,Ondo,Akure North,,,529,3,36,31,11,14.6944,17.0645,48.0909
2019/2020,Female,all,Private,SSS,SSS3,,lga,Akure South,South West,Ondo,Akure South,,,536,3,28,32,12,19.1429,16.75,44.6667
2019/2020,Female,all,Private,SSS,SSS3,,lga,Odigbo,South West,Ondo,Odigbo,,,510,3,32,31,12,15.9375,16.4516,42.5
2019/2020,Female,all,Private,SSS,SSS3,,lga,Ondo East,South West,Ondo,Ondo East,,,514,3,32,30,10,16.0625,17.1333,51.4
2019/2020,Female,all,Private,SSS,SSS3,,lga,Ondo West,South West,Ondo,Ondo West,,,522,3,32,31,11,16.3125,16.8387,47.4545
2019/2020,Female,all,Private,Vocational,Vocational Year 1,,lga,Akure North,South West,Ondo,Akure North,,,34,0,16,12,0,2.125,2.8333,0.0
2019/2020,Female,all,Private,Vocational,Vocational Year 1,,lga,Akure South,South West,Ondo,Akure South,,,32,0,16,13,1,2.0,2.4615,32.0
2019/2020,Female,all,Private,Vocational,Vocational Year 1,,lga,Odigbo,South West,Ondo,Odigbo,,,35,0,16,12,0,2.1875,2.9167,0.0
2019/2020,Female,all,Private,Vocational,Vocational Year 1,,lga,Ondo East,South West,Ondo,Ondo East,,,30,0,16,12,0,1.875,2.5,0.0
2019/2020,Female,all,Private,Vocational,Vocational Year 1,,lga,Ondo West,South West,Ondo,Ondo West,,,33,0,16,13,1,2.0625,2.5385,33.0
2019/2020,Female,all,Private,Vocational,Vocational Year 2,,lga,Akure North,South West,Ondo,Akure North,,,30,0,16,12,0,1.875,2.5,0.0
2019/2020,Female,all,Private,Vocational,Vocational Year 2,,lga,Akure South,South West,Ondo,Akure South,,,27,0,16,12,0,1.6875,2.25,0.0
2019/2020,Female,all,Private,Vocational,Vocational Year 2,,lga,Odigbo,South West,Ondo,Odigbo,,,31,0,16,12,0,1.9375,2.5833,0.0
2019/2020,Female,all,Private,Vocational,Vocational Year 2,,lga,Ondo East,South West,Ondo,Ondo East,,,26,0,16,12,0,1.625,2.1667,0.0
2019/2020,Female,all,Private,Vocational,Vocational Year 2,,lga,Ondo West,South West,Ondo,Ondo West,,,27,0,16,12,0,1.6875,2.25,0.0
2019/2020,Female,all,Private,Vocational,Vocational Year 3,,lga,Akure North,South West,Ondo,Akure North,,,21,0,16,12,0,1.3125,1.75,0.0
2019/2020,Female,all,Private,Vocational,Vocational Year 3,,lga,Akure South,South West,Ondo,Akure South,,,20,0,16,12,0,1.25,1.6667,0.0
2019/2020,Female,all,Private,Vocational,Vocational Year 3,,lga,Odigbo,South West,Ondo,Odigbo,,,22,0,24,12,0,0.9167,1.8333,0.0
2019/2020,Female,all,Private,Vocational,Vocational Year 3,,lga,Ondo East,South West,Ondo,Ondo East,,,19,0,16,12,0,1.1875,1.5833,0.0
2019/2020,Female,all,Private,Vocational,Vocational Year 3,,lga,Ondo West,South West,Ondo,Ondo West,,,20,0,16,12,0,1.25,1.6667,0.0
2019/2020,Female,all,Public,Adult & Non-Formal,IQS/IQTS Stage 1,,lga,Akure North,South West,Ondo,Akure North,,,494,0,24,51,21,20.5833,9.6863,23.5238
2019/2020,Female,all,Public,Adult & Non-Formal,IQS/IQTS Stage 1,,lga,Akure South,South West,Ondo,Akure South,,,447,0,20,50,20,22.35,8.94,22.35
2019/2020,Female,all,Public,Adult & Non-Formal,IQS/IQTS Stage 1,,lga,Odigbo,South West,Ondo,Odigbo,,,470,0,24,50,21,19.5833,9.4,22.381
2019/2020,Female,all,Public,Adult & Non-Formal,IQS/IQTS Stage 1,,lga,Ondo East,South West,Ondo,Ondo East,,,432,0,20,48,20,21.6,9.0,21.6
2019/2020,Female,all,Public,Adult & Non-Formal,IQS/IQTS Stage 1,,lga,Ondo West,South West,Ondo,Ondo West,,,470,0,20,51,20,23.5,9.2157,23.5
2019/2020,Female,all,Public,Adult & Non-Formal,IQS/IQTS Stage 2,,lga,Akure North,South West,Ondo,Akure North,,,384,0,24,42,16,16.0,9.1429,24.0
2019/2020,Female,all,Public,Adult & Non-Formal,IQS/IQTS Stage 2,,lga,Akure South,South West,Ondo,Akure South,,,347,0,20,38,15,17.35,9.1316,23.1333
2019/2020,Female,all,Public,Adult & Non-Formal,IQS/IQTS Stage 2,,lga,Odigbo,South West,Ondo,Odigbo,,,365,0,24,41,15,15.2083,8.9024,24.3333
2019/2020,Female,all,Public,Adult & Non-Formal,IQS/IQTS Stage 2,,lga,Ondo East,South West,Ondo,Ondo East,,,334,0,20,37,15,16.7,9.027,22.2667
2019/2020,Female,all,Public,Adult & Non-Formal,IQS/IQTS Stage 2,,lga,Ondo West,South West,Ondo,Ondo West,,,364,0,20,41,16,18.2,8.878,22.75
2019/2020,Female,all,Public,Adult & Non-Formal,IQS/IQTS Stage 3,,lga,Akure North,South West,Ondo,Akure North,,,210,0,24,26,8,8.75,8.0769,26.25
2019/2020,Female,all,Public,Adult & Non-Formal,IQS/IQTS Stage 3,,lga,Akure South,South West,Ondo,Akure South,,,191,0,16,23,7,11.9375,8.3043,27.2857
2019/2020,Female,all,Public,Adult & Non-Formal,IQS/IQTS Stage 3,,lga,Odigbo,South West,Ondo,Odigbo,,,201,0,24,26,8,8.375,7.7308,25.125
2019/2020,Female,all,Public,Adult & Non-Formal,IQS/IQTS Stage 3,,lga,Ondo East,South West,Ondo,Ondo East,,,183,0,20,22,7,9.15,8.3182,26.1429
2019/2020,Female,all,Public,Adult & Non-Formal,IQS/IQTS Stage 3,,lga,Ondo West,South West,Ondo,Ondo West,,,200,0,24,25,9,8.3333,8.0,22.2222
2019/2020,Female,all,Public,JSS,JSS1,JSS1,lga,Akure North,South West,Ondo,Akure North,,,2975,0,80,124,53,37.1875,23.9919,56.1321
2019/2020,Female,all,Public,JSS,JSS1,JSS1,lga,Akure South,South West,Ondo,Akure South,,,3053,0,80,124,53,38.1625,24.621,57.6038
2019/2020,Female,all,Public,JSS,JSS1,JSS1,lga,Odigbo,South West,Ondo,Odigbo,,,2785,0,76,116,50,36.6447,24.0086,55.7
2019/2020,Female,all,Public,JSS,JSS1,JSS1,lga,Ondo East,South West,Ondo,Ondo East,,,2831,0,80,122,51,35.3875,23.2049,55.5098
2019/2020,Female,all,Public,JSS,JSS1,JSS1,lga,Ondo West,South West,Ondo,Ondo West,,,2793,0,80,119,49,34.9125,23.4706,57.0
2019/2020,Female,all,Public,JSS,JSS2,,lga,Akure North,South West,Ondo,Akure North,,,2440,0,80,103,42,30.5,23.6893,58.0952
2019/2020,Female,all,Public,JSS,JSS2,,lga,Akure South,South West,Ondo,Akure South,,,2506,0,84,104,44,29.8333,24.0962,56.9545
2019/2020,Female,all,Public,JSS,JSS2,,lga,Odigbo,South West,Ondo,Odigbo,,,2285,0,76,96,39,30.0658,23.8021,58.5897
2019/2020,Female,all,Public,JSS,JSS2,,lga,Ondo East,South West,Ondo,Ondo East,,,2323,0,76,102,42,30.5658,22.7745,55.3095
2019/2020,Female,all,Public,JSS,JSS2,,lga,Ondo West,South West,Ondo,Ondo West,,,2295,0,80,98,41,28.6875,23.4184,55.9756
2019/2020,Female,all,Public,JSS,JSS3,,lga,Akure North,South West,Ondo,Akure North,,,1946,0,76,83,35,25.6053,23.4458,55.6
2019/2020,Female,all,Public,JSS,JSS3,,lga,Akure South,South West,Ondo,Akure South,,,1997,0,84,85,34,23.7738,23.4941,58.7353
2019/2020,Female,all,Public,JSS,JSS3,,lga,Odigbo,South West,Ondo,Odigbo,,,1823,0,76,78,32,23.9868,23.3718,56.9688
2019/2020,Female,all,Public,JSS,JSS3,,lga,Ondo East,South West,Ondo,Ondo East,,,1851,0,80,82,34,23.1375,22.5732,54.4412
2019/2020,Female,all,Public,JSS,JSS3,,lga,Ondo West,South West,Ondo,Ondo West,,,1827,0,76,79,32,24.0395,23.1266,57.0938
2019/2020,Female,all,Public,Pre-Primary/Primary,Primary 1,Primary 1,lga,Akure North,South West,Ondo,Akure North,,,9667,0,156,473,211,61.9679,20.4376,45.8152
2019/2020,Female,all,Public,Pre-Primary/Primary,Primary 1,Primary 1,lga,Akure South,South West,Ondo,Akure South,,,9805,0,160,474,210,61.2812,20.6857,46.6905
2019/2020,Female,all,Public,Pre-Primary/Primary,Primary 1,Primary 1,lga,Odigbo,South West,Ondo,Odigbo,,,9826,0,180,494,219,54.5889,19.8907,44.8676
2019/2020,Female,all,Public,Pre-Primary/Primary,Primary 1,Primary 1,lga,Ondo East,South West,Ondo,Ondo East,,,9681,0,160,473,209,60.5062,20.4672,46.3206
2019/2020,Female,all,Public,Pre-Primary/Primary,Primary 1,Primary 1,lga,Ondo West,South West,Ondo,Ondo West,,,9415,0,168,476,212,56.0417,19.7794,44.4104
2019/2020,Female,all,Public,Pre-Primary/Primary,Primary 2,,lga,Akure North,South West,Ondo,Akure North,,,8586,0,156,423,189,55.0385,20.2979,45.4286
2019/2020,Female,all,Public,Pre-Primary/Primary,Primary 2,,lga,Akure South,South West,Ondo,Akure South,,,8707,0,156,420,187,55.8141,20.731,46.5615
2019/2020,Female,all,Public,Pre-Primary/Primary,Primary 2,,lga,Odigbo,South West,Ondo,Odigbo,,,8726,0,172,436,195,50.7326,20.0138,44.7487
2019/2020,Female,all,Public,Pre-Primary/Primary,Primary 2,,lga,Ondo East,South West,Ondo,Ondo East,,,8599,0,168,418,187,51.1845,20.5718,45.984
2019/2020,Female,all,Public,Pre-Primary/Primary,Primary 2,,lga,Ondo West,South West,Ondo,Ondo West,,,8361,0,160,424,188,52.2562,19.7193,44.4734
2019/2020,Female,all,Public,Pre-Primary/Primary,Primary 3,,lga,Akure North,South West,Ondo,Akure North,,,7719,0,156,379,170,49.4808,20.3668,45.4059
2019/2020,Female,all,Public,Pre-Primary/Primary,Primary 3,,lga,Akure South,South West,Ondo,Akure South,,,7828,0,160,378,169,48.925,20.709,46.3195
2019/2020,Female,all,Public,Pre-Primary/Primary,Primary 3,,lga,Odigbo,South West,Ondo,Odigbo,,,7846,0,168,394,176,46.7024,19.9137,44.5795
2019/2020,Female,all,Public,Pre-Primary/Primary,Primary 3,,lga,Ondo East,South West,Ondo,Ondo East,,,7730,0,160,375,167,48.3125,20.6133,46.2874
2019/2020,Female,all,Public,Pre-Primary/Primary,Primary 3,,lga,Ondo West,South West,Ondo,Ondo West,,,7516,0,160,380,170,46.975,19.7789,44.2118
2019/2020,Female,all,Public,Pre-Primary/Primary,Primary 4,,lga,Akure North,South West,Ondo,Akure North,,,7056,0,164,345,153,43.0244,20.4522,46.1176
2019/2020,Female,all,Public,Pre-Primary/Primary,Primary 4,,lga,Akure South,South West,Ondo,Akure South,,,7154,0,164,344,153,43.622,20.7965,46.7582
2019/2020,Female,all,Public,Pre-Primary/Primary,Primary 4,,lga,Odigbo,South West,Ondo,Odigbo,,,7167,0,156,362,162,45.9423,19.7983,44.2407
2019/2020,Female,all,Public,Pre-Primary/Primary,Primary 4,,lga,Ondo East,South West,Ondo,Ondo East,,,7065,0,160,344,153,44.1562,20.5378,46.1765
2019/2020,Female,all,Public,Pre-Primary/Primary,Primary 4,,lga,Ondo West,South West,Ondo,Ondo West,,,6869,0,168,346,153,40.8869,19.8526,44.8954
2019/2020,Female,all,Public,Pre-Primary/Primary,Primary 5,,lga,Akure North,South West,Ondo,Akure North,,,6605,0,160,323,143,41.2812,20.4489,46.1888
2019/2020,Female,all,Public,Pre-Primary/Primary,Primary 5,,lga,Akure South,South West,Ondo,Akure South,,,6699,0,168,323,144,39.875,20.7399,46.5208
2019/2020,Female,all,Public,Pre-Primary/Primary,Primary 5,,lga,Odigbo,South West,Ondo,Odigbo,,,6714,0,168,339,151,39.9643,19.8053,44.4636
2019/2020,Female,all,Public,Pre-Primary/Primary,Primary 5,,lga,Ondo East,South West,Ondo,Ondo East,,,6614,0,160,322,143,41.3375,20.5404,46.2517
2019/2020,Female,all,Public,Pre-Primary/Primary,Primary 5,,lga,Ondo West,South West,Ondo,Ondo West,,,6430,0,156,324,143,41.2179,19.8457,44.965
2019/2020,Female,all,Public,Pre-Primary/Primary,Primary 6,,lga,Akure North,South West,Ondo,Akure North,,,5972,0,156,292,129,38.2821,20.4521,46.2946
2019/2020,Female,all,Public,Pre-Primary/Primary,Primary 6,,lga,Akure South,South West,Ondo,Akure South,,,6059,0,168,294,130,36.0655,20.6088,46.6077
2019/2020,Female,all,Public,Pre-Primary/Primary,Primary 6,,lga,Odigbo,South West,Ondo,Odigbo,,,6070,0,172,304,136,35.2907,19.9671,44.6324
2019/2020,Female,all,Public,Pre-Primary/Primary,Primary 6,,lga,Ondo East,South West,Ondo,Ondo East,,,5980,0,160,293,131,37.375,20.4096,45.6489
2019/2020,Female,all,Public,Pre-Primary/Primary,Primary 6,,lga,Ondo West,South West,Ondo,Ondo West,,,5817,0,156,294,129,37.2885,19.7857,45.093
2019/2020,Female,all,Public,SSS,SSS1,SSS1,lga,Akure North,South West,Ondo,Akure North,,,1864,3,64,90,39,29.125,20.7111,47.7949
2019/2020,Female,all,Public,SSS,SSS1,SSS1,lga,Akure South,South West,Ondo,Akure South,,,1694,3,60,86,35,28.2333,19.6977,48.4
2019/2020,Female,all,Public,SSS,SSS1,SSS1,lga,Odigbo,South West,Ondo,Odigbo,,,1714,3,64,86,35,26.7812,19.9302,48.9714
2019/2020,Female,all,Public,SSS,SSS1,SSS1,lga,Ondo East,South West,Ondo,Ondo East,,,1637,3,56,83,34,29.2321,19.7229,48.1471
2019/2020,Female,all,Public,SSS,SSS1,SSS1,lga,Ondo West,South West,Ondo,Ondo West,,,1740,3,64,88,35,27.1875,19.7727,49.7143
2019/2020,Female,all,Public,SSS,SSS2,,lga,Akure North,South West,Ondo,Akure North,,,1504,3,64,72,27,23.5,20.8889,55.7037
2019/2020,Female,all,Public,SSS,SSS2,,lga,Akure South,South West,Ondo,Akure South,,,1364,3,60,69,28,22.7333,19.7681,48.7143
2019/2020,Female,all,Public,SSS,SSS2,,lga,Odigbo,South West,Ondo,Odigbo,,,1378,3,64,70,27,21.5312,19.6857,51.037
2019/2020,Female,all,Public,SSS,SSS2,,lga,Ondo East,South West,Ondo,Ondo East,,,1319,3,64,69,29,20.6094,19.1159,45.4828
2019/2020,Female,all,Public,SSS,SSS2,,lga,Ondo West,South West,Ondo,Ondo West,,,1404,3,64,71,31,21.9375,19.7746,45.2903
2019/2020,Female,all,Public,SSS,SSS3,,lga,Akure North,South West,Ondo,Akure North,,,1166,3,64,58,25,18.2188,20.1034,46.64
2019/2020,Female,all,Public,SSS,SSS3,,lga,Akure South,South West,Ondo,Akure South,,,1063,3,64,55,22,16.6094,19.3273,48.3182
2019/2020,Female,all,Public,SSS,SSS3,,lga,Odigbo,South West,Ondo,Odigbo,,,1076,3,64,57,23,16.8125,18.8772,46.7826
2019/2020,Female,all,Public,SSS,SSS3,,lga,Ondo East,South West,Ondo,Ondo East,,,1025,3,60,54,22,17.0833,18.9815,46.5909
2019/2020,Female,all,Public,SSS,SSS3,,lga,Ondo West,South West,Ondo,Ondo West,,,1091,3,64,56,23,17.0469,19.4821,47.4348
2019/2020,Female,all,Public,Vocational,Vocational Year 1,,lga,Akure North,South West,Ondo,Akure North,,,45,0,24,14,2,1.875,3.2143,22.5
2019/2020,Female,all,Public,Vocational,Vocational Year 1,,lga,Akure South,South West,Ondo,Akure South,,,43,0,24,14,2,1.7917,3.0714,21.5
2019/2020,Female,all,Public,Vocational,Vocational Year 1,,lga,Odigbo,South West,Ondo,Odigbo,,,40,0,24,14,2,1.6667,2.8571,20.0
2019/2020,Female,all,Public,Vocational,Vocational Year 1,,lga,Ondo East,South West,Ondo,Ondo East,,,40,0,20,14,2,2.0,2.8571,20.0
2019/2020,Female,all,Public,Vocational,Vocational Year 1,,lga,Ondo West,South West,Ondo,Ondo West,,,44,0,20,13,1,2.2,3.3846,44.0
2019/2020,Female,all,Public,Vocational,Vocational Year 2,,lga,Akure North,South West,Ondo,Akure North,,,39,0,24,13,1,1.625,3.0,39.0
2019/2020,Female,all,Public,Vocational,Vocational Year 2,,lga,Akure South,South West,Ondo,Akure South,,,36,0,24,13,1,1.5,2.7692,36.0
2019/2020,Female,all,Public,Vocational,Vocational Year 2,,lga,Odigbo,South West,Ondo,Odigbo,,,33,0,24,12,0,1.375,2.75,0.0
2019/2020,Female,all,Public,Vocational,Vocational Year 2,,lga,Ondo East,South West,Ondo,Ondo East,,,34,0,20,13,1,1.7,2.6154,34.0
2019/2020,Female,all,Public,Vocational,Vocational Year 2,,lga,Ondo West,South West,Ondo,Ondo West,,,37,0,20,13,1,1.85,2.8462,37.0
2019/2020,Female,all,Public,Vocational,Vocational Year 3,,lga,Akure North,South West,Ondo,Akure North,,,29,0,28,12,0,1.0357,2.4167,0.0
2019/2020,Female,all,Public,Vocational,Vocational Year 3,,lga,Akure South,South West,Ondo,Akure South,,,27,0,20,12,0,1.35,2.25,0.0
2019/2020,Female,all,Public,Vocational,Vocational Year 3,,lga,Odigbo,South West,Ondo,Odigbo,,,25,0,20,12,0,1.25,2.0833,0.0
2019/2020,Female,all,Public,Vocational,Vocational Year 3,,lga,Ondo East,South West,Ondo,Ondo East,,,25,0,20,12,0,1.25,2.0833,0.0
2019/2020,Female,all,Public,Vocational,Vocational Year 3,,lga,Ondo West,South West,Ondo,Ondo West,,,27,0,24,12,0,1.125,2.25,0.0
2019/2020,Female,disabled,Private,Adult & Non-Formal,IQS/IQTS Stage 1,,lga,Akure North,South West,Ondo,Akure North,,,8,0,16,35,13,0.5,0.2286,0.6154
2019/2020,Female,disabled,Private,Adult & Non-Formal,IQS/IQTS Stage 1,,lga,Akure South,South West,Ondo,Akure South,,,8,0,16,35,13,0.5,0.2286,0.6154
2019/2020,Female,disabled,Private,Adult & Non-Formal,IQS/IQTS Stage 1,,lga,Odigbo,South West,Ondo,Odigbo,,,9,0,12,34,13,0.75,0.2647,0.6923
2019/2020,Female,disabled,Private,Adult & Non-Formal,IQS/IQTS Stage 1,,lga,Ondo East,South West,Ondo,Ondo East,,,7,0,12,35,13,0.5833,0.2,0.5385
2019/2020,Female,disabled,Private,Adult & Non-Formal,IQS/IQTS Stage 1,,lga,Ondo West,South West,Ondo,Ondo West,,,7,0,16,34,13,0.4375,0.2059,0.5385
2019/2020,Female,disabled,Private,Adult & Non-Formal,IQS/IQTS Stage 2,,lga,Akure North,South West,Ondo,Akure North,,,5,0,16,28,10,0.3125,0.1786,0.5
2019/2020,Female,disabled,Private,Adult & Non-Formal,IQS/IQTS Stage 2,,lga,Akure South,South West,Ondo,Akure South,,,7,0,16,29,10,0.4375,0.2414,0.7
2019/2020,Female,disabled,Private,Adult & Non-Formal,IQS/IQTS Stage 2,,lga,Odigbo,South West,Ondo,Odigbo,,,6,0,12,28,9,0.5,0.2143,0.6667
2019/2020,Female,disabled,Private,Adult & Non-Formal,IQS/IQTS Stage 2,,lga,Ondo East,South West,Ondo,Ondo East,,,5,0,16,27,9,0.3125,0.1852,0.5556
2019/2020,Female,disabled,Private,Adult & Non-Formal,IQS/IQTS Stage 2,,lga,Ondo West,South West,Ondo,Ondo West,,,4,0,16,26,9,0.25,0.1538,0.4444
2019/2020,Female,disabled,Private,Adult & Non-Formal,IQS/IQTS Stage 3,,lga,Akure North,South West,Ondo,Akure North,,,4,0,16,17,4,0.25,0.2353,1.0
2019/2020,Female,disabled,Private,Adult & Non-Formal,IQS/IQTS Stage 3,,lga,Akure South,South West,Ondo,Akure South,,,4,0,16,17,4,0.25,0.2353,1.0
2019/2020,Female,disabled,Private,Adult & Non-Formal,IQS/IQTS Stage 3,,lga,Odigbo,South West,Ondo,Odigbo,,,3,0,12,18,5,0.25,0.1667,0.6
2019/2020,Female,disabled,Private,Adult & Non-Formal,IQS/IQTS Stage 3,,lga,Ondo East,South West,Ondo,Ondo East,,,3,0,12,18,5,0.25,0.1667,0.6
2019/2020,Female,disabled,Private,Adult & Non-Formal,IQS/IQTS Stage 3,,lga,Ondo West,South West,Ondo,Ondo West,,,3,0,12,17,4,0.25,0.1765,0.75
2019/2020,Female,disabled,Private,JSS,JSS1,JSS1,lga,Akure North,South West,Ondo,Akure North,,,24,0,28,47,20,0.8571,0.5106,1.2
2019/2020,Female,disabled,Private,JSS,JSS1,JSS1,lga,Akure South,South West,Ondo,Akure South,,,21,0,24,39,16,0.875,0.5385,1.3125
2019/2020,Female,disabled,Private,JSS,JSS1,JSS1,lga,Odigbo,South West,Ondo,Odigbo,,,25,0,28,47,19,0.8929,0.5319,1.3158
2019/2020,Female,disabled,Private,JSS,JSS1,JSS1,lga,Ondo East,South West,Ondo,Ondo East,,,23,0,20,36,14,1.15,0.6389,1.6429
2019/2020,Female,disabled,Private,JSS,JSS1,JSS1,lga,Ondo West,South West,Ondo,Ondo West,,,25,0,32,46,17,0.7812,0.5435,1.4706
2019/2020,Female,disabled,Private,JSS,JSS2,,lga,Akure North,South West,Ondo,Akure North,,,20,0,28,39,14,0.7143,0.5128,1.4286
2019/2020,Female,disabled,Private,JSS,JSS2,,lga,Akure South,South West,Ondo,Akure South,,,12,0,24,34,12,0.5,0.3529,1.0
2019/2020,Female,disabled,Private,JSS,JSS2,,lga,Odigbo,South West,Ondo,Odigbo,,,20,0,28,40,16,0.7143,0.5,1.25
2019/2020,Female,disabled,Private,JSS,JSS2,,lga,Ondo East,South West,Ondo,Ondo East,,,15,0,20,30,10,0.75,0.5,1.5
2019/2020,Female,disabled,Private,JSS,JSS2,,lga,Ondo West,South West,Ondo,Ondo West,,,20,0,28,39,16,0.7143,0.5128,1.25
2019/2020,Female,disabled,Private,JSS,JSS3,,lga,Akure North,South West,Ondo,Akure North,,,15,0,28,33,13,0.5357,0.4545,1.1538
2019/2020,Female,disabled,Private,JSS,JSS3,,lga,Akure South,South West,Ondo,Akure South,,,12,0,24,28,10,0.5,0.4286,1.2
2019/2020,Female,disabled,Private,JSS,JSS3,,lga,Odigbo,South West,Ondo,Odigbo,,,15,0,32,33,11,0.4688,0.4545,1.3636
2019/2020,Female,disabled,Private,JSS,JSS3,,lga,Ondo East,South West,Ondo,Ondo East,,,12,0,20,26,8,0.6,0.4615,1.5
2019/2020,Female,disabled,Private,JSS,JSS3,,lga,Ondo West,South West,Ondo,Ondo West,,,15,0,28,33,12,0.5357,0.4545,1.25
2019/2020,Female,disabled,Private,Pre-Primary/Primary,Primary 1,Primary 1,lga,Akure North,South West,Ondo,Akure North,,,95,0,56,166,72,1.6964,0.5723,1.3194
2019/2020,Female,disabled,Private,Pre-Primary/Primary,Primary 1,Primary 1,lga,Akure South,South West,Ondo,Akure South,,,84,0,52,148,62,1.6154,0.5676,1.3548
2019/2020,Female,disabled,Private,Pre-Primary/Primary,Primary 1,Primary 1,lga,Odigbo,South West,Ondo,Odigbo,,,74,0,44,129,56,1.6818,0.5736,1.3214
2019/2020,Female,disabled,Private,Pre-Primary/Primary,Primary 1,Primary 1,lga,Ondo East,South West,Ondo,Ondo East,,,67,0,44,125,52,1.5227,0.536,1.2885
2019/2020,Female,disabled,Private,Pre-Primary/Primary,Primary 1,Primary 1,lga,Ondo West,South West,Ondo,Ondo West,,,90,0,52,145,61,1.7308,0.6207,1.4754
2019/2020,Female,disabled,Private,Pre-Primary/Primary,Primary 2,,lga,Akure North,South West,Ondo,Akure North,,,85,0,56,148,62,1.5179,0.5743,1.371
2019/2020,Female,disabled,Private,Pre-Primary/Primary,Primary 2,,lga,Akure South,South West,Ondo,Akure South,,,75,0,48,133,57,1.5625,0.5639,1.3158
2019/2020,Female,disabled,Private,Pre-Primary/Primary,Primary 2,,lga,Odigbo,South West,Ondo,Odigbo,,,67,0,44,115,48,1.5227,0.5826,1.3958
2019/2020,Female,disabled,Private,Pre-Primary/Primary,Primary 2,,lga,Ondo East,South West,Ondo,Ondo East,,,60,0,44,113,47,1.3636,0.531,1.2766
2019/2020,Female,disabled,Private,Pre-Primary/Primary,Primary 2,,lga,Ondo West,South West,Ondo,Ondo West,,,78,0,44,128,54,1.7727,0.6094,1.4444
2019/2020,Female,disabled,Private,Pre-Primary/Primary,Primary 3,,lga,Akure North,South West,Ondo,Akure North,,,77,0,60,134,56,1.2833,0.5746,1.375
2019/2020,Female,disabled,Private,Pre-Primary/Primary,Primary 3,,lga,Akure South,South West,Ondo,Akure South,,,67,0,52,120,53,1.2885,0.5583,1.2642
2019/2020,Female,disabled,Private,Pre-Primary/Primary,Primary 3,,lga,Odigbo,South West,Ondo,Odigbo,,,61,0,44,103,43,1.3864,0.5922,1.4186
2019/2020,Female,disabled,Private,Pre-Primary/Primary,Primary 3,,lga,Ondo East,South West,Ondo,Ondo East,,,54,0,40,102,44,1.35,0.5294,1.2273
2019/2020,Female,disabled,Private,Pre-Primary/Primary,Primary 3,,lga,Ondo West,South West,Ondo,Ondo West,,,73,0,44,116,49,1.6591,0.6293,1.4898
2019/2020,Female,disabled,Private,Pre-Primary/Primary,Primary 4,,lga,Akure North,South West,Ondo,Akure North,,,68,0,60,123,52,1.1333,0.5528,1.3077
2019/2020,Female,disabled,Private,Pre-Primary/Primary,Primary 4,,lga,Akure South,South West,Ondo,Akure South,,,63,0,48,111,47,1.3125,0.5676,1.3404
2019/2020,Female,disabled,Private,Pre-Primary/Primary,Primary 4,,lga,Odigbo,South West,Ondo,Odigbo,,,54,0,44,96,40,1.2273,0.5625,1.35
2019/2020,Female,disabled,Private,Pre-Primary/Primary,Primary 4,,lga,Ondo East,South West,Ondo,Ondo East,,,51,0,44,93,40,1.1591,0.5484,1.275
2019/2020,Female,disabled,Private,Pre-Primary/Primary,Primary 4,,lga,Ondo West,South West,Ondo,Ondo West,,,65,0,56,106,45,1.1607,0.6132,1.4444
2019/2020,Female,disabled,Private,Pre-Primary/Primary,Primary 5,,lga,Akure North,South West,Ondo,Akure North,,,63,0,56,115,49,1.125,0.5478,1.2857
2019/2020,Female,disabled,Private,Pre-Primary/Primary,Primary 5,,lga,Akure South,South West,Ondo,Akure South,,,58,0,48,103,44,1.2083,0.5631,1.3182
2019/2020,Female,disabled,Private,Pre-Primary/Primary,Primary 5,,lga,Odigbo,South West,Ondo,Odigbo,,,53,0,44,90,37,1.2045,0.5889,1.4324
2019/2020,Female,disabled,Private,Pre-Primary/Primary,Primary 5,,lga,Ondo East,South West,Ondo,Ondo East,,,47,0,40,87,35,1.175,0.5402,1.3429
2019/2020,Female,disabled,Private,Pre-Primary/Primary,Primary 5,,lga,Ondo West,South West,Ondo,Ondo West,,,61,0,44,101,42,1.3864,0.604,1.4524
2019/2020,Female,disabled,Private,Pre-Primary/Primary,Primary 6,,lga,Akure North,South West,Ondo,Akure North,,,59,0,60,106,45,0.9833,0.5566,1.3111
2019/2020,Female,disabled,Private,Pre-Primary/Primary,Primary 6,,lga,Akure South,South West,Ondo,Akure South,,,53,0,48,94,39,1.1042,0.5638,1.359
2019/2020,Female,disabled,Private,Pre-Primary/Primary,Primary 6,,lga,Odigbo,South West,Ondo,Odigbo,,,48,0,44,82,34,1.0909,0.5854,1.4118
2019/2020,Female,disabled,Private,Pre-Primary/Primary,Primary 6,,lga,Ondo East,South West,Ondo,Ondo East,,,41,0,36,81,34,1.1389,0.5062,1.2059
2019/2020,Female,disabled,Private,Pre-Primary/Primary,Primary 6,,lga,Ondo West,South West,Ondo,Ondo West,,,56,0,44,92,38,1.2727,0.6087,1.4737
2019/2020,Female,disabled,Private,SSS,SSS1,SSS1,lga,Akure North,South West,Ondo,Akure North,,,12,0,28,46,18,0.4286,0.2609,0.6667
2019/2020,Female,disabled,Private,SSS,SSS1,SSS1,lga,Akure South,South West,Ondo,Akure South,,,16,0,28,46,20,0.5714,0.3478,0.8
2019/2020,Female,disabled,Private,SSS,SSS1,SSS1,lga,Odigbo,South West,Ondo,Odigbo,,,12,0,32,45,19,0.375,0.2667,0.6316
2019/2020,Female,disabled,Private,SSS,SSS1,SSS1,lga,Ondo East,South West,Ondo,Ondo East,,,12,0,32,45,18,0.375,0.2667,0.6667
2019/2020,Female,disabled,Private,SSS,SSS1,SSS1,lga,Ondo West,South West,Ondo,Ondo West,,,12,0,36,45,18,0.3333,0.2667,0.6667
2019/2020,Female,disabled,Private,SSS,SSS2,,lga,Akure North,South West,Ondo,Akure North,,,12,0,28,39,15,0.4286,0.3077,0.8
2019/2020,Female,disabled,Private,SSS,SSS2,,lga,Akure South,South West,Ondo,Akure South,,,12,0,28,38,14,0.4286,0.3158,0.8571
2019/2020,Female,disabled,Private,SSS,SSS2,,lga,Odigbo,South West,Ondo,Odigbo,,,12,0,28,39,14,0.4286,0.3077,0.8571
2019/2020,Female,disabled,Private,SSS,SSS2,,lga,Ondo East,South West,Ondo,Ondo East,,,12,0,32,35,13,0.375,0.3429,0.9231
2019/2020,Female,disabled,Private,SSS,SSS2,,lga,Ondo West,South West,Ondo,Ondo West,,,12,0,32,38,14,0.375,0.3158,0.8571
2019/2020,Female,disabled,Private,SSS,SSS3,,lga,Akure North,South West,Ondo,Akure North,,,6,0,36,31,11,0.1667,0.1935,0.5455
2019/2020,Female,disabled,Private,SSS,SSS3,,lga,Akure South,South West,Ondo,Akure South,,,10,0,28,32,12,0.3571,0.3125,0.8333
2019/2020,Female,disabled,Private,SSS,SSS3,,lga,Odigbo,South West,Ondo,Odigbo,,,6,0,32,31,12,0.1875,0.1935,0.5
2019/2020,Female,disabled,Private,SSS,SSS3,,lga,Ondo East,South West,Ondo,Ondo East,,,8,0,32,30,10,0.25,0.2667,0.8
2019/2020,Female,disabled,Private,SSS,SSS3,,lga,Ondo West,South West,Ondo,Ondo West,,,8,0,32,31,11,0.25,0.2581,0.7273
2019/2020,Female,disabled,Private,Vocational,Vocational Year 1,,lga,Akure North,South West,Ondo,Akure North,,,0,0,16,12,0,0.0,0.0,0.0
2019/2020,Female,disabled,Private,Vocational,Vocational Year 1,,lga,Akure South,South West,Ondo,Akure South,,,0,0,16,13,1,0.0,0.0,0.0
2019/2020,Female,disabled,Private,Vocational,Vocational Year 1,,lga,Odigbo,South West,Ondo,Odigbo,,,0,0,16,12,0,0.0,0.0,0.0
2019/2020,Female,disabled,Private,Vocational,Vocational Year 1,,lga,Ondo East,South West,Ondo,Ondo East,,,0,0,16,12,0,0.0,0.0,0.0
2019/2020,Female,disabled,Private,Vocational,Vocational Year 1,,lga,Ondo West,South West,Ondo,Ondo West,,,0,0,16,13,1,0.0,0.0,0.0
2019/2020,Female,disabled,Private,Vocational,Vocational Year 2,,lga,Akure North,South West,Ondo,Akure North,,,0,0,16,12,0,0.0,0.0,0.0
2019/2020,Female,disabled,Private,Vocational,Vocational Year 2,,lga,Akure South,South West,Ondo,Akure South,,,0,0,16,12,0,0.0,0.0,0.0
2019/2020,Female,disabled,Private,Vocational,Vocational Year 2,,lga,Odigbo,South West,Ondo,Odigbo,,,0,0,16,12,0,0.0,0.0,0.0
2019/2020,Female,disabled,Private,Vocational,Vocational Year 2,,lga,Ondo East,South West,Ondo,Ondo East,,,0,0,16,12,0,0.0,0.0,0.0
2019/2020,Female,disabled,Private,Vocational,Vocational Year 2,,lga,Ondo West,South West,Ondo,Ondo West,,,0,0,16,12,0,0.0,0.0,0.0
2019/2020,Female,disabled,Private,Vocational,Vocational Year 3,,lga,Akure North,South West,Ondo,Akure North,,,0,0,16,12,0,0.0,0.0,0.0
2019/2020,Female,disabled,Private,Vocational,Vocational Year 3,,lga,Akure South,South West,Ondo,Akure South,,,0,0,16,12,0,0.0,0.0,0.0
2019/2020,Female,disabled,Private,Vocational,Vocational Year 3,,lga,Odigbo,South West,Ondo,Odigbo,,,0,0,24,12,0,0.0,0.0,0.0
2019/2020,Female,disabled,Private,Vocational,Vocational Year 3,,lga,Ondo East,South West,Ondo,Ondo East,,,0,0,16,12,0,0.0,0.0,0.0
2019/2020,Female,disabled,Private,Vocational,Vocational Year 3,,lga,Ondo West,South West,Ondo,Ondo West,,,0,0,16,12,0,0.0,0.0,0.0
2019/2020,Female,disabled,Public,Adult & Non-Formal,IQS/IQTS Stage 1,,lga,Akure North,South West,Ondo,Akure North,,,11,0,24,51,21,0.4583,0.2157,0.5238
2019/2020,Female,disabled,Public,Adult & Non-Formal,IQS/IQTS Stage 1,,lga,Akure South,South West,Ondo,Akure South,,,10,0,20,50,20,0.5,0.2,0.5
2019/2020,Female,disabled,Public,Adult & Non-Formal,IQS/IQTS Stage 1,,lga,Odigbo,South West,Ondo,Odigbo,,,12,0,24,50,21,0.5,0.24,0.5714
2019/2020,Female,disabled,Public,Adult & Non-Formal,IQS/IQTS Stage 1,,lga,Ondo East,South West,Ondo,Ondo East,,,10,0,20,48,20,0.5,0.2083,0.5
2019/2020,Female,disabled,Public,Adult & Non-Formal,IQS/IQTS Stage 1,,lga,Ondo West,South West,Ondo,Ondo West,,,11,0,20,51,20,0.55,0.2157,0.55
2019/2020,Female,disabled,Public,Adult & Non-Formal,IQS/IQTS Stage 2,,lga,Akure North,South West,Ondo,Akure North,,,8,0,24,42,16,0.3333,0.1905,0.5
2019/2020,Female,disabled,Public,Adult & Non-Formal,IQS/IQTS Stage 2,,lga,Akure South,South West,Ondo,Akure South,,,7,0,20,38,15,0.35,0.1842,0.4667
2019/2020,Female,disabled,Public,Adult & Non-Formal,IQS/IQTS Stage 2,,lga,Odigbo,South West,Ondo,Odigbo,,,9,0,24,41,15,0.375,0.2195,0.6
2019/2020,Female,disabled,Public,Adult & Non-Formal,IQS/IQTS Stage 2,,lga,Ondo East,South West,Ondo,Ondo East,,,7,0,20,37,15,0.35,0.1892,0.4667
2019/2020,Female,disabled,Public,Adult & Non-Formal,IQS/IQTS Stage 2,,lga,Ondo West,South West,Ondo,Ondo West,,,9,0,20,41,16,0.45,0.2195,0.5625
2019/2020,Female,disabled,Public,Adult & Non-Formal,IQS/IQTS Stage 3,,lga,Akure North,South West,Ondo,Akure North,,,5,0,24,26,8,0.2083,0.1923,0.625
2019/2020,Female,disabled,Public,Adult & Non-Formal,IQS/IQTS Stage 3,,lga,Akure South,South West,Ondo,Akure South,,,4,0,16,23,7,0.25,0.1739,0.5714
2019/2020,Female,disabled,Public,Adult & Non-Formal,IQS/IQTS Stage 3,,lga,Odigbo,South West,Ondo,Odigbo,,,6,0,24,26,8,0.25,0.2308,0.75
2019/2020,Female,disabled,Public,Adult & Non-Formal,IQS/IQTS Stage 3,,lga,Ondo East,South West,Ondo,Ondo East,,,4,0,20,22,7,0.2,0.1818,0.5714
2019/2020,Female,disabled,Public,Adult & Non-Formal,IQS/IQTS Stage 3,,lga,Ondo West,South West,Ondo,Ondo West,,,4,0,24,25,9,0.1667,0.16,0.4444
2019/2020,Female,disabled,Public,JSS,JSS1,JSS1,lga,Akure North,South West,Ondo,Akure North,,,72,0,80,124,53,0.9,0.5806,1.3585
2019/2020,Female,disabled,Public,JSS,JSS1,JSS1,lga,Akure South,South West,Ondo,Akure South,,,85,0,80,124,53,1.0625,0.6855,1.6038
2019/2020,Female,disabled,Public,JSS,JSS1,JSS1,lga,Odigbo,South West,Ondo,Odigbo,,,74,0,76,116,50,0.9737,0.6379,1.48
2019/2020,Female,disabled,Public,JSS,JSS1,JSS1,lga,Ondo East,South West,Ondo,Ondo East,,,65,0,80,122,51,0.8125,0.5328,1.2745
2019/2020,Female,disabled,Public,JSS,JSS1,JSS1,lga,Ondo West,South West,Ondo,Ondo West,,,67,0,80,119,49,0.8375,0.563,1.3673
2019/2020,Female,disabled,Public,JSS,JSS2,,lga,Akure North,South West,Ondo,Akure North,,,58,0,80,103,42,0.725,0.5631,1.381
2019/2020,Female,disabled,Public,JSS,JSS2,,lga,Akure South,South West,Ondo,Akure South,,,68,0,84,104,44,0.8095,0.6538,1.5455
2019/2020,Female,disabled,Public,JSS,JSS2,,lga,Odigbo,South West,Ondo,Odigbo,,,61,0,76,96,39,0.8026,0.6354,1.5641
2019/2020,Female,disabled,Public,JSS,JSS2,,lga,Ondo East,South West,Ondo,Ondo East,,,52,0,76,102,42,0.6842,0.5098,1.2381
2019/2020,Female,disabled,Public,JSS,JSS2,,lga,Ondo West,South West,Ondo,Ondo West,,,56,0,80,98,41,0.7,0.5714,1.3659
2019/2020,Female,disabled,Public,JSS,JSS3,,lga,Akure North,South West,Ondo,Akure North,,,46,0,76,83,35,0.6053,0.5542,1.3143
2019/2020,Female,disabled,Public,JSS,JSS3,,lga,Akure South,South West,Ondo,Akure South,,,54,0,84,85,34,0.6429,0.6353,1.5882
2019/2020,Female,disabled,Public,JSS,JSS3,,lga,Odigbo,South West,Ondo,Odigbo,,,48,0,76,78,32,0.6316,0.6154,1.5
2019/2020,Female,disabled,Public,JSS,JSS3,,lga,Ondo East,South West,Ondo,Ondo East,,,41,0,80,82,34,0.5125,0.5,1.2059
2019/2020,Female,disabled,Public,JSS,JSS3,,lga,Ondo West,South West,Ondo,Ondo West,,,44,0,76,79,32,0.5789,0.557,1.375
2019/2020,Female,disabled,Public,Pre-Primary/Primary,Primary 1,Primary 1,lga,Akure North,South West,Ondo,Akure North,,,290,0,156,473,211,1.859,0.6131,1.3744
2019/2020,Female,disabled,Public,Pre-Primary/Primary,Primary 1,Primary 1,lga,Akure South,South West,Ondo,Akure South,,,316,0,160,474,210,1.975,0.6667,1.5048
2019/2020,Female,disabled,Public,Pre-Primary/Primary,Primary 1,Primary 1,lga,Odigbo,South West,Ondo,Odigbo,,,306,0,180,494,219,1.7,0.6194,1.3973
2019/2020,Female,disabled,Public,Pre-Primary/Primary,Primary 1,Primary 1,lga,Ondo East,South West,Ondo,Ondo East,,,294,0,160,473,209,1.8375,0.6216,1.4067
2019/2020,Female,disabled,Public,Pre-Primary/Primary,Primary 1,Primary 1,lga,Ondo West,South West,Ondo,Ondo West,,,253,0,168,476,212,1.506,0.5315,1.1934
2019/2020,Female,disabled,Public,Pre-Primary/Primary,Primary 2,,lga,Akure North,South West,Ondo,Akure North,,,258,0,156,423,189,1.6538,0.6099,1.3651
2019/2020,Female,disabled,Public,Pre-Primary/Primary,Primary 2,,lga,Akure South,South West,Ondo,Akure South,,,280,0,156,420,187,1.7949,0.6667,1.4973
2019/2020,Female,disabled,Public,Pre-Primary/Primary,Primary 2,,lga,Odigbo,South West,Ondo,Odigbo,,,271,0,172,436,195,1.5756,0.6216,1.3897
2019/2020,Female,disabled,Public,Pre-Primary/Primary,Primary 2,,lga,Ondo East,South West,Ondo,Ondo East,,,262,0,168,418,187,1.5595,0.6268,1.4011
2019/2020,Female,disabled,Public,Pre-Primary/Primary,Primary 2,,lga,Ondo West,South West,Ondo,Ondo West,,,225,0,160,424,188,1.4062,0.5307,1.1968
2019/2020,Female,disabled,Public,Pre-Primary/Primary,Primary 3,,lga,Akure North,South West,Ondo,Akure North,,,233,0,156,379,170,1.4936,0.6148,1.3706
2019/2020,Female,disabled,Public,Pre-Primary/Primary,Primary 3,,lga,Akure South,South West,Ondo,Akure South,,,254,0,160,378,169,1.5875,0.672,1.503
2019/2020,Female,disabled,Public,Pre-Primary/Primary,Primary 3,,lga,Odigbo,South West,Ondo,Odigbo,,,243,0,168,394,176,1.4464,0.6168,1.3807
2019/2020,Female,disabled,Public,Pre-Primary/Primary,Primary 3,,lga,Ondo East,South West,Ondo,Ondo East,,,235,0,160,375,167,1.4688,0.6267,1.4072
2019/2020,Female,disabled,Public,Pre-Primary/Primary,Primary 3,,lga,Ondo West,South West,Ondo,Ondo West,,,202,0,160,380,170,1.2625,0.5316,1.1882
2019/2020,Female,disabled,Public,Pre-Primary/Primary,Primary 4,,lga,Akure North,South West,Ondo,Akure North,,,214,0,164,345,153,1.3049,0.6203,1.3987
2019/2020,Female,disabled,Public,Pre-Primary/Primary,Primary 4,,lga,Akure South,South West,Ondo,Akure South,,,231,0,164,344,153,1.4085,0.6715,1.5098
2019/2020,Female,disabled,Public,Pre-Primary/Primary,Primary 4,,lga,Odigbo,South West,Ondo,Odigbo,,,222,0,156,362,162,1.4231,0.6133,1.3704
2019/2020,Female,disabled,Public,Pre-Primary/Primary,Primary 4,,lga,Ondo East,South West,Ondo,Ondo East,,,214,0,160,344,153,1.3375,0.6221,1.3987
2019/2020,Female,disabled,Public,Pre-Primary/Primary,Primary 4,,lga,Ondo West,South West,Ondo,Ondo West,,,183,0,168,346,153,1.0893,0.5289,1.1961
2019/2020,Female,disabled,Public,Pre-Primary/Primary,Primary 5,,lga,Akure North,South West,Ondo,Akure North,,,199,0,160,323,143,1.2438,0.6161,1.3916
2019/2020,Female,disabled,Public,Pre-Primary/Primary,Primary 5,,lga,Akure South,South West,Ondo,Akure South,,,217,0,168,323,144,1.2917,0.6718,1.5069
2019/2020,Female,disabled,Public,Pre-Primary/Primary,Primary 5,,lga,Odigbo,South West,Ondo,Odigbo,,,209,0,168,339,151,1.244,0.6165,1.3841
2019/2020,Female,disabled,Public,Pre-Primary/Primary,Primary 5,,lga,Ondo East,South West,Ondo,Ondo East,,,201,0,160,322,143,1.2562,0.6242,1.4056
2019/2020,Female,disabled,Public,Pre-Primary/Primary,Primary 5,,lga,Ondo West,South West,Ondo,Ondo West,,,172,0,156,324,143,1.1026,0.5309,1.2028
2019/2020,Female,disabled,Public,Pre-Primary/Primary,Primary 6,,lga,Akure North,South West,Ondo,Akure North,,,180,0,156,292,129,1.1538,0.6164,1.3953
2019/2020,Female,disabled,Public,Pre-Primary/Primary,Primary 6,,lga,Akure South,South West,Ondo,Akure South,,,197,0,168,294,130,1.1726,0.6701,1.5154
2019/2020,Female,disabled,Public,Pre-Primary/Primary,Primary 6,,lga,Odigbo,South West,Ondo,Odigbo,,,188,0,172,304,136,1.093,0.6184,1.3824
2019/2020,Female,disabled,Public,Pre-Primary/Primary,Primary 6,,lga,Ondo East,South West,Ondo,Ondo East,,,182,0,160,293,131,1.1375,0.6212,1.3893
2019/2020,Female,disabled,Public,Pre-Primary/Primary,Primary 6,,lga,Ondo West,South West,Ondo,Ondo West,,,157,0,156,294,129,1.0064,0.534,1.2171
2019/2020,Female,disabled,Public,SSS,SSS1,SSS1,lga,Akure North,South West,Ondo,Akure North,,,30,0,64,90,39,0.4688,0.3333,0.7692
2019/2020,Female,disabled,Public,SSS,SSS1,SSS1,lga,Akure South,South West,Ondo,Akure South,,,29,0,60,86,35,0.4833,0.3372,0.8286
2019/2020,Female,disabled,Public,SSS,SSS1,SSS1,lga,Odigbo,South West,Ondo,Odigbo,,,31,0,64,86,35,0.4844,0.3605,0.8857
2019/2020,Female,disabled,Public,SSS,SSS1,SSS1,lga,Ondo East,South West,Ondo,Ondo East,,,32,0,56,83,34,0.5714,0.3855,0.9412
2019/2020,Female,disabled,Public,SSS,SSS1,SSS1,lga,Ondo West,South West,Ondo,Ondo West,,,27,0,64,88,35,0.4219,0.3068,0.7714
2019/2020,Female,disabled,Public,SSS,SSS2,,lga,Akure North,South West,Ondo,Akure North,,,26,0,64,72,27,0.4062,0.3611,0.963
2019/2020,Female,disabled,Public,SSS,SSS2,,lga,Akure South,South West,Ondo,Akure South,,,21,0,60,69,28,0.35,0.3043,0.75
2019/2020,Female,disabled,Public,SSS,SSS2,,lga,Odigbo,South West,Ondo,Odigbo,,,23,0,64,70,27,0.3594,0.3286,0.8519
2019/2020,Female,disabled,Public,SSS,SSS2,,lga,Ondo East,South West,Ondo,Ondo East,,,26,0,64,69,29,0.4062,0.3768,0.8966
2019/2020,Female,disabled,Public,SSS,SSS2,,lga,Ondo West,South West,Ondo,Ondo West,,,23,0,64,71,31,0.3594,0.3239,0.7419
2019/2020,Female,disabled,Public,SSS,SSS3,,lga,Akure North,South West,Ondo,Akure North,,,19,0,64,58,25,0.2969,0.3276,0.76
2019/2020,Female,disabled,Public,SSS,SSS3,,lga,Akure South,South West,Ondo,Akure South,,,18,0,64,55,22,0.2812,0.3273,0.8182
2019/2020,Female,disabled,Public,SSS,SSS3,,lga,Odigbo,South West,Ondo,Odigbo,,,21,0,64,57,23,0.3281,0.3684,0.913
2019/2020,Female,disabled,Public,SSS,SSS3,,lga,Ondo East,South West,Ondo,Ondo East,,,22,0,60,54,22,0.3667,0.4074,1.0
2019/2020,Female,disabled,Public,SSS,SSS3,,lga,Ondo West,South West,Ondo,Ondo West,,,17,0,64,56,23,0.2656,0.3036,0.7391
2019/2020,Female,disabled,Public,Vocational,Vocational Year 1,,lga,Akure North,South West,Ondo,Akure North,,,1,0,24,14,2,0.0417,0.0714,0.5
2019/2020,Female,disabled,Public,Vocational,Vocational Year 1,,lga,Akure South,South West,Ondo,Akure South,,,0,0,24,14,2,0.0,0.0,0.0
2019/2020,Female,disabled,Public,Vocational,Vocational Year 1,,lga,Odigbo,South West,Ondo,Odigbo,,,0,0,24,14,2,0.0,0.0,0.0
2019/2020,Female,disabled,Public,Vocational,Vocational Year 1,,lga,Ondo East,South West,Ondo,Ondo East,,,0,0,20,14,2,0.0,0.0,0.0
2019/2020,Female,disabled,Public,Vocational,Vocational Year 1,,lga,Ondo West,South West,Ondo,Ondo West,,,1,0,20,13,1,0.05,0.0769,1.0
2019/2020,Female,disabled,Public,Vocational,Vocational Year 2,,lga,Akure North,South West,Ondo,Akure North,,,0,0,24,13,1,0.0,0.0,0.0
2019/2020,Female,disabled,Public,Vocational,Vocational Year 2,,lga,Akure South,South West,Ondo,Akure South,,,0,0,24,13,1,0.0,0.0,0.0
2019/2020,Female,disabled,Public,Vocational,Vocational Year 2,,lga,Odigbo,South West,Ondo,Odigbo,,,0,0,24,12,0,0.0,0.0,0.0
2019/2020,Female,disabled,Public,Vocational,Vocational Year 2,,lga,Ondo East,South West,Ondo,Ondo East,,,0,0,20,13,1,0.0,0.0,0.0
2019/2020,Female,disabled,Public,Vocational,Vocational Year 2,,lga,Ondo West,South West,Ondo,Ondo West,,,1,0,20,13,1,0.05,0.0769,1.0
2019/2020,Female,disabled,Public,Vocational,Vocational Year 3,,lga,Akure North,South West,Ondo,Akure North,,,0,0,28,12,0,0.0,0.0,0.0
2019/2020,Female,disabled,Public,Vocational,Vocational Year 3,,lga,Akure South,South West,Ondo,Akure South,,,0,0,20,12,0,0.0,0.0,0.0
2019/2020,Female,disabled,Public,Vocational,Vocational Year 3,,lga,Odigbo,South West,Ondo,Odigbo,,,0,0,20,12,0,0.0,0.0,0.0
2019/2020,Female,disabled,Public,Vocational,Vocational Year 3,,lga,Ondo East,South West,Ondo,Ondo East,,,0,0,20,12,0,0.0,0.0,0.0
2019/2020,Female,disabled,Public,Vocational,Vocational Year 3,,lga,Ondo West,South West,Ondo,Ondo West,,,0,0,24,12,0,0.0,0.0,0.0
2019/2020,Male,all,Private,Adult & Non-Formal,IQS/IQTS Stage 1,,lga,Akure North,South West,Ondo,Akure North,,,432,0,16,35,13,27.0,12.3429,33.2308
2019/2020,Male,all,Private,Adult & Non-Formal,IQS/IQTS Stage 1,,lga,Akure South,South West,Ondo,Akure South,,,436,0,16,35,13,27.25,12.4571,33.5385
2019/2020,Male,all,Private,Adult & Non-Formal,IQS/IQTS Stage 1,,lga,Odigbo,South West,Ondo,Odigbo,,,415,0,12,34,13,34.5833,12.2059,31.9231
2019/2020,Male,all,Private,Adult & Non-Formal,IQS/IQTS Stage 1,,lga,Ondo East,South West,Ondo,Ondo East,,,402,0,12,35,13,33.5,11.4857,30.9231
2019/2020,Male,all,Private,Adult & Non-Formal,IQS/IQTS Stage 1,,lga,Ondo West,South West,Ondo,Ondo West,,,403,0,16,34,13,25.1875,11.8529,31.0
2019/2020,Male,all,Private,Adult & Non-Formal,IQS/IQTS Stage 2,,lga,Akure North,South West,Ondo,Akure North,,,336,0,16,28,10,21.0,12.0,33.6
2019/2020,Male,all,Private,Adult & Non-Formal,IQS/IQTS Stage 2,,lga,Akure South,South West,Ondo,Akure South,,,338,0,16,29,10,21.125,11.6552,33.8
2019/2020,Male,all,Private,Adult & Non-Formal,IQS/IQTS Stage 2,,lga,Odigbo,South West,Ondo,Odigbo,,,322,0,12,28,9,26.8333,11.5,35.7778
2019/2020,Male,all,Private,Adult & Non-Formal,IQS/IQTS Stage 2,,lga,Ondo East,South West,Ondo,Ondo East,,,314,0,16,27,9,19.625,11.6296,34.8889
2019/2020,Male,all,Private,Adult & Non-Formal,IQS/IQTS Stage 2,,lga,Ondo West,South West,Ondo,Ondo West,,,313,0,16,26,9,19.5625,12.0385,34.7778
2019/2020,Male,all,Private,Adult & Non-Formal,IQS/IQTS Stage 3,,lga,Akure North,South West,Ondo,Akure North,,,184,0,16,17,4,11.5,10.8235,46.0
2019/2020,Male,all,Private,Adult & Non-Formal,IQS/IQTS Stage 3,,lga,Akure South,South West,Ondo,Akure South,,,185,0,16,17,4,11.5625,10.8824,46.25
2019/2020,Male,all,Private,Adult & Non-Formal,IQS/IQTS Stage 3,,lga,Odigbo,South West,Ondo,Odigbo,,,178,0,12,18,5,14.8333,9.8889,35.6
2019/2020,Male,all,Private,Adult & Non-Formal,IQS/IQTS Stage 3,,lga,Ondo East,South West,Ondo,Ondo East,,,172,0,12,18,5,14.3333,9.5556,34.4
2019/2020,Male,all,Private,Adult & Non-Formal,IQS/IQTS Stage 3,,lga,Ondo West,South West,Ondo,Ondo West,,,171,0,12,17,4,14.25,10.0588,42.75
2019/2020,Male,all,Private,JSS,JSS1,JSS1,lga,Akure North,South West,Ondo,Akure North,,,908,0,28,47,20,32.4286,19.3191,45.4
2019/2020,Male,all,Private,JSS,JSS1,JSS1,lga,Akure South,South West,Ondo,Akure South,,,751,0,24,39,16,31.2917,19.2564,46.9375
2019/2020,Male,all,Private,JSS,JSS1,JSS1,lga,Odigbo,South West,Ondo,Odigbo,,,959,0,28,47,19,34.25,20.4043,50.4737
2019/2020,Male,all,Private,JSS,JSS1,JSS1,lga,Ondo East,South West,Ondo,Ondo East,,,679,0,20,36,14,33.95,18.8611,48.5
2019/2020,Male,all,Private,JSS,JSS1,JSS1,lga,Ondo West,South West,Ondo,Ondo West,,,923,0,32,46,17,28.8438,20.0652,54.2941
2019/2020,Male,all,Private,JSS,JSS2,,lga,Akure North,South West,Ondo,Akure North,,,743,0,28,39,14,26.5357,19.0513,53.0714
2019/2020,Male,all,Private,JSS,JSS2,,lga,Akure South,South West,Ondo,Akure South,,,614,0,24,34,12,25.5833,18.0588,51.1667
2019/2020,Male,all,Private,JSS,JSS2,,lga,Odigbo,South West,Ondo,Odigbo,,,786,0,28,40,16,28.0714,19.65,49.125
2019/2020,Male,all,Private,JSS,JSS2,,lga,Ondo East,South West,Ondo,Ondo East,,,555,0,20,30,10,27.75,18.5,55.5
2019/2020,Male,all,Private,JSS,JSS2,,lga,Ondo West,South West,Ondo,Ondo West,,,757,0,28,39,16,27.0357,19.4103,47.3125
2019/2020,Male,all,Private,JSS,JSS3,,lga,Akure North,South West,Ondo,Akure North,,,594,0,28,33,13,21.2143,18.0,45.6923
2019/2020,Male,all,Private,JSS,JSS3,,lga,Akure South,South West,Ondo,Akure South,,,491,0,24,28,10,20.4583,17.5357,49.1
2019/2020,Male,all,Private,JSS,JSS3,,lga,Odigbo,South West,Ondo,Odigbo,,,629,0,32,33,11,19.6562,19.0606,57.1818
2019/2020,Male,all,Private,JSS,JSS3,,lga,Ondo East,South West,Ondo,Ondo East,,,444,0,20,26,8,22.2,17.0769,55.5
2019/2020,Male,all,Private,JSS,JSS3,,lga,Ondo West,South West,Ondo,Ondo West,,,602,0,28,33,12,21.5,18.2424,50.1667
2019/2020,Male,all,Private,Pre-Primary/Primary,Primary 1,Primary 1,lga,Akure North,South West,Ondo,Akure North,,,3366,0,56,166,72,60.1071,20.2771,46.75
2019/2020,Male,all,Private,Pre-Primary/Primary,Primary 1,Primary 1,lga,Akure South,South West,Ondo,Akure South,,,2908,0,52,148,62,55.9231,19.6486,46.9032
2019/2020,Male,all,Private,Pre-Primary/Primary,Primary 1,Primary 1,lga,Odigbo,South West,Ondo,Odigbo,,,2572,0,44,129,56,58.4545,19.938,45.9286
2019/2020,Male,all,Private,Pre-Primary/Primary,Primary 1,Primary 1,lga,Ondo East,South West,Ondo,Ondo East,,,2497,0,44,125,52,56.75,19.976,48.0192
2019/2020,Male,all,Private,Pre-Primary/Primary,Primary 1,Primary 1,lga,Ondo West,South West,Ondo,Ondo West,,,2989,0,52,145,61,57.4808,20.6138,49.0
2019/2020,Male,all,Private,Pre-Primary/Primary,Primary 2,,lga,Akure North,South West,Ondo,Akure North,,,2987,0,56,148,62,53.3393,20.1824,48.1774
2019/2020,Male,all,Private,Pre-Primary/Primary,Primary 2,,lga,Akure South,South West,Ondo,Akure South,,,2580,0,48,133,57,53.75,19.3985,45.2632
2019/2020,Male,all,Private,Pre-Primary/Primary,Primary 2,,lga,Odigbo,South West,Ondo,Odigbo,,,2284,0,44,115,48,51.9091,19.8609,47.5833
2019/2020,Male,all,Private,Pre-Primary/Primary,Primary 2,,lga,Ondo East,South West,Ondo,Ondo East,,,2220,0,44,113,47,50.4545,19.646,47.234
2019/2020,Male,all,Private,Pre-Primary/Primary,Primary 2,,lga,Ondo West,South West,Ondo,Ondo West,,,2654,0,44,128,54,60.3182,20.7344,49.1481
2019/2020,Male,all,Private,Pre-Primary/Primary,Primary 3,,lga,Akure North,South West,Ondo,Akure North,,,2687,0,60,134,56,44.7833,20.0522,47.9821
2019/2020,Male,all,Private,Pre-Primary/Primary,Primary 3,,lga,Akure South,South West,Ondo,Akure South,,,2321,0,52,120,53,44.6346,19.3417,43.7925
2019/2020,Male,all,Private,Pre-Primary/Primary,Primary 3,,lga,Odigbo,South West,Ondo,Odigbo,,,2054,0,44,103,43,46.6818,19.9417,47.7674
2019/2020,Male,all,Private,Pre-Primary/Primary,Primary 3,,lga,Ondo East,South West,Ondo,Ondo East,,,1994,0,40,102,44,49.85,19.549,45.3182
2019/2020,Male,all,Private,Pre-Primary/Primary,Primary 3,,lga,Ondo West,South West,Ondo,Ondo West,,,2385,0,44,116,49,54.2045,20.5603,48.6735
2019/2020,Male,all,Private,Pre-Primary/Primary,Primary 4,,lga,Akure North,South West,Ondo,Akure North,,,2456,0,60,123,52,40.9333,19.9675,47.2308
2019/2020,Male,all,Private,Pre-Primary/Primary,Primary 4,,lga,Akure South,South West,Ondo,Akure South,,,2121,0,48,111,47,44.1875,19.1081,45.1277
2019/2020,Male,all,Private,Pre-Primary/Primary,Primary 4,,lga,Odigbo,South West,Ondo,Odigbo,,,1877,0,44,96,40,42.6591,19.5521,46.925
2019/2020,Male,all,Private,Pre-Primary/Primary,Primary 4,,lga,Ondo East,South West,Ondo,Ondo East,,,1821,0,44,93,40,41.3864,19.5806,45.525
2019/2020,Male,all,Private,Pre-Primary/Primary,Primary 4,,lga,Ondo West,South West,Ondo,Ondo West,,,2178,0,56,106,45,38.8929,20.5472,48.4
2019/2020,Male,all,Private,Pre-Primary/Primary,Primary 5,,lga,Akure North,South West,Ondo,Akure North,,,2302,0,56,115,49,41.1071,20.0174,46.9796
2019/2020,Male,all,Private,Pre-Primary/Primary,Primary 5,,lga,Akure South,South West,Ondo,Akure South,,,1985,0,48,103,44,41.3542,19.2718,45.1136
2019/2020,Male,all,Private,Pre-Primary/Primary,Primary 5,,lga,Odigbo,South West,Ondo,Odigbo,,,1758,0,44,90,37,39.9545,19.5333,47.5135
2019/2020,Male,all,Private,Pre-Primary/Primary,Primary 5,,lga,Ondo East,South West,Ondo,Ondo East,,,1704,0,40,87,35,42.6,19.5862,48.6857
2019/2020,Male,all,Private,Pre-Primary/Primary,Primary 5,,lga,Ondo West,South West,Ondo,Ondo West,,,2041,0,44,101,42,46.3864,20.2079,48.5952
2019/2020,Male,all,Private,Pre-Primary/Primary,Primary 6,,lga,Akure North,South West,Ondo,Akure North,,,2080,0,60,106,45,34.6667,19.6226,46.2222
2019/2020,Male,all,Private,Pre-Primary/Primary,Primary 6,,lga,Akure South,South West,Ondo,Akure South,,,1796,0,48,94,39,37.4167,19.1064,46.0513
2019/2020,Male,all,Private,Pre-Primary/Primary,Primary 6,,lga,Odigbo,South West,Ondo,Odigbo,,,1589,0,44,82,34,36.1136,19.378,46.7353
2019/2020,Male,all,Private,Pre-Primary/Primary,Primary 6,,lga,Ondo East,South West,Ondo,Ondo East,,,1542,0,36,81,34,42.8333,19.037,45.3529
2019/2020,Male,all,Private,Pre-Primary/Primary,Primary 6,,lga,Ondo West,South West,Ondo,Ondo West,,,1848,0,44,92,38,42.0,20.087,48.6316
2019/2020,Male,all,Private,SSS,SSS1,SSS1,lga,Akure North,South West,Ondo,Akure North,,,940,3,28,46,18,33.5714,20.4348,52.2222
2019/2020,Male,all,Private,SSS,SSS1,SSS1,lga,Akure South,South West,Ondo,Akure South,,,925,3,28,46,20,33.0357,20.1087,46.25
2019/2020,Male,all,Private,SSS,SSS1,SSS1,lga,Odigbo,South West,Ondo,Odigbo,,,913,3,32,45,19,28.5312,20.2889,48.0526
2019/2020,Male,all,Private,SSS,SSS1,SSS1,lga,Ondo East,South West,Ondo,Ondo East,,,848,3,32,45,18,26.5,18.8444,47.1111
2019/2020,Male,all,Private,SSS,SSS1,SSS1,lga,Ondo West,South West,Ondo,Ondo West,,,909,3,36,45,18,25.25,20.2,50.5
2019/2020,Male,all,Private,SSS,SSS2,,lga,Akure North,South West,Ondo,Akure North,,,760,3,28,39,15,27.1429,19.4872,50.6667
2019/2020,Male,all,Private,SSS,SSS2,,lga,Akure South,South West,Ondo,Akure South,,,744,3,28,38,14,26.5714,19.5789,53.1429
2019/2020,Male,all,Private,SSS,SSS2,,lga,Odigbo,South West,Ondo,Odigbo,,,740,3,28,39,14,26.4286,18.9744,52.8571
2019/2020,Male,all,Private,SSS,SSS2,,lga,Ondo East,South West,Ondo,Ondo East,,,685,3,32,35,13,21.4062,19.5714,52.6923
2019/2020,Male,all,Private,SSS,SSS2,,lga,Ondo West,South West,Ondo,Ondo West,,,736,3,32,38,14,23.0,19.3684,52.5714
2019/2020,Male,all,Private,SSS,SSS3,,lga,Akure North,South West,Ondo,Akure North,,,584,3,36,31,11,16.2222,18.8387,53.0909
2019/2020,Male,all,Private,SSS,SSS3,,lga,Akure South,South West,Ondo,Akure South,,,576,3,28,32,12,20.5714,18.0,48.0
2019/2020,Male,all,Private,SSS,SSS3,,lga,Odigbo,South West,Ondo,Odigbo,,,576,3,32,31,12,18.0,18.5806,48.0
2019/2020,Male,all,Private,SSS,SSS3,,lga,Ondo East,South West,Ondo,Ondo East,,,526,3,32,30,10,16.4375,17.5333,52.6
2019/2020,Male,all,Private,SSS,SSS3,,lga,Ondo West,South West,Ondo,Ondo West,,,570,3,32,31,11,17.8125,18.3871,51.8182
2019/2020,Male,all,Private,Vocational,Vocational Year 1,,lga,Akure North,South West,Ondo,Akure North,,,91,0,16,12,0,5.6875,7.5833,0.0
2019/2020,Male,all,Private,Vocational,Vocational Year 1,,lga,Akure South,South West,Ondo,Akure South,,,92,0,16,13,1,5.75,7.0769,92.0
2019/2020,Male,all,Private,Vocational,Vocational Year 1,,lga,Odigbo,South West,Ondo,Odigbo,,,98,0,16,12,0,6.125,8.1667,0.0
2019/2020,Male,all,Private,Vocational,Vocational Year 1,,lga,Ondo East,South West,Ondo,Ondo East,,,87,0,16,12,0,5.4375,7.25,0.0
2019/2020,Male,all,Private,Vocational,Vocational Year 1,,lga,Ondo West,South West,Ondo,Ondo West,,,90,0,16,13,1,5.625,6.9231,90.0
2019/2020,Male,all,Private,Vocational,Vocational Year 2,,lga,Akure North,South West,Ondo,Akure North,,,76,0,16,12,0,4.75,6.3333,0.0
2019/2020,Male,all,Private,Vocational,Vocational Year 2,,lga,Akure South,South West,Ondo,Akure South,,,77,0,16,12,0,4.8125,6.4167,0.0
2019/2020,Male,all,Private,Vocational,Vocational Year 2,,lga,Odigbo,South West,Ondo,Odigbo,,,82,0,16,12,0,5.125,6.8333,0.0
2019/2020,Male,all,Private,Vocational,Vocational Year 2,,lga,Ondo East,South West,Ondo,Ondo East,,,74,0,16,12,0,4.625,6.1667,0.0
2019/2020,Male,all,Private,Vocational,Vocational Year 2,,lga,Ondo West,South West,Ondo,Ondo West,,,76,0,16,12,0,4.75,6.3333,0.0
2019/2020,Male,all,Private,Vocational,Vocational Year 3,,lga,Akure North,South West,Ondo,Akure North,,,56,0,16,12,0,3.5,4.6667,0.0
2019/2020,Male,all,Private,Vocational,Vocational Year 3,,lga,Akure South,South West,Ondo,Akure South,,,56,0,16,12,0,3.5,4.6667,0.0
2019/2020,Male,all,Private,Vocational,Vocational Year 3,,lga,Odigbo,South West,Ondo,Odigbo,,,59,0,24,12,0,2.4583,4.9167,0.0
2019/2020,Male,all,Private,Vocational,Vocational Year 3,,lga,Ondo East,South West,Ondo,Ondo East,,,53,0,16,12,0,3.3125,4.4167,0.0
2019/2020,Male,all,Private,Vocational,Vocational Year 3,,lga,Ondo West,South West,Ondo,Ondo West,,,57,0,16,12,0,3.5625,4.75,0.0
2019/2020,Male,all,Public,Adult & Non-Formal,IQS/IQTS Stage 1,,lga,Akure North,South West,Ondo,Akure North,,,644,0,24,51,21,26.8333,12.6275,30.6667
2019/2020,Male,all,Public,Adult & Non-Formal,IQS/IQTS Stage 1,,lga,Akure South,South West,Ondo,Akure South,,,615,0,20,50,20,30.75,12.3,30.75
2019/2020,Male,all,Public,Adult & Non-Formal,IQS/IQTS Stage 1,,lga,Odigbo,South West,Ondo,Odigbo,,,629,0,24,50,21,26.2083,12.58,29.9524
2019/2020,Male,all,Public,Adult & Non-Formal,IQS/IQTS Stage 1,,lga,Ondo East,South West,Ondo,Ondo East,,,588,0,20,48,20,29.4,12.25,29.4
2019/2020,Male,all,Public,Adult & Non-Formal,IQS/IQTS Stage 1,,lga,Ondo West,South West,Ondo,Ondo West,,,659,0,20,51,20,32.95,12.9216,32.95
2019/2020,Male,all,Public,Adult & Non-Formal,IQS/IQTS Stage 2,,lga,Akure North,South West,Ondo,Akure North,,,502,0,24,42,16,20.9167,11.9524,31.375
2019/2020,Male,all,Public,Adult & Non-Formal,IQS/IQTS Stage 2,,lga,Akure South,South West,Ondo,Akure South,,,480,0,20,38,15,24.0,12.6316,32.0
2019/2020,Male,all,Public,Adult & Non-Formal,IQS/IQTS Stage 2,,lga,Odigbo,South West,Ondo,Odigbo,,,490,0,24,41,15,20.4167,11.9512,32.6667
2019/2020,Male,all,Public,Adult & Non-Formal,IQS/IQTS Stage 2,,lga,Ondo East,South West,Ondo,Ondo East,,,458,0,20,37,15,22.9,12.3784,30.5333
2019/2020,Male,all,Public,Adult & Non-Formal,IQS/IQTS Stage 2,,lga,Ondo West,South West,Ondo,Ondo West,,,512,0,20,41,16,25.6,12.4878,32.0
2019/2020,Male,all,Public,Adult & Non-Formal,IQS/IQTS Stage 3,,lga,Akure North,South West,Ondo,Akure North,,,274,0,24,26,8,11.4167,10.5385,34.25
2019/2020,Male,all,Public,Adult & Non-Formal,IQS/IQTS Stage 3,,lga,Akure South,South West,Ondo,Akure South,,,265,0,16,23,7,16.5625,11.5217,37.8571
2019/2020,Male,all,Public,Adult & Non-Formal,IQS/IQTS Stage 3,,lga,Odigbo,South West,Ondo,Odigbo,,,267,0,24,26,8,11.125,10.2692,33.375
2019/2020,Male,all,Public,Adult & Non-Formal,IQS/IQTS Stage 3,,lga,Ondo East,South West,Ondo,Ondo East,,,251,0,20,22,7,12.55,11.4091,35.8571
2019/2020,Male,all,Public,Adult & Non-Formal,IQS/IQTS Stage 3,,lga,Ondo West,South West,Ondo,Ondo West,,,281,0,24,25,9,11.7083,11.24,31.2222
2019/2020,Male,all,Public,JSS,JSS1,JSS1,lga,Akure North,South West,Ondo,Akure North,,,2641,0,80,124,53,33.0125,21.2984,49.8302
2019/2020,Male,all,Public,JSS,JSS1,JSS1,lga,Akure South,South West,Ondo,Akure South,,,2657,0,80,124,53,33.2125,21.4274,50.1321
2019/2020,Male,all,Public,JSS,JSS1,JSS1,lga,Odigbo,South West,Ondo,Odigbo,,,2503,0,76,116,50,32.9342,21.5776,50.06
2019/2020,Male,all,Public,JSS,JSS1,JSS1,lga,Ondo East,South West,Ondo,Ondo East,,,2729,0,80,122,51,34.1125,22.3689,53.5098
2019/2020,Male,all,Public,JSS,JSS1,JSS1,lga,Ondo West,South West,Ondo,Ondo West,,,2557,0,80,119,49,31.9625,21.4874,52.1837
2019/2020,Male,all,Public,JSS,JSS2,,lga,Akure North,South West,Ondo,Akure North,,,2169,0,80,103,42,27.1125,21.0583,51.6429
2019/2020,Male,all,Public,JSS,JSS2,,lga,Akure South,South West,Ondo,Akure South,,,2180,0,84,104,44,25.9524,20.9615,49.5455
2019/2020,Male,all,Public,JSS,JSS2,,lga,Odigbo,South West,Ondo,Odigbo,,,2052,0,76,96,39,27.0,21.375,52.6154
2019/2020,Male,all,Public,JSS,JSS2,,lga,Ondo East,South West,Ondo,Ondo East,,,2237,0,76,102,42,29.4342,21.9314,53.2619
2019/2020,Male,all,Public,JSS,JSS2,,lga,Ondo West,South West,Ondo,Ondo West,,,2101,0,80,98,41,26.2625,21.4388,51.2439
2019/2020,Male,all,Public,JSS,JSS3,,lga,Akure North,South West,Ondo,Akure North,,,1730,0,76,83,35,22.7632,20.8434,49.4286
2019/2020,Male,all,Public,JSS,JSS3,,lga,Akure South,South West,Ondo,Akure South,,,1739,0,84,85,34,20.7024,20.4588,51.1471
2019/2020,Male,all,Public,JSS,JSS3,,lga,Odigbo,South West,Ondo,Odigbo,,,1638,0,76,78,32,21.5526,21.0,51.1875
2019/2020,Male,all,Public,JSS,JSS3,,lga,Ondo East,South West,Ondo,Ondo East,,,1787,0,80,82,34,22.3375,21.7927,52.5588
2019/2020,Male,all,Public,JSS,JSS3,,lga,Ondo West,South West,Ondo,Ondo West,,,1672,0,76,79,32,22.0,21.1646,52.25
2019/2020,Male,all,Public,Pre-Primary/Primary,Primary 1,Primary 1,lga,Akure North,South West,Ondo,Akure North,,,9378,0,156,473,211,60.1154,19.8266,44.4455
2019/2020,Male,all,Public,Pre-Primary/Primary,Primary 1,Primary 1,lga,Akure South,South West,Ondo,Akure South,,,9247,0,160,474,210,57.7938,19.5084,44.0333
2019/2020,Male,all,Public,Pre-Primary/Primary,Primary 1,Primary 1,lga,Odigbo,South West,Ondo,Odigbo,,,10018,0,180,494,219,55.6556,20.2794,45.7443
2019/2020,Male,all,Public,Pre-Primary/Primary,Primary 1,Primary 1,lga,Ondo East,South West,Ondo,Ondo East,,,9254,0,160,473,209,57.8375,19.5645,44.2775
2019/2020,Male,all,Public,Pre-Primary/Primary,Primary 1,Primary 1,lga,Ondo West,South West,Ondo,Ondo West,,,9742,0,168,476,212,57.9881,20.4664,45.9528
2019/2020,Male,all,Public,Pre-Primary/Primary,Primary 2,,lga,Akure North,South West,Ondo,Akure North,,,8330,0,156,423,189,53.3974,19.6927,44.0741
2019/2020,Male,all,Public,Pre-Primary/Primary,Primary 2,,lga,Akure South,South West,Ondo,Akure South,,,8212,0,156,420,187,52.641,19.5524,43.9144
2019/2020,Male,all,Public,Pre-Primary/Primary,Primary 2,,lga,Odigbo,South West,Ondo,Odigbo,,,8897,0,172,436,195,51.7267,20.406,45.6256
2019/2020,Male,all,Public,Pre-Primary/Primary,Primary 2,,lga,Ondo East,South West,Ondo,Ondo East,,,8217,0,168,418,187,48.9107,19.6579,43.9412
2019/2020,Male,all,Public,Pre-Primary/Primary,Primary 2,,lga,Ondo West,South West,Ondo,Ondo West,,,8652,0,160,424,188,54.075,20.4057,46.0213
2019/2020,Male,all,Public,Pre-Primary/Primary,Primary 3,,lga,Akure North,South West,Ondo,Akure North,,,7489,0,156,379,170,48.0064,19.7599,44.0529
2019/2020,Male,all,Public,Pre-Primary/Primary,Primary 3,,lga,Akure South,South West,Ondo,Akure South,,,7382,0,160,378,169,46.1375,19.5291,43.6805
2019/2020,Male,all,Public,Pre-Primary/Primary,Primary 3,,lga,Odigbo,South West,Ondo,Odigbo,,,7997,0,168,394,176,47.6012,20.297,45.4375
2019/2020,Male,all,Public,Pre-Primary/Primary,Primary 3,,lga,Ondo East,South West,Ondo,Ondo East,,,7386,0,160,375,167,46.1625,19.696,44.2275
2019/2020,Male,all,Public,Pre-Primary/Primary,Primary 3,,lga,Ondo West,South West,Ondo,Ondo West,,,7776,0,160,380,170,48.6,20.4632,45.7412
2019/2020,Male,all,Public,Pre-Primary/Primary,Primary 4,,lga,Akure North,South West,Ondo,Akure North,,,6844,0,164,345,153,41.7317,19.8377,44.732
2019/2020,Male,all,Public,Pre-Primary/Primary,Primary 4,,lga,Akure South,South West,Ondo,Akure South,,,6747,0,164,344,153,41.1402,19.6134,44.098
2019/2020,Male,all,Public,Pre-Primary/Primary,Primary 4,,lga,Odigbo,South West,Ondo,Odigbo,,,7309,0,156,362,162,46.8526,20.1906,45.1173
2019/2020,Male,all,Public,Pre-Primary/Primary,Primary 4,,lga,Ondo East,South West,Ondo,Ondo East,,,6750,0,160,344,153,42.1875,19.6221,44.1176
2019/2020,Male,all,Public,Pre-Primary/Primary,Primary 4,,lga,Ondo West,South West,Ondo,Ondo West,,,7107,0,168,346,153,42.3036,20.5405,46.451
2019/2020,Male,all,Public,Pre-Primary/Primary,Primary 5,,lga,Akure North,South West,Ondo,Akure North,,,6408,0,160,323,143,40.05,19.839,44.8112
2019/2020,Male,all,Public,Pre-Primary/Primary,Primary 5,,lga,Akure South,South West,Ondo,Akure South,,,6320,0,168,323,144,37.619,19.5666,43.8889
2019/2020,Male,all,Public,Pre-Primary/Primary,Primary 5,,lga,Odigbo,South West,Ondo,Odigbo,,,6842,0,168,339,151,40.7262,20.1829,45.3113
2019/2020,Male,all,Public,Pre-Primary/Primary,Primary 5,,lga,Ondo East,South West,Ondo,Ondo East,,,6322,0,160,322,143,39.5125,19.6335,44.2098
2019/2020,Male,all,Public,Pre-Primary/Primary,Primary 5,,lga,Ondo West,South West,Ondo,Ondo West,,,6655,0,156,324,143,42.6603,20.5401,46.5385
2019/2020,Male,all,Public,Pre-Primary/Primary,Primary 6,,lga,Akure North,South West,Ondo,Akure North,,,5794,0,156,292,129,37.141,19.8425,44.9147
2019/2020,Male,all,Public,Pre-Primary/Primary,Primary 6,,lga,Akure South,South West,Ondo,Akure South,,,5714,0,168,294,130,34.0119,19.4354,43.9538
2019/2020,Male,all,Public,Pre-Primary/Primary,Primary 6,,lga,Odigbo,South West,Ondo,Odigbo,,,6187,0,172,304,136,35.9709,20.352,45.4926
2019/2020,Male,all,Public,Pre-Primary/Primary,Primary 6,,lga,Ondo East,South West,Ondo,Ondo East,,,5716,0,160,293,131,35.725,19.5085,43.6336
2019/2020,Male,all,Public,Pre-Primary/Primary,Primary 6,,lga,Ondo West,South West,Ondo,Ondo West,,,6017,0,156,294,129,38.5705,20.466,46.6434
2019/2020,Male,all,Public,SSS,SSS1,SSS1,lga,Akure North,South West,Ondo,Akure North,,,1805,3,64,90,39,28.2031,20.0556,46.2821
2019/2020,Male,all,Public,SSS,SSS1,SSS1,lga,Akure South,South West,Ondo,Akure South,,,1831,3,60,86,35,30.5167,21.2907,52.3143
2019/2020,Male,all,Public,SSS,SSS1,SSS1,lga,Odigbo,South West,Ondo,Odigbo,,,1855,3,64,86,35,28.9844,21.5698,53.0
2019/2020,Male,all,Public,SSS,SSS1,SSS1,lga,Ondo East,South West,Ondo,Ondo East,,,1769,3,56,83,34,31.5893,21.3133,52.0294
2019/2020,Male,all,Public,SSS,SSS1,SSS1,lga,Ondo West,South West,Ondo,Ondo West,,,1805,3,64,88,35,28.2031,20.5114,51.5714
2019/2020,Male,all,Public,SSS,SSS2,,lga,Akure North,South West,Ondo,Akure North,,,1454,3,64,72,27,22.7188,20.1944,53.8519
2019/2020,Male,all,Public,SSS,SSS2,,lga,Akure South,South West,Ondo,Akure South,,,1471,3,60,69,28,24.5167,21.3188,52.5357
2019/2020,Male,all,Public,SSS,SSS2,,lga,Odigbo,South West,Ondo,Odigbo,,,1497,3,64,70,27,23.3906,21.3857,55.4444
2019/2020,Male,all,Public,SSS,SSS2,,lga,Ondo East,South West,Ondo,Ondo East,,,1424,3,64,69,29,22.25,20.6377,49.1034
2019/2020,Male,all,Public,SSS,SSS2,,lga,Ondo West,South West,Ondo,Ondo West,,,1457,3,64,71,31,22.7656,20.5211,47.0
2019/2020,Male,all,Public,SSS,SSS3,,lga,Akure North,South West,Ondo,Akure North,,,1128,3,64,58,25,17.625,19.4483,45.12
2019/2020,Male,all,Public,SSS,SSS3,,lga,Akure South,South West,Ondo,Akure South,,,1149,3,64,55,22,17.9531,20.8909,52.2273
2019/2020,Male,all,Public,SSS,SSS3,,lga,Odigbo,South West,Ondo,Odigbo,,,1168,3,64,57,23,18.25,20.4912,50.7826
2019/2020,Male,all,Public,SSS,SSS3,,lga,Ondo East,South West,Ondo,Ondo East,,,1107,3,60,54,22,18.45,20.5,50.3182
2019/2020,Male,all,Public,SSS,SSS3,,lga,Ondo West,South West,Ondo,Ondo West,,,1130,3,64,56,23,17.6562,20.1786,49.1304
2019/2020,Male,all,Public,Vocational,Vocational Year 1,,lga,Akure North,South West,Ondo,Akure North,,,126,0,24,14,2,5.25,9.0,63.0
2019/2020,Male,all,Public,Vocational,Vocational Year 1,,lga,Akure South,South West,Ondo,Akure South,,,123,0,24,14,2,5.125,8.7857,61.5
2019/2020,Male,all,Public,Vocational,Vocational Year 1,,lga,Odigbo,South West,Ondo,Odigbo,,,117,0,24,14,2,4.875,8.3571,58.5
2019/2020,Male,all,Public,Vocational,Vocational Year 1,,lga,Ondo East,South West,Ondo,Ondo East,,,119,0,20,14,2,5.95,8.5,59.5
2019/2020,Male,all,Public,Vocational,Vocational Year 1,,lga,Ondo West,South West,Ondo,Ondo West,,,122,0,20,13,1,6.1,9.3846,122.0
2019/2020,Male,all,Public,Vocational,Vocational Year 2,,lga,Akure North,South West,Ondo,Akure North,,,108,0,24,13,1,4.5,8.3077,108.0
2019/2020,Male,all,Public,Vocational,Vocational Year 2,,lga,Akure South,South West,Ondo,Akure South,,,105,0,24,13,1,4.375,8.0769,105.0
2019/2020,Male,all,Public,Vocational,Vocational Year 2,,lga,Odigbo,South West,Ondo,Odigbo,,,100,0,24,12,0,4.1667,8.3333,0.0
2019/2020,Male,all,Public,Vocational,Vocational Year 2,,lga,Ondo East,South West,Ondo,Ondo East,,,101,0,20,13,1,5.05,7.7692,101.0
2019/2020,Male,all,Public,Vocational,Vocational Year 2,,lga,Ondo West,South West,Ondo,Ondo West,,,102,0,20,13,1,5.1,7.8462,102.0
2019/2020,Male,all,Public,Vocational,Vocational Year 3,,lga,Akure North,South West,Ondo,Akure North,,,79,0,28,12,0,2.8214,6.5833,0.0
2019/2020,Male,all,Public,Vocational,Vocational Year 3,,lga,Akure South,South West,Ondo,Akure South,,,75,0,20,12,0,3.75,6.25,0.0
2019/2020,Male,all,Public,Vocational,Vocational Year 3,,lga,Odigbo,South West,Ondo,Odigbo,,,71,0,20,12,0,3.55,5.9167,0.0
2019/2020,Male,all,Public,Vocational,Vocational Year 3,,lga,Ondo East,South West,Ondo,Ondo East,,,75,0,20,12,0,3.75,6.25,0.0
2019/2020,Male,all,Public,Vocational,Vocational Year 3,,lga,Ondo West,South West,Ondo,Ondo West,,,75,0,24,12,0,3.125,6.25,0.0
2019/2020,Male,disabled,Private,Adult & Non-Formal,IQS/IQTS Stage 1,,lga,Akure North,South West,Ondo,Akure North,,,9,0,16,35,13,0.5625,0.2571,0.6923
2019/2020,Male,disabled,Private,Adult & Non-Formal,IQS/IQTS Stage 1,,lga,Akure South,South West,Ondo,Akure South,,,11,0,16,35,13,0.6875,0.3143,0.8462
2019/2020,Male,disabled,Private,Adult & Non-Formal,IQS/IQTS Stage 1,,lga,Odigbo,South West,Ondo,Odigbo,,,12,0,12,34,13,1.0,0.3529,0.9231
2019/2020,Male,disabled,Private,Adult & Non-Formal,IQS/IQTS Stage 1,,lga,Ondo East,South West,Ondo,Ondo East,,,8,0,12,35,13,0.6667,0.2286,0.6154
2019/2020,Male,disabled,Private,Adult & Non-Formal,IQS/IQTS Stage 1,,lga,Ondo West,South West,Ondo,Ondo West,,,10,0,16,34,13,0.625,0.2941,0.7692
2019/2020,Male,disabled,Private,Adult & Non-Formal,IQS/IQTS Stage 2,,lga,Akure North,South West,Ondo,Akure North,,,8,0,16,28,10,0.5,0.2857,0.8
2019/2020,Male,disabled,Private,Adult & Non-Formal,IQS/IQTS Stage 2,,lga,Akure South,South West,Ondo,Akure South,,,8,0,16,29,10,0.5,0.2759,0.8
2019/2020,Male,disabled,Private,Adult & Non-Formal,IQS/IQTS Stage 2,,lga,Odigbo,South West,Ondo,Odigbo,,,9,0,12,28,9,0.75,0.3214,1.0
2019/2020,Male,disabled,Private,Adult & Non-Formal,IQS/IQTS Stage 2,,lga,Ondo East,South West,Ondo,Ondo East,,,7,0,16,27,9,0.4375,0.2593,0.7778
2019/2020,Male,disabled,Private,Adult & Non-Formal,IQS/IQTS Stage 2,,lga,Ondo West,South West,Ondo,Ondo West,,,7,0,16,26,9,0.4375,0.2692,0.7778
2019/2020,Male,disabled,Private,Adult & Non-Formal,IQS/IQTS Stage 3,,lga,Akure North,South West,Ondo,Akure North,,,4,0,16,17,4,0.25,0.2353,1.0
2019/2020,Male,disabled,Private,Adult & Non-Formal,IQS/IQTS Stage 3,,lga,Akure South,South West,Ondo,Akure South,,,4,0,16,17,4,0.25,0.2353,1.0
2019/2020,Male,disabled,Private,Adult & Non-Formal,IQS/IQTS Stage 3,,lga,Odigbo,South West,Ondo,Odigbo,,,6,0,12,18,5,0.5,0.3333,1.2
2019/2020,Male,disabled,Private,Adult & Non-Formal,IQS/IQTS Stage 3,,lga,Ondo East,South West,Ondo,Ondo East,,,4,0,12,18,5,0.3333,0.2222,0.8
2019/2020,Male,disabled,Private,Adult & Non-Formal,IQS/IQTS Stage 3,,lga,Ondo West,South West,Ondo,Ondo West,,,4,0,12,17,4,0.3333,0.2353,1.0
2019/2020,Male,disabled,Private,JSS,JSS1,JSS1,lga,Akure North,South West,Ondo,Akure North,,,24,0,28,47,20,0.8571,0.5106,1.2
2019/2020,Male,disabled,Private,JSS,JSS1,JSS1,lga,Akure South,South West,Ondo,Akure South,,,18,0,24,39,16,0.75,0.4615,1.125
2019/2020,Male,disabled,Private,JSS,JSS1,JSS1,lga,Odigbo,South West,Ondo,Odigbo,,,22,0,28,47,19,0.7857,0.4681,1.1579
2019/2020,Male,disabled,Private,JSS,JSS1,JSS1,lga,Ondo East,South West,Ondo,Ondo East,,,20,0,20,36,14,1.0,0.5556,1.4286
2019/2020,Male,disabled,Private,JSS,JSS1,JSS1,lga,Ondo West,South West,Ondo,Ondo West,,,22,0,32,46,17,0.6875,0.4783,1.2941
2019/2020,Male,disabled,Private,JSS,JSS2,,lga,Akure North,South West,Ondo,Akure North,,,18,0,28,39,14,0.6429,0.4615,1.2857
2019/2020,Male,disabled,Private,JSS,JSS2,,lga,Akure South,South West,Ondo,Akure South,,,14,0,24,34,12,0.5833,0.4118,1.1667
2019/2020,Male,disabled,Private,JSS,JSS2,,lga,Odigbo,South West,Ondo,Odigbo,,,16,0,28,40,16,0.5714,0.4,1.0
2019/2020,Male,disabled,Private,JSS,JSS2,,lga,Ondo East,South West,Ondo,Ondo East,,,14,0,20,30,10,0.7,0.4667,1.4
2019/2020,Male,disabled,Private,JSS,JSS2,,lga,Ondo West,South West,Ondo,Ondo West,,,18,0,28,39,16,0.6429,0.4615,1.125
2019/2020,Male,disabled,Private,JSS,JSS3,,lga,Akure North,South West,Ondo,Akure North,,,14,0,28,33,13,0.5,0.4242,1.0769
2019/2020,Male,disabled,Private,JSS,JSS3,,lga,Akure South,South West,Ondo,Akure South,,,12,0,24,28,10,0.5,0.4286,1.2
2019/2020,Male,disabled,Private,JSS,JSS3,,lga,Odigbo,South West,Ondo,Odigbo,,,14,0,32,33,11,0.4375,0.4242,1.2727
2019/2020,Male,disabled,Private,JSS,JSS3,,lga,Ondo East,South West,Ondo,Ondo East,,,12,0,20,26,8,0.6,0.4615,1.5
2019/2020,Male,disabled,Private,JSS,JSS3,,lga,Ondo West,South West,Ondo,Ondo West,,,14,0,28,33,12,0.5,0.4242,1.1667
2019/2020,Male,disabled,Private,Pre-Primary/Primary,Primary 1,Primary 1,lga,Akure North,South West,Ondo,Akure North,,,96,0,56,166,72,1.7143,0.5783,1.3333
2019/2020,Male,disabled,Private,Pre-Primary/Primary,Primary 1,Primary 1,lga,Akure South,South West,Ondo,Akure South,,,84,0,52,148,62,1.6154,0.5676,1.3548
2019/2020,Male,disabled,Private,Pre-Primary/Primary,Primary 1,Primary 1,lga,Odigbo,South West,Ondo,Odigbo,,,76,0,44,129,56,1.7273,0.5891,1.3571
2019/2020,Male,disabled,Private,Pre-Primary/Primary,Primary 1,Primary 1,lga,Ondo East,South West,Ondo,Ondo East,,,71,0,44,125,52,1.6136,0.568,1.3654
2019/2020,Male,disabled,Private,Pre-Primary/Primary,Primary 1,Primary 1,lga,Ondo West,South West,Ondo,Ondo West,,,97,0,52,145,61,1.8654,0.669,1.5902
2019/2020,Male,disabled,Private,Pre-Primary/Primary,Primary 2,,lga,Akure North,South West,Ondo,Akure North,,,84,0,56,148,62,1.5,0.5676,1.3548
2019/2020,Male,disabled,Private,Pre-Primary/Primary,Primary 2,,lga,Akure South,South West,Ondo,Akure South,,,72,0,48,133,57,1.5,0.5414,1.2632
2019/2020,Male,disabled,Private,Pre-Primary/Primary,Primary 2,,lga,Odigbo,South West,Ondo,Odigbo,,,67,0,44,115,48,1.5227,0.5826,1.3958
2019/2020,Male,disabled,Private,Pre-Primary/Primary,Primary 2,,lga,Ondo East,South West,Ondo,Ondo East,,,63,0,44,113,47,1.4318,0.5575,1.3404
2019/2020,Male,disabled,Private,Pre-Primary/Primary,Primary 2,,lga,Ondo West,South West,Ondo,Ondo West,,,86,0,44,128,54,1.9545,0.6719,1.5926
2019/2020,Male,disabled,Private,Pre-Primary/Primary,Primary 3,,lga,Akure North,South West,Ondo,Akure North,,,77,0,60,134,56,1.2833,0.5746,1.375
2019/2020,Male,disabled,Private,Pre-Primary/Primary,Primary 3,,lga,Akure South,South West,Ondo,Akure South,,,66,0,52,120,53,1.2692,0.55,1.2453
2019/2020,Male,disabled,Private,Pre-Primary/Primary,Primary 3,,lga,Odigbo,South West,Ondo,Odigbo,,,60,0,44,103,43,1.3636,0.5825,1.3953
2019/2020,Male,disabled,Private,Pre-Primary/Primary,Primary 3,,lga,Ondo East,South West,Ondo,Ondo East,,,56,0,40,102,44,1.4,0.549,1.2727
2019/2020,Male,disabled,Private,Pre-Primary/Primary,Primary 3,,lga,Ondo West,South West,Ondo,Ondo West,,,78,0,44,116,49,1.7727,0.6724,1.5918
2019/2020,Male,disabled,Private,Pre-Primary/Primary,Primary 4,,lga,Akure North,South West,Ondo,Akure North,,,70,0,60,123,52,1.1667,0.5691,1.3462
2019/2020,Male,disabled,Private,Pre-Primary/Primary,Primary 4,,lga,Akure South,South West,Ondo,Akure South,,,60,0,48,111,47,1.25,0.5405,1.2766
2019/2020,Male,disabled,Private,Pre-Primary/Primary,Primary 4,,lga,Odigbo,South West,Ondo,Odigbo,,,56,0,44,96,40,1.2727,0.5833,1.4
2019/2020,Male,disabled,Private,Pre-Primary/Primary,Primary 4,,lga,Ondo East,South West,Ondo,Ondo East,,,50,0,44,93,40,1.1364,0.5376,1.25
2019/2020,Male,disabled,Private,Pre-Primary/Primary,Primary 4,,lga,Ondo West,South West,Ondo,Ondo West,,,69,0,56,106,45,1.2321,0.6509,1.5333
2019/2020,Male,disabled,Private,Pre-Primary/Primary,Primary 5,,lga,Akure North,South West,Ondo,Akure North,,,67,0,56,115,49,1.1964,0.5826,1.3673
2019/2020,Male,disabled,Private,Pre-Primary/Primary,Primary 5,,lga,Akure South,South West,Ondo,Akure South,,,56,0,48,103,44,1.1667,0.5437,1.2727
2019/2020,Male,disabled,Private,Pre-Primary/Primary,Primary 5,,lga,Odigbo,South West,Ondo,Odigbo,,,53,0,44,90,37,1.2045,0.5889,1.4324
2019/2020,Male,disabled,Private,Pre-Primary/Primary,Primary 5,,lga,Ondo East,South West,Ondo,Ondo East,,,47,0,40,87,35,1.175,0.5402,1.3429
2019/2020,Male,disabled,Private,Pre-Primary/Primary,Primary 5,,lga,Ondo West,South West,Ondo,Ondo West,,,65,0,44,101,42,1.4773,0.6436,1.5476
2019/2020,Male,disabled,Private,Pre-Primary/Primary,Primary 6,,lga,Akure North,South West,Ondo,Akure North,,,61,0,60,106,45,1.0167,0.5755,1.3556
2019/2020,Male,disabled,Private,Pre-Primary/Primary,Primary 6,,lga,Akure South,South West,Ondo,Akure South,,,52,0,48,94,39,1.0833,0.5532,1.3333
2019/2020,Male,disabled,Private,Pre-Primary/Primary,Primary 6,,lga,Odigbo,South West,Ondo,Odigbo,,,47,0,44,82,34,1.0682,0.5732,1.3824
2019/2020,Male,disabled,Private,Pre-Primary/Primary,Primary 6,,lga,Ondo East,South West,Ondo,Ondo East,,,43,0,36,81,34,1.1944,0.5309,1.2647
2019/2020,Male,disabled,Private,Pre-Primary/Primary,Primary 6,,lga,Ondo West,South West,Ondo,Ondo West,,,61,0,44,92,38,1.3864,0.663,1.6053
2019/2020,Male,disabled,Private,SSS,SSS1,SSS1,lga,Akure North,South West,Ondo,Akure North,,,16,0,28,46,18,0.5714,0.3478,0.8889
2019/2020,Male,disabled,Private,SSS,SSS1,SSS1,lga,Akure South,South West,Ondo,Akure South,,,19,0,28,46,20,0.6786,0.413,0.95
2019/2020,Male,disabled,Private,SSS,SSS1,SSS1,lga,Odigbo,South West,Ondo,Odigbo,,,19,0,32,45,19,0.5938,0.4222,1.0
2019/2020,Male,disabled,Private,SSS,SSS1,SSS1,lga,Ondo East,South West,Ondo,Ondo East,,,16,0,32,45,18,0.5,0.3556,0.8889
2019/2020,Male,disabled,Private,SSS,SSS1,SSS1,lga,Ondo West,South West,Ondo,Ondo West,,,15,0,36,45,18,0.4167,0.3333,0.8333
2019/2020,Male,disabled,Private,SSS,SSS2,,lga,Akure North,South West,Ondo,Akure North,,,15,0,28,39,15,0.5357,0.3846,1.0
2019/2020,Male,disabled,Private,SSS,SSS2,,lga,Akure South,South West,Ondo,Akure South,,,17,0,28,38,14,0.6071,0.4474,1.2143
2019/2020,Male,disabled,Private,SSS,SSS2,,lga,Odigbo,South West,Ondo,Odigbo,,,17,0,28,39,14,0.6071,0.4359,1.2143
2019/2020,Male,disabled,Private,SSS,SSS2,,lga,Ondo East,South West,Ondo,Ondo East,,,14,0,32,35,13,0.4375,0.4,1.0769
2019/2020,Male,disabled,Private,SSS,SSS2,,lga,Ondo West,South West,Ondo,Ondo West,,,13,0,32,38,14,0.4062,0.3421,0.9286
2019/2020,Male,disabled,Private,SSS,SSS3,,lga,Akure North,South West,Ondo,Akure North,,,8,0,36,31,11,0.2222,0.2581,0.7273
2019/2020,Male,disabled,Private,SSS,SSS3,,lga,Akure South,South West,Ondo,Akure South,,,11,0,28,32,12,0.3929,0.3438,0.9167
2019/2020,Male,disabled,Private,SSS,SSS3,,lga,Odigbo,South West,Ondo,Odigbo,,,12,0,32,31,12,0.375,0.3871,1.0
2019/2020,Male,disabled,Private,SSS,SSS3,,lga,Ondo East,South West,Ondo,Ondo East,,,8,0,32,30,10,0.25,0.2667,0.8
2019/2020,Male,disabled,Private,SSS,SSS3,,lga,Ondo West,South West,Ondo,Ondo West,,,11,0,32,31,11,0.3438,0.3548,1.0
2019/2020,Male,disabled,Private,Vocational,Vocational Year 1,,lga,Akure North,South West,Ondo,Akure North,,,1,0,16,12,0,0.0625,0.0833,0.0
2019/2020,Male,disabled,Private,Vocational,Vocational Year 1,,lga,Akure South,South West,Ondo,Akure South,,,2,0,16,13,1,0.125,0.1538,2.0
2019/2020,Male,disabled,Private,Vocational,Vocational Year 1,,lga,Odigbo,South West,Ondo,Odigbo,,,3,0,16,12,0,0.1875,0.25,0.0
2019/2020,Male,disabled,Private,Vocational,Vocational Year 1,,lga,Ondo East,South West,Ondo,Ondo East,,,2,0,16,12,0,0.125,0.1667,0.0
2019/2020,Male,disabled,Private,Vocational,Vocational Year 1,,lga,Ondo West,South West,Ondo,Ondo West,,,1,0,16,13,1,0.0625,0.0769,1.0
2019/2020,Male,disabled,Private,Vocational,Vocational Year 2,,lga,Akure North,South West,Ondo,Akure North,,,1,0,16,12,0,0.0625,0.0833,0.0
2019/2020,Male,disabled,Private,Vocational,Vocational Year 2,,lga,Akure South,South West,Ondo,Akure South,,,1,0,16,12,0,0.0625,0.0833,0.0
2019/2020,Male,disabled,Private,Vocational,Vocational Year 2,,lga,Odigbo,South West,Ondo,Odigbo,,,1,0,16,12,0,0.0625,0.0833,0.0
2019/2020,Male,disabled,Private,Vocational,Vocational Year 2,,lga,Ondo East,South West,Ondo,Ondo East,,,1,0,16,12,0,0.0625,0.0833,0.0
2019/2020,Male,disabled,Private,Vocational,Vocational Year 2,,lga,Ondo West,South West,Ondo,Ondo West,,,1,0,16,12,0,0.0625,0.0833,0.0
2019/2020,Male,disabled,Private,Vocational,Vocational Year 3,,lga,Akure North,South West,Ondo,Akure North,,,0,0,16,12,0,0.0,0.0,0.0
2019/2020,Male,disabled,Private,Vocational,Vocational Year 3,,lga,Akure South,South West,Ondo,Akure South,,,0,0,16,12,0,0.0,0.0,0.0
2019/2020,Male,disabled,Private,Vocational,Vocational Year 3,,lga,Odigbo,South West,Ondo,Odigbo,,,0,0,24,12,0,0.0,0.0,0.0
2019/2020,Male,disabled,Private,Vocational,Vocational Year 3,,lga,Ondo East,South West,Ondo,Ondo East,,,0,0,16,12,0,0.0,0.0,0.0
2019/2020,Male,disabled,Private,Vocational,Vocational Year 3,,lga,Ondo West,South West,Ondo,Ondo West,,,1,0,16,12,0,0.0625,0.0833,0.0
2019/2020,Male,disabled,Public,Adult & Non-Formal,IQS/IQTS Stage 1,,lga,Akure North,South West,Ondo,Akure North,,,14,0,24,51,21,0.5833,0.2745,0.6667
2019/2020,Male,disabled,Public,Adult & Non-Formal,IQS/IQTS Stage 1,,lga,Akure South,South West,Ondo,Akure South,,,13,0,20,50,20,0.65,0.26,0.65
2019/2020,Male,disabled,Public,Adult & Non-Formal,IQS/IQTS Stage 1,,lga,Odigbo,South West,Ondo,Odigbo,,,15,0,24,50,21,0.625,0.3,0.7143
2019/2020,Male,disabled,Public,Adult & Non-Formal,IQS/IQTS Stage 1,,lga,Ondo East,South West,Ondo,Ondo East,,,13,0,20,48,20,0.65,0.2708,0.65
2019/2020,Male,disabled,Public,Adult & Non-Formal,IQS/IQTS Stage 1,,lga,Ondo West,South West,Ondo,Ondo West,,,15,0,20,51,20,0.75,0.2941,0.75
2019/2020,Male,disabled,Public,Adult & Non-Formal,IQS/IQTS Stage 2,,lga,Akure North,South West,Ondo,Akure North,,,11,0,24,42,16,0.4583,0.2619,0.6875
2019/2020,Male,disabled,Public,Adult & Non-Formal,IQS/IQTS Stage 2,,lga,Akure South,South West,Ondo,Akure South,,,11,0,20,38,15,0.55,0.2895,0.7333
2019/2020,Male,disabled,Public,Adult & Non-Formal,IQS/IQTS Stage 2,,lga,Odigbo,South West,Ondo,Odigbo,,,12,0,24,41,15,0.5,0.2927,0.8
2019/2020,Male,disabled,Public,Adult & Non-Formal,IQS/IQTS Stage 2,,lga,Ondo East,South West,Ondo,Ondo East,,,10,0,20,37,15,0.5,0.2703,0.6667
2019/2020,Male,disabled,Public,Adult & Non-Formal,IQS/IQTS Stage 2,,lga,Ondo West,South West,Ondo,Ondo West,,,11,0,20,41,16,0.55,0.2683,0.6875
2019/2020,Male,disabled,Public,Adult & Non-Formal,IQS/IQTS Stage 3,,lga,Akure North,South West,Ondo,Akure North,,,6,0,24,26,8,0.25,0.2308,0.75
2019/2020,Male,disabled,Public,Adult & Non-Formal,IQS/IQTS Stage 3,,lga,Akure South,South West,Ondo,Akure South,,,7,0,16,23,7,0.4375,0.3043,1.0
2019/2020,Male,disabled,Public,Adult & Non-Formal,IQS/IQTS Stage 3,,lga,Odigbo,South West,Ondo,Odigbo,,,6,0,24,26,8,0.25,0.2308,0.75
2019/2020,Male,disabled,Public,Adult & Non-Formal,IQS/IQTS Stage 3,,lga,Ondo East,South West,Ondo,Ondo East,,,6,0,20,22,7,0.3,0.2727,0.8571
2019/2020,Male,disabled,Public,Adult & Non-Formal,IQS/IQTS Stage 3,,lga,Ondo West,South West,Ondo,Ondo West,,,6,0,24,25,9,0.25,0.24,0.6667
2019/2020,Male,disabled,Public,JSS,JSS1,JSS1,lga,Akure North,South West,Ondo,Akure North,,,62,0,80,124,53,0.775,0.5,1.1698
2019/2020,Male,disabled,Public,JSS,JSS1,JSS1,lga,Akure South,South West,Ondo,Akure South,,,72,0,80,124,53,0.9,0.5806,1.3585
2019/2020,Male,disabled,Public,JSS,JSS1,JSS1,lga,Odigbo,South West,Ondo,Odigbo,,,66,0,76,116,50,0.8684,0.569,1.32
2019/2020,Male,disabled,Public,JSS,JSS1,JSS1,lga,Ondo East,South West,Ondo,Ondo East,,,62,0,80,122,51,0.775,0.5082,1.2157
2019/2020,Male,disabled,Public,JSS,JSS1,JSS1,lga,Ondo West,South West,Ondo,Ondo West,,,62,0,80,119,49,0.775,0.521,1.2653
2019/2020,Male,disabled,Public,JSS,JSS2,,lga,Akure North,South West,Ondo,Akure North,,,51,0,80,103,42,0.6375,0.4951,1.2143
2019/2020,Male,disabled,Public,JSS,JSS2,,lga,Akure South,South West,Ondo,Akure South,,,59,0,84,104,44,0.7024,0.5673,1.3409
2019/2020,Male,disabled,Public,JSS,JSS2,,lga,Odigbo,South West,Ondo,Odigbo,,,53,0,76,96,39,0.6974,0.5521,1.359
2019/2020,Male,disabled,Public,JSS,JSS2,,lga,Ondo East,South West,Ondo,Ondo East,,,49,0,76,102,42,0.6447,0.4804,1.1667
2019/2020,Male,disabled,Public,JSS,JSS2,,lga,Ondo West,South West,Ondo,Ondo West,,,51,0,80,98,41,0.6375,0.5204,1.2439
2019/2020,Male,disabled,Public,JSS,JSS3,,lga,Akure North,South West,Ondo,Akure North,,,42,0,76,83,35,0.5526,0.506,1.2
2019/2020,Male,disabled,Public,JSS,JSS3,,lga,Akure South,South West,Ondo,Akure South,,,47,0,84,85,34,0.5595,0.5529,1.3824
2019/2020,Male,disabled,Public,JSS,JSS3,,lga,Odigbo,South West,Ondo,Odigbo,,,44,0,76,78,32,0.5789,0.5641,1.375
2019/2020,Male,disabled,Public,JSS,JSS3,,lga,Ondo East,South West,Ondo,Ondo East,,,42,0,80,82,34,0.525,0.5122,1.2353
2019/2020,Male,disabled,Public,JSS,JSS3,,lga,Ondo West,South West,Ondo,Ondo West,,,41,0,76,79,32,0.5395,0.519,1.2812
2019/2020,Male,disabled,Public,Pre-Primary/Primary,Primary 1,Primary 1,lga,Akure North,South West,Ondo,Akure North,,,281,0,156,473,211,1.8013,0.5941,1.3318
2019/2020,Male,disabled,Public,Pre-Primary/Primary,Primary 1,Primary 1,lga,Akure South,South West,Ondo,Akure South,,,299,0,160,474,210,1.8688,0.6308,1.4238
2019/2020,Male,disabled,Public,Pre-Primary/Primary,Primary 1,Primary 1,lga,Odigbo,South West,Ondo,Odigbo,,,312,0,180,494,219,1.7333,0.6316,1.4247
2019/2020,Male,disabled,Public,Pre-Primary/Primary,Primary 1,Primary 1,lga,Ondo East,South West,Ondo,Ondo East,,,282,0,160,473,209,1.7625,0.5962,1.3493
2019/2020,Male,disabled,Public,Pre-Primary/Primary,Primary 1,Primary 1,lga,Ondo West,South West,Ondo,Ondo West,,,261,0,168,476,212,1.5536,0.5483,1.2311
2019/2020,Male,disabled,Public,Pre-Primary/Primary,Primary 2,,lga,Akure North,South West,Ondo,Akure North,,,251,0,156,423,189,1.609,0.5934,1.328
2019/2020,Male,disabled,Public,Pre-Primary/Primary,Primary 2,,lga,Akure South,South West,Ondo,Akure South,,,266,0,156,420,187,1.7051,0.6333,1.4225
2019/2020,Male,disabled,Public,Pre-Primary/Primary,Primary 2,,lga,Odigbo,South West,Ondo,Odigbo,,,277,0,172,436,195,1.6105,0.6353,1.4205
2019/2020,Male,disabled,Public,Pre-Primary/Primary,Primary 2,,lga,Ondo East,South West,Ondo,Ondo East,,,250,0,168,418,187,1.4881,0.5981,1.3369
2019/2020,Male,disabled,Public,Pre-Primary/Primary,Primary 2,,lga,Ondo West,South West,Ondo,Ondo West,,,231,0,160,424,188,1.4438,0.5448,1.2287
2019/2020,Male,disabled,Public,Pre-Primary/Primary,Primary 3,,lga,Akure North,South West,Ondo,Akure North,,,225,0,156,379,170,1.4423,0.5937,1.3235
2019/2020,Male,disabled,Public,Pre-Primary/Primary,Primary 3,,lga,Akure South,South West,Ondo,Akure South,,,238,0,160,378,169,1.4875,0.6296,1.4083
2019/2020,Male,disabled,Public,Pre-Primary/Primary,Primary 3,,lga,Odigbo,South West,Ondo,Odigbo,,,248,0,168,394,176,1.4762,0.6294,1.4091
2019/2020,Male,disabled,Public,Pre-Primary/Primary,Primary 3,,lga,Ondo East,South West,Ondo,Ondo East,,,224,0,160,375,167,1.4,0.5973,1.3413
2019/2020,Male,disabled,Public,Pre-Primary/Primary,Primary 3,,lga,Ondo West,South West,Ondo,Ondo West,,,207,0,160,380,170,1.2938,0.5447,1.2176
2019/2020,Male,disabled,Public,Pre-Primary/Primary,Primary 4,,lga,Akure North,South West,Ondo,Akure North,,,205,0,164,345,153,1.25,0.5942,1.3399
2019/2020,Male,disabled,Public,Pre-Primary/Primary,Primary 4,,lga,Akure South,South West,Ondo,Akure South,,,217,0,164,344,153,1.3232,0.6308,1.4183
2019/2020,Male,disabled,Public,Pre-Primary/Primary,Primary 4,,lga,Odigbo,South West,Ondo,Odigbo,,,226,0,156,362,162,1.4487,0.6243,1.3951
2019/2020,Male,disabled,Public,Pre-Primary/Primary,Primary 4,,lga,Ondo East,South West,Ondo,Ondo East,,,203,0,160,344,153,1.2688,0.5901,1.3268
2019/2020,Male,disabled,Public,Pre-Primary/Primary,Primary 4,,lga,Ondo West,South West,Ondo,Ondo West,,,189,0,168,346,153,1.125,0.5462,1.2353
2019/2020,Male,disabled,Public,Pre-Primary/Primary,Primary 5,,lga,Akure North,South West,Ondo,Akure North,,,192,0,160,323,143,1.2,0.5944,1.3427
2019/2020,Male,disabled,Public,Pre-Primary/Primary,Primary 5,,lga,Akure South,South West,Ondo,Akure South,,,204,0,168,323,144,1.2143,0.6316,1.4167
2019/2020,Male,disabled,Public,Pre-Primary/Primary,Primary 5,,lga,Odigbo,South West,Ondo,Odigbo,,,211,0,168,339,151,1.256,0.6224,1.3974
2019/2020,Male,disabled,Public,Pre-Primary/Primary,Primary 5,,lga,Ondo East,South West,Ondo,Ondo East,,,192,0,160,322,143,1.2,0.5963,1.3427
2019/2020,Male,disabled,Public,Pre-Primary/Primary,Primary 5,,lga,Ondo West,South West,Ondo,Ondo West,,,178,0,156,324,143,1.141,0.5494,1.2448
2019/2020,Male,disabled,Public,Pre-Primary/Primary,Primary 6,,lga,Akure North,South West,Ondo,Akure North,,,174,0,156,292,129,1.1154,0.5959,1.3488
2019/2020,Male,disabled,Public,Pre-Primary/Primary,Primary 6,,lga,Akure South,South West,Ondo,Akure South,,,185,0,168,294,130,1.1012,0.6293,1.4231
2019/2020,Male,disabled,Public,Pre-Primary/Primary,Primary 6,,lga,Odigbo,South West,Ondo,Odigbo,,,192,0,172,304,136,1.1163,0.6316,1.4118
2019/2020,Male,disabled,Public,Pre-Primary/Primary,Primary 6,,lga,Ondo East,South West,Ondo,Ondo East,,,175,0,160,293,131,1.0938,0.5973,1.3359
2019/2020,Male,disabled,Public,Pre-Primary/Primary,Primary 6,,lga,Ondo West,South West,Ondo,Ondo West,,,161,0,156,294,129,1.0321,0.5476,1.2481
2019/2020,Male,disabled,Public,SSS,SSS1,SSS1,lga,Akure North,South West,Ondo,Akure North,,,29,0,64,90,39,0.4531,0.3222,0.7436
2019/2020,Male,disabled,Public,SSS,SSS1,SSS1,lga,Akure South,South West,Ondo,Akure South,,,31,0,60,86,35,0.5167,0.3605,0.8857
2019/2020,Male,disabled,Public,SSS,SSS1,SSS1,lga,Odigbo,South West,Ondo,Odigbo,,,31,0,64,86,35,0.4844,0.3605,0.8857
2019/2020,Male,disabled,Public,SSS,SSS1,SSS1,lga,Ondo East,South West,Ondo,Ondo East,,,33,0,56,83,34,0.5893,0.3976,0.9706
2019/2020,Male,disabled,Public,SSS,SSS1,SSS1,lga,Ondo West,South West,Ondo,Ondo West,,,30,0,64,88,35,0.4688,0.3409,0.8571
2019/2020,Male,disabled,Public,SSS,SSS2,,lga,Akure North,South West,Ondo,Akure North,,,25,0,64,72,27,0.3906,0.3472,0.9259
2019/2020,Male,disabled,Public,SSS,SSS2,,lga,Akure South,South West,Ondo,Akure South,,,25,0,60,69,28,0.4167,0.3623,0.8929
2019/2020,Male,disabled,Public,SSS,SSS2,,lga,Odigbo,South West,Ondo,Odigbo,,,25,0,64,70,27,0.3906,0.3571,0.9259
2019/2020,Male,disabled,Public,SSS,SSS2,,lga,Ondo East,South West,Ondo,Ondo East,,,26,0,64,69,29,0.4062,0.3768,0.8966
2019/2020,Male,disabled,Public,SSS,SSS2,,lga,Ondo West,South West,Ondo,Ondo West,,,25,0,64,71,31,0.3906,0.3521,0.8065
2019/2020,Male,disabled,Public,SSS,SSS3,,lga,Akure North,South West,Ondo,Akure North,,,19,0,64,58,25,0.2969,0.3276,0.76
2019/2020,Male,disabled,Public,SSS,SSS3,,lga,Akure South,South West,Ondo,Akure South,,,21,0,64,55,22,0.3281,0.3818,0.9545
2019/2020,Male,disabled,Public,SSS,SSS3,,lga,Odigbo,South West,Ondo,Odigbo,,,23,0,64,57,23,0.3594,0.4035,1.0
2019/2020,Male,disabled,Public,SSS,SSS3,,lga,Ondo East,South West,Ondo,Ondo East,,,22,0,60,54,22,0.3667,0.4074,1.0
2019/2020,Male,disabled,Public,SSS,SSS3,,lga,Ondo West,South West,Ondo,Ondo West,,,18,0,64,56,23,0.2812,0.3214,0.7826
2019/2020,Male,disabled,Public,Vocational,Vocational Year 1,,lga,Akure North,South West,Ondo,Akure North,,,3,0,24,14,2,0.125,0.2143,1.5
2019/2020,Male,disabled,Public,Vocational,Vocational Year 1,,lga,Akure South,South West,Ondo,Akure South,,,3,0,24,14,2,0.125,0.2143,1.5
2019/2020,Male,disabled,Public,Vocational,Vocational Year 1,,lga,Odigbo,South West,Ondo,Odigbo,,,3,0,24,14,2,0.125,0.2143,1.5
2019/2020,Male,disabled,Public,Vocational,Vocational Year 1,,lga,Ondo East,South West,Ondo,Ondo East,,,2,0,20,14,2,0.1,0.1429,1.0
2019/2020,Male,disabled,Public,Vocational,Vocational Year 1,,lga,Ondo West,South West,Ondo,Ondo West,,,2,0,20,13,1,0.1,0.1538,2.0
2019/2020,Male,disabled,Public,Vocational,Vocational Year 2,,lga,Akure North,South West,Ondo,Akure North,,,3,0,24,13,1,0.125,0.2308,3.0
2019/2020,Male,disabled,Public,Vocational,Vocational Year 2,,lga,Akure South,South West,Ondo,Akure South,,,3,0,24,13,1,0.125,0.2308,3.0
2019/2020,Male,disabled,Public,Vocational,Vocational Year 2,,lga,Odigbo,South West,Ondo,Odigbo,,,3,0,24,12,0,0.125,0.25,0.0
2019/2020,Male,disabled,Public,Vocational,Vocational Year 2,,lga,Ondo East,South West,Ondo,Ondo East,,,2,0,20,13,1,0.1,0.1538,2.0
2019/2020,Male,disabled,Public,Vocational,Vocational Year 2,,lga,Ondo West,South West,Ondo,Ondo West,,,2,0,20,13,1,0.1,0.1538,2.0
2019/2020,Male,disabled,Public,Vocational,Vocational Year 3,,lga,Akure North,South West,Ondo,Akure North,,,2,0,28,12,0,0.0714,0.1667,0.0
2019/2020,Male,disabled,Public,Vocational,Vocational Year 3,,lga,Akure South,South West,Ondo,Akure South,,,0,0,20,12,0,0.0,0.0,0.0
2019/2020,Male,disabled,Public,Vocational,Vocational Year 3,,lga,Odigbo,South West,Ondo,Odigbo,,,0,0,20,12,0,0.0,0.0,0.0
2019/2020,Male,disabled,Public,Vocational,Vocational Year 3,,lga,Ondo East,South West,Ondo,Ondo East,,,2,0,20,12,0,0.1,0.1667,0.0
2019/2020,Male,disabled,Public,Vocational,Vocational Year 3,,lga,Ondo West,South West,Ondo,Ondo West,,,1,0,24,12,0,0.0417,0.0833,0.0
2020/2021,Female,all,Private,Adult & Non-Formal,IQS/IQTS Stage 1,,lga,Akure North,South West,Ondo,Akure North,,,298,0,12,34,12,24.8333,8.7647,24.8333
2020/2021,Female,all,Private,Adult & Non-Formal,IQS/IQTS Stage 1,,lga,Akure South,South West,Ondo,Akure South,,,332,0,16,39,15,20.75,8.5128,22.1333
2020/2021,Female,all,Private,Adult & Non-Formal,IQS/IQTS Stage 1,,lga,Odigbo,South West,Ondo,Odigbo,,,329,0,12,37,13,27.4167,8.8919,25.3077
2020/2021,Female,all,Private,Adult & Non-Formal,IQS/IQTS Stage 1,,lga,Ondo East,South West,Ondo,Ondo East,,,317,0,12,35,13,26.4167,9.0571,24.3846
2020/2021,Female,all,Private,Adult & Non-Formal,IQS/IQTS Stage 1,,lga,Ondo West,South West,Ondo,Ondo West,,,309,0,16,35,13,19.3125,8.8286,23.7692
2020/2021,Female,all,Private,Adult & Non-Formal,IQS/IQTS Stage 2,,lga,Akure North,South West,Ondo,Akure North,,,232,0,12,29,10,19.3333,8.0,23.2
2020/2021,Female,all,Private,Adult & Non-Formal,IQS/IQTS Stage 2,,lga,Akure South,South West,Ondo,Akure South,,,257,0,16,31,11,16.0625,8.2903,23.3636
2020/2021,Female,all,Private,Adult & Non-Formal,IQS/IQTS Stage 2,,lga,Odigbo,South West,Ondo,Odigbo,,,257,0,12,31,11,21.4167,8.2903,23.3636
2020/2021,Female,all,Private,Adult & Non-Formal,IQS/IQTS Stage 2,,lga,Ondo East,South West,Ondo,Ondo East,,,247,0,12,28,9,20.5833,8.8214,27.4444
2020/2021,Female,all,Private,Adult & Non-Formal,IQS/IQTS Stage 2,,lga,Ondo West,South West,Ondo,Ondo West,,,239,0,16,29,10,14.9375,8.2414,23.9
2020/2021,Female,all,Private,Adult & Non-Formal,IQS/IQTS Stage 3,,lga,Akure North,South West,Ondo,Akure North,,,127,0,12,17,5,10.5833,7.4706,25.4
2020/2021,Female,all,Private,Adult & Non-Formal,IQS/IQTS Stage 3,,lga,Akure South,South West,Ondo,Akure South,,,142,0,16,19,6,8.875,7.4737,23.6667
2020/2021,Female,all,Private,Adult & Non-Formal,IQS/IQTS Stage 3,,lga,Odigbo,South West,Ondo,Odigbo,,,141,0,12,19,5,11.75,7.4211,28.2
2020/2021,Female,all,Private,Adult & Non-Formal,IQS/IQTS Stage 3,,lga,Ondo East,South West,Ondo,Ondo East,,,136,0,12,19,5,11.3333,7.1579,27.2
2020/2021,Female,all,Private,Adult & Non-Formal,IQS/IQTS Stage 3,,lga,Ondo West,South West,Ondo,Ondo West,,,132,0,16,18,4,8.25,7.3333,33.0
2020/2021,Female,all,Private,JSS,JSS1,JSS1,lga,Akure North,South West,Ondo,Akure North,,,1119,0,32,50,20,34.9688,22.38,55.95
2020/2021,Female,all,Private,JSS,JSS1,JSS1,lga,Akure South,South West,Ondo,Akure South,,,1075,0,32,47,19,33.5938,22.8723,56.5789
2020/2021,Female,all,Private,JSS,JSS1,JSS1,lga,Odigbo,South West,Ondo,Odigbo,,,1007,0,24,45,18,41.9583,22.3778,55.9444
2020/2021,Female,all,Private,JSS,JSS1,JSS1,lga,Ondo East,South West,Ondo,Ondo East,,,964,0,28,44,17,34.4286,21.9091,56.7059
2020/2021,Female,all,Private,JSS,JSS1,JSS1,lga,Ondo West,South West,Ondo,Ondo West,,,952,0,24,44,18,39.6667,21.6364,52.8889
2020/2021,Female,all,Private,JSS,JSS2,,lga,Akure North,South West,Ondo,Akure North,,,921,0,32,41,17,28.7812,22.4634,54.1765
2020/2021,Female,all,Private,JSS,JSS2,,lga,Akure South,South West,Ondo,Akure South,,,879,0,32,39,15,27.4688,22.5385,58.6
2020/2021,Female,all,Private,JSS,JSS2,,lga,Odigbo,South West,Ondo,Odigbo,,,829,0,28,38,14,29.6071,21.8158,59.2143
2020/2021,Female,all,Private,JSS,JSS2,,lga,Ondo East,South West,Ondo,Ondo East,,,790,0,28,39,16,28.2143,20.2564,49.375
2020/2021,Female,all,Private,JSS,JSS2,,lga,Ondo West,South West,Ondo,Ondo West,,,781,0,28,38,14,27.8929,20.5526,55.7857
2020/2021,Female,all,Private,JSS,JSS3,,lga,Akure North,South West,Ondo,Akure North,,,728,0,32,34,12,22.75,21.4118,60.6667
2020/2021,Female,all,Private,JSS,JSS3,,lga,Akure South,South West,Ondo,Akure South,,,701,0,32,34,13,21.9062,20.6176,53.9231
2020/2021,Female,all,Private,JSS,JSS3,,lga,Odigbo,South West,Ondo,Odigbo,,,661,0,28,32,12,23.6071,20.6562,55.0833
2020/2021,Female,all,Private,JSS,JSS3,,lga,Ondo East,South West,Ondo,Ondo East,,,628,0,28,32,12,22.4286,19.625,52.3333
2020/2021,Female,all,Private,JSS,JSS3,,lga,Ondo West,South West,Ondo,Ondo West,,,622,0,28,31,12,22.2143,20.0645,51.8333
2020/2021,Female,all,Private,Pre-Primary/Primary,Primary 1,Primary 1,lga,Akure North,South West,Ondo,Akure North,,,2314,0,44,114,50,52.5909,20.2982,46.28
2020/2021,Female,all,Private,Pre-Primary/Primary,Primary 1,Primary 1,lga,Akure South,South West,Ondo,Akure South,,,2436,0,44,123,54,55.3636,19.8049,45.1111
2020/2021,Female,all,Private,Pre-Primary/Primary,Primary 1,Primary 1,lga,Odigbo,South West,Ondo,Odigbo,,,2660,0,48,134,59,55.4167,19.8507,45.0847
2020/2021,Female,all,Private,Pre-Primary/Primary,Primary 1,Primary 1,lga,Ondo East,South West,Ondo,Ondo East,,,2640,0,44,134,58,60.0,19.7015,45.5172
2020/2021,Female,all,Private,Pre-Primary/Primary,Primary 1,Primary 1,lga,Ondo West,South West,Ondo,Ondo West,,,2703,0,48,139,62,56.3125,19.446,43.5968
2020/2021,Female,all,Private,Pre-Primary/Primary,Primary 2,,lga,Akure North,South West,Ondo,Akure North,,,2053,0,44,102,44,46.6591,20.1275,46.6591
2020/2021,Female,all,Private,Pre-Primary/Primary,Primary 2,,lga,Akure South,South West,Ondo,Akure South,,,2163,0,44,110,50,49.1591,19.6636,43.26
2020/2021,Female,all,Private,Pre-Primary/Primary,Primary 2,,lga,Odigbo,South West,Ondo,Odigbo,,,2364,0,48,120,53,49.25,19.7,44.6038
2020/2021,Female,all,Private,Pre-Primary/Primary,Primary 2,,lga,Ondo East,South West,Ondo,Ondo East,,,2346,0,48,120,54,48.875,19.55,43.4444
2020/2021,Female,all,Private,Pre-Primary/Primary,Primary 2,,lga,Ondo West,South West,Ondo,Ondo West,,,2396,0,48,124,55,49.9167,19.3226,43.5636
2020/2021,Female,all,Private,Pre-Primary/Primary,Primary 3,,lga,Akure North,South West,Ondo,Akure North,,,1845,0,40,94,42,46.125,19.6277,43.9286
2020/2021,Female,all,Private,Pre-Primary/Primary,Primary 3,,lga,Akure South,South West,Ondo,Akure South,,,1947,0,44,98,42,44.25,19.8673,46.3571
2020/2021,Female,all,Private,Pre-Primary/Primary,Primary 3,,lga,Odigbo,South West,Ondo,Odigbo,,,2126,0,48,108,47,44.2917,19.6852,45.234
2020/2021,Female,all,Private,Pre-Primary/Primary,Primary 3,,lga,Ondo East,South West,Ondo,Ondo East,,,2107,0,52,108,47,40.5192,19.5093,44.8298
2020/2021,Female,all,Private,Pre-Primary/Primary,Primary 3,,lga,Ondo West,South West,Ondo,Ondo West,,,2156,0,48,112,48,44.9167,19.25,44.9167
2020/2021,Female,all,Private,Pre-Primary/Primary,Primary 4,,lga,Akure North,South West,Ondo,Akure North,,,1689,0,44,86,37,38.3864,19.6395,45.6486
2020/2021,Female,all,Private,Pre-Primary/Primary,Primary 4,,lga,Akure South,South West,Ondo,Akure South,,,1779,0,44,92,39,40.4318,19.337,45.6154
2020/2021,Female,all,Private,Pre-Primary/Primary,Primary 4,,lga,Odigbo,South West,Ondo,Odigbo,,,1941,0,48,98,41,40.4375,19.8061,47.3415
2020/2021,Female,all,Private,Pre-Primary/Primary,Primary 4,,lga,Ondo East,South West,Ondo,Ondo East,,,1925,0,48,100,44,40.1042,19.25,43.75
2020/2021,Female,all,Private,Pre-Primary/Primary,Primary 4,,lga,Ondo West,South West,Ondo,Ondo West,,,1970,0,52,102,45,37.8846,19.3137,43.7778
2020/2021,Female,all,Private,Pre-Primary/Primary,Primary 5,,lga,Akure North,South West,Ondo,Akure North,,,1579,0,40,80,35,39.475,19.7375,45.1143
2020/2021,Female,all,Private,Pre-Primary/Primary,Primary 5,,lga,Akure South,South West,Ondo,Akure South,,,1665,0,44,86,37,37.8409,19.3605,45.0
2020/2021,Female,all,Private,Pre-Primary/Primary,Primary 5,,lga,Odigbo,South West,Ondo,Odigbo,,,1817,0,48,93,39,37.8542,19.5376,46.5897
2020/2021,Female,all,Private,Pre-Primary/Primary,Primary 5,,lga,Ondo East,South West,Ondo,Ondo East,,,1805,0,48,93,40,37.6042,19.4086,45.125
2020/2021,Female,all,Private,Pre-Primary/Primary,Primary 5,,lga,Ondo West,South West,Ondo,Ondo West,,,1847,0,52,96,42,35.5192,19.2396,43.9762
2020/2021,Female,all,Private,Pre-Primary/Primary,Primary 6,,lga,Akure North,South West,Ondo,Akure North,,,1427,0,40,73,30,35.675,19.5479,47.5667
2020/2021,Female,all,Private,Pre-Primary/Primary,Primary 6,,lga,Akure South,South West,Ondo,Akure South,,,1505,0,44,79,33,34.2045,19.0506,45.6061
2020/2021,Female,all,Private,Pre-Primary/Primary,Primary 6,,lga,Odigbo,South West,Ondo,Odigbo,,,1644,0,48,84,36,34.25,19.5714,45.6667
2020/2021,Female,all,Private,Pre-Primary/Primary,Primary 6,,lga,Ondo East,South West,Ondo,Ondo East,,,1631,0,48,86,37,33.9792,18.9651,44.0811
2020/2021,Female,all,Private,Pre-Primary/Primary,Primary 6,,lga,Ondo West,South West,Ondo,Ondo West,,,1668,0,48,88,37,34.75,18.9545,45.0811
2020/2021,Female,all,Private,SSS,SSS1,SSS1,lga,Akure North,South West,Ondo,Akure North,,,915,3,36,48,19,25.4167,19.0625,48.1579
2020/2021,Female,all,Private,SSS,SSS1,SSS1,lga,Akure South,South West,Ondo,Akure South,,,970,3,36,51,21,26.9444,19.0196,46.1905
2020/2021,Female,all,Private,SSS,SSS1,SSS1,lga,Odigbo,South West,Ondo,Odigbo,,,805,3,28,42,18,28.75,19.1667,44.7222
2020/2021,Female,all,Private,SSS,SSS1,SSS1,lga,Ondo East,South West,Ondo,Ondo East,,,853,3,32,46,18,26.6562,18.5435,47.3889
2020/2021,Female,all,Private,SSS,SSS1,SSS1,lga,Ondo West,South West,Ondo,Ondo West,,,936,3,32,49,21,29.25,19.102,44.5714
2020/2021,Female,all,Private,SSS,SSS2,,lga,Akure North,South West,Ondo,Akure North,,,737,3,32,40,16,23.0312,18.425,46.0625
2020/2021,Female,all,Private,SSS,SSS2,,lga,Akure South,South West,Ondo,Akure South,,,780,3,32,41,16,24.375,19.0244,48.75
2020/2021,Female,all,Private,SSS,SSS2,,lga,Odigbo,South West,Ondo,Odigbo,,,647,3,24,35,12,26.9583,18.4857,53.9167
2020/2021,Female,all,Private,SSS,SSS2,,lga,Ondo East,South West,Ondo,Ondo East,,,686,3,28,38,15,24.5,18.0526,45.7333
2020/2021,Female,all,Private,SSS,SSS2,,lga,Ondo West,South West,Ondo,Ondo West,,,749,3,32,40,16,23.4062,18.725,46.8125
2020/2021,Female,all,Private,SSS,SSS3,,lga,Akure North,South West,Ondo,Akure North,,,571,3,36,33,12,15.8611,17.303,47.5833
2020/2021,Female,all,Private,SSS,SSS3,,lga,Akure South,South West,Ondo,Akure South,,,607,3,32,33,13,18.9688,18.3939,46.6923
2020/2021,Female,all,Private,SSS,SSS3,,lga,Odigbo,South West,Ondo,Odigbo,,,506,3,24,30,12,21.0833,16.8667,42.1667
2020/2021,Female,all,Private,SSS,SSS3,,lga,Ondo East,South West,Ondo,Ondo East,,,534,3,32,31,11,16.6875,17.2258,48.5455
2020/2021,Female,all,Private,SSS,SSS3,,lga,Ondo West,South West,Ondo,Ondo West,,,587,3,32,32,12,18.3438,18.3438,48.9167
2020/2021,Female,all,Private,Vocational,Vocational Year 1,,lga,Akure North,South West,Ondo,Akure North,,,38,0,16,12,0,2.375,3.1667,0.0
2020/2021,Female,all,Private,Vocational,Vocational Year 1,,lga,Akure South,South West,Ondo,Akure South,,,38,0,16,13,1,2.375,2.9231,38.0
2020/2021,Female,all,Private,Vocational,Vocational Year 1,,lga,Odigbo,South West,Ondo,Odigbo,,,33,0,12,12,0,2.75,2.75,0.0
2020/2021,Female,all,Private,Vocational,Vocational Year 1,,lga,Ondo East,South West,Ondo,Ondo East,,,34,0,16,13,1,2.125,2.6154,34.0
2020/2021,Female,all,Private,Vocational,Vocational Year 1,,lga,Ondo West,South West,Ondo,Ondo West,,,32,0,16,13,1,2.0,2.4615,32.0
2020/2021,Female,all,Private,Vocational,Vocational Year 2,,lga,Akure North,South West,Ondo,Akure North,,,32,0,20,12,0,1.6,2.6667,0.0
2020/2021,Female,all,Private,Vocational,Vocational Year 2,,lga,Akure South,South West,Ondo,Akure South,,,32,0,16,13,1,2.0,2.4615,32.0
2020/2021,Female,all,Private,Vocational,Vocational Year 2,,lga,Odigbo,South West,Ondo,Odigbo,,,27,0,12,12,0,2.25,2.25,0.0
2020/2021,Female,all,Private,Vocational,Vocational Year 2,,lga,Ondo East,South West,Ondo,Ondo East,,,28,0,16,12,0,1.75,2.3333,0.0
2020/2021,Female,all,Private,Vocational,Vocational Year 2,,lga,Ondo West,South West,Ondo,Ondo West,,,28,0,16,12,0,1.75,2.3333,0.0
2020/2021,Female,all,Private,Vocational,Vocational Year 3,,lga,Akure North,South West,Ondo,Akure North,,,25,0,20,12,0,1.25,2.0833,0.0
2020/2021,Female,all,Private,Vocational,Vocational Year 3,,lga,Akure South,South West,Ondo,Akure South,,,24,0,16,12,0,1.5,2.0,0.0
2020/2021,Female,all,Private,Vocational,Vocational Year 3,,lga,Odigbo,South West,Ondo,Odigbo,,,20,0,12,12,0,1.6667,1.6667,0.0
2020/2021,Female,all,Private,Vocational,Vocational Year 3,,lga,Ondo East,South West,Ondo,Ondo East,,,21,0,16,12,0,1.3125,1.75,0.0
2020/2021,Female,all,Private,Vocational,Vocational Year 3,,lga,Ondo West,South West,Ondo,Ondo West,,,21,0,16,12,0,1.3125,1.75,0.0
2020/2021,Female,all,Public,Adult & Non-Formal,IQS/IQTS Stage 1,,lga,Akure North,South West,Ondo,Akure North,,,537,0,20,57,24,26.85,9.4211,22.375
2020/2021,Female,all,Public,Adult & Non-Formal,IQS/IQTS Stage 1,,lga,Akure South,South West,Ondo,Akure South,,,432,0,20,49,20,21.6,8.8163,21.6
2020/2021,Female,all,Public,Adult & Non-Formal,IQS/IQTS Stage 1,,lga,Odigbo,South West,Ondo,Odigbo,,,467,0,24,51,21,19.4583,9.1569,22.2381
2020/2021,Female,all,Public,Adult & Non-Formal,IQS/IQTS Stage 1,,lga,Ondo East,South West,Ondo,Ondo East,,,448,0,20,47,20,22.4,9.5319,22.4
2020/2021,Female,all,Public,Adult & Non-Formal,IQS/IQTS Stage 1,,lga,Ondo West,South West,Ondo,Ondo West,,,477,0,16,51,21,29.8125,9.3529,22.7143
2020/2021,Female,all,Public,Adult & Non-Formal,IQS/IQTS Stage 2,,lga,Akure North,South West,Ondo,Akure North,,,418,0,24,44,17,17.4167,9.5,24.5882
2020/2021,Female,all,Public,Adult & Non-Formal,IQS/IQTS Stage 2,,lga,Akure South,South West,Ondo,Akure South,,,336,0,20,39,16,16.8,8.6154,21.0
2020/2021,Female,all,Public,Adult & Non-Formal,IQS/IQTS Stage 2,,lga,Odigbo,South West,Ondo,Odigbo,,,363,0,24,42,15,15.125,8.6429,24.2
2020/2021,Female,all,Public,Adult & Non-Formal,IQS/IQTS Stage 2,,lga,Ondo East,South West,Ondo,Ondo East,,,348,0,20,39,15,17.4,8.9231,23.2
2020/2021,Female,all,Public,Adult & Non-Formal,IQS/IQTS Stage 2,,lga,Ondo West,South West,Ondo,Ondo West,,,373,0,16,39,15,23.3125,9.5641,24.8667
2020/2021,Female,all,Public,Adult & Non-Formal,IQS/IQTS Stage 3,,lga,Akure North,South West,Ondo,Akure North,,,228,0,24,27,9,9.5,8.4444,25.3333
2020/2021,Female,all,Public,Adult & Non-Formal,IQS/IQTS Stage 3,,lga,Akure South,South West,Ondo,Akure South,,,185,0,20,23,7,9.25,8.0435,26.4286
2020/2021,Female,all,Public,Adult & Non-Formal,IQS/IQTS Stage 3,,lga,Odigbo,South West,Ondo,Odigbo,,,199,0,24,27,9,8.2917,7.3704,22.1111
2020/2021,Female,all,Public,Adult & Non-Formal,IQS/IQTS Stage 3,,lga,Ondo East,South West,Ondo,Ondo East,,,191,0,20,24,8,9.55,7.9583,23.875
2020/2021,Female,all,Public,Adult & Non-Formal,IQS/IQTS Stage 3,,lga,Ondo West,South West,Ondo,Ondo West,,,204,0,16,25,8,12.75,8.16,25.5
2020/2021,Female,all,Public,JSS,JSS1,JSS1,lga,Akure North,South West,Ondo,Akure North,,,3029,0,88,127,56,34.4205,23.8504,54.0893
2020/2021,Female,all,Public,JSS,JSS1,JSS1,lga,Akure South,South West,Ondo,Akure South,,,3026,0,84,124,55,36.0238,24.4032,55.0182
2020/2021,Female,all,Public,JSS,JSS1,JSS1,lga,Odigbo,South West,Ondo,Odigbo,,,2947,0,88,125,54,33.4886,23.576,54.5741
2020/2021,Female,all,Public,JSS,JSS1,JSS1,lga,Ondo East,South West,Ondo,Ondo East,,,2863,0,84,119,52,34.0833,24.0588,55.0577
2020/2021,Female,all,Public,JSS,JSS1,JSS1,lga,Ondo West,South West,Ondo,Ondo West,,,3028,0,88,127,55,34.4091,23.8425,55.0545
2020/2021,Female,all,Public,JSS,JSS2,,lga,Akure North,South West,Ondo,Akure North,,,2486,0,88,105,45,28.25,23.6762,55.2444
2020/2021,Female,all,Public,JSS,JSS2,,lga,Akure South,South West,Ondo,Akure South,,,2483,0,80,103,44,31.0375,24.1068,56.4318
2020/2021,Female,all,Public,JSS,JSS2,,lga,Odigbo,South West,Ondo,Odigbo,,,2416,0,80,104,44,30.2,23.2308,54.9091
2020/2021,Female,all,Public,JSS,JSS2,,lga,Ondo East,South West,Ondo,Ondo East,,,2347,0,80,99,43,29.3375,23.7071,54.5814
2020/2021,Female,all,Public,JSS,JSS2,,lga,Ondo West,South West,Ondo,Ondo West,,,2490,0,92,106,46,27.0652,23.4906,54.1304
2020/2021,Female,all,Public,JSS,JSS3,,lga,Akure North,South West,Ondo,Akure North,,,1982,0,88,86,36,22.5227,23.0465,55.0556
2020/2021,Female,all,Public,JSS,JSS3,,lga,Akure South,South West,Ondo,Akure South,,,1979,0,88,82,36,22.4886,24.1341,54.9722
2020/2021,Female,all,Public,JSS,JSS3,,lga,Odigbo,South West,Ondo,Odigbo,,,1927,0,80,83,35,24.0875,23.2169,55.0571
2020/2021,Female,all,Public,JSS,JSS3,,lga,Ondo East,South West,Ondo,Ondo East,,,1872,0,84,80,33,22.2857,23.4,56.7273
2020/2021,Female,all,Public,JSS,JSS3,,lga,Ondo West,South West,Ondo,Ondo West,,,1977,0,92,85,37,21.4891,23.2588,53.4324
2020/2021,Female,all,Public,Pre-Primary/Primary,Primary 1,Primary 1,lga,Akure North,South West,Ondo,Akure North,,,10189,0,188,500,230,54.1968,20.378,44.3
2020/2021,Female,all,Public,Pre-Primary/Primary,Primary 1,Primary 1,lga,Akure South,South West,Ondo,Akure South,,,9743,0,164,475,218,59.4085,20.5116,44.6927
2020/2021,Female,all,Public,Pre-Primary/Primary,Primary 1,Primary 1,lga,Odigbo,South West,Ondo,Odigbo,,,9383,0,164,466,214,57.2134,20.1352,43.8458
2020/2021,Female,all,Public,Pre-Primary/Primary,Primary 1,Primary 1,lga,Ondo East,South West,Ondo,Ondo East,,,8793,0,164,439,200,53.6159,20.0296,43.965
2020/2021,Female,all,Public,Pre-Primary/Primary,Primary 1,Primary 1,lga,Ondo West,South West,Ondo,Ondo West,,,9358,0,168,460,212,55.7024,20.3435,44.1415
2020/2021,Female,all,Public,Pre-Primary/Primary,Primary 2,,lga,Akure North,South West,Ondo,Akure North,,,9046,0,192,447,205,47.1146,20.2371,44.1268
2020/2021,Female,all,Public,Pre-Primary/Primary,Primary 2,,lga,Akure South,South West,Ondo,Akure South,,,8653,0,176,420,193,49.1648,20.6024,44.8342
2020/2021,Female,all,Public,Pre-Primary/Primary,Primary 2,,lga,Odigbo,South West,Ondo,Odigbo,,,8331,0,164,413,189,50.7988,20.1719,44.0794
2020/2021,Female,all,Public,Pre-Primary/Primary,Primary 2,,lga,Ondo East,South West,Ondo,Ondo East,,,7808,0,152,387,178,51.3684,20.1757,43.8652
2020/2021,Female,all,Public,Pre-Primary/Primary,Primary 2,,lga,Ondo West,South West,Ondo,Ondo West,,,8311,0,168,408,187,49.4702,20.3701,44.4439
2020/2021,Female,all,Public,Pre-Primary/Primary,Primary 3,,lga,Akure North,South West,Ondo,Akure North,,,8133,0,176,400,183,46.2102,20.3325,44.4426
2020/2021,Female,all,Public,Pre-Primary/Primary,Primary 3,,lga,Akure South,South West,Ondo,Akure South,,,7782,0,168,377,174,46.3214,20.6419,44.7241
2020/2021,Female,all,Public,Pre-Primary/Primary,Primary 3,,lga,Odigbo,South West,Ondo,Odigbo,,,7488,0,168,369,169,44.5714,20.2927,44.3077
2020/2021,Female,all,Public,Pre-Primary/Primary,Primary 3,,lga,Ondo East,South West,Ondo,Ondo East,,,7021,0,168,347,158,41.7917,20.2334,44.4367
2020/2021,Female,all,Public,Pre-Primary/Primary,Primary 3,,lga,Ondo West,South West,Ondo,Ondo West,,,7473,0,172,364,165,43.4477,20.5302,45.2909
2020/2021,Female,all,Public,Pre-Primary/Primary,Primary 4,,lga,Akure North,South West,Ondo,Akure North,,,7437,0,184,366,168,40.4185,20.3197,44.2679
2020/2021,Female,all,Public,Pre-Primary/Primary,Primary 4,,lga,Akure South,South West,Ondo,Akure South,,,7108,0,176,347,159,40.3864,20.4841,44.7044
2020/2021,Female,all,Public,Pre-Primary/Primary,Primary 4,,lga,Odigbo,South West,Ondo,Odigbo,,,6846,0,172,337,156,39.8023,20.3145,43.8846
2020/2021,Female,all,Public,Pre-Primary/Primary,Primary 4,,lga,Ondo East,South West,Ondo,Ondo East,,,6416,0,160,319,146,40.1,20.1129,43.9452
2020/2021,Female,all,Public,Pre-Primary/Primary,Primary 4,,lga,Ondo West,South West,Ondo,Ondo West,,,6829,0,156,332,150,43.7756,20.5693,45.5267
2020/2021,Female,all,Public,Pre-Primary/Primary,Primary 5,,lga,Akure North,South West,Ondo,Akure North,,,6964,0,180,342,157,38.6889,20.3626,44.3567
2020/2021,Female,all,Public,Pre-Primary/Primary,Primary 5,,lga,Akure South,South West,Ondo,Akure South,,,6656,0,180,325,148,36.9778,20.48,44.973
2020/2021,Female,all,Public,Pre-Primary/Primary,Primary 5,,lga,Odigbo,South West,Ondo,Odigbo,,,6410,0,180,318,145,35.6111,20.1572,44.2069
2020/2021,Female,all,Public,Pre-Primary/Primary,Primary 5,,lga,Ondo East,South West,Ondo,Ondo East,,,6009,0,152,298,137,39.5329,20.1644,43.8613
2020/2021,Female,all,Public,Pre-Primary/Primary,Primary 5,,lga,Ondo West,South West,Ondo,Ondo West,,,6396,0,168,313,142,38.0714,20.4345,45.0423
2020/2021,Female,all,Public,Pre-Primary/Primary,Primary 6,,lga,Akure North,South West,Ondo,Akure North,,,6295,0,176,310,142,35.767,20.3065,44.331
2020/2021,Female,all,Public,Pre-Primary/Primary,Primary 6,,lga,Akure South,South West,Ondo,Akure South,,,6018,0,160,293,134,37.6125,20.5392,44.9104
2020/2021,Female,all,Public,Pre-Primary/Primary,Primary 6,,lga,Odigbo,South West,Ondo,Odigbo,,,5797,0,168,288,131,34.506,20.1285,44.2519
2020/2021,Female,all,Public,Pre-Primary/Primary,Primary 6,,lga,Ondo East,South West,Ondo,Ondo East,,,5431,0,160,271,125,33.9438,20.0406,43.448
2020/2021,Female,all,Public,Pre-Primary/Primary,Primary 6,,lga,Ondo West,South West,Ondo,Ondo West,,,5782,0,176,283,129,32.8523,20.4311,44.8217
2020/2021,Female,all,Public,SSS,SSS1,SSS1,lga,Akure North,South West,Ondo,Akure North,,,2041,3,72,96,41,28.3472,21.2604,49.7805
2020/2021,Female,all,Public,SSS,SSS1,SSS1,lga,Akure South,South West,Ondo,Akure South,,,1865,3,64,91,40,29.1406,20.4945,46.625
2020/2021,Female,all,Public,SSS,SSS1,SSS1,lga,Odigbo,South West,Ondo,Odigbo,,,1974,3,76,97,42,25.9737,20.3505,47.0
2020/2021,Female,all,Public,SSS,SSS1,SSS1,lga,Ondo East,South West,Ondo,Ondo East,,,1853,3,64,88,38,28.9531,21.0568,48.7632
2020/2021,Female,all,Public,SSS,SSS1,SSS1,lga,Ondo West,South West,Ondo,Ondo West,,,1910,3,68,91,39,28.0882,20.989,48.9744
2020/2021,Female,all,Public,SSS,SSS2,,lga,Akure North,South West,Ondo,Akure North,,,1644,3,68,78,34,24.1765,21.0769,48.3529
2020/2021,Female,all,Public,SSS,SSS2,,lga,Akure South,South West,Ondo,Akure South,,,1500,3,64,74,32,23.4375,20.2703,46.875
2020/2021,Female,all,Public,SSS,SSS2,,lga,Odigbo,South West,Ondo,Odigbo,,,1589,3,68,79,34,23.3676,20.1139,46.7353
2020/2021,Female,all,Public,SSS,SSS2,,lga,Ondo East,South West,Ondo,Ondo East,,,1491,3,64,73,31,23.2969,20.4247,48.0968
2020/2021,Female,all,Public,SSS,SSS2,,lga,Ondo West,South West,Ondo,Ondo West,,,1537,3,68,76,32,22.6029,20.2237,48.0312
2020/2021,Female,all,Public,SSS,SSS3,,lga,Akure North,South West,Ondo,Akure North,,,1281,3,72,63,28,17.7917,20.3333,45.75
2020/2021,Female,all,Public,SSS,SSS3,,lga,Akure South,South West,Ondo,Akure South,,,1169,3,68,59,26,17.1912,19.8136,44.9615
2020/2021,Female,all,Public,SSS,SSS3,,lga,Odigbo,South West,Ondo,Odigbo,,,1236,3,68,63,28,18.1765,19.619,44.1429
2020/2021,Female,all,Public,SSS,SSS3,,lga,Ondo East,South West,Ondo,Ondo East,,,1161,3,68,58,25,17.0735,20.0172,46.44
2020/2021,Female,all,Public,SSS,SSS3,,lga,Ondo West,South West,Ondo,Ondo West,,,1197,3,68,61,25,17.6029,19.623,47.88
2020/2021,Female,all,Public,Vocational,Vocational Year 1,,lga,Akure North,South West,Ondo,Akure North,,,46,0,20,14,2,2.3,3.2857,23.0
2020/2021,Female,all,Public,Vocational,Vocational Year 1,,lga,Akure South,South West,Ondo,Akure South,,,40,0,20,13,1,2.0,3.0769,40.0
2020/2021,Female,all,Public,Vocational,Vocational Year 1,,lga,Odigbo,South West,Ondo,Odigbo,,,51,0,24,14,2,2.125,3.6429,25.5
2020/2021,Female,all,Public,Vocational,Vocational Year 1,,lga,Ondo East,South West,Ondo,Ondo East,,,42,0,20,14,2,2.1,3.0,21.0
2020/2021,Female,all,Public,Vocational,Vocational Year 1,,lga,Ondo West,South West,Ondo,Ondo West,,,47,0,24,14,1,1.9583,3.3571,47.0
2020/2021,Female,all,Public,Vocational,Vocational Year 2,,lga,Akure North,South West,Ondo,Akure North,,,38,0,24,13,1,1.5833,2.9231,38.0
2020/2021,Female,all,Public,Vocational,Vocational Year 2,,lga,Akure South,South West,Ondo,Akure South,,,35,0,20,13,1,1.75,2.6923,35.0
2020/2021,Female,all,Public,Vocational,Vocational Year 2,,lga,Odigbo,South West,Ondo,Odigbo,,,43,0,24,14,2,1.7917,3.0714,21.5
2020/2021,Female,all,Public,Vocational,Vocational Year 2,,lga,Ondo East,South West,Ondo,Ondo East,,,36,0,20,13,1,1.8,2.7692,36.0
2020/2021,Female,all,Public,Vocational,Vocational Year 2,,lga,Ondo West,South West,Ondo,Ondo West,,,40,0,24,13,1,1.6667,3.0769,40.0
2020/2021,Female,all,Public,Vocational,Vocational Year 3,,lga,Akure North,South West,Ondo,Akure North,,,28,0,28,12,0,1.0,2.3333,0.0
2020/2021,Female,all,Public,Vocational,Vocational Year 3,,lga,Akure South,South West,Ondo,Akure South,,,26,0,20,12,0,1.3,2.1667,0.0
2020/2021,Female,all,Public,Vocational,Vocational Year 3,,lga,Odigbo,South West,Ondo,Odigbo,,,30,0,24,12,0,1.25,2.5,0.0
2020/2021,Female,all,Public,Vocational,Vocational Year 3,,lga,Ondo East,South West,Ondo,Ondo East,,,27,0,20,12,0,1.35,2.25,0.0
2020/2021,Female,all,Public,Vocational,Vocational Year 3,,lga,Ondo West,South West,Ondo,Ondo West,,,29,0,24,13,1,1.2083,2.2308,29.0
2020/2021,Female,disabled,Private,Adult & Non-Formal,IQS/IQTS Stage 1,,lga,Akure North,South West,Ondo,Akure North,,,7,0,12,34,12,0.5833,0.2059,0.5833
2020/2021,Female,disabled,Private,Adult & Non-Formal,IQS/IQTS Stage 1,,lga,Akure South,South West,Ondo,Akure South,,,8,0,16,39,15,0.5,0.2051,0.5333
2020/2021,Female,disabled,Private,Adult & Non-Formal,IQS/IQTS Stage 1,,lga,Odigbo,South West,Ondo,Odigbo,,,8,0,12,37,13,0.6667,0.2162,0.6154
2020/2021,Female,disabled,Private,Adult & Non-Formal,IQS/IQTS Stage 1,,lga,Ondo East,South West,Ondo,Ondo East,,,7,0,12,35,13,0.5833,0.2,0.5385
2020/2021,Female,disabled,Private,Adult & Non-Formal,IQS/IQTS Stage 1,,lga,Ondo West,South West,Ondo,Ondo West,,,7,0,16,35,13,0.4375,0.2,0.5385
2020/2021,Female,disabled,Private,Adult & Non-Formal,IQS/IQTS Stage 2,,lga,Akure North,South West,Ondo,Akure North,,,5,0,12,29,10,0.4167,0.1724,0.5
2020/2021,Female,disabled,Private,Adult & Non-Formal,IQS/IQTS Stage 2,,lga,Akure South,South West,Ondo,Akure South,,,6,0,16,31,11,0.375,0.1935,0.5455
2020/2021,Female,disabled,Private,Adult & Non-Formal,IQS/IQTS Stage 2,,lga,Odigbo,South West,Ondo,Odigbo,,,7,0,12,31,11,0.5833,0.2258,0.6364
2020/2021,Female,disabled,Private,Adult & Non-Formal,IQS/IQTS Stage 2,,lga,Ondo East,South West,Ondo,Ondo East,,,5,0,12,28,9,0.4167,0.1786,0.5556
2020/2021,Female,disabled,Private,Adult & Non-Formal,IQS/IQTS Stage 2,,lga,Ondo West,South West,Ondo,Ondo West,,,5,0,16,29,10,0.3125,0.1724,0.5
2020/2021,Female,disabled,Private,Adult & Non-Formal,IQS/IQTS Stage 3,,lga,Akure North,South West,Ondo,Akure North,,,3,0,12,17,5,0.25,0.1765,0.6
2020/2021,Female,disabled,Private,Adult & Non-Formal,IQS/IQTS Stage 3,,lga,Akure South,South West,Ondo,Akure South,,,3,0,16,19,6,0.1875,0.1579,0.5
2020/2021,Female,disabled,Private,Adult & Non-Formal,IQS/IQTS Stage 3,,lga,Odigbo,South West,Ondo,Odigbo,,,4,0,12,19,5,0.3333,0.2105,0.8
2020/2021,Female,disabled,Private,Adult & Non-Formal,IQS/IQTS Stage 3,,lga,Ondo East,South West,Ondo,Ondo East,,,3,0,12,19,5,0.25,0.1579,0.6
2020/2021,Female,disabled,Private,Adult & Non-Formal,IQS/IQTS Stage 3,,lga,Ondo West,South West,Ondo,Ondo West,,,4,0,16,18,4,0.25,0.2222,1.0
2020/2021,Female,disabled,Private,JSS,JSS1,JSS1,lga,Akure North,South West,Ondo,Akure North,,,24,0,32,50,20,0.75,0.48,1.2
2020/2021,Female,disabled,Private,JSS,JSS1,JSS1,lga,Akure South,South West,Ondo,Akure South,,,25,0,32,47,19,0.7812,0.5319,1.3158
2020/2021,Female,disabled,Private,JSS,JSS1,JSS1,lga,Odigbo,South West,Ondo,Odigbo,,,22,0,24,45,18,0.9167,0.4889,1.2222
2020/2021,Female,disabled,Private,JSS,JSS1,JSS1,lga,Ondo East,South West,Ondo,Ondo East,,,24,0,28,44,17,0.8571,0.5455,1.4118
2020/2021,Female,disabled,Private,JSS,JSS1,JSS1,lga,Ondo West,South West,Ondo,Ondo West,,,25,0,24,44,18,1.0417,0.5682,1.3889
2020/2021,Female,disabled,Private,JSS,JSS2,,lga,Akure North,South West,Ondo,Akure North,,,20,0,32,41,17,0.625,0.4878,1.1765
2020/2021,Female,disabled,Private,JSS,JSS2,,lga,Akure South,South West,Ondo,Akure South,,,20,0,32,39,15,0.625,0.5128,1.3333
2020/2021,Female,disabled,Private,JSS,JSS2,,lga,Odigbo,South West,Ondo,Odigbo,,,22,0,28,38,14,0.7857,0.5789,1.5714
2020/2021,Female,disabled,Private,JSS,JSS2,,lga,Ondo East,South West,Ondo,Ondo East,,,18,0,28,39,16,0.6429,0.4615,1.125
2020/2021,Female,disabled,Private,JSS,JSS2,,lga,Ondo West,South West,Ondo,Ondo West,,,21,0,28,38,14,0.75,0.5526,1.5
2020/2021,Female,disabled,Private,JSS,JSS3,,lga,Akure North,South West,Ondo,Akure North,,,14,0,32,34,12,0.4375,0.4118,1.1667
2020/2021,Female,disabled,Private,JSS,JSS3,,lga,Akure South,South West,Ondo,Akure South,,,16,0,32,34,13,0.5,0.4706,1.2308
2020/2021,Female,disabled,Private,JSS,JSS3,,lga,Odigbo,South West,Ondo,Odigbo,,,16,0,28,32,12,0.5714,0.5,1.3333
2020/2021,Female,disabled,Private,JSS,JSS3,,lga,Ondo East,South West,Ondo,Ondo East,,,14,0,28,32,12,0.5,0.4375,1.1667
2020/2021,Female,disabled,Private,JSS,JSS3,,lga,Ondo West,South West,Ondo,Ondo West,,,15,0,28,31,12,0.5357,0.4839,1.25
2020/2021,Female,disabled,Private,Pre-Primary/Primary,Primary 1,Primary 1,lga,Akure North,South West,Ondo,Akure North,,,76,0,44,114,50,1.7273,0.6667,1.52
2020/2021,Female,disabled,Private,Pre-Primary/Primary,Primary 1,Primary 1,lga,Akure South,South West,Ondo,Akure South,,,74,0,44,123,54,1.6818,0.6016,1.3704
2020/2021,Female,disabled,Private,Pre-Primary/Primary,Primary 1,Primary 1,lga,Odigbo,South West,Ondo,Odigbo,,,71,0,48,134,59,1.4792,0.5299,1.2034
2020/2021,Female,disabled,Private,Pre-Primary/Primary,Primary 1,Primary 1,lga,Ondo East,South West,Ondo,Ondo East,,,84,0,44,134,58,1.9091,0.6269,1.4483
2020/2021,Female,disabled,Private,Pre-Primary/Primary,Primary 1,Primary 1,lga,Ondo West,South West,Ondo,Ondo West,,,80,0,48,139,62,1.6667,0.5755,1.2903
2020/2021,Female,disabled,Private,Pre-Primary/Primary,Primary 2,,lga,Akure North,South West,Ondo,Akure North,,,66,0,44,102,44,1.5,0.6471,1.5
2020/2021,Female,disabled,Private,Pre-Primary/Primary,Primary 2,,lga,Akure South,South West,Ondo,Akure South,,,67,0,44,110,50,1.5227,0.6091,1.34
2020/2021,Female,disabled,Private,Pre-Primary/Primary,Primary 2,,lga,Odigbo,South West,Ondo,Odigbo,,,64,0,48,120,53,1.3333,0.5333,1.2075
2020/2021,Female,disabled,Private,Pre-Primary/Primary,Primary 2,,lga,Ondo East,South West,Ondo,Ondo East,,,75,0,48,120,54,1.5625,0.625,1.3889
2020/2021,Female,disabled,Private,Pre-Primary/Primary,Primary 2,,lga,Ondo West,South West,Ondo,Ondo West,,,69,0,48,124,55,1.4375,0.5565,1.2545
2020/2021,Female,disabled,Private,Pre-Primary/Primary,Primary 3,,lga,Akure North,South West,Ondo,Akure North,,,60,0,40,94,42,1.5,0.6383,1.4286
2020/2021,Female,disabled,Private,Pre-Primary/Primary,Primary 3,,lga,Akure South,South West,Ondo,Akure South,,,61,0,44,98,42,1.3864,0.6224,1.4524
2020/2021,Female,disabled,Private,Pre-Primary/Primary,Primary 3,,lga,Odigbo,South West,Ondo,Odigbo,,,59,0,48,108,47,1.2292,0.5463,1.2553
2020/2021,Female,disabled,Private,Pre-Primary/Primary,Primary 3,,lga,Ondo East,South West,Ondo,Ondo East,,,67,0,52,108,47,1.2885,0.6204,1.4255
2020/2021,Female,disabled,Private,Pre-Primary/Primary,Primary 3,,lga,Ondo West,South West,Ondo,Ondo West,,,63,0,48,112,48,1.3125,0.5625,1.3125
2020/2021,Female,disabled,Private,Pre-Primary/Primary,Primary 4,,lga,Akure North,South West,Ondo,Akure North,,,55,0,44,86,37,1.25,0.6395,1.4865
2020/2021,Female,disabled,Private,Pre-Primary/Primary,Primary 4,,lga,Akure South,South West,Ondo,Akure South,,,54,0,44,92,39,1.2273,0.587,1.3846
2020/2021,Female,disabled,Private,Pre-Primary/Primary,Primary 4,,lga,Odigbo,South West,Ondo,Odigbo,,,53,0,48,98,41,1.1042,0.5408,1.2927
2020/2021,Female,disabled,Private,Pre-Primary/Primary,Primary 4,,lga,Ondo East,South West,Ondo,Ondo East,,,60,0,48,100,44,1.25,0.6,1.3636
2020/2021,Female,disabled,Private,Pre-Primary/Primary,Primary 4,,lga,Ondo West,South West,Ondo,Ondo West,,,57,0,52,102,45,1.0962,0.5588,1.2667
2020/2021,Female,disabled,Private,Pre-Primary/Primary,Primary 5,,lga,Akure North,South West,Ondo,Akure North,,,51,0,40,80,35,1.275,0.6375,1.4571
2020/2021,Female,disabled,Private,Pre-Primary/Primary,Primary 5,,lga,Akure South,South West,Ondo,Akure South,,,52,0,44,86,37,1.1818,0.6047,1.4054
2020/2021,Female,disabled,Private,Pre-Primary/Primary,Primary 5,,lga,Odigbo,South West,Ondo,Odigbo,,,48,0,48,93,39,1.0,0.5161,1.2308
2020/2021,Female,disabled,Private,Pre-Primary/Primary,Primary 5,,lga,Ondo East,South West,Ondo,Ondo East,,,58,0,48,93,40,1.2083,0.6237,1.45
2020/2021,Female,disabled,Private,Pre-Primary/Primary,Primary 5,,lga,Ondo West,South West,Ondo,Ondo West,,,55,0,52,96,42,1.0577,0.5729,1.3095
2020/2021,Female,disabled,Private,Pre-Primary/Primary,Primary 6,,lga,Akure North,South West,Ondo,Akure North,,,46,0,40,73,30,1.15,0.6301,1.5333
2020/2021,Female,disabled,Private,Pre-Primary/Primary,Primary 6,,lga,Akure South,South West,Ondo,Akure South,,,47,0,44,79,33,1.0682,0.5949,1.4242
2020/2021,Female,disabled,Private,Pre-Primary/Primary,Primary 6,,lga,Odigbo,South West,Ondo,Odigbo,,,44,0,48,84,36,0.9167,0.5238,1.2222
2020/2021,Female,disabled,Private,Pre-Primary/Primary,Primary 6,,lga,Ondo East,South West,Ondo,Ondo East,,,52,0,48,86,37,1.0833,0.6047,1.4054
2020/2021,Female,disabled,Private,Pre-Primary/Primary,Primary 6,,lga,Ondo West,South West,Ondo,Ondo West,,,48,0,48,88,37,1.0,0.5455,1.2973
2020/2021,Female,disabled,Private,SSS,SSS1,SSS1,lga,Akure North,South West,Ondo,Akure North,,,14,0,36,48,19,0.3889,0.2917,0.7368
2020/2021,Female,disabled,Private,SSS,SSS1,SSS1,lga,Akure South,South West,Ondo,Akure South,,,16,0,36,51,21,0.4444,0.3137,0.7619
2020/2021,Female,disabled,Private,SSS,SSS1,SSS1,lga,Odigbo,South West,Ondo,Odigbo,,,18,0,28,42,18,0.6429,0.4286,1.0
2020/2021,Female,disabled,Private,SSS,SSS1,SSS1,lga,Ondo East,South West,Ondo,Ondo East,,,16,0,32,46,18,0.5,0.3478,0.8889
2020/2021,Female,disabled,Private,SSS,SSS1,SSS1,lga,Ondo West,South West,Ondo,Ondo West,,,16,0,32,49,21,0.5,0.3265,0.7619
2020/2021,Female,disabled,Private,SSS,SSS2,,lga,Akure North,South West,Ondo,Akure North,,,10,0,32,40,16,0.3125,0.25,0.625
2020/2021,Female,disabled,Private,SSS,SSS2,,lga,Akure South,South West,Ondo,Akure South,,,12,0,32,41,16,0.375,0.2927,0.75
2020/2021,Female,disabled,Private,SSS,SSS2,,lga,Odigbo,South West,Ondo,Odigbo,,,12,0,24,35,12,0.5,0.3429,1.0
2020/2021,Female,disabled,Private,SSS,SSS2,,lga,Ondo East,South West,Ondo,Ondo East,,,12,0,28,38,15,0.4286,0.3158,0.8
2020/2021,Female,disabled,Private,SSS,SSS2,,lga,Ondo West,South West,Ondo,Ondo West,,,10,0,32,40,16,0.3125,0.25,0.625
2020/2021,Female,disabled,Private,SSS,SSS3,,lga,Akure North,South West,Ondo,Akure North,,,8,0,36,33,12,0.2222,0.2424,0.6667
2020/2021,Female,disabled,Private,SSS,SSS3,,lga,Akure South,South West,Ondo,Akure South,,,10,0,32,33,13,0.3125,0.303,0.7692
2020/2021,Female,disabled,Private,SSS,SSS3,,lga,Odigbo,South West,Ondo,Odigbo,,,12,0,24,30,12,0.5,0.4,1.0
2020/2021,Female,disabled,Private,SSS,SSS3,,lga,Ondo East,South West,Ondo,Ondo East,,,10,0,32,31,11,0.3125,0.3226,0.9091
2020/2021,Female,disabled,Private,SSS,SSS3,,lga,Ondo West,South West,Ondo,Ondo West,,,10,0,32,32,12,0.3125,0.3125,0.8333
2020/2021,Female,disabled,Private,Vocational,Vocational Year 1,,lga,Akure North,South West,Ondo,Akure North,,,0,0,16,12,0,0.0,0.0,0.0
2020/2021,Female,disabled,Private,Vocational,Vocational Year 1,,lga,Akure South,South West,Ondo,Akure South,,,1,0,16,13,1,0.0625,0.0769,1.0
2020/2021,Female,disabled,Private,Vocational,Vocational Year 1,,lga,Odigbo,South West,Ondo,Odigbo,,,0,0,12,12,0,0.0,0.0,0.0
2020/2021,Female,disabled,Private,Vocational,Vocational Year 1,,lga,Ondo East,South West,Ondo,Ondo East,,,0,0,16,13,1,0.0,0.0,0.0
2020/2021,Female,disabled,Private,Vocational,Vocational Year 1,,lga,Ondo West,South West,Ondo,Ondo West,,,0,0,16,13,1,0.0,0.0,0.0
2020/2021,Female,disabled,Private,Vocational,Vocational Year 2,,lga,Akure North,South West,Ondo,Akure North,,,0,0,20,12,0,0.0,0.0,0.0
2020/2021,Female,disabled,Private,Vocational,Vocational Year 2,,lga,Akure South,South West,Ondo,Akure South,,,0,0,16,13,1,0.0,0.0,0.0
2020/2021,Female,disabled,Private,Vocational,Vocational Year 2,,lga,Odigbo,South West,Ondo,Odigbo,,,0,0,12,12,0,0.0,0.0,0.0
2020/2021,Female,disabled,Private,Vocational,Vocational Year 2,,lga,Ondo East,South West,Ondo,Ondo East,,,0,0,16,12,0,0.0,0.0,0.0
2020/2021,Female,disabled,Private,Vocational,Vocational Year 2,,lga,Ondo West,South West,Ondo,Ondo West,,,0,0,16,12,0,0.0,0.0,0.0
2020/2021,Female,disabled,Private,Vocational,Vocational Year 3,,lga,Akure North,South West,Ondo,Akure North,,,0,0,20,12,0,0.0,0.0,0.0
2020/2021,Female,disabled,Private,Vocational,Vocational Year 3,,lga,Akure South,South West,Ondo,Akure South,,,0,0,16,12,0,0.0,0.0,0.0
2020/2021,Female,disabled,Private,Vocational,Vocational Year 3,,lga,Odigbo,South West,Ondo,Odigbo,,,0,0,12,12,0,0.0,0.0,0.0
2020/2021,Female,disabled,Private,Vocational,Vocational Year 3,,lga,Ondo East,South West,Ondo,Ondo East,,,0,0,16,12,0,0.0,0.0,0.0
2020/2021,Female,disabled,Private,Vocational,Vocational Year 3,,lga,Ondo West,South West,Ondo,Ondo West,,,0,0,16,12,0,0.0,0.0,0.0
2020/2021,Female,disabled,Public,Adult & Non-Formal,IQS/IQTS Stage 1,,lga,Akure North,South West,Ondo,Akure North,,,12,0,20,57,24,0.6,0.2105,0.5
2020/2021,Female,disabled,Public,Adult & Non-Formal,IQS/IQTS Stage 1,,lga,Akure South,South West,Ondo,Akure South,,,9,0,20,49,20,0.45,0.1837,0.45
2020/2021,Female,disabled,Public,Adult & Non-Formal,IQS/IQTS Stage 1,,lga,Odigbo,South West,Ondo,Odigbo,,,10,0,24,51,21,0.4167,0.1961,0.4762
2020/2021,Female,disabled,Public,Adult & Non-Formal,IQS/IQTS Stage 1,,lga,Ondo East,South West,Ondo,Ondo East,,,10,0,20,47,20,0.5,0.2128,0.5
2020/2021,Female,disabled,Public,Adult & Non-Formal,IQS/IQTS Stage 1,,lga,Ondo West,South West,Ondo,Ondo West,,,11,0,16,51,21,0.6875,0.2157,0.5238
2020/2021,Female,disabled,Public,Adult & Non-Formal,IQS/IQTS Stage 2,,lga,Akure North,South West,Ondo,Akure North,,,10,0,24,44,17,0.4167,0.2273,0.5882
2020/2021,Female,disabled,Public,Adult & Non-Formal,IQS/IQTS Stage 2,,lga,Akure South,South West,Ondo,Akure South,,,7,0,20,39,16,0.35,0.1795,0.4375
2020/2021,Female,disabled,Public,Adult & Non-Formal,IQS/IQTS Stage 2,,lga,Odigbo,South West,Ondo,Odigbo,,,8,0,24,42,15,0.3333,0.1905,0.5333
2020/2021,Female,disabled,Public,Adult & Non-Formal,IQS/IQTS Stage 2,,lga,Ondo East,South West,Ondo,Ondo East,,,7,0,20,39,15,0.35,0.1795,0.4667
2020/2021,Female,disabled,Public,Adult & Non-Formal,IQS/IQTS Stage 2,,lga,Ondo West,South West,Ondo,Ondo West,,,10,0,16,39,15,0.625,0.2564,0.6667
2020/2021,Female,disabled,Public,Adult & Non-Formal,IQS/IQTS Stage 3,,lga,Akure North,South West,Ondo,Akure North,,,4,0,24,27,9,0.1667,0.1481,0.4444
2020/2021,Female,disabled,Public,Adult & Non-Formal,IQS/IQTS Stage 3,,lga,Akure South,South West,Ondo,Akure South,,,4,0,20,23,7,0.2,0.1739,0.5714
2020/2021,Female,disabled,Public,Adult & Non-Formal,IQS/IQTS Stage 3,,lga,Odigbo,South West,Ondo,Odigbo,,,4,0,24,27,9,0.1667,0.1481,0.4444
2020/2021,Female,disabled,Public,Adult & Non-Formal,IQS/IQTS Stage 3,,lga,Ondo East,South West,Ondo,Ondo East,,,5,0,20,24,8,0.25,0.2083,0.625
2020/2021,Female,disabled,Public,Adult & Non-Formal,IQS/IQTS Stage 3,,lga,Ondo West,South West,Ondo,Ondo West,,,4,0,16,25,8,0.25,0.16,0.5
2020/2021,Female,disabled,Public,JSS,JSS1,JSS1,lga,Akure North,South West,Ondo,Akure North,,,72,0,88,127,56,0.8182,0.5669,1.2857
2020/2021,Female,disabled,Public,JSS,JSS1,JSS1,lga,Akure South,South West,Ondo,Akure South,,,73,0,84,124,55,0.869,0.5887,1.3273
2020/2021,Female,disabled,Public,JSS,JSS1,JSS1,lga,Odigbo,South West,Ondo,Odigbo,,,75,0,88,125,54,0.8523,0.6,1.3889
2020/2021,Female,disabled,Public,JSS,JSS1,JSS1,lga,Ondo East,South West,Ondo,Ondo East,,,73,0,84,119,52,0.869,0.6134,1.4038
2020/2021,Female,disabled,Public,JSS,JSS1,JSS1,lga,Ondo West,South West,Ondo,Ondo West,,,80,0,88,127,55,0.9091,0.6299,1.4545
2020/2021,Female,disabled,Public,JSS,JSS2,,lga,Akure North,South West,Ondo,Akure North,,,57,0,88,105,45,0.6477,0.5429,1.2667
2020/2021,Female,disabled,Public,JSS,JSS2,,lga,Akure South,South West,Ondo,Akure South,,,61,0,80,103,44,0.7625,0.5922,1.3864
2020/2021,Female,disabled,Public,JSS,JSS2,,lga,Odigbo,South West,Ondo,Odigbo,,,59,0,80,104,44,0.7375,0.5673,1.3409
2020/2021,Female,disabled,Public,JSS,JSS2,,lga,Ondo East,South West,Ondo,Ondo East,,,57,0,80,99,43,0.7125,0.5758,1.3256
2020/2021,Female,disabled,Public,JSS,JSS2,,lga,Ondo West,South West,Ondo,Ondo West,,,67,0,92,106,46,0.7283,0.6321,1.4565
2020/2021,Female,disabled,Public,JSS,JSS3,,lga,Akure North,South West,Ondo,Akure North,,,45,0,88,86,36,0.5114,0.5233,1.25
2020/2021,Female,disabled,Public,JSS,JSS3,,lga,Akure South,South West,Ondo,Akure South,,,47,0,88,82,36,0.5341,0.5732,1.3056
2020/2021,Female,disabled,Public,JSS,JSS3,,lga,Odigbo,South West,Ondo,Odigbo,,,47,0,80,83,35,0.5875,0.5663,1.3429
2020/2021,Female,disabled,Public,JSS,JSS3,,lga,Ondo East,South West,Ondo,Ondo East,,,47,0,84,80,33,0.5595,0.5875,1.4242
2020/2021,Female,disabled,Public,JSS,JSS3,,lga,Ondo West,South West,Ondo,Ondo West,,,49,0,92,85,37,0.5326,0.5765,1.3243
2020/2021,Female,disabled,Public,Pre-Primary/Primary,Primary 1,Primary 1,lga,Akure North,South West,Ondo,Akure North,,,291,0,188,500,230,1.5479,0.582,1.2652
2020/2021,Female,disabled,Public,Pre-Primary/Primary,Primary 1,Primary 1,lga,Akure South,South West,Ondo,Akure South,,,279,0,164,475,218,1.7012,0.5874,1.2798
2020/2021,Female,disabled,Public,Pre-Primary/Primary,Primary 1,Primary 1,lga,Odigbo,South West,Ondo,Odigbo,,,292,0,164,466,214,1.7805,0.6266,1.3645
2020/2021,Female,disabled,Public,Pre-Primary/Primary,Primary 1,Primary 1,lga,Ondo East,South West,Ondo,Ondo East,,,288,0,164,439,200,1.7561,0.656,1.44
2020/2021,Female,disabled,Public,Pre-Primary/Primary,Primary 1,Primary 1,lga,Ondo West,South West,Ondo,Ondo West,,,275,0,168,460,212,1.6369,0.5978,1.2972
2020/2021,Female,disabled,Public,Pre-Primary/Primary,Primary 2,,lga,Akure North,South West,Ondo,Akure North,,,257,0,192,447,205,1.3385,0.5749,1.2537
2020/2021,Female,disabled,Public,Pre-Primary/Primary,Primary 2,,lga,Akure South,South West,Ondo,Akure South,,,248,0,176,420,193,1.4091,0.5905,1.285
2020/2021,Female,disabled,Public,Pre-Primary/Primary,Primary 2,,lga,Odigbo,South West,Ondo,Odigbo,,,259,0,164,413,189,1.5793,0.6271,1.3704
2020/2021,Female,disabled,Public,Pre-Primary/Primary,Primary 2,,lga,Ondo East,South West,Ondo,Ondo East,,,256,0,152,387,178,1.6842,0.6615,1.4382
2020/2021,Female,disabled,Public,Pre-Primary/Primary,Primary 2,,lga,Ondo West,South West,Ondo,Ondo West,,,244,0,168,408,187,1.4524,0.598,1.3048
2020/2021,Female,disabled,Public,Pre-Primary/Primary,Primary 3,,lga,Akure North,South West,Ondo,Akure North,,,233,0,176,400,183,1.3239,0.5825,1.2732
2020/2021,Female,disabled,Public,Pre-Primary/Primary,Primary 3,,lga,Akure South,South West,Ondo,Akure South,,,224,0,168,377,174,1.3333,0.5942,1.2874
2020/2021,Female,disabled,Public,Pre-Primary/Primary,Primary 3,,lga,Odigbo,South West,Ondo,Odigbo,,,232,0,168,369,169,1.381,0.6287,1.3728
2020/2021,Female,disabled,Public,Pre-Primary/Primary,Primary 3,,lga,Ondo East,South West,Ondo,Ondo East,,,231,0,168,347,158,1.375,0.6657,1.462
2020/2021,Female,disabled,Public,Pre-Primary/Primary,Primary 3,,lga,Ondo West,South West,Ondo,Ondo West,,,221,0,172,364,165,1.2849,0.6071,1.3394
2020/2021,Female,disabled,Public,Pre-Primary/Primary,Primary 4,,lga,Akure North,South West,Ondo,Akure North,,,213,0,184,366,168,1.1576,0.582,1.2679
2020/2021,Female,disabled,Public,Pre-Primary/Primary,Primary 4,,lga,Akure South,South West,Ondo,Akure South,,,202,0,176,347,159,1.1477,0.5821,1.2704
2020/2021,Female,disabled,Public,Pre-Primary/Primary,Primary 4,,lga,Odigbo,South West,Ondo,Odigbo,,,214,0,172,337,156,1.2442,0.635,1.3718
2020/2021,Female,disabled,Public,Pre-Primary/Primary,Primary 4,,lga,Ondo East,South West,Ondo,Ondo East,,,210,0,160,319,146,1.3125,0.6583,1.4384
2020/2021,Female,disabled,Public,Pre-Primary/Primary,Primary 4,,lga,Ondo West,South West,Ondo,Ondo West,,,200,0,156,332,150,1.2821,0.6024,1.3333
2020/2021,Female,disabled,Public,Pre-Primary/Primary,Primary 5,,lga,Akure North,South West,Ondo,Akure North,,,199,0,180,342,157,1.1056,0.5819,1.2675
2020/2021,Female,disabled,Public,Pre-Primary/Primary,Primary 5,,lga,Akure South,South West,Ondo,Akure South,,,190,0,180,325,148,1.0556,0.5846,1.2838
2020/2021,Female,disabled,Public,Pre-Primary/Primary,Primary 5,,lga,Odigbo,South West,Ondo,Odigbo,,,199,0,180,318,145,1.1056,0.6258,1.3724
2020/2021,Female,disabled,Public,Pre-Primary/Primary,Primary 5,,lga,Ondo East,South West,Ondo,Ondo East,,,197,0,152,298,137,1.2961,0.6611,1.438
2020/2021,Female,disabled,Public,Pre-Primary/Primary,Primary 5,,lga,Ondo West,South West,Ondo,Ondo West,,,189,0,168,313,142,1.125,0.6038,1.331
2020/2021,Female,disabled,Public,Pre-Primary/Primary,Primary 6,,lga,Akure North,South West,Ondo,Akure North,,,181,0,176,310,142,1.0284,0.5839,1.2746
2020/2021,Female,disabled,Public,Pre-Primary/Primary,Primary 6,,lga,Akure South,South West,Ondo,Akure South,,,171,0,160,293,134,1.0688,0.5836,1.2761
2020/2021,Female,disabled,Public,Pre-Primary/Primary,Primary 6,,lga,Odigbo,South West,Ondo,Odigbo,,,182,0,168,288,131,1.0833,0.6319,1.3893
2020/2021,Female,disabled,Public,Pre-Primary/Primary,Primary 6,,lga,Ondo East,South West,Ondo,Ondo East,,,177,0,160,271,125,1.1062,0.6531,1.416
2020/2021,Female,disabled,Public,Pre-Primary/Primary,Primary 6,,lga,Ondo West,South West,Ondo,Ondo West,,,171,0,176,283,129,0.9716,0.6042,1.3256
2020/2021,Female,disabled,Public,SSS,SSS1,SSS1,lga,Akure North,South West,Ondo,Akure North,,,40,0,72,96,41,0.5556,0.4167,0.9756
2020/2021,Female,disabled,Public,SSS,SSS1,SSS1,lga,Akure South,South West,Ondo,Akure South,,,33,0,64,91,40,0.5156,0.3626,0.825
2020/2021,Female,disabled,Public,SSS,SSS1,SSS1,lga,Odigbo,South West,Ondo,Odigbo,,,31,0,76,97,42,0.4079,0.3196,0.7381
2020/2021,Female,disabled,Public,SSS,SSS1,SSS1,lga,Ondo East,South West,Ondo,Ondo East,,,32,0,64,88,38,0.5,0.3636,0.8421
2020/2021,Female,disabled,Public,SSS,SSS1,SSS1,lga,Ondo West,South West,Ondo,Ondo West,,,35,0,68,91,39,0.5147,0.3846,0.8974
2020/2021,Female,disabled,Public,SSS,SSS2,,lga,Akure North,South West,Ondo,Akure North,,,30,0,68,78,34,0.4412,0.3846,0.8824
2020/2021,Female,disabled,Public,SSS,SSS2,,lga,Akure South,South West,Ondo,Akure South,,,26,0,64,74,32,0.4062,0.3514,0.8125
2020/2021,Female,disabled,Public,SSS,SSS2,,lga,Odigbo,South West,Ondo,Odigbo,,,25,0,68,79,34,0.3676,0.3165,0.7353
2020/2021,Female,disabled,Public,SSS,SSS2,,lga,Ondo East,South West,Ondo,Ondo East,,,23,0,64,73,31,0.3594,0.3151,0.7419
2020/2021,Female,disabled,Public,SSS,SSS2,,lga,Ondo West,South West,Ondo,Ondo West,,,29,0,68,76,32,0.4265,0.3816,0.9062
2020/2021,Female,disabled,Public,SSS,SSS3,,lga,Akure North,South West,Ondo,Akure North,,,27,0,72,63,28,0.375,0.4286,0.9643
2020/2021,Female,disabled,Public,SSS,SSS3,,lga,Akure South,South West,Ondo,Akure South,,,22,0,68,59,26,0.3235,0.3729,0.8462
2020/2021,Female,disabled,Public,SSS,SSS3,,lga,Odigbo,South West,Ondo,Odigbo,,,20,0,68,63,28,0.2941,0.3175,0.7143
2020/2021,Female,disabled,Public,SSS,SSS3,,lga,Ondo East,South West,Ondo,Ondo East,,,19,0,68,58,25,0.2794,0.3276,0.76
2020/2021,Female,disabled,Public,SSS,SSS3,,lga,Ondo West,South West,Ondo,Ondo West,,,23,0,68,61,25,0.3382,0.377,0.92
2020/2021,Female,disabled,Public,Vocational,Vocational Year 1,,lga,Akure North,South West,Ondo,Akure North,,,1,0,20,14,2,0.05,0.0714,0.5
2020/2021,Female,disabled,Public,Vocational,Vocational Year 1,,lga,Akure South,South West,Ondo,Akure South,,,0,0,20,13,1,0.0,0.0,0.0
2020/2021,Female,disabled,Public,Vocational,Vocational Year 1,,lga,Odigbo,South West,Ondo,Odigbo,,,2,0,24,14,2,0.0833,0.1429,1.0
2020/2021,Female,disabled,Public,Vocational,Vocational Year 1,,lga,Ondo East,South West,Ondo,Ondo East,,,0,0,20,14,2,0.0,0.0,0.0
2020/2021,Female,disabled,Public,Vocational,Vocational Year 1,,lga,Ondo West,South West,Ondo,Ondo West,,,0,0,24,14,1,0.0,0.0,0.0
2020/2021,Female,disabled,Public,Vocational,Vocational Year 2,,lga,Akure North,South West,Ondo,Akure North,,,0,0,24,13,1,0.0,0.0,0.0
2020/2021,Female,disabled,Public,Vocational,Vocational Year 2,,lga,Akure South,South West,Ondo,Akure South,,,0,0,20,13,1,0.0,0.0,0.0
2020/2021,Female,disabled,Public,Vocational,Vocational Year 2,,lga,Odigbo,South West,Ondo,Odigbo,,,1,0,24,14,2,0.0417,0.0714,0.5
2020/2021,Female,disabled,Public,Vocational,Vocational Year 2,,lga,Ondo East,South West,Ondo,Ondo East,,,0,0,20,13,1,0.0,0.0,0.0
2020/2021,Female,disabled,Public,Vocational,Vocational Year 2,,lga,Ondo West,South West,Ondo,Ondo West,,,0,0,24,13,1,0.0,0.0,0.0
2020/2021,Female,disabled,Public,Vocational,Vocational Year 3,,lga,Akure North,South West,Ondo,Akure North,,,0,0,28,12,0,0.0,0.0,0.0
2020/2021,Female,disabled,Public,Vocational,Vocational Year 3,,lga,Akure South,South West,Ondo,Akure South,,,0,0,20,12,0,0.0,0.0,0.0
2020/2021,Female,disabled,Public,Vocational,Vocational Year 3,,lga,Odigbo,South West,Ondo,Odigbo,,,0,0,24,12,0,0.0,0.0,0.0
2020/2021,Female,disabled,Public,Vocational,Vocational Year 3,,lga,Ondo East,South West,Ondo,Ondo East,,,0,0,20,12,0,0.0,0.0,0.0
2020/2021,Female,disabled,Public,Vocational,Vocational Year 3,,lga,Ondo West,South West,Ondo,Ondo West,,,0,0,24,13,1,0.0,0.0,0.0
2020/2021,Male,all,Private,Adult & Non-Formal,IQS/IQTS Stage 1,,lga,Akure North,South West,Ondo,Akure North,,,390,0,12,34,12,32.5,11.4706,32.5
2020/2021,Male,all,Private,Adult & Non-Formal,IQS/IQTS Stage 1,,lga,Akure South,South West,Ondo,Akure South,,,479,0,16,39,15,29.9375,12.2821,31.9333
2020/2021,Male,all,Private,Adult & Non-Formal,IQS/IQTS Stage 1,,lga,Odigbo,South West,Ondo,Odigbo,,,434,0,12,37,13,36.1667,11.7297,33.3846
2020/2021,Male,all,Private,Adult & Non-Formal,IQS/IQTS Stage 1,,lga,Ondo East,South West,Ondo,Ondo East,,,438,0,12,35,13,36.5,12.5143,33.6923
2020/2021,Male,all,Private,Adult & Non-Formal,IQS/IQTS Stage 1,,lga,Ondo West,South West,Ondo,Ondo West,,,456,0,16,35,13,28.5,13.0286,35.0769
2020/2021,Male,all,Private,Adult & Non-Formal,IQS/IQTS Stage 2,,lga,Akure North,South West,Ondo,Akure North,,,303,0,12,29,10,25.25,10.4483,30.3
2020/2021,Male,all,Private,Adult & Non-Formal,IQS/IQTS Stage 2,,lga,Akure South,South West,Ondo,Akure South,,,372,0,16,31,11,23.25,12.0,33.8182
2020/2021,Male,all,Private,Adult & Non-Formal,IQS/IQTS Stage 2,,lga,Odigbo,South West,Ondo,Odigbo,,,337,0,12,31,11,28.0833,10.871,30.6364
2020/2021,Male,all,Private,Adult & Non-Formal,IQS/IQTS Stage 2,,lga,Ondo East,South West,Ondo,Ondo East,,,342,0,12,28,9,28.5,12.2143,38.0
2020/2021,Male,all,Private,Adult & Non-Formal,IQS/IQTS Stage 2,,lga,Ondo West,South West,Ondo,Ondo West,,,356,0,16,29,10,22.25,12.2759,35.6
2020/2021,Male,all,Private,Adult & Non-Formal,IQS/IQTS Stage 3,,lga,Akure North,South West,Ondo,Akure North,,,166,0,12,17,5,13.8333,9.7647,33.2
2020/2021,Male,all,Private,Adult & Non-Formal,IQS/IQTS Stage 3,,lga,Akure South,South West,Ondo,Akure South,,,205,0,16,19,6,12.8125,10.7895,34.1667
2020/2021,Male,all,Private,Adult & Non-Formal,IQS/IQTS Stage 3,,lga,Odigbo,South West,Ondo,Odigbo,,,184,0,12,19,5,15.3333,9.6842,36.8
2020/2021,Male,all,Private,Adult & Non-Formal,IQS/IQTS Stage 3,,lga,Ondo East,South West,Ondo,Ondo East,,,189,0,12,19,5,15.75,9.9474,37.8
2020/2021,Male,all,Private,Adult & Non-Formal,IQS/IQTS Stage 3,,lga,Ondo West,South West,Ondo,Ondo West,,,194,0,16,18,4,12.125,10.7778,48.5
2020/2021,Male,all,Private,JSS,JSS1,JSS1,lga,Akure North,South West,Ondo,Akure North,,,972,0,32,50,20,30.375,19.44,48.6
2020/2021,Male,all,Private,JSS,JSS1,JSS1,lga,Akure South,South West,Ondo,Akure South,,,925,0,32,47,19,28.9062,19.6809,48.6842
2020/2021,Male,all,Private,JSS,JSS1,JSS1,lga,Odigbo,South West,Ondo,Odigbo,,,903,0,24,45,18,37.625,20.0667,50.1667
2020/2021,Male,all,Private,JSS,JSS1,JSS1,lga,Ondo East,South West,Ondo,Ondo East,,,914,0,28,44,17,32.6429,20.7727,53.7647
2020/2021,Male,all,Private,JSS,JSS1,JSS1,lga,Ondo West,South West,Ondo,Ondo West,,,918,0,24,44,18,38.25,20.8636,51.0
2020/2021,Male,all,Private,JSS,JSS2,,lga,Akure North,South West,Ondo,Akure North,,,796,0,32,41,17,24.875,19.4146,46.8235
2020/2021,Male,all,Private,JSS,JSS2,,lga,Akure South,South West,Ondo,Akure South,,,757,0,32,39,15,23.6562,19.4103,50.4667
2020/2021,Male,all,Private,JSS,JSS2,,lga,Odigbo,South West,Ondo,Odigbo,,,743,0,28,38,14,26.5357,19.5526,53.0714
2020/2021,Male,all,Private,JSS,JSS2,,lga,Ondo East,South West,Ondo,Ondo East,,,751,0,28,39,16,26.8214,19.2564,46.9375
2020/2021,Male,all,Private,JSS,JSS2,,lga,Ondo West,South West,Ondo,Ondo West,,,753,0,28,38,14,26.8929,19.8158,53.7857
2020/2021,Male,all,Private,JSS,JSS3,,lga,Akure North,South West,Ondo,Akure North,,,632,0,32,34,12,19.75,18.5882,52.6667
2020/2021,Male,all,Private,JSS,JSS3,,lga,Akure South,South West,Ondo,Akure South,,,605,0,32,34,13,18.9062,17.7941,46.5385
2020/2021,Male,all,Private,JSS,JSS3,,lga,Odigbo,South West,Ondo,Odigbo,,,591,0,28,32,12,21.1071,18.4688,49.25
2020/2021,Male,all,Private,JSS,JSS3,,lga,Ondo East,South West,Ondo,Ondo East,,,598,0,28,32,12,21.3571,18.6875,49.8333
2020/2021,Male,all,Private,JSS,JSS3,,lga,Ondo West,South West,Ondo,Ondo West,,,599,0,28,31,12,21.3929,19.3226,49.9167
2020/2021,Male,all,Private,Pre-Primary/Primary,Primary 1,Primary 1,lga,Akure North,South West,Ondo,Akure North,,,2255,0,44,114,50,51.25,19.7807,45.1
2020/2021,Male,all,Private,Pre-Primary/Primary,Primary 1,Primary 1,lga,Akure South,South West,Ondo,Akure South,,,2474,0,44,123,54,56.2273,20.1138,45.8148
2020/2021,Male,all,Private,Pre-Primary/Primary,Primary 1,Primary 1,lga,Odigbo,South West,Ondo,Odigbo,,,2653,0,48,134,59,55.2708,19.7985,44.9661
2020/2021,Male,all,Private,Pre-Primary/Primary,Primary 1,Primary 1,lga,Ondo East,South West,Ondo,Ondo East,,,2747,0,44,134,58,62.4318,20.5,47.3621
2020/2021,Male,all,Private,Pre-Primary/Primary,Primary 1,Primary 1,lga,Ondo West,South West,Ondo,Ondo West,,,2838,0,48,139,62,59.125,20.4173,45.7742
2020/2021,Male,all,Private,Pre-Primary/Primary,Primary 2,,lga,Akure North,South West,Ondo,Akure North,,,2005,0,44,102,44,45.5682,19.6569,45.5682
2020/2021,Male,all,Private,Pre-Primary/Primary,Primary 2,,lga,Akure South,South West,Ondo,Akure South,,,2198,0,44,110,50,49.9545,19.9818,43.96
2020/2021,Male,all,Private,Pre-Primary/Primary,Primary 2,,lga,Odigbo,South West,Ondo,Odigbo,,,2356,0,48,120,53,49.0833,19.6333,44.4528
2020/2021,Male,all,Private,Pre-Primary/Primary,Primary 2,,lga,Ondo East,South West,Ondo,Ondo East,,,2438,0,48,120,54,50.7917,20.3167,45.1481
2020/2021,Male,all,Private,Pre-Primary/Primary,Primary 2,,lga,Ondo West,South West,Ondo,Ondo West,,,2520,0,48,124,55,52.5,20.3226,45.8182
2020/2021,Male,all,Private,Pre-Primary/Primary,Primary 3,,lga,Akure North,South West,Ondo,Akure North,,,1799,0,40,94,42,44.975,19.1383,42.8333
2020/2021,Male,all,Private,Pre-Primary/Primary,Primary 3,,lga,Akure South,South West,Ondo,Akure South,,,1975,0,44,98,42,44.8864,20.1531,47.0238
2020/2021,Male,all,Private,Pre-Primary/Primary,Primary 3,,lga,Odigbo,South West,Ondo,Odigbo,,,2120,0,48,108,47,44.1667,19.6296,45.1064
2020/2021,Male,all,Private,Pre-Primary/Primary,Primary 3,,lga,Ondo East,South West,Ondo,Ondo East,,,2194,0,52,108,47,42.1923,20.3148,46.6809
2020/2021,Male,all,Private,Pre-Primary/Primary,Primary 3,,lga,Ondo West,South West,Ondo,Ondo West,,,2268,0,48,112,48,47.25,20.25,47.25
2020/2021,Male,all,Private,Pre-Primary/Primary,Primary 4,,lga,Akure North,South West,Ondo,Akure North,,,1646,0,44,86,37,37.4091,19.1395,44.4865
2020/2021,Male,all,Private,Pre-Primary/Primary,Primary 4,,lga,Akure South,South West,Ondo,Akure South,,,1804,0,44,92,39,41.0,19.6087,46.2564
2020/2021,Male,all,Private,Pre-Primary/Primary,Primary 4,,lga,Odigbo,South West,Ondo,Odigbo,,,1937,0,48,98,41,40.3542,19.7653,47.2439
2020/2021,Male,all,Private,Pre-Primary/Primary,Primary 4,,lga,Ondo East,South West,Ondo,Ondo East,,,2005,0,48,100,44,41.7708,20.05,45.5682
2020/2021,Male,all,Private,Pre-Primary/Primary,Primary 4,,lga,Ondo West,South West,Ondo,Ondo West,,,2071,0,52,102,45,39.8269,20.3039,46.0222
2020/2021,Male,all,Private,Pre-Primary/Primary,Primary 5,,lga,Akure North,South West,Ondo,Akure North,,,1542,0,40,80,35,38.55,19.275,44.0571
2020/2021,Male,all,Private,Pre-Primary/Primary,Primary 5,,lga,Akure South,South West,Ondo,Akure South,,,1689,0,44,86,37,38.3864,19.6395,45.6486
2020/2021,Male,all,Private,Pre-Primary/Primary,Primary 5,,lga,Odigbo,South West,Ondo,Odigbo,,,1814,0,48,93,39,37.7917,19.5054,46.5128
2020/2021,Male,all,Private,Pre-Primary/Primary,Primary 5,,lga,Ondo East,South West,Ondo,Ondo East,,,1877,0,48,93,40,39.1042,20.1828,46.925
2020/2021,Male,all,Private,Pre-Primary/Primary,Primary 5,,lga,Ondo West,South West,Ondo,Ondo West,,,1939,0,52,96,42,37.2885,20.1979,46.1667
2020/2021,Male,all,Private,Pre-Primary/Primary,Primary 6,,lga,Akure North,South West,Ondo,Akure North,,,1389,0,40,73,30,34.725,19.0274,46.3
2020/2021,Male,all,Private,Pre-Primary/Primary,Primary 6,,lga,Akure South,South West,Ondo,Akure South,,,1529,0,44,79,33,34.75,19.3544,46.3333
2020/2021,Male,all,Private,Pre-Primary/Primary,Primary 6,,lga,Odigbo,South West,Ondo,Odigbo,,,1641,0,48,84,36,34.1875,19.5357,45.5833
2020/2021,Male,all,Private,Pre-Primary/Primary,Primary 6,,lga,Ondo East,South West,Ondo,Ondo East,,,1697,0,48,86,37,35.3542,19.7326,45.8649
2020/2021,Male,all,Private,Pre-Primary/Primary,Primary 6,,lga,Ondo West,South West,Ondo,Ondo West,,,1752,0,48,88,37,36.5,19.9091,47.3514
2020/2021,Male,all,Private,SSS,SSS1,SSS1,lga,Akure North,South West,Ondo,Akure North,,,977,3,36,48,19,27.1389,20.3542,51.4211
2020/2021,Male,all,Private,SSS,SSS1,SSS1,lga,Akure South,South West,Ondo,Akure South,,,997,3,36,51,21,27.6944,19.549,47.4762
2020/2021,Male,all,Private,SSS,SSS1,SSS1,lga,Odigbo,South West,Ondo,Odigbo,,,858,3,28,42,18,30.6429,20.4286,47.6667
2020/2021,Male,all,Private,SSS,SSS1,SSS1,lga,Ondo East,South West,Ondo,Ondo East,,,947,3,32,46,18,29.5938,20.587,52.6111
2020/2021,Male,all,Private,SSS,SSS1,SSS1,lga,Ondo West,South West,Ondo,Ondo West,,,951,3,32,49,21,29.7188,19.4082,45.2857
2020/2021,Male,all,Private,SSS,SSS2,,lga,Akure North,South West,Ondo,Akure North,,,782,3,32,40,16,24.4375,19.55,48.875
2020/2021,Male,all,Private,SSS,SSS2,,lga,Akure South,South West,Ondo,Akure South,,,803,3,32,41,16,25.0938,19.5854,50.1875
2020/2021,Male,all,Private,SSS,SSS2,,lga,Odigbo,South West,Ondo,Odigbo,,,690,3,24,35,12,28.75,19.7143,57.5
2020/2021,Male,all,Private,SSS,SSS2,,lga,Ondo East,South West,Ondo,Ondo East,,,765,3,28,38,15,27.3214,20.1316,51.0
2020/2021,Male,all,Private,SSS,SSS2,,lga,Ondo West,South West,Ondo,Ondo West,,,761,3,32,40,16,23.7812,19.025,47.5625
2020/2021,Male,all,Private,SSS,SSS3,,lga,Akure North,South West,Ondo,Akure North,,,610,3,36,33,12,16.9444,18.4848,50.8333
2020/2021,Male,all,Private,SSS,SSS3,,lga,Akure South,South West,Ondo,Akure South,,,622,3,32,33,13,19.4375,18.8485,47.8462
2020/2021,Male,all,Private,SSS,SSS3,,lga,Odigbo,South West,Ondo,Odigbo,,,540,3,24,30,12,22.5,18.0,45.0
2020/2021,Male,all,Private,SSS,SSS3,,lga,Ondo East,South West,Ondo,Ondo East,,,594,3,32,31,11,18.5625,19.1613,54.0
2020/2021,Male,all,Private,SSS,SSS3,,lga,Ondo West,South West,Ondo,Ondo West,,,596,3,32,32,12,18.625,18.625,49.6667
2020/2021,Male,all,Private,Vocational,Vocational Year 1,,lga,Akure North,South West,Ondo,Akure North,,,104,0,16,12,0,6.5,8.6667,0.0
2020/2021,Male,all,Private,Vocational,Vocational Year 1,,lga,Akure South,South West,Ondo,Akure South,,,110,0,16,13,1,6.875,8.4615,110.0
2020/2021,Male,all,Private,Vocational,Vocational Year 1,,lga,Odigbo,South West,Ondo,Odigbo,,,87,0,12,12,0,7.25,7.25,0.0
2020/2021,Male,all,Private,Vocational,Vocational Year 1,,lga,Ondo East,South West,Ondo,Ondo East,,,98,0,16,13,1,6.125,7.5385,98.0
2020/2021,Male,all,Private,Vocational,Vocational Year 1,,lga,Ondo West,South West,Ondo,Ondo West,,,90,0,16,13,1,5.625,6.9231,90.0
2020/2021,Male,all,Private,Vocational,Vocational Year 2,,lga,Akure North,South West,Ondo,Akure North,,,87,0,20,12,0,4.35,7.25,0.0
2020/2021,Male,all,Private,Vocational,Vocational Year 2,,lga,Akure South,South West,Ondo,Akure South,,,93,0,16,13,1,5.8125,7.1538,93.0
2020/2021,Male,all,Private,Vocational,Vocational Year 2,,lga,Odigbo,South West,Ondo,Odigbo,,,73,0,12,12,0,6.0833,6.0833,0.0
2020/2021,Male,all,Private,Vocational,Vocational Year 2,,lga,Ondo East,South West,Ondo,Ondo East,,,83,0,16,12,0,5.1875,6.9167,0.0
2020/2021,Male,all,Private,Vocational,Vocational Year 2,,lga,Ondo West,South West,Ondo,Ondo West,,,77,0,16,12,0,4.8125,6.4167,0.0
2020/2021,Male,all,Private,Vocational,Vocational Year 3,,lga,Akure North,South West,Ondo,Akure North,,,66,0,20,12,0,3.3,5.5,0.0
2020/2021,Male,all,Private,Vocational,Vocational Year 3,,lga,Akure South,South West,Ondo,Akure South,,,68,0,16,12,0,4.25,5.6667,0.0
2020/2021,Male,all,Private,Vocational,Vocational Year 3,,lga,Odigbo,South West,Ondo,Odigbo,,,54,0,12,12,0,4.5,4.5,0.0
2020/2021,Male,all,Private,Vocational,Vocational Year 3,,lga,Ondo East,South West,Ondo,Ondo East,,,62,0,16,12,0,3.875,5.1667,0.0
2020/2021,Male,all,Private,Vocational,Vocational Year 3,,lga,Ondo West,South West,Ondo,Ondo West,,,55,0,16,12,0,3.4375,4.5833,0.0
2020/2021,Male,all,Public,Adult & Non-Formal,IQS/IQTS Stage 1,,lga,Akure North,South West,Ondo,Akure North,,,718,0,20,57,24,35.9,12.5965,29.9167
2020/2021,Male,all,Public,Adult & Non-Formal,IQS/IQTS Stage 1,,lga,Akure South,South West,Ondo,Akure South,,,641,0,20,49,20,32.05,13.0816,32.05
2020/2021,Male,all,Public,Adult & Non-Formal,IQS/IQTS Stage 1,,lga,Odigbo,South West,Ondo,Odigbo,,,654,0,24,51,21,27.25,12.8235,31.1429
2020/2021,Male,all,Public,Adult & Non-Formal,IQS/IQTS Stage 1,,lga,Ondo East,South West,Ondo,Ondo East,,,598,0,20,47,20,29.9,12.7234,29.9
2020/2021,Male,all,Public,Adult & Non-Formal,IQS/IQTS Stage 1,,lga,Ondo West,South West,Ondo,Ondo West,,,642,0,16,51,21,40.125,12.5882,30.5714
2020/2021,Male,all,Public,Adult & Non-Formal,IQS/IQTS Stage 2,,lga,Akure North,South West,Ondo,Akure North,,,558,0,24,44,17,23.25,12.6818,32.8235
2020/2021,Male,all,Public,Adult & Non-Formal,IQS/IQTS Stage 2,,lga,Akure South,South West,Ondo,Akure South,,,497,0,20,39,16,24.85,12.7436,31.0625
2020/2021,Male,all,Public,Adult & Non-Formal,IQS/IQTS Stage 2,,lga,Odigbo,South West,Ondo,Odigbo,,,508,0,24,42,15,21.1667,12.0952,33.8667
2020/2021,Male,all,Public,Adult & Non-Formal,IQS/IQTS Stage 2,,lga,Ondo East,South West,Ondo,Ondo East,,,466,0,20,39,15,23.3,11.9487,31.0667
2020/2021,Male,all,Public,Adult & Non-Formal,IQS/IQTS Stage 2,,lga,Ondo West,South West,Ondo,Ondo West,,,500,0,16,39,15,31.25,12.8205,33.3333
2020/2021,Male,all,Public,Adult & Non-Formal,IQS/IQTS Stage 3,,lga,Akure North,South West,Ondo,Akure North,,,305,0,24,27,9,12.7083,11.2963,33.8889
2020/2021,Male,all,Public,Adult & Non-Formal,IQS/IQTS Stage 3,,lga,Akure South,South West,Ondo,Akure South,,,272,0,20,23,7,13.6,11.8261,38.8571
2020/2021,Male,all,Public,Adult & Non-Formal,IQS/IQTS Stage 3,,lga,Odigbo,South West,Ondo,Odigbo,,,279,0,24,27,9,11.625,10.3333,31.0
2020/2021,Male,all,Public,Adult & Non-Formal,IQS/IQTS Stage 3,,lga,Ondo East,South West,Ondo,Ondo East,,,255,0,20,24,8,12.75,10.625,31.875
2020/2021,Male,all,Public,Adult & Non-Formal,IQS/IQTS Stage 3,,lga,Ondo West,South West,Ondo,Ondo West,,,275,0,16,25,8,17.1875,11.0,34.375
2020/2021,Male,all,Public,JSS,JSS1,JSS1,lga,Akure North,South West,Ondo,Akure North,,,2811,0,88,127,56,31.9432,22.1339,50.1964
2020/2021,Male,all,Public,JSS,JSS1,JSS1,lga,Akure South,South West,Ondo,Akure South,,,2681,0,84,124,55,31.9167,21.621,48.7455
2020/2021,Male,all,Public,JSS,JSS1,JSS1,lga,Odigbo,South West,Ondo,Odigbo,,,2834,0,88,125,54,32.2045,22.672,52.4815
2020/2021,Male,all,Public,JSS,JSS1,JSS1,lga,Ondo East,South West,Ondo,Ondo East,,,2624,0,84,119,52,31.2381,22.0504,50.4615
2020/2021,Male,all,Public,JSS,JSS1,JSS1,lga,Ondo West,South West,Ondo,Ondo West,,,2789,0,88,127,55,31.6932,21.9606,50.7091
2020/2021,Male,all,Public,JSS,JSS2,,lga,Akure North,South West,Ondo,Akure North,,,2309,0,88,105,45,26.2386,21.9905,51.3111
2020/2021,Male,all,Public,JSS,JSS2,,lga,Akure South,South West,Ondo,Akure South,,,2202,0,80,103,44,27.525,21.3786,50.0455
2020/2021,Male,all,Public,JSS,JSS2,,lga,Odigbo,South West,Ondo,Odigbo,,,2328,0,80,104,44,29.1,22.3846,52.9091
2020/2021,Male,all,Public,JSS,JSS2,,lga,Ondo East,South West,Ondo,Ondo East,,,2158,0,80,99,43,26.975,21.798,50.186
2020/2021,Male,all,Public,JSS,JSS2,,lga,Ondo West,South West,Ondo,Ondo West,,,2287,0,92,106,46,24.8587,21.5755,49.7174
2020/2021,Male,all,Public,JSS,JSS3,,lga,Akure North,South West,Ondo,Akure North,,,1836,0,88,86,36,20.8636,21.3488,51.0
2020/2021,Male,all,Public,JSS,JSS3,,lga,Akure South,South West,Ondo,Akure South,,,1753,0,88,82,36,19.9205,21.378,48.6944
2020/2021,Male,all,Public,JSS,JSS3,,lga,Odigbo,South West,Ondo,Odigbo,,,1858,0,80,83,35,23.225,22.3855,53.0857
2020/2021,Male,all,Public,JSS,JSS3,,lga,Ondo East,South West,Ondo,Ondo East,,,1718,0,84,80,33,20.4524,21.475,52.0606
2020/2021,Male,all,Public,JSS,JSS3,,lga,Ondo West,South West,Ondo,Ondo West,,,1826,0,92,85,37,19.8478,21.4824,49.3514
2020/2021,Male,all,Public,Pre-Primary/Primary,Primary 1,Primary 1,lga,Akure North,South West,Ondo,Akure North,,,10163,0,188,500,230,54.0585,20.326,44.187
2020/2021,Male,all,Public,Pre-Primary/Primary,Primary 1,Primary 1,lga,Akure South,South West,Ondo,Akure South,,,9531,0,164,475,218,58.1159,20.0653,43.7202
2020/2021,Male,all,Public,Pre-Primary/Primary,Primary 1,Primary 1,lga,Odigbo,South West,Ondo,Odigbo,,,9496,0,164,466,214,57.9024,20.3777,44.3738
2020/2021,Male,all,Public,Pre-Primary/Primary,Primary 1,Primary 1,lga,Ondo East,South West,Ondo,Ondo East,,,8957,0,164,439,200,54.6159,20.4032,44.785
2020/2021,Male,all,Public,Pre-Primary/Primary,Primary 1,Primary 1,lga,Ondo West,South West,Ondo,Ondo West,,,9278,0,168,460,212,55.2262,20.1696,43.7642
2020/2021,Male,all,Public,Pre-Primary/Primary,Primary 2,,lga,Akure North,South West,Ondo,Akure North,,,9024,0,192,447,205,47.0,20.1879,44.0195
2020/2021,Male,all,Public,Pre-Primary/Primary,Primary 2,,lga,Akure South,South West,Ondo,Akure South,,,8463,0,176,420,193,48.0852,20.15,43.8497
2020/2021,Male,all,Public,Pre-Primary/Primary,Primary 2,,lga,Odigbo,South West,Ondo,Odigbo,,,8435,0,164,413,189,51.4329,20.4237,44.6296
2020/2021,Male,all,Public,Pre-Primary/Primary,Primary 2,,lga,Ondo East,South West,Ondo,Ondo East,,,7954,0,152,387,178,52.3289,20.553,44.6854
2020/2021,Male,all,Public,Pre-Primary/Primary,Primary 2,,lga,Ondo West,South West,Ondo,Ondo West,,,8238,0,168,408,187,49.0357,20.1912,44.0535
2020/2021,Male,all,Public,Pre-Primary/Primary,Primary 3,,lga,Akure North,South West,Ondo,Akure North,,,8112,0,176,400,183,46.0909,20.28,44.3279
2020/2021,Male,all,Public,Pre-Primary/Primary,Primary 3,,lga,Akure South,South West,Ondo,Akure South,,,7608,0,168,377,174,45.2857,20.1804,43.7241
2020/2021,Male,all,Public,Pre-Primary/Primary,Primary 3,,lga,Odigbo,South West,Ondo,Odigbo,,,7582,0,168,369,169,45.131,20.5474,44.8639
2020/2021,Male,all,Public,Pre-Primary/Primary,Primary 3,,lga,Ondo East,South West,Ondo,Ondo East,,,7151,0,168,347,158,42.5655,20.6081,45.2595
2020/2021,Male,all,Public,Pre-Primary/Primary,Primary 3,,lga,Ondo West,South West,Ondo,Ondo West,,,7404,0,172,364,165,43.0465,20.3407,44.8727
2020/2021,Male,all,Public,Pre-Primary/Primary,Primary 4,,lga,Akure North,South West,Ondo,Akure North,,,7417,0,184,366,168,40.3098,20.265,44.1488
2020/2021,Male,all,Public,Pre-Primary/Primary,Primary 4,,lga,Akure South,South West,Ondo,Akure South,,,6954,0,176,347,159,39.5114,20.0403,43.7358
2020/2021,Male,all,Public,Pre-Primary/Primary,Primary 4,,lga,Odigbo,South West,Ondo,Odigbo,,,6931,0,172,337,156,40.2965,20.5668,44.4295
2020/2021,Male,all,Public,Pre-Primary/Primary,Primary 4,,lga,Ondo East,South West,Ondo,Ondo East,,,6537,0,160,319,146,40.8562,20.4922,44.774
2020/2021,Male,all,Public,Pre-Primary/Primary,Primary 4,,lga,Ondo West,South West,Ondo,Ondo West,,,6769,0,156,332,150,43.391,20.3886,45.1267
2020/2021,Male,all,Public,Pre-Primary/Primary,Primary 5,,lga,Akure North,South West,Ondo,Akure North,,,6945,0,180,342,157,38.5833,20.307,44.2357
2020/2021,Male,all,Public,Pre-Primary/Primary,Primary 5,,lga,Akure South,South West,Ondo,Akure South,,,6512,0,180,325,148,36.1778,20.0369,44.0
2020/2021,Male,all,Public,Pre-Primary/Primary,Primary 5,,lga,Odigbo,South West,Ondo,Odigbo,,,6489,0,180,318,145,36.05,20.4057,44.7517
2020/2021,Male,all,Public,Pre-Primary/Primary,Primary 5,,lga,Ondo East,South West,Ondo,Ondo East,,,6121,0,152,298,137,40.2697,20.5403,44.6788
2020/2021,Male,all,Public,Pre-Primary/Primary,Primary 5,,lga,Ondo West,South West,Ondo,Ondo West,,,6338,0,168,313,142,37.7262,20.2492,44.6338
2020/2021,Male,all,Public,Pre-Primary/Primary,Primary 6,,lga,Akure North,South West,Ondo,Akure North,,,6277,0,176,310,142,35.6648,20.2484,44.2042
2020/2021,Male,all,Public,Pre-Primary/Primary,Primary 6,,lga,Akure South,South West,Ondo,Akure South,,,5887,0,160,293,134,36.7938,20.0922,43.9328
2020/2021,Male,all,Public,Pre-Primary/Primary,Primary 6,,lga,Odigbo,South West,Ondo,Odigbo,,,5868,0,168,288,131,34.9286,20.375,44.7939
2020/2021,Male,all,Public,Pre-Primary/Primary,Primary 6,,lga,Ondo East,South West,Ondo,Ondo East,,,5533,0,160,271,125,34.5812,20.417,44.264
2020/2021,Male,all,Public,Pre-Primary/Primary,Primary 6,,lga,Ondo West,South West,Ondo,Ondo West,,,5729,0,176,283,129,32.5511,20.2438,44.4109
2020/2021,Male,all,Public,SSS,SSS1,SSS1,lga,Akure North,South West,Ondo,Akure North,,,1967,3,72,96,41,27.3194,20.4896,47.9756
2020/2021,Male,all,Public,SSS,SSS1,SSS1,lga,Akure South,South West,Ondo,Akure South,,,1897,3,64,91,40,29.6406,20.8462,47.425
2020/2021,Male,all,Public,SSS,SSS1,SSS1,lga,Odigbo,South West,Ondo,Odigbo,,,2099,3,76,97,42,27.6184,21.6392,49.9762
2020/2021,Male,all,Public,SSS,SSS1,SSS1,lga,Ondo East,South West,Ondo,Ondo East,,,1825,3,64,88,38,28.5156,20.7386,48.0263
2020/2021,Male,all,Public,SSS,SSS1,SSS1,lga,Ondo West,South West,Ondo,Ondo West,,,1931,3,68,91,39,28.3971,21.2198,49.5128
2020/2021,Male,all,Public,SSS,SSS2,,lga,Akure North,South West,Ondo,Akure North,,,1583,3,68,78,34,23.2794,20.2949,46.5588
2020/2021,Male,all,Public,SSS,SSS2,,lga,Akure South,South West,Ondo,Akure South,,,1525,3,64,74,32,23.8281,20.6081,47.6562
2020/2021,Male,all,Public,SSS,SSS2,,lga,Odigbo,South West,Ondo,Odigbo,,,1687,3,68,79,34,24.8088,21.3544,49.6176
2020/2021,Male,all,Public,SSS,SSS2,,lga,Ondo East,South West,Ondo,Ondo East,,,1469,3,64,73,31,22.9531,20.1233,47.3871
2020/2021,Male,all,Public,SSS,SSS2,,lga,Ondo West,South West,Ondo,Ondo West,,,1555,3,68,76,32,22.8676,20.4605,48.5938
2020/2021,Male,all,Public,SSS,SSS3,,lga,Akure North,South West,Ondo,Akure North,,,1233,3,72,63,28,17.125,19.5714,44.0357
2020/2021,Male,all,Public,SSS,SSS3,,lga,Akure South,South West,Ondo,Akure South,,,1189,3,68,59,26,17.4853,20.1525,45.7308
2020/2021,Male,all,Public,SSS,SSS3,,lga,Odigbo,South West,Ondo,Odigbo,,,1313,3,68,63,28,19.3088,20.8413,46.8929
2020/2021,Male,all,Public,SSS,SSS3,,lga,Ondo East,South West,Ondo,Ondo East,,,1142,3,68,58,25,16.7941,19.6897,45.68
2020/2021,Male,all,Public,SSS,SSS3,,lga,Ondo West,South West,Ondo,Ondo West,,,1212,3,68,61,25,17.8235,19.8689,48.48
2020/2021,Male,all,Public,Vocational,Vocational Year 1,,lga,Akure North,South West,Ondo,Akure North,,,129,0,20,14,2,6.45,9.2143,64.5
2020/2021,Male,all,Public,Vocational,Vocational Year 1,,lga,Akure South,South West,Ondo,Akure South,,,122,0,20,13,1,6.1,9.3846,122.0
2020/2021,Male,all,Public,Vocational,Vocational Year 1,,lga,Odigbo,South West,Ondo,Odigbo,,,135,0,24,14,2,5.625,9.6429,67.5
2020/2021,Male,all,Public,Vocational,Vocational Year 1,,lga,Ondo East,South West,Ondo,Ondo East,,,123,0,20,14,2,6.15,8.7857,61.5
2020/2021,Male,all,Public,Vocational,Vocational Year 1,,lga,Ondo West,South West,Ondo,Ondo West,,,139,0,24,14,1,5.7917,9.9286,139.0
2020/2021,Male,all,Public,Vocational,Vocational Year 2,,lga,Akure North,South West,Ondo,Akure North,,,111,0,24,13,1,4.625,8.5385,111.0
2020/2021,Male,all,Public,Vocational,Vocational Year 2,,lga,Akure South,South West,Ondo,Akure South,,,104,0,20,13,1,5.2,8.0,104.0
2020/2021,Male,all,Public,Vocational,Vocational Year 2,,lga,Odigbo,South West,Ondo,Odigbo,,,116,0,24,14,2,4.8333,8.2857,58.0
2020/2021,Male,all,Public,Vocational,Vocational Year 2,,lga,Ondo East,South West,Ondo,Ondo East,,,104,0,20,13,1,5.2,8.0,104.0
2020/2021,Male,all,Public,Vocational,Vocational Year 2,,lga,Ondo West,South West,Ondo,Ondo West,,,118,0,24,13,1,4.9167,9.0769,118.0
2020/2021,Male,all,Public,Vocational,Vocational Year 3,,lga,Akure North,South West,Ondo,Akure North,,,81,0,28,12,0,2.8929,6.75,0.0
2020/2021,Male,all,Public,Vocational,Vocational Year 3,,lga,Akure South,South West,Ondo,Akure South,,,77,0,20,12,0,3.85,6.4167,0.0
2020/2021,Male,all,Public,Vocational,Vocational Year 3,,lga,Odigbo,South West,Ondo,Odigbo,,,85,0,24,12,0,3.5417,7.0833,0.0
2020/2021,Male,all,Public,Vocational,Vocational Year 3,,lga,Ondo East,South West,Ondo,Ondo East,,,77,0,20,12,0,3.85,6.4167,0.0
2020/2021,Male,all,Public,Vocational,Vocational Year 3,,lga,Ondo West,South West,Ondo,Ondo West,,,87,0,24,13,1,3.625,6.6923,87.0
2020/2021,Male,disabled,Private,Adult & Non-Formal,IQS/IQTS Stage 1,,lga,Akure North,South West,Ondo,Akure North,,,9,0,12,34,12,0.75,0.2647,0.75
2020/2021,Male,disabled,Private,Adult & Non-Formal,IQS/IQTS Stage 1,,lga,Akure South,South West,Ondo,Akure South,,,11,0,16,39,15,0.6875,0.2821,0.7333
2020/2021,Male,disabled,Private,Adult & Non-Formal,IQS/IQTS Stage 1,,lga,Odigbo,South West,Ondo,Odigbo,,,11,0,12,37,13,0.9167,0.2973,0.8462
2020/2021,Male,disabled,Private,Adult & Non-Formal,IQS/IQTS Stage 1,,lga,Ondo East,South West,Ondo,Ondo East,,,10,0,12,35,13,0.8333,0.2857,0.7692
2020/2021,Male,disabled,Private,Adult & Non-Formal,IQS/IQTS Stage 1,,lga,Ondo West,South West,Ondo,Ondo West,,,12,0,16,35,13,0.75,0.3429,0.9231
2020/2021,Male,disabled,Private,Adult & Non-Formal,IQS/IQTS Stage 2,,lga,Akure North,South West,Ondo,Akure North,,,7,0,12,29,10,0.5833,0.2414,0.7
2020/2021,Male,disabled,Private,Adult & Non-Formal,IQS/IQTS Stage 2,,lga,Akure South,South West,Ondo,Akure South,,,8,0,16,31,11,0.5,0.2581,0.7273
2020/2021,Male,disabled,Private,Adult & Non-Formal,IQS/IQTS Stage 2,,lga,Odigbo,South West,Ondo,Odigbo,,,8,0,12,31,11,0.6667,0.2581,0.7273
2020/2021,Male,disabled,Private,Adult & Non-Formal,IQS/IQTS Stage 2,,lga,Ondo East,South West,Ondo,Ondo East,,,8,0,12,28,9,0.6667,0.2857,0.8889
2020/2021,Male,disabled,Private,Adult & Non-Formal,IQS/IQTS Stage 2,,lga,Ondo West,South West,Ondo,Ondo West,,,9,0,16,29,10,0.5625,0.3103,0.9
2020/2021,Male,disabled,Private,Adult & Non-Formal,IQS/IQTS Stage 3,,lga,Akure North,South West,Ondo,Akure North,,,4,0,12,17,5,0.3333,0.2353,0.8
2020/2021,Male,disabled,Private,Adult & Non-Formal,IQS/IQTS Stage 3,,lga,Akure South,South West,Ondo,Akure South,,,5,0,16,19,6,0.3125,0.2632,0.8333
2020/2021,Male,disabled,Private,Adult & Non-Formal,IQS/IQTS Stage 3,,lga,Odigbo,South West,Ondo,Odigbo,,,4,0,12,19,5,0.3333,0.2105,0.8
2020/2021,Male,disabled,Private,Adult & Non-Formal,IQS/IQTS Stage 3,,lga,Ondo East,South West,Ondo,Ondo East,,,5,0,12,19,5,0.4167,0.2632,1.0
2020/2021,Male,disabled,Private,Adult & Non-Formal,IQS/IQTS Stage 3,,lga,Ondo West,South West,Ondo,Ondo West,,,5,0,16,18,4,0.3125,0.2778,1.25
2020/2021,Male,disabled,Private,JSS,JSS1,JSS1,lga,Akure North,South West,Ondo,Akure North,,,21,0,32,50,20,0.6562,0.42,1.05
2020/2021,Male,disabled,Private,JSS,JSS1,JSS1,lga,Akure South,South West,Ondo,Akure South,,,22,0,32,47,19,0.6875,0.4681,1.1579
2020/2021,Male,disabled,Private,JSS,JSS1,JSS1,lga,Odigbo,South West,Ondo,Odigbo,,,21,0,24,45,18,0.875,0.4667,1.1667
2020/2021,Male,disabled,Private,JSS,JSS1,JSS1,lga,Ondo East,South West,Ondo,Ondo East,,,21,0,28,44,17,0.75,0.4773,1.2353
2020/2021,Male,disabled,Private,JSS,JSS1,JSS1,lga,Ondo West,South West,Ondo,Ondo West,,,23,0,24,44,18,0.9583,0.5227,1.2778
2020/2021,Male,disabled,Private,JSS,JSS2,,lga,Akure North,South West,Ondo,Akure North,,,15,0,32,41,17,0.4688,0.3659,0.8824
2020/2021,Male,disabled,Private,JSS,JSS2,,lga,Akure South,South West,Ondo,Akure South,,,17,0,32,39,15,0.5312,0.4359,1.1333
2020/2021,Male,disabled,Private,JSS,JSS2,,lga,Odigbo,South West,Ondo,Odigbo,,,17,0,28,38,14,0.6071,0.4474,1.2143
2020/2021,Male,disabled,Private,JSS,JSS2,,lga,Ondo East,South West,Ondo,Ondo East,,,17,0,28,39,16,0.6071,0.4359,1.0625
2020/2021,Male,disabled,Private,JSS,JSS2,,lga,Ondo West,South West,Ondo,Ondo West,,,18,0,28,38,14,0.6429,0.4737,1.2857
2020/2021,Male,disabled,Private,JSS,JSS3,,lga,Akure North,South West,Ondo,Akure North,,,11,0,32,34,12,0.3438,0.3235,0.9167
2020/2021,Male,disabled,Private,JSS,JSS3,,lga,Akure South,South West,Ondo,Akure South,,,13,0,32,34,13,0.4062,0.3824,1.0
2020/2021,Male,disabled,Private,JSS,JSS3,,lga,Odigbo,South West,Ondo,Odigbo,,,13,0,28,32,12,0.4643,0.4062,1.0833
2020/2021,Male,disabled,Private,JSS,JSS3,,lga,Ondo East,South West,Ondo,Ondo East,,,13,0,28,32,12,0.4643,0.4062,1.0833
2020/2021,Male,disabled,Private,JSS,JSS3,,lga,Ondo West,South West,Ondo,Ondo West,,,14,0,28,31,12,0.5,0.4516,1.1667
2020/2021,Male,disabled,Private,Pre-Primary/Primary,Primary 1,Primary 1,lga,Akure North,South West,Ondo,Akure North,,,74,0,44,114,50,1.6818,0.6491,1.48
2020/2021,Male,disabled,Private,Pre-Primary/Primary,Primary 1,Primary 1,lga,Akure South,South West,Ondo,Akure South,,,76,0,44,123,54,1.7273,0.6179,1.4074
2020/2021,Male,disabled,Private,Pre-Primary/Primary,Primary 1,Primary 1,lga,Odigbo,South West,Ondo,Odigbo,,,72,0,48,134,59,1.5,0.5373,1.2203
2020/2021,Male,disabled,Private,Pre-Primary/Primary,Primary 1,Primary 1,lga,Ondo East,South West,Ondo,Ondo East,,,88,0,44,134,58,2.0,0.6567,1.5172
2020/2021,Male,disabled,Private,Pre-Primary/Primary,Primary 1,Primary 1,lga,Ondo West,South West,Ondo,Ondo West,,,83,0,48,139,62,1.7292,0.5971,1.3387
2020/2021,Male,disabled,Private,Pre-Primary/Primary,Primary 2,,lga,Akure North,South West,Ondo,Akure North,,,67,0,44,102,44,1.5227,0.6569,1.5227
2020/2021,Male,disabled,Private,Pre-Primary/Primary,Primary 2,,lga,Akure South,South West,Ondo,Akure South,,,67,0,44,110,50,1.5227,0.6091,1.34
2020/2021,Male,disabled,Private,Pre-Primary/Primary,Primary 2,,lga,Odigbo,South West,Ondo,Odigbo,,,64,0,48,120,53,1.3333,0.5333,1.2075
2020/2021,Male,disabled,Private,Pre-Primary/Primary,Primary 2,,lga,Ondo East,South West,Ondo,Ondo East,,,77,0,48,120,54,1.6042,0.6417,1.4259
2020/2021,Male,disabled,Private,Pre-Primary/Primary,Primary 2,,lga,Ondo West,South West,Ondo,Ondo West,,,73,0,48,124,55,1.5208,0.5887,1.3273
2020/2021,Male,disabled,Private,Pre-Primary/Primary,Primary 3,,lga,Akure North,South West,Ondo,Akure North,,,59,0,40,94,42,1.475,0.6277,1.4048
2020/2021,Male,disabled,Private,Pre-Primary/Primary,Primary 3,,lga,Akure South,South West,Ondo,Akure South,,,61,0,44,98,42,1.3864,0.6224,1.4524
2020/2021,Male,disabled,Private,Pre-Primary/Primary,Primary 3,,lga,Odigbo,South West,Ondo,Odigbo,,,58,0,48,108,47,1.2083,0.537,1.234
2020/2021,Male,disabled,Private,Pre-Primary/Primary,Primary 3,,lga,Ondo East,South West,Ondo,Ondo East,,,70,0,52,108,47,1.3462,0.6481,1.4894
2020/2021,Male,disabled,Private,Pre-Primary/Primary,Primary 3,,lga,Ondo West,South West,Ondo,Ondo West,,,67,0,48,112,48,1.3958,0.5982,1.3958
2020/2021,Male,disabled,Private,Pre-Primary/Primary,Primary 4,,lga,Akure North,South West,Ondo,Akure North,,,55,0,44,86,37,1.25,0.6395,1.4865
2020/2021,Male,disabled,Private,Pre-Primary/Primary,Primary 4,,lga,Akure South,South West,Ondo,Akure South,,,55,0,44,92,39,1.25,0.5978,1.4103
2020/2021,Male,disabled,Private,Pre-Primary/Primary,Primary 4,,lga,Odigbo,South West,Ondo,Odigbo,,,54,0,48,98,41,1.125,0.551,1.3171
2020/2021,Male,disabled,Private,Pre-Primary/Primary,Primary 4,,lga,Ondo East,South West,Ondo,Ondo East,,,63,0,48,100,44,1.3125,0.63,1.4318
2020/2021,Male,disabled,Private,Pre-Primary/Primary,Primary 4,,lga,Ondo West,South West,Ondo,Ondo West,,,60,0,52,102,45,1.1538,0.5882,1.3333
2020/2021,Male,disabled,Private,Pre-Primary/Primary,Primary 5,,lga,Akure North,South West,Ondo,Akure North,,,52,0,40,80,35,1.3,0.65,1.4857
2020/2021,Male,disabled,Private,Pre-Primary/Primary,Primary 5,,lga,Akure South,South West,Ondo,Akure South,,,52,0,44,86,37,1.1818,0.6047,1.4054
2020/2021,Male,disabled,Private,Pre-Primary/Primary,Primary 5,,lga,Odigbo,South West,Ondo,Odigbo,,,51,0,48,93,39,1.0625,0.5484,1.3077
2020/2021,Male,disabled,Private,Pre-Primary/Primary,Primary 5,,lga,Ondo East,South West,Ondo,Ondo East,,,59,0,48,93,40,1.2292,0.6344,1.475
2020/2021,Male,disabled,Private,Pre-Primary/Primary,Primary 5,,lga,Ondo West,South West,Ondo,Ondo West,,,56,0,52,96,42,1.0769,0.5833,1.3333
2020/2021,Male,disabled,Private,Pre-Primary/Primary,Primary 6,,lga,Akure North,South West,Ondo,Akure North,,,44,0,40,73,30,1.1,0.6027,1.4667
2020/2021,Male,disabled,Private,Pre-Primary/Primary,Primary 6,,lga,Akure South,South West,Ondo,Akure South,,,47,0,44,79,33,1.0682,0.5949,1.4242
2020/2021,Male,disabled,Private,Pre-Primary/Primary,Primary 6,,lga,Odigbo,South West,Ondo,Odigbo,,,46,0,48,84,36,0.9583,0.5476,1.2778
2020/2021,Male,disabled,Private,Pre-Primary/Primary,Primary 6,,lga,Ondo East,South West,Ondo,Ondo East,,,54,0,48,86,37,1.125,0.6279,1.4595
2020/2021,Male,disabled,Private,Pre-Primary/Primary,Primary 6,,lga,Ondo West,South West,Ondo,Ondo West,,,51,0,48,88,37,1.0625,0.5795,1.3784
2020/2021,Male,disabled,Private,SSS,SSS1,SSS1,lga,Akure North,South West,Ondo,Akure North,,,14,0,36,48,19,0.3889,0.2917,0.7368
2020/2021,Male,disabled,Private,SSS,SSS1,SSS1,lga,Akure South,South West,Ondo,Akure South,,,16,0,36,51,21,0.4444,0.3137,0.7619
2020/2021,Male,disabled,Private,SSS,SSS1,SSS1,lga,Odigbo,South West,Ondo,Odigbo,,,18,0,28,42,18,0.6429,0.4286,1.0
2020/2021,Male,disabled,Private,SSS,SSS1,SSS1,lga,Ondo East,South West,Ondo,Ondo East,,,16,0,32,46,18,0.5,0.3478,0.8889
2020/2021,Male,disabled,Private,SSS,SSS1,SSS1,lga,Ondo West,South West,Ondo,Ondo West,,,16,0,32,49,21,0.5,0.3265,0.7619
2020/2021,Male,disabled,Private,SSS,SSS2,,lga,Akure North,South West,Ondo,Akure North,,,8,0,32,40,16,0.25,0.2,0.5
2020/2021,Male,disabled,Private,SSS,SSS2,,lga,Akure South,South West,Ondo,Akure South,,,14,0,32,41,16,0.4375,0.3415,0.875
2020/2021,Male,disabled,Private,SSS,SSS2,,lga,Odigbo,South West,Ondo,Odigbo,,,12,0,24,35,12,0.5,0.3429,1.0
2020/2021,Male,disabled,Private,SSS,SSS2,,lga,Ondo East,South West,Ondo,Ondo East,,,14,0,28,38,15,0.5,0.3684,0.9333
2020/2021,Male,disabled,Private,SSS,SSS2,,lga,Ondo West,South West,Ondo,Ondo West,,,10,0,32,40,16,0.3125,0.25,0.625
2020/2021,Male,disabled,Private,SSS,SSS3,,lga,Akure North,South West,Ondo,Akure North,,,8,0,36,33,12,0.2222,0.2424,0.6667
2020/2021,Male,disabled,Private,SSS,SSS3,,lga,Akure South,South West,Ondo,Akure South,,,10,0,32,33,13,0.3125,0.303,0.7692
2020/2021,Male,disabled,Private,SSS,SSS3,,lga,Odigbo,South West,Ondo,Odigbo,,,12,0,24,30,12,0.5,0.4,1.0
2020/2021,Male,disabled,Private,SSS,SSS3,,lga,Ondo East,South West,Ondo,Ondo East,,,10,0,32,31,11,0.3125,0.3226,0.9091
2020/2021,Male,disabled,Private,SSS,SSS3,,lga,Ondo West,South West,Ondo,Ondo West,,,10,0,32,32,12,0.3125,0.3125,0.8333
2020/2021,Male,disabled,Private,Vocational,Vocational Year 1,,lga,Akure North,South West,Ondo,Akure North,,,3,0,16,12,0,0.1875,0.25,0.0
2020/2021,Male,disabled,Private,Vocational,Vocational Year 1,,lga,Akure South,South West,Ondo,Akure South,,,3,0,16,13,1,0.1875,0.2308,3.0
2020/2021,Male,disabled,Private,Vocational,Vocational Year 1,,lga,Odigbo,South West,Ondo,Odigbo,,,1,0,12,12,0,0.0833,0.0833,0.0
2020/2021,Male,disabled,Private,Vocational,Vocational Year 1,,lga,Ondo East,South West,Ondo,Ondo East,,,2,0,16,13,1,0.125,0.1538,2.0
2020/2021,Male,disabled,Private,Vocational,Vocational Year 1,,lga,Ondo West,South West,Ondo,Ondo West,,,1,0,16,13,1,0.0625,0.0769,1.0
2020/2021,Male,disabled,Private,Vocational,Vocational Year 2,,lga,Akure North,South West,Ondo,Akure North,,,2,0,20,12,0,0.1,0.1667,0.0
2020/2021,Male,disabled,Private,Vocational,Vocational Year 2,,lga,Akure South,South West,Ondo,Akure South,,,2,0,16,13,1,0.125,0.1538,2.0
2020/2021,Male,disabled,Private,Vocational,Vocational Year 2,,lga,Odigbo,South West,Ondo,Odigbo,,,0,0,12,12,0,0.0,0.0,0.0
2020/2021,Male,disabled,Private,Vocational,Vocational Year 2,,lga,Ondo East,South West,Ondo,Ondo East,,,2,0,16,12,0,0.125,0.1667,0.0
2020/2021,Male,disabled,Private,Vocational,Vocational Year 2,,lga,Ondo West,South West,Ondo,Ondo West,,,1,0,16,12,0,0.0625,0.0833,0.0
2020/2021,Male,disabled,Private,Vocational,Vocational Year 3,,lga,Akure North,South West,Ondo,Akure North,,,2,0,20,12,0,0.1,0.1667,0.0
2020/2021,Male,disabled,Private,Vocational,Vocational Year 3,,lga,Akure South,South West,Ondo,Akure South,,,2,0,16,12,0,0.125,0.1667,0.0
2020/2021,Male,disabled,Private,Vocational,Vocational Year 3,,lga,Odigbo,South West,Ondo,Odigbo,,,0,0,12,12,0,0.0,0.0,0.0
2020/2021,Male,disabled,Private,Vocational,Vocational Year 3,,lga,Ondo East,South West,Ondo,Ondo East,,,1,0,16,12,0,0.0625,0.0833,0.0
2020/2021,Male,disabled,Private,Vocational,Vocational Year 3,,lga,Ondo West,South West,Ondo,Ondo West,,,0,0,16,12,0,0.0,0.0,0.0
2020/2021,Male,disabled,Public,Adult & Non-Formal,IQS/IQTS Stage 1,,lga,Akure North,South West,Ondo,Akure North,,,17,0,20,57,24,0.85,0.2982,0.7083
2020/2021,Male,disabled,Public,Adult & Non-Formal,IQS/IQTS Stage 1,,lga,Akure South,South West,Ondo,Akure South,,,13,0,20,49,20,0.65,0.2653,0.65
2020/2021,Male,disabled,Public,Adult & Non-Formal,IQS/IQTS Stage 1,,lga,Odigbo,South West,Ondo,Odigbo,,,15,0,24,51,21,0.625,0.2941,0.7143
2020/2021,Male,disabled,Public,Adult & Non-Formal,IQS/IQTS Stage 1,,lga,Ondo East,South West,Ondo,Ondo East,,,12,0,20,47,20,0.6,0.2553,0.6
2020/2021,Male,disabled,Public,Adult & Non-Formal,IQS/IQTS Stage 1,,lga,Ondo West,South West,Ondo,Ondo West,,,16,0,16,51,21,1.0,0.3137,0.7619
2020/2021,Male,disabled,Public,Adult & Non-Formal,IQS/IQTS Stage 2,,lga,Akure North,South West,Ondo,Akure North,,,14,0,24,44,17,0.5833,0.3182,0.8235
2020/2021,Male,disabled,Public,Adult & Non-Formal,IQS/IQTS Stage 2,,lga,Akure South,South West,Ondo,Akure South,,,10,0,20,39,16,0.5,0.2564,0.625
2020/2021,Male,disabled,Public,Adult & Non-Formal,IQS/IQTS Stage 2,,lga,Odigbo,South West,Ondo,Odigbo,,,12,0,24,42,15,0.5,0.2857,0.8
2020/2021,Male,disabled,Public,Adult & Non-Formal,IQS/IQTS Stage 2,,lga,Ondo East,South West,Ondo,Ondo East,,,10,0,20,39,15,0.5,0.2564,0.6667
2020/2021,Male,disabled,Public,Adult & Non-Formal,IQS/IQTS Stage 2,,lga,Ondo West,South West,Ondo,Ondo West,,,12,0,16,39,15,0.75,0.3077,0.8
2020/2021,Male,disabled,Public,Adult & Non-Formal,IQS/IQTS Stage 3,,lga,Akure North,South West,Ondo,Akure North,,,7,0,24,27,9,0.2917,0.2593,0.7778
2020/2021,Male,disabled,Public,Adult & Non-Formal,IQS/IQTS Stage 3,,lga,Akure South,South West,Ondo,Akure South,,,6,0,20,23,7,0.3,0.2609,0.8571
2020/2021,Male,disabled,Public,Adult & Non-Formal,IQS/IQTS Stage 3,,lga,Odigbo,South West,Ondo,Odigbo,,,7,0,24,27,9,0.2917,0.2593,0.7778
2020/2021,Male,disabled,Public,Adult & Non-Formal,IQS/IQTS Stage 3,,lga,Ondo East,South West,Ondo,Ondo East,,,5,0,20,24,8,0.25,0.2083,0.625
2020/2021,Male,disabled,Public,Adult & Non-Formal,IQS/IQTS Stage 3,,lga,Ondo West,South West,Ondo,Ondo West,,,7,0,16,25,8,0.4375,0.28,0.875
2020/2021,Male,disabled,Public,JSS,JSS1,JSS1,lga,Akure North,South West,Ondo,Akure North,,,67,0,88,127,56,0.7614,0.5276,1.1964
2020/2021,Male,disabled,Public,JSS,JSS1,JSS1,lga,Akure South,South West,Ondo,Akure South,,,66,0,84,124,55,0.7857,0.5323,1.2
2020/2021,Male,disabled,Public,JSS,JSS1,JSS1,lga,Odigbo,South West,Ondo,Odigbo,,,70,0,88,125,54,0.7955,0.56,1.2963
2020/2021,Male,disabled,Public,JSS,JSS1,JSS1,lga,Ondo East,South West,Ondo,Ondo East,,,65,0,84,119,52,0.7738,0.5462,1.25
2020/2021,Male,disabled,Public,JSS,JSS1,JSS1,lga,Ondo West,South West,Ondo,Ondo West,,,74,0,88,127,55,0.8409,0.5827,1.3455
2020/2021,Male,disabled,Public,JSS,JSS2,,lga,Akure North,South West,Ondo,Akure North,,,56,0,88,105,45,0.6364,0.5333,1.2444
2020/2021,Male,disabled,Public,JSS,JSS2,,lga,Akure South,South West,Ondo,Akure South,,,55,0,80,103,44,0.6875,0.534,1.25
2020/2021,Male,disabled,Public,JSS,JSS2,,lga,Odigbo,South West,Ondo,Odigbo,,,59,0,80,104,44,0.7375,0.5673,1.3409
2020/2021,Male,disabled,Public,JSS,JSS2,,lga,Ondo East,South West,Ondo,Ondo East,,,56,0,80,99,43,0.7,0.5657,1.3023
2020/2021,Male,disabled,Public,JSS,JSS2,,lga,Ondo West,South West,Ondo,Ondo West,,,59,0,92,106,46,0.6413,0.5566,1.2826
2020/2021,Male,disabled,Public,JSS,JSS3,,lga,Akure North,South West,Ondo,Akure North,,,43,0,88,86,36,0.4886,0.5,1.1944
2020/2021,Male,disabled,Public,JSS,JSS3,,lga,Akure South,South West,Ondo,Akure South,,,42,0,88,82,36,0.4773,0.5122,1.1667
2020/2021,Male,disabled,Public,JSS,JSS3,,lga,Odigbo,South West,Ondo,Odigbo,,,49,0,80,83,35,0.6125,0.5904,1.4
2020/2021,Male,disabled,Public,JSS,JSS3,,lga,Ondo East,South West,Ondo,Ondo East,,,44,0,84,80,33,0.5238,0.55,1.3333
2020/2021,Male,disabled,Public,JSS,JSS3,,lga,Ondo West,South West,Ondo,Ondo West,,,48,0,92,85,37,0.5217,0.5647,1.2973
2020/2021,Male,disabled,Public,Pre-Primary/Primary,Primary 1,Primary 1,lga,Akure North,South West,Ondo,Akure North,,,289,0,188,500,230,1.5372,0.578,1.2565
2020/2021,Male,disabled,Public,Pre-Primary/Primary,Primary 1,Primary 1,lga,Akure South,South West,Ondo,Akure South,,,274,0,164,475,218,1.6707,0.5768,1.2569
2020/2021,Male,disabled,Public,Pre-Primary/Primary,Primary 1,Primary 1,lga,Odigbo,South West,Ondo,Odigbo,,,292,0,164,466,214,1.7805,0.6266,1.3645
2020/2021,Male,disabled,Public,Pre-Primary/Primary,Primary 1,Primary 1,lga,Ondo East,South West,Ondo,Ondo East,,,295,0,164,439,200,1.7988,0.672,1.475
2020/2021,Male,disabled,Public,Pre-Primary/Primary,Primary 1,Primary 1,lga,Ondo West,South West,Ondo,Ondo West,,,275,0,168,460,212,1.6369,0.5978,1.2972
2020/2021,Male,disabled,Public,Pre-Primary/Primary,Primary 2,,lga,Akure North,South West,Ondo,Akure North,,,256,0,192,447,205,1.3333,0.5727,1.2488
2020/2021,Male,disabled,Public,Pre-Primary/Primary,Primary 2,,lga,Akure South,South West,Ondo,Akure South,,,243,0,176,420,193,1.3807,0.5786,1.2591
2020/2021,Male,disabled,Public,Pre-Primary/Primary,Primary 2,,lga,Odigbo,South West,Ondo,Odigbo,,,260,0,164,413,189,1.5854,0.6295,1.3757
2020/2021,Male,disabled,Public,Pre-Primary/Primary,Primary 2,,lga,Ondo East,South West,Ondo,Ondo East,,,261,0,152,387,178,1.7171,0.6744,1.4663
2020/2021,Male,disabled,Public,Pre-Primary/Primary,Primary 2,,lga,Ondo West,South West,Ondo,Ondo West,,,243,0,168,408,187,1.4464,0.5956,1.2995
2020/2021,Male,disabled,Public,Pre-Primary/Primary,Primary 3,,lga,Akure North,South West,Ondo,Akure North,,,230,0,176,400,183,1.3068,0.575,1.2568
2020/2021,Male,disabled,Public,Pre-Primary/Primary,Primary 3,,lga,Akure South,South West,Ondo,Akure South,,,219,0,168,377,174,1.3036,0.5809,1.2586
2020/2021,Male,disabled,Public,Pre-Primary/Primary,Primary 3,,lga,Odigbo,South West,Ondo,Odigbo,,,233,0,168,369,169,1.3869,0.6314,1.3787
2020/2021,Male,disabled,Public,Pre-Primary/Primary,Primary 3,,lga,Ondo East,South West,Ondo,Ondo East,,,235,0,168,347,158,1.3988,0.6772,1.4873
2020/2021,Male,disabled,Public,Pre-Primary/Primary,Primary 3,,lga,Ondo West,South West,Ondo,Ondo West,,,217,0,172,364,165,1.2616,0.5962,1.3152
2020/2021,Male,disabled,Public,Pre-Primary/Primary,Primary 4,,lga,Akure North,South West,Ondo,Akure North,,,212,0,184,366,168,1.1522,0.5792,1.2619
2020/2021,Male,disabled,Public,Pre-Primary/Primary,Primary 4,,lga,Akure South,South West,Ondo,Akure South,,,200,0,176,347,159,1.1364,0.5764,1.2579
2020/2021,Male,disabled,Public,Pre-Primary/Primary,Primary 4,,lga,Odigbo,South West,Ondo,Odigbo,,,212,0,172,337,156,1.2326,0.6291,1.359
2020/2021,Male,disabled,Public,Pre-Primary/Primary,Primary 4,,lga,Ondo East,South West,Ondo,Ondo East,,,215,0,160,319,146,1.3438,0.674,1.4726
2020/2021,Male,disabled,Public,Pre-Primary/Primary,Primary 4,,lga,Ondo West,South West,Ondo,Ondo West,,,200,0,156,332,150,1.2821,0.6024,1.3333
2020/2021,Male,disabled,Public,Pre-Primary/Primary,Primary 5,,lga,Akure North,South West,Ondo,Akure North,,,198,0,180,342,157,1.1,0.5789,1.2611
2020/2021,Male,disabled,Public,Pre-Primary/Primary,Primary 5,,lga,Akure South,South West,Ondo,Akure South,,,188,0,180,325,148,1.0444,0.5785,1.2703
2020/2021,Male,disabled,Public,Pre-Primary/Primary,Primary 5,,lga,Odigbo,South West,Ondo,Odigbo,,,199,0,180,318,145,1.1056,0.6258,1.3724
2020/2021,Male,disabled,Public,Pre-Primary/Primary,Primary 5,,lga,Ondo East,South West,Ondo,Ondo East,,,201,0,152,298,137,1.3224,0.6745,1.4672
2020/2021,Male,disabled,Public,Pre-Primary/Primary,Primary 5,,lga,Ondo West,South West,Ondo,Ondo West,,,187,0,168,313,142,1.1131,0.5974,1.3169
2020/2021,Male,disabled,Public,Pre-Primary/Primary,Primary 6,,lga,Akure North,South West,Ondo,Akure North,,,179,0,176,310,142,1.017,0.5774,1.2606
2020/2021,Male,disabled,Public,Pre-Primary/Primary,Primary 6,,lga,Akure South,South West,Ondo,Akure South,,,169,0,160,293,134,1.0562,0.5768,1.2612
2020/2021,Male,disabled,Public,Pre-Primary/Primary,Primary 6,,lga,Odigbo,South West,Ondo,Odigbo,,,182,0,168,288,131,1.0833,0.6319,1.3893
2020/2021,Male,disabled,Public,Pre-Primary/Primary,Primary 6,,lga,Ondo East,South West,Ondo,Ondo East,,,181,0,160,271,125,1.1312,0.6679,1.448
2020/2021,Male,disabled,Public,Pre-Primary/Primary,Primary 6,,lga,Ondo West,South West,Ondo,Ondo West,,,169,0,176,283,129,0.9602,0.5972,1.3101
2020/2021,Male,disabled,Public,SSS,SSS1,SSS1,lga,Akure North,South West,Ondo,Akure North,,,38,0,72,96,41,0.5278,0.3958,0.9268
2020/2021,Male,disabled,Public,SSS,SSS1,SSS1,lga,Akure South,South West,Ondo,Akure South,,,36,0,64,91,40,0.5625,0.3956,0.9
2020/2021,Male,disabled,Public,SSS,SSS1,SSS1,lga,Odigbo,South West,Ondo,Odigbo,,,34,0,76,97,42,0.4474,0.3505,0.8095
2020/2021,Male,disabled,Public,SSS,SSS1,SSS1,lga,Ondo East,South West,Ondo,Ondo East,,,32,0,64,88,38,0.5,0.3636,0.8421
2020/2021,Male,disabled,Public,SSS,SSS1,SSS1,lga,Ondo West,South West,Ondo,Ondo West,,,36,0,68,91,39,0.5294,0.3956,0.9231
2020/2021,Male,disabled,Public,SSS,SSS2,,lga,Akure North,South West,Ondo,Akure North,,,28,0,68,78,34,0.4118,0.359,0.8235
2020/2021,Male,disabled,Public,SSS,SSS2,,lga,Akure South,South West,Ondo,Akure South,,,26,0,64,74,32,0.4062,0.3514,0.8125
2020/2021,Male,disabled,Public,SSS,SSS2,,lga,Odigbo,South West,Ondo,Odigbo,,,24,0,68,79,34,0.3529,0.3038,0.7059
2020/2021,Male,disabled,Public,SSS,SSS2,,lga,Ondo East,South West,Ondo,Ondo East,,,24,0,64,73,31,0.375,0.3288,0.7742
2020/2021,Male,disabled,Public,SSS,SSS2,,lga,Ondo West,South West,Ondo,Ondo West,,,28,0,68,76,32,0.4118,0.3684,0.875
2020/2021,Male,disabled,Public,SSS,SSS3,,lga,Akure North,South West,Ondo,Akure North,,,24,0,72,63,28,0.3333,0.381,0.8571
2020/2021,Male,disabled,Public,SSS,SSS3,,lga,Akure South,South West,Ondo,Akure South,,,20,0,68,59,26,0.2941,0.339,0.7692
2020/2021,Male,disabled,Public,SSS,SSS3,,lga,Odigbo,South West,Ondo,Odigbo,,,18,0,68,63,28,0.2647,0.2857,0.6429
2020/2021,Male,disabled,Public,SSS,SSS3,,lga,Ondo East,South West,Ondo,Ondo East,,,20,0,68,58,25,0.2941,0.3448,0.8
2020/2021,Male,disabled,Public,SSS,SSS3,,lga,Ondo West,South West,Ondo,Ondo West,,,24,0,68,61,25,0.3529,0.3934,0.96
2020/2021,Male,disabled,Public,Vocational,Vocational Year 1,,lga,Akure North,South West,Ondo,Akure North,,,3,0,20,14,2,0.15,0.2143,1.5
2020/2021,Male,disabled,Public,Vocational,Vocational Year 1,,lga,Akure South,South West,Ondo,Akure South,,,3,0,20,13,1,0.15,0.2308,3.0
2020/2021,Male,disabled,Public,Vocational,Vocational Year 1,,lga,Odigbo,South West,Ondo,Odigbo,,,3,0,24,14,2,0.125,0.2143,1.5
2020/2021,Male,disabled,Public,Vocational,Vocational Year 1,,lga,Ondo East,South West,Ondo,Ondo East,,,3,0,20,14,2,0.15,0.2143,1.5
2020/2021,Male,disabled,Public,Vocational,Vocational Year 1,,lga,Ondo West,South West,Ondo,Ondo West,,,2,0,24,14,1,0.0833,0.1429,2.0
2020/2021,Male,disabled,Public,Vocational,Vocational Year 2,,lga,Akure North,South West,Ondo,Akure North,,,3,0,24,13,1,0.125,0.2308,3.0
2020/2021,Male,disabled,Public,Vocational,Vocational Year 2,,lga,Akure South,South West,Ondo,Akure South,,,3,0,20,13,1,0.15,0.2308,3.0
2020/2021,Male,disabled,Public,Vocational,Vocational Year 2,,lga,Odigbo,South West,Ondo,Odigbo,,,3,0,24,14,2,0.125,0.2143,1.5
2020/2021,Male,disabled,Public,Vocational,Vocational Year 2,,lga,Ondo East,South West,Ondo,Ondo East,,,3,0,20,13,1,0.15,0.2308,3.0
2020/2021,Male,disabled,Public,Vocational,Vocational Year 2,,lga,Ondo West,South West,Ondo,Ondo West,,,2,0,24,13,1,0.0833,0.1538,2.0
2020/2021,Male,disabled,Public,Vocational,Vocational Year 3,,lga,Akure North,South West,Ondo,Akure North,,,3,0,28,12,0,0.1071,0.25,0.0
2020/2021,Male,disabled,Public,Vocational,Vocational Year 3,,lga,Akure South,South West,Ondo,Akure South,,,2,0,20,12,0,0.1,0.1667,0.0
2020/2021,Male,disabled,Public,Vocational,Vocational Year 3,,lga,Odigbo,South West,Ondo,Odigbo,,,2,0,24,12,0,0.0833,0.1667,0.0
2020/2021,Male,disabled,Public,Vocational,Vocational Year 3,,lga,Ondo East,South West,Ondo,Ondo East,,,2,0,20,12,0,0.1,0.1667,0.0
2020/2021,Male,disabled,Public,Vocational,Vocational Year 3,,lga,Ondo West,South West,Ondo,Ondo West,,,1,0,24,13,1,0.0417,0.0769,1.0
2021/2022,Female,all,Private,Adult & Non-Formal,IQS/IQTS Stage 1,,lga,Akure North,South West,Ondo,Akure North,,,415,0,16,43,17,25.9375,9.6512,24.4118
2021/2022,Female,all,Private,Adult & Non-Formal,IQS/IQTS Stage 1,,lga,Akure South,South West,Ondo,Akure South,,,345,0,12,37,13,28.75,9.3243,26.5385
2021/2022,Female,all,Private,Adult & Non-Formal,IQS/IQTS Stage 1,,lga,Odigbo,South West,Ondo,Odigbo,,,396,0,16,42,16,24.75,9.4286,24.75
2021/2022,Female,all,Private,Adult & Non-Formal,IQS/IQTS Stage 1,,lga,Ondo East,South West,Ondo,Ondo East,,,346,0,16,38,15,21.625,9.1053,23.0667
2021/2022,Female,all,Private,Adult & Non-Formal,IQS/IQTS Stage 1,,lga,Ondo West,South West,Ondo,Ondo West,,,413,0,16,43,17,25.8125,9.6047,24.2941
2021/2022,Female,all,Private,Adult & Non-Formal,IQS/IQTS Stage 2,,lga,Akure North,South West,Ondo,Akure North,,,323,0,16,36,13,20.1875,8.9722,24.8462
2021/2022,Female,all,Private,Adult & Non-Formal,IQS/IQTS Stage 2,,lga,Akure South,South West,Ondo,Akure South,,,269,0,12,32,12,22.4167,8.4062,22.4167
2021/2022,Female,all,Private,Adult & Non-Formal,IQS/IQTS Stage 2,,lga,Odigbo,South West,Ondo,Odigbo,,,308,0,12,35,13,25.6667,8.8,23.6923
2021/2022,Female,all,Private,Adult & Non-Formal,IQS/IQTS Stage 2,,lga,Ondo East,South West,Ondo,Ondo East,,,269,0,16,31,11,16.8125,8.6774,24.4545
2021/2022,Female,all,Private,Adult & Non-Formal,IQS/IQTS Stage 2,,lga,Ondo West,South West,Ondo,Ondo West,,,322,0,16,35,13,20.125,9.2,24.7692
2021/2022,Female,all,Private,Adult & Non-Formal,IQS/IQTS Stage 3,,lga,Akure North,South West,Ondo,Akure North,,,178,0,16,23,7,11.125,7.7391,25.4286
2021/2022,Female,all,Private,Adult & Non-Formal,IQS/IQTS Stage 3,,lga,Akure South,South West,Ondo,Akure South,,,148,0,12,19,5,12.3333,7.7895,29.6
2021/2022,Female,all,Private,Adult & Non-Formal,IQS/IQTS Stage 3,,lga,Odigbo,South West,Ondo,Odigbo,,,168,0,16,20,6,10.5,8.4,28.0
2021/2022,Female,all,Private,Adult & Non-Formal,IQS/IQTS Stage 3,,lga,Ondo East,South West,Ondo,Ondo East,,,147,0,12,20,5,12.25,7.35,29.4
2021/2022,Female,all,Private,Adult & Non-Formal,IQS/IQTS Stage 3,,lga,Ondo West,South West,Ondo,Ondo West,,,176,0,16,21,6,11.0,8.381,29.3333
2021/2022,Female,all,Private,JSS,JSS1,JSS1,lga,Akure North,South West,Ondo,Akure North,,,1150,0,28,50,20,41.0714,23.0,57.5
2021/2022,Female,all,Private,JSS,JSS1,JSS1,lga,Akure South,South West,Ondo,Akure South,,,899,0,24,40,15,37.4583,22.475,59.9333
2021/2022,Female,all,Private,JSS,JSS1,JSS1,lga,Odigbo,South West,Ondo,Odigbo,,,1355,0,36,58,24,37.6389,23.3621,56.4583
2021/2022,Female,all,Private,JSS,JSS1,JSS1,lga,Ondo East,South West,Ondo,Ondo East,,,1120,0,28,50,21,40.0,22.4,53.3333
2021/2022,Female,all,Private,JSS,JSS1,JSS1,lga,Ondo West,South West,Ondo,Ondo West,,,1237,0,32,52,22,38.6562,23.7885,56.2273
2021/2022,Female,all,Private,JSS,JSS2,,lga,Akure North,South West,Ondo,Akure North,,,944,0,32,42,17,29.5,22.4762,55.5294
2021/2022,Female,all,Private,JSS,JSS2,,lga,Akure South,South West,Ondo,Akure South,,,733,0,24,33,12,30.5417,22.2121,61.0833
2021/2022,Female,all,Private,JSS,JSS2,,lga,Odigbo,South West,Ondo,Odigbo,,,1114,0,36,48,20,30.9444,23.2083,55.7
2021/2022,Female,all,Private,JSS,JSS2,,lga,Ondo East,South West,Ondo,Ondo East,,,918,0,28,42,16,32.7857,21.8571,57.375
2021/2022,Female,all,Private,JSS,JSS2,,lga,Ondo West,South West,Ondo,Ondo West,,,1012,0,32,44,17,31.625,23.0,59.5294
2021/2022,Female,all,Private,JSS,JSS3,,lga,Akure North,South West,Ondo,Akure North,,,756,0,32,35,13,23.625,21.6,58.1538
2021/2022,Female,all,Private,JSS,JSS3,,lga,Akure South,South West,Ondo,Akure South,,,589,0,24,29,11,24.5417,20.3103,53.5455
2021/2022,Female,all,Private,JSS,JSS3,,lga,Odigbo,South West,Ondo,Odigbo,,,889,0,36,40,15,24.6944,22.225,59.2667
2021/2022,Female,all,Private,JSS,JSS3,,lga,Ondo East,South West,Ondo,Ondo East,,,732,0,28,34,13,26.1429,21.5294,56.3077
2021/2022,Female,all,Private,JSS,JSS3,,lga,Ondo West,South West,Ondo,Ondo West,,,806,0,32,37,15,25.1875,21.7838,53.7333
2021/2022,Female,all,Private,Pre-Primary/Primary,Primary 1,Primary 1,lga,Akure North,South West,Ondo,Akure North,,,3510,0,48,165,77,73.125,21.2727,45.5844
2021/2022,Female,all,Private,Pre-Primary/Primary,Primary 1,Primary 1,lga,Akure South,South West,Ondo,Akure South,,,2761,0,44,132,61,62.75,20.9167,45.2623
2021/2022,Female,all,Private,Pre-Primary/Primary,Primary 1,Primary 1,lga,Odigbo,South West,Ondo,Odigbo,,,2953,0,44,138,64,67.1136,21.3986,46.1406
2021/2022,Female,all,Private,Pre-Primary/Primary,Primary 1,Primary 1,lga,Ondo East,South West,Ondo,Ondo East,,,2918,0,44,141,66,66.3182,20.695,44.2121
2021/2022,Female,all,Private,Pre-Primary/Primary,Primary 1,Primary 1,lga,Ondo West,South West,Ondo,Ondo West,,,3014,0,44,144,67,68.5,20.9306,44.9851
2021/2022,Female,all,Private,Pre-Primary/Primary,Primary 2,,lga,Akure North,South West,Ondo,Akure North,,,3118,0,48,148,70,64.9583,21.0676,44.5429
2021/2022,Female,all,Private,Pre-Primary/Primary,Primary 2,,lga,Akure South,South West,Ondo,Akure South,,,2453,0,44,117,54,55.75,20.9658,45.4259
2021/2022,Female,all,Private,Pre-Primary/Primary,Primary 2,,lga,Odigbo,South West,Ondo,Odigbo,,,2622,0,48,123,58,54.625,21.3171,45.2069
2021/2022,Female,all,Private,Pre-Primary/Primary,Primary 2,,lga,Ondo East,South West,Ondo,Ondo East,,,2591,0,40,125,58,64.775,20.728,44.6724
2021/2022,Female,all,Private,Pre-Primary/Primary,Primary 2,,lga,Ondo West,South West,Ondo,Ondo West,,,2680,0,44,128,59,60.9091,20.9375,45.4237
2021/2022,Female,all,Private,Pre-Primary/Primary,Primary 3,,lga,Akure North,South West,Ondo,Akure North,,,2802,0,52,133,61,53.8846,21.0677,45.9344
2021/2022,Female,all,Private,Pre-Primary/Primary,Primary 3,,lga,Akure South,South West,Ondo,Akure South,,,2206,0,40,108,51,55.15,20.4259,43.2549
2021/2022,Female,all,Private,Pre-Primary/Primary,Primary 3,,lga,Odigbo,South West,Ondo,Odigbo,,,2359,0,44,111,51,53.6136,21.2523,46.2549
2021/2022,Female,all,Private,Pre-Primary/Primary,Primary 3,,lga,Ondo East,South West,Ondo,Ondo East,,,2332,0,48,113,52,48.5833,20.6372,44.8462
2021/2022,Female,all,Private,Pre-Primary/Primary,Primary 3,,lga,Ondo West,South West,Ondo,Ondo West,,,2408,0,48,115,53,50.1667,20.9391,45.434
2021/2022,Female,all,Private,Pre-Primary/Primary,Primary 4,,lga,Akure North,South West,Ondo,Akure North,,,2561,0,60,123,56,42.6833,20.8211,45.7321
2021/2022,Female,all,Private,Pre-Primary/Primary,Primary 4,,lga,Akure South,South West,Ondo,Akure South,,,2016,0,44,98,45,45.8182,20.5714,44.8
2021/2022,Female,all,Private,Pre-Primary/Primary,Primary 4,,lga,Odigbo,South West,Ondo,Odigbo,,,2156,0,48,103,47,44.9167,20.932,45.8723
2021/2022,Female,all,Private,Pre-Primary/Primary,Primary 4,,lga,Ondo East,South West,Ondo,Ondo East,,,2131,0,48,105,48,44.3958,20.2952,44.3958
2021/2022,Female,all,Private,Pre-Primary/Primary,Primary 4,,lga,Ondo West,South West,Ondo,Ondo West,,,2200,0,48,106,49,45.8333,20.7547,44.898
2021/2022,Female,all,Private,Pre-Primary/Primary,Primary 5,,lga,Akure North,South West,Ondo,Akure North,,,2398,0,56,114,53,42.8214,21.0351,45.2453
2021/2022,Female,all,Private,Pre-Primary/Primary,Primary 5,,lga,Akure South,South West,Ondo,Akure South,,,1889,0,44,93,42,42.9318,20.3118,44.9762
2021/2022,Female,all,Private,Pre-Primary/Primary,Primary 5,,lga,Odigbo,South West,Ondo,Odigbo,,,2019,0,44,97,44,45.8864,20.8144,45.8864
2021/2022,Female,all,Private,Pre-Primary/Primary,Primary 5,,lga,Ondo East,South West,Ondo,Ondo East,,,1995,0,44,99,45,45.3409,20.1515,44.3333
2021/2022,Female,all,Private,Pre-Primary/Primary,Primary 5,,lga,Ondo West,South West,Ondo,Ondo West,,,2061,0,48,100,46,42.9375,20.61,44.8043
2021/2022,Female,all,Private,Pre-Primary/Primary,Primary 6,,lga,Akure North,South West,Ondo,Akure North,,,2169,0,52,105,47,41.7115,20.6571,46.1489
2021/2022,Female,all,Private,Pre-Primary/Primary,Primary 6,,lga,Akure South,South West,Ondo,Akure South,,,1707,0,44,85,37,38.7955,20.0824,46.1351
2021/2022,Female,all,Private,Pre-Primary/Primary,Primary 6,,lga,Odigbo,South West,Ondo,Odigbo,,,1824,0,48,88,39,38.0,20.7273,46.7692
2021/2022,Female,all,Private,Pre-Primary/Primary,Primary 6,,lga,Ondo East,South West,Ondo,Ondo East,,,1805,0,44,89,41,41.0227,20.2809,44.0244
2021/2022,Female,all,Private,Pre-Primary/Primary,Primary 6,,lga,Ondo West,South West,Ondo,Ondo West,,,1863,0,44,91,42,42.3409,20.4725,44.3571
2021/2022,Female,all,Private,SSS,SSS1,SSS1,lga,Akure North,South West,Ondo,Akure North,,,971,3,36,50,20,26.9722,19.42,48.55
2021/2022,Female,all,Private,SSS,SSS1,SSS1,lga,Akure South,South West,Ondo,Akure South,,,899,3,28,46,20,32.1071,19.5435,44.95
2021/2022,Female,all,Private,SSS,SSS1,SSS1,lga,Odigbo,South West,Ondo,Odigbo,,,1046,3,36,53,23,29.0556,19.7358,45.4783
2021/2022,Female,all,Private,SSS,SSS1,SSS1,lga,Ondo East,South West,Ondo,Ondo East,,,792,3,28,41,16,28.2857,19.3171,49.5
2021/2022,Female,all,Private,SSS,SSS1,SSS1,lga,Ondo West,South West,Ondo,Ondo West,,,946,3,32,46,18,29.5625,20.5652,52.5556
2021/2022,Female,all,Private,SSS,SSS2,,lga,Akure North,South West,Ondo,Akure North,,,780,3,40,39,15,19.5,20.0,52.0
2021/2022,Female,all,Private,SSS,SSS2,,lga,Akure South,South West,Ondo,Akure South,,,721,3,36,39,14,20.0278,18.4872,51.5
2021/2022,Female,all,Private,SSS,SSS2,,lga,Odigbo,South West,Ondo,Odigbo,,,841,3,36,41,17,23.3611,20.5122,49.4706
2021/2022,Female,all,Private,SSS,SSS2,,lga,Ondo East,South West,Ondo,Ondo East,,,636,2,28,34,12,22.7143,18.7059,53.0
2021/2022,Female,all,Private,SSS,SSS2,,lga,Ondo West,South West,Ondo,Ondo West,,,762,2,32,38,14,23.8125,20.0526,54.4286
2021/2022,Female,all,Private,SSS,SSS3,,lga,Akure North,South West,Ondo,Akure North,,,605,3,36,32,12,16.8056,18.9062,50.4167
2021/2022,Female,all,Private,SSS,SSS3,,lga,Akure South,South West,Ondo,Akure South,,,559,1,36,32,12,15.5278,17.4688,46.5833
2021/2022,Female,all,Private,SSS,SSS3,,lga,Odigbo,South West,Ondo,Odigbo,,,653,3,36,35,12,18.1389,18.6571,54.4167
2021/2022,Female,all,Private,SSS,SSS3,,lga,Ondo East,South West,Ondo,Ondo East,,,492,1,28,28,10,17.5714,17.5714,49.2
2021/2022,Female,all,Private,SSS,SSS3,,lga,Ondo West,South West,Ondo,Ondo West,,,592,1,36,32,10,16.4444,18.5,59.2
2021/2022,Female,all,Private,Vocational,Vocational Year 1,,lga,Akure North,South West,Ondo,Akure North,,,39,0,20,13,1,1.95,3.0,39.0
2021/2022,Female,all,Private,Vocational,Vocational Year 1,,lga,Akure South,South West,Ondo,Akure South,,,41,0,24,13,1,1.7083,3.1538,41.0
2021/2022,Female,all,Private,Vocational,Vocational Year 1,,lga,Odigbo,South West,Ondo,Odigbo,,,41,0,24,14,2,1.7083,2.9286,20.5
2021/2022,Female,all,Private,Vocational,Vocational Year 1,,lga,Ondo East,South West,Ondo,Ondo East,,,41,0,20,13,1,2.05,3.1538,41.0
2021/2022,Female,all,Private,Vocational,Vocational Year 1,,lga,Ondo West,South West,Ondo,Ondo West,,,35,0,16,13,1,2.1875,2.6923,35.0
2021/2022,Female,all,Private,Vocational,Vocational Year 2,,lga,Akure North,South West,Ondo,Akure North,,,34,0,16,12,0,2.125,2.8333,0.0
2021/2022,Female,all,Private,Vocational,Vocational Year 2,,lga,Akure South,South West,Ondo,Akure South,,,35,0,20,13,1,1.75,2.6923,35.0
2021/2022,Female,all,Private,Vocational,Vocational Year 2,,lga,Odigbo,South West,Ondo,Odigbo,,,36,0,24,12,0,1.5,3.0,0.0
2021/2022,Female,all,Private,Vocational,Vocational Year 2,,lga,Ondo East,South West,Ondo,Ondo East,,,35,0,20,12,0,1.75,2.9167,0.0
2021/2022,Female,all,Private,Vocational,Vocational Year 2,,lga,Ondo West,South West,Ondo,Ondo West,,,30,0,16,12,0,1.875,2.5,0.0
2021/2022,Female,all,Private,Vocational,Vocational Year 3,,lga,Akure North,South West,Ondo,Akure North,,,24,0,24,12,0,1.0,2.0,0.0
2021/2022,Female,all,Private,Vocational,Vocational Year 3,,lga,Akure South,South West,Ondo,Akure South,,,26,0,20,12,0,1.3,2.1667,0.0
2021/2022,Female,all,Private,Vocational,Vocational Year 3,,lga,Odigbo,South West,Ondo,Odigbo,,,26,0,24,12,0,1.0833,2.1667,0.0
2021/2022,Female,all,Private,Vocational,Vocational Year 3,,lga,Ondo East,South West,Ondo,Ondo East,,,26,0,24,12,0,1.0833,2.1667,0.0
2021/2022,Female,all,Private,Vocational,Vocational Year 3,,lga,Ondo West,South West,Ondo,Ondo West,,,22,0,16,12,0,1.375,1.8333,0.0
2021/2022,Female,all,Public,Adult & Non-Formal,IQS/IQTS Stage 1,,lga,Akure North,South West,Ondo,Akure North,,,548,0,24,55,23,22.8333,9.9636,23.8261
2021/2022,Female,all,Public,Adult & Non-Formal,IQS/IQTS Stage 1,,lga,Akure South,South West,Ondo,Akure South,,,570,0,24,59,25,23.75,9.661,22.8
2021/2022,Female,all,Public,Adult & Non-Formal,IQS/IQTS Stage 1,,lga,Odigbo,South West,Ondo,Odigbo,,,532,0,24,55,23,22.1667,9.6727,23.1304
2021/2022,Female,all,Public,Adult & Non-Formal,IQS/IQTS Stage 1,,lga,Ondo East,South West,Ondo,Ondo East,,,530,0,20,55,23,26.5,9.6364,23.0435
2021/2022,Female,all,Public,Adult & Non-Formal,IQS/IQTS Stage 1,,lga,Ondo West,South West,Ondo,Ondo West,,,514,0,20,54,22,25.7,9.5185,23.3636
2021/2022,Female,all,Public,Adult & Non-Formal,IQS/IQTS Stage 2,,lga,Akure North,South West,Ondo,Akure North,,,426,0,24,45,17,17.75,9.4667,25.0588
2021/2022,Female,all,Public,Adult & Non-Formal,IQS/IQTS Stage 2,,lga,Akure South,South West,Ondo,Akure South,,,443,0,24,48,19,18.4583,9.2292,23.3158
2021/2022,Female,all,Public,Adult & Non-Formal,IQS/IQTS Stage 2,,lga,Odigbo,South West,Ondo,Odigbo,,,412,0,24,45,18,17.1667,9.1556,22.8889
2021/2022,Female,all,Public,Adult & Non-Formal,IQS/IQTS Stage 2,,lga,Ondo East,South West,Ondo,Ondo East,,,411,0,20,44,17,20.55,9.3409,24.1765
2021/2022,Female,all,Public,Adult & Non-Formal,IQS/IQTS Stage 2,,lga,Ondo West,South West,Ondo,Ondo West,,,398,0,20,42,16,19.9,9.4762,24.875
2021/2022,Female,all,Public,Adult & Non-Formal,IQS/IQTS Stage 3,,lga,Akure North,South West,Ondo,Akure North,,,234,0,24,28,10,9.75,8.3571,23.4
2021/2022,Female,all,Public,Adult & Non-Formal,IQS/IQTS Stage 3,,lga,Akure South,South West,Ondo,Akure South,,,243,0,24,30,11,10.125,8.1,22.0909
2021/2022,Female,all,Public,Adult & Non-Formal,IQS/IQTS Stage 3,,lga,Odigbo,South West,Ondo,Odigbo,,,228,0,24,27,9,9.5,8.4444,25.3333
2021/2022,Female,all,Public,Adult & Non-Formal,IQS/IQTS Stage 3,,lga,Ondo East,South West,Ondo,Ondo East,,,226,0,20,27,9,11.3,8.3704,25.1111
2021/2022,Female,all,Public,Adult & Non-Formal,IQS/IQTS Stage 3,,lga,Ondo West,South West,Ondo,Ondo West,,,219,0,16,26,9,13.6875,8.4231,24.3333
2021/2022,Female,all,Public,JSS,JSS1,JSS1,lga,Akure North,South West,Ondo,Akure North,,,3463,0,92,140,65,37.6413,24.7357,53.2769
2021/2022,Female,all,Public,JSS,JSS1,JSS1,lga,Akure South,South West,Ondo,Akure South,,,3578,0,96,144,67,37.2708,24.8472,53.403
2021/2022,Female,all,Public,JSS,JSS1,JSS1,lga,Odigbo,South West,Ondo,Odigbo,,,3101,0,76,127,58,40.8026,24.4173,53.4655
2021/2022,Female,all,Public,JSS,JSS1,JSS1,lga,Ondo East,South West,Ondo,Ondo East,,,3141,0,80,127,58,39.2625,24.7323,54.1552
2021/2022,Female,all,Public,JSS,JSS1,JSS1,lga,Ondo West,South West,Ondo,Ondo West,,,3181,0,88,130,62,36.1477,24.4692,51.3065
2021/2022,Female,all,Public,JSS,JSS2,,lga,Akure North,South West,Ondo,Akure North,,,2842,0,88,115,54,32.2955,24.713,52.6296
2021/2022,Female,all,Public,JSS,JSS2,,lga,Akure South,South West,Ondo,Akure South,,,2937,0,88,120,55,33.375,24.475,53.4
2021/2022,Female,all,Public,JSS,JSS2,,lga,Odigbo,South West,Ondo,Odigbo,,,2543,0,80,105,48,31.7875,24.219,52.9792
2021/2022,Female,all,Public,JSS,JSS2,,lga,Ondo East,South West,Ondo,Ondo East,,,2576,0,84,106,48,30.6667,24.3019,53.6667
2021/2022,Female,all,Public,JSS,JSS2,,lga,Ondo West,South West,Ondo,Ondo West,,,2614,0,88,108,49,29.7045,24.2037,53.3469
2021/2022,Female,all,Public,JSS,JSS3,,lga,Akure North,South West,Ondo,Akure North,,,2267,0,88,93,42,25.7614,24.3763,53.9762
2021/2022,Female,all,Public,JSS,JSS3,,lga,Akure South,South West,Ondo,Akure South,,,2343,0,96,97,44,24.4062,24.1546,53.25
2021/2022,Female,all,Public,JSS,JSS3,,lga,Odigbo,South West,Ondo,Odigbo,,,2025,0,80,84,38,25.3125,24.1071,53.2895
2021/2022,Female,all,Public,JSS,JSS3,,lga,Ondo East,South West,Ondo,Ondo East,,,2054,0,84,85,38,24.4524,24.1647,54.0526
2021/2022,Female,all,Public,JSS,JSS3,,lga,Ondo West,South West,Ondo,Ondo West,,,2082,0,84,88,39,24.7857,23.6591,53.3846
2021/2022,Female,all,Public,Pre-Primary/Primary,Primary 1,Primary 1,lga,Akure North,South West,Ondo,Akure North,,,10163,0,156,483,234,65.1474,21.0414,43.4316
2021/2022,Female,all,Public,Pre-Primary/Primary,Primary 1,Primary 1,lga,Akure South,South West,Ondo,Akure South,,,10641,0,156,499,241,68.2115,21.3246,44.1535
2021/2022,Female,all,Public,Pre-Primary/Primary,Primary 1,Primary 1,lga,Odigbo,South West,Ondo,Odigbo,,,10437,0,160,494,238,65.2312,21.1275,43.8529
2021/2022,Female,all,Public,Pre-Primary/Primary,Primary 1,Primary 1,lga,Ondo East,South West,Ondo,Ondo East,,,9530,0,144,464,224,66.1806,20.5388,42.5446
2021/2022,Female,all,Public,Pre-Primary/Primary,Primary 1,Primary 1,lga,Ondo West,South West,Ondo,Ondo West,,,10184,0,168,489,238,60.619,20.8262,42.7899
2021/2022,Female,all,Public,Pre-Primary/Primary,Primary 2,,lga,Akure North,South West,Ondo,Akure North,,,9023,0,152,429,207,59.3618,21.0326,43.5894
2021/2022,Female,all,Public,Pre-Primary/Primary,Primary 2,,lga,Akure South,South West,Ondo,Akure South,,,9452,0,164,443,215,57.6341,21.3363,43.9628
2021/2022,Female,all,Public,Pre-Primary/Primary,Primary 2,,lga,Odigbo,South West,Ondo,Odigbo,,,9270,0,168,440,213,55.1786,21.0682,43.5211
2021/2022,Female,all,Public,Pre-Primary/Primary,Primary 2,,lga,Ondo East,South West,Ondo,Ondo East,,,8467,0,156,412,198,54.2756,20.551,42.7626
2021/2022,Female,all,Public,Pre-Primary/Primary,Primary 2,,lga,Ondo West,South West,Ondo,Ondo West,,,9044,0,156,432,207,57.9744,20.9352,43.6908
2021/2022,Female,all,Public,Pre-Primary/Primary,Primary 3,,lga,Akure North,South West,Ondo,Akure North,,,8113,0,156,387,187,52.0064,20.9638,43.385
2021/2022,Female,all,Public,Pre-Primary/Primary,Primary 3,,lga,Akure South,South West,Ondo,Akure South,,,8494,0,164,400,193,51.7927,21.235,44.0104
2021/2022,Female,all,Public,Pre-Primary/Primary,Primary 3,,lga,Odigbo,South West,Ondo,Odigbo,,,8337,0,160,395,191,52.1062,21.1063,43.6492
2021/2022,Female,all,Public,Pre-Primary/Primary,Primary 3,,lga,Ondo East,South West,Ondo,Ondo East,,,7609,0,148,370,178,51.4122,20.5649,42.7472
2021/2022,Female,all,Public,Pre-Primary/Primary,Primary 3,,lga,Ondo West,South West,Ondo,Ondo West,,,8132,0,160,389,187,50.825,20.9049,43.4866
2021/2022,Female,all,Public,Pre-Primary/Primary,Primary 4,,lga,Akure North,South West,Ondo,Akure North,,,7414,0,160,354,172,46.3375,20.9435,43.1047
2021/2022,Female,all,Public,Pre-Primary/Primary,Primary 4,,lga,Akure South,South West,Ondo,Akure South,,,7766,0,168,366,179,46.2262,21.2186,43.3855
2021/2022,Female,all,Public,Pre-Primary/Primary,Primary 4,,lga,Odigbo,South West,Ondo,Odigbo,,,7616,0,152,361,176,50.1053,21.097,43.2727
2021/2022,Female,all,Public,Pre-Primary/Primary,Primary 4,,lga,Ondo East,South West,Ondo,Ondo East,,,6956,0,156,339,163,44.5897,20.5192,42.6748
2021/2022,Female,all,Public,Pre-Primary/Primary,Primary 4,,lga,Ondo West,South West,Ondo,Ondo West,,,7429,0,156,356,169,47.6218,20.868,43.9586
2021/2022,Female,all,Public,Pre-Primary/Primary,Primary 5,,lga,Akure North,South West,Ondo,Akure North,,,6942,0,156,333,161,44.5,20.8468,43.118
2021/2022,Female,all,Public,Pre-Primary/Primary,Primary 5,,lga,Akure South,South West,Ondo,Akure South,,,7270,0,164,343,164,44.3293,21.1953,44.3293
2021/2022,Female,all,Public,Pre-Primary/Primary,Primary 5,,lga,Odigbo,South West,Ondo,Odigbo,,,7132,0,160,338,163,44.575,21.1006,43.7546
2021/2022,Female,all,Public,Pre-Primary/Primary,Primary 5,,lga,Ondo East,South West,Ondo,Ondo East,,,6513,0,160,318,153,40.7062,20.4811,42.5686
2021/2022,Female,all,Public,Pre-Primary/Primary,Primary 5,,lga,Ondo West,South West,Ondo,Ondo West,,,6956,0,152,331,157,45.7632,21.0151,44.3057
2021/2022,Female,all,Public,Pre-Primary/Primary,Primary 6,,lga,Akure North,South West,Ondo,Akure North,,,6274,0,152,297,143,41.2763,21.1246,43.8741
2021/2022,Female,all,Public,Pre-Primary/Primary,Primary 6,,lga,Akure South,South West,Ondo,Akure South,,,6575,0,168,308,148,39.1369,21.3474,44.4257
2021/2022,Female,all,Public,Pre-Primary/Primary,Primary 6,,lga,Odigbo,South West,Ondo,Odigbo,,,6447,0,164,304,145,39.311,21.2072,44.4621
2021/2022,Female,all,Public,Pre-Primary/Primary,Primary 6,,lga,Ondo East,South West,Ondo,Ondo East,,,5887,0,148,286,138,39.777,20.5839,42.6594
2021/2022,Female,all,Public,Pre-Primary/Primary,Primary 6,,lga,Ondo West,South West,Ondo,Ondo West,,,6290,0,160,301,143,39.3125,20.897,43.986
2021/2022,Female,all,Public,SSS,SSS1,SSS1,lga,Akure North,South West,Ondo,Akure North,,,2118,3,68,97,44,31.1471,21.8351,48.1364
2021/2022,Female,all,Public,SSS,SSS1,SSS1,lga,Akure South,South West,Ondo,Akure South,,,2058,3,72,95,44,28.5833,21.6632,46.7727
2021/2022,Female,all,Public,SSS,SSS1,SSS1,lga,Odigbo,South West,Ondo,Odigbo,,,1920,3,72,89,40,26.6667,21.573,48.0
2021/2022,Female,all,Public,SSS,SSS1,SSS1,lga,Ondo East,South West,Ondo,Ondo East,,,2012,3,76,95,43,26.4737,21.1789,46.7907
2021/2022,Female,all,Public,SSS,SSS1,SSS1,lga,Ondo West,South West,Ondo,Ondo West,,,2022,3,68,94,42,29.7353,21.5106,48.1429
2021/2022,Female,all,Public,SSS,SSS2,,lga,Akure North,South West,Ondo,Akure North,,,1703,3,76,80,35,22.4079,21.2875,48.6571
2021/2022,Female,all,Public,SSS,SSS2,,lga,Akure South,South West,Ondo,Akure South,,,1661,3,72,78,34,23.0694,21.2949,48.8529
2021/2022,Female,all,Public,SSS,SSS2,,lga,Odigbo,South West,Ondo,Odigbo,,,1545,3,68,74,33,22.7206,20.8784,46.8182
2021/2022,Female,all,Public,SSS,SSS2,,lga,Ondo East,South West,Ondo,Ondo East,,,1622,3,76,78,35,21.3421,20.7949,46.3429
2021/2022,Female,all,Public,SSS,SSS2,,lga,Ondo West,South West,Ondo,Ondo West,,,1627,3,72,77,34,22.5972,21.1299,47.8529
2021/2022,Female,all,Public,SSS,SSS3,,lga,Akure North,South West,Ondo,Akure North,,,1327,3,76,63,27,17.4605,21.0635,49.1481
2021/2022,Female,all,Public,SSS,SSS3,,lga,Akure South,South West,Ondo,Akure South,,,1291,3,72,60,25,17.9306,21.5167,51.64
2021/2022,Female,all,Public,SSS,SSS3,,lga,Odigbo,South West,Ondo,Odigbo,,,1201,3,68,59,25,17.6618,20.3559,48.04
2021/2022,Female,all,Public,SSS,SSS3,,lga,Ondo East,South West,Ondo,Ondo East,,,1260,3,72,62,26,17.5,20.3226,48.4615
2021/2022,Female,all,Public,SSS,SSS3,,lga,Ondo West,South West,Ondo,Ondo West,,,1266,3,76,61,25,16.6579,20.7541,50.64
2021/2022,Female,all,Public,Vocational,Vocational Year 1,,lga,Akure North,South West,Ondo,Akure North,,,53,0,28,14,2,1.8929,3.7857,26.5
2021/2022,Female,all,Public,Vocational,Vocational Year 1,,lga,Akure South,South West,Ondo,Akure South,,,47,0,24,14,2,1.9583,3.3571,23.5
2021/2022,Female,all,Public,Vocational,Vocational Year 1,,lga,Odigbo,South West,Ondo,Odigbo,,,46,0,24,14,2,1.9167,3.2857,23.0
2021/2022,Female,all,Public,Vocational,Vocational Year 1,,lga,Ondo East,South West,Ondo,Ondo East,,,42,0,20,14,2,2.1,3.0,21.0
2021/2022,Female,all,Public,Vocational,Vocational Year 1,,lga,Ondo West,South West,Ondo,Ondo West,,,52,0,28,15,2,1.8571,3.4667,26.0
2021/2022,Female,all,Public,Vocational,Vocational Year 2,,lga,Akure North,South West,Ondo,Akure North,,,43,0,28,13,1,1.5357,3.3077,43.0
2021/2022,Female,all,Public,Vocational,Vocational Year 2,,lga,Akure South,South West,Ondo,Akure South,,,40,0,24,13,1,1.6667,3.0769,40.0
2021/2022,Female,all,Public,Vocational,Vocational Year 2,,lga,Odigbo,South West,Ondo,Odigbo,,,40,0,24,13,1,1.6667,3.0769,40.0
2021/2022,Female,all,Public,Vocational,Vocational Year 2,,lga,Ondo East,South West,Ondo,Ondo East,,,36,0,20,14,2,1.8,2.5714,18.0
2021/2022,Female,all,Public,Vocational,Vocational Year 2,,lga,Ondo West,South West,Ondo,Ondo West,,,44,0,28,14,1,1.5714,3.1429,44.0
2021/2022,Female,all,Public,Vocational,Vocational Year 3,,lga,Akure North,South West,Ondo,Akure North,,,32,0,28,12,0,1.1429,2.6667,0.0
2021/2022,Female,all,Public,Vocational,Vocational Year 3,,lga,Akure South,South West,Ondo,Akure South,,,29,0,24,12,0,1.2083,2.4167,0.0
2021/2022,Female,all,Public,Vocational,Vocational Year 3,,lga,Odigbo,South West,Ondo,Odigbo,,,29,0,24,12,0,1.2083,2.4167,0.0
2021/2022,Female,all,Public,Vocational,Vocational Year 3,,lga,Ondo East,South West,Ondo,Ondo East,,,27,0,20,12,0,1.35,2.25,0.0
2021/2022,Female,all,Public,Vocational,Vocational Year 3,,lga,Ondo West,South West,Ondo,Ondo West,,,31,0,28,13,1,1.1071,2.3846,31.0
2021/2022,Female,disabled,Private,Adult & Non-Formal,IQS/IQTS Stage 1,,lga,Akure North,South West,Ondo,Akure North,,,7,0,16,43,17,0.4375,0.1628,0.4118
2021/2022,Female,disabled,Private,Adult & Non-Formal,IQS/IQTS Stage 1,,lga,Akure South,South West,Ondo,Akure South,,,7,0,12,37,13,0.5833,0.1892,0.5385
2021/2022,Female,disabled,Private,Adult & Non-Formal,IQS/IQTS Stage 1,,lga,Odigbo,South West,Ondo,Odigbo,,,9,0,16,42,16,0.5625,0.2143,0.5625
2021/2022,Female,disabled,Private,Adult & Non-Formal,IQS/IQTS Stage 1,,lga,Ondo East,South West,Ondo,Ondo East,,,7,0,16,38,15,0.4375,0.1842,0.4667
2021/2022,Female,disabled,Private,Adult & Non-Formal,IQS/IQTS Stage 1,,lga,Ondo West,South West,Ondo,Ondo West,,,8,0,16,43,17,0.5,0.186,0.4706
2021/2022,Female,disabled,Private,Adult & Non-Formal,IQS/IQTS Stage 2,,lga,Akure North,South West,Ondo,Akure North,,,6,0,16,36,13,0.375,0.1667,0.4615
2021/2022,Female,disabled,Private,Adult & Non-Formal,IQS/IQTS Stage 2,,lga,Akure South,South West,Ondo,Akure South,,,5,0,12,32,12,0.4167,0.1562,0.4167
2021/2022,Female,disabled,Private,Adult & Non-Formal,IQS/IQTS Stage 2,,lga,Odigbo,South West,Ondo,Odigbo,,,7,0,12,35,13,0.5833,0.2,0.5385
2021/2022,Female,disabled,Private,Adult & Non-Formal,IQS/IQTS Stage 2,,lga,Ondo East,South West,Ondo,Ondo East,,,7,0,16,31,11,0.4375,0.2258,0.6364
2021/2022,Female,disabled,Private,Adult & Non-Formal,IQS/IQTS Stage 2,,lga,Ondo West,South West,Ondo,Ondo West,,,7,0,16,35,13,0.4375,0.2,0.5385
2021/2022,Female,disabled,Private,Adult & Non-Formal,IQS/IQTS Stage 3,,lga,Akure North,South West,Ondo,Akure North,,,4,0,16,23,7,0.25,0.1739,0.5714
2021/2022,Female,disabled,Private,Adult & Non-Formal,IQS/IQTS Stage 3,,lga,Akure South,South West,Ondo,Akure South,,,3,0,12,19,5,0.25,0.1579,0.6
2021/2022,Female,disabled,Private,Adult & Non-Formal,IQS/IQTS Stage 3,,lga,Odigbo,South West,Ondo,Odigbo,,,3,0,16,20,6,0.1875,0.15,0.5
2021/2022,Female,disabled,Private,Adult & Non-Formal,IQS/IQTS Stage 3,,lga,Ondo East,South West,Ondo,Ondo East,,,3,0,12,20,5,0.25,0.15,0.6
2021/2022,Female,disabled,Private,Adult & Non-Formal,IQS/IQTS Stage 3,,lga,Ondo West,South West,Ondo,Ondo West,,,3,0,16,21,6,0.1875,0.1429,0.5
2021/2022,Female,disabled,Private,JSS,JSS1,JSS1,lga,Akure North,South West,Ondo,Akure North,,,25,0,28,50,20,0.8929,0.5,1.25
2021/2022,Female,disabled,Private,JSS,JSS1,JSS1,lga,Akure South,South West,Ondo,Akure South,,,21,0,24,40,15,0.875,0.525,1.4
2021/2022,Female,disabled,Private,JSS,JSS1,JSS1,lga,Odigbo,South West,Ondo,Odigbo,,,31,0,36,58,24,0.8611,0.5345,1.2917
2021/2022,Female,disabled,Private,JSS,JSS1,JSS1,lga,Ondo East,South West,Ondo,Ondo East,,,32,0,28,50,21,1.1429,0.64,1.5238
2021/2022,Female,disabled,Private,JSS,JSS1,JSS1,lga,Ondo West,South West,Ondo,Ondo West,,,30,0,32,52,22,0.9375,0.5769,1.3636
2021/2022,Female,disabled,Private,JSS,JSS2,,lga,Akure North,South West,Ondo,Akure North,,,21,0,32,42,17,0.6562,0.5,1.2353
2021/2022,Female,disabled,Private,JSS,JSS2,,lga,Akure South,South West,Ondo,Akure South,,,15,0,24,33,12,0.625,0.4545,1.25
2021/2022,Female,disabled,Private,JSS,JSS2,,lga,Odigbo,South West,Ondo,Odigbo,,,27,0,36,48,20,0.75,0.5625,1.35
2021/2022,Female,disabled,Private,JSS,JSS2,,lga,Ondo East,South West,Ondo,Ondo East,,,24,0,28,42,16,0.8571,0.5714,1.5
2021/2022,Female,disabled,Private,JSS,JSS2,,lga,Ondo West,South West,Ondo,Ondo West,,,22,0,32,44,17,0.6875,0.5,1.2941
2021/2022,Female,disabled,Private,JSS,JSS3,,lga,Akure North,South West,Ondo,Akure North,,,19,0,32,35,13,0.5938,0.5429,1.4615
2021/2022,Female,disabled,Private,JSS,JSS3,,lga,Akure South,South West,Ondo,Akure South,,,15,0,24,29,11,0.625,0.5172,1.3636
2021/2022,Female,disabled,Private,JSS,JSS3,,lga,Odigbo,South West,Ondo,Odigbo,,,21,0,36,40,15,0.5833,0.525,1.4
2021/2022,Female,disabled,Private,JSS,JSS3,,lga,Ondo East,South West,Ondo,Ondo East,,,19,0,28,34,13,0.6786,0.5588,1.4615
2021/2022,Female,disabled,Private,JSS,JSS3,,lga,Ondo West,South West,Ondo,Ondo West,,,19,0,32,37,15,0.5938,0.5135,1.2667
2021/2022,Female,disabled,Private,Pre-Primary/Primary,Primary 1,Primary 1,lga,Akure North,South West,Ondo,Akure North,,,107,0,48,165,77,2.2292,0.6485,1.3896
2021/2022,Female,disabled,Private,Pre-Primary/Primary,Primary 1,Primary 1,lga,Akure South,South West,Ondo,Akure South,,,78,0,44,132,61,1.7727,0.5909,1.2787
2021/2022,Female,disabled,Private,Pre-Primary/Primary,Primary 1,Primary 1,lga,Odigbo,South West,Ondo,Odigbo,,,87,0,44,138,64,1.9773,0.6304,1.3594
2021/2022,Female,disabled,Private,Pre-Primary/Primary,Primary 1,Primary 1,lga,Ondo East,South West,Ondo,Ondo East,,,76,0,44,141,66,1.7273,0.539,1.1515
2021/2022,Female,disabled,Private,Pre-Primary/Primary,Primary 1,Primary 1,lga,Ondo West,South West,Ondo,Ondo West,,,88,0,44,144,67,2.0,0.6111,1.3134
2021/2022,Female,disabled,Private,Pre-Primary/Primary,Primary 2,,lga,Akure North,South West,Ondo,Akure North,,,96,0,48,148,70,2.0,0.6486,1.3714
2021/2022,Female,disabled,Private,Pre-Primary/Primary,Primary 2,,lga,Akure South,South West,Ondo,Akure South,,,69,0,44,117,54,1.5682,0.5897,1.2778
2021/2022,Female,disabled,Private,Pre-Primary/Primary,Primary 2,,lga,Odigbo,South West,Ondo,Odigbo,,,77,0,48,123,58,1.6042,0.626,1.3276
2021/2022,Female,disabled,Private,Pre-Primary/Primary,Primary 2,,lga,Ondo East,South West,Ondo,Ondo East,,,66,0,40,125,58,1.65,0.528,1.1379
2021/2022,Female,disabled,Private,Pre-Primary/Primary,Primary 2,,lga,Ondo West,South West,Ondo,Ondo West,,,78,0,44,128,59,1.7727,0.6094,1.322
2021/2022,Female,disabled,Private,Pre-Primary/Primary,Primary 3,,lga,Akure North,South West,Ondo,Akure North,,,86,0,52,133,61,1.6538,0.6466,1.4098
2021/2022,Female,disabled,Private,Pre-Primary/Primary,Primary 3,,lga,Akure South,South West,Ondo,Akure South,,,61,0,40,108,51,1.525,0.5648,1.1961
2021/2022,Female,disabled,Private,Pre-Primary/Primary,Primary 3,,lga,Odigbo,South West,Ondo,Odigbo,,,70,0,44,111,51,1.5909,0.6306,1.3725
2021/2022,Female,disabled,Private,Pre-Primary/Primary,Primary 3,,lga,Ondo East,South West,Ondo,Ondo East,,,60,0,48,113,52,1.25,0.531,1.1538
2021/2022,Female,disabled,Private,Pre-Primary/Primary,Primary 3,,lga,Ondo West,South West,Ondo,Ondo West,,,70,0,48,115,53,1.4583,0.6087,1.3208
2021/2022,Female,disabled,Private,Pre-Primary/Primary,Primary 4,,lga,Akure North,South West,Ondo,Akure North,,,79,0,60,123,56,1.3167,0.6423,1.4107
2021/2022,Female,disabled,Private,Pre-Primary/Primary,Primary 4,,lga,Akure South,South West,Ondo,Akure South,,,56,0,44,98,45,1.2727,0.5714,1.2444
2021/2022,Female,disabled,Private,Pre-Primary/Primary,Primary 4,,lga,Odigbo,South West,Ondo,Odigbo,,,66,0,48,103,47,1.375,0.6408,1.4043
2021/2022,Female,disabled,Private,Pre-Primary/Primary,Primary 4,,lga,Ondo East,South West,Ondo,Ondo East,,,56,0,48,105,48,1.1667,0.5333,1.1667
2021/2022,Female,disabled,Private,Pre-Primary/Primary,Primary 4,,lga,Ondo West,South West,Ondo,Ondo West,,,64,0,48,106,49,1.3333,0.6038,1.3061
2021/2022,Female,disabled,Private,Pre-Primary/Primary,Primary 5,,lga,Akure North,South West,Ondo,Akure North,,,74,0,56,114,53,1.3214,0.6491,1.3962
2021/2022,Female,disabled,Private,Pre-Primary/Primary,Primary 5,,lga,Akure South,South West,Ondo,Akure South,,,54,0,44,93,42,1.2273,0.5806,1.2857
2021/2022,Female,disabled,Private,Pre-Primary/Primary,Primary 5,,lga,Odigbo,South West,Ondo,Odigbo,,,62,0,44,97,44,1.4091,0.6392,1.4091
2021/2022,Female,disabled,Private,Pre-Primary/Primary,Primary 5,,lga,Ondo East,South West,Ondo,Ondo East,,,53,0,44,99,45,1.2045,0.5354,1.1778
2021/2022,Female,disabled,Private,Pre-Primary/Primary,Primary 5,,lga,Ondo West,South West,Ondo,Ondo West,,,61,0,48,100,46,1.2708,0.61,1.3261
2021/2022,Female,disabled,Private,Pre-Primary/Primary,Primary 6,,lga,Akure North,South West,Ondo,Akure North,,,67,0,52,105,47,1.2885,0.6381,1.4255
2021/2022,Female,disabled,Private,Pre-Primary/Primary,Primary 6,,lga,Akure South,South West,Ondo,Akure South,,,49,0,44,85,37,1.1136,0.5765,1.3243
2021/2022,Female,disabled,Private,Pre-Primary/Primary,Primary 6,,lga,Odigbo,South West,Ondo,Odigbo,,,55,0,48,88,39,1.1458,0.625,1.4103
2021/2022,Female,disabled,Private,Pre-Primary/Primary,Primary 6,,lga,Ondo East,South West,Ondo,Ondo East,,,49,0,44,89,41,1.1136,0.5506,1.1951
2021/2022,Female,disabled,Private,Pre-Primary/Primary,Primary 6,,lga,Ondo West,South West,Ondo,Ondo West,,,54,0,44,91,42,1.2273,0.5934,1.2857
2021/2022,Female,disabled,Private,SSS,SSS1,SSS1,lga,Akure North,South West,Ondo,Akure North,,,19,0,36,50,20,0.5278,0.38,0.95
2021/2022,Female,disabled,Private,SSS,SSS1,SSS1,lga,Akure South,South West,Ondo,Akure South,,,15,0,28,46,20,0.5357,0.3261,0.75
2021/2022,Female,disabled,Private,SSS,SSS1,SSS1,lga,Odigbo,South West,Ondo,Odigbo,,,21,0,36,53,23,0.5833,0.3962,0.913
2021/2022,Female,disabled,Private,SSS,SSS1,SSS1,lga,Ondo East,South West,Ondo,Ondo East,,,15,0,28,41,16,0.5357,0.3659,0.9375
2021/2022,Female,disabled,Private,SSS,SSS1,SSS1,lga,Ondo West,South West,Ondo,Ondo West,,,19,0,32,46,18,0.5938,0.413,1.0556
2021/2022,Female,disabled,Private,SSS,SSS2,,lga,Akure North,South West,Ondo,Akure North,,,13,0,40,39,15,0.325,0.3333,0.8667
2021/2022,Female,disabled,Private,SSS,SSS2,,lga,Akure South,South West,Ondo,Akure South,,,10,0,36,39,14,0.2778,0.2564,0.7143
2021/2022,Female,disabled,Private,SSS,SSS2,,lga,Odigbo,South West,Ondo,Odigbo,,,17,0,36,41,17,0.4722,0.4146,1.0
2021/2022,Female,disabled,Private,SSS,SSS2,,lga,Ondo East,South West,Ondo,Ondo East,,,11,0,28,34,12,0.3929,0.3235,0.9167
2021/2022,Female,disabled,Private,SSS,SSS2,,lga,Ondo West,South West,Ondo,Ondo West,,,17,0,32,38,14,0.5312,0.4474,1.2143
2021/2022,Female,disabled,Private,SSS,SSS3,,lga,Akure North,South West,Ondo,Akure North,,,9,0,36,32,12,0.25,0.2812,0.75
2021/2022,Female,disabled,Private,SSS,SSS3,,lga,Akure South,South West,Ondo,Akure South,,,7,0,36,32,12,0.1944,0.2188,0.5833
2021/2022,Female,disabled,Private,SSS,SSS3,,lga,Odigbo,South West,Ondo,Odigbo,,,13,0,36,35,12,0.3611,0.3714,1.0833
2021/2022,Female,disabled,Private,SSS,SSS3,,lga,Ondo East,South West,Ondo,Ondo East,,,7,0,28,28,10,0.25,0.25,0.7
2021/2022,Female,disabled,Private,SSS,SSS3,,lga,Ondo West,South West,Ondo,Ondo West,,,13,0,36,32,10,0.3611,0.4062,1.3
2021/2022,Female,disabled,Private,Vocational,Vocational Year 1,,lga,Akure North,South West,Ondo,Akure North,,,0,0,20,13,1,0.0,0.0,0.0
2021/2022,Female,disabled,Private,Vocational,Vocational Year 1,,lga,Akure South,South West,Ondo,Akure South,,,0,0,24,13,1,0.0,0.0,0.0
2021/2022,Female,disabled,Private,Vocational,Vocational Year 1,,lga,Odigbo,South West,Ondo,Odigbo,,,0,0,24,14,2,0.0,0.0,0.0
2021/2022,Female,disabled,Private,Vocational,Vocational Year 1,,lga,Ondo East,South West,Ondo,Ondo East,,,0,0,20,13,1,0.0,0.0,0.0
2021/2022,Female,disabled,Private,Vocational,Vocational Year 1,,lga,Ondo West,South West,Ondo,Ondo West,,,0,0,16,13,1,0.0,0.0,0.0
2021/2022,Female,disabled,Private,Vocational,Vocational Year 2,,lga,Akure North,South West,Ondo,Akure North,,,0,0,16,12,0,0.0,0.0,0.0
2021/2022,Female,disabled,Private,Vocational,Vocational Year 2,,lga,Akure South,South West,Ondo,Akure South,,,0,0,20,13,1,0.0,0.0,0.0
2021/2022,Female,disabled,Private,Vocational,Vocational Year 2,,lga,Odigbo,South West,Ondo,Odigbo,,,0,0,24,12,0,0.0,0.0,0.0
2021/2022,Female,disabled,Private,Vocational,Vocational Year 2,,lga,Ondo East,South West,Ondo,Ondo East,,,0,0,20,12,0,0.0,0.0,0.0
2021/2022,Female,disabled,Private,Vocational,Vocational Year 2,,lga,Ondo West,South West,Ondo,Ondo West,,,0,0,16,12,0,0.0,0.0,0.0
2021/2022,Female,disabled,Private,Vocational,Vocational Year 3,,lga,Akure North,South West,Ondo,Akure North,,,0,0,24,12,0,0.0,0.0,0.0
2021/2022,Female,disabled,Private,Vocational,Vocational Year 3,,lga,Akure South,South West,Ondo,Akure South,,,0,0,20,12,0,0.0,0.0,0.0
2021/2022,Female,disabled,Private,Vocational,Vocational Year 3,,lga,Odigbo,South West,Ondo,Odigbo,,,0,0,24,12,0,0.0,0.0,0.0
2021/2022,Female,disabled,Private,Vocational,Vocational Year 3,,lga,Ondo East,South West,Ondo,Ondo East,,,0,0,24,12,0,0.0,0.0,0.0
2021/2022,Female,disabled,Private,Vocational,Vocational Year 3,,lga,Ondo West,South West,Ondo,Ondo West,,,0,0,16,12,0,0.0,0.0,0.0
2021/2022,Female,disabled,Public,Adult & Non-Formal,IQS/IQTS Stage 1,,lga,Akure North,South West,Ondo,Akure North,,,12,0,24,55,23,0.5,0.2182,0.5217
2021/2022,Female,disabled,Public,Adult & Non-Formal,IQS/IQTS Stage 1,,lga,Akure South,South West,Ondo,Akure South,,,11,0,24,59,25,0.4583,0.1864,0.44
2021/2022,Female,disabled,Public,Adult & Non-Formal,IQS/IQTS Stage 1,,lga,Odigbo,South West,Ondo,Odigbo,,,12,0,24,55,23,0.5,0.2182,0.5217
2021/2022,Female,disabled,Public,Adult & Non-Formal,IQS/IQTS Stage 1,,lga,Ondo East,South West,Ondo,Ondo East,,,11,0,20,55,23,0.55,0.2,0.4783
2021/2022,Female,disabled,Public,Adult & Non-Formal,IQS/IQTS Stage 1,,lga,Ondo West,South West,Ondo,Ondo West,,,10,0,20,54,22,0.5,0.1852,0.4545
2021/2022,Female,disabled,Public,Adult & Non-Formal,IQS/IQTS Stage 2,,lga,Akure North,South West,Ondo,Akure North,,,10,0,24,45,17,0.4167,0.2222,0.5882
2021/2022,Female,disabled,Public,Adult & Non-Formal,IQS/IQTS Stage 2,,lga,Akure South,South West,Ondo,Akure South,,,8,0,24,48,19,0.3333,0.1667,0.4211
2021/2022,Female,disabled,Public,Adult & Non-Formal,IQS/IQTS Stage 2,,lga,Odigbo,South West,Ondo,Odigbo,,,9,0,24,45,18,0.375,0.2,0.5
2021/2022,Female,disabled,Public,Adult & Non-Formal,IQS/IQTS Stage 2,,lga,Ondo East,South West,Ondo,Ondo East,,,8,0,20,44,17,0.4,0.1818,0.4706
2021/2022,Female,disabled,Public,Adult & Non-Formal,IQS/IQTS Stage 2,,lga,Ondo West,South West,Ondo,Ondo West,,,7,0,20,42,16,0.35,0.1667,0.4375
2021/2022,Female,disabled,Public,Adult & Non-Formal,IQS/IQTS Stage 3,,lga,Akure North,South West,Ondo,Akure North,,,5,0,24,28,10,0.2083,0.1786,0.5
2021/2022,Female,disabled,Public,Adult & Non-Formal,IQS/IQTS Stage 3,,lga,Akure South,South West,Ondo,Akure South,,,4,0,24,30,11,0.1667,0.1333,0.3636
2021/2022,Female,disabled,Public,Adult & Non-Formal,IQS/IQTS Stage 3,,lga,Odigbo,South West,Ondo,Odigbo,,,6,0,24,27,9,0.25,0.2222,0.6667
2021/2022,Female,disabled,Public,Adult & Non-Formal,IQS/IQTS Stage 3,,lga,Ondo East,South West,Ondo,Ondo East,,,5,0,20,27,9,0.25,0.1852,0.5556
2021/2022,Female,disabled,Public,Adult & Non-Formal,IQS/IQTS Stage 3,,lga,Ondo West,South West,Ondo,Ondo West,,,4,0,16,26,9,0.25,0.1538,0.4444
2021/2022,Female,disabled,Public,JSS,JSS1,JSS1,lga,Akure North,South West,Ondo,Akure North,,,83,0,92,140,65,0.9022,0.5929,1.2769
2021/2022,Female,disabled,Public,JSS,JSS1,JSS1,lga,Akure South,South West,Ondo,Akure South,,,89,0,96,144,67,0.9271,0.6181,1.3284
2021/2022,Female,disabled,Public,JSS,JSS1,JSS1,lga,Odigbo,South West,Ondo,Odigbo,,,82,0,76,127,58,1.0789,0.6457,1.4138
2021/2022,Female,disabled,Public,JSS,JSS1,JSS1,lga,Ondo East,South West,Ondo,Ondo East,,,92,0,80,127,58,1.15,0.7244,1.5862
2021/2022,Female,disabled,Public,JSS,JSS1,JSS1,lga,Ondo West,South West,Ondo,Ondo West,,,67,0,88,130,62,0.7614,0.5154,1.0806
2021/2022,Female,disabled,Public,JSS,JSS2,,lga,Akure North,South West,Ondo,Akure North,,,67,0,88,115,54,0.7614,0.5826,1.2407
2021/2022,Female,disabled,Public,JSS,JSS2,,lga,Akure South,South West,Ondo,Akure South,,,72,0,88,120,55,0.8182,0.6,1.3091
2021/2022,Female,disabled,Public,JSS,JSS2,,lga,Odigbo,South West,Ondo,Odigbo,,,65,0,80,105,48,0.8125,0.619,1.3542
2021/2022,Female,disabled,Public,JSS,JSS2,,lga,Ondo East,South West,Ondo,Ondo East,,,75,0,84,106,48,0.8929,0.7075,1.5625
2021/2022,Female,disabled,Public,JSS,JSS2,,lga,Ondo West,South West,Ondo,Ondo West,,,57,0,88,108,49,0.6477,0.5278,1.1633
2021/2022,Female,disabled,Public,JSS,JSS3,,lga,Akure North,South West,Ondo,Akure North,,,55,0,88,93,42,0.625,0.5914,1.3095
2021/2022,Female,disabled,Public,JSS,JSS3,,lga,Akure South,South West,Ondo,Akure South,,,58,0,96,97,44,0.6042,0.5979,1.3182
2021/2022,Female,disabled,Public,JSS,JSS3,,lga,Odigbo,South West,Ondo,Odigbo,,,51,0,80,84,38,0.6375,0.6071,1.3421
2021/2022,Female,disabled,Public,JSS,JSS3,,lga,Ondo East,South West,Ondo,Ondo East,,,59,0,84,85,38,0.7024,0.6941,1.5526
2021/2022,Female,disabled,Public,JSS,JSS3,,lga,Ondo West,South West,Ondo,Ondo West,,,43,0,84,88,39,0.5119,0.4886,1.1026
2021/2022,Female,disabled,Public,Pre-Primary/Primary,Primary 1,Primary 1,lga,Akure North,South West,Ondo,Akure North,,,318,0,156,483,234,2.0385,0.6584,1.359
2021/2022,Female,disabled,Public,Pre-Primary/Primary,Primary 1,Primary 1,lga,Akure South,South West,Ondo,Akure South,,,303,0,156,499,241,1.9423,0.6072,1.2573
2021/2022,Female,disabled,Public,Pre-Primary/Primary,Primary 1,Primary 1,lga,Odigbo,South West,Ondo,Odigbo,,,310,0,160,494,238,1.9375,0.6275,1.3025
2021/2022,Female,disabled,Public,Pre-Primary/Primary,Primary 1,Primary 1,lga,Ondo East,South West,Ondo,Ondo East,,,265,0,144,464,224,1.8403,0.5711,1.183
2021/2022,Female,disabled,Public,Pre-Primary/Primary,Primary 1,Primary 1,lga,Ondo West,South West,Ondo,Ondo West,,,297,0,168,489,238,1.7679,0.6074,1.2479
2021/2022,Female,disabled,Public,Pre-Primary/Primary,Primary 2,,lga,Akure North,South West,Ondo,Akure North,,,281,0,152,429,207,1.8487,0.655,1.3575
2021/2022,Female,disabled,Public,Pre-Primary/Primary,Primary 2,,lga,Akure South,South West,Ondo,Akure South,,,267,0,164,443,215,1.628,0.6027,1.2419
2021/2022,Female,disabled,Public,Pre-Primary/Primary,Primary 2,,lga,Odigbo,South West,Ondo,Odigbo,,,277,0,168,440,213,1.6488,0.6295,1.3005
2021/2022,Female,disabled,Public,Pre-Primary/Primary,Primary 2,,lga,Ondo East,South West,Ondo,Ondo East,,,237,0,156,412,198,1.5192,0.5752,1.197
2021/2022,Female,disabled,Public,Pre-Primary/Primary,Primary 2,,lga,Ondo West,South West,Ondo,Ondo West,,,265,0,156,432,207,1.6987,0.6134,1.2802
2021/2022,Female,disabled,Public,Pre-Primary/Primary,Primary 3,,lga,Akure North,South West,Ondo,Akure North,,,252,0,156,387,187,1.6154,0.6512,1.3476
2021/2022,Female,disabled,Public,Pre-Primary/Primary,Primary 3,,lga,Akure South,South West,Ondo,Akure South,,,240,0,164,400,193,1.4634,0.6,1.2435
2021/2022,Female,disabled,Public,Pre-Primary/Primary,Primary 3,,lga,Odigbo,South West,Ondo,Odigbo,,,251,0,160,395,191,1.5688,0.6354,1.3141
2021/2022,Female,disabled,Public,Pre-Primary/Primary,Primary 3,,lga,Ondo East,South West,Ondo,Ondo East,,,212,0,148,370,178,1.4324,0.573,1.191
2021/2022,Female,disabled,Public,Pre-Primary/Primary,Primary 3,,lga,Ondo West,South West,Ondo,Ondo West,,,238,0,160,389,187,1.4875,0.6118,1.2727
2021/2022,Female,disabled,Public,Pre-Primary/Primary,Primary 4,,lga,Akure North,South West,Ondo,Akure North,,,231,0,160,354,172,1.4438,0.6525,1.343
2021/2022,Female,disabled,Public,Pre-Primary/Primary,Primary 4,,lga,Akure South,South West,Ondo,Akure South,,,221,0,168,366,179,1.3155,0.6038,1.2346
2021/2022,Female,disabled,Public,Pre-Primary/Primary,Primary 4,,lga,Odigbo,South West,Ondo,Odigbo,,,226,0,152,361,176,1.4868,0.626,1.2841
2021/2022,Female,disabled,Public,Pre-Primary/Primary,Primary 4,,lga,Ondo East,South West,Ondo,Ondo East,,,195,0,156,339,163,1.25,0.5752,1.1963
2021/2022,Female,disabled,Public,Pre-Primary/Primary,Primary 4,,lga,Ondo West,South West,Ondo,Ondo West,,,216,0,156,356,169,1.3846,0.6067,1.2781
2021/2022,Female,disabled,Public,Pre-Primary/Primary,Primary 5,,lga,Akure North,South West,Ondo,Akure North,,,216,0,156,333,161,1.3846,0.6486,1.3416
2021/2022,Female,disabled,Public,Pre-Primary/Primary,Primary 5,,lga,Akure South,South West,Ondo,Akure South,,,206,0,164,343,164,1.2561,0.6006,1.2561
2021/2022,Female,disabled,Public,Pre-Primary/Primary,Primary 5,,lga,Odigbo,South West,Ondo,Odigbo,,,212,0,160,338,163,1.325,0.6272,1.3006
2021/2022,Female,disabled,Public,Pre-Primary/Primary,Primary 5,,lga,Ondo East,South West,Ondo,Ondo East,,,181,0,160,318,153,1.1312,0.5692,1.183
2021/2022,Female,disabled,Public,Pre-Primary/Primary,Primary 5,,lga,Ondo West,South West,Ondo,Ondo West,,,203,0,152,331,157,1.3355,0.6133,1.293
2021/2022,Female,disabled,Public,Pre-Primary/Primary,Primary 6,,lga,Akure North,South West,Ondo,Akure North,,,194,0,152,297,143,1.2763,0.6532,1.3566
2021/2022,Female,disabled,Public,Pre-Primary/Primary,Primary 6,,lga,Akure South,South West,Ondo,Akure South,,,187,0,168,308,148,1.1131,0.6071,1.2635
2021/2022,Female,disabled,Public,Pre-Primary/Primary,Primary 6,,lga,Odigbo,South West,Ondo,Odigbo,,,192,0,164,304,145,1.1707,0.6316,1.3241
2021/2022,Female,disabled,Public,Pre-Primary/Primary,Primary 6,,lga,Ondo East,South West,Ondo,Ondo East,,,163,0,148,286,138,1.1014,0.5699,1.1812
2021/2022,Female,disabled,Public,Pre-Primary/Primary,Primary 6,,lga,Ondo West,South West,Ondo,Ondo West,,,184,0,160,301,143,1.15,0.6113,1.2867
2021/2022,Female,disabled,Public,SSS,SSS1,SSS1,lga,Akure North,South West,Ondo,Akure North,,,31,0,68,97,44,0.4559,0.3196,0.7045
2021/2022,Female,disabled,Public,SSS,SSS1,SSS1,lga,Akure South,South West,Ondo,Akure South,,,34,0,72,95,44,0.4722,0.3579,0.7727
2021/2022,Female,disabled,Public,SSS,SSS1,SSS1,lga,Odigbo,South West,Ondo,Odigbo,,,42,0,72,89,40,0.5833,0.4719,1.05
2021/2022,Female,disabled,Public,SSS,SSS1,SSS1,lga,Ondo East,South West,Ondo,Ondo East,,,37,0,76,95,43,0.4868,0.3895,0.8605
2021/2022,Female,disabled,Public,SSS,SSS1,SSS1,lga,Ondo West,South West,Ondo,Ondo West,,,35,0,68,94,42,0.5147,0.3723,0.8333
2021/2022,Female,disabled,Public,SSS,SSS2,,lga,Akure North,South West,Ondo,Akure North,,,24,0,76,80,35,0.3158,0.3,0.6857
2021/2022,Female,disabled,Public,SSS,SSS2,,lga,Akure South,South West,Ondo,Akure South,,,29,0,72,78,34,0.4028,0.3718,0.8529
2021/2022,Female,disabled,Public,SSS,SSS2,,lga,Odigbo,South West,Ondo,Odigbo,,,32,0,68,74,33,0.4706,0.4324,0.9697
2021/2022,Female,disabled,Public,SSS,SSS2,,lga,Ondo East,South West,Ondo,Ondo East,,,29,0,76,78,35,0.3816,0.3718,0.8286
2021/2022,Female,disabled,Public,SSS,SSS2,,lga,Ondo West,South West,Ondo,Ondo West,,,28,0,72,77,34,0.3889,0.3636,0.8235
2021/2022,Female,disabled,Public,SSS,SSS3,,lga,Akure North,South West,Ondo,Akure North,,,19,0,76,63,27,0.25,0.3016,0.7037
2021/2022,Female,disabled,Public,SSS,SSS3,,lga,Akure South,South West,Ondo,Akure South,,,21,0,72,60,25,0.2917,0.35,0.84
2021/2022,Female,disabled,Public,SSS,SSS3,,lga,Odigbo,South West,Ondo,Odigbo,,,25,0,68,59,25,0.3676,0.4237,1.0
2021/2022,Female,disabled,Public,SSS,SSS3,,lga,Ondo East,South West,Ondo,Ondo East,,,23,0,72,62,26,0.3194,0.371,0.8846
2021/2022,Female,disabled,Public,SSS,SSS3,,lga,Ondo West,South West,Ondo,Ondo West,,,21,0,76,61,25,0.2763,0.3443,0.84
2021/2022,Female,disabled,Public,Vocational,Vocational Year 1,,lga,Akure North,South West,Ondo,Akure North,,,2,0,28,14,2,0.0714,0.1429,1.0
2021/2022,Female,disabled,Public,Vocational,Vocational Year 1,,lga,Akure South,South West,Ondo,Akure South,,,0,0,24,14,2,0.0,0.0,0.0
2021/2022,Female,disabled,Public,Vocational,Vocational Year 1,,lga,Odigbo,South West,Ondo,Odigbo,,,0,0,24,14,2,0.0,0.0,0.0
2021/2022,Female,disabled,Public,Vocational,Vocational Year 1,,lga,Ondo East,South West,Ondo,Ondo East,,,0,0,20,14,2,0.0,0.0,0.0
2021/2022,Female,disabled,Public,Vocational,Vocational Year 1,,lga,Ondo West,South West,Ondo,Ondo West,,,1,0,28,15,2,0.0357,0.0667,0.5
2021/2022,Female,disabled,Public,Vocational,Vocational Year 2,,lga,Akure North,South West,Ondo,Akure North,,,0,0,28,13,1,0.0,0.0,0.0
2021/2022,Female,disabled,Public,Vocational,Vocational Year 2,,lga,Akure South,South West,Ondo,Akure South,,,0,0,24,13,1,0.0,0.0,0.0
2021/2022,Female,disabled,Public,Vocational,Vocational Year 2,,lga,Odigbo,South West,Ondo,Odigbo,,,0,0,24,13,1,0.0,0.0,0.0
2021/2022,Female,disabled,Public,Vocational,Vocational Year 2,,lga,Ondo East,South West,Ondo,Ondo East,,,0,0,20,14,2,0.0,0.0,0.0
2021/2022,Female,disabled,Public,Vocational,Vocational Year 2,,lga,Ondo West,South West,Ondo,Ondo West,,,1,0,28,14,1,0.0357,0.0714,1.0
2021/2022,Female,disabled,Public,Vocational,Vocational Year 3,,lga,Akure North,South West,Ondo,Akure North,,,0,0,28,12,0,0.0,0.0,0.0
2021/2022,Female,disabled,Public,Vocational,Vocational Year 3,,lga,Akure South,South West,Ondo,Akure South,,,0,0,24,12,0,0.0,0.0,0.0
2021/2022,Female,disabled,Public,Vocational,Vocational Year 3,,lga,Odigbo,South West,Ondo,Odigbo,,,0,0,24,12,0,0.0,0.0,0.0
2021/2022,Female,disabled,Public,Vocational,Vocational Year 3,,lga,Ondo East,South West,Ondo,Ondo East,,,0,0,20,12,0,0.0,0.0,0.0
2021/2022,Female,disabled,Public,Vocational,Vocational Year 3,,lga,Ondo West,South West,Ondo,Ondo West,,,0,0,28,13,1,0.0,0.0,0.0
2021/2022,Male,all,Private,Adult & Non-Formal,IQS/IQTS Stage 1,,lga,Akure North,South West,Ondo,Akure North,,,559,0,16,43,17,34.9375,13.0,32.8824
2021/2022,Male,all,Private,Adult & Non-Formal,IQS/IQTS Stage 1,,lga,Akure South,South West,Ondo,Akure South,,,478,0,12,37,13,39.8333,12.9189,36.7692
2021/2022,Male,all,Private,Adult & Non-Formal,IQS/IQTS Stage 1,,lga,Odigbo,South West,Ondo,Odigbo,,,519,0,16,42,16,32.4375,12.3571,32.4375
2021/2022,Male,all,Private,Adult & Non-Formal,IQS/IQTS Stage 1,,lga,Ondo East,South West,Ondo,Ondo East,,,473,0,16,38,15,29.5625,12.4474,31.5333
2021/2022,Male,all,Private,Adult & Non-Formal,IQS/IQTS Stage 1,,lga,Ondo West,South West,Ondo,Ondo West,,,543,0,16,43,17,33.9375,12.6279,31.9412
2021/2022,Male,all,Private,Adult & Non-Formal,IQS/IQTS Stage 2,,lga,Akure North,South West,Ondo,Akure North,,,434,0,16,36,13,27.125,12.0556,33.3846
2021/2022,Male,all,Private,Adult & Non-Formal,IQS/IQTS Stage 2,,lga,Akure South,South West,Ondo,Akure South,,,371,0,12,32,12,30.9167,11.5938,30.9167
2021/2022,Male,all,Private,Adult & Non-Formal,IQS/IQTS Stage 2,,lga,Odigbo,South West,Ondo,Odigbo,,,404,0,12,35,13,33.6667,11.5429,31.0769
2021/2022,Male,all,Private,Adult & Non-Formal,IQS/IQTS Stage 2,,lga,Ondo East,South West,Ondo,Ondo East,,,368,0,16,31,11,23.0,11.871,33.4545
2021/2022,Male,all,Private,Adult & Non-Formal,IQS/IQTS Stage 2,,lga,Ondo West,South West,Ondo,Ondo West,,,423,0,16,35,13,26.4375,12.0857,32.5385
2021/2022,Male,all,Private,Adult & Non-Formal,IQS/IQTS Stage 3,,lga,Akure North,South West,Ondo,Akure North,,,238,0,16,23,7,14.875,10.3478,34.0
2021/2022,Male,all,Private,Adult & Non-Formal,IQS/IQTS Stage 3,,lga,Akure South,South West,Ondo,Akure South,,,203,0,12,19,5,16.9167,10.6842,40.6
2021/2022,Male,all,Private,Adult & Non-Formal,IQS/IQTS Stage 3,,lga,Odigbo,South West,Ondo,Odigbo,,,222,0,16,20,6,13.875,11.1,37.0
2021/2022,Male,all,Private,Adult & Non-Formal,IQS/IQTS Stage 3,,lga,Ondo East,South West,Ondo,Ondo East,,,202,0,12,20,5,16.8333,10.1,40.4
2021/2022,Male,all,Private,Adult & Non-Formal,IQS/IQTS Stage 3,,lga,Ondo West,South West,Ondo,Ondo West,,,232,0,16,21,6,14.5,11.0476,38.6667
2021/2022,Male,all,Private,JSS,JSS1,JSS1,lga,Akure North,South West,Ondo,Akure North,,,1004,0,28,50,20,35.8571,20.08,50.2
2021/2022,Male,all,Private,JSS,JSS1,JSS1,lga,Akure South,South West,Ondo,Akure South,,,799,0,24,40,15,33.2917,19.975,53.2667
2021/2022,Male,all,Private,JSS,JSS1,JSS1,lga,Odigbo,South West,Ondo,Odigbo,,,1212,0,36,58,24,33.6667,20.8966,50.5
2021/2022,Male,all,Private,JSS,JSS1,JSS1,lga,Ondo East,South West,Ondo,Ondo East,,,1017,0,28,50,21,36.3214,20.34,48.4286
2021/2022,Male,all,Private,JSS,JSS1,JSS1,lga,Ondo West,South West,Ondo,Ondo West,,,1109,0,32,52,22,34.6562,21.3269,50.4091
2021/2022,Male,all,Private,JSS,JSS2,,lga,Akure North,South West,Ondo,Akure North,,,824,0,32,42,17,25.75,19.619,48.4706
2021/2022,Male,all,Private,JSS,JSS2,,lga,Akure South,South West,Ondo,Akure South,,,654,0,24,33,12,27.25,19.8182,54.5
2021/2022,Male,all,Private,JSS,JSS2,,lga,Odigbo,South West,Ondo,Odigbo,,,997,0,36,48,20,27.6944,20.7708,49.85
2021/2022,Male,all,Private,JSS,JSS2,,lga,Ondo East,South West,Ondo,Ondo East,,,838,0,28,42,16,29.9286,19.9524,52.375
2021/2022,Male,all,Private,JSS,JSS2,,lga,Ondo West,South West,Ondo,Ondo West,,,910,0,32,44,17,28.4375,20.6818,53.5294
2021/2022,Male,all,Private,JSS,JSS3,,lga,Akure North,South West,Ondo,Akure North,,,658,0,32,35,13,20.5625,18.8,50.6154
2021/2022,Male,all,Private,JSS,JSS3,,lga,Akure South,South West,Ondo,Akure South,,,524,0,24,29,11,21.8333,18.069,47.6364
2021/2022,Male,all,Private,JSS,JSS3,,lga,Odigbo,South West,Ondo,Odigbo,,,796,0,36,40,15,22.1111,19.9,53.0667
2021/2022,Male,all,Private,JSS,JSS3,,lga,Ondo East,South West,Ondo,Ondo East,,,667,0,28,34,13,23.8214,19.6176,51.3077
2021/2022,Male,all,Private,JSS,JSS3,,lga,Ondo West,South West,Ondo,Ondo West,,,727,0,32,37,15,22.7188,19.6486,48.4667
2021/2022,Male,all,Private,Pre-Primary/Primary,Primary 1,Primary 1,lga,Akure North,South West,Ondo,Akure North,,,3395,0,48,165,77,70.7292,20.5758,44.0909
2021/2022,Male,all,Private,Pre-Primary/Primary,Primary 1,Primary 1,lga,Akure South,South West,Ondo,Akure South,,,2697,0,44,132,61,61.2955,20.4318,44.2131
2021/2022,Male,all,Private,Pre-Primary/Primary,Primary 1,Primary 1,lga,Odigbo,South West,Ondo,Odigbo,,,2740,0,44,138,64,62.2727,19.8551,42.8125
2021/2022,Male,all,Private,Pre-Primary/Primary,Primary 1,Primary 1,lga,Ondo East,South West,Ondo,Ondo East,,,2880,0,44,141,66,65.4545,20.4255,43.6364
2021/2022,Male,all,Private,Pre-Primary/Primary,Primary 1,Primary 1,lga,Ondo West,South West,Ondo,Ondo West,,,2924,0,44,144,67,66.4545,20.3056,43.6418
2021/2022,Male,all,Private,Pre-Primary/Primary,Primary 2,,lga,Akure North,South West,Ondo,Akure North,,,3015,0,48,148,70,62.8125,20.3716,43.0714
2021/2022,Male,all,Private,Pre-Primary/Primary,Primary 2,,lga,Akure South,South West,Ondo,Akure South,,,2396,0,44,117,54,54.4545,20.4786,44.3704
2021/2022,Male,all,Private,Pre-Primary/Primary,Primary 2,,lga,Odigbo,South West,Ondo,Odigbo,,,2431,0,48,123,58,50.6458,19.7642,41.9138
2021/2022,Male,all,Private,Pre-Primary/Primary,Primary 2,,lga,Ondo East,South West,Ondo,Ondo East,,,2558,0,40,125,58,63.95,20.464,44.1034
2021/2022,Male,all,Private,Pre-Primary/Primary,Primary 2,,lga,Ondo West,South West,Ondo,Ondo West,,,2599,0,44,128,59,59.0682,20.3047,44.0508
2021/2022,Male,all,Private,Pre-Primary/Primary,Primary 3,,lga,Akure North,South West,Ondo,Akure North,,,2713,0,52,133,61,52.1731,20.3985,44.4754
2021/2022,Male,all,Private,Pre-Primary/Primary,Primary 3,,lga,Akure South,South West,Ondo,Akure South,,,2153,0,40,108,51,53.825,19.9352,42.2157
2021/2022,Male,all,Private,Pre-Primary/Primary,Primary 3,,lga,Odigbo,South West,Ondo,Odigbo,,,2190,0,44,111,51,49.7727,19.7297,42.9412
2021/2022,Male,all,Private,Pre-Primary/Primary,Primary 3,,lga,Ondo East,South West,Ondo,Ondo East,,,2299,0,48,113,52,47.8958,20.3451,44.2115
2021/2022,Male,all,Private,Pre-Primary/Primary,Primary 3,,lga,Ondo West,South West,Ondo,Ondo West,,,2334,0,48,115,53,48.625,20.2957,44.0377
2021/2022,Male,all,Private,Pre-Primary/Primary,Primary 4,,lga,Akure North,South West,Ondo,Akure North,,,2477,0,60,123,56,41.2833,20.1382,44.2321
2021/2022,Male,all,Private,Pre-Primary/Primary,Primary 4,,lga,Akure South,South West,Ondo,Akure South,,,1968,0,44,98,45,44.7273,20.0816,43.7333
2021/2022,Male,all,Private,Pre-Primary/Primary,Primary 4,,lga,Odigbo,South West,Ondo,Odigbo,,,2000,0,48,103,47,41.6667,19.4175,42.5532
2021/2022,Male,all,Private,Pre-Primary/Primary,Primary 4,,lga,Ondo East,South West,Ondo,Ondo East,,,2100,0,48,105,48,43.75,20.0,43.75
2021/2022,Male,all,Private,Pre-Primary/Primary,Primary 4,,lga,Ondo West,South West,Ondo,Ondo West,,,2133,0,48,106,49,44.4375,20.1226,43.5306
2021/2022,Male,all,Private,Pre-Primary/Primary,Primary 5,,lga,Akure North,South West,Ondo,Akure North,,,2320,0,56,114,53,41.4286,20.3509,43.7736
2021/2022,Male,all,Private,Pre-Primary/Primary,Primary 5,,lga,Akure South,South West,Ondo,Akure South,,,1842,0,44,93,42,41.8636,19.8065,43.8571
2021/2022,Male,all,Private,Pre-Primary/Primary,Primary 5,,lga,Odigbo,South West,Ondo,Odigbo,,,1871,0,44,97,44,42.5227,19.2887,42.5227
2021/2022,Male,all,Private,Pre-Primary/Primary,Primary 5,,lga,Ondo East,South West,Ondo,Ondo East,,,1967,0,44,99,45,44.7045,19.8687,43.7111
2021/2022,Male,all,Private,Pre-Primary/Primary,Primary 5,,lga,Ondo West,South West,Ondo,Ondo West,,,1997,0,48,100,46,41.6042,19.97,43.413
2021/2022,Male,all,Private,Pre-Primary/Primary,Primary 6,,lga,Akure North,South West,Ondo,Akure North,,,2097,0,52,105,47,40.3269,19.9714,44.617
2021/2022,Male,all,Private,Pre-Primary/Primary,Primary 6,,lga,Akure South,South West,Ondo,Akure South,,,1666,0,44,85,37,37.8636,19.6,45.027
2021/2022,Male,all,Private,Pre-Primary/Primary,Primary 6,,lga,Odigbo,South West,Ondo,Odigbo,,,1692,0,48,88,39,35.25,19.2273,43.3846
2021/2022,Male,all,Private,Pre-Primary/Primary,Primary 6,,lga,Ondo East,South West,Ondo,Ondo East,,,1778,0,44,89,41,40.4091,19.9775,43.3659
2021/2022,Male,all,Private,Pre-Primary/Primary,Primary 6,,lga,Ondo West,South West,Ondo,Ondo West,,,1807,0,44,91,42,41.0682,19.8571,43.0238
2021/2022,Male,all,Private,SSS,SSS1,SSS1,lga,Akure North,South West,Ondo,Akure North,,,987,3,36,50,20,27.4167,19.74,49.35
2021/2022,Male,all,Private,SSS,SSS1,SSS1,lga,Akure South,South West,Ondo,Akure South,,,952,3,28,46,20,34.0,20.6957,47.6
2021/2022,Male,all,Private,SSS,SSS1,SSS1,lga,Odigbo,South West,Ondo,Odigbo,,,1040,3,36,53,23,28.8889,19.6226,45.2174
2021/2022,Male,all,Private,SSS,SSS1,SSS1,lga,Ondo East,South West,Ondo,Ondo East,,,804,3,28,41,16,28.7143,19.6098,50.25
2021/2022,Male,all,Private,SSS,SSS1,SSS1,lga,Ondo West,South West,Ondo,Ondo West,,,966,3,32,46,18,30.1875,21.0,53.6667
2021/2022,Male,all,Private,SSS,SSS2,,lga,Akure North,South West,Ondo,Akure North,,,795,3,40,39,15,19.875,20.3846,53.0
2021/2022,Male,all,Private,SSS,SSS2,,lga,Akure South,South West,Ondo,Akure South,,,765,3,36,39,14,21.25,19.6154,54.6429
2021/2022,Male,all,Private,SSS,SSS2,,lga,Odigbo,South West,Ondo,Odigbo,,,838,3,36,41,17,23.2778,20.439,49.2941
2021/2022,Male,all,Private,SSS,SSS2,,lga,Ondo East,South West,Ondo,Ondo East,,,647,3,28,34,12,23.1071,19.0294,53.9167
2021/2022,Male,all,Private,SSS,SSS2,,lga,Ondo West,South West,Ondo,Ondo West,,,779,2,32,38,14,24.3438,20.5,55.6429
2021/2022,Male,all,Private,SSS,SSS3,,lga,Akure North,South West,Ondo,Akure North,,,618,3,36,32,12,17.1667,19.3125,51.5
2021/2022,Male,all,Private,SSS,SSS3,,lga,Akure South,South West,Ondo,Akure South,,,595,2,36,32,12,16.5278,18.5938,49.5833
2021/2022,Male,all,Private,SSS,SSS3,,lga,Odigbo,South West,Ondo,Odigbo,,,654,3,36,35,12,18.1667,18.6857,54.5
2021/2022,Male,all,Private,SSS,SSS3,,lga,Ondo East,South West,Ondo,Ondo East,,,503,1,28,28,10,17.9643,17.9643,50.3
2021/2022,Male,all,Private,SSS,SSS3,,lga,Ondo West,South West,Ondo,Ondo West,,,605,1,36,32,10,16.8056,18.9062,60.5
2021/2022,Male,all,Private,Vocational,Vocational Year 1,,lga,Akure North,South West,Ondo,Akure North,,,108,0,20,13,1,5.4,8.3077,108.0
2021/2022,Male,all,Private,Vocational,Vocational Year 1,,lga,Akure South,South West,Ondo,Akure South,,,117,0,24,13,1,4.875,9.0,117.0
2021/2022,Male,all,Private,Vocational,Vocational Year 1,,lga,Odigbo,South West,Ondo,Odigbo,,,120,0,24,14,2,5.0,8.5714,60.0
2021/2022,Male,all,Private,Vocational,Vocational Year 1,,lga,Ondo East,South West,Ondo,Ondo East,,,111,0,20,13,1,5.55,8.5385,111.0
2021/2022,Male,all,Private,Vocational,Vocational Year 1,,lga,Ondo West,South West,Ondo,Ondo West,,,97,0,16,13,1,6.0625,7.4615,97.0
2021/2022,Male,all,Private,Vocational,Vocational Year 2,,lga,Akure North,South West,Ondo,Akure North,,,92,0,16,12,0,5.75,7.6667,0.0
2021/2022,Male,all,Private,Vocational,Vocational Year 2,,lga,Akure South,South West,Ondo,Akure South,,,100,0,20,13,1,5.0,7.6923,100.0
2021/2022,Male,all,Private,Vocational,Vocational Year 2,,lga,Odigbo,South West,Ondo,Odigbo,,,103,0,24,12,0,4.2917,8.5833,0.0
2021/2022,Male,all,Private,Vocational,Vocational Year 2,,lga,Ondo East,South West,Ondo,Ondo East,,,96,0,20,12,0,4.8,8.0,0.0
2021/2022,Male,all,Private,Vocational,Vocational Year 2,,lga,Ondo West,South West,Ondo,Ondo West,,,82,0,16,12,0,5.125,6.8333,0.0
2021/2022,Male,all,Private,Vocational,Vocational Year 3,,lga,Akure North,South West,Ondo,Akure North,,,68,0,24,12,0,2.8333,5.6667,0.0
2021/2022,Male,all,Private,Vocational,Vocational Year 3,,lga,Akure South,South West,Ondo,Akure South,,,73,0,20,12,0,3.65,6.0833,0.0
2021/2022,Male,all,Private,Vocational,Vocational Year 3,,lga,Odigbo,South West,Ondo,Odigbo,,,76,0,24,12,0,3.1667,6.3333,0.0
2021/2022,Male,all,Private,Vocational,Vocational Year 3,,lga,Ondo East,South West,Ondo,Ondo East,,,70,0,24,12,0,2.9167,5.8333,0.0
2021/2022,Male,all,Private,Vocational,Vocational Year 3,,lga,Ondo West,South West,Ondo,Ondo West,,,61,0,16,12,0,3.8125,5.0833,0.0
2021/2022,Male,all,Public,Adult & Non-Formal,IQS/IQTS Stage 1,,lga,Akure North,South West,Ondo,Akure North,,,728,0,24,55,23,30.3333,13.2364,31.6522
2021/2022,Male,all,Public,Adult & Non-Formal,IQS/IQTS Stage 1,,lga,Akure South,South West,Ondo,Akure South,,,789,0,24,59,25,32.875,13.3729,31.56
2021/2022,Male,all,Public,Adult & Non-Formal,IQS/IQTS Stage 1,,lga,Odigbo,South West,Ondo,Odigbo,,,734,0,24,55,23,30.5833,13.3455,31.913
2021/2022,Male,all,Public,Adult & Non-Formal,IQS/IQTS Stage 1,,lga,Ondo East,South West,Ondo,Ondo East,,,737,0,20,55,23,36.85,13.4,32.0435
2021/2022,Male,all,Public,Adult & Non-Formal,IQS/IQTS Stage 1,,lga,Ondo West,South West,Ondo,Ondo West,,,709,0,20,54,22,35.45,13.1296,32.2273
2021/2022,Male,all,Public,Adult & Non-Formal,IQS/IQTS Stage 2,,lga,Akure North,South West,Ondo,Akure North,,,565,0,24,45,17,23.5417,12.5556,33.2353
2021/2022,Male,all,Public,Adult & Non-Formal,IQS/IQTS Stage 2,,lga,Akure South,South West,Ondo,Akure South,,,613,0,24,48,19,25.5417,12.7708,32.2632
2021/2022,Male,all,Public,Adult & Non-Formal,IQS/IQTS Stage 2,,lga,Odigbo,South West,Ondo,Odigbo,,,573,0,24,45,18,23.875,12.7333,31.8333
2021/2022,Male,all,Public,Adult & Non-Formal,IQS/IQTS Stage 2,,lga,Ondo East,South West,Ondo,Ondo East,,,575,0,20,44,17,28.75,13.0682,33.8235
2021/2022,Male,all,Public,Adult & Non-Formal,IQS/IQTS Stage 2,,lga,Ondo West,South West,Ondo,Ondo West,,,551,0,20,42,16,27.55,13.119,34.4375
2021/2022,Male,all,Public,Adult & Non-Formal,IQS/IQTS Stage 3,,lga,Akure North,South West,Ondo,Akure North,,,309,0,24,28,10,12.875,11.0357,30.9
2021/2022,Male,all,Public,Adult & Non-Formal,IQS/IQTS Stage 3,,lga,Akure South,South West,Ondo,Akure South,,,337,0,24,30,11,14.0417,11.2333,30.6364
2021/2022,Male,all,Public,Adult & Non-Formal,IQS/IQTS Stage 3,,lga,Odigbo,South West,Ondo,Odigbo,,,314,0,24,27,9,13.0833,11.6296,34.8889
2021/2022,Male,all,Public,Adult & Non-Formal,IQS/IQTS Stage 3,,lga,Ondo East,South West,Ondo,Ondo East,,,316,0,20,27,9,15.8,11.7037,35.1111
2021/2022,Male,all,Public,Adult & Non-Formal,IQS/IQTS Stage 3,,lga,Ondo West,South West,Ondo,Ondo West,,,302,0,16,26,9,18.875,11.6154,33.5556
2021/2022,Male,all,Public,JSS,JSS1,JSS1,lga,Akure North,South West,Ondo,Akure North,,,3177,0,92,140,65,34.5326,22.6929,48.8769
2021/2022,Male,all,Public,JSS,JSS1,JSS1,lga,Akure South,South West,Ondo,Akure South,,,3264,0,96,144,67,34.0,22.6667,48.7164
2021/2022,Male,all,Public,JSS,JSS1,JSS1,lga,Odigbo,South West,Ondo,Odigbo,,,2872,0,76,127,58,37.7895,22.6142,49.5172
2021/2022,Male,all,Public,JSS,JSS1,JSS1,lga,Ondo East,South West,Ondo,Ondo East,,,2889,0,80,127,58,36.1125,22.748,49.8103
2021/2022,Male,all,Public,JSS,JSS1,JSS1,lga,Ondo West,South West,Ondo,Ondo West,,,3003,0,88,130,62,34.125,23.1,48.4355
2021/2022,Male,all,Public,JSS,JSS2,,lga,Akure North,South West,Ondo,Akure North,,,2608,0,88,115,54,29.6364,22.6783,48.2963
2021/2022,Male,all,Public,JSS,JSS2,,lga,Akure South,South West,Ondo,Akure South,,,2678,0,88,120,55,30.4318,22.3167,48.6909
2021/2022,Male,all,Public,JSS,JSS2,,lga,Odigbo,South West,Ondo,Odigbo,,,2358,0,80,105,48,29.475,22.4571,49.125
2021/2022,Male,all,Public,JSS,JSS2,,lga,Ondo East,South West,Ondo,Ondo East,,,2367,0,84,106,48,28.1786,22.3302,49.3125
2021/2022,Male,all,Public,JSS,JSS2,,lga,Ondo West,South West,Ondo,Ondo West,,,2468,0,88,108,49,28.0455,22.8519,50.3673
2021/2022,Male,all,Public,JSS,JSS3,,lga,Akure North,South West,Ondo,Akure North,,,2077,0,88,93,42,23.6023,22.3333,49.4524
2021/2022,Male,all,Public,JSS,JSS3,,lga,Akure South,South West,Ondo,Akure South,,,2132,0,96,97,44,22.2083,21.9794,48.4545
2021/2022,Male,all,Public,JSS,JSS3,,lga,Odigbo,South West,Ondo,Odigbo,,,1880,0,80,84,38,23.5,22.381,49.4737
2021/2022,Male,all,Public,JSS,JSS3,,lga,Ondo East,South West,Ondo,Ondo East,,,1894,0,84,85,38,22.5476,22.2824,49.8421
2021/2022,Male,all,Public,JSS,JSS3,,lga,Ondo West,South West,Ondo,Ondo West,,,1967,0,84,88,39,23.4167,22.3523,50.4359
2021/2022,Male,all,Public,Pre-Primary/Primary,Primary 1,Primary 1,lga,Akure North,South West,Ondo,Akure North,,,10100,0,156,483,234,64.7436,20.911,43.1624
2021/2022,Male,all,Public,Pre-Primary/Primary,Primary 1,Primary 1,lga,Akure South,South West,Ondo,Akure South,,,10270,0,156,499,241,65.8333,20.5812,42.6141
2021/2022,Male,all,Public,Pre-Primary/Primary,Primary 1,Primary 1,lga,Odigbo,South West,Ondo,Odigbo,,,10256,0,160,494,238,64.1,20.7611,43.0924
2021/2022,Male,all,Public,Pre-Primary/Primary,Primary 1,Primary 1,lga,Ondo East,South West,Ondo,Ondo East,,,9891,0,144,464,224,68.6875,21.3168,44.1562
2021/2022,Male,all,Public,Pre-Primary/Primary,Primary 1,Primary 1,lga,Ondo West,South West,Ondo,Ondo West,,,10235,0,168,489,238,60.9226,20.9305,43.0042
2021/2022,Male,all,Public,Pre-Primary/Primary,Primary 2,,lga,Akure North,South West,Ondo,Akure North,,,8969,0,152,429,207,59.0066,20.9068,43.3285
2021/2022,Male,all,Public,Pre-Primary/Primary,Primary 2,,lga,Akure South,South West,Ondo,Akure South,,,9123,0,164,443,215,55.628,20.5937,42.4326
2021/2022,Male,all,Public,Pre-Primary/Primary,Primary 2,,lga,Odigbo,South West,Ondo,Odigbo,,,9107,0,168,440,213,54.2083,20.6977,42.7559
2021/2022,Male,all,Public,Pre-Primary/Primary,Primary 2,,lga,Ondo East,South West,Ondo,Ondo East,,,8781,0,156,412,198,56.2885,21.3131,44.3485
2021/2022,Male,all,Public,Pre-Primary/Primary,Primary 2,,lga,Ondo West,South West,Ondo,Ondo West,,,9088,0,156,432,207,58.2564,21.037,43.9034
2021/2022,Male,all,Public,Pre-Primary/Primary,Primary 3,,lga,Akure North,South West,Ondo,Akure North,,,8064,0,156,387,187,51.6923,20.8372,43.123
2021/2022,Male,all,Public,Pre-Primary/Primary,Primary 3,,lga,Akure South,South West,Ondo,Akure South,,,8201,0,164,400,193,50.0061,20.5025,42.4922
2021/2022,Male,all,Public,Pre-Primary/Primary,Primary 3,,lga,Odigbo,South West,Ondo,Odigbo,,,8188,0,160,395,191,51.175,20.7291,42.8691
2021/2022,Male,all,Public,Pre-Primary/Primary,Primary 3,,lga,Ondo East,South West,Ondo,Ondo East,,,7895,0,148,370,178,53.3446,21.3378,44.3539
2021/2022,Male,all,Public,Pre-Primary/Primary,Primary 3,,lga,Ondo West,South West,Ondo,Ondo West,,,8169,0,160,389,187,51.0562,21.0,43.6845
2021/2022,Male,all,Public,Pre-Primary/Primary,Primary 4,,lga,Akure North,South West,Ondo,Akure North,,,7370,0,160,354,172,46.0625,20.8192,42.8488
2021/2022,Male,all,Public,Pre-Primary/Primary,Primary 4,,lga,Akure South,South West,Ondo,Akure South,,,7496,0,168,366,179,44.619,20.4809,41.8771
2021/2022,Male,all,Public,Pre-Primary/Primary,Primary 4,,lga,Odigbo,South West,Ondo,Odigbo,,,7480,0,152,361,176,49.2105,20.7202,42.5
2021/2022,Male,all,Public,Pre-Primary/Primary,Primary 4,,lga,Ondo East,South West,Ondo,Ondo East,,,7215,0,156,339,163,46.25,21.2832,44.2638
2021/2022,Male,all,Public,Pre-Primary/Primary,Primary 4,,lga,Ondo West,South West,Ondo,Ondo West,,,7468,0,156,356,169,47.8718,20.9775,44.1893
2021/2022,Male,all,Public,Pre-Primary/Primary,Primary 5,,lga,Akure North,South West,Ondo,Akure North,,,6901,0,156,333,161,44.2372,20.7237,42.8634
2021/2022,Male,all,Public,Pre-Primary/Primary,Primary 5,,lga,Akure South,South West,Ondo,Akure South,,,7020,0,164,343,164,42.8049,20.4665,42.8049
2021/2022,Male,all,Public,Pre-Primary/Primary,Primary 5,,lga,Odigbo,South West,Ondo,Odigbo,,,7006,0,160,338,163,43.7875,20.7278,42.9816
2021/2022,Male,all,Public,Pre-Primary/Primary,Primary 5,,lga,Ondo East,South West,Ondo,Ondo East,,,6754,0,160,318,153,42.2125,21.239,44.1438
2021/2022,Male,all,Public,Pre-Primary/Primary,Primary 5,,lga,Ondo West,South West,Ondo,Ondo West,,,6991,0,152,331,157,45.9934,21.1208,44.5287
2021/2022,Male,all,Public,Pre-Primary/Primary,Primary 6,,lga,Akure North,South West,Ondo,Akure North,,,6239,0,152,297,143,41.0461,21.0067,43.6294
2021/2022,Male,all,Public,Pre-Primary/Primary,Primary 6,,lga,Akure South,South West,Ondo,Akure South,,,6346,0,168,308,148,37.7738,20.6039,42.8784
2021/2022,Male,all,Public,Pre-Primary/Primary,Primary 6,,lga,Odigbo,South West,Ondo,Odigbo,,,6334,0,164,304,145,38.622,20.8355,43.6828
2021/2022,Male,all,Public,Pre-Primary/Primary,Primary 6,,lga,Ondo East,South West,Ondo,Ondo East,,,6107,0,148,286,138,41.2635,21.3531,44.2536
2021/2022,Male,all,Public,Pre-Primary/Primary,Primary 6,,lga,Ondo West,South West,Ondo,Ondo West,,,6323,0,160,301,143,39.5188,21.0066,44.2168
2021/2022,Male,all,Public,SSS,SSS1,SSS1,lga,Akure North,South West,Ondo,Akure North,,,2039,3,68,97,44,29.9853,21.0206,46.3409
2021/2022,Male,all,Public,SSS,SSS1,SSS1,lga,Akure South,South West,Ondo,Akure South,,,2028,3,72,95,44,28.1667,21.3474,46.0909
2021/2022,Male,all,Public,SSS,SSS1,SSS1,lga,Odigbo,South West,Ondo,Odigbo,,,1933,3,72,89,40,26.8472,21.7191,48.325
2021/2022,Male,all,Public,SSS,SSS1,SSS1,lga,Ondo East,South West,Ondo,Ondo East,,,2076,3,76,95,43,27.3158,21.8526,48.2791
2021/2022,Male,all,Public,SSS,SSS1,SSS1,lga,Ondo West,South West,Ondo,Ondo West,,,2001,3,68,94,42,29.4265,21.2872,47.6429
2021/2022,Male,all,Public,SSS,SSS2,,lga,Akure North,South West,Ondo,Akure North,,,1644,3,76,80,35,21.6316,20.55,46.9714
2021/2022,Male,all,Public,SSS,SSS2,,lga,Akure South,South West,Ondo,Akure South,,,1636,3,72,78,34,22.7222,20.9744,48.1176
2021/2022,Male,all,Public,SSS,SSS2,,lga,Odigbo,South West,Ondo,Odigbo,,,1558,3,68,74,33,22.9118,21.0541,47.2121
2021/2022,Male,all,Public,SSS,SSS2,,lga,Ondo East,South West,Ondo,Ondo East,,,1674,3,76,78,35,22.0263,21.4615,47.8286
2021/2022,Male,all,Public,SSS,SSS2,,lga,Ondo West,South West,Ondo,Ondo West,,,1613,3,72,77,34,22.4028,20.9481,47.4412
2021/2022,Male,all,Public,SSS,SSS3,,lga,Akure North,South West,Ondo,Akure North,,,1276,3,76,63,27,16.7895,20.254,47.2593
2021/2022,Male,all,Public,SSS,SSS3,,lga,Akure South,South West,Ondo,Akure South,,,1268,3,72,60,25,17.6111,21.1333,50.72
2021/2022,Male,all,Public,SSS,SSS3,,lga,Odigbo,South West,Ondo,Odigbo,,,1208,3,68,59,25,17.7647,20.4746,48.32
2021/2022,Male,all,Public,SSS,SSS3,,lga,Ondo East,South West,Ondo,Ondo East,,,1299,3,72,62,26,18.0417,20.9516,49.9615
2021/2022,Male,all,Public,SSS,SSS3,,lga,Ondo West,South West,Ondo,Ondo West,,,1254,3,76,61,25,16.5,20.5574,50.16
2021/2022,Male,all,Public,Vocational,Vocational Year 1,,lga,Akure North,South West,Ondo,Akure North,,,144,0,28,14,2,5.1429,10.2857,72.0
2021/2022,Male,all,Public,Vocational,Vocational Year 1,,lga,Akure South,South West,Ondo,Akure South,,,127,0,24,14,2,5.2917,9.0714,63.5
2021/2022,Male,all,Public,Vocational,Vocational Year 1,,lga,Odigbo,South West,Ondo,Odigbo,,,126,0,24,14,2,5.25,9.0,63.0
2021/2022,Male,all,Public,Vocational,Vocational Year 1,,lga,Ondo East,South West,Ondo,Ondo East,,,125,0,20,14,2,6.25,8.9286,62.5
2021/2022,Male,all,Public,Vocational,Vocational Year 1,,lga,Ondo West,South West,Ondo,Ondo West,,,154,0,28,15,2,5.5,10.2667,77.0
2021/2022,Male,all,Public,Vocational,Vocational Year 2,,lga,Akure North,South West,Ondo,Akure North,,,122,0,28,13,1,4.3571,9.3846,122.0
2021/2022,Male,all,Public,Vocational,Vocational Year 2,,lga,Akure South,South West,Ondo,Akure South,,,109,0,24,13,1,4.5417,8.3846,109.0
2021/2022,Male,all,Public,Vocational,Vocational Year 2,,lga,Odigbo,South West,Ondo,Odigbo,,,108,0,24,13,1,4.5,8.3077,108.0
2021/2022,Male,all,Public,Vocational,Vocational Year 2,,lga,Ondo East,South West,Ondo,Ondo East,,,107,0,20,14,2,5.35,7.6429,53.5
2021/2022,Male,all,Public,Vocational,Vocational Year 2,,lga,Ondo West,South West,Ondo,Ondo West,,,130,0,28,14,1,4.6429,9.2857,130.0
2021/2022,Male,all,Public,Vocational,Vocational Year 3,,lga,Akure North,South West,Ondo,Akure North,,,90,0,28,12,0,3.2143,7.5,0.0
2021/2022,Male,all,Public,Vocational,Vocational Year 3,,lga,Akure South,South West,Ondo,Akure South,,,81,0,24,12,0,3.375,6.75,0.0
2021/2022,Male,all,Public,Vocational,Vocational Year 3,,lga,Odigbo,South West,Ondo,Odigbo,,,79,0,24,12,0,3.2917,6.5833,0.0
2021/2022,Male,all,Public,Vocational,Vocational Year 3,,lga,Ondo East,South West,Ondo,Ondo East,,,79,0,20,12,0,3.95,6.5833,0.0
2021/2022,Male,all,Public,Vocational,Vocational Year 3,,lga,Ondo West,South West,Ondo,Ondo West,,,96,0,28,13,1,3.4286,7.3846,96.0
2021/2022,Male,disabled,Private,Adult & Non-Formal,IQS/IQTS Stage 1,,lga,Akure North,South West,Ondo,Akure North,,,10,0,16,43,17,0.625,0.2326,0.5882
2021/2022,Male,disabled,Private,Adult & Non-Formal,IQS/IQTS Stage 1,,lga,Akure South,South West,Ondo,Akure South,,,9,0,12,37,13,0.75,0.2432,0.6923
2021/2022,Male,disabled,Private,Adult & Non-Formal,IQS/IQTS Stage 1,,lga,Odigbo,South West,Ondo,Odigbo,,,13,0,16,42,16,0.8125,0.3095,0.8125
2021/2022,Male,disabled,Private,Adult & Non-Formal,IQS/IQTS Stage 1,,lga,Ondo East,South West,Ondo,Ondo East,,,10,0,16,38,15,0.625,0.2632,0.6667
2021/2022,Male,disabled,Private,Adult & Non-Formal,IQS/IQTS Stage 1,,lga,Ondo West,South West,Ondo,Ondo West,,,12,0,16,43,17,0.75,0.2791,0.7059
2021/2022,Male,disabled,Private,Adult & Non-Formal,IQS/IQTS Stage 2,,lga,Akure North,South West,Ondo,Akure North,,,8,0,16,36,13,0.5,0.2222,0.6154
2021/2022,Male,disabled,Private,Adult & Non-Formal,IQS/IQTS Stage 2,,lga,Akure South,South West,Ondo,Akure South,,,7,0,12,32,12,0.5833,0.2188,0.5833
2021/2022,Male,disabled,Private,Adult & Non-Formal,IQS/IQTS Stage 2,,lga,Odigbo,South West,Ondo,Odigbo,,,10,0,12,35,13,0.8333,0.2857,0.7692
2021/2022,Male,disabled,Private,Adult & Non-Formal,IQS/IQTS Stage 2,,lga,Ondo East,South West,Ondo,Ondo East,,,8,0,16,31,11,0.5,0.2581,0.7273
2021/2022,Male,disabled,Private,Adult & Non-Formal,IQS/IQTS Stage 2,,lga,Ondo West,South West,Ondo,Ondo West,,,10,0,16,35,13,0.625,0.2857,0.7692
2021/2022,Male,disabled,Private,Adult & Non-Formal,IQS/IQTS Stage 3,,lga,Akure North,South West,Ondo,Akure North,,,4,0,16,23,7,0.25,0.1739,0.5714
2021/2022,Male,disabled,Private,Adult & Non-Formal,IQS/IQTS Stage 3,,lga,Akure South,South West,Ondo,Akure South,,,4,0,12,19,5,0.3333,0.2105,0.8
2021/2022,Male,disabled,Private,Adult & Non-Formal,IQS/IQTS Stage 3,,lga,Odigbo,South West,Ondo,Odigbo,,,6,0,16,20,6,0.375,0.3,1.0
2021/2022,Male,disabled,Private,Adult & Non-Formal,IQS/IQTS Stage 3,,lga,Ondo East,South West,Ondo,Ondo East,,,4,0,12,20,5,0.3333,0.2,0.8
2021/2022,Male,disabled,Private,Adult & Non-Formal,IQS/IQTS Stage 3,,lga,Ondo West,South West,Ondo,Ondo West,,,5,0,16,21,6,0.3125,0.2381,0.8333
2021/2022,Male,disabled,Private,JSS,JSS1,JSS1,lga,Akure North,South West,Ondo,Akure North,,,22,0,28,50,20,0.7857,0.44,1.1
2021/2022,Male,disabled,Private,JSS,JSS1,JSS1,lga,Akure South,South West,Ondo,Akure South,,,19,0,24,40,15,0.7917,0.475,1.2667
2021/2022,Male,disabled,Private,JSS,JSS1,JSS1,lga,Odigbo,South West,Ondo,Odigbo,,,28,0,36,58,24,0.7778,0.4828,1.1667
2021/2022,Male,disabled,Private,JSS,JSS1,JSS1,lga,Ondo East,South West,Ondo,Ondo East,,,27,0,28,50,21,0.9643,0.54,1.2857
2021/2022,Male,disabled,Private,JSS,JSS1,JSS1,lga,Ondo West,South West,Ondo,Ondo West,,,25,0,32,52,22,0.7812,0.4808,1.1364
2021/2022,Male,disabled,Private,JSS,JSS2,,lga,Akure North,South West,Ondo,Akure North,,,19,0,32,42,17,0.5938,0.4524,1.1176
2021/2022,Male,disabled,Private,JSS,JSS2,,lga,Akure South,South West,Ondo,Akure South,,,14,0,24,33,12,0.5833,0.4242,1.1667
2021/2022,Male,disabled,Private,JSS,JSS2,,lga,Odigbo,South West,Ondo,Odigbo,,,24,0,36,48,20,0.6667,0.5,1.2
2021/2022,Male,disabled,Private,JSS,JSS2,,lga,Ondo East,South West,Ondo,Ondo East,,,22,0,28,42,16,0.7857,0.5238,1.375
2021/2022,Male,disabled,Private,JSS,JSS2,,lga,Ondo West,South West,Ondo,Ondo West,,,20,0,32,44,17,0.625,0.4545,1.1765
2021/2022,Male,disabled,Private,JSS,JSS3,,lga,Akure North,South West,Ondo,Akure North,,,17,0,32,35,13,0.5312,0.4857,1.3077
2021/2022,Male,disabled,Private,JSS,JSS3,,lga,Akure South,South West,Ondo,Akure South,,,14,0,24,29,11,0.5833,0.4828,1.2727
2021/2022,Male,disabled,Private,JSS,JSS3,,lga,Odigbo,South West,Ondo,Odigbo,,,18,0,36,40,15,0.5,0.45,1.2
2021/2022,Male,disabled,Private,JSS,JSS3,,lga,Ondo East,South West,Ondo,Ondo East,,,18,0,28,34,13,0.6429,0.5294,1.3846
2021/2022,Male,disabled,Private,JSS,JSS3,,lga,Ondo West,South West,Ondo,Ondo West,,,16,0,32,37,15,0.5,0.4324,1.0667
2021/2022,Male,disabled,Private,Pre-Primary/Primary,Primary 1,Primary 1,lga,Akure North,South West,Ondo,Akure North,,,103,0,48,165,77,2.1458,0.6242,1.3377
2021/2022,Male,disabled,Private,Pre-Primary/Primary,Primary 1,Primary 1,lga,Akure South,South West,Ondo,Akure South,,,77,0,44,132,61,1.75,0.5833,1.2623
2021/2022,Male,disabled,Private,Pre-Primary/Primary,Primary 1,Primary 1,lga,Odigbo,South West,Ondo,Odigbo,,,82,0,44,138,64,1.8636,0.5942,1.2812
2021/2022,Male,disabled,Private,Pre-Primary/Primary,Primary 1,Primary 1,lga,Ondo East,South West,Ondo,Ondo East,,,76,0,44,141,66,1.7273,0.539,1.1515
2021/2022,Male,disabled,Private,Pre-Primary/Primary,Primary 1,Primary 1,lga,Ondo West,South West,Ondo,Ondo West,,,85,0,44,144,67,1.9318,0.5903,1.2687
2021/2022,Male,disabled,Private,Pre-Primary/Primary,Primary 2,,lga,Akure North,South West,Ondo,Akure North,,,91,0,48,148,70,1.8958,0.6149,1.3
2021/2022,Male,disabled,Private,Pre-Primary/Primary,Primary 2,,lga,Akure South,South West,Ondo,Akure South,,,67,0,44,117,54,1.5227,0.5726,1.2407
2021/2022,Male,disabled,Private,Pre-Primary/Primary,Primary 2,,lga,Odigbo,South West,Ondo,Odigbo,,,71,0,48,123,58,1.4792,0.5772,1.2241
2021/2022,Male,disabled,Private,Pre-Primary/Primary,Primary 2,,lga,Ondo East,South West,Ondo,Ondo East,,,68,0,40,125,58,1.7,0.544,1.1724
2021/2022,Male,disabled,Private,Pre-Primary/Primary,Primary 2,,lga,Ondo West,South West,Ondo,Ondo West,,,78,0,44,128,59,1.7727,0.6094,1.322
2021/2022,Male,disabled,Private,Pre-Primary/Primary,Primary 3,,lga,Akure North,South West,Ondo,Akure North,,,83,0,52,133,61,1.5962,0.6241,1.3607
2021/2022,Male,disabled,Private,Pre-Primary/Primary,Primary 3,,lga,Akure South,South West,Ondo,Akure South,,,60,0,40,108,51,1.5,0.5556,1.1765
2021/2022,Male,disabled,Private,Pre-Primary/Primary,Primary 3,,lga,Odigbo,South West,Ondo,Odigbo,,,67,0,44,111,51,1.5227,0.6036,1.3137
2021/2022,Male,disabled,Private,Pre-Primary/Primary,Primary 3,,lga,Ondo East,South West,Ondo,Ondo East,,,59,0,48,113,52,1.2292,0.5221,1.1346
2021/2022,Male,disabled,Private,Pre-Primary/Primary,Primary 3,,lga,Ondo West,South West,Ondo,Ondo West,,,67,0,48,115,53,1.3958,0.5826,1.2642
2021/2022,Male,disabled,Private,Pre-Primary/Primary,Primary 4,,lga,Akure North,South West,Ondo,Akure North,,,75,0,60,123,56,1.25,0.6098,1.3393
2021/2022,Male,disabled,Private,Pre-Primary/Primary,Primary 4,,lga,Akure South,South West,Ondo,Akure South,,,55,0,44,98,45,1.25,0.5612,1.2222
2021/2022,Male,disabled,Private,Pre-Primary/Primary,Primary 4,,lga,Odigbo,South West,Ondo,Odigbo,,,60,0,48,103,47,1.25,0.5825,1.2766
2021/2022,Male,disabled,Private,Pre-Primary/Primary,Primary 4,,lga,Ondo East,South West,Ondo,Ondo East,,,54,0,48,105,48,1.125,0.5143,1.125
2021/2022,Male,disabled,Private,Pre-Primary/Primary,Primary 4,,lga,Ondo West,South West,Ondo,Ondo West,,,62,0,48,106,49,1.2917,0.5849,1.2653
2021/2022,Male,disabled,Private,Pre-Primary/Primary,Primary 5,,lga,Akure North,South West,Ondo,Akure North,,,71,0,56,114,53,1.2679,0.6228,1.3396
2021/2022,Male,disabled,Private,Pre-Primary/Primary,Primary 5,,lga,Akure South,South West,Ondo,Akure South,,,52,0,44,93,42,1.1818,0.5591,1.2381
2021/2022,Male,disabled,Private,Pre-Primary/Primary,Primary 5,,lga,Odigbo,South West,Ondo,Odigbo,,,56,0,44,97,44,1.2727,0.5773,1.2727
2021/2022,Male,disabled,Private,Pre-Primary/Primary,Primary 5,,lga,Ondo East,South West,Ondo,Ondo East,,,52,0,44,99,45,1.1818,0.5253,1.1556
2021/2022,Male,disabled,Private,Pre-Primary/Primary,Primary 5,,lga,Ondo West,South West,Ondo,Ondo West,,,58,0,48,100,46,1.2083,0.58,1.2609
2021/2022,Male,disabled,Private,Pre-Primary/Primary,Primary 6,,lga,Akure North,South West,Ondo,Akure North,,,64,0,52,105,47,1.2308,0.6095,1.3617
2021/2022,Male,disabled,Private,Pre-Primary/Primary,Primary 6,,lga,Akure South,South West,Ondo,Akure South,,,47,0,44,85,37,1.0682,0.5529,1.2703
2021/2022,Male,disabled,Private,Pre-Primary/Primary,Primary 6,,lga,Odigbo,South West,Ondo,Odigbo,,,50,0,48,88,39,1.0417,0.5682,1.2821
2021/2022,Male,disabled,Private,Pre-Primary/Primary,Primary 6,,lga,Ondo East,South West,Ondo,Ondo East,,,47,0,44,89,41,1.0682,0.5281,1.1463
2021/2022,Male,disabled,Private,Pre-Primary/Primary,Primary 6,,lga,Ondo West,South West,Ondo,Ondo West,,,53,0,44,91,42,1.2045,0.5824,1.2619
2021/2022,Male,disabled,Private,SSS,SSS1,SSS1,lga,Akure North,South West,Ondo,Akure North,,,17,0,36,50,20,0.4722,0.34,0.85
2021/2022,Male,disabled,Private,SSS,SSS1,SSS1,lga,Akure South,South West,Ondo,Akure South,,,15,0,28,46,20,0.5357,0.3261,0.75
2021/2022,Male,disabled,Private,SSS,SSS1,SSS1,lga,Odigbo,South West,Ondo,Odigbo,,,19,0,36,53,23,0.5278,0.3585,0.8261
2021/2022,Male,disabled,Private,SSS,SSS1,SSS1,lga,Ondo East,South West,Ondo,Ondo East,,,15,0,28,41,16,0.5357,0.3659,0.9375
2021/2022,Male,disabled,Private,SSS,SSS1,SSS1,lga,Ondo West,South West,Ondo,Ondo West,,,20,0,32,46,18,0.625,0.4348,1.1111
2021/2022,Male,disabled,Private,SSS,SSS2,,lga,Akure North,South West,Ondo,Akure North,,,14,0,40,39,15,0.35,0.359,0.9333
2021/2022,Male,disabled,Private,SSS,SSS2,,lga,Akure South,South West,Ondo,Akure South,,,13,0,36,39,14,0.3611,0.3333,0.9286
2021/2022,Male,disabled,Private,SSS,SSS2,,lga,Odigbo,South West,Ondo,Odigbo,,,15,0,36,41,17,0.4167,0.3659,0.8824
2021/2022,Male,disabled,Private,SSS,SSS2,,lga,Ondo East,South West,Ondo,Ondo East,,,12,0,28,34,12,0.4286,0.3529,1.0
2021/2022,Male,disabled,Private,SSS,SSS2,,lga,Ondo West,South West,Ondo,Ondo West,,,17,0,32,38,14,0.5312,0.4474,1.2143
2021/2022,Male,disabled,Private,SSS,SSS3,,lga,Akure North,South West,Ondo,Akure North,,,10,0,36,32,12,0.2778,0.3125,0.8333
2021/2022,Male,disabled,Private,SSS,SSS3,,lga,Akure South,South West,Ondo,Akure South,,,8,0,36,32,12,0.2222,0.25,0.6667
2021/2022,Male,disabled,Private,SSS,SSS3,,lga,Odigbo,South West,Ondo,Odigbo,,,13,0,36,35,12,0.3611,0.3714,1.0833
2021/2022,Male,disabled,Private,SSS,SSS3,,lga,Ondo East,South West,Ondo,Ondo East,,,8,0,28,28,10,0.2857,0.2857,0.8
2021/2022,Male,disabled,Private,SSS,SSS3,,lga,Ondo West,South West,Ondo,Ondo West,,,13,0,36,32,10,0.3611,0.4062,1.3
2021/2022,Male,disabled,Private,Vocational,Vocational Year 1,,lga,Akure North,South West,Ondo,Akure North,,,3,0,20,13,1,0.15,0.2308,3.0
2021/2022,Male,disabled,Private,Vocational,Vocational Year 1,,lga,Akure South,South West,Ondo,Akure South,,,3,0,24,13,1,0.125,0.2308,3.0
2021/2022,Male,disabled,Private,Vocational,Vocational Year 1,,lga,Odigbo,South West,Ondo,Odigbo,,,3,0,24,14,2,0.125,0.2143,1.5
2021/2022,Male,disabled,Private,Vocational,Vocational Year 1,,lga,Ondo East,South West,Ondo,Ondo East,,,3,0,20,13,1,0.15,0.2308,3.0
2021/2022,Male,disabled,Private,Vocational,Vocational Year 1,,lga,Ondo West,South West,Ondo,Ondo West,,,3,0,16,13,1,0.1875,0.2308,3.0
2021/2022,Male,disabled,Private,Vocational,Vocational Year 2,,lga,Akure North,South West,Ondo,Akure North,,,3,0,16,12,0,0.1875,0.25,0.0
2021/2022,Male,disabled,Private,Vocational,Vocational Year 2,,lga,Akure South,South West,Ondo,Akure South,,,3,0,20,13,1,0.15,0.2308,3.0
2021/2022,Male,disabled,Private,Vocational,Vocational Year 2,,lga,Odigbo,South West,Ondo,Odigbo,,,3,0,24,12,0,0.125,0.25,0.0
2021/2022,Male,disabled,Private,Vocational,Vocational Year 2,,lga,Ondo East,South West,Ondo,Ondo East,,,3,0,20,12,0,0.15,0.25,0.0
2021/2022,Male,disabled,Private,Vocational,Vocational Year 2,,lga,Ondo West,South West,Ondo,Ondo West,,,2,0,16,12,0,0.125,0.1667,0.0
2021/2022,Male,disabled,Private,Vocational,Vocational Year 3,,lga,Akure North,South West,Ondo,Akure North,,,3,0,24,12,0,0.125,0.25,0.0
2021/2022,Male,disabled,Private,Vocational,Vocational Year 3,,lga,Akure South,South West,Ondo,Akure South,,,2,0,20,12,0,0.1,0.1667,0.0
2021/2022,Male,disabled,Private,Vocational,Vocational Year 3,,lga,Odigbo,South West,Ondo,Odigbo,,,3,0,24,12,0,0.125,0.25,0.0
2021/2022,Male,disabled,Private,Vocational,Vocational Year 3,,lga,Ondo East,South West,Ondo,Ondo East,,,2,0,24,12,0,0.0833,0.1667,0.0
2021/2022,Male,disabled,Private,Vocational,Vocational Year 3,,lga,Ondo West,South West,Ondo,Ondo West,,,1,0,16,12,0,0.0625,0.0833,0.0
2021/2022,Male,disabled,Public,Adult & Non-Formal,IQS/IQTS Stage 1,,lga,Akure North,South West,Ondo,Akure North,,,16,0,24,55,23,0.6667,0.2909,0.6957
2021/2022,Male,disabled,Public,Adult & Non-Formal,IQS/IQTS Stage 1,,lga,Akure South,South West,Ondo,Akure South,,,16,0,24,59,25,0.6667,0.2712,0.64
2021/2022,Male,disabled,Public,Adult & Non-Formal,IQS/IQTS Stage 1,,lga,Odigbo,South West,Ondo,Odigbo,,,16,0,24,55,23,0.6667,0.2909,0.6957
2021/2022,Male,disabled,Public,Adult & Non-Formal,IQS/IQTS Stage 1,,lga,Ondo East,South West,Ondo,Ondo East,,,16,0,20,55,23,0.8,0.2909,0.6957
2021/2022,Male,disabled,Public,Adult & Non-Formal,IQS/IQTS Stage 1,,lga,Ondo West,South West,Ondo,Ondo West,,,14,0,20,54,22,0.7,0.2593,0.6364
2021/2022,Male,disabled,Public,Adult & Non-Formal,IQS/IQTS Stage 2,,lga,Akure North,South West,Ondo,Akure North,,,12,0,24,45,17,0.5,0.2667,0.7059
2021/2022,Male,disabled,Public,Adult & Non-Formal,IQS/IQTS Stage 2,,lga,Akure South,South West,Ondo,Akure South,,,12,0,24,48,19,0.5,0.25,0.6316
2021/2022,Male,disabled,Public,Adult & Non-Formal,IQS/IQTS Stage 2,,lga,Odigbo,South West,Ondo,Odigbo,,,13,0,24,45,18,0.5417,0.2889,0.7222
2021/2022,Male,disabled,Public,Adult & Non-Formal,IQS/IQTS Stage 2,,lga,Ondo East,South West,Ondo,Ondo East,,,13,0,20,44,17,0.65,0.2955,0.7647
2021/2022,Male,disabled,Public,Adult & Non-Formal,IQS/IQTS Stage 2,,lga,Ondo West,South West,Ondo,Ondo West,,,11,0,20,42,16,0.55,0.2619,0.6875
2021/2022,Male,disabled,Public,Adult & Non-Formal,IQS/IQTS Stage 3,,lga,Akure North,South West,Ondo,Akure North,,,6,0,24,28,10,0.25,0.2143,0.6
2021/2022,Male,disabled,Public,Adult & Non-Formal,IQS/IQTS Stage 3,,lga,Akure South,South West,Ondo,Akure South,,,7,0,24,30,11,0.2917,0.2333,0.6364
2021/2022,Male,disabled,Public,Adult & Non-Formal,IQS/IQTS Stage 3,,lga,Odigbo,South West,Ondo,Odigbo,,,7,0,24,27,9,0.2917,0.2593,0.7778
2021/2022,Male,disabled,Public,Adult & Non-Formal,IQS/IQTS Stage 3,,lga,Ondo East,South West,Ondo,Ondo East,,,8,0,20,27,9,0.4,0.2963,0.8889
2021/2022,Male,disabled,Public,Adult & Non-Formal,IQS/IQTS Stage 3,,lga,Ondo West,South West,Ondo,Ondo West,,,6,0,16,26,9,0.375,0.2308,0.6667
2021/2022,Male,disabled,Public,JSS,JSS1,JSS1,lga,Akure North,South West,Ondo,Akure North,,,76,0,92,140,65,0.8261,0.5429,1.1692
2021/2022,Male,disabled,Public,JSS,JSS1,JSS1,lga,Akure South,South West,Ondo,Akure South,,,83,0,96,144,67,0.8646,0.5764,1.2388
2021/2022,Male,disabled,Public,JSS,JSS1,JSS1,lga,Odigbo,South West,Ondo,Odigbo,,,74,0,76,127,58,0.9737,0.5827,1.2759
2021/2022,Male,disabled,Public,JSS,JSS1,JSS1,lga,Ondo East,South West,Ondo,Ondo East,,,83,0,80,127,58,1.0375,0.6535,1.431
2021/2022,Male,disabled,Public,JSS,JSS1,JSS1,lga,Ondo West,South West,Ondo,Ondo West,,,61,0,88,130,62,0.6932,0.4692,0.9839
2021/2022,Male,disabled,Public,JSS,JSS2,,lga,Akure North,South West,Ondo,Akure North,,,64,0,88,115,54,0.7273,0.5565,1.1852
2021/2022,Male,disabled,Public,JSS,JSS2,,lga,Akure South,South West,Ondo,Akure South,,,66,0,88,120,55,0.75,0.55,1.2
2021/2022,Male,disabled,Public,JSS,JSS2,,lga,Odigbo,South West,Ondo,Odigbo,,,61,0,80,105,48,0.7625,0.581,1.2708
2021/2022,Male,disabled,Public,JSS,JSS2,,lga,Ondo East,South West,Ondo,Ondo East,,,67,0,84,106,48,0.7976,0.6321,1.3958
2021/2022,Male,disabled,Public,JSS,JSS2,,lga,Ondo West,South West,Ondo,Ondo West,,,53,0,88,108,49,0.6023,0.4907,1.0816
2021/2022,Male,disabled,Public,JSS,JSS3,,lga,Akure North,South West,Ondo,Akure North,,,50,0,88,93,42,0.5682,0.5376,1.1905
2021/2022,Male,disabled,Public,JSS,JSS3,,lga,Akure South,South West,Ondo,Akure South,,,52,0,96,97,44,0.5417,0.5361,1.1818
2021/2022,Male,disabled,Public,JSS,JSS3,,lga,Odigbo,South West,Ondo,Odigbo,,,48,0,80,84,38,0.6,0.5714,1.2632
2021/2022,Male,disabled,Public,JSS,JSS3,,lga,Ondo East,South West,Ondo,Ondo East,,,58,0,84,85,38,0.6905,0.6824,1.5263
2021/2022,Male,disabled,Public,JSS,JSS3,,lga,Ondo West,South West,Ondo,Ondo West,,,42,0,84,88,39,0.5,0.4773,1.0769
2021/2022,Male,disabled,Public,Pre-Primary/Primary,Primary 1,Primary 1,lga,Akure North,South West,Ondo,Akure North,,,314,0,156,483,234,2.0128,0.6501,1.3419
2021/2022,Male,disabled,Public,Pre-Primary/Primary,Primary 1,Primary 1,lga,Akure South,South West,Ondo,Akure South,,,289,0,156,499,241,1.8526,0.5792,1.1992
2021/2022,Male,disabled,Public,Pre-Primary/Primary,Primary 1,Primary 1,lga,Odigbo,South West,Ondo,Odigbo,,,306,0,160,494,238,1.9125,0.6194,1.2857
2021/2022,Male,disabled,Public,Pre-Primary/Primary,Primary 1,Primary 1,lga,Ondo East,South West,Ondo,Ondo East,,,278,0,144,464,224,1.9306,0.5991,1.2411
2021/2022,Male,disabled,Public,Pre-Primary/Primary,Primary 1,Primary 1,lga,Ondo West,South West,Ondo,Ondo West,,,300,0,168,489,238,1.7857,0.6135,1.2605
2021/2022,Male,disabled,Public,Pre-Primary/Primary,Primary 2,,lga,Akure North,South West,Ondo,Akure North,,,278,0,152,429,207,1.8289,0.648,1.343
2021/2022,Male,disabled,Public,Pre-Primary/Primary,Primary 2,,lga,Akure South,South West,Ondo,Akure South,,,258,0,164,443,215,1.5732,0.5824,1.2
2021/2022,Male,disabled,Public,Pre-Primary/Primary,Primary 2,,lga,Odigbo,South West,Ondo,Odigbo,,,272,0,168,440,213,1.619,0.6182,1.277
2021/2022,Male,disabled,Public,Pre-Primary/Primary,Primary 2,,lga,Ondo East,South West,Ondo,Ondo East,,,246,0,156,412,198,1.5769,0.5971,1.2424
2021/2022,Male,disabled,Public,Pre-Primary/Primary,Primary 2,,lga,Ondo West,South West,Ondo,Ondo West,,,265,0,156,432,207,1.6987,0.6134,1.2802
2021/2022,Male,disabled,Public,Pre-Primary/Primary,Primary 3,,lga,Akure North,South West,Ondo,Akure North,,,251,0,156,387,187,1.609,0.6486,1.3422
2021/2022,Male,disabled,Public,Pre-Primary/Primary,Primary 3,,lga,Akure South,South West,Ondo,Akure South,,,231,0,164,400,193,1.4085,0.5775,1.1969
2021/2022,Male,disabled,Public,Pre-Primary/Primary,Primary 3,,lga,Odigbo,South West,Ondo,Odigbo,,,245,0,160,395,191,1.5312,0.6203,1.2827
2021/2022,Male,disabled,Public,Pre-Primary/Primary,Primary 3,,lga,Ondo East,South West,Ondo,Ondo East,,,221,0,148,370,178,1.4932,0.5973,1.2416
2021/2022,Male,disabled,Public,Pre-Primary/Primary,Primary 3,,lga,Ondo West,South West,Ondo,Ondo West,,,237,0,160,389,187,1.4812,0.6093,1.2674
2021/2022,Male,disabled,Public,Pre-Primary/Primary,Primary 4,,lga,Akure North,South West,Ondo,Akure North,,,230,0,160,354,172,1.4375,0.6497,1.3372
2021/2022,Male,disabled,Public,Pre-Primary/Primary,Primary 4,,lga,Akure South,South West,Ondo,Akure South,,,213,0,168,366,179,1.2679,0.582,1.1899
2021/2022,Male,disabled,Public,Pre-Primary/Primary,Primary 4,,lga,Odigbo,South West,Ondo,Odigbo,,,223,0,152,361,176,1.4671,0.6177,1.267
2021/2022,Male,disabled,Public,Pre-Primary/Primary,Primary 4,,lga,Ondo East,South West,Ondo,Ondo East,,,202,0,156,339,163,1.2949,0.5959,1.2393
2021/2022,Male,disabled,Public,Pre-Primary/Primary,Primary 4,,lga,Ondo West,South West,Ondo,Ondo West,,,219,0,156,356,169,1.4038,0.6152,1.2959
2021/2022,Male,disabled,Public,Pre-Primary/Primary,Primary 5,,lga,Akure North,South West,Ondo,Akure North,,,216,0,156,333,161,1.3846,0.6486,1.3416
2021/2022,Male,disabled,Public,Pre-Primary/Primary,Primary 5,,lga,Akure South,South West,Ondo,Akure South,,,199,0,164,343,164,1.2134,0.5802,1.2134
2021/2022,Male,disabled,Public,Pre-Primary/Primary,Primary 5,,lga,Odigbo,South West,Ondo,Odigbo,,,210,0,160,338,163,1.3125,0.6213,1.2883
2021/2022,Male,disabled,Public,Pre-Primary/Primary,Primary 5,,lga,Ondo East,South West,Ondo,Ondo East,,,189,0,160,318,153,1.1812,0.5943,1.2353
2021/2022,Male,disabled,Public,Pre-Primary/Primary,Primary 5,,lga,Ondo West,South West,Ondo,Ondo West,,,205,0,152,331,157,1.3487,0.6193,1.3057
2021/2022,Male,disabled,Public,Pre-Primary/Primary,Primary 6,,lga,Akure North,South West,Ondo,Akure North,,,194,0,152,297,143,1.2763,0.6532,1.3566
2021/2022,Male,disabled,Public,Pre-Primary/Primary,Primary 6,,lga,Akure South,South West,Ondo,Akure South,,,179,0,168,308,148,1.0655,0.5812,1.2095
2021/2022,Male,disabled,Public,Pre-Primary/Primary,Primary 6,,lga,Odigbo,South West,Ondo,Odigbo,,,189,0,164,304,145,1.1524,0.6217,1.3034
2021/2022,Male,disabled,Public,Pre-Primary/Primary,Primary 6,,lga,Ondo East,South West,Ondo,Ondo East,,,171,0,148,286,138,1.1554,0.5979,1.2391
2021/2022,Male,disabled,Public,Pre-Primary/Primary,Primary 6,,lga,Ondo West,South West,Ondo,Ondo West,,,186,0,160,301,143,1.1625,0.6179,1.3007
2021/2022,Male,disabled,Public,SSS,SSS1,SSS1,lga,Akure North,South West,Ondo,Akure North,,,27,0,68,97,44,0.3971,0.2784,0.6136
2021/2022,Male,disabled,Public,SSS,SSS1,SSS1,lga,Akure South,South West,Ondo,Akure South,,,35,0,72,95,44,0.4861,0.3684,0.7955
2021/2022,Male,disabled,Public,SSS,SSS1,SSS1,lga,Odigbo,South West,Ondo,Odigbo,,,41,0,72,89,40,0.5694,0.4607,1.025
2021/2022,Male,disabled,Public,SSS,SSS1,SSS1,lga,Ondo East,South West,Ondo,Ondo East,,,39,0,76,95,43,0.5132,0.4105,0.907
2021/2022,Male,disabled,Public,SSS,SSS1,SSS1,lga,Ondo West,South West,Ondo,Ondo West,,,32,0,68,94,42,0.4706,0.3404,0.7619
2021/2022,Male,disabled,Public,SSS,SSS2,,lga,Akure North,South West,Ondo,Akure North,,,23,0,76,80,35,0.3026,0.2875,0.6571
2021/2022,Male,disabled,Public,SSS,SSS2,,lga,Akure South,South West,Ondo,Akure South,,,29,0,72,78,34,0.4028,0.3718,0.8529
2021/2022,Male,disabled,Public,SSS,SSS2,,lga,Odigbo,South West,Ondo,Odigbo,,,33,0,68,74,33,0.4853,0.4459,1.0
2021/2022,Male,disabled,Public,SSS,SSS2,,lga,Ondo East,South West,Ondo,Ondo East,,,31,0,76,78,35,0.4079,0.3974,0.8857
2021/2022,Male,disabled,Public,SSS,SSS2,,lga,Ondo West,South West,Ondo,Ondo West,,,27,0,72,77,34,0.375,0.3506,0.7941
2021/2022,Male,disabled,Public,SSS,SSS3,,lga,Akure North,South West,Ondo,Akure North,,,16,0,76,63,27,0.2105,0.254,0.5926
2021/2022,Male,disabled,Public,SSS,SSS3,,lga,Akure South,South West,Ondo,Akure South,,,21,0,72,60,25,0.2917,0.35,0.84
2021/2022,Male,disabled,Public,SSS,SSS3,,lga,Odigbo,South West,Ondo,Odigbo,,,25,0,68,59,25,0.3676,0.4237,1.0
2021/2022,Male,disabled,Public,SSS,SSS3,,lga,Ondo East,South West,Ondo,Ondo East,,,23,0,72,62,26,0.3194,0.371,0.8846
2021/2022,Male,disabled,Public,SSS,SSS3,,lga,Ondo West,South West,Ondo,Ondo West,,,20,0,76,61,25,0.2632,0.3279,0.8
2021/2022,Male,disabled,Public,Vocational,Vocational Year 1,,lga,Akure North,South West,Ondo,Akure North,,,3,0,28,14,2,0.1071,0.2143,1.5
2021/2022,Male,disabled,Public,Vocational,Vocational Year 1,,lga,Akure South,South West,Ondo,Akure South,,,3,0,24,14,2,0.125,0.2143,1.5
2021/2022,Male,disabled,Public,Vocational,Vocational Year 1,,lga,Odigbo,South West,Ondo,Odigbo,,,3,0,24,14,2,0.125,0.2143,1.5
2021/2022,Male,disabled,Public,Vocational,Vocational Year 1,,lga,Ondo East,South West,Ondo,Ondo East,,,3,0,20,14,2,0.15,0.2143,1.5
2021/2022,Male,disabled,Public,Vocational,Vocational Year 1,,lga,Ondo West,South West,Ondo,Ondo West,,,4,0,28,15,2,0.1429,0.2667,2.0
2021/2022,Male,disabled,Public,Vocational,Vocational Year 2,,lga,Akure North,South West,Ondo,Akure North,,,3,0,28,13,1,0.1071,0.2308,3.0
2021/2022,Male,disabled,Public,Vocational,Vocational Year 2,,lga,Akure South,South West,Ondo,Akure South,,,3,0,24,13,1,0.125,0.2308,3.0
2021/2022,Male,disabled,Public,Vocational,Vocational Year 2,,lga,Odigbo,South West,Ondo,Odigbo,,,3,0,24,13,1,0.125,0.2308,3.0
2021/2022,Male,disabled,Public,Vocational,Vocational Year 2,,lga,Ondo East,South West,Ondo,Ondo East,,,3,0,20,14,2,0.15,0.2143,1.5
2021/2022,Male,disabled,Public,Vocational,Vocational Year 2,,lga,Ondo West,South West,Ondo,Ondo West,,,3,0,28,14,1,0.1071,0.2143,3.0
2021/2022,Male,disabled,Public,Vocational,Vocational Year 3,,lga,Akure North,South West,Ondo,Akure North,,,3,0,28,12,0,0.1071,0.25,0.0
2021/2022,Male,disabled,Public,Vocational,Vocational Year 3,,lga,Akure South,South West,Ondo,Akure South,,,3,0,24,12,0,0.125,0.25,0.0
2021/2022,Male,disabled,Public,Vocational,Vocational Year 3,,lga,Odigbo,South West,Ondo,Odigbo,,,3,0,24,12,0,0.125,0.25,0.0
2021/2022,Male,disabled,Public,Vocational,Vocational Year 3,,lga,Ondo East,South West,Ondo,Ondo East,,,3,0,20,12,0,0.15,0.25,0.0
2021/2022,Male,disabled,Public,Vocational,Vocational Year 3,,lga,Ondo West,South West,Ondo,Ondo West,,,3,0,28,13,1,0.1071,0.2308,3.0
2022/2023,Female,all,Private,Adult & Non-Formal,IQS/IQTS Stage 1,,lga,Akure North,South West,Ondo,Akure North,,,347,0,12,38,15,28.9167,9.1316,23.1333
2022/2023,Female,all,Private,Adult & Non-Formal,IQS/IQTS Stage 1,,lga,Akure South,South West,Ondo,Akure South,,,295,0,12,34,12,24.5833,8.6765,24.5833
2022/2023,Female,all,Private,Adult & Non-Formal,IQS/IQTS Stage 1,,lga,Odigbo,South West,Ondo,Odigbo,,,342,0,12,39,14,28.5,8.7692,24.4286
2022/2023,Female,all,Private,Adult & Non-Formal,IQS/IQTS Stage 1,,lga,Ondo East,South West,Ondo,Ondo East,,,309,0,12,35,13,25.75,8.8286,23.7692
2022/2023,Female,all,Private,Adult & Non-Formal,IQS/IQTS Stage 1,,lga,Ondo West,South West,Ondo,Ondo West,,,312,0,16,34,12,19.5,9.1765,26.0
2022/2023,Female,all,Private,Adult & Non-Formal,IQS/IQTS Stage 2,,lga,Akure North,South West,Ondo,Akure North,,,273,0,16,30,11,17.0625,9.1,24.8182
2022/2023,Female,all,Private,Adult & Non-Formal,IQS/IQTS Stage 2,,lga,Akure South,South West,Ondo,Akure South,,,229,0,16,28,10,14.3125,8.1786,22.9
2022/2023,Female,all,Private,Adult & Non-Formal,IQS/IQTS Stage 2,,lga,Odigbo,South West,Ondo,Odigbo,,,265,0,12,31,11,22.0833,8.5484,24.0909
2022/2023,Female,all,Private,Adult & Non-Formal,IQS/IQTS Stage 2,,lga,Ondo East,South West,Ondo,Ondo East,,,238,0,12,28,9,19.8333,8.5,26.4444
2022/2023,Female,all,Private,Adult & Non-Formal,IQS/IQTS Stage 2,,lga,Ondo West,South West,Ondo,Ondo West,,,244,0,16,30,10,15.25,8.1333,24.4
2022/2023,Female,all,Private,Adult & Non-Formal,IQS/IQTS Stage 3,,lga,Akure North,South West,Ondo,Akure North,,,148,0,16,19,6,9.25,7.7895,24.6667
2022/2023,Female,all,Private,Adult & Non-Formal,IQS/IQTS Stage 3,,lga,Akure South,South West,Ondo,Akure South,,,124,0,12,17,4,10.3333,7.2941,31.0
2022/2023,Female,all,Private,Adult & Non-Formal,IQS/IQTS Stage 3,,lga,Odigbo,South West,Ondo,Odigbo,,,145,0,12,20,6,12.0833,7.25,24.1667
2022/2023,Female,all,Private,Adult & Non-Formal,IQS/IQTS Stage 3,,lga,Ondo East,South West,Ondo,Ondo East,,,131,0,12,19,5,10.9167,6.8947,26.2
2022/2023,Female,all,Private,Adult & Non-Formal,IQS/IQTS Stage 3,,lga,Ondo West,South West,Ondo,Ondo West,,,134,0,16,18,4,8.375,7.4444,33.5
2022/2023,Female,all,Private,JSS,JSS1,JSS1,lga,Akure North,South West,Ondo,Akure North,,,1082,0,28,49,21,38.6429,22.0816,51.5238
2022/2023,Female,all,Private,JSS,JSS1,JSS1,lga,Akure South,South West,Ondo,Akure South,,,1023,0,28,46,18,36.5357,22.2391,56.8333
2022/2023,Female,all,Private,JSS,JSS1,JSS1,lga,Odigbo,South West,Ondo,Odigbo,,,1017,0,28,47,18,36.3214,21.6383,56.5
2022/2023,Female,all,Private,JSS,JSS1,JSS1,lga,Ondo East,South West,Ondo,Ondo East,,,1106,0,32,48,20,34.5625,23.0417,55.3
2022/2023,Female,all,Private,JSS,JSS1,JSS1,lga,Ondo West,South West,Ondo,Ondo West,,,1057,0,32,48,19,33.0312,22.0208,55.6316
2022/2023,Female,all,Private,JSS,JSS2,,lga,Akure North,South West,Ondo,Akure North,,,889,0,32,41,16,27.7812,21.6829,55.5625
2022/2023,Female,all,Private,JSS,JSS2,,lga,Akure South,South West,Ondo,Akure South,,,837,0,28,39,15,29.8929,21.4615,55.8
2022/2023,Female,all,Private,JSS,JSS2,,lga,Odigbo,South West,Ondo,Odigbo,,,833,0,28,40,16,29.75,20.825,52.0625
2022/2023,Female,all,Private,JSS,JSS2,,lga,Ondo East,South West,Ondo,Ondo East,,,907,0,24,41,16,37.7917,22.122,56.6875
2022/2023,Female,all,Private,JSS,JSS2,,lga,Ondo West,South West,Ondo,Ondo West,,,866,0,32,40,16,27.0625,21.65,54.125
2022/2023,Female,all,Private,JSS,JSS3,,lga,Akure North,South West,Ondo,Akure North,,,705,0,32,34,12,22.0312,20.7353,58.75
2022/2023,Female,all,Private,JSS,JSS3,,lga,Akure South,South West,Ondo,Akure South,,,666,0,24,33,12,27.75,20.1818,55.5
2022/2023,Female,all,Private,JSS,JSS3,,lga,Odigbo,South West,Ondo,Odigbo,,,664,0,28,32,11,23.7143,20.75,60.3636
2022/2023,Female,all,Private,JSS,JSS3,,lga,Ondo East,South West,Ondo,Ondo East,,,722,0,24,34,12,30.0833,21.2353,60.1667
2022/2023,Female,all,Private,JSS,JSS3,,lga,Ondo West,South West,Ondo,Ondo West,,,688,0,32,34,12,21.5,20.2353,57.3333
2022/2023,Female,all,Private,Pre-Primary/Primary,Primary 1,Primary 1,lga,Akure North,South West,Ondo,Akure North,,,3025,0,48,144,64,63.0208,21.0069,47.2656
2022/2023,Female,all,Private,Pre-Primary/Primary,Primary 1,Primary 1,lga,Akure South,South West,Ondo,Akure South,,,2299,0,44,116,53,52.25,19.819,43.3774
2022/2023,Female,all,Private,Pre-Primary/Primary,Primary 1,Primary 1,lga,Odigbo,South West,Ondo,Odigbo,,,3430,0,64,166,75,53.5938,20.6627,45.7333
2022/2023,Female,all,Private,Pre-Primary/Primary,Primary 1,Primary 1,lga,Ondo East,South West,Ondo,Ondo East,,,2777,0,48,137,62,57.8542,20.2701,44.7903
2022/2023,Female,all,Private,Pre-Primary/Primary,Primary 1,Primary 1,lga,Ondo West,South West,Ondo,Ondo West,,,3130,0,56,154,70,55.8929,20.3247,44.7143
2022/2023,Female,all,Private,Pre-Primary/Primary,Primary 2,,lga,Akure North,South West,Ondo,Akure North,,,2687,0,52,130,59,51.6731,20.6692,45.5424
2022/2023,Female,all,Private,Pre-Primary/Primary,Primary 2,,lga,Akure South,South West,Ondo,Akure South,,,2042,0,44,105,48,46.4091,19.4476,42.5417
2022/2023,Female,all,Private,Pre-Primary/Primary,Primary 2,,lga,Odigbo,South West,Ondo,Odigbo,,,3045,0,60,148,67,50.75,20.5743,45.4478
2022/2023,Female,all,Private,Pre-Primary/Primary,Primary 2,,lga,Ondo East,South West,Ondo,Ondo East,,,2465,0,48,123,55,51.3542,20.0407,44.8182
2022/2023,Female,all,Private,Pre-Primary/Primary,Primary 2,,lga,Ondo West,South West,Ondo,Ondo West,,,2779,0,56,139,65,49.625,19.9928,42.7538
2022/2023,Female,all,Private,Pre-Primary/Primary,Primary 3,,lga,Akure North,South West,Ondo,Akure North,,,2413,0,48,117,53,50.2708,20.6239,45.5283
2022/2023,Female,all,Private,Pre-Primary/Primary,Primary 3,,lga,Akure South,South West,Ondo,Akure South,,,1834,0,44,93,42,41.6818,19.7204,43.6667
2022/2023,Female,all,Private,Pre-Primary/Primary,Primary 3,,lga,Odigbo,South West,Ondo,Odigbo,,,2737,0,60,134,61,45.6167,20.4254,44.8689
2022/2023,Female,all,Private,Pre-Primary/Primary,Primary 3,,lga,Ondo East,South West,Ondo,Ondo East,,,2216,0,48,110,50,46.1667,20.1455,44.32
2022/2023,Female,all,Private,Pre-Primary/Primary,Primary 3,,lga,Ondo West,South West,Ondo,Ondo West,,,2495,0,56,125,57,44.5536,19.96,43.7719
2022/2023,Female,all,Private,Pre-Primary/Primary,Primary 4,,lga,Akure North,South West,Ondo,Akure North,,,2206,0,48,107,49,45.9583,20.6168,45.0204
2022/2023,Female,all,Private,Pre-Primary/Primary,Primary 4,,lga,Akure South,South West,Ondo,Akure South,,,1675,0,44,85,38,38.0682,19.7059,44.0789
2022/2023,Female,all,Private,Pre-Primary/Primary,Primary 4,,lga,Odigbo,South West,Ondo,Odigbo,,,2502,0,60,123,56,41.7,20.3415,44.6786
2022/2023,Female,all,Private,Pre-Primary/Primary,Primary 4,,lga,Ondo East,South West,Ondo,Ondo East,,,2025,0,48,101,46,42.1875,20.0495,44.0217
2022/2023,Female,all,Private,Pre-Primary/Primary,Primary 4,,lga,Ondo West,South West,Ondo,Ondo West,,,2282,0,56,114,52,40.75,20.0175,43.8846
2022/2023,Female,all,Private,Pre-Primary/Primary,Primary 5,,lga,Akure North,South West,Ondo,Akure North,,,2064,0,56,101,46,36.8571,20.4356,44.8696
2022/2023,Female,all,Private,Pre-Primary/Primary,Primary 5,,lga,Akure South,South West,Ondo,Akure South,,,1570,0,40,82,37,39.25,19.1463,42.4324
2022/2023,Female,all,Private,Pre-Primary/Primary,Primary 5,,lga,Odigbo,South West,Ondo,Odigbo,,,2344,0,60,115,54,39.0667,20.3826,43.4074
2022/2023,Female,all,Private,Pre-Primary/Primary,Primary 5,,lga,Ondo East,South West,Ondo,Ondo East,,,1895,0,52,95,44,36.4423,19.9474,43.0682
2022/2023,Female,all,Private,Pre-Primary/Primary,Primary 5,,lga,Ondo West,South West,Ondo,Ondo West,,,2137,0,52,107,47,41.0962,19.972,45.4681
2022/2023,Female,all,Private,Pre-Primary/Primary,Primary 6,,lga,Akure North,South West,Ondo,Akure North,,,1869,0,56,91,41,33.375,20.5385,45.5854
2022/2023,Female,all,Private,Pre-Primary/Primary,Primary 6,,lga,Akure South,South West,Ondo,Akure South,,,1419,0,44,75,33,32.25,18.92,43.0
2022/2023,Female,all,Private,Pre-Primary/Primary,Primary 6,,lga,Odigbo,South West,Ondo,Odigbo,,,2118,0,64,104,48,33.0938,20.3654,44.125
2022/2023,Female,all,Private,Pre-Primary/Primary,Primary 6,,lga,Ondo East,South West,Ondo,Ondo East,,,1715,0,48,88,39,35.7292,19.4886,43.9744
2022/2023,Female,all,Private,Pre-Primary/Primary,Primary 6,,lga,Ondo West,South West,Ondo,Ondo West,,,1933,0,56,98,46,34.5179,19.7245,42.0217
2022/2023,Female,all,Private,SSS,SSS1,SSS1,lga,Akure North,South West,Ondo,Akure North,,,876,3,32,47,19,27.375,18.6383,46.1053
2022/2023,Female,all,Private,SSS,SSS1,SSS1,lga,Akure South,South West,Ondo,Akure South,,,993,3,36,50,20,27.5833,19.86,49.65
2022/2023,Female,all,Private,SSS,SSS1,SSS1,lga,Odigbo,South West,Ondo,Odigbo,,,926,3,36,50,20,25.7222,18.52,46.3
2022/2023,Female,all,Private,SSS,SSS1,SSS1,lga,Ondo East,South West,Ondo,Ondo East,,,1023,3,40,53,21,25.575,19.3019,48.7143
2022/2023,Female,all,Private,SSS,SSS1,SSS1,lga,Ondo West,South West,Ondo,Ondo West,,,963,4,32,49,19,30.0938,19.6531,50.6842
2022/2023,Female,all,Private,SSS,SSS2,,lga,Akure North,South West,Ondo,Akure North,,,707,3,32,38,15,22.0938,18.6053,47.1333
2022/2023,Female,all,Private,SSS,SSS2,,lga,Akure South,South West,Ondo,Akure South,,,800,3,36,42,18,22.2222,19.0476,44.4444
2022/2023,Female,all,Private,SSS,SSS2,,lga,Odigbo,South West,Ondo,Odigbo,,,749,3,36,41,16,20.8056,18.2683,46.8125
2022/2023,Female,all,Private,SSS,SSS2,,lga,Ondo East,South West,Ondo,Ondo East,,,823,3,36,42,16,22.8611,19.5952,51.4375
2022/2023,Female,all,Private,SSS,SSS2,,lga,Ondo West,South West,Ondo,Ondo West,,,775,3,36,40,16,21.5278,19.375,48.4375
2022/2023,Female,all,Private,SSS,SSS3,,lga,Akure North,South West,Ondo,Akure North,,,549,3,32,32,11,17.1562,17.1562,49.9091
2022/2023,Female,all,Private,SSS,SSS3,,lga,Akure South,South West,Ondo,Akure South,,,624,3,36,32,12,17.3333,19.5,52.0
2022/2023,Female,all,Private,SSS,SSS3,,lga,Odigbo,South West,Ondo,Odigbo,,,581,3,36,33,12,16.1389,17.6061,48.4167
2022/2023,Female,all,Private,SSS,SSS3,,lga,Ondo East,South West,Ondo,Ondo East,,,639,3,36,35,13,17.75,18.2571,49.1538
2022/2023,Female,all,Private,SSS,SSS3,,lga,Ondo West,South West,Ondo,Ondo West,,,604,3,32,32,10,18.875,18.875,60.4
2022/2023,Female,all,Private,Vocational,Vocational Year 1,,lga,Akure North,South West,Ondo,Akure North,,,41,0,20,13,1,2.05,3.1538,41.0
2022/2023,Female,all,Private,Vocational,Vocational Year 1,,lga,Akure South,South West,Ondo,Akure South,,,43,0,16,13,1,2.6875,3.3077,43.0
2022/2023,Female,all,Private,Vocational,Vocational Year 1,,lga,Odigbo,South West,Ondo,Odigbo,,,37,0,16,13,1,2.3125,2.8462,37.0
2022/2023,Female,all,Private,Vocational,Vocational Year 1,,lga,Ondo East,South West,Ondo,Ondo East,,,40,0,20,14,2,2.0,2.8571,20.0
2022/2023,Female,all,Private,Vocational,Vocational Year 1,,lga,Ondo West,South West,Ondo,Ondo West,,,43,0,16,13,1,2.6875,3.3077,43.0
2022/2023,Female,all,Private,Vocational,Vocational Year 2,,lga,Akure North,South West,Ondo,Akure North,,,34,0,20,12,0,1.7,2.8333,0.0
2022/2023,Female,all,Private,Vocational,Vocational Year 2,,lga,Akure South,South West,Ondo,Akure South,,,35,0,20,12,0,1.75,2.9167,0.0
2022/2023,Female,all,Private,Vocational,Vocational Year 2,,lga,Odigbo,South West,Ondo,Odigbo,,,32,0,20,12,0,1.6,2.6667,0.0
2022/2023,Female,all,Private,Vocational,Vocational Year 2,,lga,Ondo East,South West,Ondo,Ondo East,,,33,0,20,12,0,1.65,2.75,0.0
2022/2023,Female,all,Private,Vocational,Vocational Year 2,,lga,Ondo West,South West,Ondo,Ondo West,,,37,0,16,13,1,2.3125,2.8462,37.0
2022/2023,Female,all,Private,Vocational,Vocational Year 3,,lga,Akure North,South West,Ondo,Akure North,,,26,0,20,12,0,1.3,2.1667,0.0
2022/2023,Female,all,Private,Vocational,Vocational Year 3,,lga,Akure South,South West,Ondo,Akure South,,,25,0,20,12,0,1.25,2.0833,0.0
2022/2023,Female,all,Private,Vocational,Vocational Year 3,,lga,Odigbo,South West,Ondo,Odigbo,,,24,0,16,12,0,1.5,2.0,0.0
2022/2023,Female,all,Private,Vocational,Vocational Year 3,,lga,Ondo East,South West,Ondo,Ondo East,,,25,0,20,12,0,1.25,2.0833,0.0
2022/2023,Female,all,Private,Vocational,Vocational Year 3,,lga,Ondo West,South West,Ondo,Ondo West,,,26,0,16,12,0,1.625,2.1667,0.0
2022/2023,Female,all,Public,Adult & Non-Formal,IQS/IQTS Stage 1,,lga,Akure North,South West,Ondo,Akure North,,,510,0,20,52,22,25.5,9.8077,23.1818
2022/2023,Female,all,Public,Adult & Non-Formal,IQS/IQTS Stage 1,,lga,Akure South,South West,Ondo,Akure South,,,518,0,24,53,21,21.5833,9.7736,24.6667
2022/2023,Female,all,Public,Adult & Non-Formal,IQS/IQTS Stage 1,,lga,Odigbo,South West,Ondo,Odigbo,,,490,0,24,50,21,20.4167,9.8,23.3333
2022/2023,Female,all,Public,Adult & Non-Formal,IQS/IQTS Stage 1,,lga,Ondo East,South West,Ondo,Ondo East,,,461,0,20,49,20,23.05,9.4082,23.05
2022/2023,Female,all,Public,Adult & Non-Formal,IQS/IQTS Stage 1,,lga,Ondo West,South West,Ondo,Ondo West,,,516,0,24,52,21,21.5,9.9231,24.5714
2022/2023,Female,all,Public,Adult & Non-Formal,IQS/IQTS Stage 2,,lga,Akure North,South West,Ondo,Akure North,,,397,0,24,42,17,16.5417,9.4524,23.3529
2022/2023,Female,all,Public,Adult & Non-Formal,IQS/IQTS Stage 2,,lga,Akure South,South West,Ondo,Akure South,,,402,0,20,44,17,20.1,9.1364,23.6471
2022/2023,Female,all,Public,Adult & Non-Formal,IQS/IQTS Stage 2,,lga,Odigbo,South West,Ondo,Odigbo,,,382,0,24,41,15,15.9167,9.3171,25.4667
2022/2023,Female,all,Public,Adult & Non-Formal,IQS/IQTS Stage 2,,lga,Ondo East,South West,Ondo,Ondo East,,,359,0,20,40,15,17.95,8.975,23.9333
2022/2023,Female,all,Public,Adult & Non-Formal,IQS/IQTS Stage 2,,lga,Ondo West,South West,Ondo,Ondo West,,,401,0,20,43,18,20.05,9.3256,22.2778
2022/2023,Female,all,Public,Adult & Non-Formal,IQS/IQTS Stage 3,,lga,Akure North,South West,Ondo,Akure North,,,216,0,24,27,9,9.0,8.0,24.0
2022/2023,Female,all,Public,Adult & Non-Formal,IQS/IQTS Stage 3,,lga,Akure South,South West,Ondo,Akure South,,,220,0,24,27,9,9.1667,8.1481,24.4444
2022/2023,Female,all,Public,Adult & Non-Formal,IQS/IQTS Stage 3,,lga,Odigbo,South West,Ondo,Odigbo,,,210,0,24,26,8,8.75,8.0769,26.25
2022/2023,Female,all,Public,Adult & Non-Formal,IQS/IQTS Stage 3,,lga,Ondo East,South West,Ondo,Ondo East,,,198,0,20,25,8,9.9,7.92,24.75
2022/2023,Female,all,Public,Adult & Non-Formal,IQS/IQTS Stage 3,,lga,Ondo West,South West,Ondo,Ondo West,,,220,0,24,25,8,9.1667,8.8,27.5
2022/2023,Female,all,Public,JSS,JSS1,JSS1,lga,Akure North,South West,Ondo,Akure North,,,3306,0,88,138,63,37.5682,23.9565,52.4762
2022/2023,Female,all,Public,JSS,JSS1,JSS1,lga,Akure South,South West,Ondo,Akure South,,,3210,0,84,135,61,38.2143,23.7778,52.623
2022/2023,Female,all,Public,JSS,JSS1,JSS1,lga,Odigbo,South West,Ondo,Odigbo,,,3222,0,84,135,61,38.3571,23.8667,52.8197
2022/2023,Female,all,Public,JSS,JSS1,JSS1,lga,Ondo East,South West,Ondo,Ondo East,,,3032,0,76,126,56,39.8947,24.0635,54.1429
2022/2023,Female,all,Public,JSS,JSS1,JSS1,lga,Ondo West,South West,Ondo,Ondo West,,,3245,0,84,133,61,38.631,24.3985,53.1967
2022/2023,Female,all,Public,JSS,JSS2,,lga,Akure North,South West,Ondo,Akure North,,,2713,0,88,113,51,30.8295,24.0088,53.1961
2022/2023,Female,all,Public,JSS,JSS2,,lga,Akure South,South West,Ondo,Akure South,,,2635,0,88,113,51,29.9432,23.3186,51.6667
2022/2023,Female,all,Public,JSS,JSS2,,lga,Odigbo,South West,Ondo,Odigbo,,,2646,0,84,112,52,31.5,23.625,50.8846
2022/2023,Female,all,Public,JSS,JSS2,,lga,Ondo East,South West,Ondo,Ondo East,,,2489,0,76,104,48,32.75,23.9327,51.8542
2022/2023,Female,all,Public,JSS,JSS2,,lga,Ondo West,South West,Ondo,Ondo West,,,2662,0,84,111,50,31.6905,23.982,53.24
2022/2023,Female,all,Public,JSS,JSS3,,lga,Akure North,South West,Ondo,Akure North,,,2164,0,88,92,42,24.5909,23.5217,51.5238
2022/2023,Female,all,Public,JSS,JSS3,,lga,Akure South,South West,Ondo,Akure South,,,2102,0,88,90,40,23.8864,23.3556,52.55
2022/2023,Female,all,Public,JSS,JSS3,,lga,Odigbo,South West,Ondo,Odigbo,,,2110,0,84,90,41,25.119,23.4444,51.4634
2022/2023,Female,all,Public,JSS,JSS3,,lga,Ondo East,South West,Ondo,Ondo East,,,1983,0,84,83,38,23.6071,23.8916,52.1842
2022/2023,Female,all,Public,JSS,JSS3,,lga,Ondo West,South West,Ondo,Ondo West,,,2123,0,88,88,40,24.125,24.125,53.075
2022/2023,Female,all,Public,Pre-Primary/Primary,Primary 1,Primary 1,lga,Akure North,South West,Ondo,Akure North,,,9926,0,188,491,234,52.7979,20.2159,42.4188
2022/2023,Female,all,Public,Pre-Primary/Primary,Primary 1,Primary 1,lga,Akure South,South West,Ondo,Akure South,,,10422,0,176,502,238,59.2159,20.761,43.7899
2022/2023,Female,all,Public,Pre-Primary/Primary,Primary 1,Primary 1,lga,Odigbo,South West,Ondo,Odigbo,,,9240,0,160,450,212,57.75,20.5333,43.5849
2022/2023,Female,all,Public,Pre-Primary/Primary,Primary 1,Primary 1,lga,Ondo East,South West,Ondo,Ondo East,,,9022,0,160,454,214,56.3875,19.8722,42.1589
2022/2023,Female,all,Public,Pre-Primary/Primary,Primary 1,Primary 1,lga,Ondo West,South West,Ondo,Ondo West,,,9619,0,180,465,222,53.4389,20.686,43.3288
2022/2023,Female,all,Public,Pre-Primary/Primary,Primary 2,,lga,Akure North,South West,Ondo,Akure North,,,8814,0,188,437,206,46.883,20.1693,42.7864
2022/2023,Female,all,Public,Pre-Primary/Primary,Primary 2,,lga,Akure South,South West,Ondo,Akure South,,,9252,0,184,446,212,50.2826,20.7444,43.6415
2022/2023,Female,all,Public,Pre-Primary/Primary,Primary 2,,lga,Odigbo,South West,Ondo,Odigbo,,,8207,0,172,400,190,47.7151,20.5175,43.1947
2022/2023,Female,all,Public,Pre-Primary/Primary,Primary 2,,lga,Ondo East,South West,Ondo,Ondo East,,,8010,0,164,402,190,48.8415,19.9254,42.1579
2022/2023,Female,all,Public,Pre-Primary/Primary,Primary 2,,lga,Ondo West,South West,Ondo,Ondo West,,,8540,0,164,409,191,52.0732,20.8802,44.712
2022/2023,Female,all,Public,Pre-Primary/Primary,Primary 3,,lga,Akure North,South West,Ondo,Akure North,,,7924,0,176,392,186,45.0227,20.2143,42.6022
2022/2023,Female,all,Public,Pre-Primary/Primary,Primary 3,,lga,Akure South,South West,Ondo,Akure South,,,8320,0,176,402,190,47.2727,20.6965,43.7895
2022/2023,Female,all,Public,Pre-Primary/Primary,Primary 3,,lga,Odigbo,South West,Ondo,Odigbo,,,7379,0,168,360,172,43.9226,20.4972,42.9012
2022/2023,Female,all,Public,Pre-Primary/Primary,Primary 3,,lga,Ondo East,South West,Ondo,Ondo East,,,7201,0,160,360,169,45.0062,20.0028,42.6095
2022/2023,Female,all,Public,Pre-Primary/Primary,Primary 3,,lga,Ondo West,South West,Ondo,Ondo West,,,7680,0,172,368,173,44.6512,20.8696,44.3931
2022/2023,Female,all,Public,Pre-Primary/Primary,Primary 4,,lga,Akure North,South West,Ondo,Akure North,,,7244,0,184,360,170,39.3696,20.1222,42.6118
2022/2023,Female,all,Public,Pre-Primary/Primary,Primary 4,,lga,Akure South,South West,Ondo,Akure South,,,7603,0,184,368,175,41.3207,20.6603,43.4457
2022/2023,Female,all,Public,Pre-Primary/Primary,Primary 4,,lga,Odigbo,South West,Ondo,Odigbo,,,6743,0,168,329,156,40.1369,20.4954,43.2244
2022/2023,Female,all,Public,Pre-Primary/Primary,Primary 4,,lga,Ondo East,South West,Ondo,Ondo East,,,6581,0,164,331,156,40.128,19.8822,42.1859
2022/2023,Female,all,Public,Pre-Primary/Primary,Primary 4,,lga,Ondo West,South West,Ondo,Ondo West,,,7020,0,180,337,158,39.0,20.8309,44.4304
2022/2023,Female,all,Public,Pre-Primary/Primary,Primary 5,,lga,Akure North,South West,Ondo,Akure North,,,6783,0,180,334,156,37.6833,20.3084,43.4808
2022/2023,Female,all,Public,Pre-Primary/Primary,Primary 5,,lga,Akure South,South West,Ondo,Akure South,,,7118,0,176,343,160,40.4432,20.7522,44.4875
2022/2023,Female,all,Public,Pre-Primary/Primary,Primary 5,,lga,Odigbo,South West,Ondo,Odigbo,,,6314,0,172,307,145,36.7093,20.5668,43.5448
2022/2023,Female,all,Public,Pre-Primary/Primary,Primary 5,,lga,Ondo East,South West,Ondo,Ondo East,,,6162,0,164,311,147,37.5732,19.8135,41.9184
2022/2023,Female,all,Public,Pre-Primary/Primary,Primary 5,,lga,Ondo West,South West,Ondo,Ondo West,,,6572,0,172,317,149,38.2093,20.7319,44.1074
2022/2023,Female,all,Public,Pre-Primary/Primary,Primary 6,,lga,Akure North,South West,Ondo,Akure North,,,6130,0,184,303,141,33.3152,20.231,43.4752
2022/2023,Female,all,Public,Pre-Primary/Primary,Primary 6,,lga,Akure South,South West,Ondo,Akure South,,,6434,0,188,307,143,34.2234,20.9577,44.993
2022/2023,Female,all,Public,Pre-Primary/Primary,Primary 6,,lga,Odigbo,South West,Ondo,Odigbo,,,5709,0,172,279,131,33.1919,20.4624,43.5802
2022/2023,Female,all,Public,Pre-Primary/Primary,Primary 6,,lga,Ondo East,South West,Ondo,Ondo East,,,5572,0,172,281,133,32.3953,19.8292,41.8947
2022/2023,Female,all,Public,Pre-Primary/Primary,Primary 6,,lga,Ondo West,South West,Ondo,Ondo West,,,5943,0,172,286,134,34.5523,20.7797,44.3507
2022/2023,Female,all,Public,SSS,SSS1,SSS1,lga,Akure North,South West,Ondo,Akure North,,,2122,4,76,99,45,27.9211,21.4343,47.1556
2022/2023,Female,all,Public,SSS,SSS1,SSS1,lga,Akure South,South West,Ondo,Akure South,,,1933,4,68,92,41,28.4265,21.0109,47.1463
2022/2023,Female,all,Public,SSS,SSS1,SSS1,lga,Odigbo,South West,Ondo,Odigbo,,,1893,4,68,92,42,27.8382,20.5761,45.0714
2022/2023,Female,all,Public,SSS,SSS1,SSS1,lga,Ondo East,South West,Ondo,Ondo East,,,1710,6,64,84,37,26.7188,20.3571,46.2162
2022/2023,Female,all,Public,SSS,SSS1,SSS1,lga,Ondo West,South West,Ondo,Ondo West,,,2003,4,68,93,42,29.4559,21.5376,47.6905
2022/2023,Female,all,Public,SSS,SSS2,,lga,Akure North,South West,Ondo,Akure North,,,1712,4,76,81,37,22.5263,21.1358,46.2703
2022/2023,Female,all,Public,SSS,SSS2,,lga,Akure South,South West,Ondo,Akure South,,,1556,4,68,76,34,22.8824,20.4737,45.7647
2022/2023,Female,all,Public,SSS,SSS2,,lga,Odigbo,South West,Ondo,Odigbo,,,1523,3,68,75,33,22.3971,20.3067,46.1515
2022/2023,Female,all,Public,SSS,SSS2,,lga,Ondo East,South West,Ondo,Ondo East,,,1374,3,60,69,31,22.9,19.913,44.3226
2022/2023,Female,all,Public,SSS,SSS2,,lga,Ondo West,South West,Ondo,Ondo West,,,1614,4,72,76,35,22.4167,21.2368,46.1143
2022/2023,Female,all,Public,SSS,SSS3,,lga,Akure North,South West,Ondo,Akure North,,,1329,4,80,64,28,16.6125,20.7656,47.4643
2022/2023,Female,all,Public,SSS,SSS3,,lga,Akure South,South West,Ondo,Akure South,,,1211,3,68,60,26,17.8088,20.1833,46.5769
2022/2023,Female,all,Public,SSS,SSS3,,lga,Odigbo,South West,Ondo,Odigbo,,,1185,3,68,60,26,17.4265,19.75,45.5769
2022/2023,Female,all,Public,SSS,SSS3,,lga,Ondo East,South West,Ondo,Ondo East,,,1069,3,60,55,23,17.8167,19.4364,46.4783
2022/2023,Female,all,Public,SSS,SSS3,,lga,Ondo West,South West,Ondo,Ondo West,,,1254,3,72,61,27,17.4167,20.5574,46.4444
2022/2023,Female,all,Public,Vocational,Vocational Year 1,,lga,Akure North,South West,Ondo,Akure North,,,52,0,28,14,2,1.8571,3.7143,26.0
2022/2023,Female,all,Public,Vocational,Vocational Year 1,,lga,Akure South,South West,Ondo,Akure South,,,50,0,24,13,1,2.0833,3.8462,50.0
2022/2023,Female,all,Public,Vocational,Vocational Year 1,,lga,Odigbo,South West,Ondo,Odigbo,,,53,0,24,15,3,2.2083,3.5333,17.6667
2022/2023,Female,all,Public,Vocational,Vocational Year 1,,lga,Ondo East,South West,Ondo,Ondo East,,,50,0,20,14,2,2.5,3.5714,25.0
2022/2023,Female,all,Public,Vocational,Vocational Year 1,,lga,Ondo West,South West,Ondo,Ondo West,,,49,0,20,13,1,2.45,3.7692,49.0
2022/2023,Female,all,Public,Vocational,Vocational Year 2,,lga,Akure North,South West,Ondo,Akure North,,,44,0,28,13,1,1.5714,3.3846,44.0
2022/2023,Female,all,Public,Vocational,Vocational Year 2,,lga,Akure South,South West,Ondo,Akure South,,,40,0,24,13,1,1.6667,3.0769,40.0
2022/2023,Female,all,Public,Vocational,Vocational Year 2,,lga,Odigbo,South West,Ondo,Odigbo,,,45,0,24,14,2,1.875,3.2143,22.5
2022/2023,Female,all,Public,Vocational,Vocational Year 2,,lga,Ondo East,South West,Ondo,Ondo East,,,42,0,20,13,1,2.1,3.2308,42.0
2022/2023,Female,all,Public,Vocational,Vocational Year 2,,lga,Ondo West,South West,Ondo,Ondo West,,,43,0,24,13,1,1.7917,3.3077,43.0
2022/2023,Female,all,Public,Vocational,Vocational Year 3,,lga,Akure North,South West,Ondo,Akure North,,,32,0,24,12,0,1.3333,2.6667,0.0
2022/2023,Female,all,Public,Vocational,Vocational Year 3,,lga,Akure South,South West,Ondo,Akure South,,,30,0,28,12,0,1.0714,2.5,0.0
2022/2023,Female,all,Public,Vocational,Vocational Year 3,,lga,Odigbo,South West,Ondo,Odigbo,,,33,0,24,12,0,1.375,2.75,0.0
2022/2023,Female,all,Public,Vocational,Vocational Year 3,,lga,Ondo East,South West,Ondo,Ondo East,,,31,0,20,12,0,1.55,2.5833,0.0
2022/2023,Female,all,Public,Vocational,Vocational Year 3,,lga,Ondo West,South West,Ondo,Ondo West,,,31,0,20,13,1,1.55,2.3846,31.0
2022/2023,Female,disabled,Private,Adult & Non-Formal,IQS/IQTS Stage 1,,lga,Akure North,South West,Ondo,Akure North,,,7,0,12,38,15,0.5833,0.1842,0.4667
2022/2023,Female,disabled,Private,Adult & Non-Formal,IQS/IQTS Stage 1,,lga,Akure South,South West,Ondo,Akure South,,,7,0,12,34,12,0.5833,0.2059,0.5833
2022/2023,Female,disabled,Private,Adult & Non-Formal,IQS/IQTS Stage 1,,lga,Odigbo,South West,Ondo,Odigbo,,,8,0,12,39,14,0.6667,0.2051,0.5714
2022/2023,Female,disabled,Private,Adult & Non-Formal,IQS/IQTS Stage 1,,lga,Ondo East,South West,Ondo,Ondo East,,,8,0,12,35,13,0.6667,0.2286,0.6154
2022/2023,Female,disabled,Private,Adult & Non-Formal,IQS/IQTS Stage 1,,lga,Ondo West,South West,Ondo,Ondo West,,,7,0,16,34,12,0.4375,0.2059,0.5833
2022/2023,Female,disabled,Private,Adult & Non-Formal,IQS/IQTS Stage 2,,lga,Akure North,South West,Ondo,Akure North,,,6,0,16,30,11,0.375,0.2,0.5455
2022/2023,Female,disabled,Private,Adult & Non-Formal,IQS/IQTS Stage 2,,lga,Akure South,South West,Ondo,Akure South,,,6,0,16,28,10,0.375,0.2143,0.6
2022/2023,Female,disabled,Private,Adult & Non-Formal,IQS/IQTS Stage 2,,lga,Odigbo,South West,Ondo,Odigbo,,,6,0,12,31,11,0.5,0.1935,0.5455
2022/2023,Female,disabled,Private,Adult & Non-Formal,IQS/IQTS Stage 2,,lga,Ondo East,South West,Ondo,Ondo East,,,5,0,12,28,9,0.4167,0.1786,0.5556
2022/2023,Female,disabled,Private,Adult & Non-Formal,IQS/IQTS Stage 2,,lga,Ondo West,South West,Ondo,Ondo West,,,6,0,16,30,10,0.375,0.2,0.6
2022/2023,Female,disabled,Private,Adult & Non-Formal,IQS/IQTS Stage 3,,lga,Akure North,South West,Ondo,Akure North,,,3,0,16,19,6,0.1875,0.1579,0.5
2022/2023,Female,disabled,Private,Adult & Non-Formal,IQS/IQTS Stage 3,,lga,Akure South,South West,Ondo,Akure South,,,3,0,12,17,4,0.25,0.1765,0.75
2022/2023,Female,disabled,Private,Adult & Non-Formal,IQS/IQTS Stage 3,,lga,Odigbo,South West,Ondo,Odigbo,,,3,0,12,20,6,0.25,0.15,0.5
2022/2023,Female,disabled,Private,Adult & Non-Formal,IQS/IQTS Stage 3,,lga,Ondo East,South West,Ondo,Ondo East,,,3,0,12,19,5,0.25,0.1579,0.6
2022/2023,Female,disabled,Private,Adult & Non-Formal,IQS/IQTS Stage 3,,lga,Ondo West,South West,Ondo,Ondo West,,,4,0,16,18,4,0.25,0.2222,1.0
2022/2023,Female,disabled,Private,JSS,JSS1,JSS1,lga,Akure North,South West,Ondo,Akure North,,,25,0,28,49,21,0.8929,0.5102,1.1905
2022/2023,Female,disabled,Private,JSS,JSS1,JSS1,lga,Akure South,South West,Ondo,Akure South,,,25,0,28,46,18,0.8929,0.5435,1.3889
2022/2023,Female,disabled,Private,JSS,JSS1,JSS1,lga,Odigbo,South West,Ondo,Odigbo,,,25,0,28,47,18,0.8929,0.5319,1.3889
2022/2023,Female,disabled,Private,JSS,JSS1,JSS1,lga,Ondo East,South West,Ondo,Ondo East,,,28,0,32,48,20,0.875,0.5833,1.4
2022/2023,Female,disabled,Private,JSS,JSS1,JSS1,lga,Ondo West,South West,Ondo,Ondo West,,,29,0,32,48,19,0.9062,0.6042,1.5263
2022/2023,Female,disabled,Private,JSS,JSS2,,lga,Akure North,South West,Ondo,Akure North,,,20,0,32,41,16,0.625,0.4878,1.25
2022/2023,Female,disabled,Private,JSS,JSS2,,lga,Akure South,South West,Ondo,Akure South,,,19,0,28,39,15,0.6786,0.4872,1.2667
2022/2023,Female,disabled,Private,JSS,JSS2,,lga,Odigbo,South West,Ondo,Odigbo,,,20,0,28,40,16,0.7143,0.5,1.25
2022/2023,Female,disabled,Private,JSS,JSS2,,lga,Ondo East,South West,Ondo,Ondo East,,,23,0,24,41,16,0.9583,0.561,1.4375
2022/2023,Female,disabled,Private,JSS,JSS2,,lga,Ondo West,South West,Ondo,Ondo West,,,25,0,32,40,16,0.7812,0.625,1.5625
2022/2023,Female,disabled,Private,JSS,JSS3,,lga,Akure North,South West,Ondo,Akure North,,,14,0,32,34,12,0.4375,0.4118,1.1667
2022/2023,Female,disabled,Private,JSS,JSS3,,lga,Akure South,South West,Ondo,Akure South,,,14,0,24,33,12,0.5833,0.4242,1.1667
2022/2023,Female,disabled,Private,JSS,JSS3,,lga,Odigbo,South West,Ondo,Odigbo,,,16,0,28,32,11,0.5714,0.5,1.4545
2022/2023,Female,disabled,Private,JSS,JSS3,,lga,Ondo East,South West,Ondo,Ondo East,,,17,0,24,34,12,0.7083,0.5,1.4167
2022/2023,Female,disabled,Private,JSS,JSS3,,lga,Ondo West,South West,Ondo,Ondo West,,,17,0,32,34,12,0.5312,0.5,1.4167
2022/2023,Female,disabled,Private,Pre-Primary/Primary,Primary 1,Primary 1,lga,Akure North,South West,Ondo,Akure North,,,88,0,48,144,64,1.8333,0.6111,1.375
2022/2023,Female,disabled,Private,Pre-Primary/Primary,Primary 1,Primary 1,lga,Akure South,South West,Ondo,Akure South,,,70,0,44,116,53,1.5909,0.6034,1.3208
2022/2023,Female,disabled,Private,Pre-Primary/Primary,Primary 1,Primary 1,lga,Odigbo,South West,Ondo,Odigbo,,,110,0,64,166,75,1.7188,0.6627,1.4667
2022/2023,Female,disabled,Private,Pre-Primary/Primary,Primary 1,Primary 1,lga,Ondo East,South West,Ondo,Ondo East,,,93,0,48,137,62,1.9375,0.6788,1.5
2022/2023,Female,disabled,Private,Pre-Primary/Primary,Primary 1,Primary 1,lga,Ondo West,South West,Ondo,Ondo West,,,88,0,56,154,70,1.5714,0.5714,1.2571
2022/2023,Female,disabled,Private,Pre-Primary/Primary,Primary 2,,lga,Akure North,South West,Ondo,Akure North,,,78,0,52,130,59,1.5,0.6,1.322
2022/2023,Female,disabled,Private,Pre-Primary/Primary,Primary 2,,lga,Akure South,South West,Ondo,Akure South,,,61,0,44,105,48,1.3864,0.581,1.2708
2022/2023,Female,disabled,Private,Pre-Primary/Primary,Primary 2,,lga,Odigbo,South West,Ondo,Odigbo,,,97,0,60,148,67,1.6167,0.6554,1.4478
2022/2023,Female,disabled,Private,Pre-Primary/Primary,Primary 2,,lga,Ondo East,South West,Ondo,Ondo East,,,82,0,48,123,55,1.7083,0.6667,1.4909
2022/2023,Female,disabled,Private,Pre-Primary/Primary,Primary 2,,lga,Ondo West,South West,Ondo,Ondo West,,,79,0,56,139,65,1.4107,0.5683,1.2154
2022/2023,Female,disabled,Private,Pre-Primary/Primary,Primary 3,,lga,Akure North,South West,Ondo,Akure North,,,69,0,48,117,53,1.4375,0.5897,1.3019
2022/2023,Female,disabled,Private,Pre-Primary/Primary,Primary 3,,lga,Akure South,South West,Ondo,Akure South,,,54,0,44,93,42,1.2273,0.5806,1.2857
2022/2023,Female,disabled,Private,Pre-Primary/Primary,Primary 3,,lga,Odigbo,South West,Ondo,Odigbo,,,88,0,60,134,61,1.4667,0.6567,1.4426
2022/2023,Female,disabled,Private,Pre-Primary/Primary,Primary 3,,lga,Ondo East,South West,Ondo,Ondo East,,,73,0,48,110,50,1.5208,0.6636,1.46
2022/2023,Female,disabled,Private,Pre-Primary/Primary,Primary 3,,lga,Ondo West,South West,Ondo,Ondo West,,,69,0,56,125,57,1.2321,0.552,1.2105
2022/2023,Female,disabled,Private,Pre-Primary/Primary,Primary 4,,lga,Akure North,South West,Ondo,Akure North,,,64,0,48,107,49,1.3333,0.5981,1.3061
2022/2023,Female,disabled,Private,Pre-Primary/Primary,Primary 4,,lga,Akure South,South West,Ondo,Akure South,,,50,0,44,85,38,1.1364,0.5882,1.3158
2022/2023,Female,disabled,Private,Pre-Primary/Primary,Primary 4,,lga,Odigbo,South West,Ondo,Odigbo,,,79,0,60,123,56,1.3167,0.6423,1.4107
2022/2023,Female,disabled,Private,Pre-Primary/Primary,Primary 4,,lga,Ondo East,South West,Ondo,Ondo East,,,67,0,48,101,46,1.3958,0.6634,1.4565
2022/2023,Female,disabled,Private,Pre-Primary/Primary,Primary 4,,lga,Ondo West,South West,Ondo,Ondo West,,,63,0,56,114,52,1.125,0.5526,1.2115
2022/2023,Female,disabled,Private,Pre-Primary/Primary,Primary 5,,lga,Akure North,South West,Ondo,Akure North,,,59,0,56,101,46,1.0536,0.5842,1.2826
2022/2023,Female,disabled,Private,Pre-Primary/Primary,Primary 5,,lga,Akure South,South West,Ondo,Akure South,,,47,0,40,82,37,1.175,0.5732,1.2703
2022/2023,Female,disabled,Private,Pre-Primary/Primary,Primary 5,,lga,Odigbo,South West,Ondo,Odigbo,,,76,0,60,115,54,1.2667,0.6609,1.4074
2022/2023,Female,disabled,Private,Pre-Primary/Primary,Primary 5,,lga,Ondo East,South West,Ondo,Ondo East,,,63,0,52,95,44,1.2115,0.6632,1.4318
2022/2023,Female,disabled,Private,Pre-Primary/Primary,Primary 5,,lga,Ondo West,South West,Ondo,Ondo West,,,59,0,52,107,47,1.1346,0.5514,1.2553
2022/2023,Female,disabled,Private,Pre-Primary/Primary,Primary 6,,lga,Akure North,South West,Ondo,Akure North,,,55,0,56,91,41,0.9821,0.6044,1.3415
2022/2023,Female,disabled,Private,Pre-Primary/Primary,Primary 6,,lga,Akure South,South West,Ondo,Akure South,,,43,0,44,75,33,0.9773,0.5733,1.303
2022/2023,Female,disabled,Private,Pre-Primary/Primary,Primary 6,,lga,Odigbo,South West,Ondo,Odigbo,,,67,0,64,104,48,1.0469,0.6442,1.3958
2022/2023,Female,disabled,Private,Pre-Primary/Primary,Primary 6,,lga,Ondo East,South West,Ondo,Ondo East,,,57,0,48,88,39,1.1875,0.6477,1.4615
2022/2023,Female,disabled,Private,Pre-Primary/Primary,Primary 6,,lga,Ondo West,South West,Ondo,Ondo West,,,55,0,56,98,46,0.9821,0.5612,1.1957
2022/2023,Female,disabled,Private,SSS,SSS1,SSS1,lga,Akure North,South West,Ondo,Akure North,,,16,0,32,47,19,0.5,0.3404,0.8421
2022/2023,Female,disabled,Private,SSS,SSS1,SSS1,lga,Akure South,South West,Ondo,Akure South,,,15,0,36,50,20,0.4167,0.3,0.75
2022/2023,Female,disabled,Private,SSS,SSS1,SSS1,lga,Odigbo,South West,Ondo,Odigbo,,,14,0,36,50,20,0.3889,0.28,0.7
2022/2023,Female,disabled,Private,SSS,SSS1,SSS1,lga,Ondo East,South West,Ondo,Ondo East,,,20,0,40,53,21,0.5,0.3774,0.9524
2022/2023,Female,disabled,Private,SSS,SSS1,SSS1,lga,Ondo West,South West,Ondo,Ondo West,,,17,1,32,49,19,0.5312,0.3469,0.8947
2022/2023,Female,disabled,Private,SSS,SSS2,,lga,Akure North,South West,Ondo,Akure North,,,14,0,32,38,15,0.4375,0.3684,0.9333
2022/2023,Female,disabled,Private,SSS,SSS2,,lga,Akure South,South West,Ondo,Akure South,,,11,0,36,42,18,0.3056,0.2619,0.6111
2022/2023,Female,disabled,Private,SSS,SSS2,,lga,Odigbo,South West,Ondo,Odigbo,,,14,0,36,41,16,0.3889,0.3415,0.875
2022/2023,Female,disabled,Private,SSS,SSS2,,lga,Ondo East,South West,Ondo,Ondo East,,,15,0,36,42,16,0.4167,0.3571,0.9375
2022/2023,Female,disabled,Private,SSS,SSS2,,lga,Ondo West,South West,Ondo,Ondo West,,,13,0,36,40,16,0.3611,0.325,0.8125
2022/2023,Female,disabled,Private,SSS,SSS3,,lga,Akure North,South West,Ondo,Akure North,,,11,0,32,32,11,0.3438,0.3438,1.0
2022/2023,Female,disabled,Private,SSS,SSS3,,lga,Akure South,South West,Ondo,Akure South,,,11,0,36,32,12,0.3056,0.3438,0.9167
2022/2023,Female,disabled,Private,SSS,SSS3,,lga,Odigbo,South West,Ondo,Odigbo,,,10,0,36,33,12,0.2778,0.303,0.8333
2022/2023,Female,disabled,Private,SSS,SSS3,,lga,Ondo East,South West,Ondo,Ondo East,,,11,0,36,35,13,0.3056,0.3143,0.8462
2022/2023,Female,disabled,Private,SSS,SSS3,,lga,Ondo West,South West,Ondo,Ondo West,,,12,0,32,32,10,0.375,0.375,1.2
2022/2023,Female,disabled,Private,Vocational,Vocational Year 1,,lga,Akure North,South West,Ondo,Akure North,,,0,0,20,13,1,0.0,0.0,0.0
2022/2023,Female,disabled,Private,Vocational,Vocational Year 1,,lga,Akure South,South West,Ondo,Akure South,,,1,0,16,13,1,0.0625,0.0769,1.0
2022/2023,Female,disabled,Private,Vocational,Vocational Year 1,,lga,Odigbo,South West,Ondo,Odigbo,,,0,0,16,13,1,0.0,0.0,0.0
2022/2023,Female,disabled,Private,Vocational,Vocational Year 1,,lga,Ondo East,South West,Ondo,Ondo East,,,0,0,20,14,2,0.0,0.0,0.0
2022/2023,Female,disabled,Private,Vocational,Vocational Year 1,,lga,Ondo West,South West,Ondo,Ondo West,,,1,0,16,13,1,0.0625,0.0769,1.0
2022/2023,Female,disabled,Private,Vocational,Vocational Year 2,,lga,Akure North,South West,Ondo,Akure North,,,0,0,20,12,0,0.0,0.0,0.0
2022/2023,Female,disabled,Private,Vocational,Vocational Year 2,,lga,Akure South,South West,Ondo,Akure South,,,0,0,20,12,0,0.0,0.0,0.0
2022/2023,Female,disabled,Private,Vocational,Vocational Year 2,,lga,Odigbo,South West,Ondo,Odigbo,,,0,0,20,12,0,0.0,0.0,0.0
2022/2023,Female,disabled,Private,Vocational,Vocational Year 2,,lga,Ondo East,South West,Ondo,Ondo East,,,0,0,20,12,0,0.0,0.0,0.0
2022/2023,Female,disabled,Private,Vocational,Vocational Year 2,,lga,Ondo West,South West,Ondo,Ondo West,,,1,0,16,13,1,0.0625,0.0769,1.0
2022/2023,Female,disabled,Private,Vocational,Vocational Year 3,,lga,Akure North,South West,Ondo,Akure North,,,0,0,20,12,0,0.0,0.0,0.0
2022/2023,Female,disabled,Private,Vocational,Vocational Year 3,,lga,Akure South,South West,Ondo,Akure South,,,0,0,20,12,0,0.0,0.0,0.0
2022/2023,Female,disabled,Private,Vocational,Vocational Year 3,,lga,Odigbo,South West,Ondo,Odigbo,,,0,0,16,12,0,0.0,0.0,0.0
2022/2023,Female,disabled,Private,Vocational,Vocational Year 3,,lga,Ondo East,South West,Ondo,Ondo East,,,0,0,20,12,0,0.0,0.0,0.0
2022/2023,Female,disabled,Private,Vocational,Vocational Year 3,,lga,Ondo West,South West,Ondo,Ondo West,,,0,0,16,12,0,0.0,0.0,0.0
2022/2023,Female,disabled,Public,Adult & Non-Formal,IQS/IQTS Stage 1,,lga,Akure North,South West,Ondo,Akure North,,,11,0,20,52,22,0.55,0.2115,0.5
2022/2023,Female,disabled,Public,Adult & Non-Formal,IQS/IQTS Stage 1,,lga,Akure South,South West,Ondo,Akure South,,,13,0,24,53,21,0.5417,0.2453,0.619
2022/2023,Female,disabled,Public,Adult & Non-Formal,IQS/IQTS Stage 1,,lga,Odigbo,South West,Ondo,Odigbo,,,11,0,24,50,21,0.4583,0.22,0.5238
2022/2023,Female,disabled,Public,Adult & Non-Formal,IQS/IQTS Stage 1,,lga,Ondo East,South West,Ondo,Ondo East,,,10,0,20,49,20,0.5,0.2041,0.5
2022/2023,Female,disabled,Public,Adult & Non-Formal,IQS/IQTS Stage 1,,lga,Ondo West,South West,Ondo,Ondo West,,,11,0,24,52,21,0.4583,0.2115,0.5238
2022/2023,Female,disabled,Public,Adult & Non-Formal,IQS/IQTS Stage 2,,lga,Akure North,South West,Ondo,Akure North,,,9,0,24,42,17,0.375,0.2143,0.5294
2022/2023,Female,disabled,Public,Adult & Non-Formal,IQS/IQTS Stage 2,,lga,Akure South,South West,Ondo,Akure South,,,10,0,20,44,17,0.5,0.2273,0.5882
2022/2023,Female,disabled,Public,Adult & Non-Formal,IQS/IQTS Stage 2,,lga,Odigbo,South West,Ondo,Odigbo,,,9,0,24,41,15,0.375,0.2195,0.6
2022/2023,Female,disabled,Public,Adult & Non-Formal,IQS/IQTS Stage 2,,lga,Ondo East,South West,Ondo,Ondo East,,,8,0,20,40,15,0.4,0.2,0.5333
2022/2023,Female,disabled,Public,Adult & Non-Formal,IQS/IQTS Stage 2,,lga,Ondo West,South West,Ondo,Ondo West,,,9,0,20,43,18,0.45,0.2093,0.5
2022/2023,Female,disabled,Public,Adult & Non-Formal,IQS/IQTS Stage 3,,lga,Akure North,South West,Ondo,Akure North,,,4,0,24,27,9,0.1667,0.1481,0.4444
2022/2023,Female,disabled,Public,Adult & Non-Formal,IQS/IQTS Stage 3,,lga,Akure South,South West,Ondo,Akure South,,,5,0,24,27,9,0.2083,0.1852,0.5556
2022/2023,Female,disabled,Public,Adult & Non-Formal,IQS/IQTS Stage 3,,lga,Odigbo,South West,Ondo,Odigbo,,,5,0,24,26,8,0.2083,0.1923,0.625
2022/2023,Female,disabled,Public,Adult & Non-Formal,IQS/IQTS Stage 3,,lga,Ondo East,South West,Ondo,Ondo East,,,5,0,20,25,8,0.25,0.2,0.625
2022/2023,Female,disabled,Public,Adult & Non-Formal,IQS/IQTS Stage 3,,lga,Ondo West,South West,Ondo,Ondo West,,,4,0,24,25,8,0.1667,0.16,0.5
2022/2023,Female,disabled,Public,JSS,JSS1,JSS1,lga,Akure North,South West,Ondo,Akure North,,,80,0,88,138,63,0.9091,0.5797,1.2698
2022/2023,Female,disabled,Public,JSS,JSS1,JSS1,lga,Akure South,South West,Ondo,Akure South,,,82,0,84,135,61,0.9762,0.6074,1.3443
2022/2023,Female,disabled,Public,JSS,JSS1,JSS1,lga,Odigbo,South West,Ondo,Odigbo,,,72,0,84,135,61,0.8571,0.5333,1.1803
2022/2023,Female,disabled,Public,JSS,JSS1,JSS1,lga,Ondo East,South West,Ondo,Ondo East,,,79,0,76,126,56,1.0395,0.627,1.4107
2022/2023,Female,disabled,Public,JSS,JSS1,JSS1,lga,Ondo West,South West,Ondo,Ondo West,,,85,0,84,133,61,1.0119,0.6391,1.3934
2022/2023,Female,disabled,Public,JSS,JSS2,,lga,Akure North,South West,Ondo,Akure North,,,63,0,88,113,51,0.7159,0.5575,1.2353
2022/2023,Female,disabled,Public,JSS,JSS2,,lga,Akure South,South West,Ondo,Akure South,,,66,0,88,113,51,0.75,0.5841,1.2941
2022/2023,Female,disabled,Public,JSS,JSS2,,lga,Odigbo,South West,Ondo,Odigbo,,,60,0,84,112,52,0.7143,0.5357,1.1538
2022/2023,Female,disabled,Public,JSS,JSS2,,lga,Ondo East,South West,Ondo,Ondo East,,,64,0,76,104,48,0.8421,0.6154,1.3333
2022/2023,Female,disabled,Public,JSS,JSS2,,lga,Ondo West,South West,Ondo,Ondo West,,,69,0,84,111,50,0.8214,0.6216,1.38
2022/2023,Female,disabled,Public,JSS,JSS3,,lga,Akure North,South West,Ondo,Akure North,,,51,0,88,92,42,0.5795,0.5543,1.2143
2022/2023,Female,disabled,Public,JSS,JSS3,,lga,Akure South,South West,Ondo,Akure South,,,53,0,88,90,40,0.6023,0.5889,1.325
2022/2023,Female,disabled,Public,JSS,JSS3,,lga,Odigbo,South West,Ondo,Odigbo,,,49,0,84,90,41,0.5833,0.5444,1.1951
2022/2023,Female,disabled,Public,JSS,JSS3,,lga,Ondo East,South West,Ondo,Ondo East,,,50,0,84,83,38,0.5952,0.6024,1.3158
2022/2023,Female,disabled,Public,JSS,JSS3,,lga,Ondo West,South West,Ondo,Ondo West,,,55,0,88,88,40,0.625,0.625,1.375
2022/2023,Female,disabled,Public,Pre-Primary/Primary,Primary 1,Primary 1,lga,Akure North,South West,Ondo,Akure North,,,311,0,188,491,234,1.6543,0.6334,1.3291
2022/2023,Female,disabled,Public,Pre-Primary/Primary,Primary 1,Primary 1,lga,Akure South,South West,Ondo,Akure South,,,333,0,176,502,238,1.892,0.6633,1.3992
2022/2023,Female,disabled,Public,Pre-Primary/Primary,Primary 1,Primary 1,lga,Odigbo,South West,Ondo,Odigbo,,,298,0,160,450,212,1.8625,0.6622,1.4057
2022/2023,Female,disabled,Public,Pre-Primary/Primary,Primary 1,Primary 1,lga,Ondo East,South West,Ondo,Ondo East,,,281,0,160,454,214,1.7562,0.6189,1.3131
2022/2023,Female,disabled,Public,Pre-Primary/Primary,Primary 1,Primary 1,lga,Ondo West,South West,Ondo,Ondo West,,,296,0,180,465,222,1.6444,0.6366,1.3333
2022/2023,Female,disabled,Public,Pre-Primary/Primary,Primary 2,,lga,Akure North,South West,Ondo,Akure North,,,277,0,188,437,206,1.4734,0.6339,1.3447
2022/2023,Female,disabled,Public,Pre-Primary/Primary,Primary 2,,lga,Akure South,South West,Ondo,Akure South,,,294,0,184,446,212,1.5978,0.6592,1.3868
2022/2023,Female,disabled,Public,Pre-Primary/Primary,Primary 2,,lga,Odigbo,South West,Ondo,Odigbo,,,265,0,172,400,190,1.5407,0.6625,1.3947
2022/2023,Female,disabled,Public,Pre-Primary/Primary,Primary 2,,lga,Ondo East,South West,Ondo,Ondo East,,,248,0,164,402,190,1.5122,0.6169,1.3053
2022/2023,Female,disabled,Public,Pre-Primary/Primary,Primary 2,,lga,Ondo West,South West,Ondo,Ondo West,,,260,0,164,409,191,1.5854,0.6357,1.3613
2022/2023,Female,disabled,Public,Pre-Primary/Primary,Primary 3,,lga,Akure North,South West,Ondo,Akure North,,,249,0,176,392,186,1.4148,0.6352,1.3387
2022/2023,Female,disabled,Public,Pre-Primary/Primary,Primary 3,,lga,Akure South,South West,Ondo,Akure South,,,264,0,176,402,190,1.5,0.6567,1.3895
2022/2023,Female,disabled,Public,Pre-Primary/Primary,Primary 3,,lga,Odigbo,South West,Ondo,Odigbo,,,239,0,168,360,172,1.4226,0.6639,1.3895
2022/2023,Female,disabled,Public,Pre-Primary/Primary,Primary 3,,lga,Ondo East,South West,Ondo,Ondo East,,,224,0,160,360,169,1.4,0.6222,1.3254
2022/2023,Female,disabled,Public,Pre-Primary/Primary,Primary 3,,lga,Ondo West,South West,Ondo,Ondo West,,,235,0,172,368,173,1.3663,0.6386,1.3584
2022/2023,Female,disabled,Public,Pre-Primary/Primary,Primary 4,,lga,Akure North,South West,Ondo,Akure North,,,228,0,184,360,170,1.2391,0.6333,1.3412
2022/2023,Female,disabled,Public,Pre-Primary/Primary,Primary 4,,lga,Akure South,South West,Ondo,Akure South,,,242,0,184,368,175,1.3152,0.6576,1.3829
2022/2023,Female,disabled,Public,Pre-Primary/Primary,Primary 4,,lga,Odigbo,South West,Ondo,Odigbo,,,217,0,168,329,156,1.2917,0.6596,1.391
2022/2023,Female,disabled,Public,Pre-Primary/Primary,Primary 4,,lga,Ondo East,South West,Ondo,Ondo East,,,203,0,164,331,156,1.2378,0.6133,1.3013
2022/2023,Female,disabled,Public,Pre-Primary/Primary,Primary 4,,lga,Ondo West,South West,Ondo,Ondo West,,,215,0,180,337,158,1.1944,0.638,1.3608
2022/2023,Female,disabled,Public,Pre-Primary/Primary,Primary 5,,lga,Akure North,South West,Ondo,Akure North,,,213,0,180,334,156,1.1833,0.6377,1.3654
2022/2023,Female,disabled,Public,Pre-Primary/Primary,Primary 5,,lga,Akure South,South West,Ondo,Akure South,,,226,0,176,343,160,1.2841,0.6589,1.4125
2022/2023,Female,disabled,Public,Pre-Primary/Primary,Primary 5,,lga,Odigbo,South West,Ondo,Odigbo,,,203,0,172,307,145,1.1802,0.6612,1.4
2022/2023,Female,disabled,Public,Pre-Primary/Primary,Primary 5,,lga,Ondo East,South West,Ondo,Ondo East,,,191,0,164,311,147,1.1646,0.6141,1.2993
2022/2023,Female,disabled,Public,Pre-Primary/Primary,Primary 5,,lga,Ondo West,South West,Ondo,Ondo West,,,201,0,172,317,149,1.1686,0.6341,1.349
2022/2023,Female,disabled,Public,Pre-Primary/Primary,Primary 6,,lga,Akure North,South West,Ondo,Akure North,,,191,0,184,303,141,1.038,0.6304,1.3546
2022/2023,Female,disabled,Public,Pre-Primary/Primary,Primary 6,,lga,Akure South,South West,Ondo,Akure South,,,204,0,188,307,143,1.0851,0.6645,1.4266
2022/2023,Female,disabled,Public,Pre-Primary/Primary,Primary 6,,lga,Odigbo,South West,Ondo,Odigbo,,,185,0,172,279,131,1.0756,0.6631,1.4122
2022/2023,Female,disabled,Public,Pre-Primary/Primary,Primary 6,,lga,Ondo East,South West,Ondo,Ondo East,,,174,0,172,281,133,1.0116,0.6192,1.3083
2022/2023,Female,disabled,Public,Pre-Primary/Primary,Primary 6,,lga,Ondo West,South West,Ondo,Ondo West,,,183,0,172,286,134,1.064,0.6399,1.3657
2022/2023,Female,disabled,Public,SSS,SSS1,SSS1,lga,Akure North,South West,Ondo,Akure North,,,35,1,76,99,45,0.4605,0.3535,0.7778
2022/2023,Female,disabled,Public,SSS,SSS1,SSS1,lga,Akure South,South West,Ondo,Akure South,,,35,1,68,92,41,0.5147,0.3804,0.8537
2022/2023,Female,disabled,Public,SSS,SSS1,SSS1,lga,Odigbo,South West,Ondo,Odigbo,,,31,1,68,92,42,0.4559,0.337,0.7381
2022/2023,Female,disabled,Public,SSS,SSS1,SSS1,lga,Ondo East,South West,Ondo,Ondo East,,,31,3,64,84,37,0.4844,0.369,0.8378
2022/2023,Female,disabled,Public,SSS,SSS1,SSS1,lga,Ondo West,South West,Ondo,Ondo West,,,30,1,68,93,42,0.4412,0.3226,0.7143
2022/2023,Female,disabled,Public,SSS,SSS2,,lga,Akure North,South West,Ondo,Akure North,,,29,1,76,81,37,0.3816,0.358,0.7838
2022/2023,Female,disabled,Public,SSS,SSS2,,lga,Akure South,South West,Ondo,Akure South,,,26,1,68,76,34,0.3824,0.3421,0.7647
2022/2023,Female,disabled,Public,SSS,SSS2,,lga,Odigbo,South West,Ondo,Odigbo,,,24,0,68,75,33,0.3529,0.32,0.7273
2022/2023,Female,disabled,Public,SSS,SSS2,,lga,Ondo East,South West,Ondo,Ondo East,,,23,0,60,69,31,0.3833,0.3333,0.7419
2022/2023,Female,disabled,Public,SSS,SSS2,,lga,Ondo West,South West,Ondo,Ondo West,,,26,1,72,76,35,0.3611,0.3421,0.7429
2022/2023,Female,disabled,Public,SSS,SSS3,,lga,Akure North,South West,Ondo,Akure North,,,21,1,80,64,28,0.2625,0.3281,0.75
2022/2023,Female,disabled,Public,SSS,SSS3,,lga,Akure South,South West,Ondo,Akure South,,,22,0,68,60,26,0.3235,0.3667,0.8462
2022/2023,Female,disabled,Public,SSS,SSS3,,lga,Odigbo,South West,Ondo,Odigbo,,,19,0,68,60,26,0.2794,0.3167,0.7308
2022/2023,Female,disabled,Public,SSS,SSS3,,lga,Ondo East,South West,Ondo,Ondo East,,,19,0,60,55,23,0.3167,0.3455,0.8261
2022/2023,Female,disabled,Public,SSS,SSS3,,lga,Ondo West,South West,Ondo,Ondo West,,,18,0,72,61,27,0.25,0.2951,0.6667
2022/2023,Female,disabled,Public,Vocational,Vocational Year 1,,lga,Akure North,South West,Ondo,Akure North,,,1,0,28,14,2,0.0357,0.0714,0.5
2022/2023,Female,disabled,Public,Vocational,Vocational Year 1,,lga,Akure South,South West,Ondo,Akure South,,,1,0,24,13,1,0.0417,0.0769,1.0
2022/2023,Female,disabled,Public,Vocational,Vocational Year 1,,lga,Odigbo,South West,Ondo,Odigbo,,,1,0,24,15,3,0.0417,0.0667,0.3333
2022/2023,Female,disabled,Public,Vocational,Vocational Year 1,,lga,Ondo East,South West,Ondo,Ondo East,,,2,0,20,14,2,0.1,0.1429,1.0
2022/2023,Female,disabled,Public,Vocational,Vocational Year 1,,lga,Ondo West,South West,Ondo,Ondo West,,,1,0,20,13,1,0.05,0.0769,1.0
2022/2023,Female,disabled,Public,Vocational,Vocational Year 2,,lga,Akure North,South West,Ondo,Akure North,,,1,0,28,13,1,0.0357,0.0769,1.0
2022/2023,Female,disabled,Public,Vocational,Vocational Year 2,,lga,Akure South,South West,Ondo,Akure South,,,0,0,24,13,1,0.0,0.0,0.0
2022/2023,Female,disabled,Public,Vocational,Vocational Year 2,,lga,Odigbo,South West,Ondo,Odigbo,,,0,0,24,14,2,0.0,0.0,0.0
2022/2023,Female,disabled,Public,Vocational,Vocational Year 2,,lga,Ondo East,South West,Ondo,Ondo East,,,1,0,20,13,1,0.05,0.0769,1.0
2022/2023,Female,disabled,Public,Vocational,Vocational Year 2,,lga,Ondo West,South West,Ondo,Ondo West,,,1,0,24,13,1,0.0417,0.0769,1.0
2022/2023,Female,disabled,Public,Vocational,Vocational Year 3,,lga,Akure North,South West,Ondo,Akure North,,,0,0,24,12,0,0.0,0.0,0.0
2022/2023,Female,disabled,Public,Vocational,Vocational Year 3,,lga,Akure South,South West,Ondo,Akure South,,,0,0,28,12,0,0.0,0.0,0.0
2022/2023,Female,disabled,Public,Vocational,Vocational Year 3,,lga,Odigbo,South West,Ondo,Odigbo,,,0,0,24,12,0,0.0,0.0,0.0
2022/2023,Female,disabled,Public,Vocational,Vocational Year 3,,lga,Ondo East,South West,Ondo,Ondo East,,,0,0,20,12,0,0.0,0.0,0.0
2022/2023,Female,disabled,Public,Vocational,Vocational Year 3,,lga,Ondo West,South West,Ondo,Ondo West,,,0,0,20,13,1,0.0,0.0,0.0
2022/2023,Male,all,Private,Adult & Non-Formal,IQS/IQTS Stage 1,,lga,Akure North,South West,Ondo,Akure North,,,466,0,12,38,15,38.8333,12.2632,31.0667
2022/2023,Male,all,Private,Adult & Non-Formal,IQS/IQTS Stage 1,,lga,Akure South,South West,Ondo,Akure South,,,415,0,12,34,12,34.5833,12.2059,34.5833
2022/2023,Male,all,Private,Adult & Non-Formal,IQS/IQTS Stage 1,,lga,Odigbo,South West,Ondo,Odigbo,,,467,0,12,39,14,38.9167,11.9744,33.3571
2022/2023,Male,all,Private,Adult & Non-Formal,IQS/IQTS Stage 1,,lga,Ondo East,South West,Ondo,Ondo East,,,432,0,12,35,13,36.0,12.3429,33.2308
2022/2023,Male,all,Private,Adult & Non-Formal,IQS/IQTS Stage 1,,lga,Ondo West,South West,Ondo,Ondo West,,,444,0,16,34,12,27.75,13.0588,37.0
2022/2023,Male,all,Private,Adult & Non-Formal,IQS/IQTS Stage 2,,lga,Akure North,South West,Ondo,Akure North,,,362,0,16,30,11,22.625,12.0667,32.9091
2022/2023,Male,all,Private,Adult & Non-Formal,IQS/IQTS Stage 2,,lga,Akure South,South West,Ondo,Akure South,,,322,0,16,28,10,20.125,11.5,32.2
2022/2023,Male,all,Private,Adult & Non-Formal,IQS/IQTS Stage 2,,lga,Odigbo,South West,Ondo,Odigbo,,,363,0,12,31,11,30.25,11.7097,33.0
2022/2023,Male,all,Private,Adult & Non-Formal,IQS/IQTS Stage 2,,lga,Ondo East,South West,Ondo,Ondo East,,,337,0,12,28,9,28.0833,12.0357,37.4444
2022/2023,Male,all,Private,Adult & Non-Formal,IQS/IQTS Stage 2,,lga,Ondo West,South West,Ondo,Ondo West,,,347,0,16,30,10,21.6875,11.5667,34.7
2022/2023,Male,all,Private,Adult & Non-Formal,IQS/IQTS Stage 3,,lga,Akure North,South West,Ondo,Akure North,,,197,0,16,19,6,12.3125,10.3684,32.8333
2022/2023,Male,all,Private,Adult & Non-Formal,IQS/IQTS Stage 3,,lga,Akure South,South West,Ondo,Akure South,,,176,0,12,17,4,14.6667,10.3529,44.0
2022/2023,Male,all,Private,Adult & Non-Formal,IQS/IQTS Stage 3,,lga,Odigbo,South West,Ondo,Odigbo,,,201,0,12,20,6,16.75,10.05,33.5
2022/2023,Male,all,Private,Adult & Non-Formal,IQS/IQTS Stage 3,,lga,Ondo East,South West,Ondo,Ondo East,,,185,0,12,19,5,15.4167,9.7368,37.0
2022/2023,Male,all,Private,Adult & Non-Formal,IQS/IQTS Stage 3,,lga,Ondo West,South West,Ondo,Ondo West,,,190,0,16,18,4,11.875,10.5556,47.5
2022/2023,Male,all,Private,JSS,JSS1,JSS1,lga,Akure North,South West,Ondo,Akure North,,,1022,0,28,49,21,36.5,20.8571,48.6667
2022/2023,Male,all,Private,JSS,JSS1,JSS1,lga,Akure South,South West,Ondo,Akure South,,,942,0,28,46,18,33.6429,20.4783,52.3333
2022/2023,Male,all,Private,JSS,JSS1,JSS1,lga,Odigbo,South West,Ondo,Odigbo,,,951,0,28,47,18,33.9643,20.234,52.8333
2022/2023,Male,all,Private,JSS,JSS1,JSS1,lga,Ondo East,South West,Ondo,Ondo East,,,959,0,32,48,20,29.9688,19.9792,47.95
2022/2023,Male,all,Private,JSS,JSS1,JSS1,lga,Ondo West,South West,Ondo,Ondo West,,,1005,0,32,48,19,31.4062,20.9375,52.8947
2022/2023,Male,all,Private,JSS,JSS2,,lga,Akure North,South West,Ondo,Akure North,,,837,0,32,41,16,26.1562,20.4146,52.3125
2022/2023,Male,all,Private,JSS,JSS2,,lga,Akure South,South West,Ondo,Akure South,,,775,0,28,39,15,27.6786,19.8718,51.6667
2022/2023,Male,all,Private,JSS,JSS2,,lga,Odigbo,South West,Ondo,Odigbo,,,780,0,28,40,16,27.8571,19.5,48.75
2022/2023,Male,all,Private,JSS,JSS2,,lga,Ondo East,South West,Ondo,Ondo East,,,786,0,24,41,16,32.75,19.1707,49.125
2022/2023,Male,all,Private,JSS,JSS2,,lga,Ondo West,South West,Ondo,Ondo West,,,826,0,32,40,16,25.8125,20.65,51.625
2022/2023,Male,all,Private,JSS,JSS3,,lga,Akure North,South West,Ondo,Akure North,,,668,0,32,34,12,20.875,19.6471,55.6667
2022/2023,Male,all,Private,JSS,JSS3,,lga,Akure South,South West,Ondo,Akure South,,,616,0,24,33,12,25.6667,18.6667,51.3333
2022/2023,Male,all,Private,JSS,JSS3,,lga,Odigbo,South West,Ondo,Odigbo,,,621,0,28,32,11,22.1786,19.4062,56.4545
2022/2023,Male,all,Private,JSS,JSS3,,lga,Ondo East,South West,Ondo,Ondo East,,,625,0,24,34,12,26.0417,18.3824,52.0833
2022/2023,Male,all,Private,JSS,JSS3,,lga,Ondo West,South West,Ondo,Ondo West,,,658,0,32,34,12,20.5625,19.3529,54.8333
2022/2023,Male,all,Private,Pre-Primary/Primary,Primary 1,Primary 1,lga,Akure North,South West,Ondo,Akure North,,,2865,0,48,144,64,59.6875,19.8958,44.7656
2022/2023,Male,all,Private,Pre-Primary/Primary,Primary 1,Primary 1,lga,Akure South,South West,Ondo,Akure South,,,2364,0,44,116,53,53.7273,20.3793,44.6038
2022/2023,Male,all,Private,Pre-Primary/Primary,Primary 1,Primary 1,lga,Odigbo,South West,Ondo,Odigbo,,,3350,0,64,166,75,52.3438,20.1807,44.6667
2022/2023,Male,all,Private,Pre-Primary/Primary,Primary 1,Primary 1,lga,Ondo East,South West,Ondo,Ondo East,,,2773,0,48,137,62,57.7708,20.2409,44.7258
2022/2023,Male,all,Private,Pre-Primary/Primary,Primary 1,Primary 1,lga,Ondo West,South West,Ondo,Ondo West,,,3100,0,56,154,70,55.3571,20.1299,44.2857
2022/2023,Male,all,Private,Pre-Primary/Primary,Primary 2,,lga,Akure North,South West,Ondo,Akure North,,,2546,0,52,130,59,48.9615,19.5846,43.1525
2022/2023,Male,all,Private,Pre-Primary/Primary,Primary 2,,lga,Akure South,South West,Ondo,Akure South,,,2097,0,44,105,48,47.6591,19.9714,43.6875
2022/2023,Male,all,Private,Pre-Primary/Primary,Primary 2,,lga,Odigbo,South West,Ondo,Odigbo,,,2976,0,60,148,67,49.6,20.1081,44.4179
2022/2023,Male,all,Private,Pre-Primary/Primary,Primary 2,,lga,Ondo East,South West,Ondo,Ondo East,,,2462,0,48,123,55,51.2917,20.0163,44.7636
2022/2023,Male,all,Private,Pre-Primary/Primary,Primary 2,,lga,Ondo West,South West,Ondo,Ondo West,,,2751,0,56,139,65,49.125,19.7914,42.3231
2022/2023,Male,all,Private,Pre-Primary/Primary,Primary 3,,lga,Akure North,South West,Ondo,Akure North,,,2289,0,48,117,53,47.6875,19.5641,43.1887
2022/2023,Male,all,Private,Pre-Primary/Primary,Primary 3,,lga,Akure South,South West,Ondo,Akure South,,,1888,0,44,93,42,42.9091,20.3011,44.9524
2022/2023,Male,all,Private,Pre-Primary/Primary,Primary 3,,lga,Odigbo,South West,Ondo,Odigbo,,,2675,0,60,134,61,44.5833,19.9627,43.8525
2022/2023,Male,all,Private,Pre-Primary/Primary,Primary 3,,lga,Ondo East,South West,Ondo,Ondo East,,,2215,0,48,110,50,46.1458,20.1364,44.3
2022/2023,Male,all,Private,Pre-Primary/Primary,Primary 3,,lga,Ondo West,South West,Ondo,Ondo West,,,2473,0,56,125,57,44.1607,19.784,43.386
2022/2023,Male,all,Private,Pre-Primary/Primary,Primary 4,,lga,Akure North,South West,Ondo,Akure North,,,2092,0,48,107,49,43.5833,19.5514,42.6939
2022/2023,Male,all,Private,Pre-Primary/Primary,Primary 4,,lga,Akure South,South West,Ondo,Akure South,,,1724,0,44,85,38,39.1818,20.2824,45.3684
2022/2023,Male,all,Private,Pre-Primary/Primary,Primary 4,,lga,Odigbo,South West,Ondo,Odigbo,,,2445,0,60,123,56,40.75,19.878,43.6607
2022/2023,Male,all,Private,Pre-Primary/Primary,Primary 4,,lga,Ondo East,South West,Ondo,Ondo East,,,2023,0,48,101,46,42.1458,20.0297,43.9783
2022/2023,Male,all,Private,Pre-Primary/Primary,Primary 4,,lga,Ondo West,South West,Ondo,Ondo West,,,2260,0,56,114,52,40.3571,19.8246,43.4615
2022/2023,Male,all,Private,Pre-Primary/Primary,Primary 5,,lga,Akure North,South West,Ondo,Akure North,,,1958,0,56,101,46,34.9643,19.3861,42.5652
2022/2023,Male,all,Private,Pre-Primary/Primary,Primary 5,,lga,Akure South,South West,Ondo,Akure South,,,1615,0,40,82,37,40.375,19.6951,43.6486
2022/2023,Male,all,Private,Pre-Primary/Primary,Primary 5,,lga,Odigbo,South West,Ondo,Odigbo,,,2288,0,60,115,54,38.1333,19.8957,42.3704
2022/2023,Male,all,Private,Pre-Primary/Primary,Primary 5,,lga,Ondo East,South West,Ondo,Ondo East,,,1894,0,52,95,44,36.4231,19.9368,43.0455
2022/2023,Male,all,Private,Pre-Primary/Primary,Primary 5,,lga,Ondo West,South West,Ondo,Ondo West,,,2116,0,52,107,47,40.6923,19.7757,45.0213
2022/2023,Male,all,Private,Pre-Primary/Primary,Primary 6,,lga,Akure North,South West,Ondo,Akure North,,,1772,0,56,91,41,31.6429,19.4725,43.2195
2022/2023,Male,all,Private,Pre-Primary/Primary,Primary 6,,lga,Akure South,South West,Ondo,Akure South,,,1461,0,44,75,33,33.2045,19.48,44.2727
2022/2023,Male,all,Private,Pre-Primary/Primary,Primary 6,,lga,Odigbo,South West,Ondo,Odigbo,,,2067,0,64,104,48,32.2969,19.875,43.0625
2022/2023,Male,all,Private,Pre-Primary/Primary,Primary 6,,lga,Ondo East,South West,Ondo,Ondo East,,,1713,0,48,88,39,35.6875,19.4659,43.9231
2022/2023,Male,all,Private,Pre-Primary/Primary,Primary 6,,lga,Ondo West,South West,Ondo,Ondo West,,,1911,0,56,98,46,34.125,19.5,41.5435
2022/2023,Male,all,Private,SSS,SSS1,SSS1,lga,Akure North,South West,Ondo,Akure North,,,973,3,32,47,19,30.4062,20.7021,51.2105
2022/2023,Male,all,Private,SSS,SSS1,SSS1,lga,Akure South,South West,Ondo,Akure South,,,973,3,36,50,20,27.0278,19.46,48.65
2022/2023,Male,all,Private,SSS,SSS1,SSS1,lga,Odigbo,South West,Ondo,Odigbo,,,1057,3,36,50,20,29.3611,21.14,52.85
2022/2023,Male,all,Private,SSS,SSS1,SSS1,lga,Ondo East,South West,Ondo,Ondo East,,,1061,3,40,53,21,26.525,20.0189,50.5238
2022/2023,Male,all,Private,SSS,SSS1,SSS1,lga,Ondo West,South West,Ondo,Ondo West,,,987,4,32,49,19,30.8438,20.1429,51.9474
2022/2023,Male,all,Private,SSS,SSS2,,lga,Akure North,South West,Ondo,Akure North,,,782,3,32,38,15,24.4375,20.5789,52.1333
2022/2023,Male,all,Private,SSS,SSS2,,lga,Akure South,South West,Ondo,Akure South,,,782,3,36,42,18,21.7222,18.619,43.4444
2022/2023,Male,all,Private,SSS,SSS2,,lga,Odigbo,South West,Ondo,Odigbo,,,852,3,36,41,16,23.6667,20.7805,53.25
2022/2023,Male,all,Private,SSS,SSS2,,lga,Ondo East,South West,Ondo,Ondo East,,,851,3,36,42,16,23.6389,20.2619,53.1875
2022/2023,Male,all,Private,SSS,SSS2,,lga,Ondo West,South West,Ondo,Ondo West,,,794,3,36,40,16,22.0556,19.85,49.625
2022/2023,Male,all,Private,SSS,SSS3,,lga,Akure North,South West,Ondo,Akure North,,,605,3,32,32,11,18.9062,18.9062,55.0
2022/2023,Male,all,Private,SSS,SSS3,,lga,Akure South,South West,Ondo,Akure South,,,610,3,36,32,12,16.9444,19.0625,50.8333
2022/2023,Male,all,Private,SSS,SSS3,,lga,Odigbo,South West,Ondo,Odigbo,,,663,3,36,33,12,18.4167,20.0909,55.25
2022/2023,Male,all,Private,SSS,SSS3,,lga,Ondo East,South West,Ondo,Ondo East,,,661,3,36,35,13,18.3611,18.8857,50.8462
2022/2023,Male,all,Private,SSS,SSS3,,lga,Ondo West,South West,Ondo,Ondo West,,,619,3,32,32,10,19.3438,19.3438,61.9
2022/2023,Male,all,Private,Vocational,Vocational Year 1,,lga,Akure North,South West,Ondo,Akure North,,,117,0,20,13,1,5.85,9.0,117.0
2022/2023,Male,all,Private,Vocational,Vocational Year 1,,lga,Akure South,South West,Ondo,Akure South,,,112,0,16,13,1,7.0,8.6154,112.0
2022/2023,Male,all,Private,Vocational,Vocational Year 1,,lga,Odigbo,South West,Ondo,Odigbo,,,103,0,16,13,1,6.4375,7.9231,103.0
2022/2023,Male,all,Private,Vocational,Vocational Year 1,,lga,Ondo East,South West,Ondo,Ondo East,,,110,0,20,14,2,5.5,7.8571,55.0
2022/2023,Male,all,Private,Vocational,Vocational Year 1,,lga,Ondo West,South West,Ondo,Ondo West,,,115,0,16,13,1,7.1875,8.8462,115.0
2022/2023,Male,all,Private,Vocational,Vocational Year 2,,lga,Akure North,South West,Ondo,Akure North,,,99,0,20,12,0,4.95,8.25,0.0
2022/2023,Male,all,Private,Vocational,Vocational Year 2,,lga,Akure South,South West,Ondo,Akure South,,,96,0,20,12,0,4.8,8.0,0.0
2022/2023,Male,all,Private,Vocational,Vocational Year 2,,lga,Odigbo,South West,Ondo,Odigbo,,,87,0,20,12,0,4.35,7.25,0.0
2022/2023,Male,all,Private,Vocational,Vocational Year 2,,lga,Ondo East,South West,Ondo,Ondo East,,,93,0,20,12,0,4.65,7.75,0.0
2022/2023,Male,all,Private,Vocational,Vocational Year 2,,lga,Ondo West,South West,Ondo,Ondo West,,,97,0,16,13,1,6.0625,7.4615,97.0
2022/2023,Male,all,Private,Vocational,Vocational Year 3,,lga,Akure North,South West,Ondo,Akure North,,,71,0,20,12,0,3.55,5.9167,0.0
2022/2023,Male,all,Private,Vocational,Vocational Year 3,,lga,Akure South,South West,Ondo,Akure South,,,70,0,20,12,0,3.5,5.8333,0.0
2022/2023,Male,all,Private,Vocational,Vocational Year 3,,lga,Odigbo,South West,Ondo,Odigbo,,,63,0,16,12,0,3.9375,5.25,0.0
2022/2023,Male,all,Private,Vocational,Vocational Year 3,,lga,Ondo East,South West,Ondo,Ondo East,,,68,0,20,12,0,3.4,5.6667,0.0
2022/2023,Male,all,Private,Vocational,Vocational Year 3,,lga,Ondo West,South West,Ondo,Ondo West,,,71,0,16,12,0,4.4375,5.9167,0.0
2022/2023,Male,all,Public,Adult & Non-Formal,IQS/IQTS Stage 1,,lga,Akure North,South West,Ondo,Akure North,,,678,0,20,52,22,33.9,13.0385,30.8182
2022/2023,Male,all,Public,Adult & Non-Formal,IQS/IQTS Stage 1,,lga,Akure South,South West,Ondo,Akure South,,,716,0,24,53,21,29.8333,13.5094,34.0952
2022/2023,Male,all,Public,Adult & Non-Formal,IQS/IQTS Stage 1,,lga,Odigbo,South West,Ondo,Odigbo,,,643,0,24,50,21,26.7917,12.86,30.619
2022/2023,Male,all,Public,Adult & Non-Formal,IQS/IQTS Stage 1,,lga,Ondo East,South West,Ondo,Ondo East,,,657,0,20,49,20,32.85,13.4082,32.85
2022/2023,Male,all,Public,Adult & Non-Formal,IQS/IQTS Stage 1,,lga,Ondo West,South West,Ondo,Ondo West,,,667,0,24,52,21,27.7917,12.8269,31.7619
2022/2023,Male,all,Public,Adult & Non-Formal,IQS/IQTS Stage 2,,lga,Akure North,South West,Ondo,Akure North,,,527,0,24,42,17,21.9583,12.5476,31.0
2022/2023,Male,all,Public,Adult & Non-Formal,IQS/IQTS Stage 2,,lga,Akure South,South West,Ondo,Akure South,,,556,0,20,44,17,27.8,12.6364,32.7059
2022/2023,Male,all,Public,Adult & Non-Formal,IQS/IQTS Stage 2,,lga,Odigbo,South West,Ondo,Odigbo,,,500,0,24,41,15,20.8333,12.1951,33.3333
2022/2023,Male,all,Public,Adult & Non-Formal,IQS/IQTS Stage 2,,lga,Ondo East,South West,Ondo,Ondo East,,,511,0,20,40,15,25.55,12.775,34.0667
2022/2023,Male,all,Public,Adult & Non-Formal,IQS/IQTS Stage 2,,lga,Ondo West,South West,Ondo,Ondo West,,,517,0,20,43,18,25.85,12.0233,28.7222
2022/2023,Male,all,Public,Adult & Non-Formal,IQS/IQTS Stage 3,,lga,Akure North,South West,Ondo,Akure North,,,288,0,24,27,9,12.0,10.6667,32.0
2022/2023,Male,all,Public,Adult & Non-Formal,IQS/IQTS Stage 3,,lga,Akure South,South West,Ondo,Akure South,,,305,0,24,27,9,12.7083,11.2963,33.8889
2022/2023,Male,all,Public,Adult & Non-Formal,IQS/IQTS Stage 3,,lga,Odigbo,South West,Ondo,Odigbo,,,275,0,24,26,8,11.4583,10.5769,34.375
2022/2023,Male,all,Public,Adult & Non-Formal,IQS/IQTS Stage 3,,lga,Ondo East,South West,Ondo,Ondo East,,,280,0,20,25,8,14.0,11.2,35.0
2022/2023,Male,all,Public,Adult & Non-Formal,IQS/IQTS Stage 3,,lga,Ondo West,South West,Ondo,Ondo West,,,285,0,24,25,8,11.875,11.4,35.625
2022/2023,Male,all,Public,JSS,JSS1,JSS1,lga,Akure North,South West,Ondo,Akure North,,,3102,0,88,138,63,35.25,22.4783,49.2381
2022/2023,Male,all,Public,JSS,JSS1,JSS1,lga,Akure South,South West,Ondo,Akure South,,,3082,0,84,135,61,36.6905,22.8296,50.5246
2022/2023,Male,all,Public,JSS,JSS1,JSS1,lga,Odigbo,South West,Ondo,Odigbo,,,3072,0,84,135,61,36.5714,22.7556,50.3607
2022/2023,Male,all,Public,JSS,JSS1,JSS1,lga,Ondo East,South West,Ondo,Ondo East,,,2819,0,76,126,56,37.0921,22.373,50.3393
2022/2023,Male,all,Public,JSS,JSS1,JSS1,lga,Ondo West,South West,Ondo,Ondo West,,,2958,0,84,133,61,35.2143,22.2406,48.4918
2022/2023,Male,all,Public,JSS,JSS2,,lga,Akure North,South West,Ondo,Akure North,,,2549,0,88,113,51,28.9659,22.5575,49.9804
2022/2023,Male,all,Public,JSS,JSS2,,lga,Akure South,South West,Ondo,Akure South,,,2528,0,88,113,51,28.7273,22.3717,49.5686
2022/2023,Male,all,Public,JSS,JSS2,,lga,Odigbo,South West,Ondo,Odigbo,,,2519,0,84,112,52,29.9881,22.4911,48.4423
2022/2023,Male,all,Public,JSS,JSS2,,lga,Ondo East,South West,Ondo,Ondo East,,,2311,0,76,104,48,30.4079,22.2212,48.1458
2022/2023,Male,all,Public,JSS,JSS2,,lga,Ondo West,South West,Ondo,Ondo West,,,2428,0,84,111,50,28.9048,21.8739,48.56
2022/2023,Male,all,Public,JSS,JSS3,,lga,Akure North,South West,Ondo,Akure North,,,2032,0,88,92,42,23.0909,22.087,48.381
2022/2023,Male,all,Public,JSS,JSS3,,lga,Akure South,South West,Ondo,Akure South,,,2017,0,88,90,40,22.9205,22.4111,50.425
2022/2023,Male,all,Public,JSS,JSS3,,lga,Odigbo,South West,Ondo,Odigbo,,,2011,0,84,90,41,23.9405,22.3444,49.0488
2022/2023,Male,all,Public,JSS,JSS3,,lga,Ondo East,South West,Ondo,Ondo East,,,1843,0,84,83,38,21.9405,22.2048,48.5
2022/2023,Male,all,Public,JSS,JSS3,,lga,Ondo West,South West,Ondo,Ondo West,,,1935,0,88,88,40,21.9886,21.9886,48.375
2022/2023,Male,all,Public,Pre-Primary/Primary,Primary 1,Primary 1,lga,Akure North,South West,Ondo,Akure North,,,10184,0,188,491,234,54.1702,20.7413,43.5214
2022/2023,Male,all,Public,Pre-Primary/Primary,Primary 1,Primary 1,lga,Akure South,South West,Ondo,Akure South,,,10160,0,176,502,238,57.7273,20.239,42.6891
2022/2023,Male,all,Public,Pre-Primary/Primary,Primary 1,Primary 1,lga,Odigbo,South West,Ondo,Odigbo,,,9232,0,160,450,212,57.7,20.5156,43.5472
2022/2023,Male,all,Public,Pre-Primary/Primary,Primary 1,Primary 1,lga,Ondo East,South West,Ondo,Ondo East,,,9563,0,160,454,214,59.7688,21.0639,44.6869
2022/2023,Male,all,Public,Pre-Primary/Primary,Primary 1,Primary 1,lga,Ondo West,South West,Ondo,Ondo West,,,9392,0,180,465,222,52.1778,20.1978,42.3063
2022/2023,Male,all,Public,Pre-Primary/Primary,Primary 2,,lga,Akure North,South West,Ondo,Akure North,,,9043,0,188,437,206,48.1011,20.6934,43.8981
2022/2023,Male,all,Public,Pre-Primary/Primary,Primary 2,,lga,Akure South,South West,Ondo,Akure South,,,9021,0,184,446,212,49.0272,20.2265,42.5519
2022/2023,Male,all,Public,Pre-Primary/Primary,Primary 2,,lga,Odigbo,South West,Ondo,Odigbo,,,8196,0,172,400,190,47.6512,20.49,43.1368
2022/2023,Male,all,Public,Pre-Primary/Primary,Primary 2,,lga,Ondo East,South West,Ondo,Ondo East,,,8494,0,164,402,190,51.7927,21.1294,44.7053
2022/2023,Male,all,Public,Pre-Primary/Primary,Primary 2,,lga,Ondo West,South West,Ondo,Ondo West,,,8338,0,164,409,191,50.8415,20.3863,43.6545
2022/2023,Male,all,Public,Pre-Primary/Primary,Primary 3,,lga,Akure North,South West,Ondo,Akure North,,,8131,0,176,392,186,46.1989,20.7423,43.7151
2022/2023,Male,all,Public,Pre-Primary/Primary,Primary 3,,lga,Akure South,South West,Ondo,Akure South,,,8111,0,176,402,190,46.0852,20.1766,42.6895
2022/2023,Male,all,Public,Pre-Primary/Primary,Primary 3,,lga,Odigbo,South West,Ondo,Odigbo,,,7369,0,168,360,172,43.8631,20.4694,42.843
2022/2023,Male,all,Public,Pre-Primary/Primary,Primary 3,,lga,Ondo East,South West,Ondo,Ondo East,,,7635,0,160,360,169,47.7188,21.2083,45.1775
2022/2023,Male,all,Public,Pre-Primary/Primary,Primary 3,,lga,Ondo West,South West,Ondo,Ondo West,,,7496,0,172,368,173,43.5814,20.3696,43.3295
2022/2023,Male,all,Public,Pre-Primary/Primary,Primary 4,,lga,Akure North,South West,Ondo,Akure North,,,7431,0,184,360,170,40.3859,20.6417,43.7118
2022/2023,Male,all,Public,Pre-Primary/Primary,Primary 4,,lga,Akure South,South West,Ondo,Akure South,,,7412,0,184,368,175,40.2826,20.1413,42.3543
2022/2023,Male,all,Public,Pre-Primary/Primary,Primary 4,,lga,Odigbo,South West,Ondo,Odigbo,,,6738,0,168,329,156,40.1071,20.4802,43.1923
2022/2023,Male,all,Public,Pre-Primary/Primary,Primary 4,,lga,Ondo East,South West,Ondo,Ondo East,,,6977,0,164,331,156,42.5427,21.0785,44.7244
2022/2023,Male,all,Public,Pre-Primary/Primary,Primary 4,,lga,Ondo West,South West,Ondo,Ondo West,,,6852,0,180,337,158,38.0667,20.3323,43.3671
2022/2023,Male,all,Public,Pre-Primary/Primary,Primary 5,,lga,Akure North,South West,Ondo,Akure North,,,6958,0,180,334,156,38.6556,20.8323,44.6026
2022/2023,Male,all,Public,Pre-Primary/Primary,Primary 5,,lga,Akure South,South West,Ondo,Akure South,,,6942,0,176,343,160,39.4432,20.2391,43.3875
2022/2023,Male,all,Public,Pre-Primary/Primary,Primary 5,,lga,Odigbo,South West,Ondo,Odigbo,,,6307,0,172,307,145,36.6686,20.544,43.4966
2022/2023,Male,all,Public,Pre-Primary/Primary,Primary 5,,lga,Ondo East,South West,Ondo,Ondo East,,,6532,0,164,311,147,39.8293,21.0032,44.4354
2022/2023,Male,all,Public,Pre-Primary/Primary,Primary 5,,lga,Ondo West,South West,Ondo,Ondo West,,,6417,0,172,317,149,37.3081,20.2429,43.0671
2022/2023,Male,all,Public,Pre-Primary/Primary,Primary 6,,lga,Akure North,South West,Ondo,Akure North,,,6290,0,184,303,141,34.1848,20.7591,44.6099
2022/2023,Male,all,Public,Pre-Primary/Primary,Primary 6,,lga,Akure South,South West,Ondo,Akure South,,,6276,0,188,307,143,33.383,20.443,43.8881
2022/2023,Male,all,Public,Pre-Primary/Primary,Primary 6,,lga,Odigbo,South West,Ondo,Odigbo,,,5702,0,172,279,131,33.1512,20.4373,43.5267
2022/2023,Male,all,Public,Pre-Primary/Primary,Primary 6,,lga,Ondo East,South West,Ondo,Ondo East,,,5908,0,172,281,133,34.3488,21.0249,44.4211
2022/2023,Male,all,Public,Pre-Primary/Primary,Primary 6,,lga,Ondo West,South West,Ondo,Ondo West,,,5801,0,172,286,134,33.7267,20.2832,43.291
2022/2023,Male,all,Public,SSS,SSS1,SSS1,lga,Akure North,South West,Ondo,Akure North,,,2074,4,76,99,45,27.2895,20.9495,46.0889
2022/2023,Male,all,Public,SSS,SSS1,SSS1,lga,Akure South,South West,Ondo,Akure South,,,1966,5,68,92,41,28.9118,21.3696,47.9512
2022/2023,Male,all,Public,SSS,SSS1,SSS1,lga,Odigbo,South West,Ondo,Odigbo,,,1994,4,68,92,42,29.3235,21.6739,47.4762
2022/2023,Male,all,Public,SSS,SSS1,SSS1,lga,Ondo East,South West,Ondo,Ondo East,,,1828,6,64,84,37,28.5625,21.7619,49.4054
2022/2023,Male,all,Public,SSS,SSS1,SSS1,lga,Ondo West,South West,Ondo,Ondo West,,,1909,4,68,93,42,28.0735,20.5269,45.4524
2022/2023,Male,all,Public,SSS,SSS2,,lga,Akure North,South West,Ondo,Akure North,,,1673,4,76,81,37,22.0132,20.6543,45.2162
2022/2023,Male,all,Public,SSS,SSS2,,lga,Akure South,South West,Ondo,Akure South,,,1585,4,68,76,34,23.3088,20.8553,46.6176
2022/2023,Male,all,Public,SSS,SSS2,,lga,Odigbo,South West,Ondo,Odigbo,,,1607,3,68,75,33,23.6324,21.4267,48.697
2022/2023,Male,all,Public,SSS,SSS2,,lga,Ondo East,South West,Ondo,Ondo East,,,1472,3,60,69,31,24.5333,21.3333,47.4839
2022/2023,Male,all,Public,SSS,SSS2,,lga,Ondo West,South West,Ondo,Ondo West,,,1536,4,72,76,35,21.3333,20.2105,43.8857
2022/2023,Male,all,Public,SSS,SSS3,,lga,Akure North,South West,Ondo,Akure North,,,1300,4,80,64,28,16.25,20.3125,46.4286
2022/2023,Male,all,Public,SSS,SSS3,,lga,Akure South,South West,Ondo,Akure South,,,1230,3,68,60,26,18.0882,20.5,47.3077
2022/2023,Male,all,Public,SSS,SSS3,,lga,Odigbo,South West,Ondo,Odigbo,,,1249,3,68,60,26,18.3676,20.8167,48.0385
2022/2023,Male,all,Public,SSS,SSS3,,lga,Ondo East,South West,Ondo,Ondo East,,,1145,3,60,55,23,19.0833,20.8182,49.7826
2022/2023,Male,all,Public,SSS,SSS3,,lga,Ondo West,South West,Ondo,Ondo West,,,1196,3,72,61,27,16.6111,19.6066,44.2963
2022/2023,Male,all,Public,Vocational,Vocational Year 1,,lga,Akure North,South West,Ondo,Akure North,,,141,0,28,14,2,5.0357,10.0714,70.5
2022/2023,Male,all,Public,Vocational,Vocational Year 1,,lga,Akure South,South West,Ondo,Akure South,,,138,0,24,13,1,5.75,10.6154,138.0
2022/2023,Male,all,Public,Vocational,Vocational Year 1,,lga,Odigbo,South West,Ondo,Odigbo,,,145,0,24,15,3,6.0417,9.6667,48.3333
2022/2023,Male,all,Public,Vocational,Vocational Year 1,,lga,Ondo East,South West,Ondo,Ondo East,,,124,0,20,14,2,6.2,8.8571,62.0
2022/2023,Male,all,Public,Vocational,Vocational Year 1,,lga,Ondo West,South West,Ondo,Ondo West,,,131,0,20,13,1,6.55,10.0769,131.0
2022/2023,Male,all,Public,Vocational,Vocational Year 2,,lga,Akure North,South West,Ondo,Akure North,,,121,0,28,13,1,4.3214,9.3077,121.0
2022/2023,Male,all,Public,Vocational,Vocational Year 2,,lga,Akure South,South West,Ondo,Akure South,,,119,0,24,13,1,4.9583,9.1538,119.0
2022/2023,Male,all,Public,Vocational,Vocational Year 2,,lga,Odigbo,South West,Ondo,Odigbo,,,124,0,24,14,2,5.1667,8.8571,62.0
2022/2023,Male,all,Public,Vocational,Vocational Year 2,,lga,Ondo East,South West,Ondo,Ondo East,,,105,0,20,13,1,5.25,8.0769,105.0
2022/2023,Male,all,Public,Vocational,Vocational Year 2,,lga,Ondo West,South West,Ondo,Ondo West,,,112,0,24,13,1,4.6667,8.6154,112.0
2022/2023,Male,all,Public,Vocational,Vocational Year 3,,lga,Akure North,South West,Ondo,Akure North,,,88,0,24,12,0,3.6667,7.3333,0.0
2022/2023,Male,all,Public,Vocational,Vocational Year 3,,lga,Akure South,South West,Ondo,Akure South,,,86,0,28,12,0,3.0714,7.1667,0.0
2022/2023,Male,all,Public,Vocational,Vocational Year 3,,lga,Odigbo,South West,Ondo,Odigbo,,,91,0,24,12,0,3.7917,7.5833,0.0
2022/2023,Male,all,Public,Vocational,Vocational Year 3,,lga,Ondo East,South West,Ondo,Ondo East,,,78,0,20,12,0,3.9,6.5,0.0
2022/2023,Male,all,Public,Vocational,Vocational Year 3,,lga,Ondo West,South West,Ondo,Ondo West,,,81,0,20,13,1,4.05,6.2308,81.0
2022/2023,Male,disabled,Private,Adult & Non-Formal,IQS/IQTS Stage 1,,lga,Akure North,South West,Ondo,Akure North,,,11,0,12,38,15,0.9167,0.2895,0.7333
2022/2023,Male,disabled,Private,Adult & Non-Formal,IQS/IQTS Stage 1,,lga,Akure South,South West,Ondo,Akure South,,,10,0,12,34,12,0.8333,0.2941,0.8333
2022/2023,Male,disabled,Private,Adult & Non-Formal,IQS/IQTS Stage 1,,lga,Odigbo,South West,Ondo,Odigbo,,,10,0,12,39,14,0.8333,0.2564,0.7143
2022/2023,Male,disabled,Private,Adult & Non-Formal,IQS/IQTS Stage 1,,lga,Ondo East,South West,Ondo,Ondo East,,,10,0,12,35,13,0.8333,0.2857,0.7692
2022/2023,Male,disabled,Private,Adult & Non-Formal,IQS/IQTS Stage 1,,lga,Ondo West,South West,Ondo,Ondo West,,,11,0,16,34,12,0.6875,0.3235,0.9167
2022/2023,Male,disabled,Private,Adult & Non-Formal,IQS/IQTS Stage 2,,lga,Akure North,South West,Ondo,Akure North,,,8,0,16,30,11,0.5,0.2667,0.7273
2022/2023,Male,disabled,Private,Adult & Non-Formal,IQS/IQTS Stage 2,,lga,Akure South,South West,Ondo,Akure South,,,7,0,16,28,10,0.4375,0.25,0.7
2022/2023,Male,disabled,Private,Adult & Non-Formal,IQS/IQTS Stage 2,,lga,Odigbo,South West,Ondo,Odigbo,,,8,0,12,31,11,0.6667,0.2581,0.7273
2022/2023,Male,disabled,Private,Adult & Non-Formal,IQS/IQTS Stage 2,,lga,Ondo East,South West,Ondo,Ondo East,,,8,0,12,28,9,0.6667,0.2857,0.8889
2022/2023,Male,disabled,Private,Adult & Non-Formal,IQS/IQTS Stage 2,,lga,Ondo West,South West,Ondo,Ondo West,,,8,0,16,30,10,0.5,0.2667,0.8
2022/2023,Male,disabled,Private,Adult & Non-Formal,IQS/IQTS Stage 3,,lga,Akure North,South West,Ondo,Akure North,,,4,0,16,19,6,0.25,0.2105,0.6667
2022/2023,Male,disabled,Private,Adult & Non-Formal,IQS/IQTS Stage 3,,lga,Akure South,South West,Ondo,Akure South,,,4,0,12,17,4,0.3333,0.2353,1.0
2022/2023,Male,disabled,Private,Adult & Non-Formal,IQS/IQTS Stage 3,,lga,Odigbo,South West,Ondo,Odigbo,,,5,0,12,20,6,0.4167,0.25,0.8333
2022/2023,Male,disabled,Private,Adult & Non-Formal,IQS/IQTS Stage 3,,lga,Ondo East,South West,Ondo,Ondo East,,,5,0,12,19,5,0.4167,0.2632,1.0
2022/2023,Male,disabled,Private,Adult & Non-Formal,IQS/IQTS Stage 3,,lga,Ondo West,South West,Ondo,Ondo West,,,4,0,16,18,4,0.25,0.2222,1.0
2022/2023,Male,disabled,Private,JSS,JSS1,JSS1,lga,Akure North,South West,Ondo,Akure North,,,23,0,28,49,21,0.8214,0.4694,1.0952
2022/2023,Male,disabled,Private,JSS,JSS1,JSS1,lga,Akure South,South West,Ondo,Akure South,,,22,0,28,46,18,0.7857,0.4783,1.2222
2022/2023,Male,disabled,Private,JSS,JSS1,JSS1,lga,Odigbo,South West,Ondo,Odigbo,,,21,0,28,47,18,0.75,0.4468,1.1667
2022/2023,Male,disabled,Private,JSS,JSS1,JSS1,lga,Ondo East,South West,Ondo,Ondo East,,,23,0,32,48,20,0.7188,0.4792,1.15
2022/2023,Male,disabled,Private,JSS,JSS1,JSS1,lga,Ondo West,South West,Ondo,Ondo West,,,27,0,32,48,19,0.8438,0.5625,1.4211
2022/2023,Male,disabled,Private,JSS,JSS2,,lga,Akure North,South West,Ondo,Akure North,,,18,0,32,41,16,0.5625,0.439,1.125
2022/2023,Male,disabled,Private,JSS,JSS2,,lga,Akure South,South West,Ondo,Akure South,,,17,0,28,39,15,0.6071,0.4359,1.1333
2022/2023,Male,disabled,Private,JSS,JSS2,,lga,Odigbo,South West,Ondo,Odigbo,,,18,0,28,40,16,0.6429,0.45,1.125
2022/2023,Male,disabled,Private,JSS,JSS2,,lga,Ondo East,South West,Ondo,Ondo East,,,19,0,24,41,16,0.7917,0.4634,1.1875
2022/2023,Male,disabled,Private,JSS,JSS2,,lga,Ondo West,South West,Ondo,Ondo West,,,22,0,32,40,16,0.6875,0.55,1.375
2022/2023,Male,disabled,Private,JSS,JSS3,,lga,Akure North,South West,Ondo,Akure North,,,15,0,32,34,12,0.4688,0.4412,1.25
2022/2023,Male,disabled,Private,JSS,JSS3,,lga,Akure South,South West,Ondo,Akure South,,,12,0,24,33,12,0.5,0.3636,1.0
2022/2023,Male,disabled,Private,JSS,JSS3,,lga,Odigbo,South West,Ondo,Odigbo,,,13,0,28,32,11,0.4643,0.4062,1.1818
2022/2023,Male,disabled,Private,JSS,JSS3,,lga,Ondo East,South West,Ondo,Ondo East,,,13,0,24,34,12,0.5417,0.3824,1.0833
2022/2023,Male,disabled,Private,JSS,JSS3,,lga,Ondo West,South West,Ondo,Ondo West,,,17,0,32,34,12,0.5312,0.5,1.4167
2022/2023,Male,disabled,Private,Pre-Primary/Primary,Primary 1,Primary 1,lga,Akure North,South West,Ondo,Akure North,,,83,0,48,144,64,1.7292,0.5764,1.2969
2022/2023,Male,disabled,Private,Pre-Primary/Primary,Primary 1,Primary 1,lga,Akure South,South West,Ondo,Akure South,,,70,0,44,116,53,1.5909,0.6034,1.3208
2022/2023,Male,disabled,Private,Pre-Primary/Primary,Primary 1,Primary 1,lga,Odigbo,South West,Ondo,Odigbo,,,106,0,64,166,75,1.6562,0.6386,1.4133
2022/2023,Male,disabled,Private,Pre-Primary/Primary,Primary 1,Primary 1,lga,Ondo East,South West,Ondo,Ondo East,,,92,0,48,137,62,1.9167,0.6715,1.4839
2022/2023,Male,disabled,Private,Pre-Primary/Primary,Primary 1,Primary 1,lga,Ondo West,South West,Ondo,Ondo West,,,89,0,56,154,70,1.5893,0.5779,1.2714
2022/2023,Male,disabled,Private,Pre-Primary/Primary,Primary 2,,lga,Akure North,South West,Ondo,Akure North,,,74,0,52,130,59,1.4231,0.5692,1.2542
2022/2023,Male,disabled,Private,Pre-Primary/Primary,Primary 2,,lga,Akure South,South West,Ondo,Akure South,,,61,0,44,105,48,1.3864,0.581,1.2708
2022/2023,Male,disabled,Private,Pre-Primary/Primary,Primary 2,,lga,Odigbo,South West,Ondo,Odigbo,,,95,0,60,148,67,1.5833,0.6419,1.4179
2022/2023,Male,disabled,Private,Pre-Primary/Primary,Primary 2,,lga,Ondo East,South West,Ondo,Ondo East,,,82,0,48,123,55,1.7083,0.6667,1.4909
2022/2023,Male,disabled,Private,Pre-Primary/Primary,Primary 2,,lga,Ondo West,South West,Ondo,Ondo West,,,78,0,56,139,65,1.3929,0.5612,1.2
2022/2023,Male,disabled,Private,Pre-Primary/Primary,Primary 3,,lga,Akure North,South West,Ondo,Akure North,,,66,0,48,117,53,1.375,0.5641,1.2453
2022/2023,Male,disabled,Private,Pre-Primary/Primary,Primary 3,,lga,Akure South,South West,Ondo,Akure South,,,57,0,44,93,42,1.2955,0.6129,1.3571
2022/2023,Male,disabled,Private,Pre-Primary/Primary,Primary 3,,lga,Odigbo,South West,Ondo,Odigbo,,,84,0,60,134,61,1.4,0.6269,1.377
2022/2023,Male,disabled,Private,Pre-Primary/Primary,Primary 3,,lga,Ondo East,South West,Ondo,Ondo East,,,74,0,48,110,50,1.5417,0.6727,1.48
2022/2023,Male,disabled,Private,Pre-Primary/Primary,Primary 3,,lga,Ondo West,South West,Ondo,Ondo West,,,70,0,56,125,57,1.25,0.56,1.2281
2022/2023,Male,disabled,Private,Pre-Primary/Primary,Primary 4,,lga,Akure North,South West,Ondo,Akure North,,,60,0,48,107,49,1.25,0.5607,1.2245
2022/2023,Male,disabled,Private,Pre-Primary/Primary,Primary 4,,lga,Akure South,South West,Ondo,Akure South,,,49,0,44,85,38,1.1136,0.5765,1.2895
2022/2023,Male,disabled,Private,Pre-Primary/Primary,Primary 4,,lga,Odigbo,South West,Ondo,Odigbo,,,77,0,60,123,56,1.2833,0.626,1.375
2022/2023,Male,disabled,Private,Pre-Primary/Primary,Primary 4,,lga,Ondo East,South West,Ondo,Ondo East,,,67,0,48,101,46,1.3958,0.6634,1.4565
2022/2023,Male,disabled,Private,Pre-Primary/Primary,Primary 4,,lga,Ondo West,South West,Ondo,Ondo West,,,64,0,56,114,52,1.1429,0.5614,1.2308
2022/2023,Male,disabled,Private,Pre-Primary/Primary,Primary 5,,lga,Akure North,South West,Ondo,Akure North,,,56,0,56,101,46,1.0,0.5545,1.2174
2022/2023,Male,disabled,Private,Pre-Primary/Primary,Primary 5,,lga,Akure South,South West,Ondo,Akure South,,,47,0,40,82,37,1.175,0.5732,1.2703
2022/2023,Male,disabled,Private,Pre-Primary/Primary,Primary 5,,lga,Odigbo,South West,Ondo,Odigbo,,,72,0,60,115,54,1.2,0.6261,1.3333
2022/2023,Male,disabled,Private,Pre-Primary/Primary,Primary 5,,lga,Ondo East,South West,Ondo,Ondo East,,,62,0,52,95,44,1.1923,0.6526,1.4091
2022/2023,Male,disabled,Private,Pre-Primary/Primary,Primary 5,,lga,Ondo West,South West,Ondo,Ondo West,,,60,0,52,107,47,1.1538,0.5607,1.2766
2022/2023,Male,disabled,Private,Pre-Primary/Primary,Primary 6,,lga,Akure North,South West,Ondo,Akure North,,,53,0,56,91,41,0.9464,0.5824,1.2927
2022/2023,Male,disabled,Private,Pre-Primary/Primary,Primary 6,,lga,Akure South,South West,Ondo,Akure South,,,44,0,44,75,33,1.0,0.5867,1.3333
2022/2023,Male,disabled,Private,Pre-Primary/Primary,Primary 6,,lga,Odigbo,South West,Ondo,Odigbo,,,65,0,64,104,48,1.0156,0.625,1.3542
2022/2023,Male,disabled,Private,Pre-Primary/Primary,Primary 6,,lga,Ondo East,South West,Ondo,Ondo East,,,57,0,48,88,39,1.1875,0.6477,1.4615
2022/2023,Male,disabled,Private,Pre-Primary/Primary,Primary 6,,lga,Ondo West,South West,Ondo,Ondo West,,,53,0,56,98,46,0.9464,0.5408,1.1522
2022/2023,Male,disabled,Private,SSS,SSS1,SSS1,lga,Akure North,South West,Ondo,Akure North,,,19,0,32,47,19,0.5938,0.4043,1.0
2022/2023,Male,disabled,Private,SSS,SSS1,SSS1,lga,Akure South,South West,Ondo,Akure South,,,15,0,36,50,20,0.4167,0.3,0.75
2022/2023,Male,disabled,Private,SSS,SSS1,SSS1,lga,Odigbo,South West,Ondo,Odigbo,,,17,0,36,50,20,0.4722,0.34,0.85
2022/2023,Male,disabled,Private,SSS,SSS1,SSS1,lga,Ondo East,South West,Ondo,Ondo East,,,21,0,40,53,21,0.525,0.3962,1.0
2022/2023,Male,disabled,Private,SSS,SSS1,SSS1,lga,Ondo West,South West,Ondo,Ondo West,,,17,1,32,49,19,0.5312,0.3469,0.8947
2022/2023,Male,disabled,Private,SSS,SSS2,,lga,Akure North,South West,Ondo,Akure North,,,14,0,32,38,15,0.4375,0.3684,0.9333
2022/2023,Male,disabled,Private,SSS,SSS2,,lga,Akure South,South West,Ondo,Akure South,,,11,0,36,42,18,0.3056,0.2619,0.6111
2022/2023,Male,disabled,Private,SSS,SSS2,,lga,Odigbo,South West,Ondo,Odigbo,,,15,0,36,41,16,0.4167,0.3659,0.9375
2022/2023,Male,disabled,Private,SSS,SSS2,,lga,Ondo East,South West,Ondo,Ondo East,,,15,0,36,42,16,0.4167,0.3571,0.9375
2022/2023,Male,disabled,Private,SSS,SSS2,,lga,Ondo West,South West,Ondo,Ondo West,,,13,0,36,40,16,0.3611,0.325,0.8125
2022/2023,Male,disabled,Private,SSS,SSS3,,lga,Akure North,South West,Ondo,Akure North,,,10,0,32,32,11,0.3125,0.3125,0.9091
2022/2023,Male,disabled,Private,SSS,SSS3,,lga,Akure South,South West,Ondo,Akure South,,,10,0,36,32,12,0.2778,0.3125,0.8333
2022/2023,Male,disabled,Private,SSS,SSS3,,lga,Odigbo,South West,Ondo,Odigbo,,,10,0,36,33,12,0.2778,0.303,0.8333
2022/2023,Male,disabled,Private,SSS,SSS3,,lga,Ondo East,South West,Ondo,Ondo East,,,11,0,36,35,13,0.3056,0.3143,0.8462
2022/2023,Male,disabled,Private,SSS,SSS3,,lga,Ondo West,South West,Ondo,Ondo West,,,11,0,32,32,10,0.3438,0.3438,1.1
2022/2023,Male,disabled,Private,Vocational,Vocational Year 1,,lga,Akure North,South West,Ondo,Akure North,,,3,0,20,13,1,0.15,0.2308,3.0
2022/2023,Male,disabled,Private,Vocational,Vocational Year 1,,lga,Akure South,South West,Ondo,Akure South,,,3,0,16,13,1,0.1875,0.2308,3.0
2022/2023,Male,disabled,Private,Vocational,Vocational Year 1,,lga,Odigbo,South West,Ondo,Odigbo,,,3,0,16,13,1,0.1875,0.2308,3.0
2022/2023,Male,disabled,Private,Vocational,Vocational Year 1,,lga,Ondo East,South West,Ondo,Ondo East,,,2,0,20,14,2,0.1,0.1429,1.0
2022/2023,Male,disabled,Private,Vocational,Vocational Year 1,,lga,Ondo West,South West,Ondo,Ondo West,,,2,0,16,13,1,0.125,0.1538,2.0
2022/2023,Male,disabled,Private,Vocational,Vocational Year 2,,lga,Akure North,South West,Ondo,Akure North,,,3,0,20,12,0,0.15,0.25,0.0
2022/2023,Male,disabled,Private,Vocational,Vocational Year 2,,lga,Akure South,South West,Ondo,Akure South,,,2,0,20,12,0,0.1,0.1667,0.0
2022/2023,Male,disabled,Private,Vocational,Vocational Year 2,,lga,Odigbo,South West,Ondo,Odigbo,,,1,0,20,12,0,0.05,0.0833,0.0
2022/2023,Male,disabled,Private,Vocational,Vocational Year 2,,lga,Ondo East,South West,Ondo,Ondo East,,,2,0,20,12,0,0.1,0.1667,0.0
2022/2023,Male,disabled,Private,Vocational,Vocational Year 2,,lga,Ondo West,South West,Ondo,Ondo West,,,1,0,16,13,1,0.0625,0.0769,1.0
2022/2023,Male,disabled,Private,Vocational,Vocational Year 3,,lga,Akure North,South West,Ondo,Akure North,,,0,0,20,12,0,0.0,0.0,0.0
2022/2023,Male,disabled,Private,Vocational,Vocational Year 3,,lga,Akure South,South West,Ondo,Akure South,,,1,0,20,12,0,0.05,0.0833,0.0
2022/2023,Male,disabled,Private,Vocational,Vocational Year 3,,lga,Odigbo,South West,Ondo,Odigbo,,,0,0,16,12,0,0.0,0.0,0.0
2022/2023,Male,disabled,Private,Vocational,Vocational Year 3,,lga,Ondo East,South West,Ondo,Ondo East,,,1,0,20,12,0,0.05,0.0833,0.0
2022/2023,Male,disabled,Private,Vocational,Vocational Year 3,,lga,Ondo West,South West,Ondo,Ondo West,,,1,0,16,12,0,0.0625,0.0833,0.0
2022/2023,Male,disabled,Public,Adult & Non-Formal,IQS/IQTS Stage 1,,lga,Akure North,South West,Ondo,Akure North,,,16,0,20,52,22,0.8,0.3077,0.7273
2022/2023,Male,disabled,Public,Adult & Non-Formal,IQS/IQTS Stage 1,,lga,Akure South,South West,Ondo,Akure South,,,18,0,24,53,21,0.75,0.3396,0.8571
2022/2023,Male,disabled,Public,Adult & Non-Formal,IQS/IQTS Stage 1,,lga,Odigbo,South West,Ondo,Odigbo,,,15,0,24,50,21,0.625,0.3,0.7143
2022/2023,Male,disabled,Public,Adult & Non-Formal,IQS/IQTS Stage 1,,lga,Ondo East,South West,Ondo,Ondo East,,,15,0,20,49,20,0.75,0.3061,0.75
2022/2023,Male,disabled,Public,Adult & Non-Formal,IQS/IQTS Stage 1,,lga,Ondo West,South West,Ondo,Ondo West,,,16,0,24,52,21,0.6667,0.3077,0.7619
2022/2023,Male,disabled,Public,Adult & Non-Formal,IQS/IQTS Stage 2,,lga,Akure North,South West,Ondo,Akure North,,,12,0,24,42,17,0.5,0.2857,0.7059
2022/2023,Male,disabled,Public,Adult & Non-Formal,IQS/IQTS Stage 2,,lga,Akure South,South West,Ondo,Akure South,,,13,0,20,44,17,0.65,0.2955,0.7647
2022/2023,Male,disabled,Public,Adult & Non-Formal,IQS/IQTS Stage 2,,lga,Odigbo,South West,Ondo,Odigbo,,,12,0,24,41,15,0.5,0.2927,0.8
2022/2023,Male,disabled,Public,Adult & Non-Formal,IQS/IQTS Stage 2,,lga,Ondo East,South West,Ondo,Ondo East,,,12,0,20,40,15,0.6,0.3,0.8
2022/2023,Male,disabled,Public,Adult & Non-Formal,IQS/IQTS Stage 2,,lga,Ondo West,South West,Ondo,Ondo West,,,12,0,20,43,18,0.6,0.2791,0.6667
2022/2023,Male,disabled,Public,Adult & Non-Formal,IQS/IQTS Stage 3,,lga,Akure North,South West,Ondo,Akure North,,,7,0,24,27,9,0.2917,0.2593,0.7778
2022/2023,Male,disabled,Public,Adult & Non-Formal,IQS/IQTS Stage 3,,lga,Akure South,South West,Ondo,Akure South,,,8,0,24,27,9,0.3333,0.2963,0.8889
2022/2023,Male,disabled,Public,Adult & Non-Formal,IQS/IQTS Stage 3,,lga,Odigbo,South West,Ondo,Odigbo,,,7,0,24,26,8,0.2917,0.2692,0.875
2022/2023,Male,disabled,Public,Adult & Non-Formal,IQS/IQTS Stage 3,,lga,Ondo East,South West,Ondo,Ondo East,,,7,0,20,25,8,0.35,0.28,0.875
2022/2023,Male,disabled,Public,Adult & Non-Formal,IQS/IQTS Stage 3,,lga,Ondo West,South West,Ondo,Ondo West,,,7,0,24,25,8,0.2917,0.28,0.875
2022/2023,Male,disabled,Public,JSS,JSS1,JSS1,lga,Akure North,South West,Ondo,Akure North,,,72,0,88,138,63,0.8182,0.5217,1.1429
2022/2023,Male,disabled,Public,JSS,JSS1,JSS1,lga,Akure South,South West,Ondo,Akure South,,,78,0,84,135,61,0.9286,0.5778,1.2787
2022/2023,Male,disabled,Public,JSS,JSS1,JSS1,lga,Odigbo,South West,Ondo,Odigbo,,,71,0,84,135,61,0.8452,0.5259,1.1639
2022/2023,Male,disabled,Public,JSS,JSS1,JSS1,lga,Ondo East,South West,Ondo,Ondo East,,,74,0,76,126,56,0.9737,0.5873,1.3214
2022/2023,Male,disabled,Public,JSS,JSS1,JSS1,lga,Ondo West,South West,Ondo,Ondo West,,,77,0,84,133,61,0.9167,0.5789,1.2623
2022/2023,Male,disabled,Public,JSS,JSS2,,lga,Akure North,South West,Ondo,Akure North,,,62,0,88,113,51,0.7045,0.5487,1.2157
2022/2023,Male,disabled,Public,JSS,JSS2,,lga,Akure South,South West,Ondo,Akure South,,,64,0,88,113,51,0.7273,0.5664,1.2549
2022/2023,Male,disabled,Public,JSS,JSS2,,lga,Odigbo,South West,Ondo,Odigbo,,,56,0,84,112,52,0.6667,0.5,1.0769
2022/2023,Male,disabled,Public,JSS,JSS2,,lga,Ondo East,South West,Ondo,Ondo East,,,60,0,76,104,48,0.7895,0.5769,1.25
2022/2023,Male,disabled,Public,JSS,JSS2,,lga,Ondo West,South West,Ondo,Ondo West,,,63,0,84,111,50,0.75,0.5676,1.26
2022/2023,Male,disabled,Public,JSS,JSS3,,lga,Akure North,South West,Ondo,Akure North,,,49,0,88,92,42,0.5568,0.5326,1.1667
2022/2023,Male,disabled,Public,JSS,JSS3,,lga,Akure South,South West,Ondo,Akure South,,,52,0,88,90,40,0.5909,0.5778,1.3
2022/2023,Male,disabled,Public,JSS,JSS3,,lga,Odigbo,South West,Ondo,Odigbo,,,47,0,84,90,41,0.5595,0.5222,1.1463
2022/2023,Male,disabled,Public,JSS,JSS3,,lga,Ondo East,South West,Ondo,Ondo East,,,47,0,84,83,38,0.5595,0.5663,1.2368
2022/2023,Male,disabled,Public,JSS,JSS3,,lga,Ondo West,South West,Ondo,Ondo West,,,50,0,88,88,40,0.5682,0.5682,1.25
2022/2023,Male,disabled,Public,Pre-Primary/Primary,Primary 1,Primary 1,lga,Akure North,South West,Ondo,Akure North,,,320,0,188,491,234,1.7021,0.6517,1.3675
2022/2023,Male,disabled,Public,Pre-Primary/Primary,Primary 1,Primary 1,lga,Akure South,South West,Ondo,Akure South,,,324,0,176,502,238,1.8409,0.6454,1.3613
2022/2023,Male,disabled,Public,Pre-Primary/Primary,Primary 1,Primary 1,lga,Odigbo,South West,Ondo,Odigbo,,,298,0,160,450,212,1.8625,0.6622,1.4057
2022/2023,Male,disabled,Public,Pre-Primary/Primary,Primary 1,Primary 1,lga,Ondo East,South West,Ondo,Ondo East,,,297,0,160,454,214,1.8562,0.6542,1.3879
2022/2023,Male,disabled,Public,Pre-Primary/Primary,Primary 1,Primary 1,lga,Ondo West,South West,Ondo,Ondo West,,,290,0,180,465,222,1.6111,0.6237,1.3063
2022/2023,Male,disabled,Public,Pre-Primary/Primary,Primary 2,,lga,Akure North,South West,Ondo,Akure North,,,284,0,188,437,206,1.5106,0.6499,1.3786
2022/2023,Male,disabled,Public,Pre-Primary/Primary,Primary 2,,lga,Akure South,South West,Ondo,Akure South,,,286,0,184,446,212,1.5543,0.6413,1.3491
2022/2023,Male,disabled,Public,Pre-Primary/Primary,Primary 2,,lga,Odigbo,South West,Ondo,Odigbo,,,263,0,172,400,190,1.5291,0.6575,1.3842
2022/2023,Male,disabled,Public,Pre-Primary/Primary,Primary 2,,lga,Ondo East,South West,Ondo,Ondo East,,,265,0,164,402,190,1.6159,0.6592,1.3947
2022/2023,Male,disabled,Public,Pre-Primary/Primary,Primary 2,,lga,Ondo West,South West,Ondo,Ondo West,,,254,0,164,409,191,1.5488,0.621,1.3298
2022/2023,Male,disabled,Public,Pre-Primary/Primary,Primary 3,,lga,Akure North,South West,Ondo,Akure North,,,255,0,176,392,186,1.4489,0.6505,1.371
2022/2023,Male,disabled,Public,Pre-Primary/Primary,Primary 3,,lga,Akure South,South West,Ondo,Akure South,,,259,0,176,402,190,1.4716,0.6443,1.3632
2022/2023,Male,disabled,Public,Pre-Primary/Primary,Primary 3,,lga,Odigbo,South West,Ondo,Odigbo,,,236,0,168,360,172,1.4048,0.6556,1.3721
2022/2023,Male,disabled,Public,Pre-Primary/Primary,Primary 3,,lga,Ondo East,South West,Ondo,Ondo East,,,237,0,160,360,169,1.4812,0.6583,1.4024
2022/2023,Male,disabled,Public,Pre-Primary/Primary,Primary 3,,lga,Ondo West,South West,Ondo,Ondo West,,,230,0,172,368,173,1.3372,0.625,1.3295
2022/2023,Male,disabled,Public,Pre-Primary/Primary,Primary 4,,lga,Akure North,South West,Ondo,Akure North,,,234,0,184,360,170,1.2717,0.65,1.3765
2022/2023,Male,disabled,Public,Pre-Primary/Primary,Primary 4,,lga,Akure South,South West,Ondo,Akure South,,,235,0,184,368,175,1.2772,0.6386,1.3429
2022/2023,Male,disabled,Public,Pre-Primary/Primary,Primary 4,,lga,Odigbo,South West,Ondo,Odigbo,,,218,0,168,329,156,1.2976,0.6626,1.3974
2022/2023,Male,disabled,Public,Pre-Primary/Primary,Primary 4,,lga,Ondo East,South West,Ondo,Ondo East,,,217,0,164,331,156,1.3232,0.6556,1.391
2022/2023,Male,disabled,Public,Pre-Primary/Primary,Primary 4,,lga,Ondo West,South West,Ondo,Ondo West,,,210,0,180,337,158,1.1667,0.6231,1.3291
2022/2023,Male,disabled,Public,Pre-Primary/Primary,Primary 5,,lga,Akure North,South West,Ondo,Akure North,,,218,0,180,334,156,1.2111,0.6527,1.3974
2022/2023,Male,disabled,Public,Pre-Primary/Primary,Primary 5,,lga,Akure South,South West,Ondo,Akure South,,,222,0,176,343,160,1.2614,0.6472,1.3875
2022/2023,Male,disabled,Public,Pre-Primary/Primary,Primary 5,,lga,Odigbo,South West,Ondo,Odigbo,,,203,0,172,307,145,1.1802,0.6612,1.4
2022/2023,Male,disabled,Public,Pre-Primary/Primary,Primary 5,,lga,Ondo East,South West,Ondo,Ondo East,,,202,0,164,311,147,1.2317,0.6495,1.3741
2022/2023,Male,disabled,Public,Pre-Primary/Primary,Primary 5,,lga,Ondo West,South West,Ondo,Ondo West,,,198,0,172,317,149,1.1512,0.6246,1.3289
2022/2023,Male,disabled,Public,Pre-Primary/Primary,Primary 6,,lga,Akure North,South West,Ondo,Akure North,,,197,0,184,303,141,1.0707,0.6502,1.3972
2022/2023,Male,disabled,Public,Pre-Primary/Primary,Primary 6,,lga,Akure South,South West,Ondo,Akure South,,,200,0,188,307,143,1.0638,0.6515,1.3986
2022/2023,Male,disabled,Public,Pre-Primary/Primary,Primary 6,,lga,Odigbo,South West,Ondo,Odigbo,,,183,0,172,279,131,1.064,0.6559,1.3969
2022/2023,Male,disabled,Public,Pre-Primary/Primary,Primary 6,,lga,Ondo East,South West,Ondo,Ondo East,,,185,0,172,281,133,1.0756,0.6584,1.391
2022/2023,Male,disabled,Public,Pre-Primary/Primary,Primary 6,,lga,Ondo West,South West,Ondo,Ondo West,,,178,0,172,286,134,1.0349,0.6224,1.3284
2022/2023,Male,disabled,Public,SSS,SSS1,SSS1,lga,Akure North,South West,Ondo,Akure North,,,35,1,76,99,45,0.4605,0.3535,0.7778
2022/2023,Male,disabled,Public,SSS,SSS1,SSS1,lga,Akure South,South West,Ondo,Akure South,,,35,2,68,92,41,0.5147,0.3804,0.8537
2022/2023,Male,disabled,Public,SSS,SSS1,SSS1,lga,Odigbo,South West,Ondo,Odigbo,,,32,1,68,92,42,0.4706,0.3478,0.7619
2022/2023,Male,disabled,Public,SSS,SSS1,SSS1,lga,Ondo East,South West,Ondo,Ondo East,,,33,3,64,84,37,0.5156,0.3929,0.8919
2022/2023,Male,disabled,Public,SSS,SSS1,SSS1,lga,Ondo West,South West,Ondo,Ondo West,,,27,1,68,93,42,0.3971,0.2903,0.6429
2022/2023,Male,disabled,Public,SSS,SSS2,,lga,Akure North,South West,Ondo,Akure North,,,30,1,76,81,37,0.3947,0.3704,0.8108
2022/2023,Male,disabled,Public,SSS,SSS2,,lga,Akure South,South West,Ondo,Akure South,,,30,1,68,76,34,0.4412,0.3947,0.8824
2022/2023,Male,disabled,Public,SSS,SSS2,,lga,Odigbo,South West,Ondo,Odigbo,,,27,0,68,75,33,0.3971,0.36,0.8182
2022/2023,Male,disabled,Public,SSS,SSS2,,lga,Ondo East,South West,Ondo,Ondo East,,,26,0,60,69,31,0.4333,0.3768,0.8387
2022/2023,Male,disabled,Public,SSS,SSS2,,lga,Ondo West,South West,Ondo,Ondo West,,,22,1,72,76,35,0.3056,0.2895,0.6286
2022/2023,Male,disabled,Public,SSS,SSS3,,lga,Akure North,South West,Ondo,Akure North,,,22,1,80,64,28,0.275,0.3438,0.7857
2022/2023,Male,disabled,Public,SSS,SSS3,,lga,Akure South,South West,Ondo,Akure South,,,21,0,68,60,26,0.3088,0.35,0.8077
2022/2023,Male,disabled,Public,SSS,SSS3,,lga,Odigbo,South West,Ondo,Odigbo,,,20,0,68,60,26,0.2941,0.3333,0.7692
2022/2023,Male,disabled,Public,SSS,SSS3,,lga,Ondo East,South West,Ondo,Ondo East,,,21,0,60,55,23,0.35,0.3818,0.913
2022/2023,Male,disabled,Public,SSS,SSS3,,lga,Ondo West,South West,Ondo,Ondo West,,,17,0,72,61,27,0.2361,0.2787,0.6296
2022/2023,Male,disabled,Public,Vocational,Vocational Year 1,,lga,Akure North,South West,Ondo,Akure North,,,3,0,28,14,2,0.1071,0.2143,1.5
2022/2023,Male,disabled,Public,Vocational,Vocational Year 1,,lga,Akure South,South West,Ondo,Akure South,,,3,0,24,13,1,0.125,0.2308,3.0
2022/2023,Male,disabled,Public,Vocational,Vocational Year 1,,lga,Odigbo,South West,Ondo,Odigbo,,,3,0,24,15,3,0.125,0.2,1.0
2022/2023,Male,disabled,Public,Vocational,Vocational Year 1,,lga,Ondo East,South West,Ondo,Ondo East,,,2,0,20,14,2,0.1,0.1429,1.0
2022/2023,Male,disabled,Public,Vocational,Vocational Year 1,,lga,Ondo West,South West,Ondo,Ondo West,,,3,0,20,13,1,0.15,0.2308,3.0
2022/2023,Male,disabled,Public,Vocational,Vocational Year 2,,lga,Akure North,South West,Ondo,Akure North,,,3,0,28,13,1,0.1071,0.2308,3.0
2022/2023,Male,disabled,Public,Vocational,Vocational Year 2,,lga,Akure South,South West,Ondo,Akure South,,,3,0,24,13,1,0.125,0.2308,3.0
2022/2023,Male,disabled,Public,Vocational,Vocational Year 2,,lga,Odigbo,South West,Ondo,Odigbo,,,3,0,24,14,2,0.125,0.2143,1.5
2022/2023,Male,disabled,Public,Vocational,Vocational Year 2,,lga,Ondo East,South West,Ondo,Ondo East,,,2,0,20,13,1,0.1,0.1538,2.0
2022/2023,Male,disabled,Public,Vocational,Vocational Year 2,,lga,Ondo West,South West,Ondo,Ondo West,,,3,0,24,13,1,0.125,0.2308,3.0
2022/2023,Male,disabled,Public,Vocational,Vocational Year 3,,lga,Akure North,South West,Ondo,Akure North,,,2,0,24,12,0,0.0833,0.1667,0.0
2022/2023,Male,disabled,Public,Vocational,Vocational Year 3,,lga,Akure South,South West,Ondo,Akure South,,,2,0,28,12,0,0.0714,0.1667,0.0
2022/2023,Male,disabled,Public,Vocational,Vocational Year 3,,lga,Odigbo,South West,Ondo,Odigbo,,,2,0,24,12,0,0.0833,0.1667,0.0
2022/2023,Male,disabled,Public,Vocational,Vocational Year 3,,lga,Ondo East,South West,Ondo,Ondo East,,,2,0,20,12,0,0.1,0.1667,0.0
2022/2023,Male,disabled,Public,Vocational,Vocational Year 3,,lga,Ondo West,South West,Ondo,Ondo West,,,1,0,20,13,1,0.05,0.0769,1.0
2023/2024,Female,all,Private,Adult & Non-Formal,IQS/IQTS Stage 1,,lga,Akure North,South West,Ondo,Akure North,,,340,0,12,36,22,28.3333,9.4444,15.4545
2023/2024,Female,all,Private,Adult & Non-Formal,IQS/IQTS Stage 1,,lga,Akure South,South West,Ondo,Akure South,,,367,0,12,38,24,30.5833,9.6579,15.2917
2023/2024,Female,all,Private,Adult & Non-Formal,IQS/IQTS Stage 1,,lga,Odigbo,South West,Ondo,Odigbo,,,379,0,12,40,25,31.5833,9.475,15.16
2023/2024,Female,all,Private,Adult & Non-Formal,IQS/IQTS Stage 1,,lga,Ondo East,South West,Ondo,Ondo East,,,347,0,12,35,22,28.9167,9.9143,15.7727
2023/2024,Female,all,Private,Adult & Non-Formal,IQS/IQTS Stage 1,,lga,Ondo West,South West,Ondo,Ondo West,,,356,0,16,39,24,22.25,9.1282,14.8333
2023/2024,Female,all,Private,Adult & Non-Formal,IQS/IQTS Stage 2,,lga,Akure North,South West,Ondo,Akure North,,,265,0,12,29,19,22.0833,9.1379,13.9474
2023/2024,Female,all,Private,Adult & Non-Formal,IQS/IQTS Stage 2,,lga,Akure South,South West,Ondo,Akure South,,,284,0,12,31,20,23.6667,9.1613,14.2
2023/2024,Female,all,Private,Adult & Non-Formal,IQS/IQTS Stage 2,,lga,Odigbo,South West,Ondo,Odigbo,,,294,0,12,33,21,24.5,8.9091,14.0
2023/2024,Female,all,Private,Adult & Non-Formal,IQS/IQTS Stage 2,,lga,Ondo East,South West,Ondo,Ondo East,,,269,0,12,31,20,22.4167,8.6774,13.45
2023/2024,Female,all,Private,Adult & Non-Formal,IQS/IQTS Stage 2,,lga,Ondo West,South West,Ondo,Ondo West,,,275,0,16,31,20,17.1875,8.871,13.75
2023/2024,Female,all,Private,Adult & Non-Formal,IQS/IQTS Stage 3,,lga,Akure North,South West,Ondo,Akure North,,,144,0,12,19,13,12.0,7.5789,11.0769
2023/2024,Female,all,Private,Adult & Non-Formal,IQS/IQTS Stage 3,,lga,Akure South,South West,Ondo,Akure South,,,157,0,12,19,14,13.0833,8.2632,11.2143
2023/2024,Female,all,Private,Adult & Non-Formal,IQS/IQTS Stage 3,,lga,Odigbo,South West,Ondo,Odigbo,,,161,0,12,21,15,13.4167,7.6667,10.7333
2023/2024,Female,all,Private,Adult & Non-Formal,IQS/IQTS Stage 3,,lga,Ondo East,South West,Ondo,Ondo East,,,148,0,16,19,14,9.25,7.7895,10.5714
2023/2024,Female,all,Private,Adult & Non-Formal,IQS/IQTS Stage 3,,lga,Ondo West,South West,Ondo,Ondo West,,,151,0,16,20,14,9.4375,7.55,10.7857
2023/2024,Female,all,Private,JSS,JSS1,JSS1,lga,Akure North,South West,Ondo,Akure North,,,964,0,28,44,26,34.4286,21.9091,37.0769
2023/2024,Female,all,Private,JSS,JSS1,JSS1,lga,Akure South,South West,Ondo,Akure South,,,1049,0,28,46,27,37.4643,22.8043,38.8519
2023/2024,Female,all,Private,JSS,JSS1,JSS1,lga,Odigbo,South West,Ondo,Odigbo,,,1032,0,28,47,28,36.8571,21.9574,36.8571
2023/2024,Female,all,Private,JSS,JSS1,JSS1,lga,Ondo East,South West,Ondo,Ondo East,,,1039,0,28,45,26,37.1071,23.0889,39.9615
2023/2024,Female,all,Private,JSS,JSS1,JSS1,lga,Ondo West,South West,Ondo,Ondo West,,,1128,0,32,50,30,35.25,22.56,37.6
2023/2024,Female,all,Private,JSS,JSS2,,lga,Akure North,South West,Ondo,Akure North,,,793,0,28,38,24,28.3214,20.8684,33.0417
2023/2024,Female,all,Private,JSS,JSS2,,lga,Akure South,South West,Ondo,Akure South,,,859,0,28,40,25,30.6786,21.475,34.36
2023/2024,Female,all,Private,JSS,JSS2,,lga,Odigbo,South West,Ondo,Odigbo,,,845,0,32,39,23,26.4062,21.6667,36.7391
2023/2024,Female,all,Private,JSS,JSS2,,lga,Ondo East,South West,Ondo,Ondo East,,,854,0,28,39,25,30.5,21.8974,34.16
2023/2024,Female,all,Private,JSS,JSS2,,lga,Ondo West,South West,Ondo,Ondo West,,,925,0,32,42,26,28.9062,22.0238,35.5769
2023/2024,Female,all,Private,JSS,JSS3,,lga,Akure North,South West,Ondo,Akure North,,,629,0,28,30,20,22.4643,20.9667,31.45
2023/2024,Female,all,Private,JSS,JSS3,,lga,Akure South,South West,Ondo,Akure South,,,687,0,28,32,20,24.5357,21.4688,34.35
2023/2024,Female,all,Private,JSS,JSS3,,lga,Odigbo,South West,Ondo,Odigbo,,,676,0,32,32,21,21.125,21.125,32.1905
2023/2024,Female,all,Private,JSS,JSS3,,lga,Ondo East,South West,Ondo,Ondo East,,,678,0,28,31,21,24.2143,21.871,32.2857
2023/2024,Female,all,Private,JSS,JSS3,,lga,Ondo West,South West,Ondo,Ondo West,,,740,0,32,35,22,23.125,21.1429,33.6364
2023/2024,Female,all,Private,Pre-Primary/Primary,Primary 1,Primary 1,lga,Akure North,South West,Ondo,Akure North,,,3605,0,60,171,90,60.0833,21.0819,40.0556
2023/2024,Female,all,Private,Pre-Primary/Primary,Primary 1,Primary 1,lga,Akure South,South West,Ondo,Akure South,,,3130,0,48,148,77,65.2083,21.1486,40.6494
2023/2024,Female,all,Private,Pre-Primary/Primary,Primary 1,Primary 1,lga,Odigbo,South West,Ondo,Odigbo,,,3591,0,60,170,90,59.85,21.1235,39.9
2023/2024,Female,all,Private,Pre-Primary/Primary,Primary 1,Primary 1,lga,Ondo East,South West,Ondo,Ondo East,,,1974,0,32,97,53,61.6875,20.3505,37.2453
2023/2024,Female,all,Private,Pre-Primary/Primary,Primary 1,Primary 1,lga,Ondo West,South West,Ondo,Ondo West,,,3454,0,60,166,87,57.5667,20.8072,39.7011
2023/2024,Female,all,Private,Pre-Primary/Primary,Primary 2,,lga,Akure North,South West,Ondo,Akure North,,,3201,0,64,155,82,50.0156,20.6516,39.0366
2023/2024,Female,all,Private,Pre-Primary/Primary,Primary 2,,lga,Akure South,South West,Ondo,Akure South,,,2781,0,52,131,69,53.4808,21.229,40.3043
2023/2024,Female,all,Private,Pre-Primary/Primary,Primary 2,,lga,Odigbo,South West,Ondo,Odigbo,,,3190,0,56,152,81,56.9643,20.9868,39.3827
2023/2024,Female,all,Private,Pre-Primary/Primary,Primary 2,,lga,Ondo East,South West,Ondo,Ondo East,,,1755,0,36,88,48,48.75,19.9432,36.5625
2023/2024,Female,all,Private,Pre-Primary/Primary,Primary 2,,lga,Ondo West,South West,Ondo,Ondo West,,,3067,0,56,148,78,54.7679,20.723,39.3205
2023/2024,Female,all,Private,Pre-Primary/Primary,Primary 3,,lga,Akure North,South West,Ondo,Akure North,,,2879,0,60,139,73,47.9833,20.7122,39.4384
2023/2024,Female,all,Private,Pre-Primary/Primary,Primary 3,,lga,Akure South,South West,Ondo,Akure South,,,2500,0,52,118,63,48.0769,21.1864,39.6825
2023/2024,Female,all,Private,Pre-Primary/Primary,Primary 3,,lga,Odigbo,South West,Ondo,Odigbo,,,2868,0,60,136,72,47.8,21.0882,39.8333
2023/2024,Female,all,Private,Pre-Primary/Primary,Primary 3,,lga,Ondo East,South West,Ondo,Ondo East,,,1577,0,36,78,44,43.8056,20.2179,35.8409
2023/2024,Female,all,Private,Pre-Primary/Primary,Primary 3,,lga,Ondo West,South West,Ondo,Ondo West,,,2758,0,60,134,72,45.9667,20.5821,38.3056
2023/2024,Female,all,Private,Pre-Primary/Primary,Primary 4,,lga,Akure North,South West,Ondo,Akure North,,,2632,0,60,128,69,43.8667,20.5625,38.1449
2023/2024,Female,all,Private,Pre-Primary/Primary,Primary 4,,lga,Akure South,South West,Ondo,Akure South,,,2283,0,52,109,59,43.9038,20.945,38.6949
2023/2024,Female,all,Private,Pre-Primary/Primary,Primary 4,,lga,Odigbo,South West,Ondo,Odigbo,,,2619,0,60,125,67,43.65,20.952,39.0896
2023/2024,Female,all,Private,Pre-Primary/Primary,Primary 4,,lga,Ondo East,South West,Ondo,Ondo East,,,1440,0,32,73,40,45.0,19.726,36.0
2023/2024,Female,all,Private,Pre-Primary/Primary,Primary 4,,lga,Ondo West,South West,Ondo,Ondo West,,,2519,0,60,121,64,41.9833,20.8182,39.3594
2023/2024,Female,all,Private,Pre-Primary/Primary,Primary 5,,lga,Akure North,South West,Ondo,Akure North,,,2464,0,64,120,64,38.5,20.5333,38.5
2023/2024,Female,all,Private,Pre-Primary/Primary,Primary 5,,lga,Akure South,South West,Ondo,Akure South,,,2138,0,60,103,56,35.6333,20.7573,38.1786
2023/2024,Female,all,Private,Pre-Primary/Primary,Primary 5,,lga,Odigbo,South West,Ondo,Odigbo,,,2454,0,60,117,64,40.9,20.9744,38.3438
2023/2024,Female,all,Private,Pre-Primary/Primary,Primary 5,,lga,Ondo East,South West,Ondo,Ondo East,,,1349,0,32,67,39,42.1562,20.1343,34.5897
2023/2024,Female,all,Private,Pre-Primary/Primary,Primary 5,,lga,Ondo West,South West,Ondo,Ondo West,,,2359,0,56,114,62,42.125,20.693,38.0484
2023/2024,Female,all,Private,Pre-Primary/Primary,Primary 6,,lga,Akure North,South West,Ondo,Akure North,,,2228,0,60,109,58,37.1333,20.4404,38.4138
2023/2024,Female,all,Private,Pre-Primary/Primary,Primary 6,,lga,Akure South,South West,Ondo,Akure South,,,1934,0,52,91,50,37.1923,21.2527,38.68
2023/2024,Female,all,Private,Pre-Primary/Primary,Primary 6,,lga,Odigbo,South West,Ondo,Odigbo,,,2218,0,60,107,58,36.9667,20.729,38.2414
2023/2024,Female,all,Private,Pre-Primary/Primary,Primary 6,,lga,Ondo East,South West,Ondo,Ondo East,,,1221,0,36,61,34,33.9167,20.0164,35.9118
2023/2024,Female,all,Private,Pre-Primary/Primary,Primary 6,,lga,Ondo West,South West,Ondo,Ondo West,,,2133,0,60,104,56,35.55,20.5096,38.0893
2023/2024,Female,all,Private,SSS,SSS1,SSS1,lga,Akure North,South West,Ondo,Akure North,,,1015,3,32,52,30,31.7188,19.5192,33.8333
2023/2024,Female,all,Private,SSS,SSS1,SSS1,lga,Akure South,South West,Ondo,Akure South,,,1096,3,36,55,31,30.4444,19.9273,35.3548
2023/2024,Female,all,Private,SSS,SSS1,SSS1,lga,Odigbo,South West,Ondo,Odigbo,,,998,3,32,49,30,31.1875,20.3673,33.2667
2023/2024,Female,all,Private,SSS,SSS1,SSS1,lga,Ondo East,South West,Ondo,Ondo East,,,944,3,28,46,26,33.7143,20.5217,36.3077
2023/2024,Female,all,Private,SSS,SSS1,SSS1,lga,Ondo West,South West,Ondo,Ondo West,,,1099,3,36,55,31,30.5278,19.9818,35.4516
2023/2024,Female,all,Private,SSS,SSS2,,lga,Akure North,South West,Ondo,Akure North,,,821,3,32,41,25,25.6562,20.0244,32.84
2023/2024,Female,all,Private,SSS,SSS2,,lga,Akure South,South West,Ondo,Akure South,,,882,3,36,45,27,24.5,19.6,32.6667
2023/2024,Female,all,Private,SSS,SSS2,,lga,Odigbo,South West,Ondo,Odigbo,,,805,3,32,41,25,25.1562,19.6341,32.2
2023/2024,Female,all,Private,SSS,SSS2,,lga,Ondo East,South West,Ondo,Ondo East,,,761,3,28,39,25,27.1786,19.5128,30.44
2023/2024,Female,all,Private,SSS,SSS2,,lga,Ondo West,South West,Ondo,Ondo West,,,885,3,32,46,29,27.6562,19.2391,30.5172
2023/2024,Female,all,Private,SSS,SSS3,,lga,Akure North,South West,Ondo,Akure North,,,639,2,32,33,22,19.9688,19.3636,29.0455
2023/2024,Female,all,Private,SSS,SSS3,,lga,Akure South,South West,Ondo,Akure South,,,686,2,36,36,23,19.0556,19.0556,29.8261
2023/2024,Female,all,Private,SSS,SSS3,,lga,Odigbo,South West,Ondo,Odigbo,,,625,2,32,32,22,19.5312,19.5312,28.4091
2023/2024,Female,all,Private,SSS,SSS3,,lga,Ondo East,South West,Ondo,Ondo East,,,592,3,28,32,20,21.1429,18.5,29.6
2023/2024,Female,all,Private,SSS,SSS3,,lga,Ondo West,South West,Ondo,Ondo West,,,690,2,36,37,22,19.1667,18.6486,31.3636
2023/2024,Female,all,Private,Vocational,Vocational Year 1,,lga,Akure North,South West,Ondo,Akure North,,,44,0,20,13,12,2.2,3.3846,3.6667
2023/2024,Female,all,Private,Vocational,Vocational Year 1,,lga,Akure South,South West,Ondo,Akure South,,,40,0,16,13,12,2.5,3.0769,3.3333
2023/2024,Female,all,Private,Vocational,Vocational Year 1,,lga,Odigbo,South West,Ondo,Odigbo,,,40,0,24,12,12,1.6667,3.3333,3.3333
2023/2024,Female,all,Private,Vocational,Vocational Year 1,,lga,Ondo East,South West,Ondo,Ondo East,,,36,0,20,12,12,1.8,3.0,3.0
2023/2024,Female,all,Private,Vocational,Vocational Year 1,,lga,Ondo West,South West,Ondo,Ondo West,,,39,0,16,13,12,2.4375,3.0,3.25
2023/2024,Female,all,Private,Vocational,Vocational Year 2,,lga,Akure North,South West,Ondo,Akure North,,,38,0,20,12,12,1.9,3.1667,3.1667
2023/2024,Female,all,Private,Vocational,Vocational Year 2,,lga,Akure South,South West,Ondo,Akure South,,,33,0,16,12,12,2.0625,2.75,2.75
2023/2024,Female,all,Private,Vocational,Vocational Year 2,,lga,Odigbo,South West,Ondo,Odigbo,,,34,0,20,12,12,1.7,2.8333,2.8333
2023/2024,Female,all,Private,Vocational,Vocational Year 2,,lga,Ondo East,South West,Ondo,Ondo East,,,31,0,20,12,12,1.55,2.5833,2.5833
2023/2024,Female,all,Private,Vocational,Vocational Year 2,,lga,Ondo West,South West,Ondo,Ondo West,,,33,0,20,13,12,1.65,2.5385,2.75
2023/2024,Female,all,Private,Vocational,Vocational Year 3,,lga,Akure North,South West,Ondo,Akure North,,,27,0,20,12,12,1.35,2.25,2.25
2023/2024,Female,all,Private,Vocational,Vocational Year 3,,lga,Akure South,South West,Ondo,Akure South,,,24,0,20,12,12,1.2,2.0,2.0
2023/2024,Female,all,Private,Vocational,Vocational Year 3,,lga,Odigbo,South West,Ondo,Odigbo,,,26,0,16,12,12,1.625,2.1667,2.1667
2023/2024,Female,all,Private,Vocational,Vocational Year 3,,lga,Ondo East,South West,Ondo,Ondo East,,,23,0,20,12,12,1.15,1.9167,1.9167
2023/2024,Female,all,Private,Vocational,Vocational Year 3,,lga,Ondo West,South West,Ondo,Ondo West,,,25,0,20,12,12,1.25,2.0833,2.0833
2023/2024,Female,all,Public,Adult & Non-Formal,IQS/IQTS Stage 1,,lga,Akure North,South West,Ondo,Akure North,,,612,0,28,59,34,21.8571,10.3729,18.0
2023/2024,Female,all,Public,Adult & Non-Formal,IQS/IQTS Stage 1,,lga,Akure South,South West,Ondo,Akure South,,,547,0,20,56,33,27.35,9.7679,16.5758
2023/2024,Female,all,Public,Adult & Non-Formal,IQS/IQTS Stage 1,,lga,Odigbo,South West,Ondo,Odigbo,,,537,0,24,54,31,22.375,9.9444,17.3226
2023/2024,Female,all,Public,Adult & Non-Formal,IQS/IQTS Stage 1,,lga,Ondo East,South West,Ondo,Ondo East,,,551,0,20,55,32,27.55,10.0182,17.2188
2023/2024,Female,all,Public,Adult & Non-Formal,IQS/IQTS Stage 1,,lga,Ondo West,South West,Ondo,Ondo West,,,570,0,20,56,33,28.5,10.1786,17.2727
2023/2024,Female,all,Public,Adult & Non-Formal,IQS/IQTS Stage 2,,lga,Akure North,South West,Ondo,Akure North,,,476,0,28,48,28,17.0,9.9167,17.0
2023/2024,Female,all,Public,Adult & Non-Formal,IQS/IQTS Stage 2,,lga,Akure South,South West,Ondo,Akure South,,,425,0,20,45,27,21.25,9.4444,15.7407
2023/2024,Female,all,Public,Adult & Non-Formal,IQS/IQTS Stage 2,,lga,Odigbo,South West,Ondo,Odigbo,,,417,0,24,43,26,17.375,9.6977,16.0385
2023/2024,Female,all,Public,Adult & Non-Formal,IQS/IQTS Stage 2,,lga,Ondo East,South West,Ondo,Ondo East,,,427,0,20,43,25,21.35,9.9302,17.08
2023/2024,Female,all,Public,Adult & Non-Formal,IQS/IQTS Stage 2,,lga,Ondo West,South West,Ondo,Ondo West,,,443,0,20,44,26,22.15,10.0682,17.0385
2023/2024,Female,all,Public,Adult & Non-Formal,IQS/IQTS Stage 3,,lga,Akure North,South West,Ondo,Akure North,,,262,0,28,30,19,9.3571,8.7333,13.7895
2023/2024,Female,all,Public,Adult & Non-Formal,IQS/IQTS Stage 3,,lga,Akure South,South West,Ondo,Akure South,,,233,0,20,27,18,11.65,8.6296,12.9444
2023/2024,Female,all,Public,Adult & Non-Formal,IQS/IQTS Stage 3,,lga,Odigbo,South West,Ondo,Odigbo,,,230,0,24,27,18,9.5833,8.5185,12.7778
2023/2024,Female,all,Public,Adult & Non-Formal,IQS/IQTS Stage 3,,lga,Ondo East,South West,Ondo,Ondo East,,,235,0,20,26,18,11.75,9.0385,13.0556
2023/2024,Female,all,Public,Adult & Non-Formal,IQS/IQTS Stage 3,,lga,Ondo West,South West,Ondo,Ondo West,,,243,0,20,26,17,12.15,9.3462,14.2941
2023/2024,Female,all,Public,JSS,JSS1,JSS1,lga,Akure North,South West,Ondo,Akure North,,,3354,0,100,135,72,33.54,24.8444,46.5833
2023/2024,Female,all,Public,JSS,JSS1,JSS1,lga,Akure South,South West,Ondo,Akure South,,,3210,0,88,129,69,36.4773,24.8837,46.5217
2023/2024,Female,all,Public,JSS,JSS1,JSS1,lga,Odigbo,South West,Ondo,Odigbo,,,3334,0,88,130,71,37.8864,25.6462,46.9577
2023/2024,Female,all,Public,JSS,JSS1,JSS1,lga,Ondo East,South West,Ondo,Ondo East,,,3036,0,88,121,65,34.5,25.0909,46.7077
2023/2024,Female,all,Public,JSS,JSS1,JSS1,lga,Ondo West,South West,Ondo,Ondo West,,,3117,0,92,125,68,33.8804,24.936,45.8382
2023/2024,Female,all,Public,JSS,JSS2,,lga,Akure North,South West,Ondo,Akure North,,,2754,0,100,112,60,27.54,24.5893,45.9
2023/2024,Female,all,Public,JSS,JSS2,,lga,Akure South,South West,Ondo,Akure South,,,2632,0,88,106,58,29.9091,24.8302,45.3793
2023/2024,Female,all,Public,JSS,JSS2,,lga,Odigbo,South West,Ondo,Odigbo,,,2737,0,88,106,58,31.1023,25.8208,47.1897
2023/2024,Female,all,Public,JSS,JSS2,,lga,Ondo East,South West,Ondo,Ondo East,,,2495,0,84,100,55,29.7024,24.95,45.3636
2023/2024,Female,all,Public,JSS,JSS2,,lga,Ondo West,South West,Ondo,Ondo West,,,2558,0,88,104,56,29.0682,24.5962,45.6786
2023/2024,Female,all,Public,JSS,JSS3,,lga,Akure North,South West,Ondo,Akure North,,,2195,0,96,92,52,22.8646,23.8587,42.2115
2023/2024,Female,all,Public,JSS,JSS3,,lga,Akure South,South West,Ondo,Akure South,,,2099,0,88,87,47,23.8523,24.1264,44.6596
2023/2024,Female,all,Public,JSS,JSS3,,lga,Odigbo,South West,Ondo,Odigbo,,,2179,0,88,86,47,24.7614,25.3372,46.3617
2023/2024,Female,all,Public,JSS,JSS3,,lga,Ondo East,South West,Ondo,Ondo East,,,1990,0,80,82,46,24.875,24.2683,43.2609
2023/2024,Female,all,Public,JSS,JSS3,,lga,Ondo West,South West,Ondo,Ondo West,,,2040,0,84,84,47,24.2857,24.2857,43.4043
2023/2024,Female,all,Public,Pre-Primary/Primary,Primary 1,Primary 1,lga,Akure North,South West,Ondo,Akure North,,,10400,0,172,491,248,60.4651,21.1813,41.9355
2023/2024,Female,all,Public,Pre-Primary/Primary,Primary 1,Primary 1,lga,Akure South,South West,Ondo,Akure South,,,10936,0,180,500,251,60.7556,21.872,43.5697
2023/2024,Female,all,Public,Pre-Primary/Primary,Primary 1,Primary 1,lga,Odigbo,South West,Ondo,Odigbo,,,10357,0,172,477,241,60.2151,21.7128,42.9751
2023/2024,Female,all,Public,Pre-Primary/Primary,Primary 1,Primary 1,lga,Ondo East,South West,Ondo,Ondo East,,,10954,0,196,523,265,55.8878,20.9446,41.3358
2023/2024,Female,all,Public,Pre-Primary/Primary,Primary 1,Primary 1,lga,Ondo West,South West,Ondo,Ondo West,,,10204,0,180,480,245,56.6889,21.2583,41.649
2023/2024,Female,all,Public,Pre-Primary/Primary,Primary 2,,lga,Akure North,South West,Ondo,Akure North,,,9236,0,176,435,221,52.4773,21.2322,41.7919
2023/2024,Female,all,Public,Pre-Primary/Primary,Primary 2,,lga,Akure South,South West,Ondo,Akure South,,,9712,0,184,443,224,52.7826,21.9233,43.3571
2023/2024,Female,all,Public,Pre-Primary/Primary,Primary 2,,lga,Odigbo,South West,Ondo,Odigbo,,,9198,0,168,423,213,54.75,21.7447,43.1831
2023/2024,Female,all,Public,Pre-Primary/Primary,Primary 2,,lga,Ondo East,South West,Ondo,Ondo East,,,9727,0,188,465,236,51.7394,20.9183,41.2161
2023/2024,Female,all,Public,Pre-Primary/Primary,Primary 2,,lga,Ondo West,South West,Ondo,Ondo West,,,9062,0,172,426,218,52.686,21.2723,41.5688
2023/2024,Female,all,Public,Pre-Primary/Primary,Primary 3,,lga,Akure North,South West,Ondo,Akure North,,,8305,0,180,392,201,46.1389,21.1862,41.3184
2023/2024,Female,all,Public,Pre-Primary/Primary,Primary 3,,lga,Akure South,South West,Ondo,Akure South,,,8732,0,188,398,200,46.4468,21.9397,43.66
2023/2024,Female,all,Public,Pre-Primary/Primary,Primary 3,,lga,Odigbo,South West,Ondo,Odigbo,,,8270,0,168,383,193,49.2262,21.5927,42.8497
2023/2024,Female,all,Public,Pre-Primary/Primary,Primary 3,,lga,Ondo East,South West,Ondo,Ondo East,,,8745,0,192,416,211,45.5469,21.0216,41.4455
2023/2024,Female,all,Public,Pre-Primary/Primary,Primary 3,,lga,Ondo West,South West,Ondo,Ondo West,,,8149,0,176,383,195,46.3011,21.2768,41.7897
2023/2024,Female,all,Public,Pre-Primary/Primary,Primary 4,,lga,Akure North,South West,Ondo,Akure North,,,7589,0,184,359,184,41.2446,21.1393,41.2446
2023/2024,Female,all,Public,Pre-Primary/Primary,Primary 4,,lga,Akure South,South West,Ondo,Akure South,,,7979,0,188,364,185,42.4415,21.9203,43.1297
2023/2024,Female,all,Public,Pre-Primary/Primary,Primary 4,,lga,Odigbo,South West,Ondo,Odigbo,,,7558,0,176,350,176,42.9432,21.5943,42.9432
2023/2024,Female,all,Public,Pre-Primary/Primary,Primary 4,,lga,Ondo East,South West,Ondo,Ondo East,,,7991,0,184,379,191,43.4293,21.0844,41.8377
2023/2024,Female,all,Public,Pre-Primary/Primary,Primary 4,,lga,Ondo West,South West,Ondo,Ondo West,,,7445,0,176,349,178,42.3011,21.3324,41.8258
2023/2024,Female,all,Public,Pre-Primary/Primary,Primary 5,,lga,Akure North,South West,Ondo,Akure North,,,7106,0,176,337,172,40.375,21.0861,41.314
2023/2024,Female,all,Public,Pre-Primary/Primary,Primary 5,,lga,Akure South,South West,Ondo,Akure South,,,7473,0,180,342,173,41.5167,21.8509,43.1965
2023/2024,Female,all,Public,Pre-Primary/Primary,Primary 5,,lga,Odigbo,South West,Ondo,Odigbo,,,7076,0,172,325,164,41.1395,21.7723,43.1463
2023/2024,Female,all,Public,Pre-Primary/Primary,Primary 5,,lga,Ondo East,South West,Ondo,Ondo East,,,7484,0,188,357,181,39.8085,20.9636,41.3481
2023/2024,Female,all,Public,Pre-Primary/Primary,Primary 5,,lga,Ondo West,South West,Ondo,Ondo West,,,6973,0,172,327,166,40.5407,21.3242,42.006
2023/2024,Female,all,Public,Pre-Primary/Primary,Primary 6,,lga,Akure North,South West,Ondo,Akure North,,,6423,0,176,302,154,36.4943,21.2682,41.7078
2023/2024,Female,all,Public,Pre-Primary/Primary,Primary 6,,lga,Akure South,South West,Ondo,Akure South,,,6753,0,180,308,158,37.5167,21.9253,42.7405
2023/2024,Female,all,Public,Pre-Primary/Primary,Primary 6,,lga,Odigbo,South West,Ondo,Odigbo,,,6398,0,172,292,150,37.1977,21.911,42.6533
2023/2024,Female,all,Public,Pre-Primary/Primary,Primary 6,,lga,Ondo East,South West,Ondo,Ondo East,,,6765,0,192,323,165,35.2344,20.9443,41.0
2023/2024,Female,all,Public,Pre-Primary/Primary,Primary 6,,lga,Ondo West,South West,Ondo,Ondo West,,,6304,0,172,296,152,36.6512,21.2973,41.4737
2023/2024,Female,all,Public,SSS,SSS1,SSS1,lga,Akure North,South West,Ondo,Akure North,,,2308,3,76,108,59,30.3684,21.3704,39.1186
2023/2024,Female,all,Public,SSS,SSS1,SSS1,lga,Akure South,South West,Ondo,Akure South,,,2139,3,72,97,54,29.7083,22.0515,39.6111
2023/2024,Female,all,Public,SSS,SSS1,SSS1,lga,Odigbo,South West,Ondo,Odigbo,,,2188,3,72,104,57,30.3889,21.0385,38.386
2023/2024,Female,all,Public,SSS,SSS1,SSS1,lga,Ondo East,South West,Ondo,Ondo East,,,2201,3,72,99,54,30.5694,22.2323,40.7593
2023/2024,Female,all,Public,SSS,SSS1,SSS1,lga,Ondo West,South West,Ondo,Ondo West,,,2114,3,68,96,52,31.0882,22.0208,40.6538
2023/2024,Female,all,Public,SSS,SSS2,,lga,Akure North,South West,Ondo,Akure North,,,1862,3,76,86,48,24.5,21.6512,38.7917
2023/2024,Female,all,Public,SSS,SSS2,,lga,Akure South,South West,Ondo,Akure South,,,1727,3,68,79,45,25.3971,21.8608,38.3778
2023/2024,Female,all,Public,SSS,SSS2,,lga,Odigbo,South West,Ondo,Odigbo,,,1763,3,76,85,47,23.1974,20.7412,37.5106
2023/2024,Female,all,Public,SSS,SSS2,,lga,Ondo East,South West,Ondo,Ondo East,,,1775,3,64,83,46,27.7344,21.3855,38.587
2023/2024,Female,all,Public,SSS,SSS2,,lga,Ondo West,South West,Ondo,Ondo West,,,1702,3,72,78,42,23.6389,21.8205,40.5238
2023/2024,Female,all,Public,SSS,SSS3,,lga,Akure North,South West,Ondo,Akure North,,,1447,3,72,68,38,20.0972,21.2794,38.0789
2023/2024,Female,all,Public,SSS,SSS3,,lga,Akure South,South West,Ondo,Akure South,,,1339,3,64,63,35,20.9219,21.254,38.2571
2023/2024,Female,all,Public,SSS,SSS3,,lga,Odigbo,South West,Ondo,Odigbo,,,1370,3,72,68,39,19.0278,20.1471,35.1282
2023/2024,Female,all,Public,SSS,SSS3,,lga,Ondo East,South West,Ondo,Ondo East,,,1379,3,68,64,37,20.2794,21.5469,37.2703
2023/2024,Female,all,Public,SSS,SSS3,,lga,Ondo West,South West,Ondo,Ondo West,,,1324,3,68,62,34,19.4706,21.3548,38.9412
2023/2024,Female,all,Public,Vocational,Vocational Year 1,,lga,Akure North,South West,Ondo,Akure North,,,49,0,28,14,12,1.75,3.5,4.0833
2023/2024,Female,all,Public,Vocational,Vocational Year 1,,lga,Akure South,South West,Ondo,Akure South,,,53,0,28,14,12,1.8929,3.7857,4.4167
2023/2024,Female,all,Public,Vocational,Vocational Year 1,,lga,Odigbo,South West,Ondo,Odigbo,,,50,0,24,15,12,2.0833,3.3333,4.1667
2023/2024,Female,all,Public,Vocational,Vocational Year 1,,lga,Ondo East,South West,Ondo,Ondo East,,,50,0,20,14,12,2.5,3.5714,4.1667
2023/2024,Female,all,Public,Vocational,Vocational Year 1,,lga,Ondo West,South West,Ondo,Ondo West,,,50,0,24,13,12,2.0833,3.8462,4.1667
2023/2024,Female,all,Public,Vocational,Vocational Year 2,,lga,Akure North,South West,Ondo,Akure North,,,42,0,24,13,12,1.75,3.2308,3.5
2023/2024,Female,all,Public,Vocational,Vocational Year 2,,lga,Akure South,South West,Ondo,Akure South,,,44,0,28,13,12,1.5714,3.3846,3.6667
2023/2024,Female,all,Public,Vocational,Vocational Year 2,,lga,Odigbo,South West,Ondo,Odigbo,,,42,0,24,13,12,1.75,3.2308,3.5
2023/2024,Female,all,Public,Vocational,Vocational Year 2,,lga,Ondo East,South West,Ondo,Ondo East,,,42,0,20,14,12,2.1,3.0,3.5
2023/2024,Female,all,Public,Vocational,Vocational Year 2,,lga,Ondo West,South West,Ondo,Ondo West,,,42,0,24,13,12,1.75,3.2308,3.5
2023/2024,Female,all,Public,Vocational,Vocational Year 3,,lga,Akure North,South West,Ondo,Akure North,,,30,0,24,12,12,1.25,2.5,2.5
2023/2024,Female,all,Public,Vocational,Vocational Year 3,,lga,Akure South,South West,Ondo,Akure South,,,33,0,28,12,12,1.1786,2.75,2.75
2023/2024,Female,all,Public,Vocational,Vocational Year 3,,lga,Odigbo,South West,Ondo,Odigbo,,,30,0,24,12,12,1.25,2.5,2.5
2023/2024,Female,all,Public,Vocational,Vocational Year 3,,lga,Ondo East,South West,Ondo,Ondo East,,,31,0,20,12,12,1.55,2.5833,2.5833
2023/2024,Female,all,Public,Vocational,Vocational Year 3,,lga,Ondo West,South West,Ondo,Ondo West,,,32,0,24,12,12,1.3333,2.6667,2.6667
2023/2024,Female,disabled,Private,Adult & Non-Formal,IQS/IQTS Stage 1,,lga,Akure North,South West,Ondo,Akure North,,,7,0,12,36,22,0.5833,0.1944,0.3182
2023/2024,Female,disabled,Private,Adult & Non-Formal,IQS/IQTS Stage 1,,lga,Akure South,South West,Ondo,Akure South,,,8,0,12,38,24,0.6667,0.2105,0.3333
2023/2024,Female,disabled,Private,Adult & Non-Formal,IQS/IQTS Stage 1,,lga,Odigbo,South West,Ondo,Odigbo,,,9,0,12,40,25,0.75,0.225,0.36
2023/2024,Female,disabled,Private,Adult & Non-Formal,IQS/IQTS Stage 1,,lga,Ondo East,South West,Ondo,Ondo East,,,7,0,12,35,22,0.5833,0.2,0.3182
2023/2024,Female,disabled,Private,Adult & Non-Formal,IQS/IQTS Stage 1,,lga,Ondo West,South West,Ondo,Ondo West,,,9,0,16,39,24,0.5625,0.2308,0.375
2023/2024,Female,disabled,Private,Adult & Non-Formal,IQS/IQTS Stage 2,,lga,Akure North,South West,Ondo,Akure North,,,5,0,12,29,19,0.4167,0.1724,0.2632
2023/2024,Female,disabled,Private,Adult & Non-Formal,IQS/IQTS Stage 2,,lga,Akure South,South West,Ondo,Akure South,,,5,0,12,31,20,0.4167,0.1613,0.25
2023/2024,Female,disabled,Private,Adult & Non-Formal,IQS/IQTS Stage 2,,lga,Odigbo,South West,Ondo,Odigbo,,,7,0,12,33,21,0.5833,0.2121,0.3333
2023/2024,Female,disabled,Private,Adult & Non-Formal,IQS/IQTS Stage 2,,lga,Ondo East,South West,Ondo,Ondo East,,,5,0,12,31,20,0.4167,0.1613,0.25
2023/2024,Female,disabled,Private,Adult & Non-Formal,IQS/IQTS Stage 2,,lga,Ondo West,South West,Ondo,Ondo West,,,6,0,16,31,20,0.375,0.1935,0.3
2023/2024,Female,disabled,Private,Adult & Non-Formal,IQS/IQTS Stage 3,,lga,Akure North,South West,Ondo,Akure North,,,3,0,12,19,13,0.25,0.1579,0.2308
2023/2024,Female,disabled,Private,Adult & Non-Formal,IQS/IQTS Stage 3,,lga,Akure South,South West,Ondo,Akure South,,,3,0,12,19,14,0.25,0.1579,0.2143
2023/2024,Female,disabled,Private,Adult & Non-Formal,IQS/IQTS Stage 3,,lga,Odigbo,South West,Ondo,Odigbo,,,3,0,12,21,15,0.25,0.1429,0.2
2023/2024,Female,disabled,Private,Adult & Non-Formal,IQS/IQTS Stage 3,,lga,Ondo East,South West,Ondo,Ondo East,,,3,0,16,19,14,0.1875,0.1579,0.2143
2023/2024,Female,disabled,Private,Adult & Non-Formal,IQS/IQTS Stage 3,,lga,Ondo West,South West,Ondo,Ondo West,,,4,0,16,20,14,0.25,0.2,0.2857
2023/2024,Female,disabled,Private,JSS,JSS1,JSS1,lga,Akure North,South West,Ondo,Akure North,,,25,0,28,44,26,0.8929,0.5682,0.9615
2023/2024,Female,disabled,Private,JSS,JSS1,JSS1,lga,Akure South,South West,Ondo,Akure South,,,27,0,28,46,27,0.9643,0.587,1.0
2023/2024,Female,disabled,Private,JSS,JSS1,JSS1,lga,Odigbo,South West,Ondo,Odigbo,,,25,0,28,47,28,0.8929,0.5319,0.8929
2023/2024,Female,disabled,Private,JSS,JSS1,JSS1,lga,Ondo East,South West,Ondo,Ondo East,,,25,0,28,45,26,0.8929,0.5556,0.9615
2023/2024,Female,disabled,Private,JSS,JSS1,JSS1,lga,Ondo West,South West,Ondo,Ondo West,,,29,0,32,50,30,0.9062,0.58,0.9667
2023/2024,Female,disabled,Private,JSS,JSS2,,lga,Akure North,South West,Ondo,Akure North,,,19,0,28,38,24,0.6786,0.5,0.7917
2023/2024,Female,disabled,Private,JSS,JSS2,,lga,Akure South,South West,Ondo,Akure South,,,20,0,28,40,25,0.7143,0.5,0.8
2023/2024,Female,disabled,Private,JSS,JSS2,,lga,Odigbo,South West,Ondo,Odigbo,,,17,0,32,39,23,0.5312,0.4359,0.7391
2023/2024,Female,disabled,Private,JSS,JSS2,,lga,Ondo East,South West,Ondo,Ondo East,,,20,0,28,39,25,0.7143,0.5128,0.8
2023/2024,Female,disabled,Private,JSS,JSS2,,lga,Ondo West,South West,Ondo,Ondo West,,,22,0,32,42,26,0.6875,0.5238,0.8462
2023/2024,Female,disabled,Private,JSS,JSS3,,lga,Akure North,South West,Ondo,Akure North,,,15,0,28,30,20,0.5357,0.5,0.75
2023/2024,Female,disabled,Private,JSS,JSS3,,lga,Akure South,South West,Ondo,Akure South,,,17,0,28,32,20,0.6071,0.5312,0.85
2023/2024,Female,disabled,Private,JSS,JSS3,,lga,Odigbo,South West,Ondo,Odigbo,,,16,0,32,32,21,0.5,0.5,0.7619
2023/2024,Female,disabled,Private,JSS,JSS3,,lga,Ondo East,South West,Ondo,Ondo East,,,16,0,28,31,21,0.5714,0.5161,0.7619
2023/2024,Female,disabled,Private,JSS,JSS3,,lga,Ondo West,South West,Ondo,Ondo West,,,20,0,32,35,22,0.625,0.5714,0.9091
2023/2024,Female,disabled,Private,Pre-Primary/Primary,Primary 1,Primary 1,lga,Akure North,South West,Ondo,Akure North,,,107,0,60,171,90,1.7833,0.6257,1.1889
2023/2024,Female,disabled,Private,Pre-Primary/Primary,Primary 1,Primary 1,lga,Akure South,South West,Ondo,Akure South,,,114,0,48,148,77,2.375,0.7703,1.4805
2023/2024,Female,disabled,Private,Pre-Primary/Primary,Primary 1,Primary 1,lga,Odigbo,South West,Ondo,Odigbo,,,93,0,60,170,90,1.55,0.5471,1.0333
2023/2024,Female,disabled,Private,Pre-Primary/Primary,Primary 1,Primary 1,lga,Ondo East,South West,Ondo,Ondo East,,,62,0,32,97,53,1.9375,0.6392,1.1698
2023/2024,Female,disabled,Private,Pre-Primary/Primary,Primary 1,Primary 1,lga,Ondo West,South West,Ondo,Ondo West,,,97,0,60,166,87,1.6167,0.5843,1.1149
2023/2024,Female,disabled,Private,Pre-Primary/Primary,Primary 2,,lga,Akure North,South West,Ondo,Akure North,,,95,0,64,155,82,1.4844,0.6129,1.1585
2023/2024,Female,disabled,Private,Pre-Primary/Primary,Primary 2,,lga,Akure South,South West,Ondo,Akure South,,,102,0,52,131,69,1.9615,0.7786,1.4783
2023/2024,Female,disabled,Private,Pre-Primary/Primary,Primary 2,,lga,Odigbo,South West,Ondo,Odigbo,,,84,0,56,152,81,1.5,0.5526,1.037
2023/2024,Female,disabled,Private,Pre-Primary/Primary,Primary 2,,lga,Ondo East,South West,Ondo,Ondo East,,,56,0,36,88,48,1.5556,0.6364,1.1667
2023/2024,Female,disabled,Private,Pre-Primary/Primary,Primary 2,,lga,Ondo West,South West,Ondo,Ondo West,,,86,0,56,148,78,1.5357,0.5811,1.1026
2023/2024,Female,disabled,Private,Pre-Primary/Primary,Primary 3,,lga,Akure North,South West,Ondo,Akure North,,,86,0,60,139,73,1.4333,0.6187,1.1781
2023/2024,Female,disabled,Private,Pre-Primary/Primary,Primary 3,,lga,Akure South,South West,Ondo,Akure South,,,92,0,52,118,63,1.7692,0.7797,1.4603
2023/2024,Female,disabled,Private,Pre-Primary/Primary,Primary 3,,lga,Odigbo,South West,Ondo,Odigbo,,,76,0,60,136,72,1.2667,0.5588,1.0556
2023/2024,Female,disabled,Private,Pre-Primary/Primary,Primary 3,,lga,Ondo East,South West,Ondo,Ondo East,,,50,0,36,78,44,1.3889,0.641,1.1364
2023/2024,Female,disabled,Private,Pre-Primary/Primary,Primary 3,,lga,Ondo West,South West,Ondo,Ondo West,,,78,0,60,134,72,1.3,0.5821,1.0833
2023/2024,Female,disabled,Private,Pre-Primary/Primary,Primary 4,,lga,Akure North,South West,Ondo,Akure North,,,78,0,60,128,69,1.3,0.6094,1.1304
2023/2024,Female,disabled,Private,Pre-Primary/Primary,Primary 4,,lga,Akure South,South West,Ondo,Akure South,,,83,0,52,109,59,1.5962,0.7615,1.4068
2023/2024,Female,disabled,Private,Pre-Primary/Primary,Primary 4,,lga,Odigbo,South West,Ondo,Odigbo,,,69,0,60,125,67,1.15,0.552,1.0299
2023/2024,Female,disabled,Private,Pre-Primary/Primary,Primary 4,,lga,Ondo East,South West,Ondo,Ondo East,,,45,0,32,73,40,1.4062,0.6164,1.125
2023/2024,Female,disabled,Private,Pre-Primary/Primary,Primary 4,,lga,Ondo West,South West,Ondo,Ondo West,,,70,0,60,121,64,1.1667,0.5785,1.0938
2023/2024,Female,disabled,Private,Pre-Primary/Primary,Primary 5,,lga,Akure North,South West,Ondo,Akure North,,,74,0,64,120,64,1.1562,0.6167,1.1562
2023/2024,Female,disabled,Private,Pre-Primary/Primary,Primary 5,,lga,Akure South,South West,Ondo,Akure South,,,78,0,60,103,56,1.3,0.7573,1.3929
2023/2024,Female,disabled,Private,Pre-Primary/Primary,Primary 5,,lga,Odigbo,South West,Ondo,Odigbo,,,65,0,60,117,64,1.0833,0.5556,1.0156
2023/2024,Female,disabled,Private,Pre-Primary/Primary,Primary 5,,lga,Ondo East,South West,Ondo,Ondo East,,,43,0,32,67,39,1.3438,0.6418,1.1026
2023/2024,Female,disabled,Private,Pre-Primary/Primary,Primary 5,,lga,Ondo West,South West,Ondo,Ondo West,,,66,0,56,114,62,1.1786,0.5789,1.0645
2023/2024,Female,disabled,Private,Pre-Primary/Primary,Primary 6,,lga,Akure North,South West,Ondo,Akure North,,,67,0,60,109,58,1.1167,0.6147,1.1552
2023/2024,Female,disabled,Private,Pre-Primary/Primary,Primary 6,,lga,Akure South,South West,Ondo,Akure South,,,72,0,52,91,50,1.3846,0.7912,1.44
2023/2024,Female,disabled,Private,Pre-Primary/Primary,Primary 6,,lga,Odigbo,South West,Ondo,Odigbo,,,58,0,60,107,58,0.9667,0.5421,1.0
2023/2024,Female,disabled,Private,Pre-Primary/Primary,Primary 6,,lga,Ondo East,South West,Ondo,Ondo East,,,39,0,36,61,34,1.0833,0.6393,1.1471
2023/2024,Female,disabled,Private,Pre-Primary/Primary,Primary 6,,lga,Ondo West,South West,Ondo,Ondo West,,,60,0,60,104,56,1.0,0.5769,1.0714
2023/2024,Female,disabled,Private,SSS,SSS1,SSS1,lga,Akure North,South West,Ondo,Akure North,,,15,0,32,52,30,0.4688,0.2885,0.5
2023/2024,Female,disabled,Private,SSS,SSS1,SSS1,lga,Akure South,South West,Ondo,Akure South,,,24,0,36,55,31,0.6667,0.4364,0.7742
2023/2024,Female,disabled,Private,SSS,SSS1,SSS1,lga,Odigbo,South West,Ondo,Odigbo,,,17,0,32,49,30,0.5312,0.3469,0.5667
2023/2024,Female,disabled,Private,SSS,SSS1,SSS1,lga,Ondo East,South West,Ondo,Ondo East,,,16,0,28,46,26,0.5714,0.3478,0.6154
2023/2024,Female,disabled,Private,SSS,SSS1,SSS1,lga,Ondo West,South West,Ondo,Ondo West,,,20,0,36,55,31,0.5556,0.3636,0.6452
2023/2024,Female,disabled,Private,SSS,SSS2,,lga,Akure North,South West,Ondo,Akure North,,,14,0,32,41,25,0.4375,0.3415,0.56
2023/2024,Female,disabled,Private,SSS,SSS2,,lga,Akure South,South West,Ondo,Akure South,,,18,0,36,45,27,0.5,0.4,0.6667
2023/2024,Female,disabled,Private,SSS,SSS2,,lga,Odigbo,South West,Ondo,Odigbo,,,14,0,32,41,25,0.4375,0.3415,0.56
2023/2024,Female,disabled,Private,SSS,SSS2,,lga,Ondo East,South West,Ondo,Ondo East,,,14,0,28,39,25,0.5,0.359,0.56
2023/2024,Female,disabled,Private,SSS,SSS2,,lga,Ondo West,South West,Ondo,Ondo West,,,15,0,32,46,29,0.4688,0.3261,0.5172
2023/2024,Female,disabled,Private,SSS,SSS3,,lga,Akure North,South West,Ondo,Akure North,,,11,0,32,33,22,0.3438,0.3333,0.5
2023/2024,Female,disabled,Private,SSS,SSS3,,lga,Akure South,South West,Ondo,Akure South,,,15,0,36,36,23,0.4167,0.4167,0.6522
2023/2024,Female,disabled,Private,SSS,SSS3,,lga,Odigbo,South West,Ondo,Odigbo,,,11,0,32,32,22,0.3438,0.3438,0.5
2023/2024,Female,disabled,Private,SSS,SSS3,,lga,Ondo East,South West,Ondo,Ondo East,,,12,0,28,32,20,0.4286,0.375,0.6
2023/2024,Female,disabled,Private,SSS,SSS3,,lga,Ondo West,South West,Ondo,Ondo West,,,13,0,36,37,22,0.3611,0.3514,0.5909
2023/2024,Female,disabled,Private,Vocational,Vocational Year 1,,lga,Akure North,South West,Ondo,Akure North,,,0,0,20,13,12,0.0,0.0,0.0
2023/2024,Female,disabled,Private,Vocational,Vocational Year 1,,lga,Akure South,South West,Ondo,Akure South,,,0,0,16,13,12,0.0,0.0,0.0
2023/2024,Female,disabled,Private,Vocational,Vocational Year 1,,lga,Odigbo,South West,Ondo,Odigbo,,,0,0,24,12,12,0.0,0.0,0.0
2023/2024,Female,disabled,Private,Vocational,Vocational Year 1,,lga,Ondo East,South West,Ondo,Ondo East,,,0,0,20,12,12,0.0,0.0,0.0
2023/2024,Female,disabled,Private,Vocational,Vocational Year 1,,lga,Ondo West,South West,Ondo,Ondo West,,,1,0,16,13,12,0.0625,0.0769,0.0833
2023/2024,Female,disabled,Private,Vocational,Vocational Year 2,,lga,Akure North,South West,Ondo,Akure North,,,0,0,20,12,12,0.0,0.0,0.0
2023/2024,Female,disabled,Private,Vocational,Vocational Year 2,,lga,Akure South,South West,Ondo,Akure South,,,0,0,16,12,12,0.0,0.0,0.0
2023/2024,Female,disabled,Private,Vocational,Vocational Year 2,,lga,Odigbo,South West,Ondo,Odigbo,,,0,0,20,12,12,0.0,0.0,0.0
2023/2024,Female,disabled,Private,Vocational,Vocational Year 2,,lga,Ondo East,South West,Ondo,Ondo East,,,0,0,20,12,12,0.0,0.0,0.0
2023/2024,Female,disabled,Private,Vocational,Vocational Year 2,,lga,Ondo West,South West,Ondo,Ondo West,,,0,0,20,13,12,0.0,0.0,0.0
2023/2024,Female,disabled,Private,Vocational,Vocational Year 3,,lga,Akure North,South West,Ondo,Akure North,,,0,0,20,12,12,0.0,0.0,0.0
2023/2024,Female,disabled,Private,Vocational,Vocational Year 3,,lga,Akure South,South West,Ondo,Akure South,,,0,0,20,12,12,0.0,0.0,0.0
2023/2024,Female,disabled,Private,Vocational,Vocational Year 3,,lga,Odigbo,South West,Ondo,Odigbo,,,0,0,16,12,12,0.0,0.0,0.0
2023/2024,Female,disabled,Private,Vocational,Vocational Year 3,,lga,Ondo East,South West,Ondo,Ondo East,,,0,0,20,12,12,0.0,0.0,0.0
2023/2024,Female,disabled,Private,Vocational,Vocational Year 3,,lga,Ondo West,South West,Ondo,Ondo West,,,0,0,20,12,12,0.0,0.0,0.0
2023/2024,Female,disabled,Public,Adult & Non-Formal,IQS/IQTS Stage 1,,lga,Akure North,South West,Ondo,Akure North,,,12,0,28,59,34,0.4286,0.2034,0.3529
2023/2024,Female,disabled,Public,Adult & Non-Formal,IQS/IQTS Stage 1,,lga,Akure South,South West,Ondo,Akure South,,,10,0,20,56,33,0.5,0.1786,0.303
2023/2024,Female,disabled,Public,Adult & Non-Formal,IQS/IQTS Stage 1,,lga,Odigbo,South West,Ondo,Odigbo,,,10,0,24,54,31,0.4167,0.1852,0.3226
2023/2024,Female,disabled,Public,Adult & Non-Formal,IQS/IQTS Stage 1,,lga,Ondo East,South West,Ondo,Ondo East,,,11,0,20,55,32,0.55,0.2,0.3438
2023/2024,Female,disabled,Public,Adult & Non-Formal,IQS/IQTS Stage 1,,lga,Ondo West,South West,Ondo,Ondo West,,,13,0,20,56,33,0.65,0.2321,0.3939
2023/2024,Female,disabled,Public,Adult & Non-Formal,IQS/IQTS Stage 2,,lga,Akure North,South West,Ondo,Akure North,,,9,0,28,48,28,0.3214,0.1875,0.3214
2023/2024,Female,disabled,Public,Adult & Non-Formal,IQS/IQTS Stage 2,,lga,Akure South,South West,Ondo,Akure South,,,8,0,20,45,27,0.4,0.1778,0.2963
2023/2024,Female,disabled,Public,Adult & Non-Formal,IQS/IQTS Stage 2,,lga,Odigbo,South West,Ondo,Odigbo,,,8,0,24,43,26,0.3333,0.186,0.3077
2023/2024,Female,disabled,Public,Adult & Non-Formal,IQS/IQTS Stage 2,,lga,Ondo East,South West,Ondo,Ondo East,,,8,0,20,43,25,0.4,0.186,0.32
2023/2024,Female,disabled,Public,Adult & Non-Formal,IQS/IQTS Stage 2,,lga,Ondo West,South West,Ondo,Ondo West,,,10,0,20,44,26,0.5,0.2273,0.3846
2023/2024,Female,disabled,Public,Adult & Non-Formal,IQS/IQTS Stage 3,,lga,Akure North,South West,Ondo,Akure North,,,6,0,28,30,19,0.2143,0.2,0.3158
2023/2024,Female,disabled,Public,Adult & Non-Formal,IQS/IQTS Stage 3,,lga,Akure South,South West,Ondo,Akure South,,,4,0,20,27,18,0.2,0.1481,0.2222
2023/2024,Female,disabled,Public,Adult & Non-Formal,IQS/IQTS Stage 3,,lga,Odigbo,South West,Ondo,Odigbo,,,4,0,24,27,18,0.1667,0.1481,0.2222
2023/2024,Female,disabled,Public,Adult & Non-Formal,IQS/IQTS Stage 3,,lga,Ondo East,South West,Ondo,Ondo East,,,5,0,20,26,18,0.25,0.1923,0.2778
2023/2024,Female,disabled,Public,Adult & Non-Formal,IQS/IQTS Stage 3,,lga,Ondo West,South West,Ondo,Ondo West,,,5,0,20,26,17,0.25,0.1923,0.2941
2023/2024,Female,disabled,Public,JSS,JSS1,JSS1,lga,Akure North,South West,Ondo,Akure North,,,83,0,100,135,72,0.83,0.6148,1.1528
2023/2024,Female,disabled,Public,JSS,JSS1,JSS1,lga,Akure South,South West,Ondo,Akure South,,,81,0,88,129,69,0.9205,0.6279,1.1739
2023/2024,Female,disabled,Public,JSS,JSS1,JSS1,lga,Odigbo,South West,Ondo,Odigbo,,,83,0,88,130,71,0.9432,0.6385,1.169
2023/2024,Female,disabled,Public,JSS,JSS1,JSS1,lga,Ondo East,South West,Ondo,Ondo East,,,75,0,88,121,65,0.8523,0.6198,1.1538
2023/2024,Female,disabled,Public,JSS,JSS1,JSS1,lga,Ondo West,South West,Ondo,Ondo West,,,72,0,92,125,68,0.7826,0.576,1.0588
2023/2024,Female,disabled,Public,JSS,JSS2,,lga,Akure North,South West,Ondo,Akure North,,,69,0,100,112,60,0.69,0.6161,1.15
2023/2024,Female,disabled,Public,JSS,JSS2,,lga,Akure South,South West,Ondo,Akure South,,,67,0,88,106,58,0.7614,0.6321,1.1552
2023/2024,Female,disabled,Public,JSS,JSS2,,lga,Odigbo,South West,Ondo,Odigbo,,,68,0,88,106,58,0.7727,0.6415,1.1724
2023/2024,Female,disabled,Public,JSS,JSS2,,lga,Ondo East,South West,Ondo,Ondo East,,,63,0,84,100,55,0.75,0.63,1.1455
2023/2024,Female,disabled,Public,JSS,JSS2,,lga,Ondo West,South West,Ondo,Ondo West,,,56,0,88,104,56,0.6364,0.5385,1.0
2023/2024,Female,disabled,Public,JSS,JSS3,,lga,Akure North,South West,Ondo,Akure North,,,54,0,96,92,52,0.5625,0.587,1.0385
2023/2024,Female,disabled,Public,JSS,JSS3,,lga,Akure South,South West,Ondo,Akure South,,,52,0,88,87,47,0.5909,0.5977,1.1064
2023/2024,Female,disabled,Public,JSS,JSS3,,lga,Odigbo,South West,Ondo,Odigbo,,,53,0,88,86,47,0.6023,0.6163,1.1277
2023/2024,Female,disabled,Public,JSS,JSS3,,lga,Ondo East,South West,Ondo,Ondo East,,,52,0,80,82,46,0.65,0.6341,1.1304
2023/2024,Female,disabled,Public,JSS,JSS3,,lga,Ondo West,South West,Ondo,Ondo West,,,46,0,84,84,47,0.5476,0.5476,0.9787
2023/2024,Female,disabled,Public,Pre-Primary/Primary,Primary 1,Primary 1,lga,Akure North,South West,Ondo,Akure North,,,309,0,172,491,248,1.7965,0.6293,1.246
2023/2024,Female,disabled,Public,Pre-Primary/Primary,Primary 1,Primary 1,lga,Akure South,South West,Ondo,Akure South,,,302,0,180,500,251,1.6778,0.604,1.2032
2023/2024,Female,disabled,Public,Pre-Primary/Primary,Primary 1,Primary 1,lga,Odigbo,South West,Ondo,Odigbo,,,295,0,172,477,241,1.7151,0.6184,1.2241
2023/2024,Female,disabled,Public,Pre-Primary/Primary,Primary 1,Primary 1,lga,Ondo East,South West,Ondo,Ondo East,,,334,0,196,523,265,1.7041,0.6386,1.2604
2023/2024,Female,disabled,Public,Pre-Primary/Primary,Primary 1,Primary 1,lga,Ondo West,South West,Ondo,Ondo West,,,279,0,180,480,245,1.55,0.5812,1.1388
2023/2024,Female,disabled,Public,Pre-Primary/Primary,Primary 2,,lga,Akure North,South West,Ondo,Akure North,,,274,0,176,435,221,1.5568,0.6299,1.2398
2023/2024,Female,disabled,Public,Pre-Primary/Primary,Primary 2,,lga,Akure South,South West,Ondo,Akure South,,,269,0,184,443,224,1.462,0.6072,1.2009
2023/2024,Female,disabled,Public,Pre-Primary/Primary,Primary 2,,lga,Odigbo,South West,Ondo,Odigbo,,,262,0,168,423,213,1.5595,0.6194,1.23
2023/2024,Female,disabled,Public,Pre-Primary/Primary,Primary 2,,lga,Ondo East,South West,Ondo,Ondo East,,,297,0,188,465,236,1.5798,0.6387,1.2585
2023/2024,Female,disabled,Public,Pre-Primary/Primary,Primary 2,,lga,Ondo West,South West,Ondo,Ondo West,,,247,0,172,426,218,1.436,0.5798,1.133
2023/2024,Female,disabled,Public,Pre-Primary/Primary,Primary 3,,lga,Akure North,South West,Ondo,Akure North,,,247,0,180,392,201,1.3722,0.6301,1.2289
2023/2024,Female,disabled,Public,Pre-Primary/Primary,Primary 3,,lga,Akure South,South West,Ondo,Akure South,,,241,0,188,398,200,1.2819,0.6055,1.205
2023/2024,Female,disabled,Public,Pre-Primary/Primary,Primary 3,,lga,Odigbo,South West,Ondo,Odigbo,,,237,0,168,383,193,1.4107,0.6188,1.228
2023/2024,Female,disabled,Public,Pre-Primary/Primary,Primary 3,,lga,Ondo East,South West,Ondo,Ondo East,,,267,0,192,416,211,1.3906,0.6418,1.2654
2023/2024,Female,disabled,Public,Pre-Primary/Primary,Primary 3,,lga,Ondo West,South West,Ondo,Ondo West,,,224,0,176,383,195,1.2727,0.5849,1.1487
2023/2024,Female,disabled,Public,Pre-Primary/Primary,Primary 4,,lga,Akure North,South West,Ondo,Akure North,,,225,0,184,359,184,1.2228,0.6267,1.2228
2023/2024,Female,disabled,Public,Pre-Primary/Primary,Primary 4,,lga,Akure South,South West,Ondo,Akure South,,,220,0,188,364,185,1.1702,0.6044,1.1892
2023/2024,Female,disabled,Public,Pre-Primary/Primary,Primary 4,,lga,Odigbo,South West,Ondo,Odigbo,,,216,0,176,350,176,1.2273,0.6171,1.2273
2023/2024,Female,disabled,Public,Pre-Primary/Primary,Primary 4,,lga,Ondo East,South West,Ondo,Ondo East,,,243,0,184,379,191,1.3207,0.6412,1.2723
2023/2024,Female,disabled,Public,Pre-Primary/Primary,Primary 4,,lga,Ondo West,South West,Ondo,Ondo West,,,204,0,176,349,178,1.1591,0.5845,1.1461
2023/2024,Female,disabled,Public,Pre-Primary/Primary,Primary 5,,lga,Akure North,South West,Ondo,Akure North,,,211,0,176,337,172,1.1989,0.6261,1.2267
2023/2024,Female,disabled,Public,Pre-Primary/Primary,Primary 5,,lga,Akure South,South West,Ondo,Akure South,,,207,0,180,342,173,1.15,0.6053,1.1965
2023/2024,Female,disabled,Public,Pre-Primary/Primary,Primary 5,,lga,Odigbo,South West,Ondo,Odigbo,,,203,0,172,325,164,1.1802,0.6246,1.2378
2023/2024,Female,disabled,Public,Pre-Primary/Primary,Primary 5,,lga,Ondo East,South West,Ondo,Ondo East,,,229,0,188,357,181,1.2181,0.6415,1.2652
2023/2024,Female,disabled,Public,Pre-Primary/Primary,Primary 5,,lga,Ondo West,South West,Ondo,Ondo West,,,192,0,172,327,166,1.1163,0.5872,1.1566
2023/2024,Female,disabled,Public,Pre-Primary/Primary,Primary 6,,lga,Akure North,South West,Ondo,Akure North,,,190,0,176,302,154,1.0795,0.6291,1.2338
2023/2024,Female,disabled,Public,Pre-Primary/Primary,Primary 6,,lga,Akure South,South West,Ondo,Akure South,,,185,0,180,308,158,1.0278,0.6006,1.1709
2023/2024,Female,disabled,Public,Pre-Primary/Primary,Primary 6,,lga,Odigbo,South West,Ondo,Odigbo,,,183,0,172,292,150,1.064,0.6267,1.22
2023/2024,Female,disabled,Public,Pre-Primary/Primary,Primary 6,,lga,Ondo East,South West,Ondo,Ondo East,,,206,0,192,323,165,1.0729,0.6378,1.2485
2023/2024,Female,disabled,Public,Pre-Primary/Primary,Primary 6,,lga,Ondo West,South West,Ondo,Ondo West,,,172,0,172,296,152,1.0,0.5811,1.1316
2023/2024,Female,disabled,Public,SSS,SSS1,SSS1,lga,Akure North,South West,Ondo,Akure North,,,33,0,76,108,59,0.4342,0.3056,0.5593
2023/2024,Female,disabled,Public,SSS,SSS1,SSS1,lga,Akure South,South West,Ondo,Akure South,,,39,0,72,97,54,0.5417,0.4021,0.7222
2023/2024,Female,disabled,Public,SSS,SSS1,SSS1,lga,Odigbo,South West,Ondo,Odigbo,,,42,0,72,104,57,0.5833,0.4038,0.7368
2023/2024,Female,disabled,Public,SSS,SSS1,SSS1,lga,Ondo East,South West,Ondo,Ondo East,,,37,0,72,99,54,0.5139,0.3737,0.6852
2023/2024,Female,disabled,Public,SSS,SSS1,SSS1,lga,Ondo West,South West,Ondo,Ondo West,,,39,0,68,96,52,0.5735,0.4062,0.75
2023/2024,Female,disabled,Public,SSS,SSS2,,lga,Akure North,South West,Ondo,Akure North,,,28,0,76,86,48,0.3684,0.3256,0.5833
2023/2024,Female,disabled,Public,SSS,SSS2,,lga,Akure South,South West,Ondo,Akure South,,,34,0,68,79,45,0.5,0.4304,0.7556
2023/2024,Female,disabled,Public,SSS,SSS2,,lga,Odigbo,South West,Ondo,Odigbo,,,35,0,76,85,47,0.4605,0.4118,0.7447
2023/2024,Female,disabled,Public,SSS,SSS2,,lga,Ondo East,South West,Ondo,Ondo East,,,31,0,64,83,46,0.4844,0.3735,0.6739
2023/2024,Female,disabled,Public,SSS,SSS2,,lga,Ondo West,South West,Ondo,Ondo West,,,31,0,72,78,42,0.4306,0.3974,0.7381
2023/2024,Female,disabled,Public,SSS,SSS3,,lga,Akure North,South West,Ondo,Akure North,,,22,0,72,68,38,0.3056,0.3235,0.5789
2023/2024,Female,disabled,Public,SSS,SSS3,,lga,Akure South,South West,Ondo,Akure South,,,25,0,64,63,35,0.3906,0.3968,0.7143
2023/2024,Female,disabled,Public,SSS,SSS3,,lga,Odigbo,South West,Ondo,Odigbo,,,27,0,72,68,39,0.375,0.3971,0.6923
2023/2024,Female,disabled,Public,SSS,SSS3,,lga,Ondo East,South West,Ondo,Ondo East,,,23,0,68,64,37,0.3382,0.3594,0.6216
2023/2024,Female,disabled,Public,SSS,SSS3,,lga,Ondo West,South West,Ondo,Ondo West,,,26,0,68,62,34,0.3824,0.4194,0.7647
2023/2024,Female,disabled,Public,Vocational,Vocational Year 1,,lga,Akure North,South West,Ondo,Akure North,,,0,0,28,14,12,0.0,0.0,0.0
2023/2024,Female,disabled,Public,Vocational,Vocational Year 1,,lga,Akure South,South West,Ondo,Akure South,,,1,0,28,14,12,0.0357,0.0714,0.0833
2023/2024,Female,disabled,Public,Vocational,Vocational Year 1,,lga,Odigbo,South West,Ondo,Odigbo,,,0,0,24,15,12,0.0,0.0,0.0
2023/2024,Female,disabled,Public,Vocational,Vocational Year 1,,lga,Ondo East,South West,Ondo,Ondo East,,,0,0,20,14,12,0.0,0.0,0.0
2023/2024,Female,disabled,Public,Vocational,Vocational Year 1,,lga,Ondo West,South West,Ondo,Ondo West,,,0,0,24,13,12,0.0,0.0,0.0
2023/2024,Female,disabled,Public,Vocational,Vocational Year 2,,lga,Akure North,South West,Ondo,Akure North,,,0,0,24,13,12,0.0,0.0,0.0
2023/2024,Female,disabled,Public,Vocational,Vocational Year 2,,lga,Akure South,South West,Ondo,Akure South,,,0,0,28,13,12,0.0,0.0,0.0
2023/2024,Female,disabled,Public,Vocational,Vocational Year 2,,lga,Odigbo,South West,Ondo,Odigbo,,,0,0,24,13,12,0.0,0.0,0.0
2023/2024,Female,disabled,Public,Vocational,Vocational Year 2,,lga,Ondo East,South West,Ondo,Ondo East,,,0,0,20,14,12,0.0,0.0,0.0
2023/2024,Female,disabled,Public,Vocational,Vocational Year 2,,lga,Ondo West,South West,Ondo,Ondo West,,,0,0,24,13,12,0.0,0.0,0.0
2023/2024,Female,disabled,Public,Vocational,Vocational Year 3,,lga,Akure North,South West,Ondo,Akure North,,,0,0,24,12,12,0.0,0.0,0.0
2023/2024,Female,disabled,Public,Vocational,Vocational Year 3,,lga,Akure South,South West,Ondo,Akure South,,,0,0,28,12,12,0.0,0.0,0.0
2023/2024,Female,disabled,Public,Vocational,Vocational Year 3,,lga,Odigbo,South West,Ondo,Odigbo,,,0,0,24,12,12,0.0,0.0,0.0
2023/2024,Female,disabled,Public,Vocational,Vocational Year 3,,lga,Ondo East,South West,Ondo,Ondo East,,,0,0,20,12,12,0.0,0.0,0.0
2023/2024,Female,disabled,Public,Vocational,Vocational Year 3,,lga,Ondo West,South West,Ondo,Ondo West,,,0,0,24,12,12,0.0,0.0,0.0
2023/2024,Male,all,Private,Adult & Non-Formal,IQS/IQTS Stage 1,,lga,Akure North,South West,Ondo,Akure North,,,460,0,12,36,22,38.3333,12.7778,20.9091
2023/2024,Male,all,Private,Adult & Non-Formal,IQS/IQTS Stage 1,,lga,Akure South,South West,Ondo,Akure South,,,480,0,12,38,24,40.0,12.6316,20.0
2023/2024,Male,all,Private,Adult & Non-Formal,IQS/IQTS Stage 1,,lga,Odigbo,South West,Ondo,Odigbo,,,517,0,12,40,25,43.0833,12.925,20.68
2023/2024,Male,all,Private,Adult & Non-Formal,IQS/IQTS Stage 1,,lga,Ondo East,South West,Ondo,Ondo East,,,454,0,12,35,22,37.8333,12.9714,20.6364
2023/2024,Male,all,Private,Adult & Non-Formal,IQS/IQTS Stage 1,,lga,Ondo West,South West,Ondo,Ondo West,,,503,0,16,39,24,31.4375,12.8974,20.9583
2023/2024,Male,all,Private,Adult & Non-Formal,IQS/IQTS Stage 2,,lga,Akure North,South West,Ondo,Akure North,,,357,0,12,29,19,29.75,12.3103,18.7895
2023/2024,Male,all,Private,Adult & Non-Formal,IQS/IQTS Stage 2,,lga,Akure South,South West,Ondo,Akure South,,,374,0,12,31,20,31.1667,12.0645,18.7
2023/2024,Male,all,Private,Adult & Non-Formal,IQS/IQTS Stage 2,,lga,Odigbo,South West,Ondo,Odigbo,,,402,0,12,33,21,33.5,12.1818,19.1429
2023/2024,Male,all,Private,Adult & Non-Formal,IQS/IQTS Stage 2,,lga,Ondo East,South West,Ondo,Ondo East,,,352,0,12,31,20,29.3333,11.3548,17.6
2023/2024,Male,all,Private,Adult & Non-Formal,IQS/IQTS Stage 2,,lga,Ondo West,South West,Ondo,Ondo West,,,394,0,16,31,20,24.625,12.7097,19.7
2023/2024,Male,all,Private,Adult & Non-Formal,IQS/IQTS Stage 3,,lga,Akure North,South West,Ondo,Akure North,,,196,0,12,19,13,16.3333,10.3158,15.0769
2023/2024,Male,all,Private,Adult & Non-Formal,IQS/IQTS Stage 3,,lga,Akure South,South West,Ondo,Akure South,,,206,0,12,19,14,17.1667,10.8421,14.7143
2023/2024,Male,all,Private,Adult & Non-Formal,IQS/IQTS Stage 3,,lga,Odigbo,South West,Ondo,Odigbo,,,222,0,12,21,15,18.5,10.5714,14.8
2023/2024,Male,all,Private,Adult & Non-Formal,IQS/IQTS Stage 3,,lga,Ondo East,South West,Ondo,Ondo East,,,193,0,16,19,14,12.0625,10.1579,13.7857
2023/2024,Male,all,Private,Adult & Non-Formal,IQS/IQTS Stage 3,,lga,Ondo West,South West,Ondo,Ondo West,,,216,0,16,20,14,13.5,10.8,15.4286
2023/2024,Male,all,Private,JSS,JSS1,JSS1,lga,Akure North,South West,Ondo,Akure North,,,926,0,28,44,26,33.0714,21.0455,35.6154
2023/2024,Male,all,Private,JSS,JSS1,JSS1,lga,Akure South,South West,Ondo,Akure South,,,949,0,28,46,27,33.8929,20.6304,35.1481
2023/2024,Male,all,Private,JSS,JSS1,JSS1,lga,Odigbo,South West,Ondo,Odigbo,,,955,0,28,47,28,34.1071,20.3191,34.1071
2023/2024,Male,all,Private,JSS,JSS1,JSS1,lga,Ondo East,South West,Ondo,Ondo East,,,975,0,28,45,26,34.8214,21.6667,37.5
2023/2024,Male,all,Private,JSS,JSS1,JSS1,lga,Ondo West,South West,Ondo,Ondo West,,,1051,0,32,50,30,32.8438,21.02,35.0333
2023/2024,Male,all,Private,JSS,JSS2,,lga,Akure North,South West,Ondo,Akure North,,,761,0,28,38,24,27.1786,20.0263,31.7083
2023/2024,Male,all,Private,JSS,JSS2,,lga,Akure South,South West,Ondo,Akure South,,,778,0,28,40,25,27.7857,19.45,31.12
2023/2024,Male,all,Private,JSS,JSS2,,lga,Odigbo,South West,Ondo,Odigbo,,,783,0,32,39,23,24.4688,20.0769,34.0435
2023/2024,Male,all,Private,JSS,JSS2,,lga,Ondo East,South West,Ondo,Ondo East,,,801,0,28,39,25,28.6071,20.5385,32.04
2023/2024,Male,all,Private,JSS,JSS2,,lga,Ondo West,South West,Ondo,Ondo West,,,863,0,32,42,26,26.9688,20.5476,33.1923
2023/2024,Male,all,Private,JSS,JSS3,,lga,Akure North,South West,Ondo,Akure North,,,605,0,28,30,20,21.6071,20.1667,30.25
2023/2024,Male,all,Private,JSS,JSS3,,lga,Akure South,South West,Ondo,Akure South,,,621,0,28,32,20,22.1786,19.4062,31.05
2023/2024,Male,all,Private,JSS,JSS3,,lga,Odigbo,South West,Ondo,Odigbo,,,623,0,32,32,21,19.4688,19.4688,29.6667
2023/2024,Male,all,Private,JSS,JSS3,,lga,Ondo East,South West,Ondo,Ondo East,,,640,0,28,31,21,22.8571,20.6452,30.4762
2023/2024,Male,all,Private,JSS,JSS3,,lga,Ondo West,South West,Ondo,Ondo West,,,691,0,32,35,22,21.5938,19.7429,31.4091
2023/2024,Male,all,Private,Pre-Primary/Primary,Primary 1,Primary 1,lga,Akure North,South West,Ondo,Akure North,,,3657,0,60,171,90,60.95,21.386,40.6333
2023/2024,Male,all,Private,Pre-Primary/Primary,Primary 1,Primary 1,lga,Akure South,South West,Ondo,Akure South,,,3029,0,48,148,77,63.1042,20.4662,39.3377
2023/2024,Male,all,Private,Pre-Primary/Primary,Primary 1,Primary 1,lga,Odigbo,South West,Ondo,Odigbo,,,3495,0,60,170,90,58.25,20.5588,38.8333
2023/2024,Male,all,Private,Pre-Primary/Primary,Primary 1,Primary 1,lga,Ondo East,South West,Ondo,Ondo East,,,1977,0,32,97,53,61.7812,20.3814,37.3019
2023/2024,Male,all,Private,Pre-Primary/Primary,Primary 1,Primary 1,lga,Ondo West,South West,Ondo,Ondo West,,,3478,0,60,166,87,57.9667,20.9518,39.977
2023/2024,Male,all,Private,Pre-Primary/Primary,Primary 2,,lga,Akure North,South West,Ondo,Akure North,,,3246,0,64,155,82,50.7188,20.9419,39.5854
2023/2024,Male,all,Private,Pre-Primary/Primary,Primary 2,,lga,Akure South,South West,Ondo,Akure South,,,2689,0,52,131,69,51.7115,20.5267,38.971
2023/2024,Male,all,Private,Pre-Primary/Primary,Primary 2,,lga,Odigbo,South West,Ondo,Odigbo,,,3105,0,56,152,81,55.4464,20.4276,38.3333
2023/2024,Male,all,Private,Pre-Primary/Primary,Primary 2,,lga,Ondo East,South West,Ondo,Ondo East,,,1757,0,36,88,48,48.8056,19.9659,36.6042
2023/2024,Male,all,Private,Pre-Primary/Primary,Primary 2,,lga,Ondo West,South West,Ondo,Ondo West,,,3087,0,56,148,78,55.125,20.8581,39.5769
2023/2024,Male,all,Private,Pre-Primary/Primary,Primary 3,,lga,Akure North,South West,Ondo,Akure North,,,2920,0,60,139,73,48.6667,21.0072,40.0
2023/2024,Male,all,Private,Pre-Primary/Primary,Primary 3,,lga,Akure South,South West,Ondo,Akure South,,,2419,0,52,118,63,46.5192,20.5,38.3968
2023/2024,Male,all,Private,Pre-Primary/Primary,Primary 3,,lga,Odigbo,South West,Ondo,Odigbo,,,2792,0,60,136,72,46.5333,20.5294,38.7778
2023/2024,Male,all,Private,Pre-Primary/Primary,Primary 3,,lga,Ondo East,South West,Ondo,Ondo East,,,1580,0,36,78,44,43.8889,20.2564,35.9091
2023/2024,Male,all,Private,Pre-Primary/Primary,Primary 3,,lga,Ondo West,South West,Ondo,Ondo West,,,2778,0,60,134,72,46.3,20.7313,38.5833
2023/2024,Male,all,Private,Pre-Primary/Primary,Primary 4,,lga,Akure North,South West,Ondo,Akure North,,,2669,0,60,128,69,44.4833,20.8516,38.6812
2023/2024,Male,all,Private,Pre-Primary/Primary,Primary 4,,lga,Akure South,South West,Ondo,Akure South,,,2210,0,52,109,59,42.5,20.2752,37.4576
2023/2024,Male,all,Private,Pre-Primary/Primary,Primary 4,,lga,Odigbo,South West,Ondo,Odigbo,,,2549,0,60,125,67,42.4833,20.392,38.0448
2023/2024,Male,all,Private,Pre-Primary/Primary,Primary 4,,lga,Ondo East,South West,Ondo,Ondo East,,,1443,0,32,73,40,45.0938,19.7671,36.075
2023/2024,Male,all,Private,Pre-Primary/Primary,Primary 4,,lga,Ondo West,South West,Ondo,Ondo West,,,2538,0,60,121,64,42.3,20.9752,39.6562
2023/2024,Male,all,Private,Pre-Primary/Primary,Primary 5,,lga,Akure North,South West,Ondo,Akure North,,,2499,0,64,120,64,39.0469,20.825,39.0469
2023/2024,Male,all,Private,Pre-Primary/Primary,Primary 5,,lga,Akure South,South West,Ondo,Akure South,,,2069,0,60,103,56,34.4833,20.0874,36.9464
2023/2024,Male,all,Private,Pre-Primary/Primary,Primary 5,,lga,Odigbo,South West,Ondo,Odigbo,,,2386,0,60,117,64,39.7667,20.3932,37.2812
2023/2024,Male,all,Private,Pre-Primary/Primary,Primary 5,,lga,Ondo East,South West,Ondo,Ondo East,,,1352,0,32,67,39,42.25,20.1791,34.6667
2023/2024,Male,all,Private,Pre-Primary/Primary,Primary 5,,lga,Ondo West,South West,Ondo,Ondo West,,,2376,0,56,114,62,42.4286,20.8421,38.3226
2023/2024,Male,all,Private,Pre-Primary/Primary,Primary 6,,lga,Akure North,South West,Ondo,Akure North,,,2259,0,60,109,58,37.65,20.7248,38.9483
2023/2024,Male,all,Private,Pre-Primary/Primary,Primary 6,,lga,Akure South,South West,Ondo,Akure South,,,1873,0,52,91,50,36.0192,20.5824,37.46
2023/2024,Male,all,Private,Pre-Primary/Primary,Primary 6,,lga,Odigbo,South West,Ondo,Odigbo,,,2157,0,60,107,58,35.95,20.1589,37.1897
2023/2024,Male,all,Private,Pre-Primary/Primary,Primary 6,,lga,Ondo East,South West,Ondo,Ondo East,,,1223,0,36,61,34,33.9722,20.0492,35.9706
2023/2024,Male,all,Private,Pre-Primary/Primary,Primary 6,,lga,Ondo West,South West,Ondo,Ondo West,,,2149,0,60,104,56,35.8167,20.6635,38.375
2023/2024,Male,all,Private,SSS,SSS1,SSS1,lga,Akure North,South West,Ondo,Akure North,,,1011,3,32,52,30,31.5938,19.4423,33.7
2023/2024,Male,all,Private,SSS,SSS1,SSS1,lga,Akure South,South West,Ondo,Akure South,,,1176,3,36,55,31,32.6667,21.3818,37.9355
2023/2024,Male,all,Private,SSS,SSS1,SSS1,lga,Odigbo,South West,Ondo,Odigbo,,,1023,3,32,49,30,31.9688,20.8776,34.1
2023/2024,Male,all,Private,SSS,SSS1,SSS1,lga,Ondo East,South West,Ondo,Ondo East,,,930,3,28,46,26,33.2143,20.2174,35.7692
2023/2024,Male,all,Private,SSS,SSS1,SSS1,lga,Ondo West,South West,Ondo,Ondo West,,,1200,3,36,55,31,33.3333,21.8182,38.7097
2023/2024,Male,all,Private,SSS,SSS2,,lga,Akure North,South West,Ondo,Akure North,,,815,3,32,41,25,25.4688,19.878,32.6
2023/2024,Male,all,Private,SSS,SSS2,,lga,Akure South,South West,Ondo,Akure South,,,949,3,36,45,27,26.3611,21.0889,35.1481
2023/2024,Male,all,Private,SSS,SSS2,,lga,Odigbo,South West,Ondo,Odigbo,,,822,3,32,41,25,25.6875,20.0488,32.88
2023/2024,Male,all,Private,SSS,SSS2,,lga,Ondo East,South West,Ondo,Ondo East,,,748,3,28,39,25,26.7143,19.1795,29.92
2023/2024,Male,all,Private,SSS,SSS2,,lga,Ondo West,South West,Ondo,Ondo West,,,966,3,32,46,29,30.1875,21.0,33.3103
2023/2024,Male,all,Private,SSS,SSS3,,lga,Akure North,South West,Ondo,Akure North,,,636,2,32,33,22,19.875,19.2727,28.9091
2023/2024,Male,all,Private,SSS,SSS3,,lga,Akure South,South West,Ondo,Akure South,,,737,3,36,36,23,20.4722,20.4722,32.0435
2023/2024,Male,all,Private,SSS,SSS3,,lga,Odigbo,South West,Ondo,Odigbo,,,641,2,32,32,22,20.0312,20.0312,29.1364
2023/2024,Male,all,Private,SSS,SSS3,,lga,Ondo East,South West,Ondo,Ondo East,,,584,2,28,32,20,20.8571,18.25,29.2
2023/2024,Male,all,Private,SSS,SSS3,,lga,Ondo West,South West,Ondo,Ondo West,,,751,3,36,37,22,20.8611,20.2973,34.1364
2023/2024,Male,all,Private,Vocational,Vocational Year 1,,lga,Akure North,South West,Ondo,Akure North,,,113,0,20,13,12,5.65,8.6923,9.4167
2023/2024,Male,all,Private,Vocational,Vocational Year 1,,lga,Akure South,South West,Ondo,Akure South,,,106,0,16,13,12,6.625,8.1538,8.8333
2023/2024,Male,all,Private,Vocational,Vocational Year 1,,lga,Odigbo,South West,Ondo,Odigbo,,,112,0,24,12,12,4.6667,9.3333,9.3333
2023/2024,Male,all,Private,Vocational,Vocational Year 1,,lga,Ondo East,South West,Ondo,Ondo East,,,102,0,20,12,12,5.1,8.5,8.5
2023/2024,Male,all,Private,Vocational,Vocational Year 1,,lga,Ondo West,South West,Ondo,Ondo West,,,111,0,16,13,12,6.9375,8.5385,9.25
2023/2024,Male,all,Private,Vocational,Vocational Year 2,,lga,Akure North,South West,Ondo,Akure North,,,95,0,20,12,12,4.75,7.9167,7.9167
2023/2024,Male,all,Private,Vocational,Vocational Year 2,,lga,Akure South,South West,Ondo,Akure South,,,90,0,16,12,12,5.625,7.5,7.5
2023/2024,Male,all,Private,Vocational,Vocational Year 2,,lga,Odigbo,South West,Ondo,Odigbo,,,94,0,20,12,12,4.7,7.8333,7.8333
2023/2024,Male,all,Private,Vocational,Vocational Year 2,,lga,Ondo East,South West,Ondo,Ondo East,,,87,0,20,12,12,4.35,7.25,7.25
2023/2024,Male,all,Private,Vocational,Vocational Year 2,,lga,Ondo West,South West,Ondo,Ondo West,,,94,0,20,13,12,4.7,7.2308,7.8333
2023/2024,Male,all,Private,Vocational,Vocational Year 3,,lga,Akure North,South West,Ondo,Akure North,,,69,0,20,12,12,3.45,5.75,5.75
2023/2024,Male,all,Private,Vocational,Vocational Year 3,,lga,Akure South,South West,Ondo,Akure South,,,66,0,20,12,12,3.3,5.5,5.5
2023/2024,Male,all,Private,Vocational,Vocational Year 3,,lga,Odigbo,South West,Ondo,Odigbo,,,68,0,16,12,12,4.25,5.6667,5.6667
2023/2024,Male,all,Private,Vocational,Vocational Year 3,,lga,Ondo East,South West,Ondo,Ondo East,,,64,0,20,12,12,3.2,5.3333,5.3333
2023/2024,Male,all,Private,Vocational,Vocational Year 3,,lga,Ondo West,South West,Ondo,Ondo West,,,69,0,20,12,12,3.45,5.75,5.75
2023/2024,Male,all,Public,Adult & Non-Formal,IQS/IQTS Stage 1,,lga,Akure North,South West,Ondo,Akure North,,,802,0,28,59,34,28.6429,13.5932,23.5882
2023/2024,Male,all,Public,Adult & Non-Formal,IQS/IQTS Stage 1,,lga,Akure South,South West,Ondo,Akure South,,,756,0,20,56,33,37.8,13.5,22.9091
2023/2024,Male,all,Public,Adult & Non-Formal,IQS/IQTS Stage 1,,lga,Odigbo,South West,Ondo,Odigbo,,,717,0,24,54,31,29.875,13.2778,23.129
2023/2024,Male,all,Public,Adult & Non-Formal,IQS/IQTS Stage 1,,lga,Ondo East,South West,Ondo,Ondo East,,,706,0,20,55,32,35.3,12.8364,22.0625
2023/2024,Male,all,Public,Adult & Non-Formal,IQS/IQTS Stage 1,,lga,Ondo West,South West,Ondo,Ondo West,,,720,0,20,56,33,36.0,12.8571,21.8182
2023/2024,Male,all,Public,Adult & Non-Formal,IQS/IQTS Stage 2,,lga,Akure North,South West,Ondo,Akure North,,,625,0,28,48,28,22.3214,13.0208,22.3214
2023/2024,Male,all,Public,Adult & Non-Formal,IQS/IQTS Stage 2,,lga,Akure South,South West,Ondo,Akure South,,,587,0,20,45,27,29.35,13.0444,21.7407
2023/2024,Male,all,Public,Adult & Non-Formal,IQS/IQTS Stage 2,,lga,Odigbo,South West,Ondo,Odigbo,,,558,0,24,43,26,23.25,12.9767,21.4615
2023/2024,Male,all,Public,Adult & Non-Formal,IQS/IQTS Stage 2,,lga,Ondo East,South West,Ondo,Ondo East,,,549,0,20,43,25,27.45,12.7674,21.96
2023/2024,Male,all,Public,Adult & Non-Formal,IQS/IQTS Stage 2,,lga,Ondo West,South West,Ondo,Ondo West,,,561,0,20,44,26,28.05,12.75,21.5769
2023/2024,Male,all,Public,Adult & Non-Formal,IQS/IQTS Stage 3,,lga,Akure North,South West,Ondo,Akure North,,,343,0,28,30,19,12.25,11.4333,18.0526
2023/2024,Male,all,Public,Adult & Non-Formal,IQS/IQTS Stage 3,,lga,Akure South,South West,Ondo,Akure South,,,322,0,20,27,18,16.1,11.9259,17.8889
2023/2024,Male,all,Public,Adult & Non-Formal,IQS/IQTS Stage 3,,lga,Odigbo,South West,Ondo,Odigbo,,,306,0,24,27,18,12.75,11.3333,17.0
2023/2024,Male,all,Public,Adult & Non-Formal,IQS/IQTS Stage 3,,lga,Ondo East,South West,Ondo,Ondo East,,,301,0,20,26,18,15.05,11.5769,16.7222
2023/2024,Male,all,Public,Adult & Non-Formal,IQS/IQTS Stage 3,,lga,Ondo West,South West,Ondo,Ondo West,,,307,0,20,26,17,15.35,11.8077,18.0588
2023/2024,Male,all,Public,JSS,JSS1,JSS1,lga,Akure North,South West,Ondo,Akure North,,,3162,0,100,135,72,31.62,23.4222,43.9167
2023/2024,Male,all,Public,JSS,JSS1,JSS1,lga,Akure South,South West,Ondo,Akure South,,,2958,0,88,129,69,33.6136,22.9302,42.8696
2023/2024,Male,all,Public,JSS,JSS1,JSS1,lga,Odigbo,South West,Ondo,Odigbo,,,2860,0,88,130,71,32.5,22.0,40.2817
2023/2024,Male,all,Public,JSS,JSS1,JSS1,lga,Ondo East,South West,Ondo,Ondo East,,,2755,0,88,121,65,31.3068,22.7686,42.3846
2023/2024,Male,all,Public,JSS,JSS1,JSS1,lga,Ondo West,South West,Ondo,Ondo West,,,2861,0,92,125,68,31.0978,22.888,42.0735
2023/2024,Male,all,Public,JSS,JSS2,,lga,Akure North,South West,Ondo,Akure North,,,2595,0,100,112,60,25.95,23.1696,43.25
2023/2024,Male,all,Public,JSS,JSS2,,lga,Akure South,South West,Ondo,Akure South,,,2430,0,88,106,58,27.6136,22.9245,41.8966
2023/2024,Male,all,Public,JSS,JSS2,,lga,Odigbo,South West,Ondo,Odigbo,,,2350,0,88,106,58,26.7045,22.1698,40.5172
2023/2024,Male,all,Public,JSS,JSS2,,lga,Ondo East,South West,Ondo,Ondo East,,,2263,0,84,100,55,26.9405,22.63,41.1455
2023/2024,Male,all,Public,JSS,JSS2,,lga,Ondo West,South West,Ondo,Ondo West,,,2348,0,88,104,56,26.6818,22.5769,41.9286
2023/2024,Male,all,Public,JSS,JSS3,,lga,Akure North,South West,Ondo,Akure North,,,2069,0,96,92,52,21.5521,22.4891,39.7885
2023/2024,Male,all,Public,JSS,JSS3,,lga,Akure South,South West,Ondo,Akure South,,,1937,0,88,87,47,22.0114,22.2644,41.2128
2023/2024,Male,all,Public,JSS,JSS3,,lga,Odigbo,South West,Ondo,Odigbo,,,1872,0,88,86,47,21.2727,21.7674,39.8298
2023/2024,Male,all,Public,JSS,JSS3,,lga,Ondo East,South West,Ondo,Ondo East,,,1804,0,80,82,46,22.55,22.0,39.2174
2023/2024,Male,all,Public,JSS,JSS3,,lga,Ondo West,South West,Ondo,Ondo West,,,1873,0,84,84,47,22.2976,22.2976,39.8511
2023/2024,Male,all,Public,Pre-Primary/Primary,Primary 1,Primary 1,lga,Akure North,South West,Ondo,Akure North,,,10382,0,172,491,248,60.3605,21.1446,41.8629
2023/2024,Male,all,Public,Pre-Primary/Primary,Primary 1,Primary 1,lga,Akure South,South West,Ondo,Akure South,,,10143,0,180,500,251,56.35,20.286,40.4104
2023/2024,Male,all,Public,Pre-Primary/Primary,Primary 1,Primary 1,lga,Odigbo,South West,Ondo,Odigbo,,,9809,0,172,477,241,57.0291,20.5639,40.7012
2023/2024,Male,all,Public,Pre-Primary/Primary,Primary 1,Primary 1,lga,Ondo East,South West,Ondo,Ondo East,,,11139,0,196,523,265,56.8316,21.2983,42.034
2023/2024,Male,all,Public,Pre-Primary/Primary,Primary 1,Primary 1,lga,Ondo West,South West,Ondo,Ondo West,,,10079,0,180,480,245,55.9944,20.9979,41.1388
2023/2024,Male,all,Public,Pre-Primary/Primary,Primary 2,,lga,Akure North,South West,Ondo,Akure North,,,9222,0,176,435,221,52.3977,21.2,41.7285
2023/2024,Male,all,Public,Pre-Primary/Primary,Primary 2,,lga,Akure South,South West,Ondo,Akure South,,,9008,0,184,443,224,48.9565,20.3341,40.2143
2023/2024,Male,all,Public,Pre-Primary/Primary,Primary 2,,lga,Odigbo,South West,Ondo,Odigbo,,,8707,0,168,423,213,51.8274,20.5839,40.8779
2023/2024,Male,all,Public,Pre-Primary/Primary,Primary 2,,lga,Ondo East,South West,Ondo,Ondo East,,,9893,0,188,465,236,52.6223,21.2753,41.9195
2023/2024,Male,all,Public,Pre-Primary/Primary,Primary 2,,lga,Ondo West,South West,Ondo,Ondo West,,,8952,0,172,426,218,52.0465,21.0141,41.0642
2023/2024,Male,all,Public,Pre-Primary/Primary,Primary 3,,lga,Akure North,South West,Ondo,Akure North,,,8292,0,180,392,201,46.0667,21.1531,41.2537
2023/2024,Male,all,Public,Pre-Primary/Primary,Primary 3,,lga,Akure South,South West,Ondo,Akure South,,,8098,0,188,398,200,43.0745,20.3467,40.49
2023/2024,Male,all,Public,Pre-Primary/Primary,Primary 3,,lga,Odigbo,South West,Ondo,Odigbo,,,7828,0,168,383,193,46.5952,20.4386,40.5596
2023/2024,Male,all,Public,Pre-Primary/Primary,Primary 3,,lga,Ondo East,South West,Ondo,Ondo East,,,8894,0,192,416,211,46.3229,21.3798,42.1517
2023/2024,Male,all,Public,Pre-Primary/Primary,Primary 3,,lga,Ondo West,South West,Ondo,Ondo West,,,8046,0,176,383,195,45.7159,21.0078,41.2615
2023/2024,Male,all,Public,Pre-Primary/Primary,Primary 4,,lga,Akure North,South West,Ondo,Akure North,,,7577,0,184,359,184,41.1793,21.1058,41.1793
2023/2024,Male,all,Public,Pre-Primary/Primary,Primary 4,,lga,Akure South,South West,Ondo,Akure South,,,7401,0,188,364,185,39.367,20.3324,40.0054
2023/2024,Male,all,Public,Pre-Primary/Primary,Primary 4,,lga,Odigbo,South West,Ondo,Odigbo,,,7158,0,176,350,176,40.6705,20.4514,40.6705
2023/2024,Male,all,Public,Pre-Primary/Primary,Primary 4,,lga,Ondo East,South West,Ondo,Ondo East,,,8127,0,184,379,191,44.1685,21.4433,42.5497
2023/2024,Male,all,Public,Pre-Primary/Primary,Primary 4,,lga,Ondo West,South West,Ondo,Ondo West,,,7354,0,176,349,178,41.7841,21.0716,41.3146
2023/2024,Male,all,Public,Pre-Primary/Primary,Primary 5,,lga,Akure North,South West,Ondo,Akure North,,,7094,0,176,337,172,40.3068,21.0504,41.2442
2023/2024,Male,all,Public,Pre-Primary/Primary,Primary 5,,lga,Akure South,South West,Ondo,Akure South,,,6931,0,180,342,173,38.5056,20.2661,40.0636
2023/2024,Male,all,Public,Pre-Primary/Primary,Primary 5,,lga,Odigbo,South West,Ondo,Odigbo,,,6698,0,172,325,164,38.9419,20.6092,40.8415
2023/2024,Male,all,Public,Pre-Primary/Primary,Primary 5,,lga,Ondo East,South West,Ondo,Ondo East,,,7610,0,188,357,181,40.4787,21.3165,42.0442
2023/2024,Male,all,Public,Pre-Primary/Primary,Primary 5,,lga,Ondo West,South West,Ondo,Ondo West,,,6886,0,172,327,166,40.0349,21.0581,41.4819
2023/2024,Male,all,Public,Pre-Primary/Primary,Primary 6,,lga,Akure North,South West,Ondo,Akure North,,,6413,0,176,302,154,36.4375,21.2351,41.6429
2023/2024,Male,all,Public,Pre-Primary/Primary,Primary 6,,lga,Akure South,South West,Ondo,Akure South,,,6266,0,180,308,158,34.8111,20.3442,39.6582
2023/2024,Male,all,Public,Pre-Primary/Primary,Primary 6,,lga,Odigbo,South West,Ondo,Odigbo,,,6058,0,172,292,150,35.2209,20.7466,40.3867
2023/2024,Male,all,Public,Pre-Primary/Primary,Primary 6,,lga,Ondo East,South West,Ondo,Ondo East,,,6880,0,192,323,165,35.8333,21.3003,41.697
2023/2024,Male,all,Public,Pre-Primary/Primary,Primary 6,,lga,Ondo West,South West,Ondo,Ondo West,,,6226,0,172,296,152,36.1977,21.0338,40.9605
2023/2024,Male,all,Public,SSS,SSS1,SSS1,lga,Akure North,South West,Ondo,Akure North,,,2374,3,76,108,59,31.2368,21.9815,40.2373
2023/2024,Male,all,Public,SSS,SSS1,SSS1,lga,Akure South,South West,Ondo,Akure South,,,2102,3,72,97,54,29.1944,21.6701,38.9259
2023/2024,Male,all,Public,SSS,SSS1,SSS1,lga,Odigbo,South West,Ondo,Odigbo,,,2309,3,72,104,57,32.0694,22.2019,40.5088
2023/2024,Male,all,Public,SSS,SSS1,SSS1,lga,Ondo East,South West,Ondo,Ondo East,,,2153,3,72,99,54,29.9028,21.7475,39.8704
2023/2024,Male,all,Public,SSS,SSS1,SSS1,lga,Ondo West,South West,Ondo,Ondo West,,,2099,3,68,96,52,30.8676,21.8646,40.3654
2023/2024,Male,all,Public,SSS,SSS2,,lga,Akure North,South West,Ondo,Akure North,,,1912,3,76,86,48,25.1579,22.2326,39.8333
2023/2024,Male,all,Public,SSS,SSS2,,lga,Akure South,South West,Ondo,Akure South,,,1694,3,68,79,45,24.9118,21.443,37.6444
2023/2024,Male,all,Public,SSS,SSS2,,lga,Odigbo,South West,Ondo,Odigbo,,,1862,3,76,85,47,24.5,21.9059,39.617
2023/2024,Male,all,Public,SSS,SSS2,,lga,Ondo East,South West,Ondo,Ondo East,,,1735,3,64,83,46,27.1094,20.9036,37.7174
2023/2024,Male,all,Public,SSS,SSS2,,lga,Ondo West,South West,Ondo,Ondo West,,,1690,3,72,78,42,23.4722,21.6667,40.2381
2023/2024,Male,all,Public,SSS,SSS3,,lga,Akure North,South West,Ondo,Akure North,,,1484,3,72,68,38,20.6111,21.8235,39.0526
2023/2024,Male,all,Public,SSS,SSS3,,lga,Akure South,South West,Ondo,Akure South,,,1317,3,64,63,35,20.5781,20.9048,37.6286
2023/2024,Male,all,Public,SSS,SSS3,,lga,Odigbo,South West,Ondo,Odigbo,,,1446,3,72,68,39,20.0833,21.2647,37.0769
2023/2024,Male,all,Public,SSS,SSS3,,lga,Ondo East,South West,Ondo,Ondo East,,,1349,3,68,64,37,19.8382,21.0781,36.4595
2023/2024,Male,all,Public,SSS,SSS3,,lga,Ondo West,South West,Ondo,Ondo West,,,1316,3,68,62,34,19.3529,21.2258,38.7059
2023/2024,Male,all,Public,Vocational,Vocational Year 1,,lga,Akure North,South West,Ondo,Akure North,,,140,0,28,14,12,5.0,10.0,11.6667
2023/2024,Male,all,Public,Vocational,Vocational Year 1,,lga,Akure South,South West,Ondo,Akure South,,,138,0,28,14,12,4.9286,9.8571,11.5
2023/2024,Male,all,Public,Vocational,Vocational Year 1,,lga,Odigbo,South West,Ondo,Odigbo,,,138,0,24,15,12,5.75,9.2,11.5
2023/2024,Male,all,Public,Vocational,Vocational Year 1,,lga,Ondo East,South West,Ondo,Ondo East,,,134,0,20,14,12,6.7,9.5714,11.1667
2023/2024,Male,all,Public,Vocational,Vocational Year 1,,lga,Ondo West,South West,Ondo,Ondo West,,,136,0,24,13,12,5.6667,10.4615,11.3333
2023/2024,Male,all,Public,Vocational,Vocational Year 2,,lga,Akure North,South West,Ondo,Akure North,,,118,0,24,13,12,4.9167,9.0769,9.8333
2023/2024,Male,all,Public,Vocational,Vocational Year 2,,lga,Akure South,South West,Ondo,Akure South,,,118,0,28,13,12,4.2143,9.0769,9.8333
2023/2024,Male,all,Public,Vocational,Vocational Year 2,,lga,Odigbo,South West,Ondo,Odigbo,,,115,0,24,13,12,4.7917,8.8462,9.5833
2023/2024,Male,all,Public,Vocational,Vocational Year 2,,lga,Ondo East,South West,Ondo,Ondo East,,,114,0,20,14,12,5.7,8.1429,9.5
2023/2024,Male,all,Public,Vocational,Vocational Year 2,,lga,Ondo West,South West,Ondo,Ondo West,,,117,0,24,13,12,4.875,9.0,9.75
2023/2024,Male,all,Public,Vocational,Vocational Year 3,,lga,Akure North,South West,Ondo,Akure North,,,86,0,24,12,12,3.5833,7.1667,7.1667
2023/2024,Male,all,Public,Vocational,Vocational Year 3,,lga,Akure South,South West,Ondo,Akure South,,,87,0,28,12,12,3.1071,7.25,7.25
2023/2024,Male,all,Public,Vocational,Vocational Year 3,,lga,Odigbo,South West,Ondo,Odigbo,,,85,0,24,12,12,3.5417,7.0833,7.0833
2023/2024,Male,all,Public,Vocational,Vocational Year 3,,lga,Ondo East,South West,Ondo,Ondo East,,,83,0,20,12,12,4.15,6.9167,6.9167
2023/2024,Male,all,Public,Vocational,Vocational Year 3,,lga,Ondo West,South West,Ondo,Ondo West,,,86,0,24,12,12,3.5833,7.1667,7.1667
2023/2024,Male,disabled,Private,Adult & Non-Formal,IQS/IQTS Stage 1,,lga,Akure North,South West,Ondo,Akure North,,,10,0,12,36,22,0.8333,0.2778,0.4545
2023/2024,Male,disabled,Private,Adult & Non-Formal,IQS/IQTS Stage 1,,lga,Akure South,South West,Ondo,Akure South,,,10,0,12,38,24,0.8333,0.2632,0.4167
2023/2024,Male,disabled,Private,Adult & Non-Formal,IQS/IQTS Stage 1,,lga,Odigbo,South West,Ondo,Odigbo,,,13,0,12,40,25,1.0833,0.325,0.52
2023/2024,Male,disabled,Private,Adult & Non-Formal,IQS/IQTS Stage 1,,lga,Ondo East,South West,Ondo,Ondo East,,,9,0,12,35,22,0.75,0.2571,0.4091
2023/2024,Male,disabled,Private,Adult & Non-Formal,IQS/IQTS Stage 1,,lga,Ondo West,South West,Ondo,Ondo West,,,11,0,16,39,24,0.6875,0.2821,0.4583
2023/2024,Male,disabled,Private,Adult & Non-Formal,IQS/IQTS Stage 2,,lga,Akure North,South West,Ondo,Akure North,,,7,0,12,29,19,0.5833,0.2414,0.3684
2023/2024,Male,disabled,Private,Adult & Non-Formal,IQS/IQTS Stage 2,,lga,Akure South,South West,Ondo,Akure South,,,8,0,12,31,20,0.6667,0.2581,0.4
2023/2024,Male,disabled,Private,Adult & Non-Formal,IQS/IQTS Stage 2,,lga,Odigbo,South West,Ondo,Odigbo,,,10,0,12,33,21,0.8333,0.303,0.4762
2023/2024,Male,disabled,Private,Adult & Non-Formal,IQS/IQTS Stage 2,,lga,Ondo East,South West,Ondo,Ondo East,,,7,0,12,31,20,0.5833,0.2258,0.35
2023/2024,Male,disabled,Private,Adult & Non-Formal,IQS/IQTS Stage 2,,lga,Ondo West,South West,Ondo,Ondo West,,,10,0,16,31,20,0.625,0.3226,0.5
2023/2024,Male,disabled,Private,Adult & Non-Formal,IQS/IQTS Stage 3,,lga,Akure North,South West,Ondo,Akure North,,,4,0,12,19,13,0.3333,0.2105,0.3077
2023/2024,Male,disabled,Private,Adult & Non-Formal,IQS/IQTS Stage 3,,lga,Akure South,South West,Ondo,Akure South,,,5,0,12,19,14,0.4167,0.2632,0.3571
2023/2024,Male,disabled,Private,Adult & Non-Formal,IQS/IQTS Stage 3,,lga,Odigbo,South West,Ondo,Odigbo,,,6,0,12,21,15,0.5,0.2857,0.4
2023/2024,Male,disabled,Private,Adult & Non-Formal,IQS/IQTS Stage 3,,lga,Ondo East,South West,Ondo,Ondo East,,,4,0,16,19,14,0.25,0.2105,0.2857
2023/2024,Male,disabled,Private,Adult & Non-Formal,IQS/IQTS Stage 3,,lga,Ondo West,South West,Ondo,Ondo West,,,5,0,16,20,14,0.3125,0.25,0.3571
2023/2024,Male,disabled,Private,JSS,JSS1,JSS1,lga,Akure North,South West,Ondo,Akure North,,,24,0,28,44,26,0.8571,0.5455,0.9231
2023/2024,Male,disabled,Private,JSS,JSS1,JSS1,lga,Akure South,South West,Ondo,Akure South,,,25,0,28,46,27,0.8929,0.5435,0.9259
2023/2024,Male,disabled,Private,JSS,JSS1,JSS1,lga,Odigbo,South West,Ondo,Odigbo,,,22,0,28,47,28,0.7857,0.4681,0.7857
2023/2024,Male,disabled,Private,JSS,JSS1,JSS1,lga,Ondo East,South West,Ondo,Ondo East,,,22,0,28,45,26,0.7857,0.4889,0.8462
2023/2024,Male,disabled,Private,JSS,JSS1,JSS1,lga,Ondo West,South West,Ondo,Ondo West,,,27,0,32,50,30,0.8438,0.54,0.9
2023/2024,Male,disabled,Private,JSS,JSS2,,lga,Akure North,South West,Ondo,Akure North,,,19,0,28,38,24,0.6786,0.5,0.7917
2023/2024,Male,disabled,Private,JSS,JSS2,,lga,Akure South,South West,Ondo,Akure South,,,19,0,28,40,25,0.6786,0.475,0.76
2023/2024,Male,disabled,Private,JSS,JSS2,,lga,Odigbo,South West,Ondo,Odigbo,,,18,0,32,39,23,0.5625,0.4615,0.7826
2023/2024,Male,disabled,Private,JSS,JSS2,,lga,Ondo East,South West,Ondo,Ondo East,,,18,0,28,39,25,0.6429,0.4615,0.72
2023/2024,Male,disabled,Private,JSS,JSS2,,lga,Ondo West,South West,Ondo,Ondo West,,,21,0,32,42,26,0.6562,0.5,0.8077
2023/2024,Male,disabled,Private,JSS,JSS3,,lga,Akure North,South West,Ondo,Akure North,,,16,0,28,30,20,0.5714,0.5333,0.8
2023/2024,Male,disabled,Private,JSS,JSS3,,lga,Akure South,South West,Ondo,Akure South,,,16,0,28,32,20,0.5714,0.5,0.8
2023/2024,Male,disabled,Private,JSS,JSS3,,lga,Odigbo,South West,Ondo,Odigbo,,,14,0,32,32,21,0.4375,0.4375,0.6667
2023/2024,Male,disabled,Private,JSS,JSS3,,lga,Ondo East,South West,Ondo,Ondo East,,,16,0,28,31,21,0.5714,0.5161,0.7619
2023/2024,Male,disabled,Private,JSS,JSS3,,lga,Ondo West,South West,Ondo,Ondo West,,,19,0,32,35,22,0.5938,0.5429,0.8636
2023/2024,Male,disabled,Private,Pre-Primary/Primary,Primary 1,Primary 1,lga,Akure North,South West,Ondo,Akure North,,,108,0,60,171,90,1.8,0.6316,1.2
2023/2024,Male,disabled,Private,Pre-Primary/Primary,Primary 1,Primary 1,lga,Akure South,South West,Ondo,Akure South,,,111,0,48,148,77,2.3125,0.75,1.4416
2023/2024,Male,disabled,Private,Pre-Primary/Primary,Primary 1,Primary 1,lga,Odigbo,South West,Ondo,Odigbo,,,90,0,60,170,90,1.5,0.5294,1.0
2023/2024,Male,disabled,Private,Pre-Primary/Primary,Primary 1,Primary 1,lga,Ondo East,South West,Ondo,Ondo East,,,62,0,32,97,53,1.9375,0.6392,1.1698
2023/2024,Male,disabled,Private,Pre-Primary/Primary,Primary 1,Primary 1,lga,Ondo West,South West,Ondo,Ondo West,,,97,0,60,166,87,1.6167,0.5843,1.1149
2023/2024,Male,disabled,Private,Pre-Primary/Primary,Primary 2,,lga,Akure North,South West,Ondo,Akure North,,,95,0,64,155,82,1.4844,0.6129,1.1585
2023/2024,Male,disabled,Private,Pre-Primary/Primary,Primary 2,,lga,Akure South,South West,Ondo,Akure South,,,98,0,52,131,69,1.8846,0.7481,1.4203
2023/2024,Male,disabled,Private,Pre-Primary/Primary,Primary 2,,lga,Odigbo,South West,Ondo,Odigbo,,,80,0,56,152,81,1.4286,0.5263,0.9877
2023/2024,Male,disabled,Private,Pre-Primary/Primary,Primary 2,,lga,Ondo East,South West,Ondo,Ondo East,,,56,0,36,88,48,1.5556,0.6364,1.1667
2023/2024,Male,disabled,Private,Pre-Primary/Primary,Primary 2,,lga,Ondo West,South West,Ondo,Ondo West,,,85,0,56,148,78,1.5179,0.5743,1.0897
2023/2024,Male,disabled,Private,Pre-Primary/Primary,Primary 3,,lga,Akure North,South West,Ondo,Akure North,,,87,0,60,139,73,1.45,0.6259,1.1918
2023/2024,Male,disabled,Private,Pre-Primary/Primary,Primary 3,,lga,Akure South,South West,Ondo,Akure South,,,90,0,52,118,63,1.7308,0.7627,1.4286
2023/2024,Male,disabled,Private,Pre-Primary/Primary,Primary 3,,lga,Odigbo,South West,Ondo,Odigbo,,,73,0,60,136,72,1.2167,0.5368,1.0139
2023/2024,Male,disabled,Private,Pre-Primary/Primary,Primary 3,,lga,Ondo East,South West,Ondo,Ondo East,,,50,0,36,78,44,1.3889,0.641,1.1364
2023/2024,Male,disabled,Private,Pre-Primary/Primary,Primary 3,,lga,Ondo West,South West,Ondo,Ondo West,,,78,0,60,134,72,1.3,0.5821,1.0833
2023/2024,Male,disabled,Private,Pre-Primary/Primary,Primary 4,,lga,Akure North,South West,Ondo,Akure North,,,79,0,60,128,69,1.3167,0.6172,1.1449
2023/2024,Male,disabled,Private,Pre-Primary/Primary,Primary 4,,lga,Akure South,South West,Ondo,Akure South,,,81,0,52,109,59,1.5577,0.7431,1.3729
2023/2024,Male,disabled,Private,Pre-Primary/Primary,Primary 4,,lga,Odigbo,South West,Ondo,Odigbo,,,66,0,60,125,67,1.1,0.528,0.9851
2023/2024,Male,disabled,Private,Pre-Primary/Primary,Primary 4,,lga,Ondo East,South West,Ondo,Ondo East,,,45,0,32,73,40,1.4062,0.6164,1.125
2023/2024,Male,disabled,Private,Pre-Primary/Primary,Primary 4,,lga,Ondo West,South West,Ondo,Ondo West,,,70,0,60,121,64,1.1667,0.5785,1.0938
2023/2024,Male,disabled,Private,Pre-Primary/Primary,Primary 5,,lga,Akure North,South West,Ondo,Akure North,,,75,0,64,120,64,1.1719,0.625,1.1719
2023/2024,Male,disabled,Private,Pre-Primary/Primary,Primary 5,,lga,Akure South,South West,Ondo,Akure South,,,75,0,60,103,56,1.25,0.7282,1.3393
2023/2024,Male,disabled,Private,Pre-Primary/Primary,Primary 5,,lga,Odigbo,South West,Ondo,Odigbo,,,62,0,60,117,64,1.0333,0.5299,0.9688
2023/2024,Male,disabled,Private,Pre-Primary/Primary,Primary 5,,lga,Ondo East,South West,Ondo,Ondo East,,,43,0,32,67,39,1.3438,0.6418,1.1026
2023/2024,Male,disabled,Private,Pre-Primary/Primary,Primary 5,,lga,Ondo West,South West,Ondo,Ondo West,,,66,0,56,114,62,1.1786,0.5789,1.0645
2023/2024,Male,disabled,Private,Pre-Primary/Primary,Primary 6,,lga,Akure North,South West,Ondo,Akure North,,,67,0,60,109,58,1.1167,0.6147,1.1552
2023/2024,Male,disabled,Private,Pre-Primary/Primary,Primary 6,,lga,Akure South,South West,Ondo,Akure South,,,70,0,52,91,50,1.3462,0.7692,1.4
2023/2024,Male,disabled,Private,Pre-Primary/Primary,Primary 6,,lga,Odigbo,South West,Ondo,Odigbo,,,55,0,60,107,58,0.9167,0.514,0.9483
2023/2024,Male,disabled,Private,Pre-Primary/Primary,Primary 6,,lga,Ondo East,South West,Ondo,Ondo East,,,39,0,36,61,34,1.0833,0.6393,1.1471
2023/2024,Male,disabled,Private,Pre-Primary/Primary,Primary 6,,lga,Ondo West,South West,Ondo,Ondo West,,,61,0,60,104,56,1.0167,0.5865,1.0893
2023/2024,Male,disabled,Private,SSS,SSS1,SSS1,lga,Akure North,South West,Ondo,Akure North,,,14,0,32,52,30,0.4375,0.2692,0.4667
2023/2024,Male,disabled,Private,SSS,SSS1,SSS1,lga,Akure South,South West,Ondo,Akure South,,,25,0,36,55,31,0.6944,0.4545,0.8065
2023/2024,Male,disabled,Private,SSS,SSS1,SSS1,lga,Odigbo,South West,Ondo,Odigbo,,,17,0,32,49,30,0.5312,0.3469,0.5667
2023/2024,Male,disabled,Private,SSS,SSS1,SSS1,lga,Ondo East,South West,Ondo,Ondo East,,,17,0,28,46,26,0.6071,0.3696,0.6538
2023/2024,Male,disabled,Private,SSS,SSS1,SSS1,lga,Ondo West,South West,Ondo,Ondo West,,,21,0,36,55,31,0.5833,0.3818,0.6774
2023/2024,Male,disabled,Private,SSS,SSS2,,lga,Akure North,South West,Ondo,Akure North,,,13,0,32,41,25,0.4062,0.3171,0.52
2023/2024,Male,disabled,Private,SSS,SSS2,,lga,Akure South,South West,Ondo,Akure South,,,20,0,36,45,27,0.5556,0.4444,0.7407
2023/2024,Male,disabled,Private,SSS,SSS2,,lga,Odigbo,South West,Ondo,Odigbo,,,14,0,32,41,25,0.4375,0.3415,0.56
2023/2024,Male,disabled,Private,SSS,SSS2,,lga,Ondo East,South West,Ondo,Ondo East,,,14,0,28,39,25,0.5,0.359,0.56
2023/2024,Male,disabled,Private,SSS,SSS2,,lga,Ondo West,South West,Ondo,Ondo West,,,17,0,32,46,29,0.5312,0.3696,0.5862
2023/2024,Male,disabled,Private,SSS,SSS3,,lga,Akure North,South West,Ondo,Akure North,,,11,0,32,33,22,0.3438,0.3333,0.5
2023/2024,Male,disabled,Private,SSS,SSS3,,lga,Akure South,South West,Ondo,Akure South,,,16,0,36,36,23,0.4444,0.4444,0.6957
2023/2024,Male,disabled,Private,SSS,SSS3,,lga,Odigbo,South West,Ondo,Odigbo,,,12,0,32,32,22,0.375,0.375,0.5455
2023/2024,Male,disabled,Private,SSS,SSS3,,lga,Ondo East,South West,Ondo,Ondo East,,,12,0,28,32,20,0.4286,0.375,0.6
2023/2024,Male,disabled,Private,SSS,SSS3,,lga,Ondo West,South West,Ondo,Ondo West,,,13,0,36,37,22,0.3611,0.3514,0.5909
2023/2024,Male,disabled,Private,Vocational,Vocational Year 1,,lga,Akure North,South West,Ondo,Akure North,,,2,0,20,13,12,0.1,0.1538,0.1667
2023/2024,Male,disabled,Private,Vocational,Vocational Year 1,,lga,Akure South,South West,Ondo,Akure South,,,2,0,16,13,12,0.125,0.1538,0.1667
2023/2024,Male,disabled,Private,Vocational,Vocational Year 1,,lga,Odigbo,South West,Ondo,Odigbo,,,3,0,24,12,12,0.125,0.25,0.25
2023/2024,Male,disabled,Private,Vocational,Vocational Year 1,,lga,Ondo East,South West,Ondo,Ondo East,,,1,0,20,12,12,0.05,0.0833,0.0833
2023/2024,Male,disabled,Private,Vocational,Vocational Year 1,,lga,Ondo West,South West,Ondo,Ondo West,,,1,0,16,13,12,0.0625,0.0769,0.0833
2023/2024,Male,disabled,Private,Vocational,Vocational Year 2,,lga,Akure North,South West,Ondo,Akure North,,,1,0,20,12,12,0.05,0.0833,0.0833
2023/2024,Male,disabled,Private,Vocational,Vocational Year 2,,lga,Akure South,South West,Ondo,Akure South,,,1,0,16,12,12,0.0625,0.0833,0.0833
2023/2024,Male,disabled,Private,Vocational,Vocational Year 2,,lga,Odigbo,South West,Ondo,Odigbo,,,1,0,20,12,12,0.05,0.0833,0.0833
2023/2024,Male,disabled,Private,Vocational,Vocational Year 2,,lga,Ondo East,South West,Ondo,Ondo East,,,1,0,20,12,12,0.05,0.0833,0.0833
2023/2024,Male,disabled,Private,Vocational,Vocational Year 2,,lga,Ondo West,South West,Ondo,Ondo West,,,1,0,20,13,12,0.05,0.0769,0.0833
2023/2024,Male,disabled,Private,Vocational,Vocational Year 3,,lga,Akure North,South West,Ondo,Akure North,,,0,0,20,12,12,0.0,0.0,0.0
2023/2024,Male,disabled,Private,Vocational,Vocational Year 3,,lga,Akure South,South West,Ondo,Akure South,,,1,0,20,12,12,0.05,0.0833,0.0833
2023/2024,Male,disabled,Private,Vocational,Vocational Year 3,,lga,Odigbo,South West,Ondo,Odigbo,,,0,0,16,12,12,0.0,0.0,0.0
2023/2024,Male,disabled,Private,Vocational,Vocational Year 3,,lga,Ondo East,South West,Ondo,Ondo East,,,0,0,20,12,12,0.0,0.0,0.0
2023/2024,Male,disabled,Private,Vocational,Vocational Year 3,,lga,Ondo West,South West,Ondo,Ondo West,,,1,0,20,12,12,0.05,0.0833,0.0833
2023/2024,Male,disabled,Public,Adult & Non-Formal,IQS/IQTS Stage 1,,lga,Akure North,South West,Ondo,Akure North,,,17,0,28,59,34,0.6071,0.2881,0.5
2023/2024,Male,disabled,Public,Adult & Non-Formal,IQS/IQTS Stage 1,,lga,Akure South,South West,Ondo,Akure South,,,16,0,20,56,33,0.8,0.2857,0.4848
2023/2024,Male,disabled,Public,Adult & Non-Formal,IQS/IQTS Stage 1,,lga,Odigbo,South West,Ondo,Odigbo,,,14,0,24,54,31,0.5833,0.2593,0.4516
2023/2024,Male,disabled,Public,Adult & Non-Formal,IQS/IQTS Stage 1,,lga,Ondo East,South West,Ondo,Ondo East,,,14,0,20,55,32,0.7,0.2545,0.4375
2023/2024,Male,disabled,Public,Adult & Non-Formal,IQS/IQTS Stage 1,,lga,Ondo West,South West,Ondo,Ondo West,,,15,0,20,56,33,0.75,0.2679,0.4545
2023/2024,Male,disabled,Public,Adult & Non-Formal,IQS/IQTS Stage 2,,lga,Akure North,South West,Ondo,Akure North,,,14,0,28,48,28,0.5,0.2917,0.5
2023/2024,Male,disabled,Public,Adult & Non-Formal,IQS/IQTS Stage 2,,lga,Akure South,South West,Ondo,Akure South,,,13,0,20,45,27,0.65,0.2889,0.4815
2023/2024,Male,disabled,Public,Adult & Non-Formal,IQS/IQTS Stage 2,,lga,Odigbo,South West,Ondo,Odigbo,,,11,0,24,43,26,0.4583,0.2558,0.4231
2023/2024,Male,disabled,Public,Adult & Non-Formal,IQS/IQTS Stage 2,,lga,Ondo East,South West,Ondo,Ondo East,,,11,0,20,43,25,0.55,0.2558,0.44
2023/2024,Male,disabled,Public,Adult & Non-Formal,IQS/IQTS Stage 2,,lga,Ondo West,South West,Ondo,Ondo West,,,12,0,20,44,26,0.6,0.2727,0.4615
2023/2024,Male,disabled,Public,Adult & Non-Formal,IQS/IQTS Stage 3,,lga,Akure North,South West,Ondo,Akure North,,,8,0,28,30,19,0.2857,0.2667,0.4211
2023/2024,Male,disabled,Public,Adult & Non-Formal,IQS/IQTS Stage 3,,lga,Akure South,South West,Ondo,Akure South,,,7,0,20,27,18,0.35,0.2593,0.3889
2023/2024,Male,disabled,Public,Adult & Non-Formal,IQS/IQTS Stage 3,,lga,Odigbo,South West,Ondo,Odigbo,,,6,0,24,27,18,0.25,0.2222,0.3333
2023/2024,Male,disabled,Public,Adult & Non-Formal,IQS/IQTS Stage 3,,lga,Ondo East,South West,Ondo,Ondo East,,,5,0,20,26,18,0.25,0.1923,0.2778
2023/2024,Male,disabled,Public,Adult & Non-Formal,IQS/IQTS Stage 3,,lga,Ondo West,South West,Ondo,Ondo West,,,6,0,20,26,17,0.3,0.2308,0.3529
2023/2024,Male,disabled,Public,JSS,JSS1,JSS1,lga,Akure North,South West,Ondo,Akure North,,,77,0,100,135,72,0.77,0.5704,1.0694
2023/2024,Male,disabled,Public,JSS,JSS1,JSS1,lga,Akure South,South West,Ondo,Akure South,,,75,0,88,129,69,0.8523,0.5814,1.087
2023/2024,Male,disabled,Public,JSS,JSS1,JSS1,lga,Odigbo,South West,Ondo,Odigbo,,,70,0,88,130,71,0.7955,0.5385,0.9859
2023/2024,Male,disabled,Public,JSS,JSS1,JSS1,lga,Ondo East,South West,Ondo,Ondo East,,,69,0,88,121,65,0.7841,0.5702,1.0615
2023/2024,Male,disabled,Public,JSS,JSS1,JSS1,lga,Ondo West,South West,Ondo,Ondo West,,,64,0,92,125,68,0.6957,0.512,0.9412
2023/2024,Male,disabled,Public,JSS,JSS2,,lga,Akure North,South West,Ondo,Akure North,,,66,0,100,112,60,0.66,0.5893,1.1
2023/2024,Male,disabled,Public,JSS,JSS2,,lga,Akure South,South West,Ondo,Akure South,,,61,0,88,106,58,0.6932,0.5755,1.0517
2023/2024,Male,disabled,Public,JSS,JSS2,,lga,Odigbo,South West,Ondo,Odigbo,,,58,0,88,106,58,0.6591,0.5472,1.0
2023/2024,Male,disabled,Public,JSS,JSS2,,lga,Ondo East,South West,Ondo,Ondo East,,,58,0,84,100,55,0.6905,0.58,1.0545
2023/2024,Male,disabled,Public,JSS,JSS2,,lga,Ondo West,South West,Ondo,Ondo West,,,51,0,88,104,56,0.5795,0.4904,0.9107
2023/2024,Male,disabled,Public,JSS,JSS3,,lga,Akure North,South West,Ondo,Akure North,,,51,0,96,92,52,0.5312,0.5543,0.9808
2023/2024,Male,disabled,Public,JSS,JSS3,,lga,Akure South,South West,Ondo,Akure South,,,48,0,88,87,47,0.5455,0.5517,1.0213
2023/2024,Male,disabled,Public,JSS,JSS3,,lga,Odigbo,South West,Ondo,Odigbo,,,44,0,88,86,47,0.5,0.5116,0.9362
2023/2024,Male,disabled,Public,JSS,JSS3,,lga,Ondo East,South West,Ondo,Ondo East,,,45,0,80,82,46,0.5625,0.5488,0.9783
2023/2024,Male,disabled,Public,JSS,JSS3,,lga,Ondo West,South West,Ondo,Ondo West,,,42,0,84,84,47,0.5,0.5,0.8936
2023/2024,Male,disabled,Public,Pre-Primary/Primary,Primary 1,Primary 1,lga,Akure North,South West,Ondo,Akure North,,,312,0,172,491,248,1.814,0.6354,1.2581
2023/2024,Male,disabled,Public,Pre-Primary/Primary,Primary 1,Primary 1,lga,Akure South,South West,Ondo,Akure South,,,281,0,180,500,251,1.5611,0.562,1.1195
2023/2024,Male,disabled,Public,Pre-Primary/Primary,Primary 1,Primary 1,lga,Odigbo,South West,Ondo,Odigbo,,,282,0,172,477,241,1.6395,0.5912,1.1701
2023/2024,Male,disabled,Public,Pre-Primary/Primary,Primary 1,Primary 1,lga,Ondo East,South West,Ondo,Ondo East,,,339,0,196,523,265,1.7296,0.6482,1.2792
2023/2024,Male,disabled,Public,Pre-Primary/Primary,Primary 1,Primary 1,lga,Ondo West,South West,Ondo,Ondo West,,,277,0,180,480,245,1.5389,0.5771,1.1306
2023/2024,Male,disabled,Public,Pre-Primary/Primary,Primary 2,,lga,Akure North,South West,Ondo,Akure North,,,277,0,176,435,221,1.5739,0.6368,1.2534
2023/2024,Male,disabled,Public,Pre-Primary/Primary,Primary 2,,lga,Akure South,South West,Ondo,Akure South,,,249,0,184,443,224,1.3533,0.5621,1.1116
2023/2024,Male,disabled,Public,Pre-Primary/Primary,Primary 2,,lga,Odigbo,South West,Ondo,Odigbo,,,247,0,168,423,213,1.4702,0.5839,1.1596
2023/2024,Male,disabled,Public,Pre-Primary/Primary,Primary 2,,lga,Ondo East,South West,Ondo,Ondo East,,,303,0,188,465,236,1.6117,0.6516,1.2839
2023/2024,Male,disabled,Public,Pre-Primary/Primary,Primary 2,,lga,Ondo West,South West,Ondo,Ondo West,,,246,0,172,426,218,1.4302,0.5775,1.1284
2023/2024,Male,disabled,Public,Pre-Primary/Primary,Primary 3,,lga,Akure North,South West,Ondo,Akure North,,,251,0,180,392,201,1.3944,0.6403,1.2488
2023/2024,Male,disabled,Public,Pre-Primary/Primary,Primary 3,,lga,Akure South,South West,Ondo,Akure South,,,223,0,188,398,200,1.1862,0.5603,1.115
2023/2024,Male,disabled,Public,Pre-Primary/Primary,Primary 3,,lga,Odigbo,South West,Ondo,Odigbo,,,222,0,168,383,193,1.3214,0.5796,1.1503
2023/2024,Male,disabled,Public,Pre-Primary/Primary,Primary 3,,lga,Ondo East,South West,Ondo,Ondo East,,,271,0,192,416,211,1.4115,0.6514,1.2844
2023/2024,Male,disabled,Public,Pre-Primary/Primary,Primary 3,,lga,Ondo West,South West,Ondo,Ondo West,,,221,0,176,383,195,1.2557,0.577,1.1333
2023/2024,Male,disabled,Public,Pre-Primary/Primary,Primary 4,,lga,Akure North,South West,Ondo,Akure North,,,228,0,184,359,184,1.2391,0.6351,1.2391
2023/2024,Male,disabled,Public,Pre-Primary/Primary,Primary 4,,lga,Akure South,South West,Ondo,Akure South,,,204,0,188,364,185,1.0851,0.5604,1.1027
2023/2024,Male,disabled,Public,Pre-Primary/Primary,Primary 4,,lga,Odigbo,South West,Ondo,Odigbo,,,206,0,176,350,176,1.1705,0.5886,1.1705
2023/2024,Male,disabled,Public,Pre-Primary/Primary,Primary 4,,lga,Ondo East,South West,Ondo,Ondo East,,,248,0,184,379,191,1.3478,0.6544,1.2984
2023/2024,Male,disabled,Public,Pre-Primary/Primary,Primary 4,,lga,Ondo West,South West,Ondo,Ondo West,,,203,0,176,349,178,1.1534,0.5817,1.1404
2023/2024,Male,disabled,Public,Pre-Primary/Primary,Primary 5,,lga,Akure North,South West,Ondo,Akure North,,,214,0,176,337,172,1.2159,0.635,1.2442
2023/2024,Male,disabled,Public,Pre-Primary/Primary,Primary 5,,lga,Akure South,South West,Ondo,Akure South,,,192,0,180,342,173,1.0667,0.5614,1.1098
2023/2024,Male,disabled,Public,Pre-Primary/Primary,Primary 5,,lga,Odigbo,South West,Ondo,Odigbo,,,191,0,172,325,164,1.1105,0.5877,1.1646
2023/2024,Male,disabled,Public,Pre-Primary/Primary,Primary 5,,lga,Ondo East,South West,Ondo,Ondo East,,,232,0,188,357,181,1.234,0.6499,1.2818
2023/2024,Male,disabled,Public,Pre-Primary/Primary,Primary 5,,lga,Ondo West,South West,Ondo,Ondo West,,,190,0,172,327,166,1.1047,0.581,1.1446
2023/2024,Male,disabled,Public,Pre-Primary/Primary,Primary 6,,lga,Akure North,South West,Ondo,Akure North,,,192,0,176,302,154,1.0909,0.6358,1.2468
2023/2024,Male,disabled,Public,Pre-Primary/Primary,Primary 6,,lga,Akure South,South West,Ondo,Akure South,,,174,0,180,308,158,0.9667,0.5649,1.1013
2023/2024,Male,disabled,Public,Pre-Primary/Primary,Primary 6,,lga,Odigbo,South West,Ondo,Odigbo,,,173,0,172,292,150,1.0058,0.5925,1.1533
2023/2024,Male,disabled,Public,Pre-Primary/Primary,Primary 6,,lga,Ondo East,South West,Ondo,Ondo East,,,210,0,192,323,165,1.0938,0.6502,1.2727
2023/2024,Male,disabled,Public,Pre-Primary/Primary,Primary 6,,lga,Ondo West,South West,Ondo,Ondo West,,,171,0,172,296,152,0.9942,0.5777,1.125
2023/2024,Male,disabled,Public,SSS,SSS1,SSS1,lga,Akure North,South West,Ondo,Akure North,,,36,0,76,108,59,0.4737,0.3333,0.6102
2023/2024,Male,disabled,Public,SSS,SSS1,SSS1,lga,Akure South,South West,Ondo,Akure South,,,38,0,72,97,54,0.5278,0.3918,0.7037
2023/2024,Male,disabled,Public,SSS,SSS1,SSS1,lga,Odigbo,South West,Ondo,Odigbo,,,44,0,72,104,57,0.6111,0.4231,0.7719
2023/2024,Male,disabled,Public,SSS,SSS1,SSS1,lga,Ondo East,South West,Ondo,Ondo East,,,35,0,72,99,54,0.4861,0.3535,0.6481
2023/2024,Male,disabled,Public,SSS,SSS1,SSS1,lga,Ondo West,South West,Ondo,Ondo West,,,38,0,68,96,52,0.5588,0.3958,0.7308
2023/2024,Male,disabled,Public,SSS,SSS2,,lga,Akure North,South West,Ondo,Akure North,,,29,0,76,86,48,0.3816,0.3372,0.6042
2023/2024,Male,disabled,Public,SSS,SSS2,,lga,Akure South,South West,Ondo,Akure South,,,31,0,68,79,45,0.4559,0.3924,0.6889
2023/2024,Male,disabled,Public,SSS,SSS2,,lga,Odigbo,South West,Ondo,Odigbo,,,37,0,76,85,47,0.4868,0.4353,0.7872
2023/2024,Male,disabled,Public,SSS,SSS2,,lga,Ondo East,South West,Ondo,Ondo East,,,29,0,64,83,46,0.4531,0.3494,0.6304
2023/2024,Male,disabled,Public,SSS,SSS2,,lga,Ondo West,South West,Ondo,Ondo West,,,30,0,72,78,42,0.4167,0.3846,0.7143
2023/2024,Male,disabled,Public,SSS,SSS3,,lga,Akure North,South West,Ondo,Akure North,,,22,0,72,68,38,0.3056,0.3235,0.5789
2023/2024,Male,disabled,Public,SSS,SSS3,,lga,Akure South,South West,Ondo,Akure South,,,23,0,64,63,35,0.3594,0.3651,0.6571
2023/2024,Male,disabled,Public,SSS,SSS3,,lga,Odigbo,South West,Ondo,Odigbo,,,28,0,72,68,39,0.3889,0.4118,0.7179
2023/2024,Male,disabled,Public,SSS,SSS3,,lga,Ondo East,South West,Ondo,Ondo East,,,22,0,68,64,37,0.3235,0.3438,0.5946
2023/2024,Male,disabled,Public,SSS,SSS3,,lga,Ondo West,South West,Ondo,Ondo West,,,25,0,68,62,34,0.3676,0.4032,0.7353
2023/2024,Male,disabled,Public,Vocational,Vocational Year 1,,lga,Akure North,South West,Ondo,Akure North,,,3,0,28,14,12,0.1071,0.2143,0.25
2023/2024,Male,disabled,Public,Vocational,Vocational Year 1,,lga,Akure South,South West,Ondo,Akure South,,,2,0,28,14,12,0.0714,0.1429,0.1667
2023/2024,Male,disabled,Public,Vocational,Vocational Year 1,,lga,Odigbo,South West,Ondo,Odigbo,,,3,0,24,15,12,0.125,0.2,0.25
2023/2024,Male,disabled,Public,Vocational,Vocational Year 1,,lga,Ondo East,South West,Ondo,Ondo East,,,3,0,20,14,12,0.15,0.2143,0.25
2023/2024,Male,disabled,Public,Vocational,Vocational Year 1,,lga,Ondo West,South West,Ondo,Ondo West,,,3,0,24,13,12,0.125,0.2308,0.25
2023/2024,Male,disabled,Public,Vocational,Vocational Year 2,,lga,Akure North,South West,Ondo,Akure North,,,2,0,24,13,12,0.0833,0.1538,0.1667
2023/2024,Male,disabled,Public,Vocational,Vocational Year 2,,lga,Akure South,South West,Ondo,Akure South,,,2,0,28,13,12,0.0714,0.1538,0.1667
2023/2024,Male,disabled,Public,Vocational,Vocational Year 2,,lga,Odigbo,South West,Ondo,Odigbo,,,1,0,24,13,12,0.0417,0.0769,0.0833
2023/2024,Male,disabled,Public,Vocational,Vocational Year 2,,lga,Ondo East,South West,Ondo,Ondo East,,,2,0,20,14,12,0.1,0.1429,0.1667
2023/2024,Male,disabled,Public,Vocational,Vocational Year 2,,lga,Ondo West,South West,Ondo,Ondo West,,,3,0,24,13,12,0.125,0.2308,0.25
2023/2024,Male,disabled,Public,Vocational,Vocational Year 3,,lga,Akure North,South West,Ondo,Akure North,,,0,0,24,12,12,0.0,0.0,0.0
2023/2024,Male,disabled,Public,Vocational,Vocational Year 3,,lga,Akure South,South West,Ondo,Akure South,,,2,0,28,12,12,0.0714,0.1667,0.1667
2023/2024,Male,disabled,Public,Vocational,Vocational Year 3,,lga,Odigbo,South West,Ondo,Odigbo,,,1,0,24,12,12,0.0417,0.0833,0.0833
2023/2024,Male,disabled,Public,Vocational,Vocational Year 3,,lga,Ondo East,South West,Ondo,Ondo East,,,1,0,20,12,12,0.05,0.0833,0.0833
2023/2024,Male,disabled,Public,Vocational,Vocational Year 3,,lga,Ondo West,South West,Ondo,Ondo West,,,2,0,24,12,12,0.0833,0.1667,0.1667
2024/2025,Female,all,Private,Adult & Non-Formal,IQS/IQTS Stage 1,,lga,Akure North,South West,Ondo,Akure North,,,310,0,12,36,22,25.8333,8.6111,14.0909
2024/2025,Female,all,Private,Adult & Non-Formal,IQS/IQTS Stage 1,,lga,Akure South,South West,Ondo,Akure South,,,313,0,12,36,23,26.0833,8.6944,13.6087
2024/2025,Female,all,Private,Adult & Non-Formal,IQS/IQTS Stage 1,,lga,Odigbo,South West,Ondo,Odigbo,,,346,0,12,38,24,28.8333,9.1053,14.4167
2024/2025,Female,all,Private,Adult & Non-Formal,IQS/IQTS Stage 1,,lga,Ondo East,South West,Ondo,Ondo East,,,328,0,12,36,23,27.3333,9.1111,14.2609
2024/2025,Female,all,Private,Adult & Non-Formal,IQS/IQTS Stage 1,,lga,Ondo West,South West,Ondo,Ondo West,,,344,0,16,38,24,21.5,9.0526,14.3333
2024/2025,Female,all,Private,Adult & Non-Formal,IQS/IQTS Stage 2,,lga,Akure North,South West,Ondo,Akure North,,,241,0,16,29,19,15.0625,8.3103,12.6842
2024/2025,Female,all,Private,Adult & Non-Formal,IQS/IQTS Stage 2,,lga,Akure South,South West,Ondo,Akure South,,,242,0,12,29,19,20.1667,8.3448,12.7368
2024/2025,Female,all,Private,Adult & Non-Formal,IQS/IQTS Stage 2,,lga,Odigbo,South West,Ondo,Odigbo,,,267,0,12,31,20,22.25,8.6129,13.35
2024/2025,Female,all,Private,Adult & Non-Formal,IQS/IQTS Stage 2,,lga,Ondo East,South West,Ondo,Ondo East,,,255,0,12,30,20,21.25,8.5,12.75
2024/2025,Female,all,Private,Adult & Non-Formal,IQS/IQTS Stage 2,,lga,Ondo West,South West,Ondo,Ondo West,,,267,0,16,32,21,16.6875,8.3438,12.7143
2024/2025,Female,all,Private,Adult & Non-Formal,IQS/IQTS Stage 3,,lga,Akure North,South West,Ondo,Akure North,,,131,0,16,19,14,8.1875,6.8947,9.3571
2024/2025,Female,all,Private,Adult & Non-Formal,IQS/IQTS Stage 3,,lga,Akure South,South West,Ondo,Akure South,,,132,0,12,19,13,11.0,6.9474,10.1538
2024/2025,Female,all,Private,Adult & Non-Formal,IQS/IQTS Stage 3,,lga,Odigbo,South West,Ondo,Odigbo,,,146,0,12,20,14,12.1667,7.3,10.4286
2024/2025,Female,all,Private,Adult & Non-Formal,IQS/IQTS Stage 3,,lga,Ondo East,South West,Ondo,Ondo East,,,137,0,12,18,13,11.4167,7.6111,10.5385
2024/2025,Female,all,Private,Adult & Non-Formal,IQS/IQTS Stage 3,,lga,Ondo West,South West,Ondo,Ondo West,,,143,0,16,20,14,8.9375,7.15,10.2143
2024/2025,Female,all,Private,JSS,JSS1,JSS1,lga,Akure North,South West,Ondo,Akure North,,,1315,0,36,59,34,36.5278,22.2881,38.6765
2024/2025,Female,all,Private,JSS,JSS1,JSS1,lga,Akure South,South West,Ondo,Akure South,,,1105,0,28,55,32,39.4643,20.0909,34.5312
2024/2025,Female,all,Private,JSS,JSS1,JSS1,lga,Odigbo,South West,Ondo,Odigbo,,,1045,0,28,49,29,37.3214,21.3265,36.0345
2024/2025,Female,all,Private,JSS,JSS1,JSS1,lga,Ondo East,South West,Ondo,Ondo East,,,1158,0,32,53,32,36.1875,21.8491,36.1875
2024/2025,Female,all,Private,JSS,JSS1,JSS1,lga,Ondo West,South West,Ondo,Ondo West,,,1166,0,28,54,31,41.6429,21.5926,37.6129
2024/2025,Female,all,Private,JSS,JSS2,,lga,Akure North,South West,Ondo,Akure North,,,1079,0,36,50,30,29.9722,21.58,35.9667
2024/2025,Female,all,Private,JSS,JSS2,,lga,Akure South,South West,Ondo,Akure South,,,908,0,32,45,26,28.375,20.1778,34.9231
2024/2025,Female,all,Private,JSS,JSS2,,lga,Odigbo,South West,Ondo,Odigbo,,,857,0,28,41,26,30.6071,20.9024,32.9615
2024/2025,Female,all,Private,JSS,JSS2,,lga,Ondo East,South West,Ondo,Ondo East,,,951,0,32,45,27,29.7188,21.1333,35.2222
2024/2025,Female,all,Private,JSS,JSS2,,lga,Ondo West,South West,Ondo,Ondo West,,,959,0,28,46,28,34.25,20.8478,34.25
2024/2025,Female,all,Private,JSS,JSS3,,lga,Akure North,South West,Ondo,Akure North,,,861,0,36,42,25,23.9167,20.5,34.44
2024/2025,Female,all,Private,JSS,JSS3,,lga,Akure South,South West,Ondo,Akure South,,,722,0,28,37,23,25.7857,19.5135,31.3913
2024/2025,Female,all,Private,JSS,JSS3,,lga,Odigbo,South West,Ondo,Odigbo,,,681,0,28,34,21,24.3214,20.0294,32.4286
2024/2025,Female,all,Private,JSS,JSS3,,lga,Ondo East,South West,Ondo,Ondo East,,,756,0,32,37,23,23.625,20.4324,32.8696
2024/2025,Female,all,Private,JSS,JSS3,,lga,Ondo West,South West,Ondo,Ondo West,,,761,0,32,39,25,23.7812,19.5128,30.44
2024/2025,Female,all,Private,Pre-Primary/Primary,Primary 1,Primary 1,lga,Akure North,South West,Ondo,Akure North,,,2445,0,40,129,70,61.125,18.9535,34.9286
2024/2025,Female,all,Private,Pre-Primary/Primary,Primary 1,Primary 1,lga,Akure South,South West,Ondo,Akure South,,,3108,0,52,158,86,59.7692,19.6709,36.1395
2024/2025,Female,all,Private,Pre-Primary/Primary,Primary 1,Primary 1,lga,Odigbo,South West,Ondo,Odigbo,,,2585,0,40,133,73,64.625,19.4361,35.411
2024/2025,Female,all,Private,Pre-Primary/Primary,Primary 1,Primary 1,lga,Ondo East,South West,Ondo,Ondo East,,,3285,0,56,172,92,58.6607,19.0988,35.7065
2024/2025,Female,all,Private,Pre-Primary/Primary,Primary 1,Primary 1,lga,Ondo West,South West,Ondo,Ondo West,,,2791,0,44,144,79,63.4318,19.3819,35.3291
2024/2025,Female,all,Private,Pre-Primary/Primary,Primary 2,,lga,Akure North,South West,Ondo,Akure North,,,2168,0,40,115,63,54.2,18.8522,34.4127
2024/2025,Female,all,Private,Pre-Primary/Primary,Primary 2,,lga,Akure South,South West,Ondo,Akure South,,,2759,0,48,141,77,57.4792,19.5674,35.8312
2024/2025,Female,all,Private,Pre-Primary/Primary,Primary 2,,lga,Odigbo,South West,Ondo,Odigbo,,,2294,0,44,118,64,52.1364,19.4407,35.8438
2024/2025,Female,all,Private,Pre-Primary/Primary,Primary 2,,lga,Ondo East,South West,Ondo,Ondo East,,,2915,0,52,153,83,56.0577,19.0523,35.1205
2024/2025,Female,all,Private,Pre-Primary/Primary,Primary 2,,lga,Ondo West,South West,Ondo,Ondo West,,,2479,0,48,128,71,51.6458,19.3672,34.9155
2024/2025,Female,all,Private,Pre-Primary/Primary,Primary 3,,lga,Akure North,South West,Ondo,Akure North,,,1951,0,44,104,57,44.3409,18.7596,34.2281
2024/2025,Female,all,Private,Pre-Primary/Primary,Primary 3,,lga,Akure South,South West,Ondo,Akure South,,,2477,0,52,127,69,47.6346,19.5039,35.8986
2024/2025,Female,all,Private,Pre-Primary/Primary,Primary 3,,lga,Odigbo,South West,Ondo,Odigbo,,,2062,0,44,107,58,46.8636,19.271,35.5517
2024/2025,Female,all,Private,Pre-Primary/Primary,Primary 3,,lga,Ondo East,South West,Ondo,Ondo East,,,2620,0,60,138,76,43.6667,18.9855,34.4737
2024/2025,Female,all,Private,Pre-Primary/Primary,Primary 3,,lga,Ondo West,South West,Ondo,Ondo West,,,2225,0,44,116,64,50.5682,19.181,34.7656
2024/2025,Female,all,Private,Pre-Primary/Primary,Primary 4,,lga,Akure North,South West,Ondo,Akure North,,,1783,0,40,95,52,44.575,18.7684,34.2885
2024/2025,Female,all,Private,Pre-Primary/Primary,Primary 4,,lga,Akure South,South West,Ondo,Akure South,,,2263,0,52,118,65,43.5192,19.178,34.8154
2024/2025,Female,all,Private,Pre-Primary/Primary,Primary 4,,lga,Odigbo,South West,Ondo,Odigbo,,,1885,0,40,98,53,47.125,19.2347,35.566
2024/2025,Female,all,Private,Pre-Primary/Primary,Primary 4,,lga,Ondo East,South West,Ondo,Ondo East,,,2394,0,56,127,70,42.75,18.8504,34.2
2024/2025,Female,all,Private,Pre-Primary/Primary,Primary 4,,lga,Ondo West,South West,Ondo,Ondo West,,,2036,0,48,107,59,42.4167,19.028,34.5085
2024/2025,Female,all,Private,Pre-Primary/Primary,Primary 5,,lga,Akure North,South West,Ondo,Akure North,,,1669,0,40,90,49,41.725,18.5444,34.0612
2024/2025,Female,all,Private,Pre-Primary/Primary,Primary 5,,lga,Akure South,South West,Ondo,Akure South,,,2120,0,52,109,61,40.7692,19.4495,34.7541
2024/2025,Female,all,Private,Pre-Primary/Primary,Primary 5,,lga,Odigbo,South West,Ondo,Odigbo,,,1765,0,44,92,51,40.1136,19.1848,34.6078
2024/2025,Female,all,Private,Pre-Primary/Primary,Primary 5,,lga,Ondo East,South West,Ondo,Ondo East,,,2241,0,56,119,67,40.0179,18.8319,33.4478
2024/2025,Female,all,Private,Pre-Primary/Primary,Primary 5,,lga,Ondo West,South West,Ondo,Ondo West,,,1908,0,44,100,54,43.3636,19.08,35.3333
2024/2025,Female,all,Private,Pre-Primary/Primary,Primary 6,,lga,Akure North,South West,Ondo,Akure North,,,1509,0,36,81,45,41.9167,18.6296,33.5333
2024/2025,Female,all,Private,Pre-Primary/Primary,Primary 6,,lga,Akure South,South West,Ondo,Akure South,,,1917,0,52,100,55,36.8654,19.17,34.8545
2024/2025,Female,all,Private,Pre-Primary/Primary,Primary 6,,lga,Odigbo,South West,Ondo,Odigbo,,,1595,0,44,85,47,36.25,18.7647,33.9362
2024/2025,Female,all,Private,Pre-Primary/Primary,Primary 6,,lga,Ondo East,South West,Ondo,Ondo East,,,2027,0,56,108,58,36.1964,18.7685,34.9483
2024/2025,Female,all,Private,Pre-Primary/Primary,Primary 6,,lga,Ondo West,South West,Ondo,Ondo West,,,1723,0,48,91,50,35.8958,18.9341,34.46
2024/2025,Female,all,Private,SSS,SSS1,SSS1,lga,Akure North,South West,Ondo,Akure North,,,915,3,36,49,28,25.4167,18.6735,32.6786
2024/2025,Female,all,Private,SSS,SSS1,SSS1,lga,Akure South,South West,Ondo,Akure South,,,1001,3,32,50,29,31.2812,20.02,34.5172
2024/2025,Female,all,Private,SSS,SSS1,SSS1,lga,Odigbo,South West,Ondo,Odigbo,,,910,3,32,49,29,28.4375,18.5714,31.3793
2024/2025,Female,all,Private,SSS,SSS1,SSS1,lga,Ondo East,South West,Ondo,Ondo East,,,926,3,32,51,31,28.9375,18.1569,29.871
2024/2025,Female,all,Private,SSS,SSS1,SSS1,lga,Ondo West,South West,Ondo,Ondo West,,,1077,3,40,59,33,26.925,18.2542,32.6364
2024/2025,Female,all,Private,SSS,SSS2,,lga,Akure North,South West,Ondo,Akure North,,,737,3,36,42,26,20.4722,17.5476,28.3462
2024/2025,Female,all,Private,SSS,SSS2,,lga,Akure South,South West,Ondo,Akure South,,,803,3,32,42,26,25.0938,19.119,30.8846
2024/2025,Female,all,Private,SSS,SSS2,,lga,Odigbo,South West,Ondo,Odigbo,,,729,3,36,40,25,20.25,18.225,29.16
2024/2025,Female,all,Private,SSS,SSS2,,lga,Ondo East,South West,Ondo,Ondo East,,,742,3,36,41,25,20.6111,18.0976,29.68
2024/2025,Female,all,Private,SSS,SSS2,,lga,Ondo West,South West,Ondo,Ondo West,,,866,3,44,48,30,19.6818,18.0417,28.8667
2024/2025,Female,all,Private,SSS,SSS3,,lga,Akure North,South West,Ondo,Akure North,,,571,3,32,34,20,17.8438,16.7941,28.55
2024/2025,Female,all,Private,SSS,SSS3,,lga,Akure South,South West,Ondo,Akure South,,,627,3,32,34,22,19.5938,18.4412,28.5
2024/2025,Female,all,Private,SSS,SSS3,,lga,Odigbo,South West,Ondo,Odigbo,,,567,3,32,32,20,17.7188,17.7188,28.35
2024/2025,Female,all,Private,SSS,SSS3,,lga,Ondo East,South West,Ondo,Ondo East,,,577,3,36,34,22,16.0278,16.9706,26.2273
2024/2025,Female,all,Private,SSS,SSS3,,lga,Ondo West,South West,Ondo,Ondo West,,,672,3,44,39,23,15.2727,17.2308,29.2174
2024/2025,Female,all,Private,Vocational,Vocational Year 1,,lga,Akure North,South West,Ondo,Akure North,,,51,0,24,12,12,2.125,4.25,4.25
2024/2025,Female,all,Private,Vocational,Vocational Year 1,,lga,Akure South,South West,Ondo,Akure South,,,53,0,16,13,12,3.3125,4.0769,4.4167
2024/2025,Female,all,Private,Vocational,Vocational Year 1,,lga,Odigbo,South West,Ondo,Odigbo,,,54,0,20,12,12,2.7,4.5,4.5
2024/2025,Female,all,Private,Vocational,Vocational Year 1,,lga,Ondo East,South West,Ondo,Ondo East,,,45,0,16,12,12,2.8125,3.75,3.75
2024/2025,Female,all,Private,Vocational,Vocational Year 1,,lga,Ondo West,South West,Ondo,Ondo West,,,51,0,24,13,12,2.125,3.9231,4.25
2024/2025,Female,all,Private,Vocational,Vocational Year 2,,lga,Akure North,South West,Ondo,Akure North,,,43,0,24,12,12,1.7917,3.5833,3.5833
2024/2025,Female,all,Private,Vocational,Vocational Year 2,,lga,Akure South,South West,Ondo,Akure South,,,45,0,20,12,12,2.25,3.75,3.75
2024/2025,Female,all,Private,Vocational,Vocational Year 2,,lga,Odigbo,South West,Ondo,Odigbo,,,46,0,20,12,12,2.3,3.8333,3.8333
2024/2025,Female,all,Private,Vocational,Vocational Year 2,,lga,Ondo East,South West,Ondo,Ondo East,,,39,0,20,12,12,1.95,3.25,3.25
2024/2025,Female,all,Private,Vocational,Vocational Year 2,,lga,Ondo West,South West,Ondo,Ondo West,,,43,0,16,13,12,2.6875,3.3077,3.5833
2024/2025,Female,all,Private,Vocational,Vocational Year 3,,lga,Akure North,South West,Ondo,Akure North,,,30,0,24,12,12,1.25,2.5,2.5
2024/2025,Female,all,Private,Vocational,Vocational Year 3,,lga,Akure South,South West,Ondo,Akure South,,,31,0,16,12,12,1.9375,2.5833,2.5833
2024/2025,Female,all,Private,Vocational,Vocational Year 3,,lga,Odigbo,South West,Ondo,Odigbo,,,33,0,24,12,12,1.375,2.75,2.75
2024/2025,Female,all,Private,Vocational,Vocational Year 3,,lga,Ondo East,South West,Ondo,Ondo East,,,27,0,20,12,12,1.35,2.25,2.25
2024/2025,Female,all,Private,Vocational,Vocational Year 3,,lga,Ondo West,South West,Ondo,Ondo West,,,31,0,16,12,12,1.9375,2.5833,2.5833
2024/2025,Female,all,Public,Adult & Non-Formal,IQS/IQTS Stage 1,,lga,Akure North,South West,Ondo,Akure North,,,572,0,24,58,33,23.8333,9.8621,17.3333
2024/2025,Female,all,Public,Adult & Non-Formal,IQS/IQTS Stage 1,,lga,Akure South,South West,Ondo,Akure South,,,534,0,24,55,32,22.25,9.7091,16.6875
2024/2025,Female,all,Public,Adult & Non-Formal,IQS/IQTS Stage 1,,lga,Odigbo,South West,Ondo,Odigbo,,,491,0,24,53,32,20.4583,9.2642,15.3438
2024/2025,Female,all,Public,Adult & Non-Formal,IQS/IQTS Stage 1,,lga,Ondo East,South West,Ondo,Ondo East,,,498,0,20,51,30,24.9,9.7647,16.6
2024/2025,Female,all,Public,Adult & Non-Formal,IQS/IQTS Stage 1,,lga,Ondo West,South West,Ondo,Ondo West,,,519,0,20,53,31,25.95,9.7925,16.7419
2024/2025,Female,all,Public,Adult & Non-Formal,IQS/IQTS Stage 2,,lga,Akure North,South West,Ondo,Akure North,,,441,0,24,47,28,18.375,9.383,15.75
2024/2025,Female,all,Public,Adult & Non-Formal,IQS/IQTS Stage 2,,lga,Akure South,South West,Ondo,Akure South,,,416,0,24,45,28,17.3333,9.2444,14.8571
2024/2025,Female,all,Public,Adult & Non-Formal,IQS/IQTS Stage 2,,lga,Odigbo,South West,Ondo,Odigbo,,,382,0,24,43,27,15.9167,8.8837,14.1481
2024/2025,Female,all,Public,Adult & Non-Formal,IQS/IQTS Stage 2,,lga,Ondo East,South West,Ondo,Ondo East,,,386,0,20,41,25,19.3,9.4146,15.44
2024/2025,Female,all,Public,Adult & Non-Formal,IQS/IQTS Stage 2,,lga,Ondo West,South West,Ondo,Ondo West,,,401,0,24,42,25,16.7083,9.5476,16.04
2024/2025,Female,all,Public,Adult & Non-Formal,IQS/IQTS Stage 3,,lga,Akure North,South West,Ondo,Akure North,,,243,0,24,28,18,10.125,8.6786,13.5
2024/2025,Female,all,Public,Adult & Non-Formal,IQS/IQTS Stage 3,,lga,Akure South,South West,Ondo,Akure South,,,227,0,28,28,19,8.1071,8.1071,11.9474
2024/2025,Female,all,Public,Adult & Non-Formal,IQS/IQTS Stage 3,,lga,Odigbo,South West,Ondo,Odigbo,,,205,0,24,27,18,8.5417,7.5926,11.3889
2024/2025,Female,all,Public,Adult & Non-Formal,IQS/IQTS Stage 3,,lga,Ondo East,South West,Ondo,Ondo East,,,211,0,20,25,17,10.55,8.44,12.4118
2024/2025,Female,all,Public,Adult & Non-Formal,IQS/IQTS Stage 3,,lga,Ondo West,South West,Ondo,Ondo West,,,218,0,20,26,18,10.9,8.3846,12.1111
2024/2025,Female,all,Public,JSS,JSS1,JSS1,lga,Akure North,South West,Ondo,Akure North,,,3045,0,88,130,70,34.6023,23.4231,43.5
2024/2025,Female,all,Public,JSS,JSS1,JSS1,lga,Akure South,South West,Ondo,Akure South,,,2992,0,84,132,72,35.619,22.6667,41.5556
2024/2025,Female,all,Public,JSS,JSS1,JSS1,lga,Odigbo,South West,Ondo,Odigbo,,,3097,0,92,136,75,33.663,22.7721,41.2933
2024/2025,Female,all,Public,JSS,JSS1,JSS1,lga,Ondo East,South West,Ondo,Ondo East,,,2794,0,80,123,68,34.925,22.7154,41.0882
2024/2025,Female,all,Public,JSS,JSS1,JSS1,lga,Ondo West,South West,Ondo,Ondo West,,,3015,0,88,130,71,34.2614,23.1923,42.4648
2024/2025,Female,all,Public,JSS,JSS2,,lga,Akure North,South West,Ondo,Akure North,,,2498,0,84,108,60,29.7381,23.1296,41.6333
2024/2025,Female,all,Public,JSS,JSS2,,lga,Akure South,South West,Ondo,Akure South,,,2456,0,88,108,59,27.9091,22.7407,41.6271
2024/2025,Female,all,Public,JSS,JSS2,,lga,Odigbo,South West,Ondo,Odigbo,,,2540,0,92,112,61,27.6087,22.6786,41.6393
2024/2025,Female,all,Public,JSS,JSS2,,lga,Ondo East,South West,Ondo,Ondo East,,,2292,0,80,103,56,28.65,22.2524,40.9286
2024/2025,Female,all,Public,JSS,JSS2,,lga,Ondo West,South West,Ondo,Ondo West,,,2473,0,88,108,60,28.1023,22.8981,41.2167
2024/2025,Female,all,Public,JSS,JSS3,,lga,Akure North,South West,Ondo,Akure North,,,1991,0,88,87,47,22.625,22.8851,42.3617
2024/2025,Female,all,Public,JSS,JSS3,,lga,Akure South,South West,Ondo,Akure South,,,1959,0,84,88,48,23.3214,22.2614,40.8125
2024/2025,Female,all,Public,JSS,JSS3,,lga,Odigbo,South West,Ondo,Odigbo,,,2025,0,92,91,51,22.0109,22.2527,39.7059
2024/2025,Female,all,Public,JSS,JSS3,,lga,Ondo East,South West,Ondo,Ondo East,,,1826,0,76,82,45,24.0263,22.2683,40.5778
2024/2025,Female,all,Public,JSS,JSS3,,lga,Ondo West,South West,Ondo,Ondo West,,,1974,0,88,87,48,22.4318,22.6897,41.125
2024/2025,Female,all,Public,Pre-Primary/Primary,Primary 1,Primary 1,lga,Akure North,South West,Ondo,Akure North,,,11035,0,184,569,301,59.9728,19.3937,36.6611
2024/2025,Female,all,Public,Pre-Primary/Primary,Primary 1,Primary 1,lga,Akure South,South West,Ondo,Akure South,,,10089,0,168,515,270,60.0536,19.5903,37.3667
2024/2025,Female,all,Public,Pre-Primary/Primary,Primary 1,Primary 1,lga,Odigbo,South West,Ondo,Odigbo,,,10495,0,180,544,287,58.3056,19.2923,36.5679
2024/2025,Female,all,Public,Pre-Primary/Primary,Primary 1,Primary 1,lga,Ondo East,South West,Ondo,Ondo East,,,9135,0,148,474,248,61.723,19.2722,36.8347
2024/2025,Female,all,Public,Pre-Primary/Primary,Primary 1,Primary 1,lga,Ondo West,South West,Ondo,Ondo West,,,10553,0,172,531,279,61.3547,19.8738,37.8244
2024/2025,Female,all,Public,Pre-Primary/Primary,Primary 2,,lga,Akure North,South West,Ondo,Akure North,,,9799,0,184,502,264,53.2554,19.5199,37.1174
2024/2025,Female,all,Public,Pre-Primary/Primary,Primary 2,,lga,Akure South,South West,Ondo,Akure South,,,8960,0,172,457,239,52.093,19.6061,37.4895
2024/2025,Female,all,Public,Pre-Primary/Primary,Primary 2,,lga,Odigbo,South West,Ondo,Odigbo,,,9319,0,180,484,253,51.7722,19.2541,36.834
2024/2025,Female,all,Public,Pre-Primary/Primary,Primary 2,,lga,Ondo East,South West,Ondo,Ondo East,,,8113,0,160,422,221,50.7062,19.2251,36.7104
2024/2025,Female,all,Public,Pre-Primary/Primary,Primary 2,,lga,Ondo West,South West,Ondo,Ondo West,,,9372,0,176,472,247,53.25,19.8559,37.9433
2024/2025,Female,all,Public,Pre-Primary/Primary,Primary 3,,lga,Akure North,South West,Ondo,Akure North,,,8808,0,184,449,236,47.8696,19.6169,37.322
2024/2025,Female,all,Public,Pre-Primary/Primary,Primary 3,,lga,Akure South,South West,Ondo,Akure South,,,8056,0,160,411,216,50.35,19.601,37.2963
2024/2025,Female,all,Public,Pre-Primary/Primary,Primary 3,,lga,Odigbo,South West,Ondo,Odigbo,,,8380,0,180,434,227,46.5556,19.3088,36.9163
2024/2025,Female,all,Public,Pre-Primary/Primary,Primary 3,,lga,Ondo East,South West,Ondo,Ondo East,,,7296,0,152,377,199,48.0,19.3528,36.6633
2024/2025,Female,all,Public,Pre-Primary/Primary,Primary 3,,lga,Ondo West,South West,Ondo,Ondo West,,,8424,0,168,422,221,50.1429,19.9621,38.1176
2024/2025,Female,all,Public,Pre-Primary/Primary,Primary 4,,lga,Akure North,South West,Ondo,Akure North,,,8052,0,196,413,215,41.0816,19.4964,37.4512
2024/2025,Female,all,Public,Pre-Primary/Primary,Primary 4,,lga,Akure South,South West,Ondo,Akure South,,,7360,0,164,378,199,44.878,19.4709,36.9849
2024/2025,Female,all,Public,Pre-Primary/Primary,Primary 4,,lga,Odigbo,South West,Ondo,Odigbo,,,7660,0,164,395,207,46.7073,19.3924,37.0048
2024/2025,Female,all,Public,Pre-Primary/Primary,Primary 4,,lga,Ondo East,South West,Ondo,Ondo East,,,6666,0,148,346,182,45.0405,19.2659,36.6264
2024/2025,Female,all,Public,Pre-Primary/Primary,Primary 4,,lga,Ondo West,South West,Ondo,Ondo West,,,7698,0,176,386,203,43.7386,19.943,37.9212
2024/2025,Female,all,Public,Pre-Primary/Primary,Primary 5,,lga,Akure North,South West,Ondo,Akure North,,,7539,0,188,387,202,40.1011,19.4806,37.3218
2024/2025,Female,all,Public,Pre-Primary/Primary,Primary 5,,lga,Akure South,South West,Ondo,Akure South,,,6891,0,172,354,187,40.064,19.4661,36.8503
2024/2025,Female,all,Public,Pre-Primary/Primary,Primary 5,,lga,Odigbo,South West,Ondo,Odigbo,,,7171,0,168,370,194,42.6845,19.3811,36.9639
2024/2025,Female,all,Public,Pre-Primary/Primary,Primary 5,,lga,Ondo East,South West,Ondo,Ondo East,,,6242,0,160,323,171,39.0125,19.3251,36.5029
2024/2025,Female,all,Public,Pre-Primary/Primary,Primary 5,,lga,Ondo West,South West,Ondo,Ondo West,,,7208,0,180,362,191,40.0444,19.9116,37.7382
2024/2025,Female,all,Public,Pre-Primary/Primary,Primary 6,,lga,Akure North,South West,Ondo,Akure North,,,6813,0,176,352,185,38.7102,19.3551,36.827
2024/2025,Female,all,Public,Pre-Primary/Primary,Primary 6,,lga,Akure South,South West,Ondo,Akure South,,,6232,0,164,319,168,38.0,19.5361,37.0952
2024/2025,Female,all,Public,Pre-Primary/Primary,Primary 6,,lga,Odigbo,South West,Ondo,Odigbo,,,6485,0,172,336,177,37.7035,19.3006,36.6384
2024/2025,Female,all,Public,Pre-Primary/Primary,Primary 6,,lga,Ondo East,South West,Ondo,Ondo East,,,5643,0,148,292,154,38.1284,19.3253,36.6429
2024/2025,Female,all,Public,Pre-Primary/Primary,Primary 6,,lga,Ondo West,South West,Ondo,Ondo West,,,6516,0,176,326,172,37.0227,19.9877,37.8837
2024/2025,Female,all,Public,SSS,SSS1,SSS1,lga,Akure North,South West,Ondo,Akure North,,,2099,4,76,102,56,27.6184,20.5784,37.4821
2024/2025,Female,all,Public,SSS,SSS1,SSS1,lga,Akure South,South West,Ondo,Akure South,,,1959,3,72,97,52,27.2083,20.1959,37.6731
2024/2025,Female,all,Public,SSS,SSS1,SSS1,lga,Odigbo,South West,Ondo,Odigbo,,,2018,5,72,99,53,28.0278,20.3838,38.0755
2024/2025,Female,all,Public,SSS,SSS1,SSS1,lga,Ondo East,South West,Ondo,Ondo East,,,1818,4,72,92,51,25.25,19.7609,35.6471
2024/2025,Female,all,Public,SSS,SSS1,SSS1,lga,Ondo West,South West,Ondo,Ondo West,,,1748,4,64,90,50,27.3125,19.4222,34.96
2024/2025,Female,all,Public,SSS,SSS2,,lga,Akure North,South West,Ondo,Akure North,,,1691,3,72,83,46,23.4861,20.3735,36.7609
2024/2025,Female,all,Public,SSS,SSS2,,lga,Akure South,South West,Ondo,Akure South,,,1575,3,72,80,44,21.875,19.6875,35.7955
2024/2025,Female,all,Public,SSS,SSS2,,lga,Odigbo,South West,Ondo,Odigbo,,,1623,3,72,82,46,22.5417,19.7927,35.2826
2024/2025,Female,all,Public,SSS,SSS2,,lga,Ondo East,South West,Ondo,Ondo East,,,1463,3,64,74,42,22.8594,19.7703,34.8333
2024/2025,Female,all,Public,SSS,SSS2,,lga,Ondo West,South West,Ondo,Ondo West,,,1409,4,64,74,41,22.0156,19.0405,34.3659
2024/2025,Female,all,Public,SSS,SSS3,,lga,Akure North,South West,Ondo,Akure North,,,1314,3,76,66,38,17.2895,19.9091,34.5789
2024/2025,Female,all,Public,SSS,SSS3,,lga,Akure South,South West,Ondo,Akure South,,,1225,3,72,64,36,17.0139,19.1406,34.0278
2024/2025,Female,all,Public,SSS,SSS3,,lga,Odigbo,South West,Ondo,Odigbo,,,1262,3,76,64,36,16.6053,19.7188,35.0556
2024/2025,Female,all,Public,SSS,SSS3,,lga,Ondo East,South West,Ondo,Ondo East,,,1139,3,64,59,34,17.7969,19.3051,33.5
2024/2025,Female,all,Public,SSS,SSS3,,lga,Ondo West,South West,Ondo,Ondo West,,,1092,3,68,59,33,16.0588,18.5085,33.0909
2024/2025,Female,all,Public,Vocational,Vocational Year 1,,lga,Akure North,South West,Ondo,Akure North,,,68,0,28,14,12,2.4286,4.8571,5.6667
2024/2025,Female,all,Public,Vocational,Vocational Year 1,,lga,Akure South,South West,Ondo,Akure South,,,67,0,24,13,12,2.7917,5.1538,5.5833
2024/2025,Female,all,Public,Vocational,Vocational Year 1,,lga,Odigbo,South West,Ondo,Odigbo,,,67,0,24,13,12,2.7917,5.1538,5.5833
2024/2025,Female,all,Public,Vocational,Vocational Year 1,,lga,Ondo East,South West,Ondo,Ondo East,,,66,0,24,14,12,2.75,4.7143,5.5
2024/2025,Female,all,Public,Vocational,Vocational Year 1,,lga,Ondo West,South West,Ondo,Ondo West,,,64,0,24,13,12,2.6667,4.9231,5.3333
2024/2025,Female,all,Public,Vocational,Vocational Year 2,,lga,Akure North,South West,Ondo,Akure North,,,58,0,28,13,12,2.0714,4.4615,4.8333
2024/2025,Female,all,Public,Vocational,Vocational Year 2,,lga,Akure South,South West,Ondo,Akure South,,,56,0,28,12,12,2.0,4.6667,4.6667
2024/2025,Female,all,Public,Vocational,Vocational Year 2,,lga,Odigbo,South West,Ondo,Odigbo,,,57,0,24,12,12,2.375,4.75,4.75
2024/2025,Female,all,Public,Vocational,Vocational Year 2,,lga,Ondo East,South West,Ondo,Ondo East,,,56,0,28,13,12,2.0,4.3077,4.6667
2024/2025,Female,all,Public,Vocational,Vocational Year 2,,lga,Ondo West,South West,Ondo,Ondo West,,,54,0,28,13,12,1.9286,4.1538,4.5
2024/2025,Female,all,Public,Vocational,Vocational Year 3,,lga,Akure North,South West,Ondo,Akure North,,,43,0,28,12,12,1.5357,3.5833,3.5833
2024/2025,Female,all,Public,Vocational,Vocational Year 3,,lga,Akure South,South West,Ondo,Akure South,,,40,0,24,12,12,1.6667,3.3333,3.3333
2024/2025,Female,all,Public,Vocational,Vocational Year 3,,lga,Odigbo,South West,Ondo,Odigbo,,,40,0,24,12,12,1.6667,3.3333,3.3333
2024/2025,Female,all,Public,Vocational,Vocational Year 3,,lga,Ondo East,South West,Ondo,Ondo East,,,40,0,24,12,12,1.6667,3.3333,3.3333
2024/2025,Female,all,Public,Vocational,Vocational Year 3,,lga,Ondo West,South West,Ondo,Ondo West,,,40,0,28,13,12,1.4286,3.0769,3.3333
2024/2025,Female,disabled,Private,Adult & Non-Formal,IQS/IQTS Stage 1,,lga,Akure North,South West,Ondo,Akure North,,,4,0,12,36,22,0.3333,0.1111,0.1818
2024/2025,Female,disabled,Private,Adult & Non-Formal,IQS/IQTS Stage 1,,lga,Akure South,South West,Ondo,Akure South,,,3,0,12,36,23,0.25,0.0833,0.1304
2024/2025,Female,disabled,Private,Adult & Non-Formal,IQS/IQTS Stage 1,,lga,Odigbo,South West,Ondo,Odigbo,,,5,0,12,38,24,0.4167,0.1316,0.2083
2024/2025,Female,disabled,Private,Adult & Non-Formal,IQS/IQTS Stage 1,,lga,Ondo East,South West,Ondo,Ondo East,,,4,0,12,36,23,0.3333,0.1111,0.1739
2024/2025,Female,disabled,Private,Adult & Non-Formal,IQS/IQTS Stage 1,,lga,Ondo West,South West,Ondo,Ondo West,,,4,0,16,38,24,0.25,0.1053,0.1667
2024/2025,Female,disabled,Private,Adult & Non-Formal,IQS/IQTS Stage 2,,lga,Akure North,South West,Ondo,Akure North,,,3,0,16,29,19,0.1875,0.1034,0.1579
2024/2025,Female,disabled,Private,Adult & Non-Formal,IQS/IQTS Stage 2,,lga,Akure South,South West,Ondo,Akure South,,,2,0,12,29,19,0.1667,0.069,0.1053
2024/2025,Female,disabled,Private,Adult & Non-Formal,IQS/IQTS Stage 2,,lga,Odigbo,South West,Ondo,Odigbo,,,3,0,12,31,20,0.25,0.0968,0.15
2024/2025,Female,disabled,Private,Adult & Non-Formal,IQS/IQTS Stage 2,,lga,Ondo East,South West,Ondo,Ondo East,,,2,0,12,30,20,0.1667,0.0667,0.1
2024/2025,Female,disabled,Private,Adult & Non-Formal,IQS/IQTS Stage 2,,lga,Ondo West,South West,Ondo,Ondo West,,,3,0,16,32,21,0.1875,0.0938,0.1429
2024/2025,Female,disabled,Private,Adult & Non-Formal,IQS/IQTS Stage 3,,lga,Akure North,South West,Ondo,Akure North,,,1,0,16,19,14,0.0625,0.0526,0.0714
2024/2025,Female,disabled,Private,Adult & Non-Formal,IQS/IQTS Stage 3,,lga,Akure South,South West,Ondo,Akure South,,,0,0,12,19,13,0.0,0.0,0.0
2024/2025,Female,disabled,Private,Adult & Non-Formal,IQS/IQTS Stage 3,,lga,Odigbo,South West,Ondo,Odigbo,,,0,0,12,20,14,0.0,0.0,0.0
2024/2025,Female,disabled,Private,Adult & Non-Formal,IQS/IQTS Stage 3,,lga,Ondo East,South West,Ondo,Ondo East,,,0,0,12,18,13,0.0,0.0,0.0
2024/2025,Female,disabled,Private,Adult & Non-Formal,IQS/IQTS Stage 3,,lga,Ondo West,South West,Ondo,Ondo West,,,0,0,16,20,14,0.0,0.0,0.0
2024/2025,Female,disabled,Private,JSS,JSS1,JSS1,lga,Akure North,South West,Ondo,Akure North,,,28,0,36,59,34,0.7778,0.4746,0.8235
2024/2025,Female,disabled,Private,JSS,JSS1,JSS1,lga,Akure South,South West,Ondo,Akure South,,,23,0,28,55,32,0.8214,0.4182,0.7188
2024/2025,Female,disabled,Private,JSS,JSS1,JSS1,lga,Odigbo,South West,Ondo,Odigbo,,,23,0,28,49,29,0.8214,0.4694,0.7931
2024/2025,Female,disabled,Private,JSS,JSS1,JSS1,lga,Ondo East,South West,Ondo,Ondo East,,,25,0,32,53,32,0.7812,0.4717,0.7812
2024/2025,Female,disabled,Private,JSS,JSS1,JSS1,lga,Ondo West,South West,Ondo,Ondo West,,,25,0,28,54,31,0.8929,0.463,0.8065
2024/2025,Female,disabled,Private,JSS,JSS2,,lga,Akure North,South West,Ondo,Akure North,,,24,0,36,50,30,0.6667,0.48,0.8
2024/2025,Female,disabled,Private,JSS,JSS2,,lga,Akure South,South West,Ondo,Akure South,,,20,0,32,45,26,0.625,0.4444,0.7692
2024/2025,Female,disabled,Private,JSS,JSS2,,lga,Odigbo,South West,Ondo,Odigbo,,,20,0,28,41,26,0.7143,0.4878,0.7692
2024/2025,Female,disabled,Private,JSS,JSS2,,lga,Ondo East,South West,Ondo,Ondo East,,,21,0,32,45,27,0.6562,0.4667,0.7778
2024/2025,Female,disabled,Private,JSS,JSS2,,lga,Ondo West,South West,Ondo,Ondo West,,,22,0,28,46,28,0.7857,0.4783,0.7857
2024/2025,Female,disabled,Private,JSS,JSS3,,lga,Akure North,South West,Ondo,Akure North,,,19,0,36,42,25,0.5278,0.4524,0.76
2024/2025,Female,disabled,Private,JSS,JSS3,,lga,Akure South,South West,Ondo,Akure South,,,13,0,28,37,23,0.4643,0.3514,0.5652
2024/2025,Female,disabled,Private,JSS,JSS3,,lga,Odigbo,South West,Ondo,Odigbo,,,14,0,28,34,21,0.5,0.4118,0.6667
2024/2025,Female,disabled,Private,JSS,JSS3,,lga,Ondo East,South West,Ondo,Ondo East,,,17,0,32,37,23,0.5312,0.4595,0.7391
2024/2025,Female,disabled,Private,JSS,JSS3,,lga,Ondo West,South West,Ondo,Ondo West,,,16,0,32,39,25,0.5,0.4103,0.64
2024/2025,Female,disabled,Private,Pre-Primary/Primary,Primary 1,Primary 1,lga,Akure North,South West,Ondo,Akure North,,,69,0,40,129,70,1.725,0.5349,0.9857
2024/2025,Female,disabled,Private,Pre-Primary/Primary,Primary 1,Primary 1,lga,Akure South,South West,Ondo,Akure South,,,91,0,52,158,86,1.75,0.5759,1.0581
2024/2025,Female,disabled,Private,Pre-Primary/Primary,Primary 1,Primary 1,lga,Odigbo,South West,Ondo,Odigbo,,,75,0,40,133,73,1.875,0.5639,1.0274
2024/2025,Female,disabled,Private,Pre-Primary/Primary,Primary 1,Primary 1,lga,Ondo East,South West,Ondo,Ondo East,,,84,0,56,172,92,1.5,0.4884,0.913
2024/2025,Female,disabled,Private,Pre-Primary/Primary,Primary 1,Primary 1,lga,Ondo West,South West,Ondo,Ondo West,,,86,0,44,144,79,1.9545,0.5972,1.0886
2024/2025,Female,disabled,Private,Pre-Primary/Primary,Primary 2,,lga,Akure North,South West,Ondo,Akure North,,,59,0,40,115,63,1.475,0.513,0.9365
2024/2025,Female,disabled,Private,Pre-Primary/Primary,Primary 2,,lga,Akure South,South West,Ondo,Akure South,,,81,0,48,141,77,1.6875,0.5745,1.0519
2024/2025,Female,disabled,Private,Pre-Primary/Primary,Primary 2,,lga,Odigbo,South West,Ondo,Odigbo,,,66,0,44,118,64,1.5,0.5593,1.0312
2024/2025,Female,disabled,Private,Pre-Primary/Primary,Primary 2,,lga,Ondo East,South West,Ondo,Ondo East,,,73,0,52,153,83,1.4038,0.4771,0.8795
2024/2025,Female,disabled,Private,Pre-Primary/Primary,Primary 2,,lga,Ondo West,South West,Ondo,Ondo West,,,76,0,48,128,71,1.5833,0.5938,1.0704
2024/2025,Female,disabled,Private,Pre-Primary/Primary,Primary 3,,lga,Akure North,South West,Ondo,Akure North,,,54,0,44,104,57,1.2273,0.5192,0.9474
2024/2025,Female,disabled,Private,Pre-Primary/Primary,Primary 3,,lga,Akure South,South West,Ondo,Akure South,,,71,0,52,127,69,1.3654,0.5591,1.029
2024/2025,Female,disabled,Private,Pre-Primary/Primary,Primary 3,,lga,Odigbo,South West,Ondo,Odigbo,,,59,0,44,107,58,1.3409,0.5514,1.0172
2024/2025,Female,disabled,Private,Pre-Primary/Primary,Primary 3,,lga,Ondo East,South West,Ondo,Ondo East,,,67,0,60,138,76,1.1167,0.4855,0.8816
2024/2025,Female,disabled,Private,Pre-Primary/Primary,Primary 3,,lga,Ondo West,South West,Ondo,Ondo West,,,67,0,44,116,64,1.5227,0.5776,1.0469
2024/2025,Female,disabled,Private,Pre-Primary/Primary,Primary 4,,lga,Akure North,South West,Ondo,Akure North,,,50,0,40,95,52,1.25,0.5263,0.9615
2024/2025,Female,disabled,Private,Pre-Primary/Primary,Primary 4,,lga,Akure South,South West,Ondo,Akure South,,,66,0,52,118,65,1.2692,0.5593,1.0154
2024/2025,Female,disabled,Private,Pre-Primary/Primary,Primary 4,,lga,Odigbo,South West,Ondo,Odigbo,,,55,0,40,98,53,1.375,0.5612,1.0377
2024/2025,Female,disabled,Private,Pre-Primary/Primary,Primary 4,,lga,Ondo East,South West,Ondo,Ondo East,,,61,0,56,127,70,1.0893,0.4803,0.8714
2024/2025,Female,disabled,Private,Pre-Primary/Primary,Primary 4,,lga,Ondo West,South West,Ondo,Ondo West,,,63,0,48,107,59,1.3125,0.5888,1.0678
2024/2025,Female,disabled,Private,Pre-Primary/Primary,Primary 5,,lga,Akure North,South West,Ondo,Akure North,,,47,0,40,90,49,1.175,0.5222,0.9592
2024/2025,Female,disabled,Private,Pre-Primary/Primary,Primary 5,,lga,Akure South,South West,Ondo,Akure South,,,62,0,52,109,61,1.1923,0.5688,1.0164
2024/2025,Female,disabled,Private,Pre-Primary/Primary,Primary 5,,lga,Odigbo,South West,Ondo,Odigbo,,,52,0,44,92,51,1.1818,0.5652,1.0196
2024/2025,Female,disabled,Private,Pre-Primary/Primary,Primary 5,,lga,Ondo East,South West,Ondo,Ondo East,,,57,0,56,119,67,1.0179,0.479,0.8507
2024/2025,Female,disabled,Private,Pre-Primary/Primary,Primary 5,,lga,Ondo West,South West,Ondo,Ondo West,,,59,0,44,100,54,1.3409,0.59,1.0926
2024/2025,Female,disabled,Private,Pre-Primary/Primary,Primary 6,,lga,Akure North,South West,Ondo,Akure North,,,41,0,36,81,45,1.1389,0.5062,0.9111
2024/2025,Female,disabled,Private,Pre-Primary/Primary,Primary 6,,lga,Akure South,South West,Ondo,Akure South,,,55,0,52,100,55,1.0577,0.55,1.0
2024/2025,Female,disabled,Private,Pre-Primary/Primary,Primary 6,,lga,Odigbo,South West,Ondo,Odigbo,,,45,0,44,85,47,1.0227,0.5294,0.9574
2024/2025,Female,disabled,Private,Pre-Primary/Primary,Primary 6,,lga,Ondo East,South West,Ondo,Ondo East,,,51,0,56,108,58,0.9107,0.4722,0.8793
2024/2025,Female,disabled,Private,Pre-Primary/Primary,Primary 6,,lga,Ondo West,South West,Ondo,Ondo West,,,53,0,48,91,50,1.1042,0.5824,1.06
2024/2025,Female,disabled,Private,SSS,SSS1,SSS1,lga,Akure North,South West,Ondo,Akure North,,,13,0,36,49,28,0.3611,0.2653,0.4643
2024/2025,Female,disabled,Private,SSS,SSS1,SSS1,lga,Akure South,South West,Ondo,Akure South,,,15,0,32,50,29,0.4688,0.3,0.5172
2024/2025,Female,disabled,Private,SSS,SSS1,SSS1,lga,Odigbo,South West,Ondo,Odigbo,,,15,0,32,49,29,0.4688,0.3061,0.5172
2024/2025,Female,disabled,Private,SSS,SSS1,SSS1,lga,Ondo East,South West,Ondo,Ondo East,,,16,0,32,51,31,0.5,0.3137,0.5161
2024/2025,Female,disabled,Private,SSS,SSS1,SSS1,lga,Ondo West,South West,Ondo,Ondo West,,,16,0,40,59,33,0.4,0.2712,0.4848
2024/2025,Female,disabled,Private,SSS,SSS2,,lga,Akure North,South West,Ondo,Akure North,,,10,0,36,42,26,0.2778,0.2381,0.3846
2024/2025,Female,disabled,Private,SSS,SSS2,,lga,Akure South,South West,Ondo,Akure South,,,8,0,32,42,26,0.25,0.1905,0.3077
2024/2025,Female,disabled,Private,SSS,SSS2,,lga,Odigbo,South West,Ondo,Odigbo,,,8,0,36,40,25,0.2222,0.2,0.32
2024/2025,Female,disabled,Private,SSS,SSS2,,lga,Ondo East,South West,Ondo,Ondo East,,,10,0,36,41,25,0.2778,0.2439,0.4
2024/2025,Female,disabled,Private,SSS,SSS2,,lga,Ondo West,South West,Ondo,Ondo West,,,12,0,44,48,30,0.2727,0.25,0.4
2024/2025,Female,disabled,Private,SSS,SSS3,,lga,Akure North,South West,Ondo,Akure North,,,6,0,32,34,20,0.1875,0.1765,0.3
2024/2025,Female,disabled,Private,SSS,SSS3,,lga,Akure South,South West,Ondo,Akure South,,,8,0,32,34,22,0.25,0.2353,0.3636
2024/2025,Female,disabled,Private,SSS,SSS3,,lga,Odigbo,South West,Ondo,Odigbo,,,6,0,32,32,20,0.1875,0.1875,0.3
2024/2025,Female,disabled,Private,SSS,SSS3,,lga,Ondo East,South West,Ondo,Ondo East,,,7,0,36,34,22,0.1944,0.2059,0.3182
2024/2025,Female,disabled,Private,SSS,SSS3,,lga,Ondo West,South West,Ondo,Ondo West,,,9,0,44,39,23,0.2045,0.2308,0.3913
2024/2025,Female,disabled,Private,Vocational,Vocational Year 1,,lga,Akure North,South West,Ondo,Akure North,,,0,0,24,12,12,0.0,0.0,0.0
2024/2025,Female,disabled,Private,Vocational,Vocational Year 1,,lga,Akure South,South West,Ondo,Akure South,,,0,0,16,13,12,0.0,0.0,0.0
2024/2025,Female,disabled,Private,Vocational,Vocational Year 1,,lga,Odigbo,South West,Ondo,Odigbo,,,0,0,20,12,12,0.0,0.0,0.0
2024/2025,Female,disabled,Private,Vocational,Vocational Year 1,,lga,Ondo East,South West,Ondo,Ondo East,,,0,0,16,12,12,0.0,0.0,0.0
2024/2025,Female,disabled,Private,Vocational,Vocational Year 1,,lga,Ondo West,South West,Ondo,Ondo West,,,0,0,24,13,12,0.0,0.0,0.0
2024/2025,Female,disabled,Private,Vocational,Vocational Year 2,,lga,Akure North,South West,Ondo,Akure North,,,0,0,24,12,12,0.0,0.0,0.0
2024/2025,Female,disabled,Private,Vocational,Vocational Year 2,,lga,Akure South,South West,Ondo,Akure South,,,0,0,20,12,12,0.0,0.0,0.0
2024/2025,Female,disabled,Private,Vocational,Vocational Year 2,,lga,Odigbo,South West,Ondo,Odigbo,,,0,0,20,12,12,0.0,0.0,0.0
2024/2025,Female,disabled,Private,Vocational,Vocational Year 2,,lga,Ondo East,South West,Ondo,Ondo East,,,0,0,20,12,12,0.0,0.0,0.0
2024/2025,Female,disabled,Private,Vocational,Vocational Year 2,,lga,Ondo West,South West,Ondo,Ondo West,,,0,0,16,13,12,0.0,0.0,0.0
2024/2025,Female,disabled,Private,Vocational,Vocational Year 3,,lga,Akure North,South West,Ondo,Akure North,,,0,0,24,12,12,0.0,0.0,0.0
2024/2025,Female,disabled,Private,Vocational,Vocational Year 3,,lga,Akure South,South West,Ondo,Akure South,,,0,0,16,12,12,0.0,0.0,0.0
2024/2025,Female,disabled,Private,Vocational,Vocational Year 3,,lga,Odigbo,South West,Ondo,Odigbo,,,0,0,24,12,12,0.0,0.0,0.0
2024/2025,Female,disabled,Private,Vocational,Vocational Year 3,,lga,Ondo East,South West,Ondo,Ondo East,,,0,0,20,12,12,0.0,0.0,0.0
2024/2025,Female,disabled,Private,Vocational,Vocational Year 3,,lga,Ondo West,South West,Ondo,Ondo West,,,0,0,16,12,12,0.0,0.0,0.0
2024/2025,Female,disabled,Public,Adult & Non-Formal,IQS/IQTS Stage 1,,lga,Akure North,South West,Ondo,Akure North,,,9,0,24,58,33,0.375,0.1552,0.2727
2024/2025,Female,disabled,Public,Adult & Non-Formal,IQS/IQTS Stage 1,,lga,Akure South,South West,Ondo,Akure South,,,9,0,24,55,32,0.375,0.1636,0.2812
2024/2025,Female,disabled,Public,Adult & Non-Formal,IQS/IQTS Stage 1,,lga,Odigbo,South West,Ondo,Odigbo,,,8,0,24,53,32,0.3333,0.1509,0.25
2024/2025,Female,disabled,Public,Adult & Non-Formal,IQS/IQTS Stage 1,,lga,Ondo East,South West,Ondo,Ondo East,,,7,0,20,51,30,0.35,0.1373,0.2333
2024/2025,Female,disabled,Public,Adult & Non-Formal,IQS/IQTS Stage 1,,lga,Ondo West,South West,Ondo,Ondo West,,,9,0,20,53,31,0.45,0.1698,0.2903
2024/2025,Female,disabled,Public,Adult & Non-Formal,IQS/IQTS Stage 2,,lga,Akure North,South West,Ondo,Akure North,,,6,0,24,47,28,0.25,0.1277,0.2143
2024/2025,Female,disabled,Public,Adult & Non-Formal,IQS/IQTS Stage 2,,lga,Akure South,South West,Ondo,Akure South,,,6,0,24,45,28,0.25,0.1333,0.2143
2024/2025,Female,disabled,Public,Adult & Non-Formal,IQS/IQTS Stage 2,,lga,Odigbo,South West,Ondo,Odigbo,,,6,0,24,43,27,0.25,0.1395,0.2222
2024/2025,Female,disabled,Public,Adult & Non-Formal,IQS/IQTS Stage 2,,lga,Ondo East,South West,Ondo,Ondo East,,,5,0,20,41,25,0.25,0.122,0.2
2024/2025,Female,disabled,Public,Adult & Non-Formal,IQS/IQTS Stage 2,,lga,Ondo West,South West,Ondo,Ondo West,,,7,0,24,42,25,0.2917,0.1667,0.28
2024/2025,Female,disabled,Public,Adult & Non-Formal,IQS/IQTS Stage 3,,lga,Akure North,South West,Ondo,Akure North,,,3,0,24,28,18,0.125,0.1071,0.1667
2024/2025,Female,disabled,Public,Adult & Non-Formal,IQS/IQTS Stage 3,,lga,Akure South,South West,Ondo,Akure South,,,2,0,28,28,19,0.0714,0.0714,0.1053
2024/2025,Female,disabled,Public,Adult & Non-Formal,IQS/IQTS Stage 3,,lga,Odigbo,South West,Ondo,Odigbo,,,1,0,24,27,18,0.0417,0.037,0.0556
2024/2025,Female,disabled,Public,Adult & Non-Formal,IQS/IQTS Stage 3,,lga,Ondo East,South West,Ondo,Ondo East,,,2,0,20,25,17,0.1,0.08,0.1176
2024/2025,Female,disabled,Public,Adult & Non-Formal,IQS/IQTS Stage 3,,lga,Ondo West,South West,Ondo,Ondo West,,,2,0,20,26,18,0.1,0.0769,0.1111
2024/2025,Female,disabled,Public,JSS,JSS1,JSS1,lga,Akure North,South West,Ondo,Akure North,,,82,0,88,130,70,0.9318,0.6308,1.1714
2024/2025,Female,disabled,Public,JSS,JSS1,JSS1,lga,Akure South,South West,Ondo,Akure South,,,73,0,84,132,72,0.869,0.553,1.0139
2024/2025,Female,disabled,Public,JSS,JSS1,JSS1,lga,Odigbo,South West,Ondo,Odigbo,,,71,0,92,136,75,0.7717,0.5221,0.9467
2024/2025,Female,disabled,Public,JSS,JSS1,JSS1,lga,Ondo East,South West,Ondo,Ondo East,,,71,0,80,123,68,0.8875,0.5772,1.0441
2024/2025,Female,disabled,Public,JSS,JSS1,JSS1,lga,Ondo West,South West,Ondo,Ondo West,,,68,0,88,130,71,0.7727,0.5231,0.9577
2024/2025,Female,disabled,Public,JSS,JSS2,,lga,Akure North,South West,Ondo,Akure North,,,65,0,84,108,60,0.7738,0.6019,1.0833
2024/2025,Female,disabled,Public,JSS,JSS2,,lga,Akure South,South West,Ondo,Akure South,,,59,0,88,108,59,0.6705,0.5463,1.0
2024/2025,Female,disabled,Public,JSS,JSS2,,lga,Odigbo,South West,Ondo,Odigbo,,,57,0,92,112,61,0.6196,0.5089,0.9344
2024/2025,Female,disabled,Public,JSS,JSS2,,lga,Ondo East,South West,Ondo,Ondo East,,,58,0,80,103,56,0.725,0.5631,1.0357
2024/2025,Female,disabled,Public,JSS,JSS2,,lga,Ondo West,South West,Ondo,Ondo West,,,55,0,88,108,60,0.625,0.5093,0.9167
2024/2025,Female,disabled,Public,JSS,JSS3,,lga,Akure North,South West,Ondo,Akure North,,,52,0,88,87,47,0.5909,0.5977,1.1064
2024/2025,Female,disabled,Public,JSS,JSS3,,lga,Akure South,South West,Ondo,Akure South,,,48,0,84,88,48,0.5714,0.5455,1.0
2024/2025,Female,disabled,Public,JSS,JSS3,,lga,Odigbo,South West,Ondo,Odigbo,,,46,0,92,91,51,0.5,0.5055,0.902
2024/2025,Female,disabled,Public,JSS,JSS3,,lga,Ondo East,South West,Ondo,Ondo East,,,46,0,76,82,45,0.6053,0.561,1.0222
2024/2025,Female,disabled,Public,JSS,JSS3,,lga,Ondo West,South West,Ondo,Ondo West,,,43,0,88,87,48,0.4886,0.4943,0.8958
2024/2025,Female,disabled,Public,Pre-Primary/Primary,Primary 1,Primary 1,lga,Akure North,South West,Ondo,Akure North,,,319,0,184,569,301,1.7337,0.5606,1.0598
2024/2025,Female,disabled,Public,Pre-Primary/Primary,Primary 1,Primary 1,lga,Akure South,South West,Ondo,Akure South,,,346,0,168,515,270,2.0595,0.6718,1.2815
2024/2025,Female,disabled,Public,Pre-Primary/Primary,Primary 1,Primary 1,lga,Odigbo,South West,Ondo,Odigbo,,,286,0,180,544,287,1.5889,0.5257,0.9965
2024/2025,Female,disabled,Public,Pre-Primary/Primary,Primary 1,Primary 1,lga,Ondo East,South West,Ondo,Ondo East,,,262,0,148,474,248,1.7703,0.5527,1.0565
2024/2025,Female,disabled,Public,Pre-Primary/Primary,Primary 1,Primary 1,lga,Ondo West,South West,Ondo,Ondo West,,,346,0,172,531,279,2.0116,0.6516,1.2401
2024/2025,Female,disabled,Public,Pre-Primary/Primary,Primary 2,,lga,Akure North,South West,Ondo,Akure North,,,284,0,184,502,264,1.5435,0.5657,1.0758
2024/2025,Female,disabled,Public,Pre-Primary/Primary,Primary 2,,lga,Akure South,South West,Ondo,Akure South,,,307,0,172,457,239,1.7849,0.6718,1.2845
2024/2025,Female,disabled,Public,Pre-Primary/Primary,Primary 2,,lga,Odigbo,South West,Ondo,Odigbo,,,253,0,180,484,253,1.4056,0.5227,1.0
2024/2025,Female,disabled,Public,Pre-Primary/Primary,Primary 2,,lga,Ondo East,South West,Ondo,Ondo East,,,233,0,160,422,221,1.4562,0.5521,1.0543
2024/2025,Female,disabled,Public,Pre-Primary/Primary,Primary 2,,lga,Ondo West,South West,Ondo,Ondo West,,,307,0,176,472,247,1.7443,0.6504,1.2429
2024/2025,Female,disabled,Public,Pre-Primary/Primary,Primary 3,,lga,Akure North,South West,Ondo,Akure North,,,253,0,184,449,236,1.375,0.5635,1.072
2024/2025,Female,disabled,Public,Pre-Primary/Primary,Primary 3,,lga,Akure South,South West,Ondo,Akure South,,,276,0,160,411,216,1.725,0.6715,1.2778
2024/2025,Female,disabled,Public,Pre-Primary/Primary,Primary 3,,lga,Odigbo,South West,Ondo,Odigbo,,,229,0,180,434,227,1.2722,0.5276,1.0088
2024/2025,Female,disabled,Public,Pre-Primary/Primary,Primary 3,,lga,Ondo East,South West,Ondo,Ondo East,,,211,0,152,377,199,1.3882,0.5597,1.0603
2024/2025,Female,disabled,Public,Pre-Primary/Primary,Primary 3,,lga,Ondo West,South West,Ondo,Ondo West,,,276,0,168,422,221,1.6429,0.654,1.2489
2024/2025,Female,disabled,Public,Pre-Primary/Primary,Primary 4,,lga,Akure North,South West,Ondo,Akure North,,,232,0,196,413,215,1.1837,0.5617,1.0791
2024/2025,Female,disabled,Public,Pre-Primary/Primary,Primary 4,,lga,Akure South,South West,Ondo,Akure South,,,251,0,164,378,199,1.5305,0.664,1.2613
2024/2025,Female,disabled,Public,Pre-Primary/Primary,Primary 4,,lga,Odigbo,South West,Ondo,Odigbo,,,209,0,164,395,207,1.2744,0.5291,1.0097
2024/2025,Female,disabled,Public,Pre-Primary/Primary,Primary 4,,lga,Ondo East,South West,Ondo,Ondo East,,,190,0,148,346,182,1.2838,0.5491,1.044
2024/2025,Female,disabled,Public,Pre-Primary/Primary,Primary 4,,lga,Ondo West,South West,Ondo,Ondo West,,,252,0,176,386,203,1.4318,0.6528,1.2414
2024/2025,Female,disabled,Public,Pre-Primary/Primary,Primary 5,,lga,Akure North,South West,Ondo,Akure North,,,218,0,188,387,202,1.1596,0.5633,1.0792
2024/2025,Female,disabled,Public,Pre-Primary/Primary,Primary 5,,lga,Akure South,South West,Ondo,Akure South,,,235,0,172,354,187,1.3663,0.6638,1.2567
2024/2025,Female,disabled,Public,Pre-Primary/Primary,Primary 5,,lga,Odigbo,South West,Ondo,Odigbo,,,196,0,168,370,194,1.1667,0.5297,1.0103
2024/2025,Female,disabled,Public,Pre-Primary/Primary,Primary 5,,lga,Ondo East,South West,Ondo,Ondo East,,,178,0,160,323,171,1.1125,0.5511,1.0409
2024/2025,Female,disabled,Public,Pre-Primary/Primary,Primary 5,,lga,Ondo West,South West,Ondo,Ondo West,,,235,0,180,362,191,1.3056,0.6492,1.2304
2024/2025,Female,disabled,Public,Pre-Primary/Primary,Primary 6,,lga,Akure North,South West,Ondo,Akure North,,,195,0,176,352,185,1.108,0.554,1.0541
2024/2025,Female,disabled,Public,Pre-Primary/Primary,Primary 6,,lga,Akure South,South West,Ondo,Akure South,,,214,0,164,319,168,1.3049,0.6708,1.2738
2024/2025,Female,disabled,Public,Pre-Primary/Primary,Primary 6,,lga,Odigbo,South West,Ondo,Odigbo,,,177,0,172,336,177,1.0291,0.5268,1.0
2024/2025,Female,disabled,Public,Pre-Primary/Primary,Primary 6,,lga,Ondo East,South West,Ondo,Ondo East,,,162,0,148,292,154,1.0946,0.5548,1.0519
2024/2025,Female,disabled,Public,Pre-Primary/Primary,Primary 6,,lga,Ondo West,South West,Ondo,Ondo West,,,212,0,176,326,172,1.2045,0.6503,1.2326
2024/2025,Female,disabled,Public,SSS,SSS1,SSS1,lga,Akure North,South West,Ondo,Akure North,,,35,1,76,102,56,0.4605,0.3431,0.625
2024/2025,Female,disabled,Public,SSS,SSS1,SSS1,lga,Akure South,South West,Ondo,Akure South,,,28,0,72,97,52,0.3889,0.2887,0.5385
2024/2025,Female,disabled,Public,SSS,SSS1,SSS1,lga,Odigbo,South West,Ondo,Odigbo,,,42,2,72,99,53,0.5833,0.4242,0.7925
2024/2025,Female,disabled,Public,SSS,SSS1,SSS1,lga,Ondo East,South West,Ondo,Ondo East,,,38,1,72,92,51,0.5278,0.413,0.7451
2024/2025,Female,disabled,Public,SSS,SSS1,SSS1,lga,Ondo West,South West,Ondo,Ondo West,,,34,1,64,90,50,0.5312,0.3778,0.68
2024/2025,Female,disabled,Public,SSS,SSS2,,lga,Akure North,South West,Ondo,Akure North,,,28,0,72,83,46,0.3889,0.3373,0.6087
2024/2025,Female,disabled,Public,SSS,SSS2,,lga,Akure South,South West,Ondo,Akure South,,,22,0,72,80,44,0.3056,0.275,0.5
2024/2025,Female,disabled,Public,SSS,SSS2,,lga,Odigbo,South West,Ondo,Odigbo,,,31,0,72,82,46,0.4306,0.378,0.6739
2024/2025,Female,disabled,Public,SSS,SSS2,,lga,Ondo East,South West,Ondo,Ondo East,,,29,0,64,74,42,0.4531,0.3919,0.6905
2024/2025,Female,disabled,Public,SSS,SSS2,,lga,Ondo West,South West,Ondo,Ondo West,,,29,1,64,74,41,0.4531,0.3919,0.7073
2024/2025,Female,disabled,Public,SSS,SSS3,,lga,Akure North,South West,Ondo,Akure North,,,21,0,76,66,38,0.2763,0.3182,0.5526
2024/2025,Female,disabled,Public,SSS,SSS3,,lga,Akure South,South West,Ondo,Akure South,,,17,0,72,64,36,0.2361,0.2656,0.4722
2024/2025,Female,disabled,Public,SSS,SSS3,,lga,Odigbo,South West,Ondo,Odigbo,,,25,0,76,64,36,0.3289,0.3906,0.6944
2024/2025,Female,disabled,Public,SSS,SSS3,,lga,Ondo East,South West,Ondo,Ondo East,,,24,0,64,59,34,0.375,0.4068,0.7059
2024/2025,Female,disabled,Public,SSS,SSS3,,lga,Ondo West,South West,Ondo,Ondo West,,,20,0,68,59,33,0.2941,0.339,0.6061
2024/2025,Female,disabled,Public,Vocational,Vocational Year 1,,lga,Akure North,South West,Ondo,Akure North,,,0,0,28,14,12,0.0,0.0,0.0
2024/2025,Female,disabled,Public,Vocational,Vocational Year 1,,lga,Akure South,South West,Ondo,Akure South,,,0,0,24,13,12,0.0,0.0,0.0
2024/2025,Female,disabled,Public,Vocational,Vocational Year 1,,lga,Odigbo,South West,Ondo,Odigbo,,,0,0,24,13,12,0.0,0.0,0.0
2024/2025,Female,disabled,Public,Vocational,Vocational Year 1,,lga,Ondo East,South West,Ondo,Ondo East,,,0,0,24,14,12,0.0,0.0,0.0
2024/2025,Female,disabled,Public,Vocational,Vocational Year 1,,lga,Ondo West,South West,Ondo,Ondo West,,,0,0,24,13,12,0.0,0.0,0.0
2024/2025,Female,disabled,Public,Vocational,Vocational Year 2,,lga,Akure North,South West,Ondo,Akure North,,,0,0,28,13,12,0.0,0.0,0.0
2024/2025,Female,disabled,Public,Vocational,Vocational Year 2,,lga,Akure South,South West,Ondo,Akure South,,,0,0,28,12,12,0.0,0.0,0.0
2024/2025,Female,disabled,Public,Vocational,Vocational Year 2,,lga,Odigbo,South West,Ondo,Odigbo,,,0,0,24,12,12,0.0,0.0,0.0
2024/2025,Female,disabled,Public,Vocational,Vocational Year 2,,lga,Ondo East,South West,Ondo,Ondo East,,,0,0,28,13,12,0.0,0.0,0.0
2024/2025,Female,disabled,Public,Vocational,Vocational Year 2,,lga,Ondo West,South West,Ondo,Ondo West,,,0,0,28,13,12,0.0,0.0,0.0
2024/2025,Female,disabled,Public,Vocational,Vocational Year 3,,lga,Akure North,South West,Ondo,Akure North,,,0,0,28,12,12,0.0,0.0,0.0
2024/2025,Female,disabled,Public,Vocational,Vocational Year 3,,lga,Akure South,South West,Ondo,Akure South,,,0,0,24,12,12,0.0,0.0,0.0
2024/2025,Female,disabled,Public,Vocational,Vocational Year 3,,lga,Odigbo,South West,Ondo,Odigbo,,,0,0,24,12,12,0.0,0.0,0.0
2024/2025,Female,disabled,Public,Vocational,Vocational Year 3,,lga,Ondo East,South West,Ondo,Ondo East,,,0,0,24,12,12,0.0,0.0,0.0
2024/2025,Female,disabled,Public,Vocational,Vocational Year 3,,lga,Ondo West,South West,Ondo,Ondo West,,,0,0,28,13,12,0.0,0.0,0.0
2024/2025,Male,all,Private,Adult & Non-Formal,IQS/IQTS Stage 1,,lga,Akure North,South West,Ondo,Akure North,,,403,0,12,36,22,33.5833,11.1944,18.3182
2024/2025,Male,all,Private,Adult & Non-Formal,IQS/IQTS Stage 1,,lga,Akure South,South West,Ondo,Akure South,,,399,0,12,36,23,33.25,11.0833,17.3478
2024/2025,Male,all,Private,Adult & Non-Formal,IQS/IQTS Stage 1,,lga,Odigbo,South West,Ondo,Odigbo,,,447,0,12,38,24,37.25,11.7632,18.625
2024/2025,Male,all,Private,Adult & Non-Formal,IQS/IQTS Stage 1,,lga,Ondo East,South West,Ondo,Ondo East,,,410,0,12,36,23,34.1667,11.3889,17.8261
2024/2025,Male,all,Private,Adult & Non-Formal,IQS/IQTS Stage 1,,lga,Ondo West,South West,Ondo,Ondo West,,,433,0,16,38,24,27.0625,11.3947,18.0417
2024/2025,Male,all,Private,Adult & Non-Formal,IQS/IQTS Stage 2,,lga,Akure North,South West,Ondo,Akure North,,,313,0,16,29,19,19.5625,10.7931,16.4737
2024/2025,Male,all,Private,Adult & Non-Formal,IQS/IQTS Stage 2,,lga,Akure South,South West,Ondo,Akure South,,,309,0,12,29,19,25.75,10.6552,16.2632
2024/2025,Male,all,Private,Adult & Non-Formal,IQS/IQTS Stage 2,,lga,Odigbo,South West,Ondo,Odigbo,,,346,0,12,31,20,28.8333,11.1613,17.3
2024/2025,Male,all,Private,Adult & Non-Formal,IQS/IQTS Stage 2,,lga,Ondo East,South West,Ondo,Ondo East,,,319,0,12,30,20,26.5833,10.6333,15.95
2024/2025,Male,all,Private,Adult & Non-Formal,IQS/IQTS Stage 2,,lga,Ondo West,South West,Ondo,Ondo West,,,334,0,16,32,21,20.875,10.4375,15.9048
2024/2025,Male,all,Private,Adult & Non-Formal,IQS/IQTS Stage 3,,lga,Akure North,South West,Ondo,Akure North,,,169,0,16,19,14,10.5625,8.8947,12.0714
2024/2025,Male,all,Private,Adult & Non-Formal,IQS/IQTS Stage 3,,lga,Akure South,South West,Ondo,Akure South,,,165,0,12,19,13,13.75,8.6842,12.6923
2024/2025,Male,all,Private,Adult & Non-Formal,IQS/IQTS Stage 3,,lga,Odigbo,South West,Ondo,Odigbo,,,188,0,12,20,14,15.6667,9.4,13.4286
2024/2025,Male,all,Private,Adult & Non-Formal,IQS/IQTS Stage 3,,lga,Ondo East,South West,Ondo,Ondo East,,,172,0,12,18,13,14.3333,9.5556,13.2308
2024/2025,Male,all,Private,Adult & Non-Formal,IQS/IQTS Stage 3,,lga,Ondo West,South West,Ondo,Ondo West,,,182,0,16,20,14,11.375,9.1,13.0
2024/2025,Male,all,Private,JSS,JSS1,JSS1,lga,Akure North,South West,Ondo,Akure North,,,1189,0,36,59,34,33.0278,20.1525,34.9706
2024/2025,Male,all,Private,JSS,JSS1,JSS1,lga,Akure South,South West,Ondo,Akure South,,,1097,0,28,55,32,39.1786,19.9455,34.2812
2024/2025,Male,all,Private,JSS,JSS1,JSS1,lga,Odigbo,South West,Ondo,Odigbo,,,952,0,28,49,29,34.0,19.4286,32.8276
2024/2025,Male,all,Private,JSS,JSS1,JSS1,lga,Ondo East,South West,Ondo,Ondo East,,,1064,0,32,53,32,33.25,20.0755,33.25
2024/2025,Male,all,Private,JSS,JSS1,JSS1,lga,Ondo West,South West,Ondo,Ondo West,,,1096,0,28,54,31,39.1429,20.2963,35.3548
2024/2025,Male,all,Private,JSS,JSS2,,lga,Akure North,South West,Ondo,Akure North,,,977,0,36,50,30,27.1389,19.54,32.5667
2024/2025,Male,all,Private,JSS,JSS2,,lga,Akure South,South West,Ondo,Akure South,,,899,0,32,45,26,28.0938,19.9778,34.5769
2024/2025,Male,all,Private,JSS,JSS2,,lga,Odigbo,South West,Ondo,Odigbo,,,783,0,28,41,26,27.9643,19.0976,30.1154
2024/2025,Male,all,Private,JSS,JSS2,,lga,Ondo East,South West,Ondo,Ondo East,,,868,0,32,45,27,27.125,19.2889,32.1481
2024/2025,Male,all,Private,JSS,JSS2,,lga,Ondo West,South West,Ondo,Ondo West,,,897,0,28,46,28,32.0357,19.5,32.0357
2024/2025,Male,all,Private,JSS,JSS3,,lga,Akure North,South West,Ondo,Akure North,,,777,0,36,42,25,21.5833,18.5,31.08
2024/2025,Male,all,Private,JSS,JSS3,,lga,Akure South,South West,Ondo,Akure South,,,714,0,28,37,23,25.5,19.2973,31.0435
2024/2025,Male,all,Private,JSS,JSS3,,lga,Odigbo,South West,Ondo,Odigbo,,,620,0,28,34,21,22.1429,18.2353,29.5238
2024/2025,Male,all,Private,JSS,JSS3,,lga,Ondo East,South West,Ondo,Ondo East,,,692,0,32,37,23,21.625,18.7027,30.087
2024/2025,Male,all,Private,JSS,JSS3,,lga,Ondo West,South West,Ondo,Ondo West,,,716,0,32,39,25,22.375,18.359,28.64
2024/2025,Male,all,Private,Pre-Primary/Primary,Primary 1,Primary 1,lga,Akure North,South West,Ondo,Akure North,,,2500,0,40,129,70,62.5,19.3798,35.7143
2024/2025,Male,all,Private,Pre-Primary/Primary,Primary 1,Primary 1,lga,Akure South,South West,Ondo,Akure South,,,3026,0,52,158,86,58.1923,19.1519,35.186
2024/2025,Male,all,Private,Pre-Primary/Primary,Primary 1,Primary 1,lga,Odigbo,South West,Ondo,Odigbo,,,2496,0,40,133,73,62.4,18.7669,34.1918
2024/2025,Male,all,Private,Pre-Primary/Primary,Primary 1,Primary 1,lga,Ondo East,South West,Ondo,Ondo East,,,3377,0,56,172,92,60.3036,19.6337,36.7065
2024/2025,Male,all,Private,Pre-Primary/Primary,Primary 1,Primary 1,lga,Ondo West,South West,Ondo,Ondo West,,,2763,0,44,144,79,62.7955,19.1875,34.9747
2024/2025,Male,all,Private,Pre-Primary/Primary,Primary 2,,lga,Akure North,South West,Ondo,Akure North,,,2222,0,40,115,63,55.55,19.3217,35.2698
2024/2025,Male,all,Private,Pre-Primary/Primary,Primary 2,,lga,Akure South,South West,Ondo,Akure South,,,2689,0,48,141,77,56.0208,19.0709,34.9221
2024/2025,Male,all,Private,Pre-Primary/Primary,Primary 2,,lga,Odigbo,South West,Ondo,Odigbo,,,2216,0,44,118,64,50.3636,18.7797,34.625
2024/2025,Male,all,Private,Pre-Primary/Primary,Primary 2,,lga,Ondo East,South West,Ondo,Ondo East,,,2998,0,52,153,83,57.6538,19.5948,36.1205
2024/2025,Male,all,Private,Pre-Primary/Primary,Primary 2,,lga,Ondo West,South West,Ondo,Ondo West,,,2456,0,48,128,71,51.1667,19.1875,34.5915
2024/2025,Male,all,Private,Pre-Primary/Primary,Primary 3,,lga,Akure North,South West,Ondo,Akure North,,,1997,0,44,104,57,45.3864,19.2019,35.0351
2024/2025,Male,all,Private,Pre-Primary/Primary,Primary 3,,lga,Akure South,South West,Ondo,Akure South,,,2417,0,52,127,69,46.4808,19.0315,35.029
2024/2025,Male,all,Private,Pre-Primary/Primary,Primary 3,,lga,Odigbo,South West,Ondo,Odigbo,,,1991,0,44,107,58,45.25,18.6075,34.3276
2024/2025,Male,all,Private,Pre-Primary/Primary,Primary 3,,lga,Ondo East,South West,Ondo,Ondo East,,,2696,0,60,138,76,44.9333,19.5362,35.4737
2024/2025,Male,all,Private,Pre-Primary/Primary,Primary 3,,lga,Ondo West,South West,Ondo,Ondo West,,,2209,0,44,116,64,50.2045,19.0431,34.5156
2024/2025,Male,all,Private,Pre-Primary/Primary,Primary 4,,lga,Akure North,South West,Ondo,Akure North,,,1826,0,40,95,52,45.65,19.2211,35.1154
2024/2025,Male,all,Private,Pre-Primary/Primary,Primary 4,,lga,Akure South,South West,Ondo,Akure South,,,2208,0,52,118,65,42.4615,18.7119,33.9692
2024/2025,Male,all,Private,Pre-Primary/Primary,Primary 4,,lga,Odigbo,South West,Ondo,Odigbo,,,1820,0,40,98,53,45.5,18.5714,34.3396
2024/2025,Male,all,Private,Pre-Primary/Primary,Primary 4,,lga,Ondo East,South West,Ondo,Ondo East,,,2466,0,56,127,70,44.0357,19.4173,35.2286
2024/2025,Male,all,Private,Pre-Primary/Primary,Primary 4,,lga,Ondo West,South West,Ondo,Ondo West,,,2015,0,48,107,59,41.9792,18.8318,34.1525
2024/2025,Male,all,Private,Pre-Primary/Primary,Primary 5,,lga,Akure North,South West,Ondo,Akure North,,,1708,0,40,90,49,42.7,18.9778,34.8571
2024/2025,Male,all,Private,Pre-Primary/Primary,Primary 5,,lga,Akure South,South West,Ondo,Akure South,,,2069,0,52,109,61,39.7885,18.9817,33.918
2024/2025,Male,all,Private,Pre-Primary/Primary,Primary 5,,lga,Odigbo,South West,Ondo,Odigbo,,,1704,0,44,92,51,38.7273,18.5217,33.4118
2024/2025,Male,all,Private,Pre-Primary/Primary,Primary 5,,lga,Ondo East,South West,Ondo,Ondo East,,,2309,0,56,119,67,41.2321,19.4034,34.4627
2024/2025,Male,all,Private,Pre-Primary/Primary,Primary 5,,lga,Ondo West,South West,Ondo,Ondo West,,,1886,0,44,100,54,42.8636,18.86,34.9259
2024/2025,Male,all,Private,Pre-Primary/Primary,Primary 6,,lga,Akure North,South West,Ondo,Akure North,,,1544,0,36,81,45,42.8889,19.0617,34.3111
2024/2025,Male,all,Private,Pre-Primary/Primary,Primary 6,,lga,Akure South,South West,Ondo,Akure South,,,1871,0,52,100,55,35.9808,18.71,34.0182
2024/2025,Male,all,Private,Pre-Primary/Primary,Primary 6,,lga,Odigbo,South West,Ondo,Odigbo,,,1541,0,44,85,47,35.0227,18.1294,32.7872
2024/2025,Male,all,Private,Pre-Primary/Primary,Primary 6,,lga,Ondo East,South West,Ondo,Ondo East,,,2085,0,56,108,58,37.2321,19.3056,35.9483
2024/2025,Male,all,Private,Pre-Primary/Primary,Primary 6,,lga,Ondo West,South West,Ondo,Ondo West,,,1706,0,48,91,50,35.5417,18.7473,34.12
2024/2025,Male,all,Private,SSS,SSS1,SSS1,lga,Akure North,South West,Ondo,Akure North,,,965,3,36,49,28,26.8056,19.6939,34.4643
2024/2025,Male,all,Private,SSS,SSS1,SSS1,lga,Akure South,South West,Ondo,Akure South,,,917,3,32,50,29,28.6562,18.34,31.6207
2024/2025,Male,all,Private,SSS,SSS1,SSS1,lga,Odigbo,South West,Ondo,Odigbo,,,918,3,32,49,29,28.6875,18.7347,31.6552
2024/2025,Male,all,Private,SSS,SSS1,SSS1,lga,Ondo East,South West,Ondo,Ondo East,,,955,3,32,51,31,29.8438,18.7255,30.8065
2024/2025,Male,all,Private,SSS,SSS1,SSS1,lga,Ondo West,South West,Ondo,Ondo West,,,1136,3,40,59,33,28.4,19.2542,34.4242
2024/2025,Male,all,Private,SSS,SSS2,,lga,Akure North,South West,Ondo,Akure North,,,780,3,36,42,26,21.6667,18.5714,30.0
2024/2025,Male,all,Private,SSS,SSS2,,lga,Akure South,South West,Ondo,Akure South,,,739,3,32,42,26,23.0938,17.5952,28.4231
2024/2025,Male,all,Private,SSS,SSS2,,lga,Odigbo,South West,Ondo,Odigbo,,,735,3,36,40,25,20.4167,18.375,29.4
2024/2025,Male,all,Private,SSS,SSS2,,lga,Ondo East,South West,Ondo,Ondo East,,,769,3,36,41,25,21.3611,18.7561,30.76
2024/2025,Male,all,Private,SSS,SSS2,,lga,Ondo West,South West,Ondo,Ondo West,,,911,3,44,48,30,20.7045,18.9792,30.3667
2024/2025,Male,all,Private,SSS,SSS3,,lga,Akure North,South West,Ondo,Akure North,,,604,3,32,34,20,18.875,17.7647,30.2
2024/2025,Male,all,Private,SSS,SSS3,,lga,Akure South,South West,Ondo,Akure South,,,571,3,32,34,22,17.8438,16.7941,25.9545
2024/2025,Male,all,Private,SSS,SSS3,,lga,Odigbo,South West,Ondo,Odigbo,,,572,3,32,32,20,17.875,17.875,28.6
2024/2025,Male,all,Private,SSS,SSS3,,lga,Ondo East,South West,Ondo,Ondo East,,,598,3,36,34,22,16.6111,17.5882,27.1818
2024/2025,Male,all,Private,SSS,SSS3,,lga,Ondo West,South West,Ondo,Ondo West,,,707,3,44,39,23,16.0682,18.1282,30.7391
2024/2025,Male,all,Private,Vocational,Vocational Year 1,,lga,Akure North,South West,Ondo,Akure North,,,90,0,24,12,12,3.75,7.5,7.5
2024/2025,Male,all,Private,Vocational,Vocational Year 1,,lga,Akure South,South West,Ondo,Akure South,,,92,0,16,13,12,5.75,7.0769,7.6667
2024/2025,Male,all,Private,Vocational,Vocational Year 1,,lga,Odigbo,South West,Ondo,Odigbo,,,84,0,20,12,12,4.2,7.0,7.0
2024/2025,Male,all,Private,Vocational,Vocational Year 1,,lga,Ondo East,South West,Ondo,Ondo East,,,82,0,16,12,12,5.125,6.8333,6.8333
2024/2025,Male,all,Private,Vocational,Vocational Year 1,,lga,Ondo West,South West,Ondo,Ondo West,,,93,0,24,13,12,3.875,7.1538,7.75
2024/2025,Male,all,Private,Vocational,Vocational Year 2,,lga,Akure North,South West,Ondo,Akure North,,,76,0,24,12,12,3.1667,6.3333,6.3333
2024/2025,Male,all,Private,Vocational,Vocational Year 2,,lga,Akure South,South West,Ondo,Akure South,,,77,0,20,12,12,3.85,6.4167,6.4167
2024/2025,Male,all,Private,Vocational,Vocational Year 2,,lga,Odigbo,South West,Ondo,Odigbo,,,73,0,20,12,12,3.65,6.0833,6.0833
2024/2025,Male,all,Private,Vocational,Vocational Year 2,,lga,Ondo East,South West,Ondo,Ondo East,,,70,0,20,12,12,3.5,5.8333,5.8333
2024/2025,Male,all,Private,Vocational,Vocational Year 2,,lga,Ondo West,South West,Ondo,Ondo West,,,78,0,16,13,12,4.875,6.0,6.5
2024/2025,Male,all,Private,Vocational,Vocational Year 3,,lga,Akure North,South West,Ondo,Akure North,,,56,0,24,12,12,2.3333,4.6667,4.6667
2024/2025,Male,all,Private,Vocational,Vocational Year 3,,lga,Akure South,South West,Ondo,Akure South,,,57,0,16,12,12,3.5625,4.75,4.75
2024/2025,Male,all,Private,Vocational,Vocational Year 3,,lga,Odigbo,South West,Ondo,Odigbo,,,52,0,24,12,12,2.1667,4.3333,4.3333
2024/2025,Male,all,Private,Vocational,Vocational Year 3,,lga,Ondo East,South West,Ondo,Ondo East,,,51,0,20,12,12,2.55,4.25,4.25
2024/2025,Male,all,Private,Vocational,Vocational Year 3,,lga,Ondo West,South West,Ondo,Ondo West,,,57,0,16,12,12,3.5625,4.75,4.75
2024/2025,Male,all,Public,Adult & Non-Formal,IQS/IQTS Stage 1,,lga,Akure North,South West,Ondo,Akure North,,,688,0,24,58,33,28.6667,11.8621,20.8485
2024/2025,Male,all,Public,Adult & Non-Formal,IQS/IQTS Stage 1,,lga,Akure South,South West,Ondo,Akure South,,,666,0,24,55,32,27.75,12.1091,20.8125
2024/2025,Male,all,Public,Adult & Non-Formal,IQS/IQTS Stage 1,,lga,Odigbo,South West,Ondo,Odigbo,,,633,0,24,53,32,26.375,11.9434,19.7812
2024/2025,Male,all,Public,Adult & Non-Formal,IQS/IQTS Stage 1,,lga,Ondo East,South West,Ondo,Ondo East,,,594,0,20,51,30,29.7,11.6471,19.8
2024/2025,Male,all,Public,Adult & Non-Formal,IQS/IQTS Stage 1,,lga,Ondo West,South West,Ondo,Ondo West,,,616,0,20,53,31,30.8,11.6226,19.871
2024/2025,Male,all,Public,Adult & Non-Formal,IQS/IQTS Stage 2,,lga,Akure North,South West,Ondo,Akure North,,,532,0,24,47,28,22.1667,11.3191,19.0
2024/2025,Male,all,Public,Adult & Non-Formal,IQS/IQTS Stage 2,,lga,Akure South,South West,Ondo,Akure South,,,517,0,24,45,28,21.5417,11.4889,18.4643
2024/2025,Male,all,Public,Adult & Non-Formal,IQS/IQTS Stage 2,,lga,Odigbo,South West,Ondo,Odigbo,,,491,0,24,43,27,20.4583,11.4186,18.1852
2024/2025,Male,all,Public,Adult & Non-Formal,IQS/IQTS Stage 2,,lga,Ondo East,South West,Ondo,Ondo East,,,461,0,20,41,25,23.05,11.2439,18.44
2024/2025,Male,all,Public,Adult & Non-Formal,IQS/IQTS Stage 2,,lga,Ondo West,South West,Ondo,Ondo West,,,479,0,24,42,25,19.9583,11.4048,19.16
2024/2025,Male,all,Public,Adult & Non-Formal,IQS/IQTS Stage 3,,lga,Akure North,South West,Ondo,Akure North,,,291,0,24,28,18,12.125,10.3929,16.1667
2024/2025,Male,all,Public,Adult & Non-Formal,IQS/IQTS Stage 3,,lga,Akure South,South West,Ondo,Akure South,,,282,0,28,28,19,10.0714,10.0714,14.8421
2024/2025,Male,all,Public,Adult & Non-Formal,IQS/IQTS Stage 3,,lga,Odigbo,South West,Ondo,Odigbo,,,266,0,24,27,18,11.0833,9.8519,14.7778
2024/2025,Male,all,Public,Adult & Non-Formal,IQS/IQTS Stage 3,,lga,Ondo East,South West,Ondo,Ondo East,,,251,0,20,25,17,12.55,10.04,14.7647
2024/2025,Male,all,Public,Adult & Non-Formal,IQS/IQTS Stage 3,,lga,Ondo West,South West,Ondo,Ondo West,,,259,0,20,26,18,12.95,9.9615,14.3889
2024/2025,Male,all,Public,JSS,JSS1,JSS1,lga,Akure North,South West,Ondo,Akure North,,,2736,0,88,130,70,31.0909,21.0462,39.0857
2024/2025,Male,all,Public,JSS,JSS1,JSS1,lga,Akure South,South West,Ondo,Akure South,,,2837,0,84,132,72,33.7738,21.4924,39.4028
2024/2025,Male,all,Public,JSS,JSS1,JSS1,lga,Odigbo,South West,Ondo,Odigbo,,,2949,0,92,136,75,32.0543,21.6838,39.32
2024/2025,Male,all,Public,JSS,JSS1,JSS1,lga,Ondo East,South West,Ondo,Ondo East,,,2678,0,80,123,68,33.475,21.7724,39.3824
2024/2025,Male,all,Public,JSS,JSS1,JSS1,lga,Ondo West,South West,Ondo,Ondo West,,,2758,0,88,130,71,31.3409,21.2154,38.8451
2024/2025,Male,all,Public,JSS,JSS2,,lga,Akure North,South West,Ondo,Akure North,,,2247,0,84,108,60,26.75,20.8056,37.45
2024/2025,Male,all,Public,JSS,JSS2,,lga,Akure South,South West,Ondo,Akure South,,,2328,0,88,108,59,26.4545,21.5556,39.4576
2024/2025,Male,all,Public,JSS,JSS2,,lga,Odigbo,South West,Ondo,Odigbo,,,2421,0,92,112,61,26.3152,21.6161,39.6885
2024/2025,Male,all,Public,JSS,JSS2,,lga,Ondo East,South West,Ondo,Ondo East,,,2197,0,80,103,56,27.4625,21.3301,39.2321
2024/2025,Male,all,Public,JSS,JSS2,,lga,Ondo West,South West,Ondo,Ondo West,,,2266,0,88,108,60,25.75,20.9815,37.7667
2024/2025,Male,all,Public,JSS,JSS3,,lga,Akure North,South West,Ondo,Akure North,,,1790,0,88,87,47,20.3409,20.5747,38.0851
2024/2025,Male,all,Public,JSS,JSS3,,lga,Akure South,South West,Ondo,Akure South,,,1857,0,84,88,48,22.1071,21.1023,38.6875
2024/2025,Male,all,Public,JSS,JSS3,,lga,Odigbo,South West,Ondo,Odigbo,,,1926,0,92,91,51,20.9348,21.1648,37.7647
2024/2025,Male,all,Public,JSS,JSS3,,lga,Ondo East,South West,Ondo,Ondo East,,,1752,0,76,82,45,23.0526,21.3659,38.9333
2024/2025,Male,all,Public,JSS,JSS3,,lga,Ondo West,South West,Ondo,Ondo West,,,1803,0,88,87,48,20.4886,20.7241,37.5625
2024/2025,Male,all,Public,Pre-Primary/Primary,Primary 1,Primary 1,lga,Akure North,South West,Ondo,Akure North,,,11149,0,184,569,301,60.5924,19.594,37.0399
2024/2025,Male,all,Public,Pre-Primary/Primary,Primary 1,Primary 1,lga,Akure South,South West,Ondo,Akure South,,,10110,0,168,515,270,60.1786,19.6311,37.4444
2024/2025,Male,all,Public,Pre-Primary/Primary,Primary 1,Primary 1,lga,Odigbo,South West,Ondo,Odigbo,,,10770,0,180,544,287,59.8333,19.7978,37.5261
2024/2025,Male,all,Public,Pre-Primary/Primary,Primary 1,Primary 1,lga,Ondo East,South West,Ondo,Ondo East,,,9393,0,148,474,248,63.4662,19.8165,37.875
2024/2025,Male,all,Public,Pre-Primary/Primary,Primary 1,Primary 1,lga,Ondo West,South West,Ondo,Ondo West,,,10227,0,172,531,279,59.4593,19.2599,36.6559
2024/2025,Male,all,Public,Pre-Primary/Primary,Primary 2,,lga,Akure North,South West,Ondo,Akure North,,,9896,0,184,502,264,53.7826,19.7131,37.4848
2024/2025,Male,all,Public,Pre-Primary/Primary,Primary 2,,lga,Akure South,South West,Ondo,Akure South,,,8978,0,172,457,239,52.1977,19.6455,37.5649
2024/2025,Male,all,Public,Pre-Primary/Primary,Primary 2,,lga,Odigbo,South West,Ondo,Odigbo,,,9561,0,180,484,253,53.1167,19.7541,37.7905
2024/2025,Male,all,Public,Pre-Primary/Primary,Primary 2,,lga,Ondo East,South West,Ondo,Ondo East,,,8342,0,160,422,221,52.1375,19.7678,37.7466
2024/2025,Male,all,Public,Pre-Primary/Primary,Primary 2,,lga,Ondo West,South West,Ondo,Ondo West,,,9082,0,176,472,247,51.6023,19.2415,36.7692
2024/2025,Male,all,Public,Pre-Primary/Primary,Primary 3,,lga,Akure North,South West,Ondo,Akure North,,,8896,0,184,449,236,48.3478,19.8129,37.6949
2024/2025,Male,all,Public,Pre-Primary/Primary,Primary 3,,lga,Akure South,South West,Ondo,Akure South,,,8072,0,160,411,216,50.45,19.6399,37.3704
2024/2025,Male,all,Public,Pre-Primary/Primary,Primary 3,,lga,Odigbo,South West,Ondo,Odigbo,,,8596,0,180,434,227,47.7556,19.8065,37.8678
2024/2025,Male,all,Public,Pre-Primary/Primary,Primary 3,,lga,Ondo East,South West,Ondo,Ondo East,,,7497,0,152,377,199,49.3224,19.8859,37.6734
2024/2025,Male,all,Public,Pre-Primary/Primary,Primary 3,,lga,Ondo West,South West,Ondo,Ondo West,,,8162,0,168,422,221,48.5833,19.3412,36.9321
2024/2025,Male,all,Public,Pre-Primary/Primary,Primary 4,,lga,Akure North,South West,Ondo,Akure North,,,8131,0,196,413,215,41.4847,19.6877,37.8186
2024/2025,Male,all,Public,Pre-Primary/Primary,Primary 4,,lga,Akure South,South West,Ondo,Akure South,,,7377,0,164,378,199,44.9817,19.5159,37.0704
2024/2025,Male,all,Public,Pre-Primary/Primary,Primary 4,,lga,Odigbo,South West,Ondo,Odigbo,,,7855,0,164,395,207,47.8963,19.8861,37.9469
2024/2025,Male,all,Public,Pre-Primary/Primary,Primary 4,,lga,Ondo East,South West,Ondo,Ondo East,,,6854,0,148,346,182,46.3108,19.8092,37.6593
2024/2025,Male,all,Public,Pre-Primary/Primary,Primary 4,,lga,Ondo West,South West,Ondo,Ondo West,,,7462,0,176,386,203,42.3977,19.3316,36.7586
2024/2025,Male,all,Public,Pre-Primary/Primary,Primary 5,,lga,Akure North,South West,Ondo,Akure North,,,7615,0,188,387,202,40.5053,19.677,37.698
2024/2025,Male,all,Public,Pre-Primary/Primary,Primary 5,,lga,Akure South,South West,Ondo,Akure South,,,6908,0,172,354,187,40.1628,19.5141,36.9412
2024/2025,Male,all,Public,Pre-Primary/Primary,Primary 5,,lga,Odigbo,South West,Ondo,Odigbo,,,7356,0,168,370,194,43.7857,19.8811,37.9175
2024/2025,Male,all,Public,Pre-Primary/Primary,Primary 5,,lga,Ondo East,South West,Ondo,Ondo East,,,6416,0,160,323,171,40.1,19.8638,37.5205
2024/2025,Male,all,Public,Pre-Primary/Primary,Primary 5,,lga,Ondo West,South West,Ondo,Ondo West,,,6988,0,180,362,191,38.8222,19.3039,36.5864
2024/2025,Male,all,Public,Pre-Primary/Primary,Primary 6,,lga,Akure North,South West,Ondo,Akure North,,,6885,0,176,352,185,39.1193,19.5597,37.2162
2024/2025,Male,all,Public,Pre-Primary/Primary,Primary 6,,lga,Akure South,South West,Ondo,Akure South,,,6245,0,164,319,168,38.0793,19.5768,37.1726
2024/2025,Male,all,Public,Pre-Primary/Primary,Primary 6,,lga,Odigbo,South West,Ondo,Odigbo,,,6651,0,172,336,177,38.6686,19.7946,37.5763
2024/2025,Male,all,Public,Pre-Primary/Primary,Primary 6,,lga,Ondo East,South West,Ondo,Ondo East,,,5801,0,148,292,154,39.1959,19.8664,37.6688
2024/2025,Male,all,Public,Pre-Primary/Primary,Primary 6,,lga,Ondo West,South West,Ondo,Ondo West,,,6315,0,176,326,172,35.8807,19.3712,36.7151
2024/2025,Male,all,Public,SSS,SSS1,SSS1,lga,Akure North,South West,Ondo,Akure North,,,2037,4,76,102,56,26.8026,19.9706,36.375
2024/2025,Male,all,Public,SSS,SSS1,SSS1,lga,Akure South,South West,Ondo,Akure South,,,1966,3,72,97,52,27.3056,20.268,37.8077
2024/2025,Male,all,Public,SSS,SSS1,SSS1,lga,Odigbo,South West,Ondo,Odigbo,,,2006,5,72,99,53,27.8611,20.2626,37.8491
2024/2025,Male,all,Public,SSS,SSS1,SSS1,lga,Ondo East,South West,Ondo,Ondo East,,,1892,4,72,92,51,26.2778,20.5652,37.098
2024/2025,Male,all,Public,SSS,SSS1,SSS1,lga,Ondo West,South West,Ondo,Ondo West,,,1886,4,64,90,50,29.4688,20.9556,37.72
2024/2025,Male,all,Public,SSS,SSS2,,lga,Akure North,South West,Ondo,Akure North,,,1644,3,72,83,46,22.8333,19.8072,35.7391
2024/2025,Male,all,Public,SSS,SSS2,,lga,Akure South,South West,Ondo,Akure South,,,1582,3,72,80,44,21.9722,19.775,35.9545
2024/2025,Male,all,Public,SSS,SSS2,,lga,Odigbo,South West,Ondo,Odigbo,,,1613,3,72,82,46,22.4028,19.6707,35.0652
2024/2025,Male,all,Public,SSS,SSS2,,lga,Ondo East,South West,Ondo,Ondo East,,,1525,3,64,74,42,23.8281,20.6081,36.3095
2024/2025,Male,all,Public,SSS,SSS2,,lga,Ondo West,South West,Ondo,Ondo West,,,1517,4,64,74,41,23.7031,20.5,37.0
2024/2025,Male,all,Public,SSS,SSS3,,lga,Akure North,South West,Ondo,Akure North,,,1275,3,76,66,38,16.7763,19.3182,33.5526
2024/2025,Male,all,Public,SSS,SSS3,,lga,Akure South,South West,Ondo,Akure South,,,1229,3,72,64,36,17.0694,19.2031,34.1389
2024/2025,Male,all,Public,SSS,SSS3,,lga,Odigbo,South West,Ondo,Odigbo,,,1251,3,76,64,36,16.4605,19.5469,34.75
2024/2025,Male,all,Public,SSS,SSS3,,lga,Ondo East,South West,Ondo,Ondo East,,,1184,3,64,59,34,18.5,20.0678,34.8235
2024/2025,Male,all,Public,SSS,SSS3,,lga,Ondo West,South West,Ondo,Ondo West,,,1179,3,68,59,33,17.3382,19.9831,35.7273
2024/2025,Male,all,Public,Vocational,Vocational Year 1,,lga,Akure North,South West,Ondo,Akure North,,,119,0,28,14,12,4.25,8.5,9.9167
2024/2025,Male,all,Public,Vocational,Vocational Year 1,,lga,Akure South,South West,Ondo,Akure South,,,107,0,24,13,12,4.4583,8.2308,8.9167
2024/2025,Male,all,Public,Vocational,Vocational Year 1,,lga,Odigbo,South West,Ondo,Odigbo,,,111,0,24,13,12,4.625,8.5385,9.25
2024/2025,Male,all,Public,Vocational,Vocational Year 1,,lga,Ondo East,South West,Ondo,Ondo East,,,111,0,24,14,12,4.625,7.9286,9.25
2024/2025,Male,all,Public,Vocational,Vocational Year 1,,lga,Ondo West,South West,Ondo,Ondo West,,,109,0,24,13,12,4.5417,8.3846,9.0833
2024/2025,Male,all,Public,Vocational,Vocational Year 2,,lga,Akure North,South West,Ondo,Akure North,,,101,0,28,13,12,3.6071,7.7692,8.4167
2024/2025,Male,all,Public,Vocational,Vocational Year 2,,lga,Akure South,South West,Ondo,Akure South,,,92,0,28,12,12,3.2857,7.6667,7.6667
2024/2025,Male,all,Public,Vocational,Vocational Year 2,,lga,Odigbo,South West,Ondo,Odigbo,,,93,0,24,12,12,3.875,7.75,7.75
2024/2025,Male,all,Public,Vocational,Vocational Year 2,,lga,Ondo East,South West,Ondo,Ondo East,,,93,0,28,13,12,3.3214,7.1538,7.75
2024/2025,Male,all,Public,Vocational,Vocational Year 2,,lga,Ondo West,South West,Ondo,Ondo West,,,94,0,28,13,12,3.3571,7.2308,7.8333
2024/2025,Male,all,Public,Vocational,Vocational Year 3,,lga,Akure North,South West,Ondo,Akure North,,,74,0,28,12,12,2.6429,6.1667,6.1667
2024/2025,Male,all,Public,Vocational,Vocational Year 3,,lga,Akure South,South West,Ondo,Akure South,,,68,0,24,12,12,2.8333,5.6667,5.6667
2024/2025,Male,all,Public,Vocational,Vocational Year 3,,lga,Odigbo,South West,Ondo,Odigbo,,,69,0,24,12,12,2.875,5.75,5.75
2024/2025,Male,all,Public,Vocational,Vocational Year 3,,lga,Ondo East,South West,Ondo,Ondo East,,,69,0,24,12,12,2.875,5.75,5.75
2024/2025,Male,all,Public,Vocational,Vocational Year 3,,lga,Ondo West,South West,Ondo,Ondo West,,,68,0,28,13,12,2.4286,5.2308,5.6667
2024/2025,Male,disabled,Private,Adult & Non-Formal,IQS/IQTS Stage 1,,lga,Akure North,South West,Ondo,Akure North,,,7,0,12,36,22,0.5833,0.1944,0.3182
2024/2025,Male,disabled,Private,Adult & Non-Formal,IQS/IQTS Stage 1,,lga,Akure South,South West,Ondo,Akure South,,,6,0,12,36,23,0.5,0.1667,0.2609
2024/2025,Male,disabled,Private,Adult & Non-Formal,IQS/IQTS Stage 1,,lga,Odigbo,South West,Ondo,Odigbo,,,8,0,12,38,24,0.6667,0.2105,0.3333
2024/2025,Male,disabled,Private,Adult & Non-Formal,IQS/IQTS Stage 1,,lga,Ondo East,South West,Ondo,Ondo East,,,6,0,12,36,23,0.5,0.1667,0.2609
2024/2025,Male,disabled,Private,Adult & Non-Formal,IQS/IQTS Stage 1,,lga,Ondo West,South West,Ondo,Ondo West,,,6,0,16,38,24,0.375,0.1579,0.25
2024/2025,Male,disabled,Private,Adult & Non-Formal,IQS/IQTS Stage 2,,lga,Akure North,South West,Ondo,Akure North,,,4,0,16,29,19,0.25,0.1379,0.2105
2024/2025,Male,disabled,Private,Adult & Non-Formal,IQS/IQTS Stage 2,,lga,Akure South,South West,Ondo,Akure South,,,5,0,12,29,19,0.4167,0.1724,0.2632
2024/2025,Male,disabled,Private,Adult & Non-Formal,IQS/IQTS Stage 2,,lga,Odigbo,South West,Ondo,Odigbo,,,5,0,12,31,20,0.4167,0.1613,0.25
2024/2025,Male,disabled,Private,Adult & Non-Formal,IQS/IQTS Stage 2,,lga,Ondo East,South West,Ondo,Ondo East,,,4,0,12,30,20,0.3333,0.1333,0.2
2024/2025,Male,disabled,Private,Adult & Non-Formal,IQS/IQTS Stage 2,,lga,Ondo West,South West,Ondo,Ondo West,,,4,0,16,32,21,0.25,0.125,0.1905
2024/2025,Male,disabled,Private,Adult & Non-Formal,IQS/IQTS Stage 3,,lga,Akure North,South West,Ondo,Akure North,,,1,0,16,19,14,0.0625,0.0526,0.0714
2024/2025,Male,disabled,Private,Adult & Non-Formal,IQS/IQTS Stage 3,,lga,Akure South,South West,Ondo,Akure South,,,0,0,12,19,13,0.0,0.0,0.0
2024/2025,Male,disabled,Private,Adult & Non-Formal,IQS/IQTS Stage 3,,lga,Odigbo,South West,Ondo,Odigbo,,,2,0,12,20,14,0.1667,0.1,0.1429
2024/2025,Male,disabled,Private,Adult & Non-Formal,IQS/IQTS Stage 3,,lga,Ondo East,South West,Ondo,Ondo East,,,1,0,12,18,13,0.0833,0.0556,0.0769
2024/2025,Male,disabled,Private,Adult & Non-Formal,IQS/IQTS Stage 3,,lga,Ondo West,South West,Ondo,Ondo West,,,1,0,16,20,14,0.0625,0.05,0.0714
2024/2025,Male,disabled,Private,JSS,JSS1,JSS1,lga,Akure North,South West,Ondo,Akure North,,,25,0,36,59,34,0.6944,0.4237,0.7353
2024/2025,Male,disabled,Private,JSS,JSS1,JSS1,lga,Akure South,South West,Ondo,Akure South,,,22,0,28,55,32,0.7857,0.4,0.6875
2024/2025,Male,disabled,Private,JSS,JSS1,JSS1,lga,Odigbo,South West,Ondo,Odigbo,,,20,0,28,49,29,0.7143,0.4082,0.6897
2024/2025,Male,disabled,Private,JSS,JSS1,JSS1,lga,Ondo East,South West,Ondo,Ondo East,,,23,0,32,53,32,0.7188,0.434,0.7188
2024/2025,Male,disabled,Private,JSS,JSS1,JSS1,lga,Ondo West,South West,Ondo,Ondo West,,,25,0,28,54,31,0.8929,0.463,0.8065
2024/2025,Male,disabled,Private,JSS,JSS2,,lga,Akure North,South West,Ondo,Akure North,,,19,0,36,50,30,0.5278,0.38,0.6333
2024/2025,Male,disabled,Private,JSS,JSS2,,lga,Akure South,South West,Ondo,Akure South,,,18,0,32,45,26,0.5625,0.4,0.6923
2024/2025,Male,disabled,Private,JSS,JSS2,,lga,Odigbo,South West,Ondo,Odigbo,,,17,0,28,41,26,0.6071,0.4146,0.6538
2024/2025,Male,disabled,Private,JSS,JSS2,,lga,Ondo East,South West,Ondo,Ondo East,,,18,0,32,45,27,0.5625,0.4,0.6667
2024/2025,Male,disabled,Private,JSS,JSS2,,lga,Ondo West,South West,Ondo,Ondo West,,,20,0,28,46,28,0.7143,0.4348,0.7143
2024/2025,Male,disabled,Private,JSS,JSS3,,lga,Akure North,South West,Ondo,Akure North,,,14,0,36,42,25,0.3889,0.3333,0.56
2024/2025,Male,disabled,Private,JSS,JSS3,,lga,Akure South,South West,Ondo,Akure South,,,12,0,28,37,23,0.4286,0.3243,0.5217
2024/2025,Male,disabled,Private,JSS,JSS3,,lga,Odigbo,South West,Ondo,Odigbo,,,12,0,28,34,21,0.4286,0.3529,0.5714
2024/2025,Male,disabled,Private,JSS,JSS3,,lga,Ondo East,South West,Ondo,Ondo East,,,14,0,32,37,23,0.4375,0.3784,0.6087
2024/2025,Male,disabled,Private,JSS,JSS3,,lga,Ondo West,South West,Ondo,Ondo West,,,15,0,32,39,25,0.4688,0.3846,0.6
2024/2025,Male,disabled,Private,Pre-Primary/Primary,Primary 1,Primary 1,lga,Akure North,South West,Ondo,Akure North,,,69,0,40,129,70,1.725,0.5349,0.9857
2024/2025,Male,disabled,Private,Pre-Primary/Primary,Primary 1,Primary 1,lga,Akure South,South West,Ondo,Akure South,,,86,0,52,158,86,1.6538,0.5443,1.0
2024/2025,Male,disabled,Private,Pre-Primary/Primary,Primary 1,Primary 1,lga,Odigbo,South West,Ondo,Odigbo,,,73,0,40,133,73,1.825,0.5489,1.0
2024/2025,Male,disabled,Private,Pre-Primary/Primary,Primary 1,Primary 1,lga,Ondo East,South West,Ondo,Ondo East,,,86,0,56,172,92,1.5357,0.5,0.9348
2024/2025,Male,disabled,Private,Pre-Primary/Primary,Primary 1,Primary 1,lga,Ondo West,South West,Ondo,Ondo West,,,84,0,44,144,79,1.9091,0.5833,1.0633
2024/2025,Male,disabled,Private,Pre-Primary/Primary,Primary 2,,lga,Akure North,South West,Ondo,Akure North,,,62,0,40,115,63,1.55,0.5391,0.9841
2024/2025,Male,disabled,Private,Pre-Primary/Primary,Primary 2,,lga,Akure South,South West,Ondo,Akure South,,,78,0,48,141,77,1.625,0.5532,1.013
2024/2025,Male,disabled,Private,Pre-Primary/Primary,Primary 2,,lga,Odigbo,South West,Ondo,Odigbo,,,65,0,44,118,64,1.4773,0.5508,1.0156
2024/2025,Male,disabled,Private,Pre-Primary/Primary,Primary 2,,lga,Ondo East,South West,Ondo,Ondo East,,,75,0,52,153,83,1.4423,0.4902,0.9036
2024/2025,Male,disabled,Private,Pre-Primary/Primary,Primary 2,,lga,Ondo West,South West,Ondo,Ondo West,,,76,0,48,128,71,1.5833,0.5938,1.0704
2024/2025,Male,disabled,Private,Pre-Primary/Primary,Primary 3,,lga,Akure North,South West,Ondo,Akure North,,,56,0,44,104,57,1.2727,0.5385,0.9825
2024/2025,Male,disabled,Private,Pre-Primary/Primary,Primary 3,,lga,Akure South,South West,Ondo,Akure South,,,70,0,52,127,69,1.3462,0.5512,1.0145
2024/2025,Male,disabled,Private,Pre-Primary/Primary,Primary 3,,lga,Odigbo,South West,Ondo,Odigbo,,,58,0,44,107,58,1.3182,0.5421,1.0
2024/2025,Male,disabled,Private,Pre-Primary/Primary,Primary 3,,lga,Ondo East,South West,Ondo,Ondo East,,,68,0,60,138,76,1.1333,0.4928,0.8947
2024/2025,Male,disabled,Private,Pre-Primary/Primary,Primary 3,,lga,Ondo West,South West,Ondo,Ondo West,,,68,0,44,116,64,1.5455,0.5862,1.0625
2024/2025,Male,disabled,Private,Pre-Primary/Primary,Primary 4,,lga,Akure North,South West,Ondo,Akure North,,,51,0,40,95,52,1.275,0.5368,0.9808
2024/2025,Male,disabled,Private,Pre-Primary/Primary,Primary 4,,lga,Akure South,South West,Ondo,Akure South,,,63,0,52,118,65,1.2115,0.5339,0.9692
2024/2025,Male,disabled,Private,Pre-Primary/Primary,Primary 4,,lga,Odigbo,South West,Ondo,Odigbo,,,53,0,40,98,53,1.325,0.5408,1.0
2024/2025,Male,disabled,Private,Pre-Primary/Primary,Primary 4,,lga,Ondo East,South West,Ondo,Ondo East,,,63,0,56,127,70,1.125,0.4961,0.9
2024/2025,Male,disabled,Private,Pre-Primary/Primary,Primary 4,,lga,Ondo West,South West,Ondo,Ondo West,,,61,0,48,107,59,1.2708,0.5701,1.0339
2024/2025,Male,disabled,Private,Pre-Primary/Primary,Primary 5,,lga,Akure North,South West,Ondo,Akure North,,,47,0,40,90,49,1.175,0.5222,0.9592
2024/2025,Male,disabled,Private,Pre-Primary/Primary,Primary 5,,lga,Akure South,South West,Ondo,Akure South,,,59,0,52,109,61,1.1346,0.5413,0.9672
2024/2025,Male,disabled,Private,Pre-Primary/Primary,Primary 5,,lga,Odigbo,South West,Ondo,Odigbo,,,50,0,44,92,51,1.1364,0.5435,0.9804
2024/2025,Male,disabled,Private,Pre-Primary/Primary,Primary 5,,lga,Ondo East,South West,Ondo,Ondo East,,,60,0,56,119,67,1.0714,0.5042,0.8955
2024/2025,Male,disabled,Private,Pre-Primary/Primary,Primary 5,,lga,Ondo West,South West,Ondo,Ondo West,,,57,0,44,100,54,1.2955,0.57,1.0556
2024/2025,Male,disabled,Private,Pre-Primary/Primary,Primary 6,,lga,Akure North,South West,Ondo,Akure North,,,42,0,36,81,45,1.1667,0.5185,0.9333
2024/2025,Male,disabled,Private,Pre-Primary/Primary,Primary 6,,lga,Akure South,South West,Ondo,Akure South,,,54,0,52,100,55,1.0385,0.54,0.9818
2024/2025,Male,disabled,Private,Pre-Primary/Primary,Primary 6,,lga,Odigbo,South West,Ondo,Odigbo,,,44,0,44,85,47,1.0,0.5176,0.9362
2024/2025,Male,disabled,Private,Pre-Primary/Primary,Primary 6,,lga,Ondo East,South West,Ondo,Ondo East,,,53,0,56,108,58,0.9464,0.4907,0.9138
2024/2025,Male,disabled,Private,Pre-Primary/Primary,Primary 6,,lga,Ondo West,South West,Ondo,Ondo West,,,52,0,48,91,50,1.0833,0.5714,1.04
2024/2025,Male,disabled,Private,SSS,SSS1,SSS1,lga,Akure North,South West,Ondo,Akure North,,,13,0,36,49,28,0.3611,0.2653,0.4643
2024/2025,Male,disabled,Private,SSS,SSS1,SSS1,lga,Akure South,South West,Ondo,Akure South,,,14,0,32,50,29,0.4375,0.28,0.4828
2024/2025,Male,disabled,Private,SSS,SSS1,SSS1,lga,Odigbo,South West,Ondo,Odigbo,,,14,0,32,49,29,0.4375,0.2857,0.4828
2024/2025,Male,disabled,Private,SSS,SSS1,SSS1,lga,Ondo East,South West,Ondo,Ondo East,,,16,0,32,51,31,0.5,0.3137,0.5161
2024/2025,Male,disabled,Private,SSS,SSS1,SSS1,lga,Ondo West,South West,Ondo,Ondo West,,,19,0,40,59,33,0.475,0.322,0.5758
2024/2025,Male,disabled,Private,SSS,SSS2,,lga,Akure North,South West,Ondo,Akure North,,,12,0,36,42,26,0.3333,0.2857,0.4615
2024/2025,Male,disabled,Private,SSS,SSS2,,lga,Akure South,South West,Ondo,Akure South,,,10,0,32,42,26,0.3125,0.2381,0.3846
2024/2025,Male,disabled,Private,SSS,SSS2,,lga,Odigbo,South West,Ondo,Odigbo,,,8,0,36,40,25,0.2222,0.2,0.32
2024/2025,Male,disabled,Private,SSS,SSS2,,lga,Ondo East,South West,Ondo,Ondo East,,,11,0,36,41,25,0.3056,0.2683,0.44
2024/2025,Male,disabled,Private,SSS,SSS2,,lga,Ondo West,South West,Ondo,Ondo West,,,12,0,44,48,30,0.2727,0.25,0.4
2024/2025,Male,disabled,Private,SSS,SSS3,,lga,Akure North,South West,Ondo,Akure North,,,8,0,32,34,20,0.25,0.2353,0.4
2024/2025,Male,disabled,Private,SSS,SSS3,,lga,Akure South,South West,Ondo,Akure South,,,6,0,32,34,22,0.1875,0.1765,0.2727
2024/2025,Male,disabled,Private,SSS,SSS3,,lga,Odigbo,South West,Ondo,Odigbo,,,6,0,32,32,20,0.1875,0.1875,0.3
2024/2025,Male,disabled,Private,SSS,SSS3,,lga,Ondo East,South West,Ondo,Ondo East,,,9,0,36,34,22,0.25,0.2647,0.4091
2024/2025,Male,disabled,Private,SSS,SSS3,,lga,Ondo West,South West,Ondo,Ondo West,,,9,0,44,39,23,0.2045,0.2308,0.3913
2024/2025,Male,disabled,Private,Vocational,Vocational Year 1,,lga,Akure North,South West,Ondo,Akure North,,,0,0,24,12,12,0.0,0.0,0.0
2024/2025,Male,disabled,Private,Vocational,Vocational Year 1,,lga,Akure South,South West,Ondo,Akure South,,,0,0,16,13,12,0.0,0.0,0.0
2024/2025,Male,disabled,Private,Vocational,Vocational Year 1,,lga,Odigbo,South West,Ondo,Odigbo,,,0,0,20,12,12,0.0,0.0,0.0
2024/2025,Male,disabled,Private,Vocational,Vocational Year 1,,lga,Ondo East,South West,Ondo,Ondo East,,,0,0,16,12,12,0.0,0.0,0.0
2024/2025,Male,disabled,Private,Vocational,Vocational Year 1,,lga,Ondo West,South West,Ondo,Ondo West,,,0,0,24,13,12,0.0,0.0,0.0
2024/2025,Male,disabled,Private,Vocational,Vocational Year 2,,lga,Akure North,South West,Ondo,Akure North,,,0,0,24,12,12,0.0,0.0,0.0
2024/2025,Male,disabled,Private,Vocational,Vocational Year 2,,lga,Akure South,South West,Ondo,Akure South,,,0,0,20,12,12,0.0,0.0,0.0
2024/2025,Male,disabled,Private,Vocational,Vocational Year 2,,lga,Odigbo,South West,Ondo,Odigbo,,,0,0,20,12,12,0.0,0.0,0.0
2024/2025,Male,disabled,Private,Vocational,Vocational Year 2,,lga,Ondo East,South West,Ondo,Ondo East,,,0,0,20,12,12,0.0,0.0,0.0
2024/2025,Male,disabled,Private,Vocational,Vocational Year 2,,lga,Ondo West,South West,Ondo,Ondo West,,,0,0,16,13,12,0.0,0.0,0.0
2024/2025,Male,disabled,Private,Vocational,Vocational Year 3,,lga,Akure North,South West,Ondo,Akure North,,,0,0,24,12,12,0.0,0.0,0.0
2024/2025,Male,disabled,Private,Vocational,Vocational Year 3,,lga,Akure South,South West,Ondo,Akure South,,,0,0,16,12,12,0.0,0.0,0.0
2024/2025,Male,disabled,Private,Vocational,Vocational Year 3,,lga,Odigbo,South West,Ondo,Odigbo,,,0,0,24,12,12,0.0,0.0,0.0
2024/2025,Male,disabled,Private,Vocational,Vocational Year 3,,lga,Ondo East,South West,Ondo,Ondo East,,,0,0,20,12,12,0.0,0.0,0.0
2024/2025,Male,disabled,Private,Vocational,Vocational Year 3,,lga,Ondo West,South West,Ondo,Ondo West,,,0,0,16,12,12,0.0,0.0,0.0
2024/2025,Male,disabled,Public,Adult & Non-Formal,IQS/IQTS Stage 1,,lga,Akure North,South West,Ondo,Akure North,,,12,0,24,58,33,0.5,0.2069,0.3636
2024/2025,Male,disabled,Public,Adult & Non-Formal,IQS/IQTS Stage 1,,lga,Akure South,South West,Ondo,Akure South,,,13,0,24,55,32,0.5417,0.2364,0.4062
2024/2025,Male,disabled,Public,Adult & Non-Formal,IQS/IQTS Stage 1,,lga,Odigbo,South West,Ondo,Odigbo,,,12,0,24,53,32,0.5,0.2264,0.375
2024/2025,Male,disabled,Public,Adult & Non-Formal,IQS/IQTS Stage 1,,lga,Ondo East,South West,Ondo,Ondo East,,,9,0,20,51,30,0.45,0.1765,0.3
2024/2025,Male,disabled,Public,Adult & Non-Formal,IQS/IQTS Stage 1,,lga,Ondo West,South West,Ondo,Ondo West,,,12,0,20,53,31,0.6,0.2264,0.3871
2024/2025,Male,disabled,Public,Adult & Non-Formal,IQS/IQTS Stage 2,,lga,Akure North,South West,Ondo,Akure North,,,9,0,24,47,28,0.375,0.1915,0.3214
2024/2025,Male,disabled,Public,Adult & Non-Formal,IQS/IQTS Stage 2,,lga,Akure South,South West,Ondo,Akure South,,,9,0,24,45,28,0.375,0.2,0.3214
2024/2025,Male,disabled,Public,Adult & Non-Formal,IQS/IQTS Stage 2,,lga,Odigbo,South West,Ondo,Odigbo,,,9,0,24,43,27,0.375,0.2093,0.3333
2024/2025,Male,disabled,Public,Adult & Non-Formal,IQS/IQTS Stage 2,,lga,Ondo East,South West,Ondo,Ondo East,,,7,0,20,41,25,0.35,0.1707,0.28
2024/2025,Male,disabled,Public,Adult & Non-Formal,IQS/IQTS Stage 2,,lga,Ondo West,South West,Ondo,Ondo West,,,10,0,24,42,25,0.4167,0.2381,0.4
2024/2025,Male,disabled,Public,Adult & Non-Formal,IQS/IQTS Stage 3,,lga,Akure North,South West,Ondo,Akure North,,,4,0,24,28,18,0.1667,0.1429,0.2222
2024/2025,Male,disabled,Public,Adult & Non-Formal,IQS/IQTS Stage 3,,lga,Akure South,South West,Ondo,Akure South,,,4,0,28,28,19,0.1429,0.1429,0.2105
2024/2025,Male,disabled,Public,Adult & Non-Formal,IQS/IQTS Stage 3,,lga,Odigbo,South West,Ondo,Odigbo,,,4,0,24,27,18,0.1667,0.1481,0.2222
2024/2025,Male,disabled,Public,Adult & Non-Formal,IQS/IQTS Stage 3,,lga,Ondo East,South West,Ondo,Ondo East,,,2,0,20,25,17,0.1,0.08,0.1176
2024/2025,Male,disabled,Public,Adult & Non-Formal,IQS/IQTS Stage 3,,lga,Ondo West,South West,Ondo,Ondo West,,,3,0,20,26,18,0.15,0.1154,0.1667
2024/2025,Male,disabled,Public,JSS,JSS1,JSS1,lga,Akure North,South West,Ondo,Akure North,,,71,0,88,130,70,0.8068,0.5462,1.0143
2024/2025,Male,disabled,Public,JSS,JSS1,JSS1,lga,Akure South,South West,Ondo,Akure South,,,72,0,84,132,72,0.8571,0.5455,1.0
2024/2025,Male,disabled,Public,JSS,JSS1,JSS1,lga,Odigbo,South West,Ondo,Odigbo,,,68,0,92,136,75,0.7391,0.5,0.9067
2024/2025,Male,disabled,Public,JSS,JSS1,JSS1,lga,Ondo East,South West,Ondo,Ondo East,,,70,0,80,123,68,0.875,0.5691,1.0294
2024/2025,Male,disabled,Public,JSS,JSS1,JSS1,lga,Ondo West,South West,Ondo,Ondo West,,,61,0,88,130,71,0.6932,0.4692,0.8592
2024/2025,Male,disabled,Public,JSS,JSS2,,lga,Akure North,South West,Ondo,Akure North,,,59,0,84,108,60,0.7024,0.5463,0.9833
2024/2025,Male,disabled,Public,JSS,JSS2,,lga,Akure South,South West,Ondo,Akure South,,,57,0,88,108,59,0.6477,0.5278,0.9661
2024/2025,Male,disabled,Public,JSS,JSS2,,lga,Odigbo,South West,Ondo,Odigbo,,,54,0,92,112,61,0.587,0.4821,0.8852
2024/2025,Male,disabled,Public,JSS,JSS2,,lga,Ondo East,South West,Ondo,Ondo East,,,56,0,80,103,56,0.7,0.5437,1.0
2024/2025,Male,disabled,Public,JSS,JSS2,,lga,Ondo West,South West,Ondo,Ondo West,,,50,0,88,108,60,0.5682,0.463,0.8333
2024/2025,Male,disabled,Public,JSS,JSS3,,lga,Akure North,South West,Ondo,Akure North,,,46,0,88,87,47,0.5227,0.5287,0.9787
2024/2025,Male,disabled,Public,JSS,JSS3,,lga,Akure South,South West,Ondo,Akure South,,,46,0,84,88,48,0.5476,0.5227,0.9583
2024/2025,Male,disabled,Public,JSS,JSS3,,lga,Odigbo,South West,Ondo,Odigbo,,,41,0,92,91,51,0.4457,0.4505,0.8039
2024/2025,Male,disabled,Public,JSS,JSS3,,lga,Ondo East,South West,Ondo,Ondo East,,,44,0,76,82,45,0.5789,0.5366,0.9778
2024/2025,Male,disabled,Public,JSS,JSS3,,lga,Ondo West,South West,Ondo,Ondo West,,,38,0,88,87,48,0.4318,0.4368,0.7917
2024/2025,Male,disabled,Public,Pre-Primary/Primary,Primary 1,Primary 1,lga,Akure North,South West,Ondo,Akure North,,,322,0,184,569,301,1.75,0.5659,1.0698
2024/2025,Male,disabled,Public,Pre-Primary/Primary,Primary 1,Primary 1,lga,Akure South,South West,Ondo,Akure South,,,345,0,168,515,270,2.0536,0.6699,1.2778
2024/2025,Male,disabled,Public,Pre-Primary/Primary,Primary 1,Primary 1,lga,Odigbo,South West,Ondo,Odigbo,,,295,0,180,544,287,1.6389,0.5423,1.0279
2024/2025,Male,disabled,Public,Pre-Primary/Primary,Primary 1,Primary 1,lga,Ondo East,South West,Ondo,Ondo East,,,268,0,148,474,248,1.8108,0.5654,1.0806
2024/2025,Male,disabled,Public,Pre-Primary/Primary,Primary 1,Primary 1,lga,Ondo West,South West,Ondo,Ondo West,,,335,0,172,531,279,1.9477,0.6309,1.2007
2024/2025,Male,disabled,Public,Pre-Primary/Primary,Primary 2,,lga,Akure North,South West,Ondo,Akure North,,,284,0,184,502,264,1.5435,0.5657,1.0758
2024/2025,Male,disabled,Public,Pre-Primary/Primary,Primary 2,,lga,Akure South,South West,Ondo,Akure South,,,305,0,172,457,239,1.7733,0.6674,1.2762
2024/2025,Male,disabled,Public,Pre-Primary/Primary,Primary 2,,lga,Odigbo,South West,Ondo,Odigbo,,,260,0,180,484,253,1.4444,0.5372,1.0277
2024/2025,Male,disabled,Public,Pre-Primary/Primary,Primary 2,,lga,Ondo East,South West,Ondo,Ondo East,,,238,0,160,422,221,1.4875,0.564,1.0769
2024/2025,Male,disabled,Public,Pre-Primary/Primary,Primary 2,,lga,Ondo West,South West,Ondo,Ondo West,,,298,0,176,472,247,1.6932,0.6314,1.2065
2024/2025,Male,disabled,Public,Pre-Primary/Primary,Primary 3,,lga,Akure North,South West,Ondo,Akure North,,,255,0,184,449,236,1.3859,0.5679,1.0805
2024/2025,Male,disabled,Public,Pre-Primary/Primary,Primary 3,,lga,Akure South,South West,Ondo,Akure South,,,274,0,160,411,216,1.7125,0.6667,1.2685
2024/2025,Male,disabled,Public,Pre-Primary/Primary,Primary 3,,lga,Odigbo,South West,Ondo,Odigbo,,,233,0,180,434,227,1.2944,0.5369,1.0264
2024/2025,Male,disabled,Public,Pre-Primary/Primary,Primary 3,,lga,Ondo East,South West,Ondo,Ondo East,,,213,0,152,377,199,1.4013,0.565,1.0704
2024/2025,Male,disabled,Public,Pre-Primary/Primary,Primary 3,,lga,Ondo West,South West,Ondo,Ondo West,,,266,0,168,422,221,1.5833,0.6303,1.2036
2024/2025,Male,disabled,Public,Pre-Primary/Primary,Primary 4,,lga,Akure North,South West,Ondo,Akure North,,,234,0,196,413,215,1.1939,0.5666,1.0884
2024/2025,Male,disabled,Public,Pre-Primary/Primary,Primary 4,,lga,Akure South,South West,Ondo,Akure South,,,251,0,164,378,199,1.5305,0.664,1.2613
2024/2025,Male,disabled,Public,Pre-Primary/Primary,Primary 4,,lga,Odigbo,South West,Ondo,Odigbo,,,214,0,164,395,207,1.3049,0.5418,1.0338
2024/2025,Male,disabled,Public,Pre-Primary/Primary,Primary 4,,lga,Ondo East,South West,Ondo,Ondo East,,,196,0,148,346,182,1.3243,0.5665,1.0769
2024/2025,Male,disabled,Public,Pre-Primary/Primary,Primary 4,,lga,Ondo West,South West,Ondo,Ondo West,,,245,0,176,386,203,1.392,0.6347,1.2069
2024/2025,Male,disabled,Public,Pre-Primary/Primary,Primary 5,,lga,Akure North,South West,Ondo,Akure North,,,219,0,188,387,202,1.1649,0.5659,1.0842
2024/2025,Male,disabled,Public,Pre-Primary/Primary,Primary 5,,lga,Akure South,South West,Ondo,Akure South,,,235,0,172,354,187,1.3663,0.6638,1.2567
2024/2025,Male,disabled,Public,Pre-Primary/Primary,Primary 5,,lga,Odigbo,South West,Ondo,Odigbo,,,200,0,168,370,194,1.1905,0.5405,1.0309
2024/2025,Male,disabled,Public,Pre-Primary/Primary,Primary 5,,lga,Ondo East,South West,Ondo,Ondo East,,,182,0,160,323,171,1.1375,0.5635,1.0643
2024/2025,Male,disabled,Public,Pre-Primary/Primary,Primary 5,,lga,Ondo West,South West,Ondo,Ondo West,,,228,0,180,362,191,1.2667,0.6298,1.1937
2024/2025,Male,disabled,Public,Pre-Primary/Primary,Primary 6,,lga,Akure North,South West,Ondo,Akure North,,,198,0,176,352,185,1.125,0.5625,1.0703
2024/2025,Male,disabled,Public,Pre-Primary/Primary,Primary 6,,lga,Akure South,South West,Ondo,Akure South,,,212,0,164,319,168,1.2927,0.6646,1.2619
2024/2025,Male,disabled,Public,Pre-Primary/Primary,Primary 6,,lga,Odigbo,South West,Ondo,Odigbo,,,181,0,172,336,177,1.0523,0.5387,1.0226
2024/2025,Male,disabled,Public,Pre-Primary/Primary,Primary 6,,lga,Ondo East,South West,Ondo,Ondo East,,,164,0,148,292,154,1.1081,0.5616,1.0649
2024/2025,Male,disabled,Public,Pre-Primary/Primary,Primary 6,,lga,Ondo West,South West,Ondo,Ondo West,,,206,0,176,326,172,1.1705,0.6319,1.1977
2024/2025,Male,disabled,Public,SSS,SSS1,SSS1,lga,Akure North,South West,Ondo,Akure North,,,33,1,76,102,56,0.4342,0.3235,0.5893
2024/2025,Male,disabled,Public,SSS,SSS1,SSS1,lga,Akure South,South West,Ondo,Akure South,,,29,0,72,97,52,0.4028,0.299,0.5577
2024/2025,Male,disabled,Public,SSS,SSS1,SSS1,lga,Odigbo,South West,Ondo,Odigbo,,,42,2,72,99,53,0.5833,0.4242,0.7925
2024/2025,Male,disabled,Public,SSS,SSS1,SSS1,lga,Ondo East,South West,Ondo,Ondo East,,,37,1,72,92,51,0.5139,0.4022,0.7255
2024/2025,Male,disabled,Public,SSS,SSS1,SSS1,lga,Ondo West,South West,Ondo,Ondo West,,,37,1,64,90,50,0.5781,0.4111,0.74
2024/2025,Male,disabled,Public,SSS,SSS2,,lga,Akure North,South West,Ondo,Akure North,,,27,0,72,83,46,0.375,0.3253,0.587
2024/2025,Male,disabled,Public,SSS,SSS2,,lga,Akure South,South West,Ondo,Akure South,,,22,0,72,80,44,0.3056,0.275,0.5
2024/2025,Male,disabled,Public,SSS,SSS2,,lga,Odigbo,South West,Ondo,Odigbo,,,31,0,72,82,46,0.4306,0.378,0.6739
2024/2025,Male,disabled,Public,SSS,SSS2,,lga,Ondo East,South West,Ondo,Ondo East,,,32,0,64,74,42,0.5,0.4324,0.7619
2024/2025,Male,disabled,Public,SSS,SSS2,,lga,Ondo West,South West,Ondo,Ondo West,,,29,1,64,74,41,0.4531,0.3919,0.7073
2024/2025,Male,disabled,Public,SSS,SSS3,,lga,Akure North,South West,Ondo,Akure North,,,20,0,76,66,38,0.2632,0.303,0.5263
2024/2025,Male,disabled,Public,SSS,SSS3,,lga,Akure South,South West,Ondo,Akure South,,,16,0,72,64,36,0.2222,0.25,0.4444
2024/2025,Male,disabled,Public,SSS,SSS3,,lga,Odigbo,South West,Ondo,Odigbo,,,22,0,76,64,36,0.2895,0.3438,0.6111
2024/2025,Male,disabled,Public,SSS,SSS3,,lga,Ondo East,South West,Ondo,Ondo East,,,24,0,64,59,34,0.375,0.4068,0.7059
2024/2025,Male,disabled,Public,SSS,SSS3,,lga,Ondo West,South West,Ondo,Ondo West,,,23,0,68,59,33,0.3382,0.3898,0.697
2024/2025,Male,disabled,Public,Vocational,Vocational Year 1,,lga,Akure North,South West,Ondo,Akure North,,,0,0,28,14,12,0.0,0.0,0.0
2024/2025,Male,disabled,Public,Vocational,Vocational Year 1,,lga,Akure South,South West,Ondo,Akure South,,,0,0,24,13,12,0.0,0.0,0.0
2024/2025,Male,disabled,Public,Vocational,Vocational Year 1,,lga,Odigbo,South West,Ondo,Odigbo,,,0,0,24,13,12,0.0,0.0,0.0
2024/2025,Male,disabled,Public,Vocational,Vocational Year 1,,lga,Ondo East,South West,Ondo,Ondo East,,,0,0,24,14,12,0.0,0.0,0.0
2024/2025,Male,disabled,Public,Vocational,Vocational Year 1,,lga,Ondo West,South West,Ondo,Ondo West,,,0,0,24,13,12,0.0,0.0,0.0
2024/2025,Male,disabled,Public,Vocational,Vocational Year 2,,lga,Akure North,South West,Ondo,Akure North,,,0,0,28,13,12,0.0,0.0,0.0
2024/2025,Male,disabled,Public,Vocational,Vocational Year 2,,lga,Akure South,South West,Ondo,Akure South,,,0,0,28,12,12,0.0,0.0,0.0
2024/2025,Male,disabled,Public,Vocational,Vocational Year 2,,lga,Odigbo,South West,Ondo,Odigbo,,,0,0,24,12,12,0.0,0.0,0.0
2024/2025,Male,disabled,Public,Vocational,Vocational Year 2,,lga,Ondo East,South West,Ondo,Ondo East,,,0,0,28,13,12,0.0,0.0,0.0
2024/2025,Male,disabled,Public,Vocational,Vocational Year 2,,lga,Ondo West,South West,Ondo,Ondo West,,,0,0,28,13,12,0.0,0.0,0.0
2024/2025,Male,disabled,Public,Vocational,Vocational Year 3,,lga,Akure North,South West,Ondo,Akure North,,,0,0,28,12,12,0.0,0.0,0.0
2024/2025,Male,disabled,Public,Vocational,Vocational Year 3,,lga,Akure South,South West,Ondo,Akure South,,,0,0,24,12,12,0.0,0.0,0.0
2024/2025,Male,disabled,Public,Vocational,Vocational Year 3,,lga,Odigbo,South West,Ondo,Odigbo,,,0,0,24,12,12,0.0,0.0,0.0
2024/2025,Male,disabled,Public,Vocational,Vocational Year 3,,lga,Ondo East,South West,Ondo,Ondo East,,,0,0,24,12,12,0.0,0.0,0.0
2024/2025,Male,disabled,Public,Vocational,Vocational Year 3,,lga,Ondo West,South West,Ondo,Ondo West,,,0,0,28,13,12,0.0,0.0,0.0
