session,gender,disability_scope,exam_body,institution_type,loc_level,loc_label,zone,state,lga,ward,school,ss3_total,o_level_candidates,utme_participants,admitted_students,matriculated_students,delayed_transition_students,loss_ss3_to_olevel,loss_olevel_to_utme,loss_utme_to_admitted,loss_admitted_to_matriculated
2019/2020,Female,all,NABTEB,College of Education,ward,City Centre,North Central,Federal Capital Territory,Abuja Municipal Area Council,City Centre,,212,209,135,69,64,6,3,74,66,6
2019/2020,Female,all,NABTEB,College of Education,ward,Garki,North Central,Federal Capital Territory,Abuja Municipal Area Council,Garki,,260,256,160,56,52,6,4,96,104,6
2019/2020,Female,all,NABTEB,College of Education,ward,Gui,North Central,Federal Capital Territory,Abuja Municipal Area Council,Gui,,317,313,193,75,64,11,4,120,118,11
2019/2020,Female,all,NABTEB,College of Education,ward,Bwari Central,North Central,Federal Capital Territory,Bwari,Bwari Central,,113,111,73,31,26,5,2,38,42,5
2019/2020,Female,all,NABTEB,College of Education,ward,Byazhin,North Central,Federal Capital Territory,Bwari,Byazhin,,284,280,169,62,52,11,4,111,107,11
2019/2020,Female,all,NABTEB,College of Education,ward,Dutse Alhaji,North Central,Federal Capital Territory,Bwari,Dutse Alhaji,,158,156,99,43,39,5,2,57,56,5
2019/2020,Female,all,NABTEB,College of Education,ward,Dobi,North Central,Federal Capital Territory,Gwagwalada,Dobi,,76,75,45,12,13,0,1,30,33,0
2019/2020,Female,all,NABTEB,College of Education,ward,Gwagwalada Centre,North Central,Federal Capital Territory,Gwagwalada,Gwagwalada Centre,,222,219,135,62,64,0,3,84,73,0
2019/2020,Female,all,NABTEB,College of Education,ward,Chibiri,North Central,Federal Capital Territory,Kuje,Chibiri,,71,70,42,18,19,0,1,28,24,0
2019/2020,Female,all,NABTEB,College of Education,ward,Gaube,North Central,Federal Capital Territory,Kuje,Gaube,,195,192,118,49,45,5,3,74,69,5
2019/2020,Female,all,NABTEB,College of Education,ward,Ashara,North Central,Federal Capital Territory,Kwali,Ashara,,184,181,106,43,38,6,3,75,63,6
2019/2020,Female,all,NABTEB,College of Education,ward,Gumbo,North Central,Federal Capital Territory,Kwali,Gumbo,,87,86,48,18,19,0,1,38,30,0
2019/2020,Female,all,NABTEB,Polytechnic,ward,City Centre,North Central,Federal Capital Territory,Abuja Municipal Area Council,City Centre,,140,138,88,31,26,5,2,50,57,5
2019/2020,Female,all,NABTEB,Polytechnic,ward,Garki,North Central,Federal Capital Territory,Abuja Municipal Area Council,Garki,,134,132,82,31,26,5,2,50,51,5
2019/2020,Female,all,NABTEB,Polytechnic,ward,Bwari Central,North Central,Federal Capital Territory,Bwari,Bwari Central,,166,164,108,50,45,5,2,56,58,5
2019/2020,Female,all,NABTEB,Polytechnic,ward,Byazhin,North Central,Federal Capital Territory,Bwari,Byazhin,,110,108,63,19,19,0,2,45,44,0
2019/2020,Female,all,NABTEB,Polytechnic,ward,Dutse Alhaji,North Central,Federal Capital Territory,Bwari,Dutse Alhaji,,87,86,51,25,19,6,1,35,26,6
2019/2020,Female,all,NABTEB,Polytechnic,ward,Dobi,North Central,Federal Capital Territory,Gwagwalada,Dobi,,208,205,130,55,51,5,3,75,75,5
2019/2020,Female,all,NABTEB,Polytechnic,ward,Gwako,North Central,Federal Capital Territory,Gwagwalada,Gwako,,104,102,67,25,19,6,2,35,42,6
2019/2020,Female,all,NABTEB,Polytechnic,ward,Chibiri,North Central,Federal Capital Territory,Kuje,Chibiri,,185,183,121,56,45,11,2,62,65,11
2019/2020,Female,all,NABTEB,Polytechnic,ward,Gaube,North Central,Federal Capital Territory,Kuje,Gaube,,110,108,67,25,19,6,2,41,42,6
2019/2020,Female,all,NABTEB,Polytechnic,ward,Gudun Karya,North Central,Federal Capital Territory,Kuje,Gudun Karya,,202,199,117,42,45,0,3,82,75,0
2019/2020,Female,all,NABTEB,Polytechnic,ward,Ashara,North Central,Federal Capital Territory,Kwali,Ashara,,115,113,63,18,13,5,2,50,45,5
2019/2020,Female,all,NABTEB,Polytechnic,ward,Dafa,North Central,Federal Capital Territory,Kwali,Dafa,,95,94,57,18,13,5,1,37,39,5
2019/2020,Female,all,NABTEB,Polytechnic,ward,Gumbo,North Central,Federal Capital Territory,Kwali,Gumbo,,142,140,90,43,45,0,2,50,47,0
2019/2020,Female,all,NABTEB,University,ward,Gui,North Central,Federal Capital Territory,Abuja Municipal Area Council,Gui,,58,57,33,12,13,0,1,24,21,0
2019/2020,Female,all,NABTEB,University,ward,Bwari Central,North Central,Federal Capital Territory,Bwari,Bwari Central,,58,57,33,19,19,0,1,24,14,0
2019/2020,Female,all,NABTEB,University,ward,Dutse Alhaji,North Central,Federal Capital Territory,Bwari,Dutse Alhaji,,158,156,100,37,32,5,2,56,63,5
2019/2020,Female,all,NABTEB,University,ward,Dobi,North Central,Federal Capital Territory,Gwagwalada,Dobi,,126,124,70,25,19,6,2,54,45,6
2019/2020,Female,all,NABTEB,University,ward,Gwagwalada Centre,North Central,Federal Capital Territory,Gwagwalada,Gwagwalada Centre,,79,78,45,12,13,0,1,33,33,0
2019/2020,Female,all,NABTEB,University,ward,Gwako,North Central,Federal Capital Territory,Gwagwalada,Gwako,,205,202,135,68,65,5,3,67,67,5
2019/2020,Female,all,NABTEB,University,ward,Chibiri,North Central,Federal Capital Territory,Kuje,Chibiri,,107,105,67,31,26,5,2,38,36,5
2019/2020,Female,all,NABTEB,University,ward,Gaube,North Central,Federal Capital Territory,Kuje,Gaube,,58,57,33,12,13,0,1,24,21,0
2019/2020,Female,all,NABTEB,University,ward,Gudun Karya,North Central,Federal Capital Territory,Kuje,Gudun Karya,,63,62,39,12,13,0,1,23,27,0
2019/2020,Female,all,NABTEB,University,ward,Ashara,North Central,Federal Capital Territory,Kwali,Ashara,,118,116,67,18,13,5,2,49,49,5
2019/2020,Female,all,NABTEB,University,ward,Dafa,North Central,Federal Capital Territory,Kwali,Dafa,,270,267,159,61,52,10,3,108,98,10
2019/2020,Female,all,NABTEB,University,ward,Gumbo,North Central,Federal Capital Territory,Kwali,Gumbo,,71,70,45,18,19,0,1,25,27,0
2019/2020,Female,all,NECO,College of Education,ward,City Centre,North Central,Federal Capital Territory,Abuja Municipal Area Council,City Centre,,435,429,277,105,92,13,6,152,172,13
2019/2020,Female,all,NECO,College of Education,ward,Garki,North Central,Federal Capital Territory,Abuja Municipal Area Council,Garki,,509,501,299,105,92,13,8,202,194,13
2019/2020,Female,all,NECO,College of Education,ward,Gui,North Central,Federal Capital Territory,Abuja Municipal Area Council,Gui,,571,563,344,119,101,18,8,219,225,18
2019/2020,Female,all,NECO,College of Education,ward,Bwari Central,North Central,Federal Capital Territory,Bwari,Bwari Central,,211,208,136,43,34,9,3,72,93,9
2019/2020,Female,all,NECO,College of Education,ward,Byazhin,North Central,Federal Capital Territory,Bwari,Byazhin,,527,519,326,104,92,12,8,193,222,12
2019/2020,Female,all,NECO,College of Education,ward,Dutse Alhaji,North Central,Federal Capital Territory,Bwari,Dutse Alhaji,,322,317,199,81,73,8,5,118,118,8
2019/2020,Female,all,NECO,College of Education,ward,Dobi,North Central,Federal Capital Territory,Gwagwalada,Dobi,,114,112,62,14,10,4,2,50,48,4
2019/2020,Female,all,NECO,College of Education,ward,Gwagwalada Centre,North Central,Federal Capital Territory,Gwagwalada,Gwagwalada Centre,,414,408,245,95,82,13,6,163,150,13
2019/2020,Female,all,NECO,College of Education,ward,Chibiri,North Central,Federal Capital Territory,Kuje,Chibiri,,143,141,90,33,29,4,2,51,57,4
2019/2020,Female,all,NECO,College of Education,ward,Gaube,North Central,Federal Capital Territory,Kuje,Gaube,,399,393,247,99,82,17,6,146,148,17
2019/2020,Female,all,NECO,College of Education,ward,Ashara,North Central,Federal Capital Territory,Kwali,Ashara,,356,350,201,66,53,13,6,149,135,13
2019/2020,Female,all,NECO,College of Education,ward,Gumbo,North Central,Federal Capital Territory,Kwali,Gumbo,,158,156,98,28,24,4,2,58,70,4
2019/2020,Female,all,NECO,Polytechnic,ward,City Centre,North Central,Federal Capital Territory,Abuja Municipal Area Council,City Centre,,229,226,149,52,43,9,3,77,97,9
2019/2020,Female,all,NECO,Polytechnic,ward,Garki,North Central,Federal Capital Territory,Abuja Municipal Area Council,Garki,,242,238,136,43,34,9,4,102,93,9
2019/2020,Female,all,NECO,Polytechnic,ward,Bwari Central,North Central,Federal Capital Territory,Bwari,Bwari Central,,331,326,204,86,77,9,5,122,118,9
2019/2020,Female,all,NECO,Polytechnic,ward,Byazhin,North Central,Federal Capital Territory,Bwari,Byazhin,,245,241,139,48,43,5,4,102,91,5
2019/2020,Female,all,NECO,Polytechnic,ward,Dutse Alhaji,North Central,Federal Capital Territory,Bwari,Dutse Alhaji,,173,170,103,43,39,4,3,67,60,4
2019/2020,Female,all,NECO,Polytechnic,ward,Dobi,North Central,Federal Capital Territory,Gwagwalada,Dobi,,360,355,214,76,68,8,5,141,138,8
2019/2020,Female,all,NECO,Polytechnic,ward,Gwako,North Central,Federal Capital Territory,Gwagwalada,Gwako,,229,226,139,52,44,8,3,87,87,8
2019/2020,Female,all,NECO,Polytechnic,ward,Chibiri,North Central,Federal Capital Territory,Kuje,Chibiri,,358,353,223,86,77,9,5,130,137,9
2019/2020,Female,all,NECO,Polytechnic,ward,Gaube,North Central,Federal Capital Territory,Kuje,Gaube,,223,220,139,52,43,9,3,81,87,9
2019/2020,Female,all,NECO,Polytechnic,ward,Gudun Karya,North Central,Federal Capital Territory,Kuje,Gudun Karya,,402,396,239,81,67,14,6,157,158,14
2019/2020,Female,all,NECO,Polytechnic,ward,Ashara,North Central,Federal Capital Territory,Kwali,Ashara,,232,229,141,33,29,4,3,88,108,4
2019/2020,Female,all,NECO,Polytechnic,ward,Dafa,North Central,Federal Capital Territory,Kwali,Dafa,,194,191,117,43,39,4,3,74,74,4
2019/2020,Female,all,NECO,Polytechnic,ward,Gumbo,North Central,Federal Capital Territory,Kwali,Gumbo,,244,241,149,62,53,9,3,92,87,9
2019/2020,Female,all,NECO,University,ward,Gui,North Central,Federal Capital Territory,Abuja Municipal Area Council,Gui,,114,112,71,28,24,4,2,41,43,4
2019/2020,Female,all,NECO,University,ward,Bwari Central,North Central,Federal Capital Territory,Bwari,Bwari Central,,95,94,57,19,14,5,1,37,38,5
2019/2020,Female,all,NECO,University,ward,Dutse Alhaji,North Central,Federal Capital Territory,Bwari,Dutse Alhaji,,289,285,166,57,48,9,4,119,109,9
2019/2020,Female,all,NECO,University,ward,Dobi,North Central,Federal Capital Territory,Gwagwalada,Dobi,,232,229,136,38,34,4,3,93,98,4
2019/2020,Female,all,NECO,University,ward,Gwagwalada Centre,North Central,Federal Capital Territory,Gwagwalada,Gwagwalada Centre,,155,153,90,29,24,5,2,63,61,5
2019/2020,Female,all,NECO,University,ward,Gwako,North Central,Federal Capital Territory,Gwagwalada,Gwako,,400,394,247,95,82,13,6,147,152,13
2019/2020,Female,all,NECO,University,ward,Chibiri,North Central,Federal Capital Territory,Kuje,Chibiri,,229,226,141,57,48,9,3,85,84,9
2019/2020,Female,all,NECO,University,ward,Gaube,North Central,Federal Capital Territory,Kuje,Gaube,,114,112,68,24,19,5,2,44,44,5
2019/2020,Female,all,NECO,University,ward,Gudun Karya,North Central,Federal Capital Territory,Kuje,Gudun Karya,,105,103,65,24,19,5,2,38,41,5
2019/2020,Female,all,NECO,University,ward,Ashara,North Central,Federal Capital Territory,Kwali,Ashara,,200,197,114,38,34,4,3,83,76,4
2019/2020,Female,all,NECO,University,ward,Dafa,North Central,Federal Capital Territory,Kwali,Dafa,,568,560,338,109,97,12,8,222,229,12
2019/2020,Female,all,NECO,University,ward,Gumbo,North Central,Federal Capital Territory,Kwali,Gumbo,,149,147,95,43,39,4,2,52,52,4
2019/2020,Female,all,WAEC,College of Education,ward,City Centre,North Central,Federal Capital Territory,Abuja Municipal Area Council,City Centre,,528,519,337,140,126,14,9,182,197,14
2019/2020,Female,all,WAEC,College of Education,ward,Garki,North Central,Federal Capital Territory,Abuja Municipal Area Council,Garki,,641,632,386,137,122,15,9,246,249,15
2019/2020,Female,all,WAEC,College of Education,ward,Gui,North Central,Federal Capital Territory,Abuja Municipal Area Council,Gui,,742,732,435,170,156,14,10,297,265,14
2019/2020,Female,all,WAEC,College of Education,ward,Bwari Central,North Central,Federal Capital Territory,Bwari,Bwari Central,,296,292,186,74,66,8,4,106,112,8
2019/2020,Female,all,WAEC,College of Education,ward,Byazhin,North Central,Federal Capital Territory,Bwari,Byazhin,,699,690,423,149,132,17,9,267,274,17
2019/2020,Female,all,WAEC,College of Education,ward,Dutse Alhaji,North Central,Federal Capital Territory,Bwari,Dutse Alhaji,,438,432,266,109,99,10,6,166,157,10
2019/2020,Female,all,WAEC,College of Education,ward,Dobi,North Central,Federal Capital Territory,Gwagwalada,Dobi,,179,176,100,35,33,2,3,76,65,2
2019/2020,Female,all,WAEC,College of Education,ward,Gwagwalada Centre,North Central,Federal Capital Territory,Gwagwalada,Gwagwalada Centre,,564,556,348,149,137,12,8,208,199,12
2019/2020,Female,all,WAEC,College of Education,ward,Chibiri,North Central,Federal Capital Territory,Kuje,Chibiri,,164,162,95,39,38,1,2,67,56,1
2019/2020,Female,all,WAEC,College of Education,ward,Gaube,North Central,Federal Capital Territory,Kuje,Gaube,,561,553,344,140,128,12,8,209,204,12
2019/2020,Female,all,WAEC,College of Education,ward,Ashara,North Central,Federal Capital Territory,Kwali,Ashara,,429,422,259,92,80,12,7,163,167,12
2019/2020,Female,all,WAEC,College of Education,ward,Gumbo,North Central,Federal Capital Territory,Kwali,Gumbo,,207,204,122,44,38,6,3,82,78,6
2019/2020,Female,all,WAEC,Polytechnic,ward,City Centre,North Central,Federal Capital Territory,Abuja Municipal Area Council,City Centre,,282,278,171,74,66,8,4,107,97,8
2019/2020,Female,all,WAEC,Polytechnic,ward,Garki,North Central,Federal Capital Territory,Abuja Municipal Area Council,Garki,,306,301,178,66,61,5,5,123,112,5
2019/2020,Female,all,WAEC,Polytechnic,ward,Bwari Central,North Central,Federal Capital Territory,Bwari,Bwari Central,,431,425,269,114,104,10,6,156,155,10
2019/2020,Female,all,WAEC,Polytechnic,ward,Byazhin,North Central,Federal Capital Territory,Bwari,Byazhin,,317,312,198,79,71,8,5,114,119,8
2019/2020,Female,all,WAEC,Polytechnic,ward,Dutse Alhaji,North Central,Federal Capital Territory,Bwari,Dutse Alhaji,,202,199,122,48,42,6,3,77,74,6
2019/2020,Female,all,WAEC,Polytechnic,ward,Dobi,North Central,Federal Capital Territory,Gwagwalada,Dobi,,467,460,281,105,94,11,7,179,176,11
2019/2020,Female,all,WAEC,Polytechnic,ward,Gwako,North Central,Federal Capital Territory,Gwagwalada,Gwako,,285,281,171,74,66,8,4,110,97,8
2019/2020,Female,all,WAEC,Polytechnic,ward,Chibiri,North Central,Federal Capital Territory,Kuje,Chibiri,,438,431,264,106,94,12,7,167,158,12
2019/2020,Female,all,WAEC,Polytechnic,ward,Gaube,North Central,Federal Capital Territory,Kuje,Gaube,,291,287,169,57,52,5,4,118,112,5
2019/2020,Female,all,WAEC,Polytechnic,ward,Gudun Karya,North Central,Federal Capital Territory,Kuje,Gudun Karya,,489,482,293,105,99,6,7,189,188,6
2019/2020,Female,all,WAEC,Polytechnic,ward,Ashara,North Central,Federal Capital Territory,Kwali,Ashara,,309,304,183,61,57,4,5,121,122,4
2019/2020,Female,all,WAEC,Polytechnic,ward,Dafa,North Central,Federal Capital Territory,Kwali,Dafa,,227,224,134,44,38,6,3,90,90,6
2019/2020,Female,all,WAEC,Polytechnic,ward,Gumbo,North Central,Federal Capital Territory,Kwali,Gumbo,,328,323,210,96,90,6,5,113,114,6
2019/2020,Female,all,WAEC,University,ward,Gui,North Central,Federal Capital Territory,Abuja Municipal Area Council,Gui,,147,145,86,35,33,2,2,59,51,2
2019/2020,Female,all,WAEC,University,ward,Bwari Central,North Central,Federal Capital Territory,Bwari,Bwari Central,,127,125,76,31,28,3,2,49,45,3
2019/2020,Female,all,WAEC,University,ward,Dutse Alhaji,North Central,Federal Capital Territory,Bwari,Dutse Alhaji,,340,335,198,79,71,8,5,137,119,8
2019/2020,Female,all,WAEC,University,ward,Dobi,North Central,Federal Capital Territory,Gwagwalada,Dobi,,279,275,164,57,52,5,4,111,107,5
2019/2020,Female,all,WAEC,University,ward,Gwagwalada Centre,North Central,Federal Capital Territory,Gwagwalada,Gwagwalada Centre,,196,193,117,39,33,6,3,76,78,6
2019/2020,Female,all,WAEC,University,ward,Gwako,North Central,Federal Capital Territory,Gwagwalada,Gwako,,513,505,318,136,122,14,8,187,182,14
2019/2020,Female,all,WAEC,University,ward,Chibiri,North Central,Federal Capital Territory,Kuje,Chibiri,,291,287,186,74,66,8,4,101,112,8
2019/2020,Female,all,WAEC,University,ward,Gaube,North Central,Federal Capital Territory,Kuje,Gaube,,132,130,76,31,28,3,2,54,45,3
2019/2020,Female,all,WAEC,University,ward,Gudun Karya,North Central,Federal Capital Territory,Kuje,Gudun Karya,,127,125,78,31,28,3,2,47,47,3
2019/2020,Female,all,WAEC,University,ward,Ashara,North Central,Federal Capital Territory,Kwali,Ashara,,254,250,154,53,47,6,4,96,101,6
2019/2020,Female,all,WAEC,University,ward,Dafa,North Central,Federal Capital Territory,Kwali,Dafa,,708,698,431,149,136,13,10,267,282,13
2019/2020,Female,all,WAEC,University,ward,Gumbo,North Central,Federal Capital Territory,Kwali,Gumbo,,170,167,100,44,38,6,3,67,56,6
2019/2020,Female,disabled,NABTEB,College of Education,ward,City Centre,North Central,Federal Capital Territory,Abuja Municipal Area Council,City Centre,,33,33,18,18,18,0,0,15,0,0
2019/2020,Female,disabled,NABTEB,College of Education,ward,Garki,North Central,Federal Capital Territory,Abuja Municipal Area Council,Garki,,35,35,18,6,6,0,0,17,12,0
2019/2020,Female,disabled,NABTEB,College of Education,ward,Gui,North Central,Federal Capital Territory,Abuja Municipal Area Council,Gui,,41,41,21,12,12,0,0,20,9,0
2019/2020,Female,disabled,NABTEB,College of Education,ward,Bwari Central,North Central,Federal Capital Territory,Bwari,Bwari Central,,11,11,6,6,6,0,0,5,0,0
2019/2020,Female,disabled,NABTEB,College of Education,ward,Byazhin,North Central,Federal Capital Territory,Bwari,Byazhin,,38,38,21,6,6,0,0,17,15,0
2019/2020,Female,disabled,NABTEB,College of Education,ward,Dutse Alhaji,North Central,Federal Capital Territory,Bwari,Dutse Alhaji,,22,22,12,6,6,0,0,10,6,0
2019/2020,Female,disabled,NABTEB,College of Education,ward,Dobi,North Central,Federal Capital Territory,Gwagwalada,Dobi,,11,11,6,0,0,0,0,5,6,0
2019/2020,Female,disabled,NABTEB,College of Education,ward,Gwagwalada Centre,North Central,Federal Capital Territory,Gwagwalada,Gwagwalada Centre,,33,33,18,12,12,0,0,15,6,0
2019/2020,Female,disabled,NABTEB,College of Education,ward,Chibiri,North Central,Federal Capital Territory,Kuje,Chibiri,,11,11,6,6,6,0,0,5,0,0
2019/2020,Female,disabled,NABTEB,College of Education,ward,Gaube,North Central,Federal Capital Territory,Kuje,Gaube,,27,27,15,6,6,0,0,12,9,0
2019/2020,Female,disabled,NABTEB,College of Education,ward,Ashara,North Central,Federal Capital Territory,Kwali,Ashara,,27,27,15,6,7,0,0,12,9,0
2019/2020,Female,disabled,NABTEB,College of Education,ward,Gumbo,North Central,Federal Capital Territory,Kwali,Gumbo,,11,11,6,6,6,0,0,5,0,0
2019/2020,Female,disabled,NABTEB,Polytechnic,ward,City Centre,North Central,Federal Capital Territory,Abuja Municipal Area Council,City Centre,,11,11,6,6,6,0,0,5,0,0
2019/2020,Female,disabled,NABTEB,Polytechnic,ward,Garki,North Central,Federal Capital Territory,Abuja Municipal Area Council,Garki,,16,16,9,6,6,0,0,7,3,0
2019/2020,Female,disabled,NABTEB,Polytechnic,ward,Bwari Central,North Central,Federal Capital Territory,Bwari,Bwari Central,,22,22,12,12,12,0,0,10,0,0
2019/2020,Female,disabled,NABTEB,Polytechnic,ward,Byazhin,North Central,Federal Capital Territory,Bwari,Byazhin,,11,11,6,0,0,0,0,5,6,0
2019/2020,Female,disabled,NABTEB,Polytechnic,ward,Dutse Alhaji,North Central,Federal Capital Territory,Bwari,Dutse Alhaji,,11,11,6,6,6,0,0,5,0,0
2019/2020,Female,disabled,NABTEB,Polytechnic,ward,Dobi,North Central,Federal Capital Territory,Gwagwalada,Dobi,,27,27,15,12,12,0,0,12,3,0
2019/2020,Female,disabled,NABTEB,Polytechnic,ward,Gwako,North Central,Federal Capital Territory,Gwagwalada,Gwako,,13,13,9,6,6,0,0,4,3,0
2019/2020,Female,disabled,NABTEB,Polytechnic,ward,Chibiri,North Central,Federal Capital Territory,Kuje,Chibiri,,24,24,15,12,13,0,0,9,3,0
2019/2020,Female,disabled,NABTEB,Polytechnic,ward,Gaube,North Central,Federal Capital Territory,Kuje,Gaube,,16,16,9,6,6,0,0,7,3,0
2019/2020,Female,disabled,NABTEB,Polytechnic,ward,Gudun Karya,North Central,Federal Capital Territory,Kuje,Gudun Karya,,33,33,18,6,6,0,0,15,12,0
2019/2020,Female,disabled,NABTEB,Polytechnic,ward,Ashara,North Central,Federal Capital Territory,Kwali,Ashara,,13,13,6,0,0,0,0,7,6,0
2019/2020,Female,disabled,NABTEB,Polytechnic,ward,Dafa,North Central,Federal Capital Territory,Kwali,Dafa,,11,11,6,0,0,0,0,5,6,0
2019/2020,Female,disabled,NABTEB,Polytechnic,ward,Gumbo,North Central,Federal Capital Territory,Kwali,Gumbo,,22,22,12,12,14,0,0,10,0,0
2019/2020,Female,disabled,NABTEB,University,ward,Gui,North Central,Federal Capital Territory,Abuja Municipal Area Council,Gui,,11,11,6,0,0,0,0,5,6,0
2019/2020,Female,disabled,NABTEB,University,ward,Bwari Central,North Central,Federal Capital Territory,Bwari,Bwari Central,,11,11,6,6,6,0,0,5,0,0
2019/2020,Female,disabled,NABTEB,University,ward,Dutse Alhaji,North Central,Federal Capital Territory,Bwari,Dutse Alhaji,,11,11,6,0,0,0,0,5,6,0
2019/2020,Female,disabled,NABTEB,University,ward,Dobi,North Central,Federal Capital Territory,Gwagwalada,Dobi,,13,13,9,6,6,0,0,4,3,0
2019/2020,Female,disabled,NABTEB,University,ward,Gwagwalada Centre,North Central,Federal Capital Territory,Gwagwalada,Gwagwalada Centre,,11,11,6,0,0,0,0,5,6,0
2019/2020,Female,disabled,NABTEB,University,ward,Gwako,North Central,Federal Capital Territory,Gwagwalada,Gwako,,33,33,18,12,13,0,0,15,6,0
2019/2020,Female,disabled,NABTEB,University,ward,Chibiri,North Central,Federal Capital Territory,Kuje,Chibiri,,11,11,6,6,6,0,0,5,0,0
2019/2020,Female,disabled,NABTEB,University,ward,Gaube,North Central,Federal Capital Territory,Kuje,Gaube,,11,11,6,0,0,0,0,5,6,0
2019/2020,Female,disabled,NABTEB,University,ward,Gudun Karya,North Central,Federal Capital Territory,Kuje,Gudun Karya,,11,11,6,0,0,0,0,5,6,0
2019/2020,Female,disabled,NABTEB,University,ward,Ashara,North Central,Federal Capital Territory,Kwali,Ashara,,11,11,6,0,0,0,0,5,6,0
2019/2020,Female,disabled,NABTEB,University,ward,Dafa,North Central,Federal Capital Territory,Kwali,Dafa,,33,33,18,6,6,0,0,15,12,0
2019/2020,Female,disabled,NABTEB,University,ward,Gumbo,North Central,Federal Capital Territory,Kwali,Gumbo,,11,11,6,6,6,0,0,5,0,0
2019/2020,Female,disabled,NECO,College of Education,ward,City Centre,North Central,Federal Capital Territory,Abuja Municipal Area Council,City Centre,,51,51,27,15,15,0,0,24,12,0
2019/2020,Female,disabled,NECO,College of Education,ward,Garki,North Central,Federal Capital Territory,Abuja Municipal Area Council,Garki,,53,53,27,15,15,0,0,26,12,0
2019/2020,Female,disabled,NECO,College of Education,ward,Gui,North Central,Federal Capital Territory,Abuja Municipal Area Council,Gui,,63,62,32,15,15,0,1,30,17,0
2019/2020,Female,disabled,NECO,College of Education,ward,Bwari Central,North Central,Federal Capital Territory,Bwari,Bwari Central,,23,23,14,5,5,0,0,9,9,0
2019/2020,Female,disabled,NECO,College of Education,ward,Byazhin,North Central,Federal Capital Territory,Bwari,Byazhin,,59,59,36,10,10,0,0,23,26,0
2019/2020,Female,disabled,NECO,College of Education,ward,Dutse Alhaji,North Central,Federal Capital Territory,Bwari,Dutse Alhaji,,33,33,22,10,10,0,0,11,12,0
2019/2020,Female,disabled,NECO,College of Education,ward,Dobi,North Central,Federal Capital Territory,Gwagwalada,Dobi,,12,12,5,0,0,0,0,7,5,0
2019/2020,Female,disabled,NECO,College of Education,ward,Gwagwalada Centre,North Central,Federal Capital Territory,Gwagwalada,Gwagwalada Centre,,45,45,27,15,15,0,0,18,12,0
2019/2020,Female,disabled,NECO,College of Education,ward,Chibiri,North Central,Federal Capital Territory,Kuje,Chibiri,,12,12,8,5,5,0,0,4,3,0
2019/2020,Female,disabled,NECO,College of Education,ward,Gaube,North Central,Federal Capital Territory,Kuje,Gaube,,47,47,27,10,10,0,0,20,17,0
2019/2020,Female,disabled,NECO,College of Education,ward,Ashara,North Central,Federal Capital Territory,Kwali,Ashara,,44,44,24,5,5,0,0,20,19,0
2019/2020,Female,disabled,NECO,College of Education,ward,Gumbo,North Central,Federal Capital Territory,Kwali,Gumbo,,12,12,5,0,0,0,0,7,5,0
2019/2020,Female,disabled,NECO,Polytechnic,ward,City Centre,North Central,Federal Capital Territory,Abuja Municipal Area Council,City Centre,,18,18,11,5,5,0,0,7,6,0
2019/2020,Female,disabled,NECO,Polytechnic,ward,Garki,North Central,Federal Capital Territory,Abuja Municipal Area Council,Garki,,29,29,16,5,5,0,0,13,11,0
2019/2020,Female,disabled,NECO,Polytechnic,ward,Bwari Central,North Central,Federal Capital Territory,Bwari,Bwari Central,,38,38,22,10,10,0,0,16,12,0
2019/2020,Female,disabled,NECO,Polytechnic,ward,Byazhin,North Central,Federal Capital Territory,Bwari,Byazhin,,21,21,11,5,5,0,0,10,6,0
2019/2020,Female,disabled,NECO,Polytechnic,ward,Dutse Alhaji,North Central,Federal Capital Territory,Bwari,Dutse Alhaji,,18,18,11,5,5,0,0,7,6,0
2019/2020,Female,disabled,NECO,Polytechnic,ward,Dobi,North Central,Federal Capital Territory,Gwagwalada,Dobi,,38,38,22,10,10,0,0,16,12,0
2019/2020,Female,disabled,NECO,Polytechnic,ward,Gwako,North Central,Federal Capital Territory,Gwagwalada,Gwako,,26,26,16,5,5,0,0,10,11,0
2019/2020,Female,disabled,NECO,Polytechnic,ward,Chibiri,North Central,Federal Capital Territory,Kuje,Chibiri,,44,44,25,10,10,0,0,19,15,0
2019/2020,Female,disabled,NECO,Polytechnic,ward,Gaube,North Central,Federal Capital Territory,Kuje,Gaube,,32,32,19,5,5,0,0,13,14,0
2019/2020,Female,disabled,NECO,Polytechnic,ward,Gudun Karya,North Central,Federal Capital Territory,Kuje,Gudun Karya,,45,45,24,10,10,0,0,21,14,0
2019/2020,Female,disabled,NECO,Polytechnic,ward,Ashara,North Central,Federal Capital Territory,Kwali,Ashara,,26,26,14,0,0,0,0,12,14,0
2019/2020,Female,disabled,NECO,Polytechnic,ward,Dafa,North Central,Federal Capital Territory,Kwali,Dafa,,20,20,11,5,5,0,0,9,6,0
2019/2020,Female,disabled,NECO,Polytechnic,ward,Gumbo,North Central,Federal Capital Territory,Kwali,Gumbo,,35,35,22,10,10,0,0,13,12,0
2019/2020,Female,disabled,NECO,University,ward,Gui,North Central,Federal Capital Territory,Abuja Municipal Area Council,Gui,,12,12,5,5,5,0,0,7,0,0
2019/2020,Female,disabled,NECO,University,ward,Bwari Central,North Central,Federal Capital Territory,Bwari,Bwari Central,,12,12,5,0,0,0,0,7,5,0
2019/2020,Female,disabled,NECO,University,ward,Dutse Alhaji,North Central,Federal Capital Territory,Bwari,Dutse Alhaji,,21,21,11,5,5,0,0,10,6,0
2019/2020,Female,disabled,NECO,University,ward,Dobi,North Central,Federal Capital Territory,Gwagwalada,Dobi,,26,26,14,5,5,0,0,12,9,0
2019/2020,Female,disabled,NECO,University,ward,Gwagwalada Centre,North Central,Federal Capital Territory,Gwagwalada,Gwagwalada Centre,,15,15,8,5,5,0,0,7,3,0
2019/2020,Female,disabled,NECO,University,ward,Gwako,North Central,Federal Capital Territory,Gwagwalada,Gwako,,39,39,21,10,10,0,0,18,11,0
2019/2020,Female,disabled,NECO,University,ward,Chibiri,North Central,Federal Capital Territory,Kuje,Chibiri,,23,23,14,5,5,0,0,9,9,0
2019/2020,Female,disabled,NECO,University,ward,Gaube,North Central,Federal Capital Territory,Kuje,Gaube,,12,12,5,5,5,0,0,7,0,0
2019/2020,Female,disabled,NECO,University,ward,Gudun Karya,North Central,Federal Capital Territory,Kuje,Gudun Karya,,12,12,8,5,5,0,0,4,3,0
2019/2020,Female,disabled,NECO,University,ward,Ashara,North Central,Federal Capital Territory,Kwali,Ashara,,20,20,11,5,5,0,0,9,6,0
2019/2020,Female,disabled,NECO,University,ward,Dafa,North Central,Federal Capital Territory,Kwali,Dafa,,50,50,27,15,15,0,0,23,12,0
2019/2020,Female,disabled,NECO,University,ward,Gumbo,North Central,Federal Capital Territory,Kwali,Gumbo,,12,12,8,5,5,0,0,4,3,0
2019/2020,Female,disabled,WAEC,College of Education,ward,City Centre,North Central,Federal Capital Territory,Abuja Municipal Area Council,City Centre,,65,65,39,12,15,0,0,26,27,0
2019/2020,Female,disabled,WAEC,College of Education,ward,Garki,North Central,Federal Capital Territory,Abuja Municipal Area Council,Garki,,65,65,36,12,15,0,0,29,24,0
2019/2020,Female,disabled,WAEC,College of Education,ward,Gui,North Central,Federal Capital Territory,Abuja Municipal Area Council,Gui,,78,77,43,19,19,0,1,34,24,0
2019/2020,Female,disabled,WAEC,College of Education,ward,Bwari Central,North Central,Federal Capital Territory,Bwari,Bwari Central,,31,31,17,5,5,0,0,14,12,0
2019/2020,Female,disabled,WAEC,College of Education,ward,Byazhin,North Central,Federal Capital Territory,Bwari,Byazhin,,86,85,47,14,15,0,1,38,33,0
2019/2020,Female,disabled,WAEC,College of Education,ward,Dutse Alhaji,North Central,Federal Capital Territory,Bwari,Dutse Alhaji,,39,39,24,8,10,0,0,15,16,0
2019/2020,Female,disabled,WAEC,College of Education,ward,Dobi,North Central,Federal Capital Territory,Gwagwalada,Dobi,,14,14,7,5,5,0,0,7,2,0
2019/2020,Female,disabled,WAEC,College of Education,ward,Gwagwalada Centre,North Central,Federal Capital Territory,Gwagwalada,Gwagwalada Centre,,57,57,34,12,15,0,0,23,22,0
2019/2020,Female,disabled,WAEC,College of Education,ward,Chibiri,North Central,Federal Capital Territory,Kuje,Chibiri,,11,11,7,4,5,0,0,4,3,0
2019/2020,Female,disabled,WAEC,College of Education,ward,Gaube,North Central,Federal Capital Territory,Kuje,Gaube,,66,65,39,13,14,0,1,26,26,0
2019/2020,Female,disabled,WAEC,College of Education,ward,Ashara,North Central,Federal Capital Territory,Kwali,Ashara,,55,54,29,8,10,0,1,25,21,0
2019/2020,Female,disabled,WAEC,College of Education,ward,Gumbo,North Central,Federal Capital Territory,Kwali,Gumbo,,17,17,10,0,0,0,0,7,10,0
2019/2020,Female,disabled,WAEC,Polytechnic,ward,City Centre,North Central,Federal Capital Territory,Abuja Municipal Area Council,City Centre,,23,23,12,4,5,0,0,11,8,0
2019/2020,Female,disabled,WAEC,Polytechnic,ward,Garki,North Central,Federal Capital Territory,Abuja Municipal Area Council,Garki,,38,37,22,9,9,0,1,15,13,0
2019/2020,Female,disabled,WAEC,Polytechnic,ward,Bwari Central,North Central,Federal Capital Territory,Bwari,Bwari Central,,49,49,27,9,10,0,0,22,18,0
2019/2020,Female,disabled,WAEC,Polytechnic,ward,Byazhin,North Central,Federal Capital Territory,Bwari,Byazhin,,28,28,17,5,5,0,0,11,12,0
2019/2020,Female,disabled,WAEC,Polytechnic,ward,Dutse Alhaji,North Central,Federal Capital Territory,Bwari,Dutse Alhaji,,20,20,12,5,5,0,0,8,7,0
2019/2020,Female,disabled,WAEC,Polytechnic,ward,Dobi,North Central,Federal Capital Territory,Gwagwalada,Dobi,,49,48,27,9,10,0,1,21,18,0
2019/2020,Female,disabled,WAEC,Polytechnic,ward,Gwako,North Central,Federal Capital Territory,Gwagwalada,Gwako,,35,34,20,9,9,0,1,14,11,0
2019/2020,Female,disabled,WAEC,Polytechnic,ward,Chibiri,North Central,Federal Capital Territory,Kuje,Chibiri,,54,54,32,8,10,0,0,22,24,0
2019/2020,Female,disabled,WAEC,Polytechnic,ward,Gaube,North Central,Federal Capital Territory,Kuje,Gaube,,41,40,22,4,5,0,1,18,18,0
2019/2020,Female,disabled,WAEC,Polytechnic,ward,Gudun Karya,North Central,Federal Capital Territory,Kuje,Gudun Karya,,63,63,37,12,15,0,0,26,25,0
2019/2020,Female,disabled,WAEC,Polytechnic,ward,Ashara,North Central,Federal Capital Territory,Kwali,Ashara,,35,34,17,4,5,0,1,17,13,0
2019/2020,Female,disabled,WAEC,Polytechnic,ward,Dafa,North Central,Federal Capital Territory,Kwali,Dafa,,28,28,17,4,5,0,0,11,13,0
2019/2020,Female,disabled,WAEC,Polytechnic,ward,Gumbo,North Central,Federal Capital Territory,Kwali,Gumbo,,40,40,25,8,10,0,0,15,17,0
2019/2020,Female,disabled,WAEC,University,ward,Gui,North Central,Federal Capital Territory,Abuja Municipal Area Council,Gui,,17,17,10,4,5,0,0,7,6,0
2019/2020,Female,disabled,WAEC,University,ward,Bwari Central,North Central,Federal Capital Territory,Bwari,Bwari Central,,11,11,7,5,5,0,0,4,2,0
2019/2020,Female,disabled,WAEC,University,ward,Dutse Alhaji,North Central,Federal Capital Territory,Bwari,Dutse Alhaji,,26,26,15,4,5,0,0,11,11,0
2019/2020,Female,disabled,WAEC,University,ward,Dobi,North Central,Federal Capital Territory,Gwagwalada,Dobi,,35,34,20,5,5,0,1,14,15,0
2019/2020,Female,disabled,WAEC,University,ward,Gwagwalada Centre,North Central,Federal Capital Territory,Gwagwalada,Gwagwalada Centre,,23,23,12,0,0,0,0,11,12,0
2019/2020,Female,disabled,WAEC,University,ward,Gwako,North Central,Federal Capital Territory,Gwagwalada,Gwako,,45,45,27,12,15,0,0,18,15,0
2019/2020,Female,disabled,WAEC,University,ward,Chibiri,North Central,Federal Capital Territory,Kuje,Chibiri,,28,28,17,4,5,0,0,11,13,0
2019/2020,Female,disabled,WAEC,University,ward,Gaube,North Central,Federal Capital Territory,Kuje,Gaube,,11,11,5,4,5,0,0,6,1,0
2019/2020,Female,disabled,WAEC,University,ward,Gudun Karya,North Central,Federal Capital Territory,Kuje,Gudun Karya,,17,17,10,4,5,0,0,7,6,0
2019/2020,Female,disabled,WAEC,University,ward,Ashara,North Central,Federal Capital Territory,Kwali,Ashara,,23,23,12,4,5,0,0,11,8,0
2019/2020,Female,disabled,WAEC,University,ward,Dafa,North Central,Federal Capital Territory,Kwali,Dafa,,66,66,34,8,10,0,0,32,26,0
2019/2020,Female,disabled,WAEC,University,ward,Gumbo,North Central,Federal Capital Territory,Kwali,Gumbo,,14,14,7,4,5,0,0,7,3,0
2019/2020,Male,all,NABTEB,College of Education,ward,City Centre,North Central,Federal Capital Territory,Abuja Municipal Area Council,City Centre,,245,242,147,69,64,5,3,95,78,5
2019/2020,Male,all,NABTEB,College of Education,ward,Garki,North Central,Federal Capital Territory,Abuja Municipal Area Council,Garki,,295,291,172,56,51,6,4,119,116,6
2019/2020,Male,all,NABTEB,College of Education,ward,Gui,North Central,Federal Capital Territory,Abuja Municipal Area Council,Gui,,317,313,187,56,45,12,4,126,131,12
2019/2020,Male,all,NABTEB,College of Education,ward,Bwari Central,North Central,Federal Capital Territory,Bwari,Bwari Central,,131,129,85,25,19,6,2,44,60,6
2019/2020,Male,all,NABTEB,College of Education,ward,Byazhin,North Central,Federal Capital Territory,Bwari,Byazhin,,300,296,175,62,65,0,4,121,113,0
2019/2020,Male,all,NABTEB,College of Education,ward,Dutse Alhaji,North Central,Federal Capital Territory,Bwari,Dutse Alhaji,,194,191,127,43,39,5,3,64,84,5
2019/2020,Male,all,NABTEB,College of Education,ward,Dobi,North Central,Federal Capital Territory,Gwagwalada,Dobi,,79,78,48,12,13,0,1,30,36,0
2019/2020,Male,all,NABTEB,College of Education,ward,Gwagwalada Centre,North Central,Federal Capital Territory,Gwagwalada,Gwagwalada Centre,,227,224,138,42,39,5,3,86,96,5
2019/2020,Male,all,NABTEB,College of Education,ward,Chibiri,North Central,Federal Capital Territory,Kuje,Chibiri,,85,84,54,19,13,6,1,30,35,6
2019/2020,Male,all,NABTEB,College of Education,ward,Gaube,North Central,Federal Capital Territory,Kuje,Gaube,,213,210,130,43,39,5,3,80,87,5
2019/2020,Male,all,NABTEB,College of Education,ward,Ashara,North Central,Federal Capital Territory,Kwali,Ashara,,175,172,106,43,38,6,3,66,63,6
2019/2020,Male,all,NABTEB,College of Education,ward,Gumbo,North Central,Federal Capital Territory,Kwali,Gumbo,,85,84,51,12,13,0,1,33,39,0
2019/2020,Male,all,NABTEB,Polytechnic,ward,City Centre,North Central,Federal Capital Territory,Abuja Municipal Area Council,City Centre,,153,151,91,37,32,5,2,60,54,5
2019/2020,Male,all,NABTEB,Polytechnic,ward,Garki,North Central,Federal Capital Territory,Abuja Municipal Area Council,Garki,,126,124,76,25,19,6,2,48,51,6
2019/2020,Male,all,NABTEB,Polytechnic,ward,Bwari Central,North Central,Federal Capital Territory,Bwari,Bwari Central,,191,188,121,50,39,11,3,67,71,11
2019/2020,Male,all,NABTEB,Polytechnic,ward,Byazhin,North Central,Federal Capital Territory,Bwari,Byazhin,,115,113,67,19,19,0,2,46,48,0
2019/2020,Male,all,NABTEB,Polytechnic,ward,Dutse Alhaji,North Central,Federal Capital Territory,Bwari,Dutse Alhaji,,113,111,67,19,13,6,2,44,48,6
2019/2020,Male,all,NABTEB,Polytechnic,ward,Dobi,North Central,Federal Capital Territory,Gwagwalada,Dobi,,224,221,136,49,45,5,3,85,87,5
2019/2020,Male,all,NABTEB,Polytechnic,ward,Gwako,North Central,Federal Capital Territory,Gwagwalada,Gwako,,95,94,57,18,19,0,1,37,39,0
2019/2020,Male,all,NABTEB,Polytechnic,ward,Chibiri,North Central,Federal Capital Territory,Kuje,Chibiri,,223,219,127,36,32,5,4,92,91,5
2019/2020,Male,all,NABTEB,Polytechnic,ward,Gaube,North Central,Federal Capital Territory,Kuje,Gaube,,129,127,79,31,26,5,2,48,48,5
2019/2020,Male,all,NABTEB,Polytechnic,ward,Gudun Karya,North Central,Federal Capital Territory,Kuje,Gudun Karya,,227,224,135,36,39,0,3,89,99,0
2019/2020,Male,all,NABTEB,Polytechnic,ward,Ashara,North Central,Federal Capital Territory,Kwali,Ashara,,131,129,76,18,13,5,2,53,58,5
2019/2020,Male,all,NABTEB,Polytechnic,ward,Dafa,North Central,Federal Capital Territory,Kwali,Dafa,,90,89,54,12,13,0,1,35,42,0
2019/2020,Male,all,NABTEB,Polytechnic,ward,Gumbo,North Central,Federal Capital Territory,Kwali,Gumbo,,167,164,103,37,32,6,3,61,66,6
2019/2020,Male,all,NABTEB,University,ward,Gui,North Central,Federal Capital Territory,Abuja Municipal Area Council,Gui,,55,54,33,12,13,0,1,21,21,0
2019/2020,Male,all,NABTEB,University,ward,Bwari Central,North Central,Federal Capital Territory,Bwari,Bwari Central,,60,59,33,12,13,0,1,26,21,0
2019/2020,Male,all,NABTEB,University,ward,Dutse Alhaji,North Central,Federal Capital Territory,Bwari,Dutse Alhaji,,156,154,97,31,26,5,2,57,66,5
2019/2020,Male,all,NABTEB,University,ward,Dobi,North Central,Federal Capital Territory,Gwagwalada,Dobi,,121,119,76,18,13,5,2,43,58,5
2019/2020,Male,all,NABTEB,University,ward,Gwagwalada Centre,North Central,Federal Capital Territory,Gwagwalada,Gwagwalada Centre,,71,70,39,12,13,0,1,31,27,0
2019/2020,Male,all,NABTEB,University,ward,Gwako,North Central,Federal Capital Territory,Gwagwalada,Gwako,,229,226,141,62,58,6,3,85,79,6
2019/2020,Male,all,NABTEB,University,ward,Chibiri,North Central,Federal Capital Territory,Kuje,Chibiri,,137,135,91,25,19,6,2,44,66,6
2019/2020,Male,all,NABTEB,University,ward,Gaube,North Central,Federal Capital Territory,Kuje,Gaube,,60,59,39,12,13,0,1,20,27,0
2019/2020,Male,all,NABTEB,University,ward,Gudun Karya,North Central,Federal Capital Territory,Kuje,Gudun Karya,,63,62,39,12,13,0,1,23,27,0
2019/2020,Male,all,NABTEB,University,ward,Ashara,North Central,Federal Capital Territory,Kwali,Ashara,,134,132,79,31,26,5,2,53,48,5
2019/2020,Male,all,NABTEB,University,ward,Dafa,North Central,Federal Capital Territory,Kwali,Dafa,,300,296,172,61,58,5,4,124,111,5
2019/2020,Male,all,NABTEB,University,ward,Gumbo,North Central,Federal Capital Territory,Kwali,Gumbo,,85,84,51,25,26,0,1,33,26,0
2019/2020,Male,all,NECO,College of Education,ward,City Centre,North Central,Federal Capital Territory,Abuja Municipal Area Council,City Centre,,504,496,310,114,102,12,8,186,196,12
2019/2020,Male,all,NECO,College of Education,ward,Garki,North Central,Federal Capital Territory,Abuja Municipal Area Council,Garki,,571,563,331,95,77,18,8,232,236,18
2019/2020,Male,all,NECO,College of Education,ward,Gui,North Central,Federal Capital Territory,Abuja Municipal Area Council,Gui,,626,617,362,110,92,18,9,255,252,18
2019/2020,Male,all,NECO,College of Education,ward,Bwari Central,North Central,Federal Capital Territory,Bwari,Bwari Central,,245,241,144,43,39,4,4,97,101,4
2019/2020,Male,all,NECO,College of Education,ward,Byazhin,North Central,Federal Capital Territory,Bwari,Byazhin,,533,525,315,90,77,13,8,210,225,13
2019/2020,Male,all,NECO,College of Education,ward,Dutse Alhaji,North Central,Federal Capital Territory,Bwari,Dutse Alhaji,,354,349,221,90,77,13,5,128,131,13
2019/2020,Male,all,NECO,College of Education,ward,Dobi,North Central,Federal Capital Territory,Gwagwalada,Dobi,,137,135,81,19,14,5,2,54,62,5
2019/2020,Male,all,NECO,College of Education,ward,Gwagwalada Centre,North Central,Federal Capital Territory,Gwagwalada,Gwagwalada Centre,,423,416,261,85,77,8,7,155,176,8
2019/2020,Male,all,NECO,College of Education,ward,Chibiri,North Central,Federal Capital Territory,Kuje,Chibiri,,158,156,98,28,24,4,2,58,70,4
2019/2020,Male,all,NECO,College of Education,ward,Gaube,North Central,Federal Capital Territory,Kuje,Gaube,,453,446,291,95,82,13,7,155,196,13
2019/2020,Male,all,NECO,College of Education,ward,Ashara,North Central,Federal Capital Territory,Kwali,Ashara,,327,322,191,57,48,9,5,131,134,9
2019/2020,Male,all,NECO,College of Education,ward,Gumbo,North Central,Federal Capital Territory,Kwali,Gumbo,,146,144,81,24,19,5,2,63,57,5
2019/2020,Male,all,NECO,Polytechnic,ward,City Centre,North Central,Federal Capital Territory,Abuja Municipal Area Council,City Centre,,223,220,133,43,39,4,3,87,90,4
2019/2020,Male,all,NECO,Polytechnic,ward,Garki,North Central,Federal Capital Territory,Abuja Municipal Area Council,Garki,,226,223,125,33,29,4,3,98,92,4
2019/2020,Male,all,NECO,Polytechnic,ward,Bwari Central,North Central,Federal Capital Territory,Bwari,Bwari Central,,384,379,239,90,78,12,5,140,149,12
2019/2020,Male,all,NECO,Polytechnic,ward,Byazhin,North Central,Federal Capital Territory,Bwari,Byazhin,,229,226,141,48,39,9,3,85,93,9
2019/2020,Male,all,NECO,Polytechnic,ward,Dutse Alhaji,North Central,Federal Capital Territory,Bwari,Dutse Alhaji,,220,217,139,48,43,5,3,78,91,5
2019/2020,Male,all,NECO,Polytechnic,ward,Dobi,North Central,Federal Capital Territory,Gwagwalada,Dobi,,396,390,255,85,73,12,6,135,170,12
2019/2020,Male,all,NECO,Polytechnic,ward,Gwako,North Central,Federal Capital Territory,Gwagwalada,Gwako,,217,214,136,43,39,4,3,78,93,4
2019/2020,Male,all,NECO,Polytechnic,ward,Chibiri,North Central,Federal Capital Territory,Kuje,Chibiri,,394,388,237,76,68,8,6,151,161,8
2019/2020,Male,all,NECO,Polytechnic,ward,Gaube,North Central,Federal Capital Territory,Kuje,Gaube,,254,250,155,52,43,9,4,95,103,9
2019/2020,Male,all,NECO,Polytechnic,ward,Gudun Karya,North Central,Federal Capital Territory,Kuje,Gudun Karya,,468,461,269,90,77,13,7,192,179,13
2019/2020,Male,all,NECO,Polytechnic,ward,Ashara,North Central,Federal Capital Territory,Kwali,Ashara,,235,232,133,29,24,5,3,99,104,5
2019/2020,Male,all,NECO,Polytechnic,ward,Dafa,North Central,Federal Capital Territory,Kwali,Dafa,,170,167,101,28,24,4,3,66,73,4
2019/2020,Male,all,NECO,Polytechnic,ward,Gumbo,North Central,Federal Capital Territory,Kwali,Gumbo,,283,279,174,67,58,9,4,105,107,9
2019/2020,Male,all,NECO,University,ward,Gui,North Central,Federal Capital Territory,Abuja Municipal Area Council,Gui,,108,106,65,19,19,0,2,41,46,0
2019/2020,Male,all,NECO,University,ward,Bwari Central,North Central,Federal Capital Territory,Bwari,Bwari Central,,111,109,65,14,10,4,2,44,51,4
2019/2020,Male,all,NECO,University,ward,Dutse Alhaji,North Central,Federal Capital Territory,Bwari,Dutse Alhaji,,256,252,149,33,29,4,4,103,116,4
2019/2020,Male,all,NECO,University,ward,Dobi,North Central,Federal Capital Territory,Gwagwalada,Dobi,,235,232,141,33,29,4,3,91,108,4
2019/2020,Male,all,NECO,University,ward,Gwagwalada Centre,North Central,Federal Capital Territory,Gwagwalada,Gwagwalada Centre,,143,141,87,24,19,5,2,54,63,5
2019/2020,Male,all,NECO,University,ward,Gwako,North Central,Federal Capital Territory,Gwagwalada,Gwako,,435,428,264,90,78,12,7,164,174,12
2019/2020,Male,all,NECO,University,ward,Chibiri,North Central,Federal Capital Territory,Kuje,Chibiri,,283,279,177,57,48,9,4,102,120,9
2019/2020,Male,all,NECO,University,ward,Gaube,North Central,Federal Capital Territory,Kuje,Gaube,,116,114,71,24,19,5,2,43,47,5
2019/2020,Male,all,NECO,University,ward,Gudun Karya,North Central,Federal Capital Territory,Kuje,Gudun Karya,,95,94,54,14,10,4,1,40,40,4
2019/2020,Male,all,NECO,University,ward,Ashara,North Central,Federal Capital Territory,Kwali,Ashara,,277,273,166,48,44,4,4,107,118,4
2019/2020,Male,all,NECO,University,ward,Dafa,North Central,Federal Capital Territory,Kwali,Dafa,,599,590,367,104,92,12,9,223,263,12
2019/2020,Male,all,NECO,University,ward,Gumbo,North Central,Federal Capital Territory,Kwali,Gumbo,,166,164,109,43,39,4,2,55,66,4
2019/2020,Male,all,WAEC,College of Education,ward,City Centre,North Central,Federal Capital Territory,Abuja Municipal Area Council,City Centre,,583,574,361,136,127,9,9,213,225,9
2019/2020,Male,all,WAEC,College of Education,ward,Garki,North Central,Federal Capital Territory,Abuja Municipal Area Council,Garki,,722,712,430,149,137,12,10,282,281,12
2019/2020,Male,all,WAEC,College of Education,ward,Gui,North Central,Federal Capital Territory,Abuja Municipal Area Council,Gui,,752,741,444,158,146,12,11,297,286,12
2019/2020,Male,all,WAEC,College of Education,ward,Bwari Central,North Central,Federal Capital Territory,Bwari,Bwari Central,,309,304,193,74,66,8,5,111,119,8
2019/2020,Male,all,WAEC,College of Education,ward,Byazhin,North Central,Federal Capital Territory,Bwari,Byazhin,,727,715,410,136,122,14,12,305,274,14
2019/2020,Male,all,WAEC,College of Education,ward,Dutse Alhaji,North Central,Federal Capital Territory,Bwari,Dutse Alhaji,,503,496,318,123,113,10,7,178,195,10
2019/2020,Male,all,WAEC,College of Education,ward,Dobi,North Central,Federal Capital Territory,Gwagwalada,Dobi,,210,207,125,44,38,6,3,82,81,6
2019/2020,Male,all,WAEC,College of Education,ward,Gwagwalada Centre,North Central,Federal Capital Territory,Gwagwalada,Gwagwalada Centre,,607,598,366,136,122,14,9,232,230,14
2019/2020,Male,all,WAEC,College of Education,ward,Chibiri,North Central,Federal Capital Territory,Kuje,Chibiri,,193,190,122,48,42,6,3,68,74,6
2019/2020,Male,all,WAEC,College of Education,ward,Gaube,North Central,Federal Capital Territory,Kuje,Gaube,,584,575,350,123,113,10,9,225,227,10
2019/2020,Male,all,WAEC,College of Education,ward,Ashara,North Central,Federal Capital Territory,Kwali,Ashara,,415,409,252,79,70,9,6,157,173,9
2019/2020,Male,all,WAEC,College of Education,ward,Gumbo,North Central,Federal Capital Territory,Kwali,Gumbo,,190,187,115,39,33,6,3,72,76,6
2019/2020,Male,all,WAEC,Polytechnic,ward,City Centre,North Central,Federal Capital Territory,Abuja Municipal Area Council,City Centre,,345,340,203,70,66,4,5,137,133,4
2019/2020,Male,all,WAEC,Polytechnic,ward,Garki,North Central,Federal Capital Territory,Abuja Municipal Area Council,Garki,,311,306,181,48,42,6,5,125,133,6
2019/2020,Male,all,WAEC,Polytechnic,ward,Bwari Central,North Central,Federal Capital Territory,Bwari,Bwari Central,,487,479,289,105,94,11,8,190,184,11
2019/2020,Male,all,WAEC,Polytechnic,ward,Byazhin,North Central,Federal Capital Territory,Bwari,Byazhin,,299,295,171,61,57,4,4,124,110,4
2019/2020,Male,all,WAEC,Polytechnic,ward,Dutse Alhaji,North Central,Federal Capital Territory,Bwari,Dutse Alhaji,,254,250,161,57,52,5,4,89,104,5
2019/2020,Male,all,WAEC,Polytechnic,ward,Dobi,North Central,Federal Capital Territory,Gwagwalada,Dobi,,523,516,318,118,109,9,7,198,200,9
2019/2020,Male,all,WAEC,Polytechnic,ward,Gwako,North Central,Federal Capital Territory,Gwagwalada,Gwako,,296,292,178,70,61,9,4,114,108,9
2019/2020,Male,all,WAEC,Polytechnic,ward,Chibiri,North Central,Federal Capital Territory,Kuje,Chibiri,,493,485,298,106,94,12,8,187,192,12
2019/2020,Male,all,WAEC,Polytechnic,ward,Gaube,North Central,Federal Capital Territory,Kuje,Gaube,,309,304,181,61,57,4,5,123,120,4
2019/2020,Male,all,WAEC,Polytechnic,ward,Gudun Karya,North Central,Federal Capital Territory,Kuje,Gudun Karya,,611,602,367,118,108,10,9,235,249,10
2019/2020,Male,all,WAEC,Polytechnic,ward,Ashara,North Central,Federal Capital Territory,Kwali,Ashara,,334,329,186,57,52,5,5,143,129,5
2019/2020,Male,all,WAEC,Polytechnic,ward,Dafa,North Central,Federal Capital Territory,Kwali,Dafa,,251,247,147,48,42,6,4,100,99,6
2019/2020,Male,all,WAEC,Polytechnic,ward,Gumbo,North Central,Federal Capital Territory,Kwali,Gumbo,,366,360,230,88,80,8,6,130,142,8
2019/2020,Male,all,WAEC,University,ward,Gui,North Central,Federal Capital Territory,Abuja Municipal Area Council,Gui,,147,145,90,31,28,3,2,55,59,3
2019/2020,Male,all,WAEC,University,ward,Bwari Central,North Central,Federal Capital Territory,Bwari,Bwari Central,,141,139,83,22,19,3,2,56,61,3
2019/2020,Male,all,WAEC,University,ward,Dutse Alhaji,North Central,Federal Capital Territory,Bwari,Dutse Alhaji,,311,306,195,66,57,9,5,111,129,9
2019/2020,Male,all,WAEC,University,ward,Dobi,North Central,Federal Capital Territory,Gwagwalada,Dobi,,279,275,156,53,47,6,4,119,103,6
2019/2020,Male,all,WAEC,University,ward,Gwagwalada Centre,North Central,Federal Capital Territory,Gwagwalada,Gwagwalada Centre,,185,182,105,31,28,3,3,77,74,3
2019/2020,Male,all,WAEC,University,ward,Gwako,North Central,Federal Capital Territory,Gwagwalada,Gwako,,535,527,334,132,117,15,8,193,202,15
2019/2020,Male,all,WAEC,University,ward,Chibiri,North Central,Federal Capital Territory,Kuje,Chibiri,,375,369,227,88,80,8,6,142,139,8
2019/2020,Male,all,WAEC,University,ward,Gaube,North Central,Federal Capital Territory,Kuje,Gaube,,132,130,76,31,28,3,2,54,45,3
2019/2020,Male,all,WAEC,University,ward,Gudun Karya,North Central,Federal Capital Territory,Kuje,Gudun Karya,,132,130,81,26,24,2,2,49,55,2
2019/2020,Male,all,WAEC,University,ward,Ashara,North Central,Federal Capital Territory,Kwali,Ashara,,343,338,210,70,66,4,5,128,140,4
2019/2020,Male,all,WAEC,University,ward,Dafa,North Central,Federal Capital Territory,Kwali,Dafa,,737,726,435,136,122,14,11,291,299,14
2019/2020,Male,all,WAEC,University,ward,Gumbo,North Central,Federal Capital Territory,Kwali,Gumbo,,199,196,120,48,42,6,3,76,72,6
2019/2020,Male,disabled,NABTEB,College of Education,ward,City Centre,North Central,Federal Capital Territory,Abuja Municipal Area Council,City Centre,,35,35,21,18,18,0,0,14,3,0
2019/2020,Male,disabled,NABTEB,College of Education,ward,Garki,North Central,Federal Capital Territory,Abuja Municipal Area Council,Garki,,38,38,21,6,6,0,0,17,15,0
2019/2020,Male,disabled,NABTEB,College of Education,ward,Gui,North Central,Federal Capital Territory,Abuja Municipal Area Council,Gui,,44,44,24,0,0,0,0,20,24,0
2019/2020,Male,disabled,NABTEB,College of Education,ward,Bwari Central,North Central,Federal Capital Territory,Bwari,Bwari Central,,13,13,6,0,0,0,0,7,6,0
2019/2020,Male,disabled,NABTEB,College of Education,ward,Byazhin,North Central,Federal Capital Territory,Bwari,Byazhin,,40,40,24,12,12,0,0,16,12,0
2019/2020,Male,disabled,NABTEB,College of Education,ward,Dutse Alhaji,North Central,Federal Capital Territory,Bwari,Dutse Alhaji,,24,24,15,6,6,0,0,9,9,0
2019/2020,Male,disabled,NABTEB,College of Education,ward,Dobi,North Central,Federal Capital Territory,Gwagwalada,Dobi,,11,11,6,0,0,0,0,5,6,0
2019/2020,Male,disabled,NABTEB,College of Education,ward,Gwagwalada Centre,North Central,Federal Capital Territory,Gwagwalada,Gwagwalada Centre,,33,33,18,0,0,0,0,15,18,0
2019/2020,Male,disabled,NABTEB,College of Education,ward,Chibiri,North Central,Federal Capital Territory,Kuje,Chibiri,,11,11,6,0,0,0,0,5,6,0
2019/2020,Male,disabled,NABTEB,College of Education,ward,Gaube,North Central,Federal Capital Territory,Kuje,Gaube,,30,30,15,6,6,0,0,15,9,0
2019/2020,Male,disabled,NABTEB,College of Education,ward,Ashara,North Central,Federal Capital Territory,Kwali,Ashara,,27,27,15,12,13,0,0,12,3,0
2019/2020,Male,disabled,NABTEB,College of Education,ward,Gumbo,North Central,Federal Capital Territory,Kwali,Gumbo,,11,11,6,0,0,0,0,5,6,0
2019/2020,Male,disabled,NABTEB,Polytechnic,ward,City Centre,North Central,Federal Capital Territory,Abuja Municipal Area Council,City Centre,,13,13,9,6,6,0,0,4,3,0
2019/2020,Male,disabled,NABTEB,Polytechnic,ward,Garki,North Central,Federal Capital Territory,Abuja Municipal Area Council,Garki,,16,16,9,6,6,0,0,7,3,0
2019/2020,Male,disabled,NABTEB,Polytechnic,ward,Bwari Central,North Central,Federal Capital Territory,Bwari,Bwari Central,,24,24,15,6,6,0,0,9,9,0
2019/2020,Male,disabled,NABTEB,Polytechnic,ward,Byazhin,North Central,Federal Capital Territory,Bwari,Byazhin,,11,11,6,0,0,0,0,5,6,0
2019/2020,Male,disabled,NABTEB,Polytechnic,ward,Dutse Alhaji,North Central,Federal Capital Territory,Bwari,Dutse Alhaji,,11,11,6,0,0,0,0,5,6,0
2019/2020,Male,disabled,NABTEB,Polytechnic,ward,Dobi,North Central,Federal Capital Territory,Gwagwalada,Dobi,,30,30,18,6,6,0,0,12,12,0
2019/2020,Male,disabled,NABTEB,Polytechnic,ward,Gwako,North Central,Federal Capital Territory,Gwagwalada,Gwako,,11,11,6,0,0,0,0,5,6,0
2019/2020,Male,disabled,NABTEB,Polytechnic,ward,Chibiri,North Central,Federal Capital Territory,Kuje,Chibiri,,24,24,12,0,0,0,0,12,12,0
2019/2020,Male,disabled,NABTEB,Polytechnic,ward,Gaube,North Central,Federal Capital Territory,Kuje,Gaube,,16,16,9,6,7,0,0,7,3,0
2019/2020,Male,disabled,NABTEB,Polytechnic,ward,Gudun Karya,North Central,Federal Capital Territory,Kuje,Gudun Karya,,33,33,18,0,0,0,0,15,18,0
2019/2020,Male,disabled,NABTEB,Polytechnic,ward,Ashara,North Central,Federal Capital Territory,Kwali,Ashara,,13,13,6,0,0,0,0,7,6,0
2019/2020,Male,disabled,NABTEB,Polytechnic,ward,Dafa,North Central,Federal Capital Territory,Kwali,Dafa,,11,11,6,0,0,0,0,5,6,0
2019/2020,Male,disabled,NABTEB,Polytechnic,ward,Gumbo,North Central,Federal Capital Territory,Kwali,Gumbo,,24,24,12,0,0,0,0,12,12,0
2019/2020,Male,disabled,NABTEB,University,ward,Gui,North Central,Federal Capital Territory,Abuja Municipal Area Council,Gui,,11,11,6,0,0,0,0,5,6,0
2019/2020,Male,disabled,NABTEB,University,ward,Bwari Central,North Central,Federal Capital Territory,Bwari,Bwari Central,,11,11,6,0,0,0,0,5,6,0
2019/2020,Male,disabled,NABTEB,University,ward,Dutse Alhaji,North Central,Federal Capital Territory,Bwari,Dutse Alhaji,,11,11,6,0,0,0,0,5,6,0
2019/2020,Male,disabled,NABTEB,University,ward,Dobi,North Central,Federal Capital Territory,Gwagwalada,Dobi,,13,13,9,0,0,0,0,4,9,0
2019/2020,Male,disabled,NABTEB,University,ward,Gwagwalada Centre,North Central,Federal Capital Territory,Gwagwalada,Gwagwalada Centre,,11,11,6,0,0,0,0,5,6,0
2019/2020,Male,disabled,NABTEB,University,ward,Gwako,North Central,Federal Capital Territory,Gwagwalada,Gwako,,33,33,18,12,12,0,0,15,6,0
2019/2020,Male,disabled,NABTEB,University,ward,Chibiri,North Central,Federal Capital Territory,Kuje,Chibiri,,11,11,6,0,0,0,0,5,6,0
2019/2020,Male,disabled,NABTEB,University,ward,Gaube,North Central,Federal Capital Territory,Kuje,Gaube,,11,11,6,0,0,0,0,5,6,0
2019/2020,Male,disabled,NABTEB,University,ward,Gudun Karya,North Central,Federal Capital Territory,Kuje,Gudun Karya,,11,11,6,0,0,0,0,5,6,0
2019/2020,Male,disabled,NABTEB,University,ward,Ashara,North Central,Federal Capital Territory,Kwali,Ashara,,13,13,9,6,6,0,0,4,3,0
2019/2020,Male,disabled,NABTEB,University,ward,Dafa,North Central,Federal Capital Territory,Kwali,Dafa,,35,35,18,6,7,0,0,17,12,0
2019/2020,Male,disabled,NABTEB,University,ward,Gumbo,North Central,Federal Capital Territory,Kwali,Gumbo,,11,11,6,6,7,0,0,5,0,0
2019/2020,Male,disabled,NECO,College of Education,ward,City Centre,North Central,Federal Capital Territory,Abuja Municipal Area Council,City Centre,,59,59,36,15,15,0,0,23,21,0
2019/2020,Male,disabled,NECO,College of Education,ward,Garki,North Central,Federal Capital Territory,Abuja Municipal Area Council,Garki,,59,59,35,15,15,0,0,24,20,0
2019/2020,Male,disabled,NECO,College of Education,ward,Gui,North Central,Federal Capital Territory,Abuja Municipal Area Council,Gui,,69,68,35,5,5,0,1,33,30,0
2019/2020,Male,disabled,NECO,College of Education,ward,Bwari Central,North Central,Federal Capital Territory,Bwari,Bwari Central,,26,26,14,5,5,0,0,12,9,0
2019/2020,Male,disabled,NECO,College of Education,ward,Byazhin,North Central,Federal Capital Territory,Bwari,Byazhin,,61,61,36,10,10,0,0,25,26,0
2019/2020,Male,disabled,NECO,College of Education,ward,Dutse Alhaji,North Central,Federal Capital Territory,Bwari,Dutse Alhaji,,35,35,22,10,10,0,0,13,12,0
2019/2020,Male,disabled,NECO,College of Education,ward,Dobi,North Central,Federal Capital Territory,Gwagwalada,Dobi,,12,12,5,0,0,0,0,7,5,0
2019/2020,Male,disabled,NECO,College of Education,ward,Gwagwalada Centre,North Central,Federal Capital Territory,Gwagwalada,Gwagwalada Centre,,45,45,27,15,15,0,0,18,12,0
2019/2020,Male,disabled,NECO,College of Education,ward,Chibiri,North Central,Federal Capital Territory,Kuje,Chibiri,,12,12,5,0,0,0,0,7,5,0
2019/2020,Male,disabled,NECO,College of Education,ward,Gaube,North Central,Federal Capital Territory,Kuje,Gaube,,54,53,32,14,15,0,1,21,18,0
2019/2020,Male,disabled,NECO,College of Education,ward,Ashara,North Central,Federal Capital Territory,Kwali,Ashara,,44,44,24,5,5,0,0,20,19,0
2019/2020,Male,disabled,NECO,College of Education,ward,Gumbo,North Central,Federal Capital Territory,Kwali,Gumbo,,12,12,5,0,0,0,0,7,5,0
2019/2020,Male,disabled,NECO,Polytechnic,ward,City Centre,North Central,Federal Capital Territory,Abuja Municipal Area Council,City Centre,,21,21,11,5,5,0,0,10,6,0
2019/2020,Male,disabled,NECO,Polytechnic,ward,Garki,North Central,Federal Capital Territory,Abuja Municipal Area Council,Garki,,29,29,16,5,5,0,0,13,11,0
2019/2020,Male,disabled,NECO,Polytechnic,ward,Bwari Central,North Central,Federal Capital Territory,Bwari,Bwari Central,,41,41,25,10,10,0,0,16,15,0
2019/2020,Male,disabled,NECO,Polytechnic,ward,Byazhin,North Central,Federal Capital Territory,Bwari,Byazhin,,21,21,11,0,0,0,0,10,11,0
2019/2020,Male,disabled,NECO,Polytechnic,ward,Dutse Alhaji,North Central,Federal Capital Territory,Bwari,Dutse Alhaji,,23,23,14,5,5,0,0,9,9,0
2019/2020,Male,disabled,NECO,Polytechnic,ward,Dobi,North Central,Federal Capital Territory,Gwagwalada,Dobi,,41,41,27,10,10,0,0,14,17,0
2019/2020,Male,disabled,NECO,Polytechnic,ward,Gwako,North Central,Federal Capital Territory,Gwagwalada,Gwako,,23,23,14,5,5,0,0,9,9,0
2019/2020,Male,disabled,NECO,Polytechnic,ward,Chibiri,North Central,Federal Capital Territory,Kuje,Chibiri,,44,44,25,10,10,0,0,19,15,0
2019/2020,Male,disabled,NECO,Polytechnic,ward,Gaube,North Central,Federal Capital Territory,Kuje,Gaube,,29,29,16,5,5,0,0,13,11,0
2019/2020,Male,disabled,NECO,Polytechnic,ward,Gudun Karya,North Central,Federal Capital Territory,Kuje,Gudun Karya,,57,57,27,10,10,0,0,30,17,0
2019/2020,Male,disabled,NECO,Polytechnic,ward,Ashara,North Central,Federal Capital Territory,Kwali,Ashara,,26,26,14,0,0,0,0,12,14,0
2019/2020,Male,disabled,NECO,Polytechnic,ward,Dafa,North Central,Federal Capital Territory,Kwali,Dafa,,21,21,11,0,0,0,0,10,11,0
2019/2020,Male,disabled,NECO,Polytechnic,ward,Gumbo,North Central,Federal Capital Territory,Kwali,Gumbo,,38,38,22,10,10,0,0,16,12,0
2019/2020,Male,disabled,NECO,University,ward,Gui,North Central,Federal Capital Territory,Abuja Municipal Area Council,Gui,,12,12,5,5,5,0,0,7,0,0
2019/2020,Male,disabled,NECO,University,ward,Bwari Central,North Central,Federal Capital Territory,Bwari,Bwari Central,,12,12,5,0,0,0,0,7,5,0
2019/2020,Male,disabled,NECO,University,ward,Dutse Alhaji,North Central,Federal Capital Territory,Bwari,Dutse Alhaji,,21,21,14,0,0,0,0,7,14,0
2019/2020,Male,disabled,NECO,University,ward,Dobi,North Central,Federal Capital Territory,Gwagwalada,Dobi,,26,26,14,0,0,0,0,12,14,0
2019/2020,Male,disabled,NECO,University,ward,Gwagwalada Centre,North Central,Federal Capital Territory,Gwagwalada,Gwagwalada Centre,,15,15,8,0,0,0,0,7,8,0
2019/2020,Male,disabled,NECO,University,ward,Gwako,North Central,Federal Capital Territory,Gwagwalada,Gwako,,42,42,21,10,10,0,0,21,11,0
2019/2020,Male,disabled,NECO,University,ward,Chibiri,North Central,Federal Capital Territory,Kuje,Chibiri,,26,26,14,5,5,0,0,12,9,0
2019/2020,Male,disabled,NECO,University,ward,Gaube,North Central,Federal Capital Territory,Kuje,Gaube,,12,12,5,0,0,0,0,7,5,0
2019/2020,Male,disabled,NECO,University,ward,Gudun Karya,North Central,Federal Capital Territory,Kuje,Gudun Karya,,12,12,5,0,0,0,0,7,5,0
2019/2020,Male,disabled,NECO,University,ward,Ashara,North Central,Federal Capital Territory,Kwali,Ashara,,23,23,14,5,5,0,0,9,9,0
2019/2020,Male,disabled,NECO,University,ward,Dafa,North Central,Federal Capital Territory,Kwali,Dafa,,59,59,33,10,10,0,0,26,23,0
2019/2020,Male,disabled,NECO,University,ward,Gumbo,North Central,Federal Capital Territory,Kwali,Gumbo,,15,15,8,5,5,0,0,7,3,0
2019/2020,Male,disabled,WAEC,College of Education,ward,City Centre,North Central,Federal Capital Territory,Abuja Municipal Area Council,City Centre,,68,68,41,13,15,0,0,27,28,0
2019/2020,Male,disabled,WAEC,College of Education,ward,Garki,North Central,Federal Capital Territory,Abuja Municipal Area Council,Garki,,75,74,41,13,15,0,1,33,28,0
2019/2020,Male,disabled,WAEC,College of Education,ward,Gui,North Central,Federal Capital Territory,Abuja Municipal Area Council,Gui,,80,79,43,14,15,0,1,36,29,0
2019/2020,Male,disabled,WAEC,College of Education,ward,Bwari Central,North Central,Federal Capital Territory,Bwari,Bwari Central,,31,31,20,5,5,0,0,11,15,0
2019/2020,Male,disabled,WAEC,College of Education,ward,Byazhin,North Central,Federal Capital Territory,Bwari,Byazhin,,87,85,47,13,15,0,2,38,34,0
2019/2020,Male,disabled,WAEC,College of Education,ward,Dutse Alhaji,North Central,Federal Capital Territory,Bwari,Dutse Alhaji,,49,48,29,14,14,0,1,19,15,0
2019/2020,Male,disabled,WAEC,College of Education,ward,Dobi,North Central,Federal Capital Territory,Gwagwalada,Dobi,,17,17,10,4,5,0,0,7,6,0
2019/2020,Male,disabled,WAEC,College of Education,ward,Gwagwalada Centre,North Central,Federal Capital Territory,Gwagwalada,Gwagwalada Centre,,60,60,40,13,15,0,0,20,27,0
2019/2020,Male,disabled,WAEC,College of Education,ward,Chibiri,North Central,Federal Capital Territory,Kuje,Chibiri,,14,14,7,4,5,0,0,7,3,0
2019/2020,Male,disabled,WAEC,College of Education,ward,Gaube,North Central,Federal Capital Territory,Kuje,Gaube,,69,68,39,13,14,0,1,29,26,0
2019/2020,Male,disabled,WAEC,College of Education,ward,Ashara,North Central,Federal Capital Territory,Kwali,Ashara,,52,51,29,8,10,0,1,22,21,0
2019/2020,Male,disabled,WAEC,College of Education,ward,Gumbo,North Central,Federal Capital Territory,Kwali,Gumbo,,17,17,10,4,5,0,0,7,6,0
2019/2020,Male,disabled,WAEC,Polytechnic,ward,City Centre,North Central,Federal Capital Territory,Abuja Municipal Area Council,City Centre,,26,26,15,5,5,0,0,11,10,0
2019/2020,Male,disabled,WAEC,Polytechnic,ward,Garki,North Central,Federal Capital Territory,Abuja Municipal Area Council,Garki,,35,34,20,4,5,0,1,14,16,0
2019/2020,Male,disabled,WAEC,Polytechnic,ward,Bwari Central,North Central,Federal Capital Territory,Bwari,Bwari Central,,54,54,32,10,10,0,0,22,22,0
2019/2020,Male,disabled,WAEC,Polytechnic,ward,Byazhin,North Central,Federal Capital Territory,Bwari,Byazhin,,31,31,17,4,5,0,0,14,13,0
2019/2020,Male,disabled,WAEC,Polytechnic,ward,Dutse Alhaji,North Central,Federal Capital Territory,Bwari,Dutse Alhaji,,26,26,15,5,5,0,0,11,10,0
2019/2020,Male,disabled,WAEC,Polytechnic,ward,Dobi,North Central,Federal Capital Territory,Gwagwalada,Dobi,,55,54,31,13,14,0,1,23,18,0
2019/2020,Male,disabled,WAEC,Polytechnic,ward,Gwako,North Central,Federal Capital Territory,Gwagwalada,Gwako,,35,34,20,4,5,0,1,14,16,0
2019/2020,Male,disabled,WAEC,Polytechnic,ward,Chibiri,North Central,Federal Capital Territory,Kuje,Chibiri,,54,54,32,8,10,0,0,22,24,0
2019/2020,Male,disabled,WAEC,Polytechnic,ward,Gaube,North Central,Federal Capital Territory,Kuje,Gaube,,44,43,22,4,5,0,1,21,18,0
2019/2020,Male,disabled,WAEC,Polytechnic,ward,Gudun Karya,North Central,Federal Capital Territory,Kuje,Gudun Karya,,77,77,39,12,15,0,0,38,27,0
2019/2020,Male,disabled,WAEC,Polytechnic,ward,Ashara,North Central,Federal Capital Territory,Kwali,Ashara,,38,37,22,4,5,0,1,15,18,0
2019/2020,Male,disabled,WAEC,Polytechnic,ward,Dafa,North Central,Federal Capital Territory,Kwali,Dafa,,28,28,17,4,5,0,0,11,13,0
2019/2020,Male,disabled,WAEC,Polytechnic,ward,Gumbo,North Central,Federal Capital Territory,Kwali,Gumbo,,49,48,27,13,14,0,1,21,14,0
2019/2020,Male,disabled,WAEC,University,ward,Gui,North Central,Federal Capital Territory,Abuja Municipal Area Council,Gui,,17,17,10,5,5,0,0,7,5,0
2019/2020,Male,disabled,WAEC,University,ward,Bwari Central,North Central,Federal Capital Territory,Bwari,Bwari Central,,14,14,7,0,0,0,0,7,7,0
2019/2020,Male,disabled,WAEC,University,ward,Dutse Alhaji,North Central,Federal Capital Territory,Bwari,Dutse Alhaji,,28,28,15,5,5,0,0,13,10,0
2019/2020,Male,disabled,WAEC,University,ward,Dobi,North Central,Federal Capital Territory,Gwagwalada,Dobi,,31,31,17,5,5,0,0,14,12,0
2019/2020,Male,disabled,WAEC,University,ward,Gwagwalada Centre,North Central,Federal Capital Territory,Gwagwalada,Gwagwalada Centre,,23,23,12,4,5,0,0,11,8,0
2019/2020,Male,disabled,WAEC,University,ward,Gwako,North Central,Federal Capital Territory,Gwagwalada,Gwako,,51,51,32,8,10,0,0,19,24,0
2019/2020,Male,disabled,WAEC,University,ward,Chibiri,North Central,Federal Capital Territory,Kuje,Chibiri,,31,31,17,4,5,0,0,14,13,0
2019/2020,Male,disabled,WAEC,University,ward,Gaube,North Central,Federal Capital Territory,Kuje,Gaube,,11,11,7,4,5,0,0,4,3,0
2019/2020,Male,disabled,WAEC,University,ward,Gudun Karya,North Central,Federal Capital Territory,Kuje,Gudun Karya,,17,17,10,0,0,0,0,7,10,0
2019/2020,Male,disabled,WAEC,University,ward,Ashara,North Central,Federal Capital Territory,Kwali,Ashara,,31,31,17,4,5,0,0,14,13,0
2019/2020,Male,disabled,WAEC,University,ward,Dafa,North Central,Federal Capital Territory,Kwali,Dafa,,68,68,40,8,10,0,0,28,32,0
2019/2020,Male,disabled,WAEC,University,ward,Gumbo,North Central,Federal Capital Territory,Kwali,Gumbo,,14,14,7,4,5,0,0,7,3,0
2020/2021,Female,all,NABTEB,College of Education,ward,City Centre,North Central,Federal Capital Territory,Abuja Municipal Area Council,City Centre,,232,229,138,60,57,5,3,91,78,5
2020/2021,Female,all,NABTEB,College of Education,ward,Garki,North Central,Federal Capital Territory,Abuja Municipal Area Council,Garki,,279,275,171,66,57,10,4,104,105,10
2020/2021,Female,all,NABTEB,College of Education,ward,Gui,North Central,Federal Capital Territory,Abuja Municipal Area Council,Gui,,329,325,202,72,63,10,4,123,130,10
2020/2021,Female,all,NABTEB,College of Education,ward,Bwari Central,North Central,Federal Capital Territory,Bwari,Bwari Central,,103,101,68,30,25,5,2,33,38,5
2020/2021,Female,all,NABTEB,College of Education,ward,Byazhin,North Central,Federal Capital Territory,Bwari,Byazhin,,312,308,186,60,51,10,4,122,126,10
2020/2021,Female,all,NABTEB,College of Education,ward,Dutse Alhaji,North Central,Federal Capital Territory,Bwari,Dutse Alhaji,,179,176,116,47,44,4,3,60,69,4
2020/2021,Female,all,NABTEB,College of Education,ward,Dobi,North Central,Federal Capital Territory,Gwagwalada,Dobi,,76,75,45,12,13,0,1,30,33,0
2020/2021,Female,all,NABTEB,College of Education,ward,Gwagwalada Centre,North Central,Federal Capital Territory,Gwagwalada,Gwagwalada Centre,,226,223,144,66,63,5,3,79,78,5
2020/2021,Female,all,NABTEB,College of Education,ward,Chibiri,North Central,Federal Capital Territory,Kuje,Chibiri,,82,81,51,18,19,0,1,30,33,0
2020/2021,Female,all,NABTEB,College of Education,ward,Gaube,North Central,Federal Capital Territory,Kuje,Gaube,,226,223,138,47,44,4,3,85,91,4
2020/2021,Female,all,NABTEB,College of Education,ward,Ashara,North Central,Federal Capital Territory,Kwali,Ashara,,209,206,126,47,44,4,3,80,79,4
2020/2021,Female,all,NABTEB,College of Education,ward,Gumbo,North Central,Federal Capital Territory,Kwali,Gumbo,,85,84,51,18,19,0,1,33,33,0
2020/2021,Female,all,NABTEB,Polytechnic,ward,City Centre,North Central,Federal Capital Territory,Abuja Municipal Area Council,City Centre,,135,133,80,29,25,4,2,53,51,4
2020/2021,Female,all,NABTEB,Polytechnic,ward,Garki,North Central,Federal Capital Territory,Abuja Municipal Area Council,Garki,,135,133,80,24,25,0,2,53,56,0
2020/2021,Female,all,NABTEB,Polytechnic,ward,Bwari Central,North Central,Federal Capital Territory,Bwari,Bwari Central,,197,194,122,47,44,4,3,72,75,4
2020/2021,Female,all,NABTEB,Polytechnic,ward,Byazhin,North Central,Federal Capital Territory,Bwari,Byazhin,,124,122,74,18,19,0,2,48,56,0
2020/2021,Female,all,NABTEB,Polytechnic,ward,Dutse Alhaji,North Central,Federal Capital Territory,Bwari,Dutse Alhaji,,91,90,55,24,19,5,1,35,31,5
2020/2021,Female,all,NABTEB,Polytechnic,ward,Dobi,North Central,Federal Capital Territory,Gwagwalada,Dobi,,214,211,131,53,50,4,3,80,78,4
2020/2021,Female,all,NABTEB,Polytechnic,ward,Gwako,North Central,Federal Capital Territory,Gwagwalada,Gwako,,118,116,77,29,25,4,2,39,48,4
2020/2021,Female,all,NABTEB,Polytechnic,ward,Chibiri,North Central,Federal Capital Territory,Kuje,Chibiri,,194,192,122,42,32,10,2,70,80,10
2020/2021,Female,all,NABTEB,Polytechnic,ward,Gaube,North Central,Federal Capital Territory,Kuje,Gaube,,109,107,64,24,19,5,2,43,40,5
2020/2021,Female,all,NABTEB,Polytechnic,ward,Gudun Karya,North Central,Federal Capital Territory,Kuje,Gudun Karya,,228,225,135,48,51,0,3,90,87,0
2020/2021,Female,all,NABTEB,Polytechnic,ward,Ashara,North Central,Federal Capital Territory,Kwali,Ashara,,138,136,77,30,25,5,2,59,47,5
2020/2021,Female,all,NABTEB,Polytechnic,ward,Dafa,North Central,Federal Capital Territory,Kwali,Dafa,,118,116,71,24,19,5,2,45,47,5
2020/2021,Female,all,NABTEB,Polytechnic,ward,Gumbo,North Central,Federal Capital Territory,Kwali,Gumbo,,165,162,107,53,44,9,3,55,54,9
2020/2021,Female,all,NABTEB,University,ward,Gui,North Central,Federal Capital Territory,Abuja Municipal Area Council,Gui,,68,67,39,12,13,0,1,28,27,0
2020/2021,Female,all,NABTEB,University,ward,Bwari Central,North Central,Federal Capital Territory,Bwari,Bwari Central,,53,52,32,12,13,0,1,20,20,0
2020/2021,Female,all,NABTEB,University,ward,Dutse Alhaji,North Central,Federal Capital Territory,Bwari,Dutse Alhaji,,153,151,96,35,31,4,2,55,61,4
2020/2021,Female,all,NABTEB,University,ward,Dobi,North Central,Federal Capital Territory,Gwagwalada,Dobi,,138,136,84,24,19,5,2,52,60,5
2020/2021,Female,all,NABTEB,University,ward,Gwagwalada Centre,North Central,Federal Capital Territory,Gwagwalada,Gwagwalada Centre,,79,78,48,12,13,0,1,30,36,0
2020/2021,Female,all,NABTEB,University,ward,Gwako,North Central,Federal Capital Territory,Gwagwalada,Gwako,,229,226,138,65,63,4,3,88,73,4
2020/2021,Female,all,NABTEB,University,ward,Chibiri,North Central,Federal Capital Territory,Kuje,Chibiri,,132,130,84,35,31,4,2,46,49,4
2020/2021,Female,all,NABTEB,University,ward,Gaube,North Central,Federal Capital Territory,Kuje,Gaube,,65,64,39,18,19,0,1,25,21,0
2020/2021,Female,all,NABTEB,University,ward,Gudun Karya,North Central,Federal Capital Territory,Kuje,Gudun Karya,,65,64,39,18,19,0,1,25,21,0
2020/2021,Female,all,NABTEB,University,ward,Ashara,North Central,Federal Capital Territory,Kwali,Ashara,,124,122,77,24,19,5,2,45,53,5
2020/2021,Female,all,NABTEB,University,ward,Dafa,North Central,Federal Capital Territory,Kwali,Dafa,,315,311,192,66,63,5,4,119,126,5
2020/2021,Female,all,NABTEB,University,ward,Gumbo,North Central,Federal Capital Territory,Kwali,Gumbo,,88,87,58,29,25,4,1,29,29,4
2020/2021,Female,all,NECO,College of Education,ward,City Centre,North Central,Federal Capital Territory,Abuja Municipal Area Council,City Centre,,440,434,271,102,90,12,6,163,169,12
2020/2021,Female,all,NECO,College of Education,ward,Garki,North Central,Federal Capital Territory,Abuja Municipal Area Council,Garki,,521,513,320,107,95,12,8,193,213,12
2020/2021,Female,all,NECO,College of Education,ward,Gui,North Central,Federal Capital Territory,Abuja Municipal Area Council,Gui,,596,587,365,121,104,17,9,222,244,17
2020/2021,Female,all,NECO,College of Education,ward,Bwari Central,North Central,Federal Capital Territory,Bwari,Bwari Central,,241,237,159,51,43,8,4,78,108,8
2020/2021,Female,all,NECO,College of Education,ward,Byazhin,North Central,Federal Capital Territory,Bwari,Byazhin,,615,606,360,117,104,13,9,246,243,13
2020/2021,Female,all,NECO,College of Education,ward,Dutse Alhaji,North Central,Federal Capital Territory,Bwari,Dutse Alhaji,,333,328,202,79,67,12,5,126,123,12
2020/2021,Female,all,NECO,College of Education,ward,Dobi,North Central,Federal Capital Territory,Gwagwalada,Dobi,,158,156,89,28,24,4,2,67,61,4
2020/2021,Female,all,NECO,College of Education,ward,Gwagwalada Centre,North Central,Federal Capital Territory,Gwagwalada,Gwagwalada Centre,,431,425,263,97,85,12,6,162,166,12
2020/2021,Female,all,NECO,College of Education,ward,Chibiri,North Central,Federal Capital Territory,Kuje,Chibiri,,152,150,89,37,33,4,2,61,52,4
2020/2021,Female,all,NECO,College of Education,ward,Gaube,North Central,Federal Capital Territory,Kuje,Gaube,,468,462,279,98,81,17,6,183,181,17
2020/2021,Female,all,NECO,College of Education,ward,Ashara,North Central,Federal Capital Territory,Kwali,Ashara,,368,362,210,70,62,8,6,152,140,8
2020/2021,Female,all,NECO,College of Education,ward,Gumbo,North Central,Federal Capital Territory,Kwali,Gumbo,,175,172,107,33,28,5,3,65,74,5
2020/2021,Female,all,NECO,Polytechnic,ward,City Centre,North Central,Federal Capital Territory,Abuja Municipal Area Council,City Centre,,260,256,159,56,47,9,4,97,103,9
2020/2021,Female,all,NECO,Polytechnic,ward,Garki,North Central,Federal Capital Territory,Abuja Municipal Area Council,Garki,,238,234,147,42,33,9,4,87,105,9
2020/2021,Female,all,NECO,Polytechnic,ward,Bwari Central,North Central,Federal Capital Territory,Bwari,Bwari Central,,352,347,231,88,76,12,5,116,143,12
2020/2021,Female,all,NECO,Polytechnic,ward,Byazhin,North Central,Federal Capital Territory,Bwari,Byazhin,,251,247,159,56,47,9,4,88,103,9
2020/2021,Female,all,NECO,Polytechnic,ward,Dutse Alhaji,North Central,Federal Capital Territory,Bwari,Dutse Alhaji,,175,172,107,37,33,4,3,65,70,4
2020/2021,Female,all,NECO,Polytechnic,ward,Dobi,North Central,Federal Capital Territory,Gwagwalada,Dobi,,409,403,256,94,80,14,6,147,162,14
2020/2021,Female,all,NECO,Polytechnic,ward,Gwako,North Central,Federal Capital Territory,Gwagwalada,Gwako,,238,234,150,51,43,8,4,84,99,8
2020/2021,Female,all,NECO,Polytechnic,ward,Chibiri,North Central,Federal Capital Territory,Kuje,Chibiri,,403,397,254,93,80,13,6,143,161,13
2020/2021,Female,all,NECO,Polytechnic,ward,Gaube,North Central,Federal Capital Territory,Kuje,Gaube,,228,225,135,42,38,4,3,90,93,4
2020/2021,Female,all,NECO,Polytechnic,ward,Gudun Karya,North Central,Federal Capital Territory,Kuje,Gudun Karya,,463,457,274,84,71,13,6,183,190,13
2020/2021,Female,all,NECO,Polytechnic,ward,Ashara,North Central,Federal Capital Territory,Kwali,Ashara,,263,259,159,47,38,9,4,100,112,9
2020/2021,Female,all,NECO,Polytechnic,ward,Dafa,North Central,Federal Capital Territory,Kwali,Dafa,,172,169,104,28,24,4,3,65,76,4
2020/2021,Female,all,NECO,Polytechnic,ward,Gumbo,North Central,Federal Capital Territory,Kwali,Gumbo,,295,290,193,70,62,8,5,97,123,8
2020/2021,Female,all,NECO,University,ward,Gui,North Central,Federal Capital Territory,Abuja Municipal Area Council,Gui,,111,109,63,28,24,4,2,46,35,4
2020/2021,Female,all,NECO,University,ward,Bwari Central,North Central,Federal Capital Territory,Bwari,Bwari Central,,92,91,52,23,19,4,1,39,29,4
2020/2021,Female,all,NECO,University,ward,Dutse Alhaji,North Central,Federal Capital Territory,Bwari,Dutse Alhaji,,317,312,193,65,52,13,5,119,128,13
2020/2021,Female,all,NECO,University,ward,Dobi,North Central,Federal Capital Territory,Gwagwalada,Dobi,,241,237,147,47,38,9,4,90,100,9
2020/2021,Female,all,NECO,University,ward,Gwagwalada Centre,North Central,Federal Capital Territory,Gwagwalada,Gwagwalada Centre,,152,150,86,28,24,4,2,64,58,4
2020/2021,Female,all,NECO,University,ward,Gwako,North Central,Federal Capital Territory,Gwagwalada,Gwako,,396,390,256,103,90,13,6,134,153,13
2020/2021,Female,all,NECO,University,ward,Chibiri,North Central,Federal Capital Territory,Kuje,Chibiri,,209,206,127,42,38,4,3,79,85,4
2020/2021,Female,all,NECO,University,ward,Gaube,North Central,Federal Capital Territory,Kuje,Gaube,,108,106,66,14,9,5,2,40,52,5
2020/2021,Female,all,NECO,University,ward,Gudun Karya,North Central,Federal Capital Territory,Kuje,Gudun Karya,,111,109,66,23,19,4,2,43,43,4
2020/2021,Female,all,NECO,University,ward,Ashara,North Central,Federal Capital Territory,Kwali,Ashara,,238,234,138,42,33,9,4,96,96,9
2020/2021,Female,all,NECO,University,ward,Dafa,North Central,Federal Capital Territory,Kwali,Dafa,,600,591,364,117,100,17,9,227,247,17
2020/2021,Female,all,NECO,University,ward,Gumbo,North Central,Federal Capital Territory,Kwali,Gumbo,,155,153,101,42,38,4,2,52,59,4
2020/2021,Female,all,WAEC,College of Education,ward,City Centre,North Central,Federal Capital Territory,Abuja Municipal Area Council,City Centre,,535,527,340,134,124,10,8,187,206,10
2020/2021,Female,all,WAEC,College of Education,ward,Garki,North Central,Federal Capital Territory,Abuja Municipal Area Council,Garki,,635,626,372,137,124,13,9,254,235,13
2020/2021,Female,all,WAEC,College of Education,ward,Gui,North Central,Federal Capital Territory,Abuja Municipal Area Council,Gui,,779,768,478,183,166,17,11,290,295,17
2020/2021,Female,all,WAEC,College of Education,ward,Bwari Central,North Central,Federal Capital Territory,Bwari,Bwari Central,,309,304,199,80,71,9,5,105,119,9
2020/2021,Female,all,WAEC,College of Education,ward,Byazhin,North Central,Federal Capital Territory,Bwari,Byazhin,,793,781,463,160,147,13,12,318,303,13
2020/2021,Female,all,WAEC,College of Education,ward,Dutse Alhaji,North Central,Federal Capital Territory,Bwari,Dutse Alhaji,,431,425,276,125,114,11,6,149,151,11
2020/2021,Female,all,WAEC,College of Education,ward,Dobi,North Central,Federal Capital Territory,Gwagwalada,Dobi,,189,186,109,36,33,3,3,77,73,3
2020/2021,Female,all,WAEC,College of Education,ward,Gwagwalada Centre,North Central,Federal Capital Territory,Gwagwalada,Gwagwalada Centre,,598,589,361,133,120,13,9,228,228,13
2020/2021,Female,all,WAEC,College of Education,ward,Chibiri,North Central,Federal Capital Territory,Kuje,Chibiri,,177,174,109,49,43,6,3,65,60,6
2020/2021,Female,all,WAEC,College of Education,ward,Gaube,North Central,Federal Capital Territory,Kuje,Gaube,,595,586,380,152,138,14,9,206,228,14
2020/2021,Female,all,WAEC,College of Education,ward,Ashara,North Central,Federal Capital Territory,Kwali,Ashara,,509,502,311,111,100,11,7,191,200,11
2020/2021,Female,all,WAEC,College of Education,ward,Gumbo,North Central,Federal Capital Territory,Kwali,Gumbo,,192,189,112,40,38,2,3,77,72,2
2020/2021,Female,all,WAEC,Polytechnic,ward,City Centre,North Central,Federal Capital Territory,Abuja Municipal Area Council,City Centre,,340,335,210,85,71,14,5,125,125,14
2020/2021,Female,all,WAEC,Polytechnic,ward,Garki,North Central,Federal Capital Territory,Abuja Municipal Area Council,Garki,,381,375,231,80,71,9,6,144,151,9
2020/2021,Female,all,WAEC,Polytechnic,ward,Bwari Central,North Central,Federal Capital Territory,Bwari,Bwari Central,,487,480,316,142,129,13,7,164,174,13
2020/2021,Female,all,WAEC,Polytechnic,ward,Byazhin,North Central,Federal Capital Territory,Bwari,Byazhin,,327,322,205,80,71,9,5,117,125,9
2020/2021,Female,all,WAEC,Polytechnic,ward,Dutse Alhaji,North Central,Federal Capital Territory,Bwari,Dutse Alhaji,,240,236,143,49,43,6,4,93,94,6
2020/2021,Female,all,WAEC,Polytechnic,ward,Dobi,North Central,Federal Capital Territory,Gwagwalada,Dobi,,516,508,319,121,114,7,8,189,198,7
2020/2021,Female,all,WAEC,Polytechnic,ward,Gwako,North Central,Federal Capital Territory,Gwagwalada,Gwako,,302,298,183,76,67,9,4,115,107,9
2020/2021,Female,all,WAEC,Polytechnic,ward,Chibiri,North Central,Federal Capital Territory,Kuje,Chibiri,,494,487,305,111,100,11,7,182,194,11
2020/2021,Female,all,WAEC,Polytechnic,ward,Gaube,North Central,Federal Capital Territory,Kuje,Gaube,,337,332,215,71,67,4,5,117,144,4
2020/2021,Female,all,WAEC,Polytechnic,ward,Gudun Karya,North Central,Federal Capital Territory,Kuje,Gudun Karya,,557,548,324,117,109,8,9,224,207,8
2020/2021,Female,all,WAEC,Polytechnic,ward,Ashara,North Central,Federal Capital Territory,Kwali,Ashara,,343,338,205,76,71,5,5,133,129,5
2020/2021,Female,all,WAEC,Polytechnic,ward,Dafa,North Central,Federal Capital Territory,Kwali,Dafa,,255,251,154,53,48,5,4,97,101,5
2020/2021,Female,all,WAEC,Polytechnic,ward,Gumbo,North Central,Federal Capital Territory,Kwali,Gumbo,,359,354,221,94,86,8,5,133,127,8
2020/2021,Female,all,WAEC,University,ward,Gui,North Central,Federal Capital Territory,Abuja Municipal Area Council,Gui,,151,149,93,40,38,2,2,56,53,2
2020/2021,Female,all,WAEC,University,ward,Bwari Central,North Central,Federal Capital Territory,Bwari,Bwari Central,,126,124,80,31,29,2,2,44,49,2
2020/2021,Female,all,WAEC,University,ward,Dutse Alhaji,North Central,Federal Capital Territory,Bwari,Dutse Alhaji,,378,372,244,93,86,7,6,128,151,7
2020/2021,Female,all,WAEC,University,ward,Dobi,North Central,Federal Capital Territory,Gwagwalada,Dobi,,324,319,199,71,62,9,5,120,128,9
2020/2021,Female,all,WAEC,University,ward,Gwagwalada Centre,North Central,Federal Capital Territory,Gwagwalada,Gwagwalada Centre,,208,205,122,45,38,7,3,83,77,7
2020/2021,Female,all,WAEC,University,ward,Gwako,North Central,Federal Capital Territory,Gwagwalada,Gwako,,516,508,322,130,114,16,8,186,192,16
2020/2021,Female,all,WAEC,University,ward,Chibiri,North Central,Federal Capital Territory,Kuje,Chibiri,,334,329,199,71,67,4,5,130,128,4
2020/2021,Female,all,WAEC,University,ward,Gaube,North Central,Federal Capital Territory,Kuje,Gaube,,138,136,82,31,29,2,2,54,51,2
2020/2021,Female,all,WAEC,University,ward,Gudun Karya,North Central,Federal Capital Territory,Kuje,Gudun Karya,,154,152,96,36,33,3,2,56,60,3
2020/2021,Female,all,WAEC,University,ward,Ashara,North Central,Federal Capital Territory,Kwali,Ashara,,289,285,167,62,52,10,4,118,105,10
2020/2021,Female,all,WAEC,University,ward,Dafa,North Central,Federal Capital Territory,Kwali,Dafa,,707,697,430,155,143,12,10,267,275,12
2020/2021,Female,all,WAEC,University,ward,Gumbo,North Central,Federal Capital Territory,Kwali,Gumbo,,204,201,122,53,48,5,3,79,69,5
2020/2021,Female,disabled,NABTEB,College of Education,ward,City Centre,North Central,Federal Capital Territory,Abuja Municipal Area Council,City Centre,,34,34,19,18,18,0,0,15,1,0
2020/2021,Female,disabled,NABTEB,College of Education,ward,Garki,North Central,Federal Capital Territory,Abuja Municipal Area Council,Garki,,35,35,18,12,12,0,0,17,6,0
2020/2021,Female,disabled,NABTEB,College of Education,ward,Gui,North Central,Federal Capital Territory,Abuja Municipal Area Council,Gui,,41,41,24,12,12,0,0,17,12,0
2020/2021,Female,disabled,NABTEB,College of Education,ward,Bwari Central,North Central,Federal Capital Territory,Bwari,Bwari Central,,12,12,7,6,6,0,0,5,1,0
2020/2021,Female,disabled,NABTEB,College of Education,ward,Byazhin,North Central,Federal Capital Territory,Bwari,Byazhin,,38,38,22,12,12,0,0,16,10,0
2020/2021,Female,disabled,NABTEB,College of Education,ward,Dutse Alhaji,North Central,Federal Capital Territory,Bwari,Dutse Alhaji,,24,24,12,12,12,0,0,12,0,0
2020/2021,Female,disabled,NABTEB,College of Education,ward,Dobi,North Central,Federal Capital Territory,Gwagwalada,Dobi,,12,12,7,0,0,0,0,5,7,0
2020/2021,Female,disabled,NABTEB,College of Education,ward,Gwagwalada Centre,North Central,Federal Capital Territory,Gwagwalada,Gwagwalada Centre,,36,36,21,18,18,0,0,15,3,0
2020/2021,Female,disabled,NABTEB,College of Education,ward,Chibiri,North Central,Federal Capital Territory,Kuje,Chibiri,,11,11,6,6,6,0,0,5,0,0
2020/2021,Female,disabled,NABTEB,College of Education,ward,Gaube,North Central,Federal Capital Territory,Kuje,Gaube,,32,32,19,6,6,0,0,13,13,0
2020/2021,Female,disabled,NABTEB,College of Education,ward,Ashara,North Central,Federal Capital Territory,Kwali,Ashara,,32,32,19,12,12,0,0,13,7,0
2020/2021,Female,disabled,NABTEB,College of Education,ward,Gumbo,North Central,Federal Capital Territory,Kwali,Gumbo,,12,12,6,6,6,0,0,6,0,0
2020/2021,Female,disabled,NABTEB,Polytechnic,ward,City Centre,North Central,Federal Capital Territory,Abuja Municipal Area Council,City Centre,,11,11,6,6,6,0,0,5,0,0
2020/2021,Female,disabled,NABTEB,Polytechnic,ward,Garki,North Central,Federal Capital Territory,Abuja Municipal Area Council,Garki,,17,17,10,6,6,0,0,7,4,0
2020/2021,Female,disabled,NABTEB,Polytechnic,ward,Bwari Central,North Central,Federal Capital Territory,Bwari,Bwari Central,,24,24,13,12,12,0,0,11,1,0
2020/2021,Female,disabled,NABTEB,Polytechnic,ward,Byazhin,North Central,Federal Capital Territory,Bwari,Byazhin,,12,12,6,0,0,0,0,6,6,0
2020/2021,Female,disabled,NABTEB,Polytechnic,ward,Dutse Alhaji,North Central,Federal Capital Territory,Bwari,Dutse Alhaji,,12,12,6,6,6,0,0,6,0,0
2020/2021,Female,disabled,NABTEB,Polytechnic,ward,Dobi,North Central,Federal Capital Territory,Gwagwalada,Dobi,,26,26,17,12,12,0,0,9,5,0
2020/2021,Female,disabled,NABTEB,Polytechnic,ward,Gwako,North Central,Federal Capital Territory,Gwagwalada,Gwako,,14,14,10,6,6,0,0,4,4,0
2020/2021,Female,disabled,NABTEB,Polytechnic,ward,Chibiri,North Central,Federal Capital Territory,Kuje,Chibiri,,26,26,16,6,6,0,0,10,10,0
2020/2021,Female,disabled,NABTEB,Polytechnic,ward,Gaube,North Central,Federal Capital Territory,Kuje,Gaube,,14,14,10,6,6,0,0,4,4,0
2020/2021,Female,disabled,NABTEB,Polytechnic,ward,Gudun Karya,North Central,Federal Capital Territory,Kuje,Gudun Karya,,35,35,18,12,12,0,0,17,6,0
2020/2021,Female,disabled,NABTEB,Polytechnic,ward,Ashara,North Central,Federal Capital Territory,Kwali,Ashara,,17,17,10,6,6,0,0,7,4,0
2020/2021,Female,disabled,NABTEB,Polytechnic,ward,Dafa,North Central,Federal Capital Territory,Kwali,Dafa,,14,14,10,6,6,0,0,4,4,0
2020/2021,Female,disabled,NABTEB,Polytechnic,ward,Gumbo,North Central,Federal Capital Territory,Kwali,Gumbo,,26,26,16,12,12,0,0,10,4,0
2020/2021,Female,disabled,NABTEB,University,ward,Gui,North Central,Federal Capital Territory,Abuja Municipal Area Council,Gui,,12,12,7,0,0,0,0,5,7,0
2020/2021,Female,disabled,NABTEB,University,ward,Bwari Central,North Central,Federal Capital Territory,Bwari,Bwari Central,,12,12,7,0,0,0,0,5,7,0
2020/2021,Female,disabled,NABTEB,University,ward,Dutse Alhaji,North Central,Federal Capital Territory,Bwari,Dutse Alhaji,,12,12,6,6,6,0,0,6,0,0
2020/2021,Female,disabled,NABTEB,University,ward,Dobi,North Central,Federal Capital Territory,Gwagwalada,Dobi,,14,14,10,0,0,0,0,4,10,0
2020/2021,Female,disabled,NABTEB,University,ward,Gwagwalada Centre,North Central,Federal Capital Territory,Gwagwalada,Gwagwalada Centre,,12,12,7,0,0,0,0,5,7,0
2020/2021,Female,disabled,NABTEB,University,ward,Gwako,North Central,Federal Capital Territory,Gwagwalada,Gwako,,35,35,18,12,12,0,0,17,6,0
2020/2021,Female,disabled,NABTEB,University,ward,Chibiri,North Central,Federal Capital Territory,Kuje,Chibiri,,11,11,6,6,6,0,0,5,0,0
2020/2021,Female,disabled,NABTEB,University,ward,Gaube,North Central,Federal Capital Territory,Kuje,Gaube,,12,12,6,6,6,0,0,6,0,0
2020/2021,Female,disabled,NABTEB,University,ward,Gudun Karya,North Central,Federal Capital Territory,Kuje,Gudun Karya,,12,12,6,6,6,0,0,6,0,0
2020/2021,Female,disabled,NABTEB,University,ward,Ashara,North Central,Federal Capital Territory,Kwali,Ashara,,12,12,6,0,0,0,0,6,6,0
2020/2021,Female,disabled,NABTEB,University,ward,Dafa,North Central,Federal Capital Territory,Kwali,Dafa,,36,36,18,6,6,0,0,18,12,0
2020/2021,Female,disabled,NABTEB,University,ward,Gumbo,North Central,Federal Capital Territory,Kwali,Gumbo,,12,12,6,6,6,0,0,6,0,0
2020/2021,Female,disabled,NECO,College of Education,ward,City Centre,North Central,Federal Capital Territory,Abuja Municipal Area Council,City Centre,,50,50,32,14,14,1,0,18,18,1
2020/2021,Female,disabled,NECO,College of Education,ward,Garki,North Central,Federal Capital Territory,Abuja Municipal Area Council,Garki,,53,53,32,15,15,0,0,21,17,0
2020/2021,Female,disabled,NECO,College of Education,ward,Gui,North Central,Federal Capital Territory,Abuja Municipal Area Council,Gui,,62,62,37,15,15,0,0,25,22,0
2020/2021,Female,disabled,NECO,College of Education,ward,Bwari Central,North Central,Federal Capital Territory,Bwari,Bwari Central,,25,25,14,5,5,0,0,11,9,0
2020/2021,Female,disabled,NECO,College of Education,ward,Byazhin,North Central,Federal Capital Territory,Bwari,Byazhin,,75,75,43,10,10,0,0,32,33,0
2020/2021,Female,disabled,NECO,College of Education,ward,Dutse Alhaji,North Central,Federal Capital Territory,Bwari,Dutse Alhaji,,35,35,21,10,10,0,0,14,11,0
2020/2021,Female,disabled,NECO,College of Education,ward,Dobi,North Central,Federal Capital Territory,Gwagwalada,Dobi,,12,12,6,5,5,0,0,6,1,0
2020/2021,Female,disabled,NECO,College of Education,ward,Gwagwalada Centre,North Central,Federal Capital Territory,Gwagwalada,Gwagwalada Centre,,47,47,27,15,15,0,0,20,12,0
2020/2021,Female,disabled,NECO,College of Education,ward,Chibiri,North Central,Federal Capital Territory,Kuje,Chibiri,,12,12,6,5,5,0,0,6,1,0
2020/2021,Female,disabled,NECO,College of Education,ward,Gaube,North Central,Federal Capital Territory,Kuje,Gaube,,50,49,29,5,5,0,1,20,24,0
2020/2021,Female,disabled,NECO,College of Education,ward,Ashara,North Central,Federal Capital Territory,Kwali,Ashara,,47,46,23,9,10,0,1,23,14,0
2020/2021,Female,disabled,NECO,College of Education,ward,Gumbo,North Central,Federal Capital Territory,Kwali,Gumbo,,16,16,9,0,0,0,0,7,9,0
2020/2021,Female,disabled,NECO,Polytechnic,ward,City Centre,North Central,Federal Capital Territory,Abuja Municipal Area Council,City Centre,,22,22,14,4,5,0,0,8,10,0
2020/2021,Female,disabled,NECO,Polytechnic,ward,Garki,North Central,Federal Capital Territory,Abuja Municipal Area Council,Garki,,28,28,17,5,5,0,0,11,12,0
2020/2021,Female,disabled,NECO,Polytechnic,ward,Bwari Central,North Central,Federal Capital Territory,Bwari,Bwari Central,,38,38,23,10,10,0,0,15,13,0
2020/2021,Female,disabled,NECO,Polytechnic,ward,Byazhin,North Central,Federal Capital Territory,Bwari,Byazhin,,25,25,14,5,5,0,0,11,9,0
2020/2021,Female,disabled,NECO,Polytechnic,ward,Dutse Alhaji,North Central,Federal Capital Territory,Bwari,Dutse Alhaji,,19,19,11,5,5,0,0,8,6,0
2020/2021,Female,disabled,NECO,Polytechnic,ward,Dobi,North Central,Federal Capital Territory,Gwagwalada,Dobi,,40,40,23,10,10,0,0,17,13,0
2020/2021,Female,disabled,NECO,Polytechnic,ward,Gwako,North Central,Federal Capital Territory,Gwagwalada,Gwako,,28,28,17,4,5,0,0,11,13,0
2020/2021,Female,disabled,NECO,Polytechnic,ward,Chibiri,North Central,Federal Capital Territory,Kuje,Chibiri,,47,47,28,8,9,0,0,19,20,0
2020/2021,Female,disabled,NECO,Polytechnic,ward,Gaube,North Central,Federal Capital Territory,Kuje,Gaube,,31,31,17,5,5,0,0,14,12,0
2020/2021,Female,disabled,NECO,Polytechnic,ward,Gudun Karya,North Central,Federal Capital Territory,Kuje,Gudun Karya,,54,54,32,10,10,0,0,22,22,0
2020/2021,Female,disabled,NECO,Polytechnic,ward,Ashara,North Central,Federal Capital Territory,Kwali,Ashara,,31,31,17,4,5,0,0,14,13,0
2020/2021,Female,disabled,NECO,Polytechnic,ward,Dafa,North Central,Federal Capital Territory,Kwali,Dafa,,22,22,12,0,0,0,0,10,12,0
2020/2021,Female,disabled,NECO,Polytechnic,ward,Gumbo,North Central,Federal Capital Territory,Kwali,Gumbo,,37,37,23,10,10,0,0,14,13,0
2020/2021,Female,disabled,NECO,University,ward,Gui,North Central,Federal Capital Territory,Abuja Municipal Area Council,Gui,,12,12,6,5,5,0,0,6,1,0
2020/2021,Female,disabled,NECO,University,ward,Bwari Central,North Central,Federal Capital Territory,Bwari,Bwari Central,,12,12,6,5,5,0,0,6,1,0
2020/2021,Female,disabled,NECO,University,ward,Dutse Alhaji,North Central,Federal Capital Territory,Bwari,Dutse Alhaji,,25,25,14,5,5,0,0,11,9,0
2020/2021,Female,disabled,NECO,University,ward,Dobi,North Central,Federal Capital Territory,Gwagwalada,Dobi,,28,28,14,5,5,0,0,14,9,0
2020/2021,Female,disabled,NECO,University,ward,Gwagwalada Centre,North Central,Federal Capital Territory,Gwagwalada,Gwagwalada Centre,,16,16,9,5,5,0,0,7,4,0
2020/2021,Female,disabled,NECO,University,ward,Gwako,North Central,Federal Capital Territory,Gwagwalada,Gwako,,41,41,24,15,15,0,0,17,9,0
2020/2021,Female,disabled,NECO,University,ward,Chibiri,North Central,Federal Capital Territory,Kuje,Chibiri,,19,19,11,5,5,0,0,8,6,0
2020/2021,Female,disabled,NECO,University,ward,Gaube,North Central,Federal Capital Territory,Kuje,Gaube,,13,13,9,0,0,0,0,4,9,0
2020/2021,Female,disabled,NECO,University,ward,Gudun Karya,North Central,Federal Capital Territory,Kuje,Gudun Karya,,16,16,9,5,5,0,0,7,4,0
2020/2021,Female,disabled,NECO,University,ward,Ashara,North Central,Federal Capital Territory,Kwali,Ashara,,19,19,9,0,0,0,0,10,9,0
2020/2021,Female,disabled,NECO,University,ward,Dafa,North Central,Federal Capital Territory,Kwali,Dafa,,56,56,32,15,15,0,0,24,17,0
2020/2021,Female,disabled,NECO,University,ward,Gumbo,North Central,Federal Capital Territory,Kwali,Gumbo,,13,13,9,5,5,0,0,4,4,0
2020/2021,Female,disabled,WAEC,College of Education,ward,City Centre,North Central,Federal Capital Territory,Abuja Municipal Area Council,City Centre,,69,69,41,12,15,0,0,28,29,0
2020/2021,Female,disabled,WAEC,College of Education,ward,Garki,North Central,Federal Capital Territory,Abuja Municipal Area Council,Garki,,73,72,41,12,15,0,1,31,29,0
2020/2021,Female,disabled,WAEC,College of Education,ward,Gui,North Central,Federal Capital Territory,Abuja Municipal Area Council,Gui,,81,80,49,18,19,0,1,31,31,0
2020/2021,Female,disabled,WAEC,College of Education,ward,Bwari Central,North Central,Federal Capital Territory,Bwari,Bwari Central,,38,37,24,9,9,0,1,13,15,0
2020/2021,Female,disabled,WAEC,College of Education,ward,Byazhin,North Central,Federal Capital Territory,Bwari,Byazhin,,97,96,56,14,15,0,1,40,42,0
2020/2021,Female,disabled,WAEC,College of Education,ward,Dutse Alhaji,North Central,Federal Capital Territory,Bwari,Dutse Alhaji,,40,40,24,10,10,0,0,16,14,0
2020/2021,Female,disabled,WAEC,College of Education,ward,Dobi,North Central,Federal Capital Territory,Gwagwalada,Dobi,,15,15,8,0,0,0,0,7,8,0
2020/2021,Female,disabled,WAEC,College of Education,ward,Gwagwalada Centre,North Central,Federal Capital Territory,Gwagwalada,Gwagwalada Centre,,66,66,40,15,15,0,0,26,25,0
2020/2021,Female,disabled,WAEC,College of Education,ward,Chibiri,North Central,Federal Capital Territory,Kuje,Chibiri,,12,12,8,4,5,0,0,4,4,0
2020/2021,Female,disabled,WAEC,College of Education,ward,Gaube,North Central,Federal Capital Territory,Kuje,Gaube,,76,75,47,17,14,4,1,28,30,4
2020/2021,Female,disabled,WAEC,College of Education,ward,Ashara,North Central,Federal Capital Territory,Kwali,Ashara,,63,62,37,13,14,0,1,25,24,0
2020/2021,Female,disabled,WAEC,College of Education,ward,Gumbo,North Central,Federal Capital Territory,Kwali,Gumbo,,15,15,8,4,5,0,0,7,4,0
2020/2021,Female,disabled,WAEC,Polytechnic,ward,City Centre,North Central,Federal Capital Territory,Abuja Municipal Area Council,City Centre,,31,31,16,4,5,0,0,15,12,0
2020/2021,Female,disabled,WAEC,Polytechnic,ward,Garki,North Central,Federal Capital Territory,Abuja Municipal Area Council,Garki,,47,46,26,9,9,0,1,20,17,0
2020/2021,Female,disabled,WAEC,Polytechnic,ward,Bwari Central,North Central,Federal Capital Territory,Bwari,Bwari Central,,53,53,32,10,10,0,0,21,22,0
2020/2021,Female,disabled,WAEC,Polytechnic,ward,Byazhin,North Central,Federal Capital Territory,Bwari,Byazhin,,28,28,16,5,5,0,0,12,11,0
2020/2021,Female,disabled,WAEC,Polytechnic,ward,Dutse Alhaji,North Central,Federal Capital Territory,Bwari,Dutse Alhaji,,25,25,16,5,5,0,0,9,11,0
2020/2021,Female,disabled,WAEC,Polytechnic,ward,Dobi,North Central,Federal Capital Territory,Gwagwalada,Dobi,,46,46,27,10,10,0,0,19,17,0
2020/2021,Female,disabled,WAEC,Polytechnic,ward,Gwako,North Central,Federal Capital Territory,Gwagwalada,Gwako,,38,37,21,9,9,0,1,16,12,0
2020/2021,Female,disabled,WAEC,Polytechnic,ward,Chibiri,North Central,Federal Capital Territory,Kuje,Chibiri,,63,62,40,13,14,0,1,22,27,0
2020/2021,Female,disabled,WAEC,Polytechnic,ward,Gaube,North Central,Federal Capital Territory,Kuje,Gaube,,44,43,27,9,9,0,1,16,18,0
2020/2021,Female,disabled,WAEC,Polytechnic,ward,Gudun Karya,North Central,Federal Capital Territory,Kuje,Gudun Karya,,75,75,45,12,15,0,0,30,33,0
2020/2021,Female,disabled,WAEC,Polytechnic,ward,Ashara,North Central,Federal Capital Territory,Kwali,Ashara,,44,43,27,9,9,0,1,16,18,0
2020/2021,Female,disabled,WAEC,Polytechnic,ward,Dafa,North Central,Federal Capital Territory,Kwali,Dafa,,28,28,16,4,5,0,0,12,12,0
2020/2021,Female,disabled,WAEC,Polytechnic,ward,Gumbo,North Central,Federal Capital Territory,Kwali,Gumbo,,46,46,27,8,10,0,0,19,19,0
2020/2021,Female,disabled,WAEC,University,ward,Gui,North Central,Federal Capital Territory,Abuja Municipal Area Council,Gui,,19,19,11,5,5,0,0,8,6,0
2020/2021,Female,disabled,WAEC,University,ward,Bwari Central,North Central,Federal Capital Territory,Bwari,Bwari Central,,12,12,8,5,5,0,0,4,3,0
2020/2021,Female,disabled,WAEC,University,ward,Dutse Alhaji,North Central,Federal Capital Territory,Bwari,Dutse Alhaji,,31,31,19,5,5,0,0,12,14,0
2020/2021,Female,disabled,WAEC,University,ward,Dobi,North Central,Federal Capital Territory,Gwagwalada,Dobi,,38,37,21,5,5,0,1,16,16,0
2020/2021,Female,disabled,WAEC,University,ward,Gwagwalada Centre,North Central,Federal Capital Territory,Gwagwalada,Gwagwalada Centre,,25,25,13,5,5,0,0,12,8,0
2020/2021,Female,disabled,WAEC,University,ward,Gwako,North Central,Federal Capital Territory,Gwagwalada,Gwako,,49,49,32,12,15,0,0,17,20,0
2020/2021,Female,disabled,WAEC,University,ward,Chibiri,North Central,Federal Capital Territory,Kuje,Chibiri,,28,28,16,4,5,0,0,12,12,0
2020/2021,Female,disabled,WAEC,University,ward,Gaube,North Central,Federal Capital Territory,Kuje,Gaube,,12,12,8,4,5,0,0,4,4,0
2020/2021,Female,disabled,WAEC,University,ward,Gudun Karya,North Central,Federal Capital Territory,Kuje,Gudun Karya,,19,19,11,4,5,0,0,8,7,0
2020/2021,Female,disabled,WAEC,University,ward,Ashara,North Central,Federal Capital Territory,Kwali,Ashara,,25,25,13,4,5,0,0,12,9,0
2020/2021,Female,disabled,WAEC,University,ward,Dafa,North Central,Federal Capital Territory,Kwali,Dafa,,69,69,40,12,15,0,0,29,28,0
2020/2021,Female,disabled,WAEC,University,ward,Gumbo,North Central,Federal Capital Territory,Kwali,Gumbo,,15,15,8,4,5,0,0,7,4,0
2020/2021,Male,all,NABTEB,College of Education,ward,City Centre,North Central,Federal Capital Territory,Abuja Municipal Area Council,City Centre,,267,264,170,71,63,9,3,94,99,9
2020/2021,Male,all,NABTEB,College of Education,ward,Garki,North Central,Federal Capital Territory,Abuja Municipal Area Council,Garki,,317,313,190,70,63,8,4,123,120,8
2020/2021,Male,all,NABTEB,College of Education,ward,Gui,North Central,Federal Capital Territory,Abuja Municipal Area Council,Gui,,323,318,190,54,51,5,5,128,136,5
2020/2021,Male,all,NABTEB,College of Education,ward,Bwari Central,North Central,Federal Capital Territory,Bwari,Bwari Central,,124,122,80,30,25,5,2,42,50,5
2020/2021,Male,all,NABTEB,College of Education,ward,Byazhin,North Central,Federal Capital Territory,Bwari,Byazhin,,303,299,173,54,45,10,4,126,119,10
2020/2021,Male,all,NABTEB,College of Education,ward,Dutse Alhaji,North Central,Federal Capital Territory,Bwari,Dutse Alhaji,,209,206,135,47,44,4,3,71,88,4
2020/2021,Male,all,NABTEB,College of Education,ward,Dobi,North Central,Federal Capital Territory,Gwagwalada,Dobi,,88,87,51,12,13,0,1,36,39,0
2020/2021,Male,all,NABTEB,College of Education,ward,Gwagwalada Centre,North Central,Federal Capital Territory,Gwagwalada,Gwagwalada Centre,,244,241,151,48,45,5,3,90,103,5
2020/2021,Male,all,NABTEB,College of Education,ward,Chibiri,North Central,Federal Capital Territory,Kuje,Chibiri,,85,84,48,18,19,0,1,36,30,0
2020/2021,Male,all,NABTEB,College of Education,ward,Gaube,North Central,Federal Capital Territory,Kuje,Gaube,,249,246,151,47,44,4,3,95,104,4
2020/2021,Male,all,NABTEB,College of Education,ward,Ashara,North Central,Federal Capital Territory,Kwali,Ashara,,197,194,115,30,24,6,3,79,85,6
2020/2021,Male,all,NABTEB,College of Education,ward,Gumbo,North Central,Federal Capital Territory,Kwali,Gumbo,,91,90,58,12,13,0,1,32,46,0
2020/2021,Male,all,NABTEB,Polytechnic,ward,City Centre,North Central,Federal Capital Territory,Abuja Municipal Area Council,City Centre,,150,148,96,29,25,4,2,52,67,4
2020/2021,Male,all,NABTEB,Polytechnic,ward,Garki,North Central,Federal Capital Territory,Abuja Municipal Area Council,Garki,,132,130,80,30,25,5,2,50,50,5
2020/2021,Male,all,NABTEB,Polytechnic,ward,Bwari Central,North Central,Federal Capital Territory,Bwari,Bwari Central,,230,227,144,48,38,10,3,83,96,10
2020/2021,Male,all,NABTEB,Polytechnic,ward,Byazhin,North Central,Federal Capital Territory,Bwari,Byazhin,,118,116,74,24,19,5,2,42,50,5
2020/2021,Male,all,NABTEB,Polytechnic,ward,Dutse Alhaji,North Central,Federal Capital Territory,Bwari,Dutse Alhaji,,124,122,77,24,19,5,2,45,53,5
2020/2021,Male,all,NABTEB,Polytechnic,ward,Dobi,North Central,Federal Capital Territory,Gwagwalada,Dobi,,247,243,148,47,44,4,4,95,101,4
2020/2021,Male,all,NABTEB,Polytechnic,ward,Gwako,North Central,Federal Capital Territory,Gwagwalada,Gwako,,109,107,71,24,19,5,2,36,47,5
2020/2021,Male,all,NABTEB,Polytechnic,ward,Chibiri,North Central,Federal Capital Territory,Kuje,Chibiri,,227,224,144,53,50,4,3,80,91,4
2020/2021,Male,all,NABTEB,Polytechnic,ward,Gaube,North Central,Federal Capital Territory,Kuje,Gaube,,127,125,74,29,25,4,2,51,45,4
2020/2021,Male,all,NABTEB,Polytechnic,ward,Gudun Karya,North Central,Federal Capital Territory,Kuje,Gudun Karya,,264,261,158,48,39,10,3,103,110,10
2020/2021,Male,all,NABTEB,Polytechnic,ward,Ashara,North Central,Federal Capital Territory,Kwali,Ashara,,153,151,90,24,19,5,2,61,66,5
2020/2021,Male,all,NABTEB,Polytechnic,ward,Dafa,North Central,Federal Capital Territory,Kwali,Dafa,,112,110,64,18,13,5,2,46,46,5
2020/2021,Male,all,NABTEB,Polytechnic,ward,Gumbo,North Central,Federal Capital Territory,Kwali,Gumbo,,183,180,113,42,38,5,3,67,71,5
2020/2021,Male,all,NABTEB,University,ward,Gui,North Central,Federal Capital Territory,Abuja Municipal Area Council,Gui,,71,70,42,18,19,0,1,28,24,0
2020/2021,Male,all,NABTEB,University,ward,Bwari Central,North Central,Federal Capital Territory,Bwari,Bwari Central,,53,52,29,6,6,0,1,23,23,0
2020/2021,Male,all,NABTEB,University,ward,Dutse Alhaji,North Central,Federal Capital Territory,Bwari,Dutse Alhaji,,144,142,93,29,25,4,2,49,64,4
2020/2021,Male,all,NABTEB,University,ward,Dobi,North Central,Federal Capital Territory,Gwagwalada,Dobi,,127,125,68,18,13,5,2,57,50,5
2020/2021,Male,all,NABTEB,University,ward,Gwagwalada Centre,North Central,Federal Capital Territory,Gwagwalada,Gwagwalada Centre,,71,70,42,12,13,0,1,28,30,0
2020/2021,Male,all,NABTEB,University,ward,Gwako,North Central,Federal Capital Territory,Gwagwalada,Gwako,,246,243,151,65,63,4,3,92,86,4
2020/2021,Male,all,NABTEB,University,ward,Chibiri,North Central,Federal Capital Territory,Kuje,Chibiri,,161,159,106,35,31,4,2,53,71,4
2020/2021,Male,all,NABTEB,University,ward,Gaube,North Central,Federal Capital Territory,Kuje,Gaube,,68,67,42,12,13,0,1,25,30,0
2020/2021,Male,all,NABTEB,University,ward,Gudun Karya,North Central,Federal Capital Territory,Kuje,Gudun Karya,,65,64,39,12,13,0,1,25,27,0
2020/2021,Male,all,NABTEB,University,ward,Ashara,North Central,Federal Capital Territory,Kwali,Ashara,,147,145,90,29,25,4,2,55,61,4
2020/2021,Male,all,NABTEB,University,ward,Dafa,North Central,Federal Capital Territory,Kwali,Dafa,,335,331,199,59,49,10,4,132,140,10
2020/2021,Male,all,NABTEB,University,ward,Gumbo,North Central,Federal Capital Territory,Kwali,Gumbo,,91,90,58,24,25,0,1,32,34,0
2020/2021,Male,all,NECO,College of Education,ward,City Centre,North Central,Federal Capital Territory,Abuja Municipal Area Council,City Centre,,491,484,302,103,89,14,7,182,199,14
2020/2021,Male,all,NECO,College of Education,ward,Garki,North Central,Federal Capital Territory,Abuja Municipal Area Council,Garki,,603,594,363,107,90,17,9,231,256,17
2020/2021,Male,all,NECO,College of Education,ward,Gui,North Central,Federal Capital Territory,Abuja Municipal Area Council,Gui,,612,603,360,112,95,17,9,243,248,17
2020/2021,Male,all,NECO,College of Education,ward,Bwari Central,North Central,Federal Capital Territory,Bwari,Bwari Central,,282,278,173,56,47,9,4,105,117,9
2020/2021,Male,all,NECO,College of Education,ward,Byazhin,North Central,Federal Capital Territory,Bwari,Byazhin,,621,612,375,102,90,12,9,237,273,12
2020/2021,Male,all,NECO,College of Education,ward,Dutse Alhaji,North Central,Federal Capital Territory,Bwari,Dutse Alhaji,,397,391,236,84,71,13,6,155,152,13
2020/2021,Male,all,NECO,College of Education,ward,Dobi,North Central,Federal Capital Territory,Gwagwalada,Dobi,,168,166,92,23,19,4,2,74,69,4
2020/2021,Male,all,NECO,College of Education,ward,Gwagwalada Centre,North Central,Federal Capital Territory,Gwagwalada,Gwagwalada Centre,,458,450,289,98,85,13,8,161,191,13
2020/2021,Male,all,NECO,College of Education,ward,Chibiri,North Central,Federal Capital Territory,Kuje,Chibiri,,168,166,101,33,28,5,2,65,68,5
2020/2021,Male,all,NECO,College of Education,ward,Gaube,North Central,Federal Capital Territory,Kuje,Gaube,,495,487,311,103,90,13,8,176,208,13
2020/2021,Male,all,NECO,College of Education,ward,Ashara,North Central,Federal Capital Territory,Kwali,Ashara,,375,369,225,65,57,8,6,144,160,8
2020/2021,Male,all,NECO,College of Education,ward,Gumbo,North Central,Federal Capital Territory,Kwali,Gumbo,,172,169,104,33,28,5,3,65,71,5
2020/2021,Male,all,NECO,Polytechnic,ward,City Centre,North Central,Federal Capital Territory,Abuja Municipal Area Council,City Centre,,330,325,193,65,57,8,5,132,128,8
2020/2021,Male,all,NECO,Polytechnic,ward,Garki,North Central,Federal Capital Territory,Abuja Municipal Area Council,Garki,,251,247,153,47,38,9,4,94,106,9
2020/2021,Male,all,NECO,Polytechnic,ward,Bwari Central,North Central,Federal Capital Territory,Bwari,Bwari Central,,397,391,245,84,71,13,6,146,161,13
2020/2021,Male,all,NECO,Polytechnic,ward,Byazhin,North Central,Federal Capital Territory,Bwari,Byazhin,,238,234,147,47,43,4,4,87,100,4
2020/2021,Male,all,NECO,Polytechnic,ward,Dutse Alhaji,North Central,Federal Capital Territory,Bwari,Dutse Alhaji,,203,200,118,37,33,4,3,82,81,4
2020/2021,Male,all,NECO,Polytechnic,ward,Dobi,North Central,Federal Capital Territory,Gwagwalada,Dobi,,476,469,288,98,85,13,7,181,190,13
2020/2021,Male,all,NECO,Polytechnic,ward,Gwako,North Central,Federal Capital Territory,Gwagwalada,Gwako,,222,219,138,47,38,9,3,81,91,9
2020/2021,Male,all,NECO,Polytechnic,ward,Chibiri,North Central,Federal Capital Territory,Kuje,Chibiri,,430,424,270,79,71,8,6,154,191,8
2020/2021,Male,all,NECO,Polytechnic,ward,Gaube,North Central,Federal Capital Territory,Kuje,Gaube,,248,244,153,42,38,4,4,91,111,4
2020/2021,Male,all,NECO,Polytechnic,ward,Gudun Karya,North Central,Federal Capital Territory,Kuje,Gudun Karya,,513,506,302,93,81,12,7,204,209,12
2020/2021,Male,all,NECO,Polytechnic,ward,Ashara,North Central,Federal Capital Territory,Kwali,Ashara,,276,272,153,42,38,4,4,119,111,4
2020/2021,Male,all,NECO,Polytechnic,ward,Dafa,North Central,Federal Capital Territory,Kwali,Dafa,,164,162,92,33,28,5,2,70,59,5
2020/2021,Male,all,NECO,Polytechnic,ward,Gumbo,North Central,Federal Capital Territory,Kwali,Gumbo,,324,319,201,70,57,13,5,118,131,13
2020/2021,Male,all,NECO,University,ward,Gui,North Central,Federal Capital Territory,Abuja Municipal Area Council,Gui,,121,119,72,19,14,5,2,47,53,5
2020/2021,Male,all,NECO,University,ward,Bwari Central,North Central,Federal Capital Territory,Bwari,Bwari Central,,92,91,55,19,14,5,1,36,36,5
2020/2021,Male,all,NECO,University,ward,Dutse Alhaji,North Central,Federal Capital Territory,Bwari,Dutse Alhaji,,311,306,196,61,52,9,5,110,135,9
2020/2021,Male,all,NECO,University,ward,Dobi,North Central,Federal Capital Territory,Gwagwalada,Dobi,,241,237,147,33,28,5,4,90,114,5
2020/2021,Male,all,NECO,University,ward,Gwagwalada Centre,North Central,Federal Capital Territory,Gwagwalada,Gwagwalada Centre,,146,144,84,19,14,5,2,60,65,5
2020/2021,Male,all,NECO,University,ward,Gwako,North Central,Federal Capital Territory,Gwagwalada,Gwako,,425,418,265,94,80,14,7,153,171,14
2020/2021,Male,all,NECO,University,ward,Chibiri,North Central,Federal Capital Territory,Kuje,Chibiri,,266,262,167,51,43,8,4,95,116,8
2020/2021,Male,all,NECO,University,ward,Gaube,North Central,Federal Capital Territory,Kuje,Gaube,,111,109,66,19,14,5,2,43,47,5
2020/2021,Male,all,NECO,University,ward,Gudun Karya,North Central,Federal Capital Territory,Kuje,Gudun Karya,,108,106,61,19,19,0,2,45,42,0
2020/2021,Male,all,NECO,University,ward,Ashara,North Central,Federal Capital Territory,Kwali,Ashara,,288,284,173,56,47,9,4,111,117,9
2020/2021,Male,all,NECO,University,ward,Dafa,North Central,Federal Capital Territory,Kwali,Dafa,,646,637,380,111,95,16,9,257,269,16
2020/2021,Male,all,NECO,University,ward,Gumbo,North Central,Federal Capital Territory,Kwali,Gumbo,,155,153,101,42,38,4,2,52,59,4
2020/2021,Male,all,WAEC,College of Education,ward,City Centre,North Central,Federal Capital Territory,Abuja Municipal Area Council,City Centre,,629,620,385,142,129,13,9,235,243,13
2020/2021,Male,all,WAEC,College of Education,ward,Garki,North Central,Federal Capital Territory,Abuja Municipal Area Council,Garki,,770,759,470,156,138,18,11,289,314,18
2020/2021,Male,all,WAEC,College of Education,ward,Gui,North Central,Federal Capital Territory,Abuja Municipal Area Council,Gui,,806,794,482,164,148,16,12,312,318,16
2020/2021,Male,all,WAEC,College of Education,ward,Bwari Central,North Central,Federal Capital Territory,Bwari,Bwari Central,,355,350,213,80,71,9,5,137,133,9
2020/2021,Male,all,WAEC,College of Education,ward,Byazhin,North Central,Federal Capital Territory,Bwari,Byazhin,,809,797,475,155,143,12,12,322,320,12
2020/2021,Male,all,WAEC,College of Education,ward,Dutse Alhaji,North Central,Federal Capital Territory,Bwari,Dutse Alhaji,,515,508,311,125,114,11,7,197,186,11
2020/2021,Male,all,WAEC,College of Education,ward,Dobi,North Central,Federal Capital Territory,Gwagwalada,Dobi,,217,214,133,36,33,3,3,81,97,3
2020/2021,Male,all,WAEC,College of Education,ward,Gwagwalada Centre,North Central,Federal Capital Territory,Gwagwalada,Gwagwalada Centre,,607,598,369,138,124,14,9,229,231,14
2020/2021,Male,all,WAEC,College of Education,ward,Chibiri,North Central,Federal Capital Territory,Kuje,Chibiri,,220,217,135,49,43,6,3,82,86,6
2020/2021,Male,all,WAEC,College of Education,ward,Gaube,North Central,Federal Capital Territory,Kuje,Gaube,,676,666,398,133,124,9,10,268,265,9
2020/2021,Male,all,WAEC,College of Education,ward,Ashara,North Central,Federal Capital Territory,Kwali,Ashara,,460,453,273,93,85,8,7,180,180,8
2020/2021,Male,all,WAEC,College of Education,ward,Gumbo,North Central,Federal Capital Territory,Kwali,Gumbo,,204,201,117,40,38,2,3,84,77,2
2020/2021,Male,all,WAEC,Polytechnic,ward,City Centre,North Central,Federal Capital Territory,Abuja Municipal Area Council,City Centre,,378,372,223,85,76,9,6,149,138,9
2020/2021,Male,all,WAEC,Polytechnic,ward,Garki,North Central,Federal Capital Territory,Abuja Municipal Area Council,Garki,,364,359,223,62,57,5,5,136,161,5
2020/2021,Male,all,WAEC,Polytechnic,ward,Bwari Central,North Central,Federal Capital Territory,Bwari,Bwari Central,,550,542,342,124,110,14,8,200,218,14
2020/2021,Male,all,WAEC,Polytechnic,ward,Byazhin,North Central,Federal Capital Territory,Bwari,Byazhin,,349,344,213,76,67,9,5,131,137,9
2020/2021,Male,all,WAEC,Polytechnic,ward,Dutse Alhaji,North Central,Federal Capital Territory,Bwari,Dutse Alhaji,,295,291,173,58,52,6,4,118,115,6
2020/2021,Male,all,WAEC,Polytechnic,ward,Dobi,North Central,Federal Capital Territory,Gwagwalada,Dobi,,567,558,343,125,109,16,9,215,218,16
2020/2021,Male,all,WAEC,Polytechnic,ward,Gwako,North Central,Federal Capital Territory,Gwagwalada,Gwako,,306,301,181,62,57,5,5,120,119,5
2020/2021,Male,all,WAEC,Polytechnic,ward,Chibiri,North Central,Federal Capital Territory,Kuje,Chibiri,,547,539,337,116,104,12,8,202,221,12
2020/2021,Male,all,WAEC,Polytechnic,ward,Gaube,North Central,Federal Capital Territory,Kuje,Gaube,,343,338,197,62,57,5,5,141,135,5
2020/2021,Male,all,WAEC,Polytechnic,ward,Gudun Karya,North Central,Federal Capital Territory,Kuje,Gudun Karya,,677,667,402,121,114,7,10,265,281,7
2020/2021,Male,all,WAEC,Polytechnic,ward,Ashara,North Central,Federal Capital Territory,Kwali,Ashara,,393,387,223,62,57,5,6,164,161,5
2020/2021,Male,all,WAEC,Polytechnic,ward,Dafa,North Central,Federal Capital Territory,Kwali,Dafa,,243,239,141,40,38,2,4,98,101,2
2020/2021,Male,all,WAEC,Polytechnic,ward,Gumbo,North Central,Federal Capital Territory,Kwali,Gumbo,,421,415,269,103,90,13,6,146,166,13
2020/2021,Male,all,WAEC,University,ward,Gui,North Central,Federal Capital Territory,Abuja Municipal Area Council,Gui,,145,143,85,31,29,2,2,58,54,2
2020/2021,Male,all,WAEC,University,ward,Bwari Central,North Central,Federal Capital Territory,Bwari,Bwari Central,,135,133,80,31,29,2,2,53,49,2
2020/2021,Male,all,WAEC,University,ward,Dutse Alhaji,North Central,Federal Capital Territory,Bwari,Dutse Alhaji,,324,319,197,67,62,5,5,122,130,5
2020/2021,Male,all,WAEC,University,ward,Dobi,North Central,Federal Capital Territory,Gwagwalada,Dobi,,327,322,189,53,48,5,5,133,136,5
2020/2021,Male,all,WAEC,University,ward,Gwagwalada Centre,North Central,Federal Capital Territory,Gwagwalada,Gwagwalada Centre,,170,167,98,36,33,3,3,69,62,3
2020/2021,Male,all,WAEC,University,ward,Gwako,North Central,Federal Capital Territory,Gwagwalada,Gwako,,583,574,364,138,124,14,9,210,226,14
2020/2021,Male,all,WAEC,University,ward,Chibiri,North Central,Federal Capital Territory,Kuje,Chibiri,,387,381,239,76,67,9,6,142,163,9
2020/2021,Male,all,WAEC,University,ward,Gaube,North Central,Federal Capital Territory,Kuje,Gaube,,145,143,88,31,29,2,2,55,57,2
2020/2021,Male,all,WAEC,University,ward,Gudun Karya,North Central,Federal Capital Territory,Kuje,Gudun Karya,,145,143,88,27,24,3,2,55,61,3
2020/2021,Male,all,WAEC,University,ward,Ashara,North Central,Federal Capital Territory,Kwali,Ashara,,378,372,229,67,57,10,6,143,162,10
2020/2021,Male,all,WAEC,University,ward,Dafa,North Central,Federal Capital Territory,Kwali,Dafa,,757,746,452,152,137,15,11,294,300,15
2020/2021,Male,all,WAEC,University,ward,Gumbo,North Central,Federal Capital Territory,Kwali,Gumbo,,229,226,143,53,48,5,3,83,90,5
2020/2021,Male,disabled,NABTEB,College of Education,ward,City Centre,North Central,Federal Capital Territory,Abuja Municipal Area Council,City Centre,,35,35,19,18,18,0,0,16,1,0
2020/2021,Male,disabled,NABTEB,College of Education,ward,Garki,North Central,Federal Capital Territory,Abuja Municipal Area Council,Garki,,41,41,23,12,12,0,0,18,11,0
2020/2021,Male,disabled,NABTEB,College of Education,ward,Gui,North Central,Federal Capital Territory,Abuja Municipal Area Council,Gui,,44,44,27,6,6,0,0,17,21,0
2020/2021,Male,disabled,NABTEB,College of Education,ward,Bwari Central,North Central,Federal Capital Territory,Bwari,Bwari Central,,14,14,10,6,6,0,0,4,4,0
2020/2021,Male,disabled,NABTEB,College of Education,ward,Byazhin,North Central,Federal Capital Territory,Bwari,Byazhin,,40,40,19,6,6,0,0,21,13,0
2020/2021,Male,disabled,NABTEB,College of Education,ward,Dutse Alhaji,North Central,Federal Capital Territory,Bwari,Dutse Alhaji,,26,26,16,6,6,0,0,10,10,0
2020/2021,Male,disabled,NABTEB,College of Education,ward,Dobi,North Central,Federal Capital Territory,Gwagwalada,Dobi,,12,12,7,0,0,0,0,5,7,0
2020/2021,Male,disabled,NABTEB,College of Education,ward,Gwagwalada Centre,North Central,Federal Capital Territory,Gwagwalada,Gwagwalada Centre,,36,36,21,0,0,0,0,15,21,0
2020/2021,Male,disabled,NABTEB,College of Education,ward,Chibiri,North Central,Federal Capital Territory,Kuje,Chibiri,,11,11,6,6,6,0,0,5,0,0
2020/2021,Male,disabled,NABTEB,College of Education,ward,Gaube,North Central,Federal Capital Territory,Kuje,Gaube,,35,35,22,6,6,0,0,13,16,0
2020/2021,Male,disabled,NABTEB,College of Education,ward,Ashara,North Central,Federal Capital Territory,Kwali,Ashara,,29,29,16,0,0,0,0,13,16,0
2020/2021,Male,disabled,NABTEB,College of Education,ward,Gumbo,North Central,Federal Capital Territory,Kwali,Gumbo,,12,12,6,0,0,0,0,6,6,0
2020/2021,Male,disabled,NABTEB,Polytechnic,ward,City Centre,North Central,Federal Capital Territory,Abuja Municipal Area Council,City Centre,,11,11,7,0,0,0,0,4,7,0
2020/2021,Male,disabled,NABTEB,Polytechnic,ward,Garki,North Central,Federal Capital Territory,Abuja Municipal Area Council,Garki,,17,17,10,6,6,0,0,7,4,0
2020/2021,Male,disabled,NABTEB,Polytechnic,ward,Bwari Central,North Central,Federal Capital Territory,Bwari,Bwari Central,,26,26,17,6,6,0,0,9,11,0
2020/2021,Male,disabled,NABTEB,Polytechnic,ward,Byazhin,North Central,Federal Capital Territory,Bwari,Byazhin,,12,12,7,6,6,0,0,5,1,0
2020/2021,Male,disabled,NABTEB,Polytechnic,ward,Dutse Alhaji,North Central,Federal Capital Territory,Bwari,Dutse Alhaji,,12,12,6,0,0,0,0,6,6,0
2020/2021,Male,disabled,NABTEB,Polytechnic,ward,Dobi,North Central,Federal Capital Territory,Gwagwalada,Dobi,,29,29,17,6,6,0,0,12,11,0
2020/2021,Male,disabled,NABTEB,Polytechnic,ward,Gwako,North Central,Federal Capital Territory,Gwagwalada,Gwako,,12,12,6,0,0,0,0,6,6,0
2020/2021,Male,disabled,NABTEB,Polytechnic,ward,Chibiri,North Central,Federal Capital Territory,Kuje,Chibiri,,28,28,20,12,12,0,0,8,8,0
2020/2021,Male,disabled,NABTEB,Polytechnic,ward,Gaube,North Central,Federal Capital Territory,Kuje,Gaube,,17,17,10,6,6,0,0,7,4,0
2020/2021,Male,disabled,NABTEB,Polytechnic,ward,Gudun Karya,North Central,Federal Capital Territory,Kuje,Gudun Karya,,35,35,18,0,0,0,0,17,18,0
2020/2021,Male,disabled,NABTEB,Polytechnic,ward,Ashara,North Central,Federal Capital Territory,Kwali,Ashara,,17,17,10,6,6,0,0,7,4,0
2020/2021,Male,disabled,NABTEB,Polytechnic,ward,Dafa,North Central,Federal Capital Territory,Kwali,Dafa,,12,12,6,0,0,0,0,6,6,0
2020/2021,Male,disabled,NABTEB,Polytechnic,ward,Gumbo,North Central,Federal Capital Territory,Kwali,Gumbo,,26,26,16,12,12,0,0,10,4,0
2020/2021,Male,disabled,NABTEB,University,ward,Gui,North Central,Federal Capital Territory,Abuja Municipal Area Council,Gui,,12,12,7,6,6,0,0,5,1,0
2020/2021,Male,disabled,NABTEB,University,ward,Bwari Central,North Central,Federal Capital Territory,Bwari,Bwari Central,,12,12,6,0,0,0,0,6,6,0
2020/2021,Male,disabled,NABTEB,University,ward,Dutse Alhaji,North Central,Federal Capital Territory,Bwari,Dutse Alhaji,,12,12,6,0,0,0,0,6,6,0
2020/2021,Male,disabled,NABTEB,University,ward,Dobi,North Central,Federal Capital Territory,Gwagwalada,Dobi,,14,14,7,0,0,0,0,7,7,0
2020/2021,Male,disabled,NABTEB,University,ward,Gwagwalada Centre,North Central,Federal Capital Territory,Gwagwalada,Gwagwalada Centre,,12,12,7,0,0,0,0,5,7,0
2020/2021,Male,disabled,NABTEB,University,ward,Gwako,North Central,Federal Capital Territory,Gwagwalada,Gwako,,33,33,18,12,12,0,0,15,6,0
2020/2021,Male,disabled,NABTEB,University,ward,Chibiri,North Central,Federal Capital Territory,Kuje,Chibiri,,14,14,10,6,6,0,0,4,4,0
2020/2021,Male,disabled,NABTEB,University,ward,Gaube,North Central,Federal Capital Territory,Kuje,Gaube,,12,12,6,0,0,0,0,6,6,0
2020/2021,Male,disabled,NABTEB,University,ward,Gudun Karya,North Central,Federal Capital Territory,Kuje,Gudun Karya,,12,12,6,0,0,0,0,6,6,0
2020/2021,Male,disabled,NABTEB,University,ward,Ashara,North Central,Federal Capital Territory,Kwali,Ashara,,14,14,6,0,0,0,0,8,6,0
2020/2021,Male,disabled,NABTEB,University,ward,Dafa,North Central,Federal Capital Territory,Kwali,Dafa,,38,38,18,6,6,0,0,20,12,0
2020/2021,Male,disabled,NABTEB,University,ward,Gumbo,North Central,Federal Capital Territory,Kwali,Gumbo,,12,12,6,6,6,0,0,6,0,0
2020/2021,Male,disabled,NECO,College of Education,ward,City Centre,North Central,Federal Capital Territory,Abuja Municipal Area Council,City Centre,,57,57,32,14,15,0,0,25,18,0
2020/2021,Male,disabled,NECO,College of Education,ward,Garki,North Central,Federal Capital Territory,Abuja Municipal Area Council,Garki,,59,59,35,15,15,0,0,24,20,0
2020/2021,Male,disabled,NECO,College of Education,ward,Gui,North Central,Federal Capital Territory,Abuja Municipal Area Council,Gui,,72,71,43,10,10,0,1,28,33,0
2020/2021,Male,disabled,NECO,College of Education,ward,Bwari Central,North Central,Federal Capital Territory,Bwari,Bwari Central,,31,31,20,5,5,0,0,11,15,0
2020/2021,Male,disabled,NECO,College of Education,ward,Byazhin,North Central,Federal Capital Territory,Bwari,Byazhin,,72,72,40,10,10,0,0,32,30,0
2020/2021,Male,disabled,NECO,College of Education,ward,Dutse Alhaji,North Central,Federal Capital Territory,Bwari,Dutse Alhaji,,37,37,20,10,10,0,0,17,10,0
2020/2021,Male,disabled,NECO,College of Education,ward,Dobi,North Central,Federal Capital Territory,Gwagwalada,Dobi,,16,16,9,5,5,0,0,7,4,0
2020/2021,Male,disabled,NECO,College of Education,ward,Gwagwalada Centre,North Central,Federal Capital Territory,Gwagwalada,Gwagwalada Centre,,45,45,27,15,15,0,0,18,12,0
2020/2021,Male,disabled,NECO,College of Education,ward,Chibiri,North Central,Federal Capital Territory,Kuje,Chibiri,,16,16,9,5,5,0,0,7,4,0
2020/2021,Male,disabled,NECO,College of Education,ward,Gaube,North Central,Federal Capital Territory,Kuje,Gaube,,61,60,35,14,14,0,1,25,21,0
2020/2021,Male,disabled,NECO,College of Education,ward,Ashara,North Central,Federal Capital Territory,Kwali,Ashara,,48,47,26,5,5,0,1,21,21,0
2020/2021,Male,disabled,NECO,College of Education,ward,Gumbo,North Central,Federal Capital Territory,Kwali,Gumbo,,16,16,9,5,5,0,0,7,4,0
2020/2021,Male,disabled,NECO,Polytechnic,ward,City Centre,North Central,Federal Capital Territory,Abuja Municipal Area Council,City Centre,,25,25,14,5,5,0,0,11,9,0
2020/2021,Male,disabled,NECO,Polytechnic,ward,Garki,North Central,Federal Capital Territory,Abuja Municipal Area Council,Garki,,28,28,14,5,5,0,0,14,9,0
2020/2021,Male,disabled,NECO,Polytechnic,ward,Bwari Central,North Central,Federal Capital Territory,Bwari,Bwari Central,,44,44,25,10,10,0,0,19,15,0
2020/2021,Male,disabled,NECO,Polytechnic,ward,Byazhin,North Central,Federal Capital Territory,Bwari,Byazhin,,22,22,12,5,5,0,0,10,7,0
2020/2021,Male,disabled,NECO,Polytechnic,ward,Dutse Alhaji,North Central,Federal Capital Territory,Bwari,Dutse Alhaji,,22,22,11,5,5,0,0,11,6,0
2020/2021,Male,disabled,NECO,Polytechnic,ward,Dobi,North Central,Federal Capital Territory,Gwagwalada,Dobi,,47,46,29,10,10,0,1,17,19,0
2020/2021,Male,disabled,NECO,Polytechnic,ward,Gwako,North Central,Federal Capital Territory,Gwagwalada,Gwako,,28,28,17,5,5,0,0,11,12,0
2020/2021,Male,disabled,NECO,Polytechnic,ward,Chibiri,North Central,Federal Capital Territory,Kuje,Chibiri,,50,50,29,9,10,0,0,21,20,0
2020/2021,Male,disabled,NECO,Polytechnic,ward,Gaube,North Central,Federal Capital Territory,Kuje,Gaube,,31,31,20,4,5,0,0,11,16,0
2020/2021,Male,disabled,NECO,Polytechnic,ward,Gudun Karya,North Central,Federal Capital Territory,Kuje,Gudun Karya,,66,66,38,10,10,0,0,28,28,0
2020/2021,Male,disabled,NECO,Polytechnic,ward,Ashara,North Central,Federal Capital Territory,Kwali,Ashara,,35,34,17,4,5,0,1,17,13,0
2020/2021,Male,disabled,NECO,Polytechnic,ward,Dafa,North Central,Federal Capital Territory,Kwali,Dafa,,22,22,12,5,5,0,0,10,7,0
2020/2021,Male,disabled,NECO,Polytechnic,ward,Gumbo,North Central,Federal Capital Territory,Kwali,Gumbo,,41,41,26,10,10,0,0,15,16,0
2020/2021,Male,disabled,NECO,University,ward,Gui,North Central,Federal Capital Territory,Abuja Municipal Area Council,Gui,,16,16,9,0,0,0,0,7,9,0
2020/2021,Male,disabled,NECO,University,ward,Bwari Central,North Central,Federal Capital Territory,Bwari,Bwari Central,,12,12,9,5,5,0,0,3,4,0
2020/2021,Male,disabled,NECO,University,ward,Dutse Alhaji,North Central,Federal Capital Territory,Bwari,Dutse Alhaji,,22,22,11,5,5,0,0,11,6,0
2020/2021,Male,disabled,NECO,University,ward,Dobi,North Central,Federal Capital Territory,Gwagwalada,Dobi,,28,28,17,0,0,0,0,11,17,0
2020/2021,Male,disabled,NECO,University,ward,Gwagwalada Centre,North Central,Federal Capital Territory,Gwagwalada,Gwagwalada Centre,,16,16,9,0,0,0,0,7,9,0
2020/2021,Male,disabled,NECO,University,ward,Gwako,North Central,Federal Capital Territory,Gwagwalada,Gwako,,43,43,24,10,10,0,0,19,14,0
2020/2021,Male,disabled,NECO,University,ward,Chibiri,North Central,Federal Capital Territory,Kuje,Chibiri,,22,22,14,4,5,0,0,8,10,0
2020/2021,Male,disabled,NECO,University,ward,Gaube,North Central,Federal Capital Territory,Kuje,Gaube,,13,13,6,0,0,0,0,7,6,0
2020/2021,Male,disabled,NECO,University,ward,Gudun Karya,North Central,Federal Capital Territory,Kuje,Gudun Karya,,16,16,9,5,5,0,0,7,4,0
2020/2021,Male,disabled,NECO,University,ward,Ashara,North Central,Federal Capital Territory,Kwali,Ashara,,25,25,14,5,5,0,0,11,9,0
2020/2021,Male,disabled,NECO,University,ward,Dafa,North Central,Federal Capital Territory,Kwali,Dafa,,60,60,32,9,10,0,0,28,23,0
2020/2021,Male,disabled,NECO,University,ward,Gumbo,North Central,Federal Capital Territory,Kwali,Gumbo,,12,12,6,5,5,0,0,6,1,0
2020/2021,Male,disabled,WAEC,College of Education,ward,City Centre,North Central,Federal Capital Territory,Abuja Municipal Area Council,City Centre,,79,78,47,17,19,0,1,31,30,0
2020/2021,Male,disabled,WAEC,College of Education,ward,Garki,North Central,Federal Capital Territory,Abuja Municipal Area Council,Garki,,82,81,45,13,15,0,1,36,32,0
2020/2021,Male,disabled,WAEC,College of Education,ward,Gui,North Central,Federal Capital Territory,Abuja Municipal Area Council,Gui,,88,87,48,19,19,0,1,39,29,0
2020/2021,Male,disabled,WAEC,College of Education,ward,Bwari Central,North Central,Federal Capital Territory,Bwari,Bwari Central,,38,37,21,5,5,0,1,16,16,0
2020/2021,Male,disabled,WAEC,College of Education,ward,Byazhin,North Central,Federal Capital Territory,Bwari,Byazhin,,107,105,61,14,15,0,2,44,47,0
2020/2021,Male,disabled,WAEC,College of Education,ward,Dutse Alhaji,North Central,Federal Capital Territory,Bwari,Dutse Alhaji,,50,49,32,14,14,0,1,17,18,0
2020/2021,Male,disabled,WAEC,College of Education,ward,Dobi,North Central,Federal Capital Territory,Gwagwalada,Dobi,,19,19,11,5,5,0,0,8,6,0
2020/2021,Male,disabled,WAEC,College of Education,ward,Gwagwalada Centre,North Central,Federal Capital Territory,Gwagwalada,Gwagwalada Centre,,62,62,37,15,15,0,0,25,22,0
2020/2021,Male,disabled,WAEC,College of Education,ward,Chibiri,North Central,Federal Capital Territory,Kuje,Chibiri,,15,15,11,4,5,0,0,4,7,0
2020/2021,Male,disabled,WAEC,College of Education,ward,Gaube,North Central,Federal Capital Territory,Kuje,Gaube,,82,81,47,13,14,0,1,34,34,0
2020/2021,Male,disabled,WAEC,College of Education,ward,Ashara,North Central,Federal Capital Territory,Kwali,Ashara,,56,55,32,13,14,0,1,23,19,0
2020/2021,Male,disabled,WAEC,College of Education,ward,Gumbo,North Central,Federal Capital Territory,Kwali,Gumbo,,15,15,8,4,5,0,0,7,4,0
2020/2021,Male,disabled,WAEC,Polytechnic,ward,City Centre,North Central,Federal Capital Territory,Abuja Municipal Area Council,City Centre,,31,31,16,4,5,0,0,15,12,0
2020/2021,Male,disabled,WAEC,Polytechnic,ward,Garki,North Central,Federal Capital Territory,Abuja Municipal Area Council,Garki,,44,43,24,4,5,0,1,19,20,0
2020/2021,Male,disabled,WAEC,Polytechnic,ward,Bwari Central,North Central,Federal Capital Territory,Bwari,Bwari Central,,63,62,37,10,10,0,1,25,27,0
2020/2021,Male,disabled,WAEC,Polytechnic,ward,Byazhin,North Central,Federal Capital Territory,Bwari,Byazhin,,28,28,16,5,5,0,0,12,11,0
2020/2021,Male,disabled,WAEC,Polytechnic,ward,Dutse Alhaji,North Central,Federal Capital Territory,Bwari,Dutse Alhaji,,31,31,19,5,5,0,0,12,14,0
2020/2021,Male,disabled,WAEC,Polytechnic,ward,Dobi,North Central,Federal Capital Territory,Gwagwalada,Dobi,,63,62,35,14,14,0,1,27,21,0
2020/2021,Male,disabled,WAEC,Polytechnic,ward,Gwako,North Central,Federal Capital Territory,Gwagwalada,Gwako,,38,37,21,4,5,0,1,16,17,0
2020/2021,Male,disabled,WAEC,Polytechnic,ward,Chibiri,North Central,Federal Capital Territory,Kuje,Chibiri,,69,68,40,8,10,0,1,28,32,0
2020/2021,Male,disabled,WAEC,Polytechnic,ward,Gaube,North Central,Federal Capital Territory,Kuje,Gaube,,47,46,27,9,9,0,1,19,18,0
2020/2021,Male,disabled,WAEC,Polytechnic,ward,Gudun Karya,North Central,Federal Capital Territory,Kuje,Gudun Karya,,84,84,48,12,15,0,0,36,36,0
2020/2021,Male,disabled,WAEC,Polytechnic,ward,Ashara,North Central,Federal Capital Territory,Kwali,Ashara,,44,43,24,4,5,0,1,19,20,0
2020/2021,Male,disabled,WAEC,Polytechnic,ward,Dafa,North Central,Federal Capital Territory,Kwali,Dafa,,31,31,16,4,5,0,0,15,12,0
2020/2021,Male,disabled,WAEC,Polytechnic,ward,Gumbo,North Central,Federal Capital Territory,Kwali,Gumbo,,54,53,30,8,10,0,1,23,22,0
2020/2021,Male,disabled,WAEC,University,ward,Gui,North Central,Federal Capital Territory,Abuja Municipal Area Council,Gui,,15,15,8,0,0,0,0,7,8,0
2020/2021,Male,disabled,WAEC,University,ward,Bwari Central,North Central,Federal Capital Territory,Bwari,Bwari Central,,15,15,8,5,5,0,0,7,3,0
2020/2021,Male,disabled,WAEC,University,ward,Dutse Alhaji,North Central,Federal Capital Territory,Bwari,Dutse Alhaji,,28,28,16,5,5,0,0,12,11,0
2020/2021,Male,disabled,WAEC,University,ward,Dobi,North Central,Federal Capital Territory,Gwagwalada,Dobi,,35,34,19,5,5,0,1,15,14,0
2020/2021,Male,disabled,WAEC,University,ward,Gwagwalada Centre,North Central,Federal Capital Territory,Gwagwalada,Gwagwalada Centre,,19,19,11,5,5,0,0,8,6,0
2020/2021,Male,disabled,WAEC,University,ward,Gwako,North Central,Federal Capital Territory,Gwagwalada,Gwako,,52,52,32,12,15,0,0,20,20,0
2020/2021,Male,disabled,WAEC,University,ward,Chibiri,North Central,Federal Capital Territory,Kuje,Chibiri,,38,37,21,4,5,0,1,16,17,0
2020/2021,Male,disabled,WAEC,University,ward,Gaube,North Central,Federal Capital Territory,Kuje,Gaube,,12,12,8,4,5,0,0,4,4,0
2020/2021,Male,disabled,WAEC,University,ward,Gudun Karya,North Central,Federal Capital Territory,Kuje,Gudun Karya,,19,19,11,4,5,0,0,8,7,0
2020/2021,Male,disabled,WAEC,University,ward,Ashara,North Central,Federal Capital Territory,Kwali,Ashara,,35,34,19,4,5,0,1,15,15,0
2020/2021,Male,disabled,WAEC,University,ward,Dafa,North Central,Federal Capital Territory,Kwali,Dafa,,76,75,43,12,15,0,1,32,31,0
2020/2021,Male,disabled,WAEC,University,ward,Gumbo,North Central,Federal Capital Territory,Kwali,Gumbo,,19,19,11,4,5,0,0,8,7,0
2021/2022,Female,all,NABTEB,College of Education,ward,City Centre,North Central,Federal Capital Territory,Abuja Municipal Area Council,City Centre,,243,240,152,72,71,4,3,88,80,4
2021/2022,Female,all,NABTEB,College of Education,ward,Garki,North Central,Federal Capital Territory,Abuja Municipal Area Council,Garki,,275,271,166,54,52,5,4,105,112,5
2021/2022,Female,all,NABTEB,College of Education,ward,Gui,North Central,Federal Capital Territory,Abuja Municipal Area Council,Gui,,333,329,200,72,71,5,4,129,128,5
2021/2022,Female,all,NABTEB,College of Education,ward,Bwari Central,North Central,Federal Capital Territory,Bwari,Bwari Central,,145,143,95,37,32,5,2,48,58,5
2021/2022,Female,all,NABTEB,College of Education,ward,Byazhin,North Central,Federal Capital Territory,Bwari,Byazhin,,346,341,200,67,58,10,5,141,133,10
2021/2022,Female,all,NABTEB,College of Education,ward,Dutse Alhaji,North Central,Federal Capital Territory,Bwari,Dutse Alhaji,,186,183,118,48,45,4,3,65,70,4
2021/2022,Female,all,NABTEB,College of Education,ward,Dobi,North Central,Federal Capital Territory,Gwagwalada,Dobi,,86,85,51,12,13,0,1,34,39,0
2021/2022,Female,all,NABTEB,College of Education,ward,Gwagwalada Centre,North Central,Federal Capital Territory,Gwagwalada,Gwagwalada Centre,,260,256,159,66,71,0,4,97,93,0
2021/2022,Female,all,NABTEB,College of Education,ward,Chibiri,North Central,Federal Capital Territory,Kuje,Chibiri,,80,79,47,18,19,0,1,32,29,0
2021/2022,Female,all,NABTEB,College of Education,ward,Gaube,North Central,Federal Capital Territory,Kuje,Gaube,,263,259,163,61,51,10,4,96,102,10
2021/2022,Female,all,NABTEB,College of Education,ward,Ashara,North Central,Federal Capital Territory,Kwali,Ashara,,222,219,125,48,45,4,3,94,77,4
2021/2022,Female,all,NABTEB,College of Education,ward,Gumbo,North Central,Federal Capital Territory,Kwali,Gumbo,,103,101,61,18,13,5,2,40,43,5
2021/2022,Female,all,NABTEB,Polytechnic,ward,City Centre,North Central,Federal Capital Territory,Abuja Municipal Area Council,City Centre,,127,125,78,37,32,5,2,47,41,5
2021/2022,Female,all,NABTEB,Polytechnic,ward,Garki,North Central,Federal Capital Territory,Abuja Municipal Area Council,Garki,,142,140,88,31,26,5,2,52,57,5
2021/2022,Female,all,NABTEB,Polytechnic,ward,Bwari Central,North Central,Federal Capital Territory,Bwari,Bwari Central,,207,204,136,67,58,9,3,68,69,9
2021/2022,Female,all,NABTEB,Polytechnic,ward,Byazhin,North Central,Federal Capital Territory,Bwari,Byazhin,,133,131,85,30,26,4,2,46,55,4
2021/2022,Female,all,NABTEB,Polytechnic,ward,Dutse Alhaji,North Central,Federal Capital Territory,Bwari,Dutse Alhaji,,106,104,64,24,19,5,2,40,40,5
2021/2022,Female,all,NABTEB,Polytechnic,ward,Dobi,North Central,Federal Capital Territory,Gwagwalada,Dobi,,204,201,129,54,52,4,3,72,75,4
2021/2022,Female,all,NABTEB,Polytechnic,ward,Gwako,North Central,Federal Capital Territory,Gwagwalada,Gwako,,133,131,81,30,26,4,2,50,51,4
2021/2022,Female,all,NABTEB,Polytechnic,ward,Chibiri,North Central,Federal Capital Territory,Kuje,Chibiri,,212,208,136,48,38,10,4,72,88,10
2021/2022,Female,all,NABTEB,Polytechnic,ward,Gaube,North Central,Federal Capital Territory,Kuje,Gaube,,118,116,68,24,19,5,2,48,44,5
2021/2022,Female,all,NABTEB,Polytechnic,ward,Gudun Karya,North Central,Federal Capital Territory,Kuje,Gudun Karya,,225,222,136,48,51,0,3,86,88,0
2021/2022,Female,all,NABTEB,Polytechnic,ward,Ashara,North Central,Federal Capital Territory,Kwali,Ashara,,142,140,81,24,19,5,2,59,57,5
2021/2022,Female,all,NABTEB,Polytechnic,ward,Dafa,North Central,Federal Capital Territory,Kwali,Dafa,,103,101,61,24,26,0,2,40,37,0
2021/2022,Female,all,NABTEB,Polytechnic,ward,Gumbo,North Central,Federal Capital Territory,Kwali,Gumbo,,174,171,108,48,45,4,3,63,60,4
2021/2022,Female,all,NABTEB,University,ward,Gui,North Central,Federal Capital Territory,Abuja Municipal Area Council,Gui,,62,61,37,18,19,0,1,24,19,0
2021/2022,Female,all,NABTEB,University,ward,Bwari Central,North Central,Federal Capital Territory,Bwari,Bwari Central,,56,55,31,12,13,0,1,24,19,0
2021/2022,Female,all,NABTEB,University,ward,Dutse Alhaji,North Central,Federal Capital Territory,Bwari,Dutse Alhaji,,160,158,98,43,38,5,2,60,55,5
2021/2022,Female,all,NABTEB,University,ward,Dobi,North Central,Federal Capital Territory,Gwagwalada,Dobi,,133,131,75,30,26,4,2,56,45,4
2021/2022,Female,all,NABTEB,University,ward,Gwagwalada Centre,North Central,Federal Capital Territory,Gwagwalada,Gwagwalada Centre,,86,85,54,18,13,5,1,31,36,5
2021/2022,Female,all,NABTEB,University,ward,Gwako,North Central,Federal Capital Territory,Gwagwalada,Gwako,,243,240,156,66,58,9,3,84,90,9
2021/2022,Female,all,NABTEB,University,ward,Chibiri,North Central,Federal Capital Territory,Kuje,Chibiri,,130,128,81,30,26,4,2,47,51,4
2021/2022,Female,all,NABTEB,University,ward,Gaube,North Central,Federal Capital Territory,Kuje,Gaube,,68,67,37,18,19,0,1,30,19,0
2021/2022,Female,all,NABTEB,University,ward,Gudun Karya,North Central,Federal Capital Territory,Kuje,Gudun Karya,,65,64,37,12,13,0,1,27,25,0
2021/2022,Female,all,NABTEB,University,ward,Ashara,North Central,Federal Capital Territory,Kwali,Ashara,,133,131,78,30,26,4,2,53,48,4
2021/2022,Female,all,NABTEB,University,ward,Dafa,North Central,Federal Capital Territory,Kwali,Dafa,,325,320,204,60,52,9,5,116,144,9
2021/2022,Female,all,NABTEB,University,ward,Gumbo,North Central,Federal Capital Territory,Kwali,Gumbo,,99,98,61,30,26,4,1,37,31,4
2021/2022,Female,all,NECO,College of Education,ward,City Centre,North Central,Federal Capital Territory,Abuja Municipal Area Council,City Centre,,480,473,297,114,102,12,7,176,183,12
2021/2022,Female,all,NECO,College of Education,ward,Garki,North Central,Federal Capital Territory,Abuja Municipal Area Council,Garki,,549,541,324,110,93,17,8,217,214,17
2021/2022,Female,all,NECO,College of Education,ward,Gui,North Central,Federal Capital Territory,Abuja Municipal Area Council,Gui,,596,587,363,124,103,21,9,224,239,21
2021/2022,Female,all,NECO,College of Education,ward,Bwari Central,North Central,Federal Capital Territory,Bwari,Bwari Central,,254,250,158,60,52,8,4,92,98,8
2021/2022,Female,all,NECO,College of Education,ward,Byazhin,North Central,Federal Capital Territory,Bwari,Byazhin,,609,600,363,116,98,18,9,237,247,18
2021/2022,Female,all,NECO,College of Education,ward,Dutse Alhaji,North Central,Federal Capital Territory,Bwari,Dutse Alhaji,,352,347,230,83,70,13,5,117,147,13
2021/2022,Female,all,NECO,College of Education,ward,Dobi,North Central,Federal Capital Territory,Gwagwalada,Dobi,,145,143,80,28,23,5,2,63,52,5
2021/2022,Female,all,NECO,College of Education,ward,Gwagwalada Centre,North Central,Federal Capital Territory,Gwagwalada,Gwagwalada Centre,,470,463,295,110,98,12,7,168,185,12
2021/2022,Female,all,NECO,College of Education,ward,Chibiri,North Central,Federal Capital Territory,Kuje,Chibiri,,154,152,98,32,28,4,2,54,66,4
2021/2022,Female,all,NECO,College of Education,ward,Gaube,North Central,Federal Capital Territory,Kuje,Gaube,,477,470,307,115,98,17,7,163,192,17
2021/2022,Female,all,NECO,College of Education,ward,Ashara,North Central,Federal Capital Territory,Kwali,Ashara,,385,379,224,74,61,13,6,155,150,13
2021/2022,Female,all,NECO,College of Education,ward,Gumbo,North Central,Federal Capital Territory,Kwali,Gumbo,,175,172,101,32,28,4,3,71,69,4
2021/2022,Female,all,NECO,Polytechnic,ward,City Centre,North Central,Federal Capital Territory,Abuja Municipal Area Council,City Centre,,279,275,182,65,56,9,4,93,117,9
2021/2022,Female,all,NECO,Polytechnic,ward,Garki,North Central,Federal Capital Territory,Abuja Municipal Area Council,Garki,,263,259,155,51,42,9,4,104,104,9
2021/2022,Female,all,NECO,Polytechnic,ward,Bwari Central,North Central,Federal Capital Territory,Bwari,Bwari Central,,397,392,253,96,84,12,5,139,157,12
2021/2022,Female,all,NECO,Polytechnic,ward,Byazhin,North Central,Federal Capital Territory,Bwari,Byazhin,,263,259,164,55,47,8,4,95,109,8
2021/2022,Female,all,NECO,Polytechnic,ward,Dutse Alhaji,North Central,Federal Capital Territory,Bwari,Dutse Alhaji,,172,169,101,37,33,4,3,68,64,4
2021/2022,Female,all,NECO,Polytechnic,ward,Dobi,North Central,Federal Capital Territory,Gwagwalada,Dobi,,412,406,250,87,75,12,6,156,163,12
2021/2022,Female,all,NECO,Polytechnic,ward,Gwako,North Central,Federal Capital Territory,Gwagwalada,Gwako,,233,230,140,51,42,9,3,90,89,9
2021/2022,Female,all,NECO,Polytechnic,ward,Chibiri,North Central,Federal Capital Territory,Kuje,Chibiri,,437,431,274,97,79,18,6,157,177,18
2021/2022,Female,all,NECO,Polytechnic,ward,Gaube,North Central,Federal Capital Territory,Kuje,Gaube,,233,230,143,51,42,9,3,87,92,9
2021/2022,Female,all,NECO,Polytechnic,ward,Gudun Karya,North Central,Federal Capital Territory,Kuje,Gudun Karya,,414,408,255,88,75,13,6,153,167,13
2021/2022,Female,all,NECO,Polytechnic,ward,Ashara,North Central,Federal Capital Territory,Kwali,Ashara,,270,266,158,46,37,9,4,108,112,9
2021/2022,Female,all,NECO,Polytechnic,ward,Dafa,North Central,Federal Capital Territory,Kwali,Dafa,,197,194,119,37,33,4,3,75,82,4
2021/2022,Female,all,NECO,Polytechnic,ward,Gumbo,North Central,Federal Capital Territory,Kwali,Gumbo,,287,282,185,69,60,9,5,97,116,9
2021/2022,Female,all,NECO,University,ward,Gui,North Central,Federal Capital Territory,Abuja Municipal Area Council,Gui,,112,110,69,28,23,5,2,41,41,5
2021/2022,Female,all,NECO,University,ward,Bwari Central,North Central,Federal Capital Territory,Bwari,Bwari Central,,103,101,60,18,14,4,2,41,42,4
2021/2022,Female,all,NECO,University,ward,Dutse Alhaji,North Central,Federal Capital Territory,Bwari,Dutse Alhaji,,279,275,176,65,56,9,4,99,111,9
2021/2022,Female,all,NECO,University,ward,Dobi,North Central,Federal Capital Territory,Gwagwalada,Dobi,,270,266,158,41,37,4,4,108,117,4
2021/2022,Female,all,NECO,University,ward,Gwagwalada Centre,North Central,Federal Capital Territory,Gwagwalada,Gwagwalada Centre,,154,152,92,32,28,4,2,60,60,4
2021/2022,Female,all,NECO,University,ward,Gwako,North Central,Federal Capital Territory,Gwagwalada,Gwako,,437,431,283,105,88,17,6,148,178,17
2021/2022,Female,all,NECO,University,ward,Chibiri,North Central,Federal Capital Territory,Kuje,Chibiri,,263,259,161,55,47,8,4,98,106,8
2021/2022,Female,all,NECO,University,ward,Gaube,North Central,Federal Capital Territory,Kuje,Gaube,,112,110,72,28,23,5,2,38,44,5
2021/2022,Female,all,NECO,University,ward,Gudun Karya,North Central,Federal Capital Territory,Kuje,Gudun Karya,,122,120,72,23,19,4,2,48,49,4
2021/2022,Female,all,NECO,University,ward,Ashara,North Central,Federal Capital Territory,Kwali,Ashara,,227,224,137,41,37,4,3,87,96,4
2021/2022,Female,all,NECO,University,ward,Dafa,North Central,Federal Capital Territory,Kwali,Dafa,,559,551,339,105,88,17,8,212,234,17
2021/2022,Female,all,NECO,University,ward,Gumbo,North Central,Federal Capital Territory,Kwali,Gumbo,,172,169,107,41,37,4,3,62,66,4
2021/2022,Female,all,WAEC,College of Education,ward,City Centre,North Central,Federal Capital Territory,Abuja Municipal Area Council,City Centre,,579,570,362,152,140,12,9,208,210,12
2021/2022,Female,all,WAEC,College of Education,ward,Garki,North Central,Federal Capital Territory,Abuja Municipal Area Council,Garki,,755,744,458,175,164,11,11,286,283,11
2021/2022,Female,all,WAEC,College of Education,ward,Gui,North Central,Federal Capital Territory,Abuja Municipal Area Council,Gui,,820,807,504,179,160,19,13,303,325,19
2021/2022,Female,all,WAEC,College of Education,ward,Bwari Central,North Central,Federal Capital Territory,Bwari,Bwari Central,,297,293,181,65,60,5,4,112,116,5
2021/2022,Female,all,WAEC,College of Education,ward,Byazhin,North Central,Federal Capital Territory,Bwari,Byazhin,,773,761,461,162,150,12,12,300,299,12
2021/2022,Female,all,WAEC,College of Education,ward,Dutse Alhaji,North Central,Federal Capital Territory,Bwari,Dutse Alhaji,,465,458,292,120,114,6,7,166,172,6
2021/2022,Female,all,WAEC,College of Education,ward,Dobi,North Central,Federal Capital Territory,Gwagwalada,Dobi,,188,185,108,37,35,2,3,77,71,2
2021/2022,Female,all,WAEC,College of Education,ward,Gwagwalada Centre,North Central,Federal Capital Territory,Gwagwalada,Gwagwalada Centre,,652,643,399,152,139,13,9,244,247,13
2021/2022,Female,all,WAEC,College of Education,ward,Chibiri,North Central,Federal Capital Territory,Kuje,Chibiri,,217,214,136,60,55,5,3,78,76,5
2021/2022,Female,all,WAEC,College of Education,ward,Gaube,North Central,Federal Capital Territory,Kuje,Gaube,,588,580,366,143,129,14,8,214,223,14
2021/2022,Female,all,WAEC,College of Education,ward,Ashara,North Central,Federal Capital Territory,Kwali,Ashara,,591,583,368,134,124,10,8,215,234,10
2021/2022,Female,all,WAEC,College of Education,ward,Gumbo,North Central,Federal Capital Territory,Kwali,Gumbo,,230,227,133,51,45,6,3,94,82,6
2021/2022,Female,all,WAEC,Polytechnic,ward,City Centre,North Central,Federal Capital Territory,Abuja Municipal Area Council,City Centre,,364,359,227,83,74,9,5,132,144,9
2021/2022,Female,all,WAEC,Polytechnic,ward,Garki,North Central,Federal Capital Territory,Abuja Municipal Area Council,Garki,,421,415,258,88,79,9,6,157,170,9
2021/2022,Female,all,WAEC,Polytechnic,ward,Bwari Central,North Central,Federal Capital Territory,Bwari,Bwari Central,,475,468,297,125,114,11,7,171,172,11
2021/2022,Female,all,WAEC,Polytechnic,ward,Byazhin,North Central,Federal Capital Territory,Bwari,Byazhin,,361,356,221,83,74,9,5,135,138,9
2021/2022,Female,all,WAEC,Polytechnic,ward,Dutse Alhaji,North Central,Federal Capital Territory,Bwari,Dutse Alhaji,,241,237,144,60,55,5,4,93,84,5
2021/2022,Female,all,WAEC,Polytechnic,ward,Dobi,North Central,Federal Capital Territory,Gwagwalada,Dobi,,552,544,334,129,114,15,8,210,205,15
2021/2022,Female,all,WAEC,Polytechnic,ward,Gwako,North Central,Federal Capital Territory,Gwagwalada,Gwako,,344,339,224,92,84,8,5,115,132,8
2021/2022,Female,all,WAEC,Polytechnic,ward,Chibiri,North Central,Federal Capital Territory,Kuje,Chibiri,,535,527,346,139,129,10,8,181,207,10
2021/2022,Female,all,WAEC,Polytechnic,ward,Gaube,North Central,Federal Capital Territory,Kuje,Gaube,,334,329,201,74,64,10,5,128,127,10
2021/2022,Female,all,WAEC,Polytechnic,ward,Gudun Karya,North Central,Federal Capital Territory,Kuje,Gudun Karya,,592,583,360,129,120,9,9,223,231,9
2021/2022,Female,all,WAEC,Polytechnic,ward,Ashara,North Central,Federal Capital Territory,Kwali,Ashara,,405,399,238,83,79,4,6,161,155,4
2021/2022,Female,all,WAEC,Polytechnic,ward,Dafa,North Central,Federal Capital Territory,Kwali,Dafa,,261,257,159,55,50,5,4,98,104,5
2021/2022,Female,all,WAEC,Polytechnic,ward,Gumbo,North Central,Federal Capital Territory,Kwali,Gumbo,,375,369,227,97,90,7,6,142,130,7
2021/2022,Female,all,WAEC,University,ward,Gui,North Central,Federal Capital Territory,Abuja Municipal Area Council,Gui,,144,142,91,37,35,2,2,51,54,2
2021/2022,Female,all,WAEC,University,ward,Bwari Central,North Central,Federal Capital Territory,Bwari,Bwari Central,,134,132,79,28,25,3,2,53,51,3
2021/2022,Female,all,WAEC,University,ward,Dutse Alhaji,North Central,Federal Capital Territory,Bwari,Dutse Alhaji,,341,336,210,74,69,5,5,126,136,5
2021/2022,Female,all,WAEC,University,ward,Dobi,North Central,Federal Capital Territory,Gwagwalada,Dobi,,311,306,187,60,55,5,5,119,127,5
2021/2022,Female,all,WAEC,University,ward,Gwagwalada Centre,North Central,Federal Capital Territory,Gwagwalada,Gwagwalada Centre,,207,204,125,46,40,6,3,79,79,6
2021/2022,Female,all,WAEC,University,ward,Gwako,North Central,Federal Capital Territory,Gwagwalada,Gwako,,578,570,355,148,140,8,8,215,207,8
2021/2022,Female,all,WAEC,University,ward,Chibiri,North Central,Federal Capital Territory,Kuje,Chibiri,,311,306,187,69,64,5,5,119,118,5
2021/2022,Female,all,WAEC,University,ward,Gaube,North Central,Federal Capital Territory,Kuje,Gaube,,140,138,88,37,35,2,2,50,51,2
2021/2022,Female,all,WAEC,University,ward,Gudun Karya,North Central,Federal Capital Territory,Kuje,Gudun Karya,,144,142,91,37,35,2,2,51,54,2
2021/2022,Female,all,WAEC,University,ward,Ashara,North Central,Federal Capital Territory,Kwali,Ashara,,297,293,176,65,60,5,4,117,111,5
2021/2022,Female,all,WAEC,University,ward,Dafa,North Central,Federal Capital Territory,Kwali,Dafa,,792,781,473,162,145,17,11,308,311,17
2021/2022,Female,all,WAEC,University,ward,Gumbo,North Central,Federal Capital Territory,Kwali,Gumbo,,220,217,142,60,55,5,3,75,82,5
2021/2022,Female,disabled,NABTEB,College of Education,ward,City Centre,North Central,Federal Capital Territory,Abuja Municipal Area Council,City Centre,,36,36,21,18,18,0,0,15,3,0
2021/2022,Female,disabled,NABTEB,College of Education,ward,Garki,North Central,Federal Capital Territory,Abuja Municipal Area Council,Garki,,36,36,21,6,6,0,0,15,15,0
2021/2022,Female,disabled,NABTEB,College of Education,ward,Gui,North Central,Federal Capital Territory,Abuja Municipal Area Council,Gui,,42,42,24,12,13,0,0,18,12,0
2021/2022,Female,disabled,NABTEB,College of Education,ward,Bwari Central,North Central,Federal Capital Territory,Bwari,Bwari Central,,15,15,10,6,6,0,0,5,4,0
2021/2022,Female,disabled,NABTEB,College of Education,ward,Byazhin,North Central,Federal Capital Territory,Bwari,Byazhin,,42,42,24,12,12,0,0,18,12,0
2021/2022,Female,disabled,NABTEB,College of Education,ward,Dutse Alhaji,North Central,Federal Capital Territory,Bwari,Dutse Alhaji,,24,24,14,12,12,0,0,10,2,0
2021/2022,Female,disabled,NABTEB,College of Education,ward,Dobi,North Central,Federal Capital Territory,Gwagwalada,Dobi,,12,12,7,0,0,0,0,5,7,0
2021/2022,Female,disabled,NABTEB,College of Education,ward,Gwagwalada Centre,North Central,Federal Capital Territory,Gwagwalada,Gwagwalada Centre,,36,36,21,18,18,0,0,15,3,0
2021/2022,Female,disabled,NABTEB,College of Education,ward,Chibiri,North Central,Federal Capital Territory,Kuje,Chibiri,,12,12,7,6,6,0,0,5,1,0
2021/2022,Female,disabled,NABTEB,College of Education,ward,Gaube,North Central,Federal Capital Territory,Kuje,Gaube,,33,33,21,12,12,0,0,12,9,0
2021/2022,Female,disabled,NABTEB,College of Education,ward,Ashara,North Central,Federal Capital Territory,Kwali,Ashara,,33,33,17,6,6,0,0,16,11,0
2021/2022,Female,disabled,NABTEB,College of Education,ward,Gumbo,North Central,Federal Capital Territory,Kwali,Gumbo,,12,12,7,0,0,0,0,5,7,0
2021/2022,Female,disabled,NABTEB,Polytechnic,ward,City Centre,North Central,Federal Capital Territory,Abuja Municipal Area Council,City Centre,,12,12,7,6,6,0,0,5,1,0
2021/2022,Female,disabled,NABTEB,Polytechnic,ward,Garki,North Central,Federal Capital Territory,Abuja Municipal Area Council,Garki,,18,18,10,6,6,0,0,8,4,0
2021/2022,Female,disabled,NABTEB,Polytechnic,ward,Bwari Central,North Central,Federal Capital Territory,Bwari,Bwari Central,,27,27,17,12,12,0,0,10,5,0
2021/2022,Female,disabled,NABTEB,Polytechnic,ward,Byazhin,North Central,Federal Capital Territory,Bwari,Byazhin,,12,12,7,0,0,0,0,5,7,0
2021/2022,Female,disabled,NABTEB,Polytechnic,ward,Dutse Alhaji,North Central,Federal Capital Territory,Bwari,Dutse Alhaji,,12,12,7,6,7,0,0,5,1,0
2021/2022,Female,disabled,NABTEB,Polytechnic,ward,Dobi,North Central,Federal Capital Territory,Gwagwalada,Dobi,,24,24,14,12,12,0,0,10,2,0
2021/2022,Female,disabled,NABTEB,Polytechnic,ward,Gwako,North Central,Federal Capital Territory,Gwagwalada,Gwako,,15,15,10,6,6,0,0,5,4,0
2021/2022,Female,disabled,NABTEB,Polytechnic,ward,Chibiri,North Central,Federal Capital Territory,Kuje,Chibiri,,24,24,14,6,6,0,0,10,8,0
2021/2022,Female,disabled,NABTEB,Polytechnic,ward,Gaube,North Central,Federal Capital Territory,Kuje,Gaube,,15,15,7,6,6,0,0,8,1,0
2021/2022,Female,disabled,NABTEB,Polytechnic,ward,Gudun Karya,North Central,Federal Capital Territory,Kuje,Gudun Karya,,36,36,21,12,12,0,0,15,9,0
2021/2022,Female,disabled,NABTEB,Polytechnic,ward,Ashara,North Central,Federal Capital Territory,Kwali,Ashara,,15,15,10,0,0,0,0,5,10,0
2021/2022,Female,disabled,NABTEB,Polytechnic,ward,Dafa,North Central,Federal Capital Territory,Kwali,Dafa,,12,12,7,6,6,0,0,5,1,0
2021/2022,Female,disabled,NABTEB,Polytechnic,ward,Gumbo,North Central,Federal Capital Territory,Kwali,Gumbo,,27,27,17,12,12,0,0,10,5,0
2021/2022,Female,disabled,NABTEB,University,ward,Gui,North Central,Federal Capital Territory,Abuja Municipal Area Council,Gui,,12,12,7,6,7,0,0,5,1,0
2021/2022,Female,disabled,NABTEB,University,ward,Bwari Central,North Central,Federal Capital Territory,Bwari,Bwari Central,,12,12,7,6,6,0,0,5,1,0
2021/2022,Female,disabled,NABTEB,University,ward,Dutse Alhaji,North Central,Federal Capital Territory,Bwari,Dutse Alhaji,,12,12,7,6,6,0,0,5,1,0
2021/2022,Female,disabled,NABTEB,University,ward,Dobi,North Central,Federal Capital Territory,Gwagwalada,Dobi,,12,12,7,6,6,0,0,5,1,0
2021/2022,Female,disabled,NABTEB,University,ward,Gwagwalada Centre,North Central,Federal Capital Territory,Gwagwalada,Gwagwalada Centre,,12,12,7,0,0,0,0,5,7,0
2021/2022,Female,disabled,NABTEB,University,ward,Gwako,North Central,Federal Capital Territory,Gwagwalada,Gwako,,36,36,21,12,12,0,0,15,9,0
2021/2022,Female,disabled,NABTEB,University,ward,Chibiri,North Central,Federal Capital Territory,Kuje,Chibiri,,12,12,7,6,6,0,0,5,1,0
2021/2022,Female,disabled,NABTEB,University,ward,Gaube,North Central,Federal Capital Territory,Kuje,Gaube,,12,12,7,6,7,0,0,5,1,0
2021/2022,Female,disabled,NABTEB,University,ward,Gudun Karya,North Central,Federal Capital Territory,Kuje,Gudun Karya,,12,12,7,0,0,0,0,5,7,0
2021/2022,Female,disabled,NABTEB,University,ward,Ashara,North Central,Federal Capital Territory,Kwali,Ashara,,12,12,7,6,6,0,0,5,1,0
2021/2022,Female,disabled,NABTEB,University,ward,Dafa,North Central,Federal Capital Territory,Kwali,Dafa,,36,36,21,6,6,0,0,15,15,0
2021/2022,Female,disabled,NABTEB,University,ward,Gumbo,North Central,Federal Capital Territory,Kwali,Gumbo,,12,12,7,6,6,0,0,5,1,0
2021/2022,Female,disabled,NECO,College of Education,ward,City Centre,North Central,Federal Capital Territory,Abuja Municipal Area Council,City Centre,,55,55,33,15,15,0,0,22,18,0
2021/2022,Female,disabled,NECO,College of Education,ward,Garki,North Central,Federal Capital Territory,Abuja Municipal Area Council,Garki,,55,55,33,15,15,0,0,22,18,0
2021/2022,Female,disabled,NECO,College of Education,ward,Gui,North Central,Federal Capital Territory,Abuja Municipal Area Council,Gui,,66,65,36,15,15,0,1,29,21,0
2021/2022,Female,disabled,NECO,College of Education,ward,Bwari Central,North Central,Federal Capital Territory,Bwari,Bwari Central,,23,23,12,5,5,0,0,11,7,0
2021/2022,Female,disabled,NECO,College of Education,ward,Byazhin,North Central,Federal Capital Territory,Bwari,Byazhin,,71,71,42,15,15,0,0,29,27,0
2021/2022,Female,disabled,NECO,College of Education,ward,Dutse Alhaji,North Central,Federal Capital Territory,Bwari,Dutse Alhaji,,36,36,24,10,10,0,0,12,14,0
2021/2022,Female,disabled,NECO,College of Education,ward,Dobi,North Central,Federal Capital Territory,Gwagwalada,Dobi,,13,13,6,5,5,0,0,7,1,0
2021/2022,Female,disabled,NECO,College of Education,ward,Gwagwalada Centre,North Central,Federal Capital Territory,Gwagwalada,Gwagwalada Centre,,45,45,27,15,15,0,0,18,12,0
2021/2022,Female,disabled,NECO,College of Education,ward,Chibiri,North Central,Federal Capital Territory,Kuje,Chibiri,,13,13,9,5,5,0,0,4,4,0
2021/2022,Female,disabled,NECO,College of Education,ward,Gaube,North Central,Federal Capital Territory,Kuje,Gaube,,53,52,33,14,14,0,1,19,19,0
2021/2022,Female,disabled,NECO,College of Education,ward,Ashara,North Central,Federal Capital Territory,Kwali,Ashara,,53,52,30,9,10,0,1,22,21,0
2021/2022,Female,disabled,NECO,College of Education,ward,Gumbo,North Central,Federal Capital Territory,Kwali,Gumbo,,13,13,6,5,5,0,0,7,1,0
2021/2022,Female,disabled,NECO,Polytechnic,ward,City Centre,North Central,Federal Capital Territory,Abuja Municipal Area Council,City Centre,,23,23,15,5,5,0,0,8,10,0
2021/2022,Female,disabled,NECO,Polytechnic,ward,Garki,North Central,Federal Capital Territory,Abuja Municipal Area Council,Garki,,29,29,18,5,5,0,0,11,13,0
2021/2022,Female,disabled,NECO,Polytechnic,ward,Bwari Central,North Central,Federal Capital Territory,Bwari,Bwari Central,,42,42,24,10,10,0,0,18,14,0
2021/2022,Female,disabled,NECO,Polytechnic,ward,Byazhin,North Central,Federal Capital Territory,Bwari,Byazhin,,23,23,12,5,5,0,0,11,7,0
2021/2022,Female,disabled,NECO,Polytechnic,ward,Dutse Alhaji,North Central,Federal Capital Territory,Bwari,Dutse Alhaji,,20,20,12,5,5,0,0,8,7,0
2021/2022,Female,disabled,NECO,Polytechnic,ward,Dobi,North Central,Federal Capital Territory,Gwagwalada,Dobi,,42,42,27,10,10,0,0,15,17,0
2021/2022,Female,disabled,NECO,Polytechnic,ward,Gwako,North Central,Federal Capital Territory,Gwagwalada,Gwako,,29,29,18,4,5,0,0,11,14,0
2021/2022,Female,disabled,NECO,Polytechnic,ward,Chibiri,North Central,Federal Capital Territory,Kuje,Chibiri,,52,52,33,9,10,0,0,19,24,0
2021/2022,Female,disabled,NECO,Polytechnic,ward,Gaube,North Central,Federal Capital Territory,Kuje,Gaube,,26,26,15,5,5,0,0,11,10,0
2021/2022,Female,disabled,NECO,Polytechnic,ward,Gudun Karya,North Central,Federal Capital Territory,Kuje,Gudun Karya,,51,51,30,15,15,0,0,21,15,0
2021/2022,Female,disabled,NECO,Polytechnic,ward,Ashara,North Central,Federal Capital Territory,Kwali,Ashara,,37,36,21,4,5,0,1,15,17,0
2021/2022,Female,disabled,NECO,Polytechnic,ward,Dafa,North Central,Federal Capital Territory,Kwali,Dafa,,26,26,15,5,5,0,0,11,10,0
2021/2022,Female,disabled,NECO,Polytechnic,ward,Gumbo,North Central,Federal Capital Territory,Kwali,Gumbo,,39,39,27,9,10,0,0,12,18,0
2021/2022,Female,disabled,NECO,University,ward,Gui,North Central,Federal Capital Territory,Abuja Municipal Area Council,Gui,,13,13,9,5,5,0,0,4,4,0
2021/2022,Female,disabled,NECO,University,ward,Bwari Central,North Central,Federal Capital Territory,Bwari,Bwari Central,,13,13,9,5,5,0,0,4,4,0
2021/2022,Female,disabled,NECO,University,ward,Dutse Alhaji,North Central,Federal Capital Territory,Bwari,Dutse Alhaji,,26,26,15,5,5,0,0,11,10,0
2021/2022,Female,disabled,NECO,University,ward,Dobi,North Central,Federal Capital Territory,Gwagwalada,Dobi,,29,29,15,5,5,0,0,14,10,0
2021/2022,Female,disabled,NECO,University,ward,Gwagwalada Centre,North Central,Federal Capital Territory,Gwagwalada,Gwagwalada Centre,,16,16,9,5,5,0,0,7,4,0
2021/2022,Female,disabled,NECO,University,ward,Gwako,North Central,Federal Capital Territory,Gwagwalada,Gwako,,42,42,24,9,10,0,0,18,15,0
2021/2022,Female,disabled,NECO,University,ward,Chibiri,North Central,Federal Capital Territory,Kuje,Chibiri,,23,23,15,4,4,0,0,8,11,0
2021/2022,Female,disabled,NECO,University,ward,Gaube,North Central,Federal Capital Territory,Kuje,Gaube,,13,13,9,5,5,0,0,4,4,0
2021/2022,Female,disabled,NECO,University,ward,Gudun Karya,North Central,Federal Capital Territory,Kuje,Gudun Karya,,16,16,9,5,5,0,0,7,4,0
2021/2022,Female,disabled,NECO,University,ward,Ashara,North Central,Federal Capital Territory,Kwali,Ashara,,23,23,12,4,5,0,0,11,8,0
2021/2022,Female,disabled,NECO,University,ward,Dafa,North Central,Federal Capital Territory,Kwali,Dafa,,55,55,30,9,10,0,0,25,21,0
2021/2022,Female,disabled,NECO,University,ward,Gumbo,North Central,Federal Capital Territory,Kwali,Gumbo,,13,13,9,5,5,0,0,4,4,0
2021/2022,Female,disabled,WAEC,College of Education,ward,City Centre,North Central,Federal Capital Territory,Abuja Municipal Area Council,City Centre,,70,70,39,14,15,0,0,31,25,0
2021/2022,Female,disabled,WAEC,College of Education,ward,Garki,North Central,Federal Capital Territory,Abuja Municipal Area Council,Garki,,84,83,48,18,20,0,1,35,30,0
2021/2022,Female,disabled,WAEC,College of Education,ward,Gui,North Central,Federal Capital Territory,Abuja Municipal Area Council,Gui,,83,82,48,15,15,0,1,34,33,0
2021/2022,Female,disabled,WAEC,College of Education,ward,Bwari Central,North Central,Federal Capital Territory,Bwari,Bwari Central,,33,33,20,5,5,0,0,13,15,0
2021/2022,Female,disabled,WAEC,College of Education,ward,Byazhin,North Central,Federal Capital Territory,Bwari,Byazhin,,101,99,54,15,15,0,2,45,39,0
2021/2022,Female,disabled,WAEC,College of Education,ward,Dutse Alhaji,North Central,Federal Capital Territory,Bwari,Dutse Alhaji,,39,39,26,10,10,0,0,13,16,0
2021/2022,Female,disabled,WAEC,College of Education,ward,Dobi,North Central,Federal Capital Territory,Gwagwalada,Dobi,,17,17,9,5,5,0,0,8,4,0
2021/2022,Female,disabled,WAEC,College of Education,ward,Gwagwalada Centre,North Central,Federal Capital Territory,Gwagwalada,Gwagwalada Centre,,66,66,36,15,15,0,0,30,21,0
2021/2022,Female,disabled,WAEC,College of Education,ward,Chibiri,North Central,Federal Capital Territory,Kuje,Chibiri,,16,16,8,5,5,0,0,8,3,0
2021/2022,Female,disabled,WAEC,College of Education,ward,Gaube,North Central,Federal Capital Territory,Kuje,Gaube,,66,65,40,13,15,0,1,25,27,0
2021/2022,Female,disabled,WAEC,College of Education,ward,Ashara,North Central,Federal Capital Territory,Kwali,Ashara,,70,69,40,14,15,0,1,29,26,0
2021/2022,Female,disabled,WAEC,College of Education,ward,Gumbo,North Central,Federal Capital Territory,Kwali,Gumbo,,20,20,11,5,5,0,0,9,6,0
2021/2022,Female,disabled,WAEC,Polytechnic,ward,City Centre,North Central,Federal Capital Territory,Abuja Municipal Area Council,City Centre,,30,30,17,4,5,0,0,13,13,0
2021/2022,Female,disabled,WAEC,Polytechnic,ward,Garki,North Central,Federal Capital Territory,Abuja Municipal Area Council,Garki,,47,46,25,9,10,0,1,21,16,0
2021/2022,Female,disabled,WAEC,Polytechnic,ward,Bwari Central,North Central,Federal Capital Territory,Bwari,Bwari Central,,56,56,34,10,10,0,0,22,24,0
2021/2022,Female,disabled,WAEC,Polytechnic,ward,Byazhin,North Central,Federal Capital Territory,Bwari,Byazhin,,33,33,20,5,5,0,0,13,15,0
2021/2022,Female,disabled,WAEC,Polytechnic,ward,Dutse Alhaji,North Central,Federal Capital Territory,Bwari,Dutse Alhaji,,23,23,14,5,5,0,0,9,9,0
2021/2022,Female,disabled,WAEC,Polytechnic,ward,Dobi,North Central,Federal Capital Territory,Gwagwalada,Dobi,,57,56,31,10,10,0,1,25,21,0
2021/2022,Female,disabled,WAEC,Polytechnic,ward,Gwako,North Central,Federal Capital Territory,Gwagwalada,Gwako,,44,43,28,9,10,0,1,15,19,0
2021/2022,Female,disabled,WAEC,Polytechnic,ward,Chibiri,North Central,Federal Capital Territory,Kuje,Chibiri,,67,66,42,14,15,0,1,24,28,0
2021/2022,Female,disabled,WAEC,Polytechnic,ward,Gaube,North Central,Federal Capital Territory,Kuje,Gaube,,44,43,23,9,10,0,1,20,14,0
2021/2022,Female,disabled,WAEC,Polytechnic,ward,Gudun Karya,North Central,Federal Capital Territory,Kuje,Gudun Karya,,69,69,39,15,15,0,0,30,24,0
2021/2022,Female,disabled,WAEC,Polytechnic,ward,Ashara,North Central,Federal Capital Territory,Kwali,Ashara,,50,49,28,9,10,0,1,21,19,0
2021/2022,Female,disabled,WAEC,Polytechnic,ward,Dafa,North Central,Federal Capital Territory,Kwali,Dafa,,33,33,20,4,5,0,0,13,16,0
2021/2022,Female,disabled,WAEC,Polytechnic,ward,Gumbo,North Central,Federal Capital Territory,Kwali,Gumbo,,53,52,32,14,15,0,1,20,18,0
2021/2022,Female,disabled,WAEC,University,ward,Gui,North Central,Federal Capital Territory,Abuja Municipal Area Council,Gui,,17,17,8,5,5,0,0,9,3,0
2021/2022,Female,disabled,WAEC,University,ward,Bwari Central,North Central,Federal Capital Territory,Bwari,Bwari Central,,13,13,9,5,5,0,0,4,4,0
2021/2022,Female,disabled,WAEC,University,ward,Dutse Alhaji,North Central,Federal Capital Territory,Bwari,Dutse Alhaji,,26,26,14,5,5,0,0,12,9,0
2021/2022,Female,disabled,WAEC,University,ward,Dobi,North Central,Federal Capital Territory,Gwagwalada,Dobi,,33,33,17,5,5,0,0,16,12,0
2021/2022,Female,disabled,WAEC,University,ward,Gwagwalada Centre,North Central,Federal Capital Territory,Gwagwalada,Gwagwalada Centre,,23,23,11,5,5,0,0,12,6,0
2021/2022,Female,disabled,WAEC,University,ward,Gwako,North Central,Federal Capital Territory,Gwagwalada,Gwako,,53,53,30,14,15,0,0,23,16,0
2021/2022,Female,disabled,WAEC,University,ward,Chibiri,North Central,Federal Capital Territory,Kuje,Chibiri,,30,30,17,4,5,0,0,13,13,0
2021/2022,Female,disabled,WAEC,University,ward,Gaube,North Central,Federal Capital Territory,Kuje,Gaube,,13,13,8,4,5,0,0,5,4,0
2021/2022,Female,disabled,WAEC,University,ward,Gudun Karya,North Central,Federal Capital Territory,Kuje,Gudun Karya,,20,20,11,4,5,0,0,9,7,0
2021/2022,Female,disabled,WAEC,University,ward,Ashara,North Central,Federal Capital Territory,Kwali,Ashara,,26,26,17,5,5,0,0,9,12,0
2021/2022,Female,disabled,WAEC,University,ward,Dafa,North Central,Federal Capital Territory,Kwali,Dafa,,72,72,39,14,15,0,0,33,25,0
2021/2022,Female,disabled,WAEC,University,ward,Gumbo,North Central,Federal Capital Territory,Kwali,Gumbo,,20,20,11,5,5,0,0,9,6,0
2021/2022,Male,all,NABTEB,College of Education,ward,City Centre,North Central,Federal Capital Territory,Abuja Municipal Area Council,City Centre,,272,268,172,72,64,9,4,96,100,9
2021/2022,Male,all,NABTEB,College of Education,ward,Garki,North Central,Federal Capital Territory,Abuja Municipal Area Council,Garki,,327,323,190,60,51,9,4,133,130,9
2021/2022,Male,all,NABTEB,College of Education,ward,Gui,North Central,Federal Capital Territory,Abuja Municipal Area Council,Gui,,337,332,207,67,58,10,5,125,140,10
2021/2022,Male,all,NABTEB,College of Education,ward,Bwari Central,North Central,Federal Capital Territory,Bwari,Bwari Central,,160,158,109,37,32,5,2,49,72,5
2021/2022,Male,all,NABTEB,College of Education,ward,Byazhin,North Central,Federal Capital Territory,Bwari,Byazhin,,340,335,218,60,58,5,5,117,158,5
2021/2022,Male,all,NABTEB,College of Education,ward,Dutse Alhaji,North Central,Federal Capital Territory,Bwari,Dutse Alhaji,,216,213,135,48,45,4,3,78,87,4
2021/2022,Male,all,NABTEB,College of Education,ward,Dobi,North Central,Federal Capital Territory,Gwagwalada,Dobi,,92,91,51,12,13,0,1,40,39,0
2021/2022,Male,all,NABTEB,College of Education,ward,Gwagwalada Centre,North Central,Federal Capital Territory,Gwagwalada,Gwagwalada Centre,,269,265,166,60,52,9,4,99,106,9
2021/2022,Male,all,NABTEB,College of Education,ward,Chibiri,North Central,Federal Capital Territory,Kuje,Chibiri,,92,91,58,24,19,5,1,33,34,5
2021/2022,Male,all,NABTEB,College of Education,ward,Gaube,North Central,Federal Capital Territory,Kuje,Gaube,,278,274,170,55,51,5,4,104,115,5
2021/2022,Male,all,NABTEB,College of Education,ward,Ashara,North Central,Federal Capital Territory,Kwali,Ashara,,219,216,136,30,26,5,3,80,106,5
2021/2022,Male,all,NABTEB,College of Education,ward,Gumbo,North Central,Federal Capital Territory,Kwali,Gumbo,,95,94,54,12,13,0,1,40,42,0
2021/2022,Male,all,NABTEB,Polytechnic,ward,City Centre,North Central,Federal Capital Territory,Abuja Municipal Area Council,City Centre,,151,149,92,37,32,5,2,57,55,5
2021/2022,Male,all,NABTEB,Polytechnic,ward,Garki,North Central,Federal Capital Territory,Abuja Municipal Area Council,Garki,,133,131,78,18,19,0,2,53,60,0
2021/2022,Male,all,NABTEB,Polytechnic,ward,Bwari Central,North Central,Federal Capital Territory,Bwari,Bwari Central,,226,223,142,54,52,4,3,81,88,4
2021/2022,Male,all,NABTEB,Polytechnic,ward,Byazhin,North Central,Federal Capital Territory,Bwari,Byazhin,,124,122,81,24,19,5,2,41,57,5
2021/2022,Male,all,NABTEB,Polytechnic,ward,Dutse Alhaji,North Central,Federal Capital Territory,Bwari,Dutse Alhaji,,127,125,78,30,26,4,2,47,48,4
2021/2022,Male,all,NABTEB,Polytechnic,ward,Dobi,North Central,Federal Capital Territory,Gwagwalada,Dobi,,234,231,142,49,45,5,3,89,93,5
2021/2022,Male,all,NABTEB,Polytechnic,ward,Gwako,North Central,Federal Capital Territory,Gwagwalada,Gwako,,133,131,81,30,26,4,2,50,51,4
2021/2022,Male,all,NABTEB,Polytechnic,ward,Chibiri,North Central,Federal Capital Territory,Kuje,Chibiri,,226,223,136,48,38,10,3,87,88,10
2021/2022,Male,all,NABTEB,Polytechnic,ward,Gaube,North Central,Federal Capital Territory,Kuje,Gaube,,124,122,71,18,13,5,2,51,53,5
2021/2022,Male,all,NABTEB,Polytechnic,ward,Gudun Karya,North Central,Federal Capital Territory,Kuje,Gudun Karya,,265,262,159,36,39,0,3,103,123,0
2021/2022,Male,all,NABTEB,Polytechnic,ward,Ashara,North Central,Federal Capital Territory,Kwali,Ashara,,163,161,95,30,26,4,2,66,65,4
2021/2022,Male,all,NABTEB,Polytechnic,ward,Dafa,North Central,Federal Capital Territory,Kwali,Dafa,,103,101,64,18,13,5,2,37,46,5
2021/2022,Male,all,NABTEB,Polytechnic,ward,Gumbo,North Central,Federal Capital Territory,Kwali,Gumbo,,198,195,119,48,45,4,3,76,71,4
2021/2022,Male,all,NABTEB,University,ward,Gui,North Central,Federal Capital Territory,Abuja Municipal Area Council,Gui,,65,64,37,12,13,0,1,27,25,0
2021/2022,Male,all,NABTEB,University,ward,Bwari Central,North Central,Federal Capital Territory,Bwari,Bwari Central,,59,58,34,12,13,0,1,24,22,0
2021/2022,Male,all,NABTEB,University,ward,Dutse Alhaji,North Central,Federal Capital Territory,Bwari,Dutse Alhaji,,145,143,95,37,32,5,2,48,58,5
2021/2022,Male,all,NABTEB,University,ward,Dobi,North Central,Federal Capital Territory,Gwagwalada,Dobi,,139,137,81,18,13,5,2,56,63,5
2021/2022,Male,all,NABTEB,University,ward,Gwagwalada Centre,North Central,Federal Capital Territory,Gwagwalada,Gwagwalada Centre,,83,82,51,12,13,0,1,31,39,0
2021/2022,Male,all,NABTEB,University,ward,Gwako,North Central,Federal Capital Territory,Gwagwalada,Gwako,,268,265,176,66,58,9,3,89,110,9
2021/2022,Male,all,NABTEB,University,ward,Chibiri,North Central,Federal Capital Territory,Kuje,Chibiri,,145,143,88,24,19,5,2,55,64,5
2021/2022,Male,all,NABTEB,University,ward,Gaube,North Central,Federal Capital Territory,Kuje,Gaube,,68,67,41,12,13,0,1,26,29,0
2021/2022,Male,all,NABTEB,University,ward,Gudun Karya,North Central,Federal Capital Territory,Kuje,Gudun Karya,,71,70,41,18,19,0,1,29,23,0
2021/2022,Male,all,NABTEB,University,ward,Ashara,North Central,Federal Capital Territory,Kwali,Ashara,,145,143,92,37,32,5,2,51,55,5
2021/2022,Male,all,NABTEB,University,ward,Dafa,North Central,Federal Capital Territory,Kwali,Dafa,,346,341,207,72,65,8,5,134,135,8
2021/2022,Male,all,NABTEB,University,ward,Gumbo,North Central,Federal Capital Territory,Kwali,Gumbo,,103,101,68,30,26,4,2,33,38,4
2021/2022,Male,all,NECO,College of Education,ward,City Centre,North Central,Federal Capital Territory,Abuja Municipal Area Council,City Centre,,524,516,333,120,108,12,8,183,213,12
2021/2022,Male,all,NECO,College of Education,ward,Garki,North Central,Federal Capital Territory,Abuja Municipal Area Council,Garki,,632,622,382,115,98,17,10,240,267,17
2021/2022,Male,all,NECO,College of Education,ward,Gui,North Central,Federal Capital Territory,Abuja Municipal Area Council,Gui,,602,593,355,105,93,12,9,238,250,12
2021/2022,Male,all,NECO,College of Education,ward,Bwari Central,North Central,Federal Capital Territory,Bwari,Bwari Central,,279,275,164,51,42,9,4,111,113,9
2021/2022,Male,all,NECO,College of Education,ward,Byazhin,North Central,Federal Capital Territory,Bwari,Byazhin,,612,603,366,105,93,12,9,237,261,12
2021/2022,Male,all,NECO,College of Education,ward,Dutse Alhaji,North Central,Federal Capital Territory,Bwari,Dutse Alhaji,,424,418,260,88,75,13,6,158,172,13
2021/2022,Male,all,NECO,College of Education,ward,Dobi,North Central,Federal Capital Territory,Gwagwalada,Dobi,,188,185,107,32,28,4,3,78,75,4
2021/2022,Male,all,NECO,College of Education,ward,Gwagwalada Centre,North Central,Federal Capital Territory,Gwagwalada,Gwagwalada Centre,,471,464,295,101,89,12,7,169,194,12
2021/2022,Male,all,NECO,College of Education,ward,Chibiri,North Central,Federal Capital Territory,Kuje,Chibiri,,167,165,104,32,28,4,2,61,72,4
2021/2022,Male,all,NECO,College of Education,ward,Gaube,North Central,Federal Capital Territory,Kuje,Gaube,,520,512,322,111,99,12,8,190,211,12
2021/2022,Male,all,NECO,College of Education,ward,Ashara,North Central,Federal Capital Territory,Kwali,Ashara,,395,389,236,69,61,8,6,153,167,8
2021/2022,Male,all,NECO,College of Education,ward,Gumbo,North Central,Federal Capital Territory,Kwali,Gumbo,,178,175,107,28,23,5,3,68,79,5
2021/2022,Male,all,NECO,Polytechnic,ward,City Centre,North Central,Federal Capital Territory,Abuja Municipal Area Council,City Centre,,316,311,200,69,56,13,5,111,131,13
2021/2022,Male,all,NECO,Polytechnic,ward,Garki,North Central,Federal Capital Territory,Abuja Municipal Area Council,Garki,,283,279,167,46,37,9,4,112,121,9
2021/2022,Male,all,NECO,Polytechnic,ward,Bwari Central,North Central,Federal Capital Territory,Bwari,Bwari Central,,441,434,274,101,89,12,7,160,173,12
2021/2022,Male,all,NECO,Polytechnic,ward,Byazhin,North Central,Federal Capital Territory,Bwari,Byazhin,,254,250,158,51,42,9,4,92,107,9
2021/2022,Male,all,NECO,Polytechnic,ward,Dutse Alhaji,North Central,Federal Capital Territory,Bwari,Dutse Alhaji,,207,204,122,41,37,4,3,82,81,4
2021/2022,Male,all,NECO,Polytechnic,ward,Dobi,North Central,Federal Capital Territory,Gwagwalada,Dobi,,477,470,289,102,84,18,7,181,187,18
2021/2022,Male,all,NECO,Polytechnic,ward,Gwako,North Central,Federal Capital Territory,Gwagwalada,Gwako,,227,224,140,46,42,4,3,84,94,4
2021/2022,Male,all,NECO,Polytechnic,ward,Chibiri,North Central,Federal Capital Territory,Kuje,Chibiri,,459,453,289,87,79,8,6,164,202,8
2021/2022,Male,all,NECO,Polytechnic,ward,Gaube,North Central,Federal Capital Territory,Kuje,Gaube,,260,256,158,46,37,9,4,98,112,9
2021/2022,Male,all,NECO,Polytechnic,ward,Gudun Karya,North Central,Federal Capital Territory,Kuje,Gudun Karya,,499,492,306,88,75,13,7,186,218,13
2021/2022,Male,all,NECO,Polytechnic,ward,Ashara,North Central,Federal Capital Territory,Kwali,Ashara,,302,298,170,51,42,9,4,128,119,9
2021/2022,Male,all,NECO,Polytechnic,ward,Dafa,North Central,Federal Capital Territory,Kwali,Dafa,,210,207,128,32,28,4,3,79,96,4
2021/2022,Male,all,NECO,Polytechnic,ward,Gumbo,North Central,Federal Capital Territory,Kwali,Gumbo,,326,321,206,74,65,9,5,115,132,9
2021/2022,Male,all,NECO,University,ward,Gui,North Central,Federal Capital Territory,Abuja Municipal Area Council,Gui,,106,104,63,18,19,0,2,41,45,0
2021/2022,Male,all,NECO,University,ward,Bwari Central,North Central,Federal Capital Territory,Bwari,Bwari Central,,98,97,54,18,14,4,1,43,36,4
2021/2022,Male,all,NECO,University,ward,Dutse Alhaji,North Central,Federal Capital Territory,Bwari,Dutse Alhaji,,306,301,188,55,47,8,5,113,133,8
2021/2022,Male,all,NECO,University,ward,Dobi,North Central,Federal Capital Territory,Gwagwalada,Dobi,,263,259,158,41,37,4,4,101,117,4
2021/2022,Male,all,NECO,University,ward,Gwagwalada Centre,North Central,Federal Capital Territory,Gwagwalada,Gwagwalada Centre,,141,139,83,23,19,4,2,56,60,4
2021/2022,Male,all,NECO,University,ward,Gwako,North Central,Federal Capital Territory,Gwagwalada,Gwako,,451,444,280,97,85,12,7,164,183,12
2021/2022,Male,all,NECO,University,ward,Chibiri,North Central,Federal Capital Territory,Kuje,Chibiri,,316,311,185,65,56,9,5,126,120,9
2021/2022,Male,all,NECO,University,ward,Gaube,North Central,Federal Capital Territory,Kuje,Gaube,,132,130,83,28,23,5,2,47,55,5
2021/2022,Male,all,NECO,University,ward,Gudun Karya,North Central,Federal Capital Territory,Kuje,Gudun Karya,,109,107,69,18,19,0,2,38,51,0
2021/2022,Male,all,NECO,University,ward,Ashara,North Central,Federal Capital Territory,Kwali,Ashara,,286,282,179,51,42,9,4,103,128,9
2021/2022,Male,all,NECO,University,ward,Dafa,North Central,Federal Capital Territory,Kwali,Dafa,,648,639,387,110,93,17,9,252,277,17
2021/2022,Male,all,NECO,University,ward,Gumbo,North Central,Federal Capital Territory,Kwali,Gumbo,,172,169,101,37,33,4,3,68,64,4
2021/2022,Male,all,WAEC,College of Education,ward,City Centre,North Central,Federal Capital Territory,Abuja Municipal Area Council,City Centre,,694,683,445,166,150,16,11,238,279,16
2021/2022,Male,all,WAEC,College of Education,ward,Garki,North Central,Federal Capital Territory,Abuja Municipal Area Council,Garki,,879,866,526,171,158,13,13,340,355,13
2021/2022,Male,all,WAEC,College of Education,ward,Gui,North Central,Federal Capital Territory,Abuja Municipal Area Council,Gui,,830,817,509,172,154,18,13,308,337,18
2021/2022,Male,all,WAEC,College of Education,ward,Bwari Central,North Central,Federal Capital Territory,Bwari,Bwari Central,,344,339,215,88,79,9,5,124,127,9
2021/2022,Male,all,WAEC,College of Education,ward,Byazhin,North Central,Federal Capital Territory,Bwari,Byazhin,,786,774,471,142,130,12,12,303,329,12
2021/2022,Male,all,WAEC,College of Education,ward,Dutse Alhaji,North Central,Federal Capital Territory,Bwari,Dutse Alhaji,,545,537,335,138,124,14,8,202,197,14
2021/2022,Male,all,WAEC,College of Education,ward,Dobi,North Central,Federal Capital Territory,Gwagwalada,Dobi,,238,234,136,42,40,2,4,98,94,2
2021/2022,Male,all,WAEC,College of Education,ward,Gwagwalada Centre,North Central,Federal Capital Territory,Gwagwalada,Gwagwalada Centre,,662,652,408,143,130,13,10,244,265,13
2021/2022,Male,all,WAEC,College of Education,ward,Chibiri,North Central,Federal Capital Territory,Kuje,Chibiri,,245,241,144,55,50,5,4,97,89,5
2021/2022,Male,all,WAEC,College of Education,ward,Gaube,North Central,Federal Capital Territory,Kuje,Gaube,,609,600,379,139,129,10,9,221,240,10
2021/2022,Male,all,WAEC,College of Education,ward,Ashara,North Central,Federal Capital Territory,Kwali,Ashara,,515,508,308,97,89,8,7,200,211,8
2021/2022,Male,all,WAEC,College of Education,ward,Gumbo,North Central,Federal Capital Territory,Kwali,Gumbo,,227,224,130,42,40,2,3,94,88,2
2021/2022,Male,all,WAEC,Polytechnic,ward,City Centre,North Central,Federal Capital Territory,Abuja Municipal Area Council,City Centre,,415,409,260,102,94,8,6,149,158,8
2021/2022,Male,all,WAEC,Polytechnic,ward,Garki,North Central,Federal Capital Territory,Abuja Municipal Area Council,Garki,,382,376,218,69,64,5,6,158,149,5
2021/2022,Male,all,WAEC,Polytechnic,ward,Bwari Central,North Central,Federal Capital Territory,Bwari,Bwari Central,,596,587,377,152,134,18,9,210,225,18
2021/2022,Male,all,WAEC,Polytechnic,ward,Byazhin,North Central,Federal Capital Territory,Bwari,Byazhin,,361,356,221,69,64,5,5,135,152,5
2021/2022,Male,all,WAEC,Polytechnic,ward,Dutse Alhaji,North Central,Federal Capital Territory,Bwari,Dutse Alhaji,,284,280,181,65,55,10,4,99,116,10
2021/2022,Male,all,WAEC,Polytechnic,ward,Dobi,North Central,Federal Capital Territory,Gwagwalada,Dobi,,589,580,360,139,129,10,9,220,221,10
2021/2022,Male,all,WAEC,Polytechnic,ward,Gwako,North Central,Federal Capital Territory,Gwagwalada,Gwako,,331,326,198,74,64,10,5,128,124,10
2021/2022,Male,all,WAEC,Polytechnic,ward,Chibiri,North Central,Federal Capital Territory,Kuje,Chibiri,,599,590,376,138,128,10,9,214,238,10
2021/2022,Male,all,WAEC,Polytechnic,ward,Gaube,North Central,Federal Capital Territory,Kuje,Gaube,,378,372,227,79,74,5,6,145,148,5
2021/2022,Male,all,WAEC,Polytechnic,ward,Gudun Karya,North Central,Federal Capital Territory,Kuje,Gudun Karya,,644,635,394,120,110,10,9,241,274,10
2021/2022,Male,all,WAEC,Polytechnic,ward,Ashara,North Central,Federal Capital Territory,Kwali,Ashara,,398,392,241,69,64,5,6,151,172,5
2021/2022,Male,all,WAEC,Polytechnic,ward,Dafa,North Central,Federal Capital Territory,Kwali,Dafa,,274,270,156,46,45,1,4,114,110,1
2021/2022,Male,all,WAEC,Polytechnic,ward,Gumbo,North Central,Federal Capital Territory,Kwali,Gumbo,,438,432,283,116,109,7,6,149,167,7
2021/2022,Male,all,WAEC,University,ward,Gui,North Central,Federal Capital Territory,Abuja Municipal Area Council,Gui,,150,148,96,37,35,2,2,52,59,2
2021/2022,Male,all,WAEC,University,ward,Bwari Central,North Central,Federal Capital Territory,Bwari,Bwari Central,,144,142,88,28,25,3,2,54,60,3
2021/2022,Male,all,WAEC,University,ward,Dutse Alhaji,North Central,Federal Capital Territory,Bwari,Dutse Alhaji,,344,339,212,65,60,5,5,127,147,5
2021/2022,Male,all,WAEC,University,ward,Dobi,North Central,Federal Capital Territory,Gwagwalada,Dobi,,354,349,218,69,60,9,5,131,149,9
2021/2022,Male,all,WAEC,University,ward,Gwagwalada Centre,North Central,Federal Capital Territory,Gwagwalada,Gwagwalada Centre,,204,201,127,42,35,7,3,74,85,7
2021/2022,Male,all,WAEC,University,ward,Gwako,North Central,Federal Capital Territory,Gwagwalada,Gwako,,653,643,411,143,130,13,10,232,268,13
2021/2022,Male,all,WAEC,University,ward,Chibiri,North Central,Federal Capital Territory,Kuje,Chibiri,,418,412,255,88,79,9,6,157,167,9
2021/2022,Male,all,WAEC,University,ward,Gaube,North Central,Federal Capital Territory,Kuje,Gaube,,140,138,91,32,30,2,2,47,59,2
2021/2022,Male,all,WAEC,University,ward,Gudun Karya,North Central,Federal Capital Territory,Kuje,Gudun Karya,,147,145,88,32,30,2,2,57,56,2
2021/2022,Male,all,WAEC,University,ward,Ashara,North Central,Federal Capital Territory,Kwali,Ashara,,395,389,227,69,59,10,6,162,158,10
2021/2022,Male,all,WAEC,University,ward,Dafa,North Central,Federal Capital Territory,Kwali,Dafa,,879,866,530,171,159,12,13,336,359,12
2021/2022,Male,all,WAEC,University,ward,Gumbo,North Central,Federal Capital Territory,Kwali,Gumbo,,241,237,147,55,50,5,4,90,92,5
2021/2022,Male,disabled,NABTEB,College of Education,ward,City Centre,North Central,Federal Capital Territory,Abuja Municipal Area Council,City Centre,,36,36,21,18,19,0,0,15,3,0
2021/2022,Male,disabled,NABTEB,College of Education,ward,Garki,North Central,Federal Capital Territory,Abuja Municipal Area Council,Garki,,42,42,24,12,12,0,0,18,12,0
2021/2022,Male,disabled,NABTEB,College of Education,ward,Gui,North Central,Federal Capital Territory,Abuja Municipal Area Council,Gui,,45,45,28,12,13,0,0,17,16,0
2021/2022,Male,disabled,NABTEB,College of Education,ward,Bwari Central,North Central,Federal Capital Territory,Bwari,Bwari Central,,15,15,10,6,7,0,0,5,4,0
2021/2022,Male,disabled,NABTEB,College of Education,ward,Byazhin,North Central,Federal Capital Territory,Bwari,Byazhin,,45,45,27,6,6,0,0,18,21,0
2021/2022,Male,disabled,NABTEB,College of Education,ward,Dutse Alhaji,North Central,Federal Capital Territory,Bwari,Dutse Alhaji,,24,24,14,6,7,0,0,10,8,0
2021/2022,Male,disabled,NABTEB,College of Education,ward,Dobi,North Central,Federal Capital Territory,Gwagwalada,Dobi,,12,12,7,0,0,0,0,5,7,0
2021/2022,Male,disabled,NABTEB,College of Education,ward,Gwagwalada Centre,North Central,Federal Capital Territory,Gwagwalada,Gwagwalada Centre,,36,36,21,6,6,0,0,15,15,0
2021/2022,Male,disabled,NABTEB,College of Education,ward,Chibiri,North Central,Federal Capital Territory,Kuje,Chibiri,,12,12,7,6,6,0,0,5,1,0
2021/2022,Male,disabled,NABTEB,College of Education,ward,Gaube,North Central,Federal Capital Territory,Kuje,Gaube,,37,37,21,6,6,0,0,16,15,0
2021/2022,Male,disabled,NABTEB,College of Education,ward,Ashara,North Central,Federal Capital Territory,Kwali,Ashara,,30,30,17,0,0,0,0,13,17,0
2021/2022,Male,disabled,NABTEB,College of Education,ward,Gumbo,North Central,Federal Capital Territory,Kwali,Gumbo,,12,12,7,0,0,0,0,5,7,0
2021/2022,Male,disabled,NABTEB,Polytechnic,ward,City Centre,North Central,Federal Capital Territory,Abuja Municipal Area Council,City Centre,,12,12,7,6,6,0,0,5,1,0
2021/2022,Male,disabled,NABTEB,Polytechnic,ward,Garki,North Central,Federal Capital Territory,Abuja Municipal Area Council,Garki,,15,15,10,0,0,0,0,5,10,0
2021/2022,Male,disabled,NABTEB,Polytechnic,ward,Bwari Central,North Central,Federal Capital Territory,Bwari,Bwari Central,,27,27,17,12,12,0,0,10,5,0
2021/2022,Male,disabled,NABTEB,Polytechnic,ward,Byazhin,North Central,Federal Capital Territory,Bwari,Byazhin,,12,12,7,0,0,0,0,5,7,0
2021/2022,Male,disabled,NABTEB,Polytechnic,ward,Dutse Alhaji,North Central,Federal Capital Territory,Bwari,Dutse Alhaji,,15,15,10,6,6,0,0,5,4,0
2021/2022,Male,disabled,NABTEB,Polytechnic,ward,Dobi,North Central,Federal Capital Territory,Gwagwalada,Dobi,,30,30,17,6,6,0,0,13,11,0
2021/2022,Male,disabled,NABTEB,Polytechnic,ward,Gwako,North Central,Federal Capital Territory,Gwagwalada,Gwako,,15,15,10,6,6,0,0,5,4,0
2021/2022,Male,disabled,NABTEB,Polytechnic,ward,Chibiri,North Central,Federal Capital Territory,Kuje,Chibiri,,27,27,14,6,6,0,0,13,8,0
2021/2022,Male,disabled,NABTEB,Polytechnic,ward,Gaube,North Central,Federal Capital Territory,Kuje,Gaube,,15,15,7,0,0,0,0,8,7,0
2021/2022,Male,disabled,NABTEB,Polytechnic,ward,Gudun Karya,North Central,Federal Capital Territory,Kuje,Gudun Karya,,36,36,21,0,0,0,0,15,21,0
2021/2022,Male,disabled,NABTEB,Polytechnic,ward,Ashara,North Central,Federal Capital Territory,Kwali,Ashara,,18,18,10,6,6,0,0,8,4,0
2021/2022,Male,disabled,NABTEB,Polytechnic,ward,Dafa,North Central,Federal Capital Territory,Kwali,Dafa,,12,12,7,0,0,0,0,5,7,0
2021/2022,Male,disabled,NABTEB,Polytechnic,ward,Gumbo,North Central,Federal Capital Territory,Kwali,Gumbo,,30,30,17,12,12,0,0,13,5,0
2021/2022,Male,disabled,NABTEB,University,ward,Gui,North Central,Federal Capital Territory,Abuja Municipal Area Council,Gui,,12,12,7,0,0,0,0,5,7,0
2021/2022,Male,disabled,NABTEB,University,ward,Bwari Central,North Central,Federal Capital Territory,Bwari,Bwari Central,,12,12,7,0,0,0,0,5,7,0
2021/2022,Male,disabled,NABTEB,University,ward,Dutse Alhaji,North Central,Federal Capital Territory,Bwari,Dutse Alhaji,,12,12,7,6,6,0,0,5,1,0
2021/2022,Male,disabled,NABTEB,University,ward,Dobi,North Central,Federal Capital Territory,Gwagwalada,Dobi,,15,15,7,0,0,0,0,8,7,0
2021/2022,Male,disabled,NABTEB,University,ward,Gwagwalada Centre,North Central,Federal Capital Territory,Gwagwalada,Gwagwalada Centre,,12,12,7,0,0,0,0,5,7,0
2021/2022,Male,disabled,NABTEB,University,ward,Gwako,North Central,Federal Capital Territory,Gwagwalada,Gwako,,36,36,21,12,12,0,0,15,9,0
2021/2022,Male,disabled,NABTEB,University,ward,Chibiri,North Central,Federal Capital Territory,Kuje,Chibiri,,12,12,7,0,0,0,0,5,7,0
2021/2022,Male,disabled,NABTEB,University,ward,Gaube,North Central,Federal Capital Territory,Kuje,Gaube,,12,12,7,0,0,0,0,5,7,0
2021/2022,Male,disabled,NABTEB,University,ward,Gudun Karya,North Central,Federal Capital Territory,Kuje,Gudun Karya,,12,12,7,6,6,0,0,5,1,0
2021/2022,Male,disabled,NABTEB,University,ward,Ashara,North Central,Federal Capital Territory,Kwali,Ashara,,15,15,10,6,6,0,0,5,4,0
2021/2022,Male,disabled,NABTEB,University,ward,Dafa,North Central,Federal Capital Territory,Kwali,Dafa,,39,39,24,12,12,0,0,15,12,0
2021/2022,Male,disabled,NABTEB,University,ward,Gumbo,North Central,Federal Capital Territory,Kwali,Gumbo,,12,12,7,6,6,0,0,5,1,0
2021/2022,Male,disabled,NECO,College of Education,ward,City Centre,North Central,Federal Capital Territory,Abuja Municipal Area Council,City Centre,,64,64,39,15,15,0,0,25,24,0
2021/2022,Male,disabled,NECO,College of Education,ward,Garki,North Central,Federal Capital Territory,Abuja Municipal Area Council,Garki,,66,65,33,5,5,0,1,32,28,0
2021/2022,Male,disabled,NECO,College of Education,ward,Gui,North Central,Federal Capital Territory,Abuja Municipal Area Council,Gui,,69,68,39,15,15,0,1,29,24,0
2021/2022,Male,disabled,NECO,College of Education,ward,Bwari Central,North Central,Federal Capital Territory,Bwari,Bwari Central,,29,29,18,5,5,0,0,11,13,0
2021/2022,Male,disabled,NECO,College of Education,ward,Byazhin,North Central,Federal Capital Territory,Bwari,Byazhin,,74,74,42,15,15,0,0,32,27,0
2021/2022,Male,disabled,NECO,College of Education,ward,Dutse Alhaji,North Central,Federal Capital Territory,Bwari,Dutse Alhaji,,39,39,21,5,5,0,0,18,16,0
2021/2022,Male,disabled,NECO,College of Education,ward,Dobi,North Central,Federal Capital Territory,Gwagwalada,Dobi,,16,16,9,5,5,0,0,7,4,0
2021/2022,Male,disabled,NECO,College of Education,ward,Gwagwalada Centre,North Central,Federal Capital Territory,Gwagwalada,Gwagwalada Centre,,48,48,30,15,15,0,0,18,15,0
2021/2022,Male,disabled,NECO,College of Education,ward,Chibiri,North Central,Federal Capital Territory,Kuje,Chibiri,,13,13,9,5,5,0,0,4,4,0
2021/2022,Male,disabled,NECO,College of Education,ward,Gaube,North Central,Federal Capital Territory,Kuje,Gaube,,62,61,36,14,14,0,1,25,22,0
2021/2022,Male,disabled,NECO,College of Education,ward,Ashara,North Central,Federal Capital Territory,Kwali,Ashara,,50,49,30,9,10,0,1,19,21,0
2021/2022,Male,disabled,NECO,College of Education,ward,Gumbo,North Central,Federal Capital Territory,Kwali,Gumbo,,16,16,9,4,5,0,0,7,5,0
2021/2022,Male,disabled,NECO,Polytechnic,ward,City Centre,North Central,Federal Capital Territory,Abuja Municipal Area Council,City Centre,,26,26,15,5,5,0,0,11,10,0
2021/2022,Male,disabled,NECO,Polytechnic,ward,Garki,North Central,Federal Capital Territory,Abuja Municipal Area Council,Garki,,32,32,18,5,5,0,0,14,13,0
2021/2022,Male,disabled,NECO,Polytechnic,ward,Bwari Central,North Central,Federal Capital Territory,Bwari,Bwari Central,,45,45,27,10,10,0,0,18,17,0
2021/2022,Male,disabled,NECO,Polytechnic,ward,Byazhin,North Central,Federal Capital Territory,Bwari,Byazhin,,26,26,15,5,5,0,0,11,10,0
2021/2022,Male,disabled,NECO,Polytechnic,ward,Dutse Alhaji,North Central,Federal Capital Territory,Bwari,Dutse Alhaji,,23,23,12,5,5,0,0,11,7,0
2021/2022,Male,disabled,NECO,Polytechnic,ward,Dobi,North Central,Federal Capital Territory,Gwagwalada,Dobi,,50,49,27,10,10,0,1,22,17,0
2021/2022,Male,disabled,NECO,Polytechnic,ward,Gwako,North Central,Federal Capital Territory,Gwagwalada,Gwako,,26,26,15,4,5,0,0,11,11,0
2021/2022,Male,disabled,NECO,Polytechnic,ward,Chibiri,North Central,Federal Capital Territory,Kuje,Chibiri,,55,55,33,9,10,0,0,22,24,0
2021/2022,Male,disabled,NECO,Polytechnic,ward,Gaube,North Central,Federal Capital Territory,Kuje,Gaube,,32,32,18,5,5,0,0,14,13,0
2021/2022,Male,disabled,NECO,Polytechnic,ward,Gudun Karya,North Central,Federal Capital Territory,Kuje,Gudun Karya,,64,64,39,10,10,0,0,25,29,0
2021/2022,Male,disabled,NECO,Polytechnic,ward,Ashara,North Central,Federal Capital Territory,Kwali,Ashara,,32,32,18,4,5,0,0,14,14,0
2021/2022,Male,disabled,NECO,Polytechnic,ward,Dafa,North Central,Federal Capital Territory,Kwali,Dafa,,26,26,15,4,5,0,0,11,11,0
2021/2022,Male,disabled,NECO,Polytechnic,ward,Gumbo,North Central,Federal Capital Territory,Kwali,Gumbo,,45,45,27,10,10,0,0,18,17,0
2021/2022,Male,disabled,NECO,University,ward,Gui,North Central,Federal Capital Territory,Abuja Municipal Area Council,Gui,,13,13,9,5,5,0,0,4,4,0
2021/2022,Male,disabled,NECO,University,ward,Bwari Central,North Central,Federal Capital Territory,Bwari,Bwari Central,,13,13,6,5,5,0,0,7,1,0
2021/2022,Male,disabled,NECO,University,ward,Dutse Alhaji,North Central,Federal Capital Territory,Bwari,Dutse Alhaji,,26,26,15,5,5,0,0,11,10,0
2021/2022,Male,disabled,NECO,University,ward,Dobi,North Central,Federal Capital Territory,Gwagwalada,Dobi,,32,32,18,5,5,0,0,14,13,0
2021/2022,Male,disabled,NECO,University,ward,Gwagwalada Centre,North Central,Federal Capital Territory,Gwagwalada,Gwagwalada Centre,,16,16,9,5,5,0,0,7,4,0
2021/2022,Male,disabled,NECO,University,ward,Gwako,North Central,Federal Capital Territory,Gwagwalada,Gwako,,45,45,27,13,15,0,0,18,14,0
2021/2022,Male,disabled,NECO,University,ward,Chibiri,North Central,Federal Capital Territory,Kuje,Chibiri,,26,26,15,4,5,0,0,11,11,0
2021/2022,Male,disabled,NECO,University,ward,Gaube,North Central,Federal Capital Territory,Kuje,Gaube,,13,13,9,5,5,0,0,4,4,0
2021/2022,Male,disabled,NECO,University,ward,Gudun Karya,North Central,Federal Capital Territory,Kuje,Gudun Karya,,16,16,9,5,5,0,0,7,4,0
2021/2022,Male,disabled,NECO,University,ward,Ashara,North Central,Federal Capital Territory,Kwali,Ashara,,26,26,15,4,5,0,0,11,11,0
2021/2022,Male,disabled,NECO,University,ward,Dafa,North Central,Federal Capital Territory,Kwali,Dafa,,58,58,33,5,5,0,0,25,28,0
2021/2022,Male,disabled,NECO,University,ward,Gumbo,North Central,Federal Capital Territory,Kwali,Gumbo,,13,13,6,5,5,0,0,7,1,0
2021/2022,Male,disabled,WAEC,College of Education,ward,City Centre,North Central,Federal Capital Territory,Abuja Municipal Area Council,City Centre,,82,82,51,14,15,0,0,31,37,0
2021/2022,Male,disabled,WAEC,College of Education,ward,Garki,North Central,Federal Capital Territory,Abuja Municipal Area Council,Garki,,90,89,53,14,15,0,1,36,39,0
2021/2022,Male,disabled,WAEC,College of Education,ward,Gui,North Central,Federal Capital Territory,Abuja Municipal Area Council,Gui,,86,85,51,19,20,0,1,34,32,0
2021/2022,Male,disabled,WAEC,College of Education,ward,Bwari Central,North Central,Federal Capital Territory,Bwari,Bwari Central,,37,36,23,9,10,0,1,13,14,0
2021/2022,Male,disabled,WAEC,College of Education,ward,Byazhin,North Central,Federal Capital Territory,Bwari,Byazhin,,98,96,57,15,15,0,2,39,42,0
2021/2022,Male,disabled,WAEC,College of Education,ward,Dutse Alhaji,North Central,Federal Capital Territory,Bwari,Dutse Alhaji,,46,46,29,10,10,0,0,17,19,0
2021/2022,Male,disabled,WAEC,College of Education,ward,Dobi,North Central,Federal Capital Territory,Gwagwalada,Dobi,,20,20,11,5,5,0,0,9,6,0
2021/2022,Male,disabled,WAEC,College of Education,ward,Gwagwalada Centre,North Central,Federal Capital Territory,Gwagwalada,Gwagwalada Centre,,69,69,39,15,15,0,0,30,24,0
2021/2022,Male,disabled,WAEC,College of Education,ward,Chibiri,North Central,Federal Capital Territory,Kuje,Chibiri,,16,16,9,5,5,0,0,7,4,0
2021/2022,Male,disabled,WAEC,College of Education,ward,Gaube,North Central,Federal Capital Territory,Kuje,Gaube,,70,69,39,13,15,0,1,30,26,0
2021/2022,Male,disabled,WAEC,College of Education,ward,Ashara,North Central,Federal Capital Territory,Kwali,Ashara,,63,62,36,10,10,0,1,26,26,0
2021/2022,Male,disabled,WAEC,College of Education,ward,Gumbo,North Central,Federal Capital Territory,Kwali,Gumbo,,20,20,11,5,5,0,0,9,6,0
2021/2022,Male,disabled,WAEC,Polytechnic,ward,City Centre,North Central,Federal Capital Territory,Abuja Municipal Area Council,City Centre,,30,30,17,4,5,0,0,13,13,0
2021/2022,Male,disabled,WAEC,Polytechnic,ward,Garki,North Central,Federal Capital Territory,Abuja Municipal Area Council,Garki,,44,43,23,4,5,0,1,20,19,0
2021/2022,Male,disabled,WAEC,Polytechnic,ward,Bwari Central,North Central,Federal Capital Territory,Bwari,Bwari Central,,63,63,37,10,10,0,0,26,27,0
2021/2022,Male,disabled,WAEC,Polytechnic,ward,Byazhin,North Central,Federal Capital Territory,Bwari,Byazhin,,33,33,17,5,5,0,0,16,12,0
2021/2022,Male,disabled,WAEC,Polytechnic,ward,Dutse Alhaji,North Central,Federal Capital Territory,Bwari,Dutse Alhaji,,33,33,20,5,5,0,0,13,15,0
2021/2022,Male,disabled,WAEC,Polytechnic,ward,Dobi,North Central,Federal Capital Territory,Gwagwalada,Dobi,,67,66,39,14,15,0,1,27,25,0
2021/2022,Male,disabled,WAEC,Polytechnic,ward,Gwako,North Central,Federal Capital Territory,Gwagwalada,Gwako,,41,40,23,9,10,0,1,17,14,0
2021/2022,Male,disabled,WAEC,Polytechnic,ward,Chibiri,North Central,Federal Capital Territory,Kuje,Chibiri,,71,70,40,9,10,0,1,30,31,0
2021/2022,Male,disabled,WAEC,Polytechnic,ward,Gaube,North Central,Federal Capital Territory,Kuje,Gaube,,47,46,25,9,10,0,1,21,16,0
2021/2022,Male,disabled,WAEC,Polytechnic,ward,Gudun Karya,North Central,Federal Capital Territory,Kuje,Gudun Karya,,85,85,48,15,15,0,0,37,33,0
2021/2022,Male,disabled,WAEC,Polytechnic,ward,Ashara,North Central,Federal Capital Territory,Kwali,Ashara,,50,49,28,5,5,0,1,21,23,0
2021/2022,Male,disabled,WAEC,Polytechnic,ward,Dafa,North Central,Federal Capital Territory,Kwali,Dafa,,33,33,17,5,5,0,0,16,12,0
2021/2022,Male,disabled,WAEC,Polytechnic,ward,Gumbo,North Central,Federal Capital Territory,Kwali,Gumbo,,57,56,34,14,15,0,1,22,20,0
2021/2022,Male,disabled,WAEC,University,ward,Gui,North Central,Federal Capital Territory,Abuja Municipal Area Council,Gui,,16,16,8,5,5,0,0,8,3,0
2021/2022,Male,disabled,WAEC,University,ward,Bwari Central,North Central,Federal Capital Territory,Bwari,Bwari Central,,13,13,9,0,0,0,0,4,9,0
2021/2022,Male,disabled,WAEC,University,ward,Dutse Alhaji,North Central,Federal Capital Territory,Bwari,Dutse Alhaji,,30,30,17,5,5,0,0,13,12,0
2021/2022,Male,disabled,WAEC,University,ward,Dobi,North Central,Federal Capital Territory,Gwagwalada,Dobi,,41,40,23,5,5,0,1,17,18,0
2021/2022,Male,disabled,WAEC,University,ward,Gwagwalada Centre,North Central,Federal Capital Territory,Gwagwalada,Gwagwalada Centre,,20,20,11,5,5,0,0,9,6,0
2021/2022,Male,disabled,WAEC,University,ward,Gwako,North Central,Federal Capital Territory,Gwagwalada,Gwako,,55,55,33,14,15,0,0,22,19,0
2021/2022,Male,disabled,WAEC,University,ward,Chibiri,North Central,Federal Capital Territory,Kuje,Chibiri,,37,36,20,5,5,0,1,16,15,0
2021/2022,Male,disabled,WAEC,University,ward,Gaube,North Central,Federal Capital Territory,Kuje,Gaube,,13,13,8,4,5,0,0,5,4,0
2021/2022,Male,disabled,WAEC,University,ward,Gudun Karya,North Central,Federal Capital Territory,Kuje,Gudun Karya,,23,23,14,5,5,0,0,9,9,0
2021/2022,Male,disabled,WAEC,University,ward,Ashara,North Central,Federal Capital Territory,Kwali,Ashara,,33,33,17,5,5,0,0,16,12,0
2021/2022,Male,disabled,WAEC,University,ward,Dafa,North Central,Federal Capital Territory,Kwali,Dafa,,83,82,45,9,10,0,1,37,36,0
2021/2022,Male,disabled,WAEC,University,ward,Gumbo,North Central,Federal Capital Territory,Kwali,Gumbo,,16,16,8,5,5,0,0,8,3,0
2022/2023,Female,all,NABTEB,College of Education,ward,City Centre,North Central,Federal Capital Territory,Abuja Municipal Area Council,City Centre,,256,253,158,72,69,5,3,95,86,5
2022/2023,Female,all,NABTEB,College of Education,ward,Garki,North Central,Federal Capital Territory,Abuja Municipal Area Council,Garki,,292,288,175,61,58,5,4,113,114,5
2022/2023,Female,all,NABTEB,College of Education,ward,Gui,North Central,Federal Capital Territory,Abuja Municipal Area Council,Gui,,326,322,188,67,64,5,4,134,121,5
2022/2023,Female,all,NABTEB,College of Education,ward,Bwari Central,North Central,Federal Capital Territory,Bwari,Bwari Central,,127,125,81,39,35,4,2,44,42,4
2022/2023,Female,all,NABTEB,College of Education,ward,Byazhin,North Central,Federal Capital Territory,Bwari,Byazhin,,349,344,202,61,52,10,5,142,141,10
2022/2023,Female,all,NABTEB,College of Education,ward,Dutse Alhaji,North Central,Federal Capital Territory,Bwari,Dutse Alhaji,,196,193,118,45,40,5,3,75,73,5
2022/2023,Female,all,NABTEB,College of Education,ward,Dobi,North Central,Federal Capital Territory,Gwagwalada,Dobi,,88,87,50,11,12,0,1,37,39,0
2022/2023,Female,all,NABTEB,College of Education,ward,Gwagwalada Centre,North Central,Federal Capital Territory,Gwagwalada,Gwagwalada Centre,,253,250,155,61,54,8,3,95,94,8
2022/2023,Female,all,NABTEB,College of Education,ward,Chibiri,North Central,Federal Capital Territory,Kuje,Chibiri,,85,84,54,22,23,0,1,30,32,0
2022/2023,Female,all,NABTEB,College of Education,ward,Gaube,North Central,Federal Capital Territory,Kuje,Gaube,,253,250,152,45,41,5,3,98,107,5
2022/2023,Female,all,NABTEB,College of Education,ward,Ashara,North Central,Federal Capital Territory,Kwali,Ashara,,235,231,138,51,46,5,4,93,87,5
2022/2023,Female,all,NABTEB,College of Education,ward,Gumbo,North Central,Federal Capital Territory,Kwali,Gumbo,,98,97,61,22,18,4,1,36,39,4
2022/2023,Female,all,NABTEB,Polytechnic,ward,City Centre,North Central,Federal Capital Territory,Abuja Municipal Area Council,City Centre,,136,134,81,34,29,5,2,53,47,5
2022/2023,Female,all,NABTEB,Polytechnic,ward,Garki,North Central,Federal Capital Territory,Abuja Municipal Area Council,Garki,,167,165,101,34,29,5,2,64,67,5
2022/2023,Female,all,NABTEB,Polytechnic,ward,Bwari Central,North Central,Federal Capital Territory,Bwari,Bwari Central,,193,190,121,50,46,5,3,69,71,5
2022/2023,Female,all,NABTEB,Polytechnic,ward,Byazhin,North Central,Federal Capital Territory,Bwari,Byazhin,,142,140,81,28,23,5,2,59,53,5
2022/2023,Female,all,NABTEB,Polytechnic,ward,Dutse Alhaji,North Central,Federal Capital Territory,Bwari,Dutse Alhaji,,101,100,61,28,23,5,1,39,33,5
2022/2023,Female,all,NABTEB,Polytechnic,ward,Dobi,North Central,Federal Capital Territory,Gwagwalada,Dobi,,212,209,138,61,53,8,3,71,77,8
2022/2023,Female,all,NABTEB,Polytechnic,ward,Gwako,North Central,Federal Capital Territory,Gwagwalada,Gwako,,114,112,71,28,23,5,2,41,43,5
2022/2023,Female,all,NABTEB,Polytechnic,ward,Chibiri,North Central,Federal Capital Territory,Kuje,Chibiri,,203,200,121,50,40,10,3,79,71,10
2022/2023,Female,all,NABTEB,Polytechnic,ward,Gaube,North Central,Federal Capital Territory,Kuje,Gaube,,121,119,77,28,23,5,2,42,49,5
2022/2023,Female,all,NABTEB,Polytechnic,ward,Gudun Karya,North Central,Federal Capital Territory,Kuje,Gudun Karya,,234,231,138,50,46,5,3,93,88,5
2022/2023,Female,all,NABTEB,Polytechnic,ward,Ashara,North Central,Federal Capital Territory,Kwali,Ashara,,149,147,81,17,12,5,2,66,64,5
2022/2023,Female,all,NABTEB,Polytechnic,ward,Dafa,North Central,Federal Capital Territory,Kwali,Dafa,,124,122,74,22,17,5,2,48,52,5
2022/2023,Female,all,NABTEB,Polytechnic,ward,Gumbo,North Central,Federal Capital Territory,Kwali,Gumbo,,161,159,104,45,40,5,2,55,59,5
2022/2023,Female,all,NABTEB,University,ward,Gui,North Central,Federal Capital Territory,Abuja Municipal Area Council,Gui,,67,66,40,11,12,0,1,26,29,0
2022/2023,Female,all,NABTEB,University,ward,Bwari Central,North Central,Federal Capital Territory,Bwari,Bwari Central,,63,62,40,11,12,0,1,22,29,0
2022/2023,Female,all,NABTEB,University,ward,Dutse Alhaji,North Central,Federal Capital Territory,Bwari,Dutse Alhaji,,181,178,115,45,41,4,3,63,70,4
2022/2023,Female,all,NABTEB,University,ward,Dobi,North Central,Federal Capital Territory,Gwagwalada,Dobi,,139,137,81,28,23,5,2,56,53,5
2022/2023,Female,all,NABTEB,University,ward,Gwagwalada Centre,North Central,Federal Capital Territory,Gwagwalada,Gwagwalada Centre,,88,87,50,11,12,0,1,37,39,0
2022/2023,Female,all,NABTEB,University,ward,Gwako,North Central,Federal Capital Territory,Gwagwalada,Gwako,,250,247,151,61,58,5,3,96,90,5
2022/2023,Female,all,NABTEB,University,ward,Chibiri,North Central,Federal Capital Territory,Kuje,Chibiri,,127,125,74,28,23,5,2,51,46,5
2022/2023,Female,all,NABTEB,University,ward,Gaube,North Central,Federal Capital Territory,Kuje,Gaube,,70,69,40,17,17,0,1,29,23,0
2022/2023,Female,all,NABTEB,University,ward,Gudun Karya,North Central,Federal Capital Territory,Kuje,Gudun Karya,,67,66,40,17,17,0,1,26,23,0
2022/2023,Female,all,NABTEB,University,ward,Ashara,North Central,Federal Capital Territory,Kwali,Ashara,,133,131,81,28,23,5,2,50,53,5
2022/2023,Female,all,NABTEB,University,ward,Dafa,North Central,Federal Capital Territory,Kwali,Dafa,,332,328,192,66,69,0,4,136,126,0
2022/2023,Female,all,NABTEB,University,ward,Gumbo,North Central,Federal Capital Territory,Kwali,Gumbo,,82,81,54,22,17,5,1,27,32,5
2022/2023,Female,all,NECO,College of Education,ward,City Centre,North Central,Federal Capital Territory,Abuja Municipal Area Council,City Centre,,449,443,289,110,97,13,6,154,179,13
2022/2023,Female,all,NECO,College of Education,ward,Garki,North Central,Federal Capital Territory,Abuja Municipal Area Council,Garki,,550,542,337,106,87,19,8,205,231,19
2022/2023,Female,all,NECO,College of Education,ward,Gui,North Central,Federal Capital Territory,Abuja Municipal Area Council,Gui,,629,620,374,120,106,14,9,246,254,14
2022/2023,Female,all,NECO,College of Education,ward,Bwari Central,North Central,Federal Capital Territory,Bwari,Bwari Central,,230,227,134,51,42,9,3,93,83,9
2022/2023,Female,all,NECO,College of Education,ward,Byazhin,North Central,Federal Capital Territory,Bwari,Byazhin,,635,626,374,111,92,19,9,252,263,19
2022/2023,Female,all,NECO,College of Education,ward,Dutse Alhaji,North Central,Federal Capital Territory,Bwari,Dutse Alhaji,,361,356,234,92,79,13,5,122,142,13
2022/2023,Female,all,NECO,College of Education,ward,Dobi,North Central,Federal Capital Territory,Gwagwalada,Dobi,,151,149,88,28,23,5,2,61,60,5
2022/2023,Female,all,NECO,College of Education,ward,Gwagwalada Centre,North Central,Federal Capital Territory,Gwagwalada,Gwagwalada Centre,,467,460,284,101,87,14,7,176,183,14
2022/2023,Female,all,NECO,College of Education,ward,Chibiri,North Central,Federal Capital Territory,Kuje,Chibiri,,151,149,88,32,28,4,2,61,56,4
2022/2023,Female,all,NECO,College of Education,ward,Gaube,North Central,Federal Capital Territory,Kuje,Gaube,,440,434,264,102,88,14,6,170,162,14
2022/2023,Female,all,NECO,College of Education,ward,Ashara,North Central,Federal Capital Territory,Kwali,Ashara,,443,436,271,88,74,14,7,165,183,14
2022/2023,Female,all,NECO,College of Education,ward,Gumbo,North Central,Federal Capital Territory,Kwali,Gumbo,,179,176,100,32,28,4,3,76,68,4
2022/2023,Female,all,NECO,Polytechnic,ward,City Centre,North Central,Federal Capital Territory,Abuja Municipal Area Council,City Centre,,288,284,167,65,56,9,4,117,102,9
2022/2023,Female,all,NECO,Polytechnic,ward,Garki,North Central,Federal Capital Territory,Abuja Municipal Area Council,Garki,,288,284,164,51,42,9,4,120,113,9
2022/2023,Female,all,NECO,Polytechnic,ward,Bwari Central,North Central,Federal Capital Territory,Bwari,Bwari Central,,405,399,264,97,83,14,6,135,167,14
2022/2023,Female,all,NECO,Polytechnic,ward,Byazhin,North Central,Federal Capital Territory,Bwari,Byazhin,,285,281,167,55,46,9,4,114,112,9
2022/2023,Female,all,NECO,Polytechnic,ward,Dutse Alhaji,North Central,Federal Capital Territory,Bwari,Dutse Alhaji,,179,176,107,41,37,4,3,69,66,4
2022/2023,Female,all,NECO,Polytechnic,ward,Dobi,North Central,Federal Capital Territory,Gwagwalada,Dobi,,429,423,258,97,84,13,6,165,161,13
2022/2023,Female,all,NECO,Polytechnic,ward,Gwako,North Central,Federal Capital Territory,Gwagwalada,Gwako,,238,234,140,51,46,5,4,94,89,5
2022/2023,Female,all,NECO,Polytechnic,ward,Chibiri,North Central,Federal Capital Territory,Kuje,Chibiri,,416,410,259,92,83,9,6,151,167,9
2022/2023,Female,all,NECO,Polytechnic,ward,Gaube,North Central,Federal Capital Territory,Kuje,Gaube,,216,213,131,46,42,4,3,82,85,4
2022/2023,Female,all,NECO,Polytechnic,ward,Gudun Karya,North Central,Federal Capital Territory,Kuje,Gudun Karya,,467,460,274,93,78,15,7,186,181,15
2022/2023,Female,all,NECO,Polytechnic,ward,Ashara,North Central,Federal Capital Territory,Kwali,Ashara,,275,271,149,41,37,4,4,122,108,4
2022/2023,Female,all,NECO,Polytechnic,ward,Dafa,North Central,Federal Capital Territory,Kwali,Dafa,,230,227,140,41,32,9,3,87,99,9
2022/2023,Female,all,NECO,Polytechnic,ward,Gumbo,North Central,Federal Capital Territory,Kwali,Gumbo,,278,274,171,60,50,10,4,103,111,10
2022/2023,Female,all,NECO,University,ward,Gui,North Central,Federal Capital Territory,Abuja Municipal Area Council,Gui,,110,108,61,23,18,5,2,47,38,5
2022/2023,Female,all,NECO,University,ward,Bwari Central,North Central,Federal Capital Territory,Bwari,Bwari Central,,114,112,64,23,18,5,2,48,41,5
2022/2023,Female,all,NECO,University,ward,Dutse Alhaji,North Central,Federal Capital Territory,Bwari,Dutse Alhaji,,282,278,176,55,46,9,4,102,121,9
2022/2023,Female,all,NECO,University,ward,Dobi,North Central,Federal Capital Territory,Gwagwalada,Dobi,,288,284,170,46,37,9,4,114,124,9
2022/2023,Female,all,NECO,University,ward,Gwagwalada Centre,North Central,Federal Capital Territory,Gwagwalada,Gwagwalada Centre,,168,166,94,28,23,5,2,72,66,5
2022/2023,Female,all,NECO,University,ward,Gwako,North Central,Federal Capital Territory,Gwagwalada,Gwako,,450,443,280,111,96,15,7,163,169,15
2022/2023,Female,all,NECO,University,ward,Chibiri,North Central,Federal Capital Territory,Kuje,Chibiri,,268,264,164,55,46,9,4,100,109,9
2022/2023,Female,all,NECO,University,ward,Gaube,North Central,Federal Capital Territory,Kuje,Gaube,,117,115,67,28,23,5,2,48,39,5
2022/2023,Female,all,NECO,University,ward,Gudun Karya,North Central,Federal Capital Territory,Kuje,Gudun Karya,,120,118,73,28,23,5,2,45,45,5
2022/2023,Female,all,NECO,University,ward,Ashara,North Central,Federal Capital Territory,Kwali,Ashara,,220,217,131,46,42,4,3,86,85,4
2022/2023,Female,all,NECO,University,ward,Dafa,North Central,Federal Capital Territory,Kwali,Dafa,,595,586,362,115,102,13,9,224,247,13
2022/2023,Female,all,NECO,University,ward,Gumbo,North Central,Federal Capital Territory,Kwali,Gumbo,,158,156,100,32,28,4,2,56,68,4
2022/2023,Female,all,WAEC,College of Education,ward,City Centre,North Central,Federal Capital Territory,Abuja Municipal Area Council,City Centre,,595,586,367,157,139,18,9,219,210,18
2022/2023,Female,all,WAEC,College of Education,ward,Garki,North Central,Federal Capital Territory,Abuja Municipal Area Council,Garki,,709,698,425,158,139,19,11,273,267,19
2022/2023,Female,all,WAEC,College of Education,ward,Gui,North Central,Federal Capital Territory,Abuja Municipal Area Council,Gui,,810,798,483,175,158,17,12,315,308,17
2022/2023,Female,all,WAEC,College of Education,ward,Bwari Central,North Central,Federal Capital Territory,Bwari,Bwari Central,,333,328,202,74,70,4,5,126,128,4
2022/2023,Female,all,WAEC,College of Education,ward,Byazhin,North Central,Federal Capital Territory,Bwari,Byazhin,,833,821,500,176,162,14,12,321,324,14
2022/2023,Female,all,WAEC,College of Education,ward,Dutse Alhaji,North Central,Federal Capital Territory,Bwari,Dutse Alhaji,,490,483,318,140,126,14,7,165,178,14
2022/2023,Female,all,WAEC,College of Education,ward,Dobi,North Central,Federal Capital Territory,Gwagwalada,Dobi,,195,192,113,44,42,2,3,79,69,2
2022/2023,Female,all,WAEC,College of Education,ward,Gwagwalada Centre,North Central,Federal Capital Territory,Gwagwalada,Gwagwalada Centre,,649,640,393,157,144,13,9,247,236,13
2022/2023,Female,all,WAEC,College of Education,ward,Chibiri,North Central,Federal Capital Territory,Kuje,Chibiri,,179,176,111,44,37,7,3,65,67,7
2022/2023,Female,all,WAEC,College of Education,ward,Gaube,North Central,Federal Capital Territory,Kuje,Gaube,,626,617,384,153,135,18,9,233,231,18
2022/2023,Female,all,WAEC,College of Education,ward,Ashara,North Central,Federal Capital Territory,Kwali,Ashara,,503,496,299,109,97,12,7,197,190,12
2022/2023,Female,all,WAEC,College of Education,ward,Gumbo,North Central,Federal Capital Territory,Kwali,Gumbo,,239,235,138,48,42,6,4,97,90,6
2022/2023,Female,all,WAEC,Polytechnic,ward,City Centre,North Central,Federal Capital Territory,Abuja Municipal Area Council,City Centre,,377,371,240,92,79,13,6,131,148,13
2022/2023,Female,all,WAEC,Polytechnic,ward,Garki,North Central,Federal Capital Territory,Abuja Municipal Area Council,Garki,,407,401,249,83,74,9,6,152,166,9
2022/2023,Female,all,WAEC,Polytechnic,ward,Bwari Central,North Central,Federal Capital Territory,Bwari,Bwari Central,,545,537,335,131,116,15,8,202,204,15
2022/2023,Female,all,WAEC,Polytechnic,ward,Byazhin,North Central,Federal Capital Territory,Bwari,Byazhin,,377,371,235,74,65,9,6,136,161,9
2022/2023,Female,all,WAEC,Polytechnic,ward,Dutse Alhaji,North Central,Federal Capital Territory,Bwari,Dutse Alhaji,,246,242,141,52,46,6,4,101,89,6
2022/2023,Female,all,WAEC,Polytechnic,ward,Dobi,North Central,Federal Capital Territory,Gwagwalada,Dobi,,592,583,365,152,139,13,9,218,213,13
2022/2023,Female,all,WAEC,Polytechnic,ward,Gwako,North Central,Federal Capital Territory,Gwagwalada,Gwako,,316,311,193,83,74,9,5,118,110,9
2022/2023,Female,all,WAEC,Polytechnic,ward,Chibiri,North Central,Federal Capital Territory,Kuje,Chibiri,,535,527,326,132,120,12,8,201,194,12
2022/2023,Female,all,WAEC,Polytechnic,ward,Gaube,North Central,Federal Capital Territory,Kuje,Gaube,,323,318,196,83,74,9,5,122,113,9
2022/2023,Female,all,WAEC,Polytechnic,ward,Gudun Karya,North Central,Federal Capital Territory,Kuje,Gudun Karya,,658,649,381,140,126,14,9,268,241,14
2022/2023,Female,all,WAEC,Polytechnic,ward,Ashara,North Central,Federal Capital Territory,Kwali,Ashara,,349,344,199,57,51,6,5,145,142,6
2022/2023,Female,all,WAEC,Polytechnic,ward,Dafa,North Central,Federal Capital Territory,Kwali,Dafa,,310,305,180,61,56,5,5,125,119,5
2022/2023,Female,all,WAEC,Polytechnic,ward,Gumbo,North Central,Federal Capital Territory,Kwali,Gumbo,,380,374,237,96,89,7,6,137,141,7
2022/2023,Female,all,WAEC,University,ward,Gui,North Central,Federal Capital Territory,Abuja Municipal Area Council,Gui,,161,159,91,35,33,2,2,68,56,2
2022/2023,Female,all,WAEC,University,ward,Bwari Central,North Central,Federal Capital Territory,Bwari,Bwari Central,,134,132,83,31,28,3,2,49,52,3
2022/2023,Female,all,WAEC,University,ward,Dutse Alhaji,North Central,Federal Capital Territory,Bwari,Dutse Alhaji,,346,341,204,70,60,10,5,137,134,10
2022/2023,Female,all,WAEC,University,ward,Dobi,North Central,Federal Capital Territory,Gwagwalada,Dobi,,410,404,224,79,70,9,6,180,145,9
2022/2023,Female,all,WAEC,University,ward,Gwagwalada Centre,North Central,Federal Capital Territory,Gwagwalada,Gwagwalada Centre,,188,185,105,35,32,3,3,80,70,3
2022/2023,Female,all,WAEC,University,ward,Gwako,North Central,Federal Capital Territory,Gwagwalada,Gwako,,579,570,364,153,139,14,9,206,211,14
2022/2023,Female,all,WAEC,University,ward,Chibiri,North Central,Federal Capital Territory,Kuje,Chibiri,,336,331,207,83,74,9,5,124,124,9
2022/2023,Female,all,WAEC,University,ward,Gaube,North Central,Federal Capital Territory,Kuje,Gaube,,148,146,86,35,32,3,2,60,51,3
2022/2023,Female,all,WAEC,University,ward,Gudun Karya,North Central,Federal Capital Territory,Kuje,Gudun Karya,,168,166,102,39,37,2,2,64,63,2
2022/2023,Female,all,WAEC,University,ward,Ashara,North Central,Federal Capital Territory,Kwali,Ashara,,330,325,193,74,65,9,5,132,119,9
2022/2023,Female,all,WAEC,University,ward,Dafa,North Central,Federal Capital Territory,Kwali,Dafa,,817,805,487,178,157,21,12,318,309,21
2022/2023,Female,all,WAEC,University,ward,Gumbo,North Central,Federal Capital Territory,Kwali,Gumbo,,218,215,141,66,60,6,3,74,75,6
2022/2023,Female,disabled,NABTEB,College of Education,ward,City Centre,North Central,Federal Capital Territory,Abuja Municipal Area Council,City Centre,,37,37,21,17,18,0,0,16,4,0
2022/2023,Female,disabled,NABTEB,College of Education,ward,Garki,North Central,Federal Capital Territory,Abuja Municipal Area Council,Garki,,39,39,21,12,12,0,0,18,9,0
2022/2023,Female,disabled,NABTEB,College of Education,ward,Gui,North Central,Federal Capital Territory,Abuja Municipal Area Council,Gui,,43,43,24,18,18,0,0,19,6,0
2022/2023,Female,disabled,NABTEB,College of Education,ward,Bwari Central,North Central,Federal Capital Territory,Bwari,Bwari Central,,13,13,7,6,6,0,0,6,1,0
2022/2023,Female,disabled,NABTEB,College of Education,ward,Byazhin,North Central,Federal Capital Territory,Bwari,Byazhin,,40,40,21,12,12,0,0,19,9,0
2022/2023,Female,disabled,NABTEB,College of Education,ward,Dutse Alhaji,North Central,Federal Capital Territory,Bwari,Dutse Alhaji,,24,24,14,12,12,0,0,10,2,0
2022/2023,Female,disabled,NABTEB,College of Education,ward,Dobi,North Central,Federal Capital Territory,Gwagwalada,Dobi,,13,13,7,0,0,0,0,6,7,0
2022/2023,Female,disabled,NABTEB,College of Education,ward,Gwagwalada Centre,North Central,Federal Capital Territory,Gwagwalada,Gwagwalada Centre,,39,39,21,18,18,0,0,18,3,0
2022/2023,Female,disabled,NABTEB,College of Education,ward,Chibiri,North Central,Federal Capital Territory,Kuje,Chibiri,,12,12,7,6,6,0,0,5,1,0
2022/2023,Female,disabled,NABTEB,College of Education,ward,Gaube,North Central,Federal Capital Territory,Kuje,Gaube,,34,34,20,6,6,0,0,14,14,0
2022/2023,Female,disabled,NABTEB,College of Education,ward,Ashara,North Central,Federal Capital Territory,Kwali,Ashara,,37,37,20,12,12,0,0,17,8,0
2022/2023,Female,disabled,NABTEB,College of Education,ward,Gumbo,North Central,Federal Capital Territory,Kwali,Gumbo,,12,12,7,6,6,0,0,5,1,0
2022/2023,Female,disabled,NABTEB,Polytechnic,ward,City Centre,North Central,Federal Capital Territory,Abuja Municipal Area Council,City Centre,,13,13,7,6,6,0,0,6,1,0
2022/2023,Female,disabled,NABTEB,Polytechnic,ward,Garki,North Central,Federal Capital Territory,Abuja Municipal Area Council,Garki,,19,19,10,6,6,0,0,9,4,0
2022/2023,Female,disabled,NABTEB,Polytechnic,ward,Bwari Central,North Central,Federal Capital Territory,Bwari,Bwari Central,,26,26,14,12,12,0,0,12,2,0
2022/2023,Female,disabled,NABTEB,Polytechnic,ward,Byazhin,North Central,Federal Capital Territory,Bwari,Byazhin,,12,12,7,0,0,0,0,5,7,0
2022/2023,Female,disabled,NABTEB,Polytechnic,ward,Dutse Alhaji,North Central,Federal Capital Territory,Bwari,Dutse Alhaji,,12,12,7,6,6,0,0,5,1,0
2022/2023,Female,disabled,NABTEB,Polytechnic,ward,Dobi,North Central,Federal Capital Territory,Gwagwalada,Dobi,,26,26,14,12,12,0,0,12,2,0
2022/2023,Female,disabled,NABTEB,Polytechnic,ward,Gwako,North Central,Federal Capital Territory,Gwagwalada,Gwako,,16,16,10,6,6,0,0,6,4,0
2022/2023,Female,disabled,NABTEB,Polytechnic,ward,Chibiri,North Central,Federal Capital Territory,Kuje,Chibiri,,24,24,14,12,12,0,0,10,2,0
2022/2023,Female,disabled,NABTEB,Polytechnic,ward,Gaube,North Central,Federal Capital Territory,Kuje,Gaube,,16,16,10,6,6,0,0,6,4,0
2022/2023,Female,disabled,NABTEB,Polytechnic,ward,Gudun Karya,North Central,Federal Capital Territory,Kuje,Gudun Karya,,36,36,21,12,12,0,0,15,9,0
2022/2023,Female,disabled,NABTEB,Polytechnic,ward,Ashara,North Central,Federal Capital Territory,Kwali,Ashara,,16,16,10,0,0,0,0,6,10,0
2022/2023,Female,disabled,NABTEB,Polytechnic,ward,Dafa,North Central,Federal Capital Territory,Kwali,Dafa,,16,16,7,6,6,0,0,9,1,0
2022/2023,Female,disabled,NABTEB,Polytechnic,ward,Gumbo,North Central,Federal Capital Territory,Kwali,Gumbo,,24,24,14,12,12,0,0,10,2,0
2022/2023,Female,disabled,NABTEB,University,ward,Gui,North Central,Federal Capital Territory,Abuja Municipal Area Council,Gui,,12,12,7,0,0,0,0,5,7,0
2022/2023,Female,disabled,NABTEB,University,ward,Bwari Central,North Central,Federal Capital Territory,Bwari,Bwari Central,,13,13,7,0,0,0,0,6,7,0
2022/2023,Female,disabled,NABTEB,University,ward,Dutse Alhaji,North Central,Federal Capital Territory,Bwari,Dutse Alhaji,,16,16,10,6,6,0,0,6,4,0
2022/2023,Female,disabled,NABTEB,University,ward,Dobi,North Central,Federal Capital Territory,Gwagwalada,Dobi,,16,16,10,6,6,0,0,6,4,0
2022/2023,Female,disabled,NABTEB,University,ward,Gwagwalada Centre,North Central,Federal Capital Territory,Gwagwalada,Gwagwalada Centre,,13,13,7,0,0,0,0,6,7,0
2022/2023,Female,disabled,NABTEB,University,ward,Gwako,North Central,Federal Capital Territory,Gwagwalada,Gwako,,36,36,21,12,12,0,0,15,9,0
2022/2023,Female,disabled,NABTEB,University,ward,Chibiri,North Central,Federal Capital Territory,Kuje,Chibiri,,12,12,7,6,6,0,0,5,1,0
2022/2023,Female,disabled,NABTEB,University,ward,Gaube,North Central,Federal Capital Territory,Kuje,Gaube,,12,12,7,6,6,0,0,5,1,0
2022/2023,Female,disabled,NABTEB,University,ward,Gudun Karya,North Central,Federal Capital Territory,Kuje,Gudun Karya,,12,12,7,6,6,0,0,5,1,0
2022/2023,Female,disabled,NABTEB,University,ward,Ashara,North Central,Federal Capital Territory,Kwali,Ashara,,12,12,7,6,6,0,0,5,1,0
2022/2023,Female,disabled,NABTEB,University,ward,Dafa,North Central,Federal Capital Territory,Kwali,Dafa,,36,36,21,18,18,0,0,15,3,0
2022/2023,Female,disabled,NABTEB,University,ward,Gumbo,North Central,Federal Capital Territory,Kwali,Gumbo,,12,12,7,6,6,0,0,5,1,0
2022/2023,Female,disabled,NECO,College of Education,ward,City Centre,North Central,Federal Capital Territory,Abuja Municipal Area Council,City Centre,,54,54,30,15,15,0,0,24,15,0
2022/2023,Female,disabled,NECO,College of Education,ward,Garki,North Central,Federal Capital Territory,Abuja Municipal Area Council,Garki,,58,58,33,15,15,0,0,25,18,0
2022/2023,Female,disabled,NECO,College of Education,ward,Gui,North Central,Federal Capital Territory,Abuja Municipal Area Council,Gui,,69,68,39,15,15,0,1,29,24,0
2022/2023,Female,disabled,NECO,College of Education,ward,Bwari Central,North Central,Federal Capital Territory,Bwari,Bwari Central,,27,27,15,5,5,0,0,12,10,0
2022/2023,Female,disabled,NECO,College of Education,ward,Byazhin,North Central,Federal Capital Territory,Bwari,Byazhin,,68,68,42,15,15,0,0,26,27,0
2022/2023,Female,disabled,NECO,College of Education,ward,Dutse Alhaji,North Central,Federal Capital Territory,Bwari,Dutse Alhaji,,34,34,21,10,10,0,0,13,11,0
2022/2023,Female,disabled,NECO,College of Education,ward,Dobi,North Central,Federal Capital Territory,Gwagwalada,Dobi,,14,14,6,5,5,0,0,8,1,0
2022/2023,Female,disabled,NECO,College of Education,ward,Gwagwalada Centre,North Central,Federal Capital Territory,Gwagwalada,Gwagwalada Centre,,51,51,30,15,15,0,0,21,15,0
2022/2023,Female,disabled,NECO,College of Education,ward,Chibiri,North Central,Federal Capital Territory,Kuje,Chibiri,,14,14,9,5,5,0,0,5,4,0
2022/2023,Female,disabled,NECO,College of Education,ward,Gaube,North Central,Federal Capital Territory,Kuje,Gaube,,56,55,30,13,13,0,1,25,17,0
2022/2023,Female,disabled,NECO,College of Education,ward,Ashara,North Central,Federal Capital Territory,Kwali,Ashara,,56,55,30,8,10,0,1,25,22,0
2022/2023,Female,disabled,NECO,College of Education,ward,Gumbo,North Central,Federal Capital Territory,Kwali,Gumbo,,17,17,9,5,5,0,0,8,4,0
2022/2023,Female,disabled,NECO,Polytechnic,ward,City Centre,North Central,Federal Capital Territory,Abuja Municipal Area Council,City Centre,,24,24,12,5,5,0,0,12,7,0
2022/2023,Female,disabled,NECO,Polytechnic,ward,Garki,North Central,Federal Capital Territory,Abuja Municipal Area Council,Garki,,35,34,18,5,5,0,1,16,13,0
2022/2023,Female,disabled,NECO,Polytechnic,ward,Bwari Central,North Central,Federal Capital Territory,Bwari,Bwari Central,,41,41,24,10,10,0,0,17,14,0
2022/2023,Female,disabled,NECO,Polytechnic,ward,Byazhin,North Central,Federal Capital Territory,Bwari,Byazhin,,27,27,15,5,5,0,0,12,10,0
2022/2023,Female,disabled,NECO,Polytechnic,ward,Dutse Alhaji,North Central,Federal Capital Territory,Bwari,Dutse Alhaji,,20,20,12,5,5,0,0,8,7,0
2022/2023,Female,disabled,NECO,Polytechnic,ward,Dobi,North Central,Federal Capital Territory,Gwagwalada,Dobi,,41,41,21,10,10,0,0,20,11,0
2022/2023,Female,disabled,NECO,Polytechnic,ward,Gwako,North Central,Federal Capital Territory,Gwagwalada,Gwako,,27,27,15,4,5,0,0,12,11,0
2022/2023,Female,disabled,NECO,Polytechnic,ward,Chibiri,North Central,Federal Capital Territory,Kuje,Chibiri,,50,50,30,9,10,0,0,20,21,0
2022/2023,Female,disabled,NECO,Polytechnic,ward,Gaube,North Central,Federal Capital Territory,Kuje,Gaube,,30,30,18,5,4,1,0,12,13,1
2022/2023,Female,disabled,NECO,Polytechnic,ward,Gudun Karya,North Central,Federal Capital Territory,Kuje,Gudun Karya,,58,58,30,15,15,0,0,28,15,0
2022/2023,Female,disabled,NECO,Polytechnic,ward,Ashara,North Central,Federal Capital Territory,Kwali,Ashara,,30,30,15,4,5,0,0,15,11,0
2022/2023,Female,disabled,NECO,Polytechnic,ward,Dafa,North Central,Federal Capital Territory,Kwali,Dafa,,27,27,15,0,0,0,0,12,15,0
2022/2023,Female,disabled,NECO,Polytechnic,ward,Gumbo,North Central,Federal Capital Territory,Kwali,Gumbo,,38,38,24,10,10,0,0,14,14,0
2022/2023,Female,disabled,NECO,University,ward,Gui,North Central,Federal Capital Territory,Abuja Municipal Area Council,Gui,,14,14,6,5,5,0,0,8,1,0
2022/2023,Female,disabled,NECO,University,ward,Bwari Central,North Central,Federal Capital Territory,Bwari,Bwari Central,,14,14,6,5,5,0,0,8,1,0
2022/2023,Female,disabled,NECO,University,ward,Dutse Alhaji,North Central,Federal Capital Territory,Bwari,Dutse Alhaji,,24,24,12,5,5,0,0,12,7,0
2022/2023,Female,disabled,NECO,University,ward,Dobi,North Central,Federal Capital Territory,Gwagwalada,Dobi,,35,34,18,5,5,0,1,16,13,0
2022/2023,Female,disabled,NECO,University,ward,Gwagwalada Centre,North Central,Federal Capital Territory,Gwagwalada,Gwagwalada Centre,,20,20,12,5,5,0,0,8,7,0
2022/2023,Female,disabled,NECO,University,ward,Gwako,North Central,Federal Capital Territory,Gwagwalada,Gwako,,48,48,27,12,14,0,0,21,15,0
2022/2023,Female,disabled,NECO,University,ward,Chibiri,North Central,Federal Capital Territory,Kuje,Chibiri,,20,20,12,4,5,0,0,8,8,0
2022/2023,Female,disabled,NECO,University,ward,Gaube,North Central,Federal Capital Territory,Kuje,Gaube,,14,14,6,4,4,0,0,8,2,0
2022/2023,Female,disabled,NECO,University,ward,Gudun Karya,North Central,Federal Capital Territory,Kuje,Gudun Karya,,17,17,9,5,5,0,0,8,4,0
2022/2023,Female,disabled,NECO,University,ward,Ashara,North Central,Federal Capital Territory,Kwali,Ashara,,17,17,9,4,5,0,0,8,5,0
2022/2023,Female,disabled,NECO,University,ward,Dafa,North Central,Federal Capital Territory,Kwali,Dafa,,58,58,30,14,15,0,0,28,16,0
2022/2023,Female,disabled,NECO,University,ward,Gumbo,North Central,Federal Capital Territory,Kwali,Gumbo,,14,14,9,5,5,0,0,5,4,0
2022/2023,Female,disabled,WAEC,College of Education,ward,City Centre,North Central,Federal Capital Territory,Abuja Municipal Area Council,City Centre,,73,73,41,17,19,0,0,32,24,0
2022/2023,Female,disabled,WAEC,College of Education,ward,Garki,North Central,Federal Capital Territory,Abuja Municipal Area Council,Garki,,73,73,41,12,15,0,0,32,29,0
2022/2023,Female,disabled,WAEC,College of Education,ward,Gui,North Central,Federal Capital Territory,Abuja Municipal Area Council,Gui,,83,82,50,17,19,0,1,32,33,0
2022/2023,Female,disabled,WAEC,College of Education,ward,Bwari Central,North Central,Federal Capital Territory,Bwari,Bwari Central,,33,33,19,4,5,0,0,14,15,0
2022/2023,Female,disabled,WAEC,College of Education,ward,Byazhin,North Central,Federal Capital Territory,Bwari,Byazhin,,102,100,55,23,23,0,2,45,32,0
2022/2023,Female,disabled,WAEC,College of Education,ward,Dutse Alhaji,North Central,Federal Capital Territory,Bwari,Dutse Alhaji,,43,43,27,14,14,0,0,16,13,0
2022/2023,Female,disabled,WAEC,College of Education,ward,Dobi,North Central,Federal Capital Territory,Gwagwalada,Dobi,,17,17,8,4,5,0,0,9,4,0
2022/2023,Female,disabled,WAEC,College of Education,ward,Gwagwalada Centre,North Central,Federal Capital Territory,Gwagwalada,Gwagwalada Centre,,67,67,36,13,15,0,0,31,23,0
2022/2023,Female,disabled,WAEC,College of Education,ward,Chibiri,North Central,Federal Capital Territory,Kuje,Chibiri,,17,17,11,4,5,0,0,6,7,0
2022/2023,Female,disabled,WAEC,College of Education,ward,Gaube,North Central,Federal Capital Territory,Kuje,Gaube,,74,73,44,13,14,0,1,29,31,0
2022/2023,Female,disabled,WAEC,College of Education,ward,Ashara,North Central,Federal Capital Territory,Kwali,Ashara,,67,66,36,13,14,0,1,30,23,0
2022/2023,Female,disabled,WAEC,College of Education,ward,Gumbo,North Central,Federal Capital Territory,Kwali,Gumbo,,20,20,11,4,5,0,0,9,7,0
2022/2023,Female,disabled,WAEC,Polytechnic,ward,City Centre,North Central,Federal Capital Territory,Abuja Municipal Area Council,City Centre,,30,30,19,4,5,0,0,11,15,0
2022/2023,Female,disabled,WAEC,Polytechnic,ward,Garki,North Central,Federal Capital Territory,Abuja Municipal Area Council,Garki,,41,40,22,4,5,0,1,18,18,0
2022/2023,Female,disabled,WAEC,Polytechnic,ward,Bwari Central,North Central,Federal Capital Territory,Bwari,Bwari Central,,56,56,33,8,10,0,0,23,25,0
2022/2023,Female,disabled,WAEC,Polytechnic,ward,Byazhin,North Central,Federal Capital Territory,Bwari,Byazhin,,33,33,19,4,5,0,0,14,15,0
2022/2023,Female,disabled,WAEC,Polytechnic,ward,Dutse Alhaji,North Central,Federal Capital Territory,Bwari,Dutse Alhaji,,27,27,14,4,5,0,0,13,10,0
2022/2023,Female,disabled,WAEC,Polytechnic,ward,Dobi,North Central,Federal Capital Territory,Gwagwalada,Dobi,,58,57,33,13,14,0,1,24,20,0
2022/2023,Female,disabled,WAEC,Polytechnic,ward,Gwako,North Central,Federal Capital Territory,Gwagwalada,Gwako,,41,40,22,9,9,0,1,18,13,0
2022/2023,Female,disabled,WAEC,Polytechnic,ward,Chibiri,North Central,Federal Capital Territory,Kuje,Chibiri,,63,63,36,13,14,0,0,27,23,0
2022/2023,Female,disabled,WAEC,Polytechnic,ward,Gaube,North Central,Federal Capital Territory,Kuje,Gaube,,41,40,22,9,9,0,1,18,13,0
2022/2023,Female,disabled,WAEC,Polytechnic,ward,Gudun Karya,North Central,Federal Capital Territory,Kuje,Gudun Karya,,84,84,45,12,15,0,0,39,33,0
2022/2023,Female,disabled,WAEC,Polytechnic,ward,Ashara,North Central,Federal Capital Territory,Kwali,Ashara,,44,43,22,4,5,0,1,21,18,0
2022/2023,Female,disabled,WAEC,Polytechnic,ward,Dafa,North Central,Federal Capital Territory,Kwali,Dafa,,37,36,22,9,9,0,1,14,13,0
2022/2023,Female,disabled,WAEC,Polytechnic,ward,Gumbo,North Central,Federal Capital Territory,Kwali,Gumbo,,50,50,27,8,10,0,0,23,19,0
2022/2023,Female,disabled,WAEC,University,ward,Gui,North Central,Federal Capital Territory,Abuja Municipal Area Council,Gui,,17,17,8,4,5,0,0,9,4,0
2022/2023,Female,disabled,WAEC,University,ward,Bwari Central,North Central,Federal Capital Territory,Bwari,Bwari Central,,13,13,8,4,5,0,0,5,4,0
2022/2023,Female,disabled,WAEC,University,ward,Dutse Alhaji,North Central,Federal Capital Territory,Bwari,Dutse Alhaji,,27,27,17,4,5,0,0,10,13,0
2022/2023,Female,disabled,WAEC,University,ward,Dobi,North Central,Federal Capital Territory,Gwagwalada,Dobi,,44,43,22,5,5,0,1,21,17,0
2022/2023,Female,disabled,WAEC,University,ward,Gwagwalada Centre,North Central,Federal Capital Territory,Gwagwalada,Gwagwalada Centre,,20,20,11,5,5,0,0,9,6,0
2022/2023,Female,disabled,WAEC,University,ward,Gwako,North Central,Federal Capital Territory,Gwagwalada,Gwako,,50,50,30,12,15,0,0,20,18,0
2022/2023,Female,disabled,WAEC,University,ward,Chibiri,North Central,Federal Capital Territory,Kuje,Chibiri,,30,30,17,4,5,0,0,13,13,0
2022/2023,Female,disabled,WAEC,University,ward,Gaube,North Central,Federal Capital Territory,Kuje,Gaube,,13,13,8,4,5,0,0,5,4,0
2022/2023,Female,disabled,WAEC,University,ward,Gudun Karya,North Central,Federal Capital Territory,Kuje,Gudun Karya,,23,23,14,4,5,0,0,9,10,0
2022/2023,Female,disabled,WAEC,University,ward,Ashara,North Central,Federal Capital Territory,Kwali,Ashara,,30,30,17,4,5,0,0,13,13,0
2022/2023,Female,disabled,WAEC,University,ward,Dafa,North Central,Federal Capital Territory,Kwali,Dafa,,80,80,47,12,15,0,0,33,35,0
2022/2023,Female,disabled,WAEC,University,ward,Gumbo,North Central,Federal Capital Territory,Kwali,Gumbo,,20,20,11,4,5,0,0,9,7,0
2022/2023,Male,all,NABTEB,College of Education,ward,City Centre,North Central,Federal Capital Territory,Abuja Municipal Area Council,City Centre,,310,305,185,72,64,9,5,120,113,9
2022/2023,Male,all,NABTEB,College of Education,ward,Garki,North Central,Federal Capital Territory,Abuja Municipal Area Council,Garki,,317,313,196,67,58,10,4,117,129,10
2022/2023,Male,all,NABTEB,College of Education,ward,Gui,North Central,Federal Capital Territory,Abuja Municipal Area Council,Gui,,339,334,196,56,53,5,5,138,140,5
2022/2023,Male,all,NABTEB,College of Education,ward,Bwari Central,North Central,Federal Capital Territory,Bwari,Bwari Central,,142,140,88,34,29,5,2,52,54,5
2022/2023,Male,all,NABTEB,College of Education,ward,Byazhin,North Central,Federal Capital Territory,Bwari,Byazhin,,361,356,205,55,58,0,5,151,150,0
2022/2023,Male,all,NABTEB,College of Education,ward,Dutse Alhaji,North Central,Federal Capital Territory,Bwari,Dutse Alhaji,,227,224,144,56,53,4,3,80,88,4
2022/2023,Male,all,NABTEB,College of Education,ward,Dobi,North Central,Federal Capital Territory,Gwagwalada,Dobi,,101,100,61,11,12,0,1,39,50,0
2022/2023,Male,all,NABTEB,College of Education,ward,Gwagwalada Centre,North Central,Federal Capital Territory,Gwagwalada,Gwagwalada Centre,,256,252,148,51,54,0,4,104,97,0
2022/2023,Male,all,NABTEB,College of Education,ward,Chibiri,North Central,Federal Capital Territory,Kuje,Chibiri,,91,90,57,17,12,5,1,33,40,5
2022/2023,Male,all,NABTEB,College of Education,ward,Gaube,North Central,Federal Capital Territory,Kuje,Gaube,,292,287,175,56,53,4,5,112,119,4
2022/2023,Male,all,NABTEB,College of Education,ward,Ashara,North Central,Federal Capital Territory,Kwali,Ashara,,216,213,128,45,41,5,3,85,83,5
2022/2023,Male,all,NABTEB,College of Education,ward,Gumbo,North Central,Federal Capital Territory,Kwali,Gumbo,,98,97,57,17,17,0,1,40,40,0
2022/2023,Male,all,NABTEB,Polytechnic,ward,City Centre,North Central,Federal Capital Territory,Abuja Municipal Area Council,City Centre,,149,147,98,34,29,5,2,49,64,5
2022/2023,Male,all,NABTEB,Polytechnic,ward,Garki,North Central,Federal Capital Territory,Abuja Municipal Area Council,Garki,,142,140,84,28,23,5,2,56,56,5
2022/2023,Male,all,NABTEB,Polytechnic,ward,Bwari Central,North Central,Federal Capital Territory,Bwari,Bwari Central,,235,231,145,56,46,10,4,86,89,10
2022/2023,Male,all,NABTEB,Polytechnic,ward,Byazhin,North Central,Federal Capital Territory,Bwari,Byazhin,,142,140,88,22,17,5,2,52,66,5
2022/2023,Male,all,NABTEB,Polytechnic,ward,Dutse Alhaji,North Central,Federal Capital Territory,Bwari,Dutse Alhaji,,130,128,81,28,23,5,2,47,53,5
2022/2023,Male,all,NABTEB,Polytechnic,ward,Dobi,North Central,Federal Capital Territory,Gwagwalada,Dobi,,246,243,151,51,47,5,3,92,100,5
2022/2023,Male,all,NABTEB,Polytechnic,ward,Gwako,North Central,Federal Capital Territory,Gwagwalada,Gwako,,127,125,81,28,23,5,2,44,53,5
2022/2023,Male,all,NABTEB,Polytechnic,ward,Chibiri,North Central,Federal Capital Territory,Kuje,Chibiri,,222,218,131,39,29,10,4,87,92,10
2022/2023,Male,all,NABTEB,Polytechnic,ward,Gaube,North Central,Federal Capital Territory,Kuje,Gaube,,133,131,84,22,17,5,2,47,62,5
2022/2023,Male,all,NABTEB,Polytechnic,ward,Gudun Karya,North Central,Federal Capital Territory,Kuje,Gudun Karya,,265,262,162,45,41,5,3,100,117,5
2022/2023,Male,all,NABTEB,Polytechnic,ward,Ashara,North Central,Federal Capital Territory,Kwali,Ashara,,161,159,94,22,17,5,2,65,72,5
2022/2023,Male,all,NABTEB,Polytechnic,ward,Dafa,North Central,Federal Capital Territory,Kwali,Dafa,,108,106,57,22,18,4,2,49,35,4
2022/2023,Male,all,NABTEB,Polytechnic,ward,Gumbo,North Central,Federal Capital Territory,Kwali,Gumbo,,187,184,118,50,41,9,3,66,68,9
2022/2023,Male,all,NABTEB,University,ward,Gui,North Central,Federal Capital Territory,Abuja Municipal Area Council,Gui,,60,59,34,17,18,0,1,25,17,0
2022/2023,Male,all,NABTEB,University,ward,Bwari Central,North Central,Federal Capital Territory,Bwari,Bwari Central,,63,62,40,17,18,0,1,22,23,0
2022/2023,Male,all,NABTEB,University,ward,Dutse Alhaji,North Central,Federal Capital Territory,Bwari,Dutse Alhaji,,178,175,111,39,35,4,3,64,72,4
2022/2023,Male,all,NABTEB,University,ward,Dobi,North Central,Federal Capital Territory,Gwagwalada,Dobi,,152,150,88,22,18,4,2,62,66,4
2022/2023,Male,all,NABTEB,University,ward,Gwagwalada Centre,North Central,Federal Capital Territory,Gwagwalada,Gwagwalada Centre,,91,90,54,11,12,0,1,36,43,0
2022/2023,Male,all,NABTEB,University,ward,Gwako,North Central,Federal Capital Territory,Gwagwalada,Gwako,,268,265,159,61,52,10,3,106,98,10
2022/2023,Male,all,NABTEB,University,ward,Chibiri,North Central,Federal Capital Territory,Kuje,Chibiri,,149,147,94,34,29,5,2,53,60,5
2022/2023,Male,all,NABTEB,University,ward,Gaube,North Central,Federal Capital Territory,Kuje,Gaube,,76,75,40,11,12,0,1,35,29,0
2022/2023,Male,all,NABTEB,University,ward,Gudun Karya,North Central,Federal Capital Territory,Kuje,Gudun Karya,,67,66,40,17,17,0,1,26,23,0
2022/2023,Male,all,NABTEB,University,ward,Ashara,North Central,Federal Capital Territory,Kwali,Ashara,,142,140,77,22,18,4,2,63,55,4
2022/2023,Male,all,NABTEB,University,ward,Dafa,North Central,Federal Capital Territory,Kwali,Dafa,,368,362,212,61,53,9,6,150,151,9
2022/2023,Male,all,NABTEB,University,ward,Gumbo,North Central,Federal Capital Territory,Kwali,Gumbo,,82,81,54,22,23,0,1,27,32,0
2022/2023,Male,all,NECO,College of Education,ward,City Centre,North Central,Federal Capital Territory,Abuja Municipal Area Council,City Centre,,519,511,317,106,92,14,8,194,211,14
2022/2023,Male,all,NECO,College of Education,ward,Garki,North Central,Federal Capital Territory,Abuja Municipal Area Council,Garki,,646,636,384,120,102,18,10,252,264,18
2022/2023,Male,all,NECO,College of Education,ward,Gui,North Central,Federal Capital Territory,Abuja Municipal Area Council,Gui,,670,661,392,124,107,17,9,269,268,17
2022/2023,Male,all,NECO,College of Education,ward,Bwari Central,North Central,Federal Capital Territory,Bwari,Bwari Central,,265,261,167,55,46,9,4,94,112,9
2022/2023,Male,all,NECO,College of Education,ward,Byazhin,North Central,Federal Capital Territory,Bwari,Byazhin,,636,627,365,106,92,14,9,262,259,14
2022/2023,Male,all,NECO,College of Education,ward,Dutse Alhaji,North Central,Federal Capital Territory,Bwari,Dutse Alhaji,,416,410,252,87,74,13,6,158,165,13
2022/2023,Male,all,NECO,College of Education,ward,Dobi,North Central,Federal Capital Territory,Gwagwalada,Dobi,,168,166,100,28,23,5,2,66,72,5
2022/2023,Male,all,NECO,College of Education,ward,Gwagwalada Centre,North Central,Federal Capital Territory,Gwagwalada,Gwagwalada Centre,,515,508,311,101,87,14,7,197,210,14
2022/2023,Male,all,NECO,College of Education,ward,Chibiri,North Central,Federal Capital Territory,Kuje,Chibiri,,151,149,88,28,23,5,2,61,60,5
2022/2023,Male,all,NECO,College of Education,ward,Gaube,North Central,Federal Capital Territory,Kuje,Gaube,,502,494,301,110,93,17,8,193,191,17
2022/2023,Male,all,NECO,College of Education,ward,Ashara,North Central,Federal Capital Territory,Kwali,Ashara,,415,409,249,74,65,9,6,160,175,9
2022/2023,Male,all,NECO,College of Education,ward,Gumbo,North Central,Federal Capital Territory,Kwali,Gumbo,,193,190,116,37,32,5,3,74,79,5
2022/2023,Male,all,NECO,Polytechnic,ward,City Centre,North Central,Federal Capital Territory,Abuja Municipal Area Council,City Centre,,333,328,210,69,56,13,5,118,141,13
2022/2023,Male,all,NECO,Polytechnic,ward,Garki,North Central,Federal Capital Territory,Abuja Municipal Area Council,Garki,,282,278,170,41,37,4,4,108,129,4
2022/2023,Male,all,NECO,Polytechnic,ward,Bwari Central,North Central,Federal Capital Territory,Bwari,Bwari Central,,484,477,301,106,88,18,7,176,195,18
2022/2023,Male,all,NECO,Polytechnic,ward,Byazhin,North Central,Federal Capital Territory,Bwari,Byazhin,,285,281,170,55,46,9,4,111,115,9
2022/2023,Male,all,NECO,Polytechnic,ward,Dutse Alhaji,North Central,Federal Capital Territory,Bwari,Dutse Alhaji,,223,220,140,46,37,9,3,80,94,9
2022/2023,Male,all,NECO,Polytechnic,ward,Dobi,North Central,Federal Capital Territory,Gwagwalada,Dobi,,484,477,292,102,83,19,7,185,190,19
2022/2023,Male,all,NECO,Polytechnic,ward,Gwako,North Central,Federal Capital Territory,Gwagwalada,Gwako,,213,210,128,41,37,4,3,82,87,4
2022/2023,Male,all,NECO,Polytechnic,ward,Chibiri,North Central,Federal Capital Territory,Kuje,Chibiri,,449,443,277,92,74,18,6,166,185,18
2022/2023,Male,all,NECO,Polytechnic,ward,Gaube,North Central,Federal Capital Territory,Kuje,Gaube,,226,223,134,41,37,4,3,89,93,4
2022/2023,Male,all,NECO,Polytechnic,ward,Gudun Karya,North Central,Federal Capital Territory,Kuje,Gudun Karya,,526,519,310,93,78,15,7,209,217,15
2022/2023,Male,all,NECO,Polytechnic,ward,Ashara,North Central,Federal Capital Territory,Kwali,Ashara,,282,278,167,51,42,9,4,111,116,9
2022/2023,Male,all,NECO,Polytechnic,ward,Dafa,North Central,Federal Capital Territory,Kwali,Dafa,,216,213,128,37,32,5,3,85,91,5
2022/2023,Male,all,NECO,Polytechnic,ward,Gumbo,North Central,Federal Capital Territory,Kwali,Gumbo,,346,341,216,79,65,14,5,125,137,14
2022/2023,Male,all,NECO,University,ward,Gui,North Central,Federal Capital Territory,Abuja Municipal Area Council,Gui,,107,105,64,23,18,5,2,41,41,5
2022/2023,Male,all,NECO,University,ward,Bwari Central,North Central,Federal Capital Territory,Bwari,Bwari Central,,117,115,70,23,18,5,2,45,47,5
2022/2023,Male,all,NECO,University,ward,Dutse Alhaji,North Central,Federal Capital Territory,Bwari,Dutse Alhaji,,306,301,179,55,46,9,5,122,124,9
2022/2023,Male,all,NECO,University,ward,Dobi,North Central,Federal Capital Territory,Gwagwalada,Dobi,,292,288,170,37,32,5,4,118,133,5
2022/2023,Male,all,NECO,University,ward,Gwagwalada Centre,North Central,Federal Capital Territory,Gwagwalada,Gwagwalada Centre,,161,159,94,28,23,5,2,65,66,5
2022/2023,Male,all,NECO,University,ward,Gwako,North Central,Federal Capital Territory,Gwagwalada,Gwako,,505,498,308,105,92,13,7,190,203,13
2022/2023,Male,all,NECO,University,ward,Chibiri,North Central,Federal Capital Territory,Kuje,Chibiri,,285,281,170,51,42,9,4,111,119,9
2022/2023,Male,all,NECO,University,ward,Gaube,North Central,Federal Capital Territory,Kuje,Gaube,,127,125,76,28,23,5,2,49,48,5
2022/2023,Male,all,NECO,University,ward,Gudun Karya,North Central,Federal Capital Territory,Kuje,Gudun Karya,,127,125,76,23,18,5,2,49,53,5
2022/2023,Male,all,NECO,University,ward,Ashara,North Central,Federal Capital Territory,Kwali,Ashara,,285,281,161,51,42,9,4,120,110,9
2022/2023,Male,all,NECO,University,ward,Dafa,North Central,Federal Capital Territory,Kwali,Dafa,,688,678,405,119,106,13,10,273,286,13
2022/2023,Male,all,NECO,University,ward,Gumbo,North Central,Federal Capital Territory,Kwali,Gumbo,,176,173,113,41,37,4,3,60,72,4
2022/2023,Male,all,WAEC,College of Education,ward,City Centre,North Central,Federal Capital Territory,Abuja Municipal Area Council,City Centre,,672,662,406,143,129,14,10,256,263,14
2022/2023,Male,all,WAEC,College of Education,ward,Garki,North Central,Federal Capital Territory,Abuja Municipal Area Council,Garki,,824,812,506,166,153,13,12,306,340,13
2022/2023,Male,all,WAEC,College of Education,ward,Gui,North Central,Federal Capital Territory,Abuja Municipal Area Council,Gui,,871,857,500,175,158,17,14,357,325,17
2022/2023,Male,all,WAEC,College of Education,ward,Bwari Central,North Central,Federal Capital Territory,Bwari,Bwari Central,,384,378,229,96,88,8,6,149,133,8
2022/2023,Male,all,WAEC,College of Education,ward,Byazhin,North Central,Federal Capital Territory,Bwari,Byazhin,,846,834,497,152,139,13,12,337,345,13
2022/2023,Male,all,WAEC,College of Education,ward,Dutse Alhaji,North Central,Federal Capital Territory,Bwari,Dutse Alhaji,,585,576,367,144,130,14,9,209,223,14
2022/2023,Male,all,WAEC,College of Education,ward,Dobi,North Central,Federal Capital Territory,Gwagwalada,Dobi,,269,265,152,44,37,7,4,113,108,7
2022/2023,Male,all,WAEC,College of Education,ward,Gwagwalada Centre,North Central,Federal Capital Territory,Gwagwalada,Gwagwalada Centre,,675,665,406,139,124,15,10,259,267,15
2022/2023,Male,all,WAEC,College of Education,ward,Chibiri,North Central,Federal Capital Territory,Kuje,Chibiri,,212,209,133,48,46,2,3,76,85,2
2022/2023,Male,all,WAEC,College of Education,ward,Gaube,North Central,Federal Capital Territory,Kuje,Gaube,,650,640,382,148,134,14,10,258,234,14
2022/2023,Male,all,WAEC,College of Education,ward,Ashara,North Central,Federal Capital Territory,Kwali,Ashara,,491,484,284,96,88,8,7,200,188,8
2022/2023,Male,all,WAEC,College of Education,ward,Gumbo,North Central,Federal Capital Territory,Kwali,Gumbo,,218,215,124,44,37,7,3,91,80,7
2022/2023,Male,all,WAEC,Polytechnic,ward,City Centre,North Central,Federal Capital Territory,Abuja Municipal Area Council,City Centre,,397,391,232,83,74,9,6,159,149,9
2022/2023,Male,all,WAEC,Polytechnic,ward,Garki,North Central,Federal Capital Territory,Abuja Municipal Area Council,Garki,,369,364,210,66,60,6,5,154,144,6
2022/2023,Male,all,WAEC,Polytechnic,ward,Bwari Central,North Central,Federal Capital Territory,Bwari,Bwari Central,,605,596,359,144,130,14,9,237,215,14
2022/2023,Male,all,WAEC,Polytechnic,ward,Byazhin,North Central,Federal Capital Territory,Bwari,Byazhin,,343,338,207,74,65,9,5,131,133,9
2022/2023,Male,all,WAEC,Polytechnic,ward,Dutse Alhaji,North Central,Federal Capital Territory,Bwari,Dutse Alhaji,,276,272,163,57,51,6,4,109,106,6
2022/2023,Male,all,WAEC,Polytechnic,ward,Dobi,North Central,Federal Capital Territory,Gwagwalada,Dobi,,636,626,389,140,125,15,10,237,249,15
2022/2023,Male,all,WAEC,Polytechnic,ward,Gwako,North Central,Federal Capital Territory,Gwagwalada,Gwako,,302,298,177,61,56,5,4,121,116,5
2022/2023,Male,all,WAEC,Polytechnic,ward,Chibiri,North Central,Federal Capital Territory,Kuje,Chibiri,,564,556,354,122,112,10,8,202,232,10
2022/2023,Male,all,WAEC,Polytechnic,ward,Gaube,North Central,Federal Capital Territory,Kuje,Gaube,,316,311,182,66,60,6,5,129,116,6
2022/2023,Male,all,WAEC,Polytechnic,ward,Gudun Karya,North Central,Federal Capital Territory,Kuje,Gudun Karya,,720,709,434,144,125,19,11,275,290,19
2022/2023,Male,all,WAEC,Polytechnic,ward,Ashara,North Central,Federal Capital Territory,Kwali,Ashara,,366,361,204,66,60,6,5,157,138,6
2022/2023,Male,all,WAEC,Polytechnic,ward,Dafa,North Central,Federal Capital Territory,Kwali,Dafa,,295,291,180,57,51,6,4,111,123,6
2022/2023,Male,all,WAEC,Polytechnic,ward,Gumbo,North Central,Federal Capital Territory,Kwali,Gumbo,,406,400,251,110,102,8,6,149,141,8
2022/2023,Male,all,WAEC,University,ward,Gui,North Central,Federal Capital Territory,Abuja Municipal Area Council,Gui,,164,162,102,35,33,2,2,60,67,2
2022/2023,Male,all,WAEC,University,ward,Bwari Central,North Central,Federal Capital Territory,Bwari,Bwari Central,,128,126,75,26,23,3,2,51,49,3
2022/2023,Male,all,WAEC,University,ward,Dutse Alhaji,North Central,Federal Capital Territory,Bwari,Dutse Alhaji,,343,338,199,66,56,10,5,139,133,10
2022/2023,Male,all,WAEC,University,ward,Dobi,North Central,Federal Capital Territory,Gwagwalada,Dobi,,410,404,243,79,70,9,6,161,164,9
2022/2023,Male,all,WAEC,University,ward,Gwagwalada Centre,North Central,Federal Capital Territory,Gwagwalada,Gwagwalada Centre,,195,192,116,35,33,2,3,76,81,2
2022/2023,Male,all,WAEC,University,ward,Gwako,North Central,Federal Capital Territory,Gwagwalada,Gwako,,609,600,364,136,126,10,9,236,228,10
2022/2023,Male,all,WAEC,University,ward,Chibiri,North Central,Federal Capital Territory,Kuje,Chibiri,,433,427,262,96,88,8,6,165,166,8
2022/2023,Male,all,WAEC,University,ward,Gaube,North Central,Federal Capital Territory,Kuje,Gaube,,164,162,99,35,33,2,2,63,64,2
2022/2023,Male,all,WAEC,University,ward,Gudun Karya,North Central,Federal Capital Territory,Kuje,Gudun Karya,,161,159,94,35,32,3,2,65,59,3
2022/2023,Male,all,WAEC,University,ward,Ashara,North Central,Federal Capital Territory,Kwali,Ashara,,397,391,224,70,60,10,6,167,154,10
2022/2023,Male,all,WAEC,University,ward,Dafa,North Central,Federal Capital Territory,Kwali,Dafa,,884,871,519,175,158,17,13,352,344,17
2022/2023,Male,all,WAEC,University,ward,Gumbo,North Central,Federal Capital Territory,Kwali,Gumbo,,259,255,163,66,60,6,4,92,97,6
2022/2023,Male,disabled,NABTEB,College of Education,ward,City Centre,North Central,Federal Capital Territory,Abuja Municipal Area Council,City Centre,,41,41,24,18,18,0,0,17,6,0
2022/2023,Male,disabled,NABTEB,College of Education,ward,Garki,North Central,Federal Capital Territory,Abuja Municipal Area Council,Garki,,41,41,24,11,12,0,0,17,13,0
2022/2023,Male,disabled,NABTEB,College of Education,ward,Gui,North Central,Federal Capital Territory,Abuja Municipal Area Council,Gui,,43,43,24,11,12,0,0,19,13,0
2022/2023,Male,disabled,NABTEB,College of Education,ward,Bwari Central,North Central,Federal Capital Territory,Bwari,Bwari Central,,16,16,10,6,6,0,0,6,4,0
2022/2023,Male,disabled,NABTEB,College of Education,ward,Byazhin,North Central,Federal Capital Territory,Bwari,Byazhin,,44,44,27,12,12,0,0,17,15,0
2022/2023,Male,disabled,NABTEB,College of Education,ward,Dutse Alhaji,North Central,Federal Capital Territory,Bwari,Dutse Alhaji,,25,25,14,12,12,0,0,11,2,0
2022/2023,Male,disabled,NABTEB,College of Education,ward,Dobi,North Central,Federal Capital Territory,Gwagwalada,Dobi,,13,13,7,0,0,0,0,6,7,0
2022/2023,Male,disabled,NABTEB,College of Education,ward,Gwagwalada Centre,North Central,Federal Capital Territory,Gwagwalada,Gwagwalada Centre,,39,39,21,12,12,0,0,18,9,0
2022/2023,Male,disabled,NABTEB,College of Education,ward,Chibiri,North Central,Federal Capital Territory,Kuje,Chibiri,,12,12,7,0,0,0,0,5,7,0
2022/2023,Male,disabled,NABTEB,College of Education,ward,Gaube,North Central,Federal Capital Territory,Kuje,Gaube,,37,37,20,6,6,0,0,17,14,0
2022/2023,Male,disabled,NABTEB,College of Education,ward,Ashara,North Central,Federal Capital Territory,Kwali,Ashara,,31,31,17,12,12,0,0,14,5,0
2022/2023,Male,disabled,NABTEB,College of Education,ward,Gumbo,North Central,Federal Capital Territory,Kwali,Gumbo,,12,12,7,0,0,0,0,5,7,0
2022/2023,Male,disabled,NABTEB,Polytechnic,ward,City Centre,North Central,Federal Capital Territory,Abuja Municipal Area Council,City Centre,,12,12,7,6,6,0,0,5,1,0
2022/2023,Male,disabled,NABTEB,Polytechnic,ward,Garki,North Central,Federal Capital Territory,Abuja Municipal Area Council,Garki,,19,19,10,6,6,0,0,9,4,0
2022/2023,Male,disabled,NABTEB,Polytechnic,ward,Bwari Central,North Central,Federal Capital Territory,Bwari,Bwari Central,,26,26,14,12,12,0,0,12,2,0
2022/2023,Male,disabled,NABTEB,Polytechnic,ward,Byazhin,North Central,Federal Capital Territory,Bwari,Byazhin,,12,12,7,0,0,0,0,5,7,0
2022/2023,Male,disabled,NABTEB,Polytechnic,ward,Dutse Alhaji,North Central,Federal Capital Territory,Bwari,Dutse Alhaji,,16,16,10,6,6,0,0,6,4,0
2022/2023,Male,disabled,NABTEB,Polytechnic,ward,Dobi,North Central,Federal Capital Territory,Gwagwalada,Dobi,,29,29,17,12,12,0,0,12,5,0
2022/2023,Male,disabled,NABTEB,Polytechnic,ward,Gwako,North Central,Federal Capital Territory,Gwagwalada,Gwako,,16,16,10,6,6,0,0,6,4,0
2022/2023,Male,disabled,NABTEB,Polytechnic,ward,Chibiri,North Central,Federal Capital Territory,Kuje,Chibiri,,24,24,14,0,0,0,0,10,14,0
2022/2023,Male,disabled,NABTEB,Polytechnic,ward,Gaube,North Central,Federal Capital Territory,Kuje,Gaube,,16,16,10,0,0,0,0,6,10,0
2022/2023,Male,disabled,NABTEB,Polytechnic,ward,Gudun Karya,North Central,Federal Capital Territory,Kuje,Gudun Karya,,36,36,21,6,6,0,0,15,15,0
2022/2023,Male,disabled,NABTEB,Polytechnic,ward,Ashara,North Central,Federal Capital Territory,Kwali,Ashara,,19,19,10,6,6,0,0,9,4,0
2022/2023,Male,disabled,NABTEB,Polytechnic,ward,Dafa,North Central,Federal Capital Territory,Kwali,Dafa,,16,16,7,6,6,0,0,9,1,0
2022/2023,Male,disabled,NABTEB,Polytechnic,ward,Gumbo,North Central,Federal Capital Territory,Kwali,Gumbo,,28,28,17,12,12,0,0,11,5,0
2022/2023,Male,disabled,NABTEB,University,ward,Gui,North Central,Federal Capital Territory,Abuja Municipal Area Council,Gui,,12,12,7,6,6,0,0,5,1,0
2022/2023,Male,disabled,NABTEB,University,ward,Bwari Central,North Central,Federal Capital Territory,Bwari,Bwari Central,,13,13,7,6,6,0,0,6,1,0
2022/2023,Male,disabled,NABTEB,University,ward,Dutse Alhaji,North Central,Federal Capital Territory,Bwari,Dutse Alhaji,,13,13,7,6,6,0,0,6,1,0
2022/2023,Male,disabled,NABTEB,University,ward,Dobi,North Central,Federal Capital Territory,Gwagwalada,Dobi,,16,16,7,0,0,0,0,9,7,0
2022/2023,Male,disabled,NABTEB,University,ward,Gwagwalada Centre,North Central,Federal Capital Territory,Gwagwalada,Gwagwalada Centre,,13,13,7,0,0,0,0,6,7,0
2022/2023,Male,disabled,NABTEB,University,ward,Gwako,North Central,Federal Capital Territory,Gwagwalada,Gwako,,36,36,21,12,12,0,0,15,9,0
2022/2023,Male,disabled,NABTEB,University,ward,Chibiri,North Central,Federal Capital Territory,Kuje,Chibiri,,16,16,10,6,6,0,0,6,4,0
2022/2023,Male,disabled,NABTEB,University,ward,Gaube,North Central,Federal Capital Territory,Kuje,Gaube,,12,12,7,0,0,0,0,5,7,0
2022/2023,Male,disabled,NABTEB,University,ward,Gudun Karya,North Central,Federal Capital Territory,Kuje,Gudun Karya,,12,12,7,6,6,0,0,5,1,0
2022/2023,Male,disabled,NABTEB,University,ward,Ashara,North Central,Federal Capital Territory,Kwali,Ashara,,12,12,7,0,0,0,0,5,7,0
2022/2023,Male,disabled,NABTEB,University,ward,Dafa,North Central,Federal Capital Territory,Kwali,Dafa,,40,40,21,6,6,0,0,19,15,0
2022/2023,Male,disabled,NABTEB,University,ward,Gumbo,North Central,Federal Capital Territory,Kwali,Gumbo,,12,12,7,6,6,0,0,5,1,0
2022/2023,Male,disabled,NECO,College of Education,ward,City Centre,North Central,Federal Capital Territory,Abuja Municipal Area Council,City Centre,,61,61,33,15,15,0,0,28,18,0
2022/2023,Male,disabled,NECO,College of Education,ward,Garki,North Central,Federal Capital Territory,Abuja Municipal Area Council,Garki,,72,71,39,10,10,0,1,32,29,0
2022/2023,Male,disabled,NECO,College of Education,ward,Gui,North Central,Federal Capital Territory,Abuja Municipal Area Council,Gui,,73,72,36,15,15,0,1,36,21,0
2022/2023,Male,disabled,NECO,College of Education,ward,Bwari Central,North Central,Federal Capital Territory,Bwari,Bwari Central,,27,27,15,5,5,0,0,12,10,0
2022/2023,Male,disabled,NECO,College of Education,ward,Byazhin,North Central,Federal Capital Territory,Bwari,Byazhin,,82,81,42,10,10,0,1,39,32,0
2022/2023,Male,disabled,NECO,College of Education,ward,Dutse Alhaji,North Central,Federal Capital Territory,Bwari,Dutse Alhaji,,41,41,24,10,10,0,0,17,14,0
2022/2023,Male,disabled,NECO,College of Education,ward,Dobi,North Central,Federal Capital Territory,Gwagwalada,Dobi,,17,17,9,5,5,0,0,8,4,0
2022/2023,Male,disabled,NECO,College of Education,ward,Gwagwalada Centre,North Central,Federal Capital Territory,Gwagwalada,Gwagwalada Centre,,54,54,33,15,15,0,0,21,18,0
2022/2023,Male,disabled,NECO,College of Education,ward,Chibiri,North Central,Federal Capital Territory,Kuje,Chibiri,,14,14,6,5,5,0,0,8,1,0
2022/2023,Male,disabled,NECO,College of Education,ward,Gaube,North Central,Federal Capital Territory,Kuje,Gaube,,59,58,37,13,14,0,1,21,24,0
2022/2023,Male,disabled,NECO,College of Education,ward,Ashara,North Central,Federal Capital Territory,Kwali,Ashara,,52,51,27,8,10,0,1,24,19,0
2022/2023,Male,disabled,NECO,College of Education,ward,Gumbo,North Central,Federal Capital Territory,Kwali,Gumbo,,17,17,9,5,5,0,0,8,4,0
2022/2023,Male,disabled,NECO,Polytechnic,ward,City Centre,North Central,Federal Capital Territory,Abuja Municipal Area Council,City Centre,,27,27,15,5,5,0,0,12,10,0
2022/2023,Male,disabled,NECO,Polytechnic,ward,Garki,North Central,Federal Capital Territory,Abuja Municipal Area Council,Garki,,35,34,18,5,5,0,1,16,13,0
2022/2023,Male,disabled,NECO,Polytechnic,ward,Bwari Central,North Central,Federal Capital Territory,Bwari,Bwari Central,,50,50,30,10,10,0,0,20,20,0
2022/2023,Male,disabled,NECO,Polytechnic,ward,Byazhin,North Central,Federal Capital Territory,Bwari,Byazhin,,24,24,12,5,5,0,0,12,7,0
2022/2023,Male,disabled,NECO,Polytechnic,ward,Dutse Alhaji,North Central,Federal Capital Territory,Bwari,Dutse Alhaji,,24,24,12,5,5,0,0,12,7,0
2022/2023,Male,disabled,NECO,Polytechnic,ward,Dobi,North Central,Federal Capital Territory,Gwagwalada,Dobi,,52,51,30,10,10,0,1,21,20,0
2022/2023,Male,disabled,NECO,Polytechnic,ward,Gwako,North Central,Federal Capital Territory,Gwagwalada,Gwako,,27,27,15,4,5,0,0,12,11,0
2022/2023,Male,disabled,NECO,Polytechnic,ward,Chibiri,North Central,Federal Capital Territory,Kuje,Chibiri,,51,51,27,9,10,0,0,24,18,0
2022/2023,Male,disabled,NECO,Polytechnic,ward,Gaube,North Central,Federal Capital Territory,Kuje,Gaube,,30,30,18,4,5,0,0,12,14,0
2022/2023,Male,disabled,NECO,Polytechnic,ward,Gudun Karya,North Central,Federal Capital Territory,Kuje,Gudun Karya,,67,67,39,14,15,0,0,28,25,0
2022/2023,Male,disabled,NECO,Polytechnic,ward,Ashara,North Central,Federal Capital Territory,Kwali,Ashara,,30,30,15,4,5,0,0,15,11,0
2022/2023,Male,disabled,NECO,Polytechnic,ward,Dafa,North Central,Federal Capital Territory,Kwali,Dafa,,27,27,15,4,5,0,0,12,11,0
2022/2023,Male,disabled,NECO,Polytechnic,ward,Gumbo,North Central,Federal Capital Territory,Kwali,Gumbo,,44,44,27,10,10,0,0,17,17,0
2022/2023,Male,disabled,NECO,University,ward,Gui,North Central,Federal Capital Territory,Abuja Municipal Area Council,Gui,,14,14,6,5,5,0,0,8,1,0
2022/2023,Male,disabled,NECO,University,ward,Bwari Central,North Central,Federal Capital Territory,Bwari,Bwari Central,,14,14,9,5,5,0,0,5,4,0
2022/2023,Male,disabled,NECO,University,ward,Dutse Alhaji,North Central,Federal Capital Territory,Bwari,Dutse Alhaji,,24,24,15,5,5,0,0,9,10,0
2022/2023,Male,disabled,NECO,University,ward,Dobi,North Central,Federal Capital Territory,Gwagwalada,Dobi,,30,30,18,0,0,0,0,12,18,0
2022/2023,Male,disabled,NECO,University,ward,Gwagwalada Centre,North Central,Federal Capital Territory,Gwagwalada,Gwagwalada Centre,,20,20,12,5,5,0,0,8,7,0
2022/2023,Male,disabled,NECO,University,ward,Gwako,North Central,Federal Capital Territory,Gwagwalada,Gwako,,48,48,27,12,14,0,0,21,15,0
2022/2023,Male,disabled,NECO,University,ward,Chibiri,North Central,Federal Capital Territory,Kuje,Chibiri,,27,27,15,4,5,0,0,12,11,0
2022/2023,Male,disabled,NECO,University,ward,Gaube,North Central,Federal Capital Territory,Kuje,Gaube,,14,14,6,4,5,0,0,8,2,0
2022/2023,Male,disabled,NECO,University,ward,Gudun Karya,North Central,Federal Capital Territory,Kuje,Gudun Karya,,17,17,9,5,5,0,0,8,4,0
2022/2023,Male,disabled,NECO,University,ward,Ashara,North Central,Federal Capital Territory,Kwali,Ashara,,24,24,12,4,5,0,0,12,8,0
2022/2023,Male,disabled,NECO,University,ward,Dafa,North Central,Federal Capital Territory,Kwali,Dafa,,55,55,30,15,15,0,0,25,15,0
2022/2023,Male,disabled,NECO,University,ward,Gumbo,North Central,Federal Capital Territory,Kwali,Gumbo,,14,14,9,5,5,0,0,5,4,0
2022/2023,Male,disabled,WAEC,College of Education,ward,City Centre,North Central,Federal Capital Territory,Abuja Municipal Area Council,City Centre,,87,86,47,12,15,0,1,39,35,0
2022/2023,Male,disabled,WAEC,College of Education,ward,Garki,North Central,Federal Capital Territory,Abuja Municipal Area Council,Garki,,88,87,50,12,15,0,1,37,38,0
2022/2023,Male,disabled,WAEC,College of Education,ward,Gui,North Central,Federal Capital Territory,Abuja Municipal Area Council,Gui,,90,89,50,12,15,0,1,39,38,0
2022/2023,Male,disabled,WAEC,College of Education,ward,Bwari Central,North Central,Federal Capital Territory,Bwari,Bwari Central,,41,40,25,9,9,0,1,15,16,0
2022/2023,Male,disabled,WAEC,College of Education,ward,Byazhin,North Central,Federal Capital Territory,Bwari,Byazhin,,94,93,52,14,15,0,1,41,38,0
2022/2023,Male,disabled,WAEC,College of Education,ward,Dutse Alhaji,North Central,Federal Capital Territory,Bwari,Dutse Alhaji,,58,57,36,14,14,0,1,21,22,0
2022/2023,Male,disabled,WAEC,College of Education,ward,Dobi,North Central,Federal Capital Territory,Gwagwalada,Dobi,,23,23,14,4,5,0,0,9,10,0
2022/2023,Male,disabled,WAEC,College of Education,ward,Gwagwalada Centre,North Central,Federal Capital Territory,Gwagwalada,Gwagwalada Centre,,67,67,36,13,15,0,0,31,23,0
2022/2023,Male,disabled,WAEC,College of Education,ward,Chibiri,North Central,Federal Capital Territory,Kuje,Chibiri,,17,17,8,4,5,0,0,9,4,0
2022/2023,Male,disabled,WAEC,College of Education,ward,Gaube,North Central,Federal Capital Territory,Kuje,Gaube,,74,73,41,13,14,0,1,32,28,0
2022/2023,Male,disabled,WAEC,College of Education,ward,Ashara,North Central,Federal Capital Territory,Kwali,Ashara,,60,59,33,8,10,0,1,26,25,0
2022/2023,Male,disabled,WAEC,College of Education,ward,Gumbo,North Central,Federal Capital Territory,Kwali,Gumbo,,20,20,11,4,5,0,0,9,7,0
2022/2023,Male,disabled,WAEC,Polytechnic,ward,City Centre,North Central,Federal Capital Territory,Abuja Municipal Area Council,City Centre,,33,33,19,4,5,0,0,14,15,0
2022/2023,Male,disabled,WAEC,Polytechnic,ward,Garki,North Central,Federal Capital Territory,Abuja Municipal Area Council,Garki,,44,43,25,9,9,0,1,18,16,0
2022/2023,Male,disabled,WAEC,Polytechnic,ward,Bwari Central,North Central,Federal Capital Territory,Bwari,Bwari Central,,64,63,39,13,14,0,1,24,26,0
2022/2023,Male,disabled,WAEC,Polytechnic,ward,Byazhin,North Central,Federal Capital Territory,Bwari,Byazhin,,30,30,17,4,5,0,0,13,13,0
2022/2023,Male,disabled,WAEC,Polytechnic,ward,Dutse Alhaji,North Central,Federal Capital Territory,Bwari,Dutse Alhaji,,30,30,17,5,5,0,0,13,12,0
2022/2023,Male,disabled,WAEC,Polytechnic,ward,Dobi,North Central,Federal Capital Territory,Gwagwalada,Dobi,,71,70,39,13,14,0,1,31,26,0
2022/2023,Male,disabled,WAEC,Polytechnic,ward,Gwako,North Central,Federal Capital Territory,Gwagwalada,Gwako,,37,36,22,4,5,0,1,14,18,0
2022/2023,Male,disabled,WAEC,Polytechnic,ward,Chibiri,North Central,Federal Capital Territory,Kuje,Chibiri,,74,72,41,8,10,0,2,31,33,0
2022/2023,Male,disabled,WAEC,Polytechnic,ward,Gaube,North Central,Federal Capital Territory,Kuje,Gaube,,44,43,25,9,9,0,1,18,16,0
2022/2023,Male,disabled,WAEC,Polytechnic,ward,Gudun Karya,North Central,Federal Capital Territory,Kuje,Gudun Karya,,100,99,56,12,15,0,1,43,44,0
2022/2023,Male,disabled,WAEC,Polytechnic,ward,Ashara,North Central,Federal Capital Territory,Kwali,Ashara,,47,46,25,9,9,0,1,21,16,0
2022/2023,Male,disabled,WAEC,Polytechnic,ward,Dafa,North Central,Federal Capital Territory,Kwali,Dafa,,33,33,19,4,5,0,0,14,15,0
2022/2023,Male,disabled,WAEC,Polytechnic,ward,Gumbo,North Central,Federal Capital Territory,Kwali,Gumbo,,54,53,33,13,14,0,1,20,20,0
2022/2023,Male,disabled,WAEC,University,ward,Gui,North Central,Federal Capital Territory,Abuja Municipal Area Council,Gui,,20,20,11,4,5,0,0,9,7,0
2022/2023,Male,disabled,WAEC,University,ward,Bwari Central,North Central,Federal Capital Territory,Bwari,Bwari Central,,13,13,8,4,5,0,0,5,4,0
2022/2023,Male,disabled,WAEC,University,ward,Dutse Alhaji,North Central,Federal Capital Territory,Bwari,Dutse Alhaji,,26,26,17,4,5,0,0,9,13,0
2022/2023,Male,disabled,WAEC,University,ward,Dobi,North Central,Federal Capital Territory,Gwagwalada,Dobi,,41,40,22,5,5,0,1,18,17,0
2022/2023,Male,disabled,WAEC,University,ward,Gwagwalada Centre,North Central,Federal Capital Territory,Gwagwalada,Gwagwalada Centre,,23,23,14,5,5,0,0,9,9,0
2022/2023,Male,disabled,WAEC,University,ward,Gwako,North Central,Federal Capital Territory,Gwagwalada,Gwako,,57,57,33,12,15,0,0,24,21,0
2022/2023,Male,disabled,WAEC,University,ward,Chibiri,North Central,Federal Capital Territory,Kuje,Chibiri,,37,36,22,9,9,0,1,14,13,0
2022/2023,Male,disabled,WAEC,University,ward,Gaube,North Central,Federal Capital Territory,Kuje,Gaube,,13,13,8,4,5,0,0,5,4,0
2022/2023,Male,disabled,WAEC,University,ward,Gudun Karya,North Central,Federal Capital Territory,Kuje,Gudun Karya,,23,23,14,4,5,0,0,9,10,0
2022/2023,Male,disabled,WAEC,University,ward,Ashara,North Central,Federal Capital Territory,Kwali,Ashara,,33,33,17,4,5,0,0,16,13,0
2022/2023,Male,disabled,WAEC,University,ward,Dafa,North Central,Federal Capital Territory,Kwali,Dafa,,87,86,50,12,15,0,1,36,38,0
2022/2023,Male,disabled,WAEC,University,ward,Gumbo,North Central,Federal Capital Territory,Kwali,Gumbo,,20,20,11,4,5,0,0,9,7,0
2023/2024,Female,all,NABTEB,College of Education,ward,City Centre,North Central,Federal Capital Territory,Abuja Municipal Area Council,City Centre,,270,267,178,75,66,10,3,89,103,10
2023/2024,Female,all,NABTEB,College of Education,ward,Garki,North Central,Federal Capital Territory,Abuja Municipal Area Council,Garki,,316,312,193,81,72,10,4,119,112,10
2023/2024,Female,all,NABTEB,College of Education,ward,Gui,North Central,Federal Capital Territory,Abuja Municipal Area Council,Gui,,382,376,235,99,91,9,6,141,136,9
2023/2024,Female,all,NABTEB,College of Education,ward,Bwari Central,North Central,Federal Capital Territory,Bwari,Bwari Central,,131,129,83,31,26,5,2,46,52,5
2023/2024,Female,all,NABTEB,College of Education,ward,Byazhin,North Central,Federal Capital Territory,Bwari,Byazhin,,368,363,224,75,65,11,5,139,149,11
2023/2024,Female,all,NABTEB,College of Education,ward,Dutse Alhaji,North Central,Federal Capital Territory,Bwari,Dutse Alhaji,,203,200,125,56,53,4,3,75,69,4
2023/2024,Female,all,NABTEB,College of Education,ward,Dobi,North Central,Federal Capital Territory,Gwagwalada,Dobi,,89,88,49,19,20,0,1,39,30,0
2023/2024,Female,all,NABTEB,College of Education,ward,Gwagwalada Centre,North Central,Federal Capital Territory,Gwagwalada,Gwagwalada Centre,,299,294,190,81,72,10,5,104,109,10
2023/2024,Female,all,NABTEB,College of Education,ward,Chibiri,North Central,Federal Capital Territory,Kuje,Chibiri,,96,95,61,25,26,0,1,34,36,0
2023/2024,Female,all,NABTEB,College of Education,ward,Gaube,North Central,Federal Capital Territory,Kuje,Gaube,,247,244,171,62,59,4,3,73,109,4
2023/2024,Female,all,NABTEB,College of Education,ward,Ashara,North Central,Federal Capital Territory,Kwali,Ashara,,244,240,159,50,46,5,4,81,109,5
2023/2024,Female,all,NABTEB,College of Education,ward,Gumbo,North Central,Federal Capital Territory,Kwali,Gumbo,,104,102,61,25,26,0,2,41,36,0
2023/2024,Female,all,NABTEB,Polytechnic,ward,City Centre,North Central,Federal Capital Territory,Abuja Municipal Area Council,City Centre,,144,142,95,37,33,4,2,47,58,4
2023/2024,Female,all,NABTEB,Polytechnic,ward,Garki,North Central,Federal Capital Territory,Abuja Municipal Area Council,Garki,,161,159,99,31,26,5,2,60,68,5
2023/2024,Female,all,NABTEB,Polytechnic,ward,Bwari Central,North Central,Federal Capital Territory,Bwari,Bwari Central,,228,224,144,62,52,10,4,80,82,10
2023/2024,Female,all,NABTEB,Polytechnic,ward,Byazhin,North Central,Federal Capital Territory,Bwari,Byazhin,,148,146,95,31,26,5,2,51,64,5
2023/2024,Female,all,NABTEB,Polytechnic,ward,Dutse Alhaji,North Central,Federal Capital Territory,Bwari,Dutse Alhaji,,114,112,72,25,20,5,2,40,47,5
2023/2024,Female,all,NABTEB,Polytechnic,ward,Dobi,North Central,Federal Capital Territory,Gwagwalada,Dobi,,234,231,148,62,53,9,3,83,86,9
2023/2024,Female,all,NABTEB,Polytechnic,ward,Gwako,North Central,Federal Capital Territory,Gwagwalada,Gwako,,144,142,95,37,33,4,2,47,58,4
2023/2024,Female,all,NABTEB,Polytechnic,ward,Chibiri,North Central,Federal Capital Territory,Kuje,Chibiri,,234,230,151,62,52,10,4,79,89,10
2023/2024,Female,all,NABTEB,Polytechnic,ward,Gaube,North Central,Federal Capital Territory,Kuje,Gaube,,155,153,99,37,33,4,2,54,62,4
2023/2024,Female,all,NABTEB,Polytechnic,ward,Gudun Karya,North Central,Federal Capital Territory,Kuje,Gudun Karya,,274,271,167,50,46,5,3,104,117,5
2023/2024,Female,all,NABTEB,Polytechnic,ward,Ashara,North Central,Federal Capital Territory,Kwali,Ashara,,141,139,80,25,20,5,2,59,55,5
2023/2024,Female,all,NABTEB,Polytechnic,ward,Dafa,North Central,Federal Capital Territory,Kwali,Dafa,,124,122,80,31,26,5,2,42,49,5
2023/2024,Female,all,NABTEB,Polytechnic,ward,Gumbo,North Central,Federal Capital Territory,Kwali,Gumbo,,186,183,121,56,52,5,3,62,65,5
2023/2024,Female,all,NABTEB,University,ward,Gui,North Central,Federal Capital Territory,Abuja Municipal Area Council,Gui,,76,75,49,19,20,0,1,26,30,0
2023/2024,Female,all,NABTEB,University,ward,Bwari Central,North Central,Federal Capital Territory,Bwari,Bwari Central,,69,68,42,19,20,0,1,26,23,0
2023/2024,Female,all,NABTEB,University,ward,Dutse Alhaji,North Central,Federal Capital Territory,Bwari,Dutse Alhaji,,183,180,118,50,46,4,3,62,68,4
2023/2024,Female,all,NABTEB,University,ward,Dobi,North Central,Federal Capital Territory,Gwagwalada,Dobi,,158,156,95,25,20,5,2,61,70,5
2023/2024,Female,all,NABTEB,University,ward,Gwagwalada Centre,North Central,Federal Capital Territory,Gwagwalada,Gwagwalada Centre,,92,91,57,19,13,6,1,34,38,6
2023/2024,Female,all,NABTEB,University,ward,Gwako,North Central,Federal Capital Territory,Gwagwalada,Gwako,,290,285,190,81,72,10,5,95,109,10
2023/2024,Female,all,NABTEB,University,ward,Chibiri,North Central,Federal Capital Territory,Kuje,Chibiri,,151,149,95,37,33,4,2,54,58,4
2023/2024,Female,all,NABTEB,University,ward,Gaube,North Central,Federal Capital Territory,Kuje,Gaube,,76,75,45,19,20,0,1,30,26,0
2023/2024,Female,all,NABTEB,University,ward,Gudun Karya,North Central,Federal Capital Territory,Kuje,Gudun Karya,,69,68,42,19,20,0,1,26,23,0
2023/2024,Female,all,NABTEB,University,ward,Ashara,North Central,Federal Capital Territory,Kwali,Ashara,,134,132,83,31,26,5,2,49,52,5
2023/2024,Female,all,NABTEB,University,ward,Dafa,North Central,Federal Capital Territory,Kwali,Dafa,,359,353,220,87,72,15,6,133,133,15
2023/2024,Female,all,NABTEB,University,ward,Gumbo,North Central,Federal Capital Territory,Kwali,Gumbo,,96,95,61,31,26,5,1,34,30,5
2023/2024,Female,all,NECO,College of Education,ward,City Centre,North Central,Federal Capital Territory,Abuja Municipal Area Council,City Centre,,500,492,330,128,114,14,8,162,202,14
2023/2024,Female,all,NECO,College of Education,ward,Garki,North Central,Federal Capital Territory,Abuja Municipal Area Council,Garki,,618,609,388,143,124,19,9,221,245,19
2023/2024,Female,all,NECO,College of Education,ward,Gui,North Central,Federal Capital Territory,Abuja Municipal Area Council,Gui,,656,646,397,133,119,14,10,249,264,14
2023/2024,Female,all,NECO,College of Education,ward,Bwari Central,North Central,Federal Capital Territory,Bwari,Bwari Central,,250,246,162,61,52,9,4,84,101,9
2023/2024,Female,all,NECO,College of Education,ward,Byazhin,North Central,Federal Capital Territory,Bwari,Byazhin,,688,678,435,138,124,14,10,243,297,14
2023/2024,Female,all,NECO,College of Education,ward,Dutse Alhaji,North Central,Federal Capital Territory,Bwari,Dutse Alhaji,,412,406,266,103,88,15,6,140,163,15
2023/2024,Female,all,NECO,College of Education,ward,Dobi,North Central,Federal Capital Territory,Gwagwalada,Dobi,,151,149,94,31,26,5,2,55,63,5
2023/2024,Female,all,NECO,College of Education,ward,Gwagwalada Centre,North Central,Federal Capital Territory,Gwagwalada,Gwagwalada Centre,,530,522,344,128,114,14,8,178,216,14
2023/2024,Female,all,NECO,College of Education,ward,Chibiri,North Central,Federal Capital Territory,Kuje,Chibiri,,181,178,118,46,41,5,3,60,72,5
2023/2024,Female,all,NECO,College of Education,ward,Gaube,North Central,Federal Capital Territory,Kuje,Gaube,,540,532,341,128,109,19,8,191,213,19
2023/2024,Female,all,NECO,College of Education,ward,Ashara,North Central,Federal Capital Territory,Kwali,Ashara,,439,432,280,92,78,14,7,152,188,14
2023/2024,Female,all,NECO,College of Education,ward,Gumbo,North Central,Federal Capital Territory,Kwali,Gumbo,,224,221,142,51,42,9,3,79,91,9
2023/2024,Female,all,NECO,Polytechnic,ward,City Centre,North Central,Federal Capital Territory,Abuja Municipal Area Council,City Centre,,320,315,199,77,67,10,5,116,122,10
2023/2024,Female,all,NECO,Polytechnic,ward,Garki,North Central,Federal Capital Territory,Abuja Municipal Area Council,Garki,,324,319,189,56,47,9,5,130,133,9
2023/2024,Female,all,NECO,Polytechnic,ward,Bwari Central,North Central,Federal Capital Territory,Bwari,Bwari Central,,438,431,273,102,88,14,7,158,171,14
2023/2024,Female,all,NECO,Polytechnic,ward,Byazhin,North Central,Federal Capital Territory,Bwari,Byazhin,,309,304,195,61,52,9,5,109,134,9
2023/2024,Female,all,NECO,Polytechnic,ward,Dutse Alhaji,North Central,Federal Capital Territory,Bwari,Dutse Alhaji,,210,207,135,51,41,10,3,72,84,10
2023/2024,Female,all,NECO,Polytechnic,ward,Dobi,North Central,Federal Capital Territory,Gwagwalada,Dobi,,438,432,273,102,88,14,6,159,171,14
2023/2024,Female,all,NECO,Polytechnic,ward,Gwako,North Central,Federal Capital Territory,Gwagwalada,Gwako,,258,254,165,56,47,9,4,89,109,9
2023/2024,Female,all,NECO,Polytechnic,ward,Chibiri,North Central,Federal Capital Territory,Kuje,Chibiri,,455,449,283,97,88,9,6,166,186,9
2023/2024,Female,all,NECO,Polytechnic,ward,Gaube,North Central,Federal Capital Territory,Kuje,Gaube,,258,254,162,56,52,4,4,92,106,4
2023/2024,Female,all,NECO,Polytechnic,ward,Gudun Karya,North Central,Federal Capital Territory,Kuje,Gudun Karya,,456,450,283,98,83,15,6,167,185,15
2023/2024,Female,all,NECO,Polytechnic,ward,Ashara,North Central,Federal Capital Territory,Kwali,Ashara,,309,304,185,56,47,9,5,119,129,9
2023/2024,Female,all,NECO,Polytechnic,ward,Dafa,North Central,Federal Capital Territory,Kwali,Dafa,,217,214,135,41,36,5,3,79,94,5
2023/2024,Female,all,NECO,Polytechnic,ward,Gumbo,North Central,Federal Capital Territory,Kwali,Gumbo,,321,316,209,82,72,10,5,107,127,10
2023/2024,Female,all,NECO,University,ward,Gui,North Central,Federal Capital Territory,Abuja Municipal Area Council,Gui,,129,127,78,31,26,5,2,49,47,5
2023/2024,Female,all,NECO,University,ward,Bwari Central,North Central,Federal Capital Territory,Bwari,Bwari Central,,111,109,71,26,21,5,2,38,45,5
2023/2024,Female,all,NECO,University,ward,Dutse Alhaji,North Central,Federal Capital Territory,Bwari,Dutse Alhaji,,306,301,199,61,52,9,5,102,138,9
2023/2024,Female,all,NECO,University,ward,Dobi,North Central,Federal Capital Territory,Gwagwalada,Dobi,,261,257,155,51,41,10,4,102,104,10
2023/2024,Female,all,NECO,University,ward,Gwagwalada Centre,North Central,Federal Capital Territory,Gwagwalada,Gwagwalada Centre,,191,188,115,41,36,5,3,73,74,5
2023/2024,Female,all,NECO,University,ward,Gwako,North Central,Federal Capital Territory,Gwagwalada,Gwako,,511,503,324,138,114,24,8,179,186,24
2023/2024,Female,all,NECO,University,ward,Chibiri,North Central,Federal Capital Territory,Kuje,Chibiri,,276,272,179,56,47,9,4,93,123,9
2023/2024,Female,all,NECO,University,ward,Gaube,North Central,Federal Capital Territory,Kuje,Gaube,,125,123,81,31,26,5,2,42,50,5
2023/2024,Female,all,NECO,University,ward,Gudun Karya,North Central,Federal Capital Territory,Kuje,Gudun Karya,,118,116,71,26,21,5,2,45,45,5
2023/2024,Female,all,NECO,University,ward,Ashara,North Central,Federal Capital Territory,Kwali,Ashara,,247,243,152,51,47,4,4,91,101,4
2023/2024,Female,all,NECO,University,ward,Dafa,North Central,Federal Capital Territory,Kwali,Dafa,,598,590,361,118,104,14,8,229,243,14
2023/2024,Female,all,NECO,University,ward,Gumbo,North Central,Federal Capital Territory,Kwali,Gumbo,,188,185,128,56,52,4,3,57,72,4
2023/2024,Female,all,WAEC,College of Education,ward,City Centre,North Central,Federal Capital Territory,Abuja Municipal Area Council,City Centre,,640,630,399,166,152,14,10,231,233,14
2023/2024,Female,all,WAEC,College of Education,ward,Garki,North Central,Federal Capital Territory,Abuja Municipal Area Council,Garki,,869,857,531,202,184,18,12,326,329,18
2023/2024,Female,all,WAEC,College of Education,ward,Gui,North Central,Federal Capital Territory,Abuja Municipal Area Council,Gui,,913,900,559,217,200,17,13,341,342,17
2023/2024,Female,all,WAEC,College of Education,ward,Bwari Central,North Central,Federal Capital Territory,Bwari,Bwari Central,,357,352,241,111,97,14,5,111,130,14
2023/2024,Female,all,WAEC,College of Education,ward,Byazhin,North Central,Federal Capital Territory,Bwari,Byazhin,,876,864,534,192,173,19,12,330,342,19
2023/2024,Female,all,WAEC,College of Education,ward,Dutse Alhaji,North Central,Federal Capital Territory,Bwari,Dutse Alhaji,,508,500,335,151,141,10,8,165,184,10
2023/2024,Female,all,WAEC,College of Education,ward,Dobi,North Central,Federal Capital Territory,Gwagwalada,Dobi,,229,226,132,45,43,2,3,94,87,2
2023/2024,Female,all,WAEC,College of Education,ward,Gwagwalada Centre,North Central,Federal Capital Territory,Gwagwalada,Gwagwalada Centre,,719,708,464,181,162,19,11,244,283,19
2023/2024,Female,all,WAEC,College of Education,ward,Chibiri,North Central,Federal Capital Territory,Kuje,Chibiri,,214,211,132,50,43,7,3,79,82,7
2023/2024,Female,all,WAEC,College of Education,ward,Gaube,North Central,Federal Capital Territory,Kuje,Gaube,,742,731,479,196,179,17,11,252,283,17
2023/2024,Female,all,WAEC,College of Education,ward,Ashara,North Central,Federal Capital Territory,Kwali,Ashara,,568,560,348,136,119,17,8,212,212,17
2023/2024,Female,all,WAEC,College of Education,ward,Gumbo,North Central,Federal Capital Territory,Kwali,Gumbo,,245,241,148,50,49,1,4,93,98,1
2023/2024,Female,all,WAEC,Polytechnic,ward,City Centre,North Central,Federal Capital Territory,Abuja Municipal Area Council,City Centre,,403,397,248,86,76,10,6,149,162,10
2023/2024,Female,all,WAEC,Polytechnic,ward,Garki,North Central,Federal Capital Territory,Abuja Municipal Area Council,Garki,,421,415,261,96,87,9,6,154,165,9
2023/2024,Female,all,WAEC,Polytechnic,ward,Bwari Central,North Central,Federal Capital Territory,Bwari,Bwari Central,,531,523,344,142,130,12,8,179,202,12
2023/2024,Female,all,WAEC,Polytechnic,ward,Byazhin,North Central,Federal Capital Territory,Bwari,Byazhin,,377,371,232,81,70,11,6,139,151,11
2023/2024,Female,all,WAEC,Polytechnic,ward,Dutse Alhaji,North Central,Federal Capital Territory,Bwari,Dutse Alhaji,,256,252,161,61,54,7,4,91,100,7
2023/2024,Female,all,WAEC,Polytechnic,ward,Dobi,North Central,Federal Capital Territory,Gwagwalada,Dobi,,580,571,383,156,141,15,9,188,227,15
2023/2024,Female,all,WAEC,Polytechnic,ward,Gwako,North Central,Federal Capital Territory,Gwagwalada,Gwako,,346,341,235,106,97,9,5,106,129,9
2023/2024,Female,all,WAEC,Polytechnic,ward,Chibiri,North Central,Federal Capital Territory,Kuje,Chibiri,,624,615,403,162,152,10,9,212,241,10
2023/2024,Female,all,WAEC,Polytechnic,ward,Gaube,North Central,Federal Capital Territory,Kuje,Gaube,,331,326,212,76,70,6,5,114,136,6
2023/2024,Female,all,WAEC,Polytechnic,ward,Gudun Karya,North Central,Federal Capital Territory,Kuje,Gudun Karya,,654,645,405,160,141,19,9,240,245,19
2023/2024,Female,all,WAEC,Polytechnic,ward,Ashara,North Central,Federal Capital Territory,Kwali,Ashara,,452,445,274,86,81,5,7,171,188,5
2023/2024,Female,all,WAEC,Polytechnic,ward,Dafa,North Central,Federal Capital Territory,Kwali,Dafa,,316,311,183,71,65,6,5,128,112,6
2023/2024,Female,all,WAEC,Polytechnic,ward,Gumbo,North Central,Federal Capital Territory,Kwali,Gumbo,,444,438,280,121,113,8,6,158,159,8
2023/2024,Female,all,WAEC,University,ward,Gui,North Central,Federal Capital Territory,Abuja Municipal Area Council,Gui,,165,163,103,40,38,2,2,60,63,2
2023/2024,Female,all,WAEC,University,ward,Bwari Central,North Central,Federal Capital Territory,Bwari,Bwari Central,,150,148,97,35,33,2,2,51,62,2
2023/2024,Female,all,WAEC,University,ward,Dutse Alhaji,North Central,Federal Capital Territory,Bwari,Dutse Alhaji,,432,426,267,101,92,9,6,159,166,9
2023/2024,Female,all,WAEC,University,ward,Dobi,North Central,Federal Capital Territory,Gwagwalada,Dobi,,403,397,254,81,70,11,6,143,173,11
2023/2024,Female,all,WAEC,University,ward,Gwagwalada Centre,North Central,Federal Capital Territory,Gwagwalada,Gwagwalada Centre,,233,230,138,45,43,2,3,92,93,2
2023/2024,Female,all,WAEC,University,ward,Gwako,North Central,Federal Capital Territory,Gwagwalada,Gwako,,632,623,418,177,163,14,9,205,241,14
2023/2024,Female,all,WAEC,University,ward,Chibiri,North Central,Federal Capital Territory,Kuje,Chibiri,,403,397,261,106,97,9,6,136,155,9
2023/2024,Female,all,WAEC,University,ward,Gaube,North Central,Federal Capital Territory,Kuje,Gaube,,181,178,109,35,33,2,3,69,74,2
2023/2024,Female,all,WAEC,University,ward,Gudun Karya,North Central,Federal Capital Territory,Kuje,Gudun Karya,,196,193,119,45,43,2,3,74,74,2
2023/2024,Female,all,WAEC,University,ward,Ashara,North Central,Federal Capital Territory,Kwali,Ashara,,380,374,232,86,81,5,6,142,146,5
2023/2024,Female,all,WAEC,University,ward,Dafa,North Central,Federal Capital Territory,Kwali,Dafa,,935,922,566,207,190,17,13,356,359,17
2023/2024,Female,all,WAEC,University,ward,Gumbo,North Central,Federal Capital Territory,Kwali,Gumbo,,222,219,142,61,54,7,3,77,81,7
2023/2024,Female,disabled,NABTEB,College of Education,ward,City Centre,North Central,Federal Capital Territory,Abuja Municipal Area Council,City Centre,,42,42,24,18,18,0,0,18,6,0
2023/2024,Female,disabled,NABTEB,College of Education,ward,Garki,North Central,Federal Capital Territory,Abuja Municipal Area Council,Garki,,45,45,24,18,18,0,0,21,6,0
2023/2024,Female,disabled,NABTEB,College of Education,ward,Gui,North Central,Federal Capital Territory,Abuja Municipal Area Council,Gui,,52,52,27,18,19,0,0,25,9,0
2023/2024,Female,disabled,NABTEB,College of Education,ward,Bwari Central,North Central,Federal Capital Territory,Bwari,Bwari Central,,14,14,8,6,7,0,0,6,2,0
2023/2024,Female,disabled,NABTEB,College of Education,ward,Byazhin,North Central,Federal Capital Territory,Bwari,Byazhin,,48,48,27,12,14,0,0,21,15,0
2023/2024,Female,disabled,NABTEB,College of Education,ward,Dutse Alhaji,North Central,Federal Capital Territory,Bwari,Dutse Alhaji,,28,28,16,12,14,0,0,12,4,0
2023/2024,Female,disabled,NABTEB,College of Education,ward,Dobi,North Central,Federal Capital Territory,Gwagwalada,Dobi,,14,14,8,6,7,0,0,6,2,0
2023/2024,Female,disabled,NABTEB,College of Education,ward,Gwagwalada Centre,North Central,Federal Capital Territory,Gwagwalada,Gwagwalada Centre,,42,42,24,18,21,0,0,18,6,0
2023/2024,Female,disabled,NABTEB,College of Education,ward,Chibiri,North Central,Federal Capital Territory,Kuje,Chibiri,,13,13,8,6,6,0,0,5,2,0
2023/2024,Female,disabled,NABTEB,College of Education,ward,Gaube,North Central,Federal Capital Territory,Kuje,Gaube,,33,33,23,12,12,0,0,10,11,0
2023/2024,Female,disabled,NABTEB,College of Education,ward,Ashara,North Central,Federal Capital Territory,Kwali,Ashara,,37,37,22,12,12,0,0,15,10,0
2023/2024,Female,disabled,NABTEB,College of Education,ward,Gumbo,North Central,Federal Capital Territory,Kwali,Gumbo,,14,14,8,6,6,0,0,6,2,0
2023/2024,Female,disabled,NABTEB,Polytechnic,ward,City Centre,North Central,Federal Capital Territory,Abuja Municipal Area Council,City Centre,,14,14,8,6,6,0,0,6,2,0
2023/2024,Female,disabled,NABTEB,Polytechnic,ward,Garki,North Central,Federal Capital Territory,Abuja Municipal Area Council,Garki,,17,17,11,6,6,0,0,6,5,0
2023/2024,Female,disabled,NABTEB,Polytechnic,ward,Bwari Central,North Central,Federal Capital Territory,Bwari,Bwari Central,,28,28,16,12,13,0,0,12,4,0
2023/2024,Female,disabled,NABTEB,Polytechnic,ward,Byazhin,North Central,Federal Capital Territory,Bwari,Byazhin,,14,14,8,6,7,0,0,6,2,0
2023/2024,Female,disabled,NABTEB,Polytechnic,ward,Dutse Alhaji,North Central,Federal Capital Territory,Bwari,Dutse Alhaji,,14,14,8,6,6,0,0,6,2,0
2023/2024,Female,disabled,NABTEB,Polytechnic,ward,Dobi,North Central,Federal Capital Territory,Gwagwalada,Dobi,,31,31,19,12,14,0,0,12,7,0
2023/2024,Female,disabled,NABTEB,Polytechnic,ward,Gwako,North Central,Federal Capital Territory,Gwagwalada,Gwako,,17,17,11,6,6,0,0,6,5,0
2023/2024,Female,disabled,NABTEB,Polytechnic,ward,Chibiri,North Central,Federal Capital Territory,Kuje,Chibiri,,26,26,16,12,12,0,0,10,4,0
2023/2024,Female,disabled,NABTEB,Polytechnic,ward,Gaube,North Central,Federal Capital Territory,Kuje,Gaube,,20,20,11,6,6,0,0,9,5,0
2023/2024,Female,disabled,NABTEB,Polytechnic,ward,Gudun Karya,North Central,Federal Capital Territory,Kuje,Gudun Karya,,39,39,22,6,6,0,0,17,16,0
2023/2024,Female,disabled,NABTEB,Polytechnic,ward,Ashara,North Central,Federal Capital Territory,Kwali,Ashara,,17,17,7,6,6,0,0,10,1,0
2023/2024,Female,disabled,NABTEB,Polytechnic,ward,Dafa,North Central,Federal Capital Territory,Kwali,Dafa,,14,14,8,6,6,0,0,6,2,0
2023/2024,Female,disabled,NABTEB,Polytechnic,ward,Gumbo,North Central,Federal Capital Territory,Kwali,Gumbo,,27,27,16,12,12,0,0,11,4,0
2023/2024,Female,disabled,NABTEB,University,ward,Gui,North Central,Federal Capital Territory,Abuja Municipal Area Council,Gui,,14,14,8,6,7,0,0,6,2,0
2023/2024,Female,disabled,NABTEB,University,ward,Bwari Central,North Central,Federal Capital Territory,Bwari,Bwari Central,,14,14,8,6,6,0,0,6,2,0
2023/2024,Female,disabled,NABTEB,University,ward,Dutse Alhaji,North Central,Federal Capital Territory,Bwari,Dutse Alhaji,,14,14,8,6,7,0,0,6,2,0
2023/2024,Female,disabled,NABTEB,University,ward,Dobi,North Central,Federal Capital Territory,Gwagwalada,Dobi,,17,17,11,0,0,0,0,6,11,0
2023/2024,Female,disabled,NABTEB,University,ward,Gwagwalada Centre,North Central,Federal Capital Territory,Gwagwalada,Gwagwalada Centre,,14,14,8,0,0,0,0,6,8,0
2023/2024,Female,disabled,NABTEB,University,ward,Gwako,North Central,Federal Capital Territory,Gwagwalada,Gwako,,39,39,21,18,18,0,0,18,3,0
2023/2024,Female,disabled,NABTEB,University,ward,Chibiri,North Central,Federal Capital Territory,Kuje,Chibiri,,13,13,7,6,6,0,0,6,1,0
2023/2024,Female,disabled,NABTEB,University,ward,Gaube,North Central,Federal Capital Territory,Kuje,Gaube,,13,13,8,6,6,0,0,5,2,0
2023/2024,Female,disabled,NABTEB,University,ward,Gudun Karya,North Central,Federal Capital Territory,Kuje,Gudun Karya,,13,13,8,6,6,0,0,5,2,0
2023/2024,Female,disabled,NABTEB,University,ward,Ashara,North Central,Federal Capital Territory,Kwali,Ashara,,14,14,7,6,6,0,0,7,1,0
2023/2024,Female,disabled,NABTEB,University,ward,Dafa,North Central,Federal Capital Territory,Kwali,Dafa,,40,40,21,18,18,0,0,19,3,0
2023/2024,Female,disabled,NABTEB,University,ward,Gumbo,North Central,Federal Capital Territory,Kwali,Gumbo,,14,14,8,6,6,0,0,6,2,0
2023/2024,Female,disabled,NECO,College of Education,ward,City Centre,North Central,Federal Capital Territory,Abuja Municipal Area Council,City Centre,,58,58,37,15,15,0,0,21,22,0
2023/2024,Female,disabled,NECO,College of Education,ward,Garki,North Central,Federal Capital Territory,Abuja Municipal Area Council,Garki,,63,63,37,15,15,0,0,26,22,0
2023/2024,Female,disabled,NECO,College of Education,ward,Gui,North Central,Federal Capital Territory,Abuja Municipal Area Council,Gui,,77,76,41,15,15,0,1,35,26,0
2023/2024,Female,disabled,NECO,College of Education,ward,Bwari Central,North Central,Federal Capital Territory,Bwari,Bwari Central,,25,25,17,5,5,0,0,8,12,0
2023/2024,Female,disabled,NECO,College of Education,ward,Byazhin,North Central,Federal Capital Territory,Bwari,Byazhin,,80,80,47,15,15,0,0,33,32,0
2023/2024,Female,disabled,NECO,College of Education,ward,Dutse Alhaji,North Central,Federal Capital Territory,Bwari,Dutse Alhaji,,40,40,24,10,10,0,0,16,14,0
2023/2024,Female,disabled,NECO,College of Education,ward,Dobi,North Central,Federal Capital Territory,Gwagwalada,Dobi,,15,15,7,5,5,0,0,8,2,0
2023/2024,Female,disabled,NECO,College of Education,ward,Gwagwalada Centre,North Central,Federal Capital Territory,Gwagwalada,Gwagwalada Centre,,55,55,33,15,15,0,0,22,18,0
2023/2024,Female,disabled,NECO,College of Education,ward,Chibiri,North Central,Federal Capital Territory,Kuje,Chibiri,,14,14,10,5,5,0,0,4,5,0
2023/2024,Female,disabled,NECO,College of Education,ward,Gaube,North Central,Federal Capital Territory,Kuje,Gaube,,62,61,37,15,16,0,1,24,22,0
2023/2024,Female,disabled,NECO,College of Education,ward,Ashara,North Central,Federal Capital Territory,Kwali,Ashara,,59,58,37,10,10,0,1,21,27,0
2023/2024,Female,disabled,NECO,College of Education,ward,Gumbo,North Central,Federal Capital Territory,Kwali,Gumbo,,18,18,10,5,5,0,0,8,5,0
2023/2024,Female,disabled,NECO,Polytechnic,ward,City Centre,North Central,Federal Capital Territory,Abuja Municipal Area Council,City Centre,,25,25,13,5,5,0,0,12,8,0
2023/2024,Female,disabled,NECO,Polytechnic,ward,Garki,North Central,Federal Capital Territory,Abuja Municipal Area Council,Garki,,33,33,17,5,5,0,0,16,12,0
2023/2024,Female,disabled,NECO,Polytechnic,ward,Bwari Central,North Central,Federal Capital Territory,Bwari,Bwari Central,,51,51,30,10,10,0,0,21,20,0
2023/2024,Female,disabled,NECO,Polytechnic,ward,Byazhin,North Central,Federal Capital Territory,Bwari,Byazhin,,29,29,17,5,5,0,0,12,12,0
2023/2024,Female,disabled,NECO,Polytechnic,ward,Dutse Alhaji,North Central,Federal Capital Territory,Bwari,Dutse Alhaji,,22,22,13,5,5,0,0,9,8,0
2023/2024,Female,disabled,NECO,Polytechnic,ward,Dobi,North Central,Federal Capital Territory,Gwagwalada,Dobi,,48,48,27,10,10,0,0,21,17,0
2023/2024,Female,disabled,NECO,Polytechnic,ward,Gwako,North Central,Federal Capital Territory,Gwagwalada,Gwako,,25,25,17,5,5,0,0,8,12,0
2023/2024,Female,disabled,NECO,Polytechnic,ward,Chibiri,North Central,Federal Capital Territory,Kuje,Chibiri,,54,54,34,10,10,0,0,20,24,0
2023/2024,Female,disabled,NECO,Polytechnic,ward,Gaube,North Central,Federal Capital Territory,Kuje,Gaube,,33,33,17,5,5,0,0,16,12,0
2023/2024,Female,disabled,NECO,Polytechnic,ward,Gudun Karya,North Central,Federal Capital Territory,Kuje,Gudun Karya,,62,62,36,15,15,0,0,26,21,0
2023/2024,Female,disabled,NECO,Polytechnic,ward,Ashara,North Central,Federal Capital Territory,Kwali,Ashara,,33,33,20,5,5,0,0,13,15,0
2023/2024,Female,disabled,NECO,Polytechnic,ward,Dafa,North Central,Federal Capital Territory,Kwali,Dafa,,29,29,17,5,5,0,0,12,12,0
2023/2024,Female,disabled,NECO,Polytechnic,ward,Gumbo,North Central,Federal Capital Territory,Kwali,Gumbo,,44,44,30,10,10,0,0,14,20,0
2023/2024,Female,disabled,NECO,University,ward,Gui,North Central,Federal Capital Territory,Abuja Municipal Area Council,Gui,,15,15,7,5,5,0,0,8,2,0
2023/2024,Female,disabled,NECO,University,ward,Bwari Central,North Central,Federal Capital Territory,Bwari,Bwari Central,,15,15,10,5,5,0,0,5,5,0
2023/2024,Female,disabled,NECO,University,ward,Dutse Alhaji,North Central,Federal Capital Territory,Bwari,Dutse Alhaji,,25,25,17,5,5,0,0,8,12,0
2023/2024,Female,disabled,NECO,University,ward,Dobi,North Central,Federal Capital Territory,Gwagwalada,Dobi,,29,29,17,5,5,0,0,12,12,0
2023/2024,Female,disabled,NECO,University,ward,Gwagwalada Centre,North Central,Federal Capital Territory,Gwagwalada,Gwagwalada Centre,,22,22,13,5,5,0,0,9,8,0
2023/2024,Female,disabled,NECO,University,ward,Gwako,North Central,Federal Capital Territory,Gwagwalada,Gwako,,46,46,27,15,15,0,0,19,12,0
2023/2024,Female,disabled,NECO,University,ward,Chibiri,North Central,Federal Capital Territory,Kuje,Chibiri,,25,25,13,5,5,0,0,12,8,0
2023/2024,Female,disabled,NECO,University,ward,Gaube,North Central,Federal Capital Territory,Kuje,Gaube,,15,15,7,5,5,0,0,8,2,0
2023/2024,Female,disabled,NECO,University,ward,Gudun Karya,North Central,Federal Capital Territory,Kuje,Gudun Karya,,14,14,7,5,5,0,0,7,2,0
2023/2024,Female,disabled,NECO,University,ward,Ashara,North Central,Federal Capital Territory,Kwali,Ashara,,22,22,13,5,5,0,0,9,8,0
2023/2024,Female,disabled,NECO,University,ward,Dafa,North Central,Federal Capital Territory,Kwali,Dafa,,57,57,30,15,15,0,0,27,15,0
2023/2024,Female,disabled,NECO,University,ward,Gumbo,North Central,Federal Capital Territory,Kwali,Gumbo,,14,14,10,5,5,0,0,4,5,0
2023/2024,Female,disabled,WAEC,College of Education,ward,City Centre,North Central,Federal Capital Territory,Abuja Municipal Area Council,City Centre,,78,78,48,15,15,0,0,30,33,0
2023/2024,Female,disabled,WAEC,College of Education,ward,Garki,North Central,Federal Capital Territory,Abuja Municipal Area Council,Garki,,90,89,52,15,15,0,1,37,37,0
2023/2024,Female,disabled,WAEC,College of Education,ward,Gui,North Central,Federal Capital Territory,Abuja Municipal Area Council,Gui,,106,105,58,20,22,0,1,47,38,0
2023/2024,Female,disabled,WAEC,College of Education,ward,Bwari Central,North Central,Federal Capital Territory,Bwari,Bwari Central,,38,37,22,10,11,0,1,15,12,0
2023/2024,Female,disabled,WAEC,College of Education,ward,Byazhin,North Central,Federal Capital Territory,Bwari,Byazhin,,109,107,65,20,21,0,2,42,45,0
2023/2024,Female,disabled,WAEC,College of Education,ward,Dutse Alhaji,North Central,Federal Capital Territory,Bwari,Dutse Alhaji,,48,48,33,10,10,0,0,15,23,0
2023/2024,Female,disabled,WAEC,College of Education,ward,Dobi,North Central,Federal Capital Territory,Gwagwalada,Dobi,,19,19,10,5,5,0,0,9,5,0
2023/2024,Female,disabled,WAEC,College of Education,ward,Gwagwalada Centre,North Central,Federal Capital Territory,Gwagwalada,Gwagwalada Centre,,74,74,45,15,17,0,0,29,30,0
2023/2024,Female,disabled,WAEC,College of Education,ward,Chibiri,North Central,Federal Capital Territory,Kuje,Chibiri,,15,15,10,5,5,0,0,5,5,0
2023/2024,Female,disabled,WAEC,College of Education,ward,Gaube,North Central,Federal Capital Territory,Kuje,Gaube,,83,82,49,15,16,0,1,33,34,0
2023/2024,Female,disabled,WAEC,College of Education,ward,Ashara,North Central,Federal Capital Territory,Kwali,Ashara,,68,67,39,15,16,0,1,28,24,0
2023/2024,Female,disabled,WAEC,College of Education,ward,Gumbo,North Central,Federal Capital Territory,Kwali,Gumbo,,22,22,13,5,5,0,0,9,8,0
2023/2024,Female,disabled,WAEC,Polytechnic,ward,City Centre,North Central,Federal Capital Territory,Abuja Municipal Area Council,City Centre,,33,33,19,5,5,0,0,14,14,0
2023/2024,Female,disabled,WAEC,Polytechnic,ward,Garki,North Central,Federal Capital Territory,Abuja Municipal Area Council,Garki,,49,48,29,10,11,0,1,19,19,0
2023/2024,Female,disabled,WAEC,Polytechnic,ward,Bwari Central,North Central,Federal Capital Territory,Bwari,Bwari Central,,59,59,35,10,12,0,0,24,25,0
2023/2024,Female,disabled,WAEC,Polytechnic,ward,Byazhin,North Central,Federal Capital Territory,Bwari,Byazhin,,33,33,19,5,6,0,0,14,14,0
2023/2024,Female,disabled,WAEC,Polytechnic,ward,Dutse Alhaji,North Central,Federal Capital Territory,Bwari,Dutse Alhaji,,26,26,16,5,5,0,0,10,11,0
2023/2024,Female,disabled,WAEC,Polytechnic,ward,Dobi,North Central,Federal Capital Territory,Gwagwalada,Dobi,,64,63,39,15,16,0,1,24,24,0
2023/2024,Female,disabled,WAEC,Polytechnic,ward,Gwako,North Central,Federal Capital Territory,Gwagwalada,Gwako,,42,41,26,10,11,0,1,15,16,0
2023/2024,Female,disabled,WAEC,Polytechnic,ward,Chibiri,North Central,Federal Capital Territory,Kuje,Chibiri,,72,71,42,15,16,0,1,29,27,0
2023/2024,Female,disabled,WAEC,Polytechnic,ward,Gaube,North Central,Federal Capital Territory,Kuje,Gaube,,45,44,26,10,11,0,1,18,16,0
2023/2024,Female,disabled,WAEC,Polytechnic,ward,Gudun Karya,North Central,Federal Capital Territory,Kuje,Gudun Karya,,78,78,45,15,15,0,0,33,30,0
2023/2024,Female,disabled,WAEC,Polytechnic,ward,Ashara,North Central,Federal Capital Territory,Kwali,Ashara,,53,52,29,10,11,0,1,23,19,0
2023/2024,Female,disabled,WAEC,Polytechnic,ward,Dafa,North Central,Federal Capital Territory,Kwali,Dafa,,33,33,19,5,5,0,0,14,14,0
2023/2024,Female,disabled,WAEC,Polytechnic,ward,Gumbo,North Central,Federal Capital Territory,Kwali,Gumbo,,57,56,36,15,16,0,1,20,21,0
2023/2024,Female,disabled,WAEC,University,ward,Gui,North Central,Federal Capital Territory,Abuja Municipal Area Council,Gui,,19,19,10,5,6,0,0,9,5,0
2023/2024,Female,disabled,WAEC,University,ward,Bwari Central,North Central,Federal Capital Territory,Bwari,Bwari Central,,15,15,10,5,6,0,0,5,5,0
2023/2024,Female,disabled,WAEC,University,ward,Dutse Alhaji,North Central,Federal Capital Territory,Bwari,Dutse Alhaji,,33,33,19,5,6,0,0,14,14,0
2023/2024,Female,disabled,WAEC,University,ward,Dobi,North Central,Federal Capital Territory,Gwagwalada,Dobi,,45,44,26,5,5,0,1,18,21,0
2023/2024,Female,disabled,WAEC,University,ward,Gwagwalada Centre,North Central,Federal Capital Territory,Gwagwalada,Gwagwalada Centre,,26,26,16,5,6,0,0,10,11,0
2023/2024,Female,disabled,WAEC,University,ward,Gwako,North Central,Federal Capital Territory,Gwagwalada,Gwako,,60,60,39,15,15,0,0,21,24,0
2023/2024,Female,disabled,WAEC,University,ward,Chibiri,North Central,Federal Capital Territory,Kuje,Chibiri,,38,37,23,10,11,0,1,14,13,0
2023/2024,Female,disabled,WAEC,University,ward,Gaube,North Central,Federal Capital Territory,Kuje,Gaube,,15,15,10,5,5,0,0,5,5,0
2023/2024,Female,disabled,WAEC,University,ward,Gudun Karya,North Central,Federal Capital Territory,Kuje,Gudun Karya,,26,26,16,5,5,0,0,10,11,0
2023/2024,Female,disabled,WAEC,University,ward,Ashara,North Central,Federal Capital Territory,Kwali,Ashara,,33,33,19,5,5,0,0,14,14,0
2023/2024,Female,disabled,WAEC,University,ward,Dafa,North Central,Federal Capital Territory,Kwali,Dafa,,90,89,55,20,21,0,1,34,35,0
2023/2024,Female,disabled,WAEC,University,ward,Gumbo,North Central,Federal Capital Territory,Kwali,Gumbo,,19,19,10,5,5,0,0,9,5,0
2023/2024,Male,all,NABTEB,College of Education,ward,City Centre,North Central,Federal Capital Territory,Abuja Municipal Area Council,City Centre,,330,325,201,75,60,15,5,124,126,15
2023/2024,Male,all,NABTEB,College of Education,ward,Garki,North Central,Federal Capital Territory,Abuja Municipal Area Council,Garki,,379,373,243,80,72,9,6,130,163,9
2023/2024,Male,all,NABTEB,College of Education,ward,Gui,North Central,Federal Capital Territory,Abuja Municipal Area Council,Gui,,399,393,247,68,66,4,6,146,179,4
2023/2024,Male,all,NABTEB,College of Education,ward,Bwari Central,North Central,Federal Capital Territory,Bwari,Bwari Central,,148,146,102,37,33,4,2,44,65,4
2023/2024,Male,all,NABTEB,College of Education,ward,Byazhin,North Central,Federal Capital Territory,Bwari,Byazhin,,378,373,228,62,53,10,5,145,166,10
2023/2024,Male,all,NABTEB,College of Education,ward,Dutse Alhaji,North Central,Federal Capital Territory,Bwari,Dutse Alhaji,,240,237,163,56,53,4,3,74,107,4
2023/2024,Male,all,NABTEB,College of Education,ward,Dobi,North Central,Federal Capital Territory,Gwagwalada,Dobi,,107,105,61,12,13,0,2,44,49,0
2023/2024,Male,all,NABTEB,College of Education,ward,Gwagwalada Centre,North Central,Federal Capital Territory,Gwagwalada,Gwagwalada Centre,,310,305,193,63,60,5,5,112,130,5
2023/2024,Male,all,NABTEB,College of Education,ward,Chibiri,North Central,Federal Capital Territory,Kuje,Chibiri,,107,105,68,25,20,5,2,37,43,5
2023/2024,Male,all,NABTEB,College of Education,ward,Gaube,North Central,Federal Capital Territory,Kuje,Gaube,,293,288,186,62,52,10,5,102,124,10
2023/2024,Male,all,NABTEB,College of Education,ward,Ashara,North Central,Federal Capital Territory,Kwali,Ashara,,227,224,132,44,46,0,3,92,88,0
2023/2024,Male,all,NABTEB,College of Education,ward,Gumbo,North Central,Federal Capital Territory,Kwali,Gumbo,,110,108,64,19,20,0,2,44,45,0
2023/2024,Male,all,NABTEB,Polytechnic,ward,City Centre,North Central,Federal Capital Territory,Abuja Municipal Area Council,City Centre,,161,159,99,37,33,4,2,60,62,4
2023/2024,Male,all,NABTEB,Polytechnic,ward,Garki,North Central,Federal Capital Territory,Abuja Municipal Area Council,Garki,,161,159,102,37,33,4,2,57,65,4
2023/2024,Male,all,NABTEB,Polytechnic,ward,Bwari Central,North Central,Federal Capital Territory,Bwari,Bwari Central,,252,248,163,68,59,9,4,85,95,9
2023/2024,Male,all,NABTEB,Polytechnic,ward,Byazhin,North Central,Federal Capital Territory,Bwari,Byazhin,,151,149,95,25,20,5,2,54,70,5
2023/2024,Male,all,NABTEB,Polytechnic,ward,Dutse Alhaji,North Central,Federal Capital Territory,Bwari,Dutse Alhaji,,134,132,83,19,13,6,2,49,64,6
2023/2024,Male,all,NABTEB,Polytechnic,ward,Dobi,North Central,Federal Capital Territory,Gwagwalada,Dobi,,272,268,175,56,53,4,4,93,119,4
2023/2024,Male,all,NABTEB,Polytechnic,ward,Gwako,North Central,Federal Capital Territory,Gwagwalada,Gwako,,131,129,87,31,26,5,2,42,56,5
2023/2024,Male,all,NABTEB,Polytechnic,ward,Chibiri,North Central,Federal Capital Territory,Kuje,Chibiri,,255,251,163,56,52,5,4,88,107,5
2023/2024,Male,all,NABTEB,Polytechnic,ward,Gaube,North Central,Federal Capital Territory,Kuje,Gaube,,176,173,110,31,26,5,3,63,79,5
2023/2024,Male,all,NABTEB,Polytechnic,ward,Gudun Karya,North Central,Federal Capital Territory,Kuje,Gudun Karya,,299,295,186,50,52,0,4,109,136,0
2023/2024,Male,all,NABTEB,Polytechnic,ward,Ashara,North Central,Federal Capital Territory,Kwali,Ashara,,165,163,102,31,26,5,2,61,71,5
2023/2024,Male,all,NABTEB,Polytechnic,ward,Dafa,North Central,Federal Capital Territory,Kwali,Dafa,,114,112,72,25,26,0,2,40,47,0
2023/2024,Male,all,NABTEB,Polytechnic,ward,Gumbo,North Central,Federal Capital Territory,Kwali,Gumbo,,213,210,136,50,46,5,3,74,86,5
2023/2024,Male,all,NABTEB,University,ward,Gui,North Central,Federal Capital Territory,Abuja Municipal Area Council,Gui,,79,78,49,19,20,0,1,29,30,0
2023/2024,Male,all,NABTEB,University,ward,Bwari Central,North Central,Federal Capital Territory,Bwari,Bwari Central,,69,68,42,19,20,0,1,26,23,0
2023/2024,Male,all,NABTEB,University,ward,Dutse Alhaji,North Central,Federal Capital Territory,Bwari,Dutse Alhaji,,179,176,118,43,39,4,3,58,75,4
2023/2024,Male,all,NABTEB,University,ward,Dobi,North Central,Federal Capital Territory,Gwagwalada,Dobi,,144,142,95,25,20,5,2,47,70,5
2023/2024,Male,all,NABTEB,University,ward,Gwagwalada Centre,North Central,Federal Capital Territory,Gwagwalada,Gwagwalada Centre,,92,91,53,12,13,0,1,38,41,0
2023/2024,Male,all,NABTEB,University,ward,Gwako,North Central,Federal Capital Territory,Gwagwalada,Gwako,,288,284,185,75,72,5,4,99,110,5
2023/2024,Male,all,NABTEB,University,ward,Chibiri,North Central,Federal Capital Territory,Kuje,Chibiri,,172,169,118,37,33,4,3,51,81,4
2023/2024,Male,all,NABTEB,University,ward,Gaube,North Central,Federal Capital Territory,Kuje,Gaube,,79,78,49,12,13,0,1,29,37,0
2023/2024,Male,all,NABTEB,University,ward,Gudun Karya,North Central,Federal Capital Territory,Kuje,Gudun Karya,,69,68,45,12,13,0,1,23,33,0
2023/2024,Male,all,NABTEB,University,ward,Ashara,North Central,Federal Capital Territory,Kwali,Ashara,,172,169,99,25,20,5,3,70,74,5
2023/2024,Male,all,NABTEB,University,ward,Dafa,North Central,Federal Capital Territory,Kwali,Dafa,,396,390,240,68,59,10,6,150,172,10
2023/2024,Male,all,NABTEB,University,ward,Gumbo,North Central,Federal Capital Territory,Kwali,Gumbo,,99,98,64,25,20,5,1,34,39,5
2023/2024,Male,all,NECO,College of Education,ward,City Centre,North Central,Federal Capital Territory,Abuja Municipal Area Council,City Centre,,570,562,370,133,114,19,8,192,237,19
2023/2024,Male,all,NECO,College of Education,ward,Garki,North Central,Federal Capital Territory,Abuja Municipal Area Council,Garki,,684,674,422,138,119,19,10,252,284,19
2023/2024,Male,all,NECO,College of Education,ward,Gui,North Central,Federal Capital Territory,Abuja Municipal Area Council,Gui,,727,717,452,133,114,19,10,265,319,19
2023/2024,Male,all,NECO,College of Education,ward,Bwari Central,North Central,Federal Capital Territory,Bwari,Bwari Central,,301,297,199,66,57,9,4,98,133,9
2023/2024,Male,all,NECO,College of Education,ward,Byazhin,North Central,Federal Capital Territory,Bwari,Byazhin,,666,656,417,123,108,15,10,239,294,15
2023/2024,Male,all,NECO,College of Education,ward,Dutse Alhaji,North Central,Federal Capital Territory,Bwari,Dutse Alhaji,,478,471,304,102,88,14,7,167,202,14
2023/2024,Male,all,NECO,College of Education,ward,Dobi,North Central,Federal Capital Territory,Gwagwalada,Dobi,,165,163,101,26,21,5,2,62,75,5
2023/2024,Male,all,NECO,College of Education,ward,Gwagwalada Centre,North Central,Federal Capital Territory,Gwagwalada,Gwagwalada Centre,,519,511,324,103,88,15,8,187,221,15
2023/2024,Male,all,NECO,College of Education,ward,Chibiri,North Central,Federal Capital Territory,Kuje,Chibiri,,191,188,115,36,31,5,3,73,79,5
2023/2024,Male,all,NECO,College of Education,ward,Gaube,North Central,Federal Capital Territory,Kuje,Gaube,,567,558,354,123,103,20,9,204,231,20
2023/2024,Male,all,NECO,College of Education,ward,Ashara,North Central,Federal Capital Territory,Kwali,Ashara,,412,406,245,72,62,10,6,161,173,10
2023/2024,Male,all,NECO,College of Education,ward,Gumbo,North Central,Federal Capital Territory,Kwali,Gumbo,,217,214,128,41,36,5,3,86,87,5
2023/2024,Male,all,NECO,Polytechnic,ward,City Centre,North Central,Federal Capital Territory,Abuja Municipal Area Council,City Centre,,379,373,246,87,78,9,6,127,159,9
2023/2024,Male,all,NECO,Polytechnic,ward,Garki,North Central,Federal Capital Territory,Abuja Municipal Area Council,Garki,,301,297,192,51,47,4,4,105,141,4
2023/2024,Male,all,NECO,Polytechnic,ward,Bwari Central,North Central,Federal Capital Territory,Bwari,Bwari Central,,522,515,330,117,99,18,7,185,213,18
2023/2024,Male,all,NECO,Polytechnic,ward,Byazhin,North Central,Federal Capital Territory,Bwari,Byazhin,,320,315,195,67,57,10,5,120,128,10
2023/2024,Male,all,NECO,Polytechnic,ward,Dutse Alhaji,North Central,Federal Capital Territory,Bwari,Dutse Alhaji,,250,246,155,51,47,4,4,91,104,4
2023/2024,Male,all,NECO,Polytechnic,ward,Dobi,North Central,Federal Capital Territory,Gwagwalada,Dobi,,515,508,324,113,93,20,7,184,211,20
2023/2024,Male,all,NECO,Polytechnic,ward,Gwako,North Central,Federal Capital Territory,Gwagwalada,Gwako,,235,232,155,51,47,4,3,77,104,4
2023/2024,Male,all,NECO,Polytechnic,ward,Chibiri,North Central,Federal Capital Territory,Kuje,Chibiri,,514,507,317,107,93,14,7,190,210,14
2023/2024,Male,all,NECO,Polytechnic,ward,Gaube,North Central,Federal Capital Territory,Kuje,Gaube,,290,286,179,61,52,9,4,107,118,9
2023/2024,Male,all,NECO,Polytechnic,ward,Gudun Karya,North Central,Federal Capital Territory,Kuje,Gudun Karya,,535,526,323,108,93,15,9,203,215,15
2023/2024,Male,all,NECO,Polytechnic,ward,Ashara,North Central,Federal Capital Territory,Kwali,Ashara,,342,337,199,56,52,4,5,138,143,4
2023/2024,Male,all,NECO,Polytechnic,ward,Dafa,North Central,Federal Capital Territory,Kwali,Dafa,,202,199,125,36,31,5,3,74,89,5
2023/2024,Male,all,NECO,Polytechnic,ward,Gumbo,North Central,Federal Capital Territory,Kwali,Gumbo,,405,399,269,87,78,9,6,130,182,9
2023/2024,Male,all,NECO,University,ward,Gui,North Central,Federal Capital Territory,Abuja Municipal Area Council,Gui,,118,116,77,21,16,5,2,39,56,5
2023/2024,Male,all,NECO,University,ward,Bwari Central,North Central,Federal Capital Territory,Bwari,Bwari Central,,114,112,67,21,16,5,2,45,46,5
2023/2024,Male,all,NECO,University,ward,Dutse Alhaji,North Central,Federal Capital Territory,Bwari,Dutse Alhaji,,320,315,206,61,52,9,5,109,145,9
2023/2024,Male,all,NECO,University,ward,Dobi,North Central,Federal Capital Territory,Gwagwalada,Dobi,,279,275,168,46,41,5,4,107,122,5
2023/2024,Male,all,NECO,University,ward,Gwagwalada Centre,North Central,Federal Capital Territory,Gwagwalada,Gwagwalada Centre,,184,181,104,31,26,5,3,77,73,5
2023/2024,Male,all,NECO,University,ward,Gwako,North Central,Federal Capital Territory,Gwagwalada,Gwako,,544,536,344,123,108,15,8,192,221,15
2023/2024,Male,all,NECO,University,ward,Chibiri,North Central,Federal Capital Territory,Kuje,Chibiri,,306,301,202,66,57,9,5,99,136,9
2023/2024,Male,all,NECO,University,ward,Gaube,North Central,Federal Capital Territory,Kuje,Gaube,,129,127,78,26,21,5,2,49,52,5
2023/2024,Male,all,NECO,University,ward,Gudun Karya,North Central,Federal Capital Territory,Kuje,Gudun Karya,,125,123,74,26,21,5,2,49,48,5
2023/2024,Male,all,NECO,University,ward,Ashara,North Central,Federal Capital Territory,Kwali,Ashara,,320,315,192,61,52,9,5,123,131,9
2023/2024,Male,all,NECO,University,ward,Dafa,North Central,Federal Capital Territory,Kwali,Dafa,,667,657,410,123,104,19,10,247,287,19
2023/2024,Male,all,NECO,University,ward,Gumbo,North Central,Federal Capital Territory,Kwali,Gumbo,,213,210,142,51,42,9,3,68,91,9
2023/2024,Male,all,WAEC,College of Education,ward,City Centre,North Central,Federal Capital Territory,Abuja Municipal Area Council,City Centre,,764,753,480,182,163,19,11,273,298,19
2023/2024,Male,all,WAEC,College of Education,ward,Garki,North Central,Federal Capital Territory,Abuja Municipal Area Council,Garki,,918,904,569,192,173,19,14,335,377,19
2023/2024,Male,all,WAEC,College of Education,ward,Gui,North Central,Federal Capital Territory,Abuja Municipal Area Council,Gui,,929,915,576,202,189,13,14,339,374,13
2023/2024,Male,all,WAEC,College of Education,ward,Bwari Central,North Central,Federal Capital Territory,Bwari,Bwari Central,,391,385,257,96,87,9,6,128,161,9
2023/2024,Male,all,WAEC,College of Education,ward,Byazhin,North Central,Federal Capital Territory,Bwari,Byazhin,,864,852,540,177,163,14,12,312,363,14
2023/2024,Male,all,WAEC,College of Education,ward,Dutse Alhaji,North Central,Federal Capital Territory,Bwari,Dutse Alhaji,,647,637,412,171,163,8,10,225,241,8
2023/2024,Male,all,WAEC,College of Education,ward,Dobi,North Central,Federal Capital Territory,Gwagwalada,Dobi,,289,285,171,60,54,6,4,114,111,6
2023/2024,Male,all,WAEC,College of Education,ward,Gwagwalada Centre,North Central,Federal Capital Territory,Gwagwalada,Gwagwalada Centre,,766,755,473,172,158,14,11,282,301,14
2023/2024,Male,all,WAEC,College of Education,ward,Chibiri,North Central,Federal Capital Territory,Kuje,Chibiri,,229,226,138,50,43,7,3,88,88,7
2023/2024,Male,all,WAEC,College of Education,ward,Gaube,North Central,Federal Capital Territory,Kuje,Gaube,,813,801,499,181,168,13,12,302,318,13
2023/2024,Male,all,WAEC,College of Education,ward,Ashara,North Central,Federal Capital Territory,Kwali,Ashara,,557,548,341,111,103,8,9,207,230,8
2023/2024,Male,all,WAEC,College of Education,ward,Gumbo,North Central,Federal Capital Territory,Kwali,Gumbo,,233,230,148,50,49,1,3,82,98,1
2023/2024,Male,all,WAEC,Polytechnic,ward,City Centre,North Central,Federal Capital Territory,Abuja Municipal Area Council,City Centre,,478,471,312,116,103,13,7,159,196,13
2023/2024,Male,all,WAEC,Polytechnic,ward,Garki,North Central,Federal Capital Territory,Abuja Municipal Area Council,Garki,,365,360,219,71,65,6,5,141,148,6
2023/2024,Male,all,WAEC,Polytechnic,ward,Bwari Central,North Central,Federal Capital Territory,Bwari,Bwari Central,,643,634,415,152,141,11,9,219,263,11
2023/2024,Male,all,WAEC,Polytechnic,ward,Byazhin,North Central,Federal Capital Territory,Bwari,Byazhin,,357,352,216,71,65,6,5,136,145,6
2023/2024,Male,all,WAEC,Polytechnic,ward,Dutse Alhaji,North Central,Federal Capital Territory,Bwari,Dutse Alhaji,,293,289,190,61,54,7,4,99,129,7
2023/2024,Male,all,WAEC,Polytechnic,ward,Dobi,North Central,Federal Capital Territory,Gwagwalada,Dobi,,718,708,466,186,168,18,10,242,280,18
2023/2024,Male,all,WAEC,Polytechnic,ward,Gwako,North Central,Federal Capital Territory,Gwagwalada,Gwako,,353,348,235,86,81,5,5,113,149,5
2023/2024,Male,all,WAEC,Polytechnic,ward,Chibiri,North Central,Federal Capital Territory,Kuje,Chibiri,,654,645,422,152,136,16,9,223,270,16
2023/2024,Male,all,WAEC,Polytechnic,ward,Gaube,North Central,Federal Capital Territory,Kuje,Gaube,,365,360,232,81,76,5,5,128,151,5
2023/2024,Male,all,WAEC,Polytechnic,ward,Gudun Karya,North Central,Federal Capital Territory,Kuje,Gudun Karya,,757,746,463,167,151,16,11,283,296,16
2023/2024,Male,all,WAEC,Polytechnic,ward,Ashara,North Central,Federal Capital Territory,Kwali,Ashara,,452,445,257,76,70,6,7,188,181,6
2023/2024,Male,all,WAEC,Polytechnic,ward,Dafa,North Central,Federal Capital Territory,Kwali,Dafa,,278,274,177,61,54,7,4,97,116,7
2023/2024,Male,all,WAEC,Polytechnic,ward,Gumbo,North Central,Federal Capital Territory,Kwali,Gumbo,,496,489,328,126,113,13,7,161,202,13
2023/2024,Male,all,WAEC,University,ward,Gui,North Central,Federal Capital Territory,Abuja Municipal Area Council,Gui,,165,163,106,35,33,2,2,57,71,2
2023/2024,Male,all,WAEC,University,ward,Bwari Central,North Central,Federal Capital Territory,Bwari,Bwari Central,,161,159,93,35,33,2,2,66,58,2
2023/2024,Male,all,WAEC,University,ward,Dutse Alhaji,North Central,Federal Capital Territory,Bwari,Dutse Alhaji,,395,389,241,91,81,10,6,148,150,10
2023/2024,Male,all,WAEC,University,ward,Dobi,North Central,Federal Capital Territory,Gwagwalada,Dobi,,417,411,245,81,76,5,6,166,164,5
2023/2024,Male,all,WAEC,University,ward,Gwagwalada Centre,North Central,Federal Capital Territory,Gwagwalada,Gwagwalada Centre,,207,204,125,40,38,2,3,79,85,2
2023/2024,Male,all,WAEC,University,ward,Gwako,North Central,Federal Capital Territory,Gwagwalada,Gwako,,718,708,463,167,152,15,10,245,296,15
2023/2024,Male,all,WAEC,University,ward,Chibiri,North Central,Federal Capital Territory,Kuje,Chibiri,,493,486,299,111,103,8,7,187,188,8
2023/2024,Male,all,WAEC,University,ward,Gaube,North Central,Federal Capital Territory,Kuje,Gaube,,185,182,119,45,43,2,3,63,74,2
2023/2024,Male,all,WAEC,University,ward,Gudun Karya,North Central,Federal Capital Territory,Kuje,Gudun Karya,,181,178,109,40,38,2,3,69,69,2
2023/2024,Male,all,WAEC,University,ward,Ashara,North Central,Federal Capital Territory,Kwali,Ashara,,444,437,257,71,65,6,7,180,186,6
2023/2024,Male,all,WAEC,University,ward,Dafa,North Central,Federal Capital Territory,Kwali,Dafa,,1031,1015,615,202,179,23,16,400,413,23
2023/2024,Male,all,WAEC,University,ward,Gumbo,North Central,Federal Capital Territory,Kwali,Gumbo,,222,219,148,61,54,7,3,71,87,7
2023/2024,Male,disabled,NABTEB,College of Education,ward,City Centre,North Central,Federal Capital Territory,Abuja Municipal Area Council,City Centre,,45,45,27,18,18,0,0,18,9,0
2023/2024,Male,disabled,NABTEB,College of Education,ward,Garki,North Central,Federal Capital Territory,Abuja Municipal Area Council,Garki,,48,48,27,12,12,0,0,21,15,0
2023/2024,Male,disabled,NABTEB,College of Education,ward,Gui,North Central,Federal Capital Territory,Abuja Municipal Area Council,Gui,,52,52,31,6,7,0,0,21,25,0
2023/2024,Male,disabled,NABTEB,College of Education,ward,Bwari Central,North Central,Federal Capital Territory,Bwari,Bwari Central,,17,17,11,6,6,0,0,6,5,0
2023/2024,Male,disabled,NABTEB,College of Education,ward,Byazhin,North Central,Federal Capital Territory,Bwari,Byazhin,,48,48,27,6,7,0,0,21,21,0
2023/2024,Male,disabled,NABTEB,College of Education,ward,Dutse Alhaji,North Central,Federal Capital Territory,Bwari,Dutse Alhaji,,31,31,19,12,13,0,0,12,7,0
2023/2024,Male,disabled,NABTEB,College of Education,ward,Dobi,North Central,Federal Capital Territory,Gwagwalada,Dobi,,14,14,8,0,0,0,0,6,8,0
2023/2024,Male,disabled,NABTEB,College of Education,ward,Gwagwalada Centre,North Central,Federal Capital Territory,Gwagwalada,Gwagwalada Centre,,42,42,24,12,14,0,0,18,12,0
2023/2024,Male,disabled,NABTEB,College of Education,ward,Chibiri,North Central,Federal Capital Territory,Kuje,Chibiri,,13,13,8,6,6,0,0,5,2,0
2023/2024,Male,disabled,NABTEB,College of Education,ward,Gaube,North Central,Federal Capital Territory,Kuje,Gaube,,37,37,23,6,6,0,0,14,17,0
2023/2024,Male,disabled,NABTEB,College of Education,ward,Ashara,North Central,Federal Capital Territory,Kwali,Ashara,,33,33,18,12,12,0,0,15,6,0
2023/2024,Male,disabled,NABTEB,College of Education,ward,Gumbo,North Central,Federal Capital Territory,Kwali,Gumbo,,13,13,8,6,6,0,0,5,2,0
2023/2024,Male,disabled,NABTEB,Polytechnic,ward,City Centre,North Central,Federal Capital Territory,Abuja Municipal Area Council,City Centre,,14,14,8,6,6,0,0,6,2,0
2023/2024,Male,disabled,NABTEB,Polytechnic,ward,Garki,North Central,Federal Capital Territory,Abuja Municipal Area Council,Garki,,20,20,11,6,6,0,0,9,5,0
2023/2024,Male,disabled,NABTEB,Polytechnic,ward,Bwari Central,North Central,Federal Capital Territory,Bwari,Bwari Central,,31,31,19,12,13,0,0,12,7,0
2023/2024,Male,disabled,NABTEB,Polytechnic,ward,Byazhin,North Central,Federal Capital Territory,Bwari,Byazhin,,14,14,8,0,0,0,0,6,8,0
2023/2024,Male,disabled,NABTEB,Polytechnic,ward,Dutse Alhaji,North Central,Federal Capital Territory,Bwari,Dutse Alhaji,,14,14,8,0,0,0,0,6,8,0
2023/2024,Male,disabled,NABTEB,Polytechnic,ward,Dobi,North Central,Federal Capital Territory,Gwagwalada,Dobi,,34,34,19,12,13,0,0,15,7,0
2023/2024,Male,disabled,NABTEB,Polytechnic,ward,Gwako,North Central,Federal Capital Territory,Gwagwalada,Gwako,,13,13,7,6,6,0,0,6,1,0
2023/2024,Male,disabled,NABTEB,Polytechnic,ward,Chibiri,North Central,Federal Capital Territory,Kuje,Chibiri,,30,30,19,12,12,0,0,11,7,0
2023/2024,Male,disabled,NABTEB,Polytechnic,ward,Gaube,North Central,Federal Capital Territory,Kuje,Gaube,,20,20,11,6,6,0,0,9,5,0
2023/2024,Male,disabled,NABTEB,Polytechnic,ward,Gudun Karya,North Central,Federal Capital Territory,Kuje,Gudun Karya,,39,39,23,6,6,0,0,16,17,0
2023/2024,Male,disabled,NABTEB,Polytechnic,ward,Ashara,North Central,Federal Capital Territory,Kwali,Ashara,,17,17,11,6,6,0,0,6,5,0
2023/2024,Male,disabled,NABTEB,Polytechnic,ward,Dafa,North Central,Federal Capital Territory,Kwali,Dafa,,14,14,7,6,6,0,0,7,1,0
2023/2024,Male,disabled,NABTEB,Polytechnic,ward,Gumbo,North Central,Federal Capital Territory,Kwali,Gumbo,,34,34,18,12,12,0,0,16,6,0
2023/2024,Male,disabled,NABTEB,University,ward,Gui,North Central,Federal Capital Territory,Abuja Municipal Area Council,Gui,,14,14,8,6,6,0,0,6,2,0
2023/2024,Male,disabled,NABTEB,University,ward,Bwari Central,North Central,Federal Capital Territory,Bwari,Bwari Central,,14,14,8,6,7,0,0,6,2,0
2023/2024,Male,disabled,NABTEB,University,ward,Dutse Alhaji,North Central,Federal Capital Territory,Bwari,Dutse Alhaji,,14,14,8,6,6,0,0,6,2,0
2023/2024,Male,disabled,NABTEB,University,ward,Dobi,North Central,Federal Capital Territory,Gwagwalada,Dobi,,17,17,11,0,0,0,0,6,11,0
2023/2024,Male,disabled,NABTEB,University,ward,Gwagwalada Centre,North Central,Federal Capital Territory,Gwagwalada,Gwagwalada Centre,,14,14,8,0,0,0,0,6,8,0
2023/2024,Male,disabled,NABTEB,University,ward,Gwako,North Central,Federal Capital Territory,Gwagwalada,Gwako,,39,39,21,18,18,0,0,18,3,0
2023/2024,Male,disabled,NABTEB,University,ward,Chibiri,North Central,Federal Capital Territory,Kuje,Chibiri,,17,17,11,6,6,0,0,6,5,0
2023/2024,Male,disabled,NABTEB,University,ward,Gaube,North Central,Federal Capital Territory,Kuje,Gaube,,13,13,8,0,0,0,0,5,8,0
2023/2024,Male,disabled,NABTEB,University,ward,Gudun Karya,North Central,Federal Capital Territory,Kuje,Gudun Karya,,13,13,8,0,0,0,0,5,8,0
2023/2024,Male,disabled,NABTEB,University,ward,Ashara,North Central,Federal Capital Territory,Kwali,Ashara,,17,17,8,0,0,0,0,9,8,0
2023/2024,Male,disabled,NABTEB,University,ward,Dafa,North Central,Federal Capital Territory,Kwali,Dafa,,44,44,21,6,6,0,0,23,15,0
2023/2024,Male,disabled,NABTEB,University,ward,Gumbo,North Central,Federal Capital Territory,Kwali,Gumbo,,14,14,8,6,6,0,0,6,2,0
2023/2024,Male,disabled,NECO,College of Education,ward,City Centre,North Central,Federal Capital Territory,Abuja Municipal Area Council,City Centre,,69,69,40,15,15,0,0,29,25,0
2023/2024,Male,disabled,NECO,College of Education,ward,Garki,North Central,Federal Capital Territory,Abuja Municipal Area Council,Garki,,73,72,40,15,15,0,1,32,25,0
2023/2024,Male,disabled,NECO,College of Education,ward,Gui,North Central,Federal Capital Territory,Abuja Municipal Area Council,Gui,,81,80,44,15,15,0,1,36,29,0
2023/2024,Male,disabled,NECO,College of Education,ward,Bwari Central,North Central,Federal Capital Territory,Bwari,Bwari Central,,33,33,20,5,5,0,0,13,15,0
2023/2024,Male,disabled,NECO,College of Education,ward,Byazhin,North Central,Federal Capital Territory,Bwari,Byazhin,,84,84,47,15,15,0,0,37,32,0
2023/2024,Male,disabled,NECO,College of Education,ward,Dutse Alhaji,North Central,Federal Capital Territory,Bwari,Dutse Alhaji,,48,48,30,10,10,0,0,18,20,0
2023/2024,Male,disabled,NECO,College of Education,ward,Dobi,North Central,Federal Capital Territory,Gwagwalada,Dobi,,15,15,7,5,5,0,0,8,2,0
2023/2024,Male,disabled,NECO,College of Education,ward,Gwagwalada Centre,North Central,Federal Capital Territory,Gwagwalada,Gwagwalada Centre,,51,51,30,15,15,0,0,21,15,0
2023/2024,Male,disabled,NECO,College of Education,ward,Chibiri,North Central,Federal Capital Territory,Kuje,Chibiri,,18,18,10,5,5,0,0,8,5,0
2023/2024,Male,disabled,NECO,College of Education,ward,Gaube,North Central,Federal Capital Territory,Kuje,Gaube,,70,69,44,15,16,0,1,25,29,0
2023/2024,Male,disabled,NECO,College of Education,ward,Ashara,North Central,Federal Capital Territory,Kwali,Ashara,,59,58,31,10,10,0,1,27,21,0
2023/2024,Male,disabled,NECO,College of Education,ward,Gumbo,North Central,Federal Capital Territory,Kwali,Gumbo,,18,18,10,5,5,0,0,8,5,0
2023/2024,Male,disabled,NECO,Polytechnic,ward,City Centre,North Central,Federal Capital Territory,Abuja Municipal Area Council,City Centre,,33,33,20,5,5,0,0,13,15,0
2023/2024,Male,disabled,NECO,Polytechnic,ward,Garki,North Central,Federal Capital Territory,Abuja Municipal Area Council,Garki,,37,36,20,5,5,0,1,16,15,0
2023/2024,Male,disabled,NECO,Polytechnic,ward,Bwari Central,North Central,Federal Capital Territory,Bwari,Bwari Central,,62,62,37,10,10,0,0,25,27,0
2023/2024,Male,disabled,NECO,Polytechnic,ward,Byazhin,North Central,Federal Capital Territory,Bwari,Byazhin,,29,29,17,5,5,0,0,12,12,0
2023/2024,Male,disabled,NECO,Polytechnic,ward,Dutse Alhaji,North Central,Federal Capital Territory,Bwari,Dutse Alhaji,,29,29,17,5,5,0,0,12,12,0
2023/2024,Male,disabled,NECO,Polytechnic,ward,Dobi,North Central,Federal Capital Territory,Gwagwalada,Dobi,,52,51,31,10,10,0,1,20,21,0
2023/2024,Male,disabled,NECO,Polytechnic,ward,Gwako,North Central,Federal Capital Territory,Gwagwalada,Gwako,,29,29,17,5,5,0,0,12,12,0
2023/2024,Male,disabled,NECO,Polytechnic,ward,Chibiri,North Central,Federal Capital Territory,Kuje,Chibiri,,58,58,34,10,10,0,0,24,24,0
2023/2024,Male,disabled,NECO,Polytechnic,ward,Gaube,North Central,Federal Capital Territory,Kuje,Gaube,,41,40,24,5,5,0,1,16,19,0
2023/2024,Male,disabled,NECO,Polytechnic,ward,Gudun Karya,North Central,Federal Capital Territory,Kuje,Gudun Karya,,65,65,40,15,15,0,0,25,25,0
2023/2024,Male,disabled,NECO,Polytechnic,ward,Ashara,North Central,Federal Capital Territory,Kwali,Ashara,,41,40,24,5,5,0,1,16,19,0
2023/2024,Male,disabled,NECO,Polytechnic,ward,Dafa,North Central,Federal Capital Territory,Kwali,Dafa,,25,25,13,5,5,0,0,12,8,0
2023/2024,Male,disabled,NECO,Polytechnic,ward,Gumbo,North Central,Federal Capital Territory,Kwali,Gumbo,,51,51,30,10,10,0,0,21,20,0
2023/2024,Male,disabled,NECO,University,ward,Gui,North Central,Federal Capital Territory,Abuja Municipal Area Council,Gui,,15,15,10,5,5,0,0,5,5,0
2023/2024,Male,disabled,NECO,University,ward,Bwari Central,North Central,Federal Capital Territory,Bwari,Bwari Central,,15,15,7,0,0,0,0,8,7,0
2023/2024,Male,disabled,NECO,University,ward,Dutse Alhaji,North Central,Federal Capital Territory,Bwari,Dutse Alhaji,,25,25,17,5,5,0,0,8,12,0
2023/2024,Male,disabled,NECO,University,ward,Dobi,North Central,Federal Capital Territory,Gwagwalada,Dobi,,29,29,17,5,5,0,0,12,12,0
2023/2024,Male,disabled,NECO,University,ward,Gwagwalada Centre,North Central,Federal Capital Territory,Gwagwalada,Gwagwalada Centre,,18,18,10,5,5,0,0,8,5,0
2023/2024,Male,disabled,NECO,University,ward,Gwako,North Central,Federal Capital Territory,Gwagwalada,Gwako,,50,50,30,15,15,0,0,20,15,0
2023/2024,Male,disabled,NECO,University,ward,Chibiri,North Central,Federal Capital Territory,Kuje,Chibiri,,29,29,17,5,5,0,0,12,12,0
2023/2024,Male,disabled,NECO,University,ward,Gaube,North Central,Federal Capital Territory,Kuje,Gaube,,15,15,7,0,0,0,0,8,7,0
2023/2024,Male,disabled,NECO,University,ward,Gudun Karya,North Central,Federal Capital Territory,Kuje,Gudun Karya,,18,18,10,5,5,0,0,8,5,0
2023/2024,Male,disabled,NECO,University,ward,Ashara,North Central,Federal Capital Territory,Kwali,Ashara,,29,29,17,5,5,0,0,12,12,0
2023/2024,Male,disabled,NECO,University,ward,Dafa,North Central,Federal Capital Territory,Kwali,Dafa,,69,69,40,10,10,0,0,29,30,0
2023/2024,Male,disabled,NECO,University,ward,Gumbo,North Central,Federal Capital Territory,Kwali,Gumbo,,18,18,10,5,5,0,0,8,5,0
2023/2024,Male,disabled,WAEC,College of Education,ward,City Centre,North Central,Federal Capital Territory,Abuja Municipal Area Council,City Centre,,90,89,54,15,15,0,1,35,39,0
2023/2024,Male,disabled,WAEC,College of Education,ward,Garki,North Central,Federal Capital Territory,Abuja Municipal Area Council,Garki,,97,96,55,20,23,0,1,41,35,0
2023/2024,Male,disabled,WAEC,College of Education,ward,Gui,North Central,Federal Capital Territory,Abuja Municipal Area Council,Gui,,105,104,61,20,22,0,1,43,41,0
2023/2024,Male,disabled,WAEC,College of Education,ward,Bwari Central,North Central,Federal Capital Territory,Bwari,Bwari Central,,38,37,22,5,6,0,1,15,17,0
2023/2024,Male,disabled,WAEC,College of Education,ward,Byazhin,North Central,Federal Capital Territory,Bwari,Byazhin,,106,104,65,15,15,0,2,39,50,0
2023/2024,Male,disabled,WAEC,College of Education,ward,Dutse Alhaji,North Central,Federal Capital Territory,Bwari,Dutse Alhaji,,60,59,39,15,17,0,1,20,24,0
2023/2024,Male,disabled,WAEC,College of Education,ward,Dobi,North Central,Federal Capital Territory,Gwagwalada,Dobi,,26,26,13,5,6,0,0,13,8,0
2023/2024,Male,disabled,WAEC,College of Education,ward,Gwagwalada Centre,North Central,Federal Capital Territory,Gwagwalada,Gwagwalada Centre,,78,78,48,15,18,0,0,30,33,0
2023/2024,Male,disabled,WAEC,College of Education,ward,Chibiri,North Central,Federal Capital Territory,Kuje,Chibiri,,19,19,10,5,5,0,0,9,5,0
2023/2024,Male,disabled,WAEC,College of Education,ward,Gaube,North Central,Federal Capital Territory,Kuje,Gaube,,94,93,55,15,16,0,1,38,40,0
2023/2024,Male,disabled,WAEC,College of Education,ward,Ashara,North Central,Federal Capital Territory,Kwali,Ashara,,68,67,39,15,16,0,1,28,24,0
2023/2024,Male,disabled,WAEC,College of Education,ward,Gumbo,North Central,Federal Capital Territory,Kwali,Gumbo,,22,22,13,5,5,0,0,9,8,0
2023/2024,Male,disabled,WAEC,Polytechnic,ward,City Centre,North Central,Federal Capital Territory,Abuja Municipal Area Council,City Centre,,42,41,22,5,5,0,1,19,17,0
2023/2024,Male,disabled,WAEC,Polytechnic,ward,Garki,North Central,Federal Capital Territory,Abuja Municipal Area Council,Garki,,42,41,22,5,5,0,1,19,17,0
2023/2024,Male,disabled,WAEC,Polytechnic,ward,Bwari Central,North Central,Federal Capital Territory,Bwari,Bwari Central,,71,70,44,10,12,0,1,26,34,0
2023/2024,Male,disabled,WAEC,Polytechnic,ward,Byazhin,North Central,Federal Capital Territory,Bwari,Byazhin,,33,33,19,5,5,0,0,14,14,0
2023/2024,Male,disabled,WAEC,Polytechnic,ward,Dutse Alhaji,North Central,Federal Capital Territory,Bwari,Dutse Alhaji,,33,33,19,5,5,0,0,14,14,0
2023/2024,Male,disabled,WAEC,Polytechnic,ward,Dobi,North Central,Federal Capital Territory,Gwagwalada,Dobi,,72,71,42,15,16,0,1,29,27,0
2023/2024,Male,disabled,WAEC,Polytechnic,ward,Gwako,North Central,Federal Capital Territory,Gwagwalada,Gwako,,42,41,26,5,5,0,1,15,21,0
2023/2024,Male,disabled,WAEC,Polytechnic,ward,Chibiri,North Central,Federal Capital Territory,Kuje,Chibiri,,84,82,52,15,16,0,2,30,37,0
2023/2024,Male,disabled,WAEC,Polytechnic,ward,Gaube,North Central,Federal Capital Territory,Kuje,Gaube,,45,44,29,10,11,0,1,15,19,0
2023/2024,Male,disabled,WAEC,Polytechnic,ward,Gudun Karya,North Central,Federal Capital Territory,Kuje,Gudun Karya,,101,100,57,15,15,0,1,43,42,0
2023/2024,Male,disabled,WAEC,Polytechnic,ward,Ashara,North Central,Federal Capital Territory,Kwali,Ashara,,53,52,29,5,5,0,1,23,24,0
2023/2024,Male,disabled,WAEC,Polytechnic,ward,Dafa,North Central,Federal Capital Territory,Kwali,Dafa,,33,33,19,5,5,0,0,14,14,0
2023/2024,Male,disabled,WAEC,Polytechnic,ward,Gumbo,North Central,Federal Capital Territory,Kwali,Gumbo,,64,63,42,15,16,0,1,21,27,0
2023/2024,Male,disabled,WAEC,University,ward,Gui,North Central,Federal Capital Territory,Abuja Municipal Area Council,Gui,,22,22,13,5,6,0,0,9,8,0
2023/2024,Male,disabled,WAEC,University,ward,Bwari Central,North Central,Federal Capital Territory,Bwari,Bwari Central,,19,19,10,5,6,0,0,9,5,0
2023/2024,Male,disabled,WAEC,University,ward,Dutse Alhaji,North Central,Federal Capital Territory,Bwari,Dutse Alhaji,,38,37,23,5,6,0,1,14,18,0
2023/2024,Male,disabled,WAEC,University,ward,Dobi,North Central,Federal Capital Territory,Gwagwalada,Dobi,,49,48,26,5,6,0,1,22,21,0
2023/2024,Male,disabled,WAEC,University,ward,Gwagwalada Centre,North Central,Federal Capital Territory,Gwagwalada,Gwagwalada Centre,,22,22,13,5,5,0,0,9,8,0
2023/2024,Male,disabled,WAEC,University,ward,Gwako,North Central,Federal Capital Territory,Gwagwalada,Gwako,,68,68,42,15,15,0,0,26,27,0
2023/2024,Male,disabled,WAEC,University,ward,Chibiri,North Central,Federal Capital Territory,Kuje,Chibiri,,45,44,26,10,11,0,1,18,16,0
2023/2024,Male,disabled,WAEC,University,ward,Gaube,North Central,Federal Capital Territory,Kuje,Gaube,,15,15,10,5,5,0,0,5,5,0
2023/2024,Male,disabled,WAEC,University,ward,Gudun Karya,North Central,Federal Capital Territory,Kuje,Gudun Karya,,26,26,16,5,5,0,0,10,11,0
2023/2024,Male,disabled,WAEC,University,ward,Ashara,North Central,Federal Capital Territory,Kwali,Ashara,,45,44,26,5,5,0,1,18,21,0
2023/2024,Male,disabled,WAEC,University,ward,Dafa,North Central,Federal Capital Territory,Kwali,Dafa,,90,89,52,10,10,0,1,37,42,0
2023/2024,Male,disabled,WAEC,University,ward,Gumbo,North Central,Federal Capital Territory,Kwali,Gumbo,,19,19,13,5,5,0,0,6,8,0
2024/2025,Female,all,NABTEB,College of Education,ward,City Centre,North Central,Federal Capital Territory,Abuja Municipal Area Council,City Centre,,297,265,207,81,49,9,32,58,126,32
2024/2025,Female,all,NABTEB,College of Education,ward,Garki,North Central,Federal Capital Territory,Abuja Municipal Area Council,Garki,,334,297,222,68,44,4,37,75,154,24
2024/2025,Female,all,NABTEB,College of Education,ward,Gui,North Central,Federal Capital Territory,Abuja Municipal Area Council,Gui,,371,331,236,82,54,4,40,95,154,28
2024/2025,Female,all,NABTEB,College of Education,ward,Bwari Central,North Central,Federal Capital Territory,Bwari,Bwari Central,,152,135,104,38,23,4,17,31,66,15
2024/2025,Female,all,NABTEB,College of Education,ward,Byazhin,North Central,Federal Capital Territory,Bwari,Byazhin,,387,345,244,81,49,8,42,101,163,32
2024/2025,Female,all,NABTEB,College of Education,ward,Dutse Alhaji,North Central,Federal Capital Territory,Bwari,Dutse Alhaji,,217,193,153,63,36,8,24,40,90,27
2024/2025,Female,all,NABTEB,College of Education,ward,Dobi,North Central,Federal Capital Territory,Gwagwalada,Dobi,,97,87,62,19,13,0,10,25,43,6
2024/2025,Female,all,NABTEB,College of Education,ward,Gwagwalada Centre,North Central,Federal Capital Territory,Gwagwalada,Gwagwalada Centre,,304,270,202,75,49,4,34,68,127,26
2024/2025,Female,all,NABTEB,College of Education,ward,Chibiri,North Central,Federal Capital Territory,Kuje,Chibiri,,97,87,67,25,13,5,10,20,42,12
2024/2025,Female,all,NABTEB,College of Education,ward,Gaube,North Central,Federal Capital Territory,Kuje,Gaube,,303,269,198,70,41,8,34,71,128,29
2024/2025,Female,all,NABTEB,College of Education,ward,Ashara,North Central,Federal Capital Territory,Kwali,Ashara,,242,216,158,63,36,9,26,58,95,27
2024/2025,Female,all,NABTEB,College of Education,ward,Gumbo,North Central,Federal Capital Territory,Kwali,Gumbo,,111,99,70,25,13,5,12,29,45,12
2024/2025,Female,all,NABTEB,Polytechnic,ward,City Centre,North Central,Federal Capital Territory,Abuja Municipal Area Council,City Centre,,141,125,91,38,23,4,16,34,53,15
2024/2025,Female,all,NABTEB,Polytechnic,ward,Garki,North Central,Federal Capital Territory,Abuja Municipal Area Council,Garki,,162,144,104,31,18,4,18,40,73,13
2024/2025,Female,all,NABTEB,Polytechnic,ward,Bwari Central,North Central,Federal Capital Territory,Bwari,Bwari Central,,232,207,162,63,36,9,25,45,99,27
2024/2025,Female,all,NABTEB,Polytechnic,ward,Byazhin,North Central,Federal Capital Territory,Bwari,Byazhin,,144,128,99,31,18,4,16,29,68,13
2024/2025,Female,all,NABTEB,Polytechnic,ward,Dutse Alhaji,North Central,Federal Capital Territory,Bwari,Dutse Alhaji,,111,99,75,31,18,4,12,24,44,13
2024/2025,Female,all,NABTEB,Polytechnic,ward,Dobi,North Central,Federal Capital Territory,Gwagwalada,Dobi,,270,241,183,69,40,8,29,58,114,29
2024/2025,Female,all,NABTEB,Polytechnic,ward,Gwako,North Central,Federal Capital Territory,Gwagwalada,Gwako,,138,123,96,38,23,4,15,27,58,15
2024/2025,Female,all,NABTEB,Polytechnic,ward,Chibiri,North Central,Federal Capital Territory,Kuje,Chibiri,,246,218,161,63,36,9,28,57,98,27
2024/2025,Female,all,NABTEB,Polytechnic,ward,Gaube,North Central,Federal Capital Territory,Kuje,Gaube,,152,135,104,38,23,4,17,31,66,15
2024/2025,Female,all,NABTEB,Polytechnic,ward,Gudun Karya,North Central,Federal Capital Territory,Kuje,Gudun Karya,,263,234,169,56,34,5,29,65,113,22
2024/2025,Female,all,NABTEB,Polytechnic,ward,Ashara,North Central,Federal Capital Territory,Kwali,Ashara,,144,128,96,32,18,5,16,32,64,14
2024/2025,Female,all,NABTEB,Polytechnic,ward,Dafa,North Central,Federal Capital Territory,Kwali,Dafa,,130,115,87,32,18,5,15,28,55,14
2024/2025,Female,all,NABTEB,Polytechnic,ward,Gumbo,North Central,Federal Capital Territory,Kwali,Gumbo,,192,171,125,51,31,5,21,46,74,20
2024/2025,Female,all,NABTEB,University,ward,Gui,North Central,Federal Capital Territory,Abuja Municipal Area Council,Gui,,68,60,45,19,13,0,8,15,26,6
2024/2025,Female,all,NABTEB,University,ward,Bwari Central,North Central,Federal Capital Territory,Bwari,Bwari Central,,68,60,45,19,13,0,8,15,26,6
2024/2025,Female,all,NABTEB,University,ward,Dutse Alhaji,North Central,Federal Capital Territory,Bwari,Dutse Alhaji,,170,152,116,44,27,3,18,36,72,17
2024/2025,Female,all,NABTEB,University,ward,Dobi,North Central,Federal Capital Territory,Gwagwalada,Dobi,,162,144,108,38,23,3,18,36,70,15
2024/2025,Female,all,NABTEB,University,ward,Gwagwalada Centre,North Central,Federal Capital Territory,Gwagwalada,Gwagwalada Centre,,100,89,67,19,8,5,11,22,48,11
2024/2025,Female,all,NABTEB,University,ward,Gwako,North Central,Federal Capital Territory,Gwagwalada,Gwako,,267,239,179,75,44,9,28,60,104,31
2024/2025,Female,all,NABTEB,University,ward,Chibiri,North Central,Federal Capital Territory,Kuje,Chibiri,,156,139,108,44,27,3,17,31,64,17
2024/2025,Female,all,NABTEB,University,ward,Gaube,North Central,Federal Capital Territory,Kuje,Gaube,,68,60,45,19,13,0,8,15,26,6
2024/2025,Female,all,NABTEB,University,ward,Gudun Karya,North Central,Federal Capital Territory,Kuje,Gudun Karya,,73,65,50,19,13,0,8,15,31,6
2024/2025,Female,all,NABTEB,University,ward,Ashara,North Central,Federal Capital Territory,Kwali,Ashara,,130,115,79,32,18,5,15,36,47,14
2024/2025,Female,all,NABTEB,University,ward,Dafa,North Central,Federal Capital Territory,Kwali,Dafa,,374,332,236,89,54,10,42,96,147,35
2024/2025,Female,all,NABTEB,University,ward,Gumbo,North Central,Federal Capital Territory,Kwali,Gumbo,,108,96,70,32,18,5,12,26,38,14
2024/2025,Female,all,NECO,College of Education,ward,City Centre,North Central,Federal Capital Territory,Abuja Municipal Area Council,City Centre,,528,469,352,138,87,12,59,117,214,51
2024/2025,Female,all,NECO,College of Education,ward,Garki,North Central,Federal Capital Territory,Abuja Municipal Area Council,Garki,,628,559,403,132,78,17,69,156,271,54
2024/2025,Female,all,NECO,College of Education,ward,Gui,North Central,Federal Capital Territory,Abuja Municipal Area Council,Gui,,733,652,473,148,84,24,81,179,325,64
2024/2025,Female,all,NECO,College of Education,ward,Bwari Central,North Central,Federal Capital Territory,Bwari,Bwari Central,,257,229,163,58,34,8,28,66,105,24
2024/2025,Female,all,NECO,College of Education,ward,Byazhin,North Central,Federal Capital Territory,Bwari,Byazhin,,706,628,461,148,87,22,78,167,313,61
2024/2025,Female,all,NECO,College of Education,ward,Dutse Alhaji,North Central,Federal Capital Territory,Bwari,Dutse Alhaji,,394,351,255,106,63,14,43,96,149,43
2024/2025,Female,all,NECO,College of Education,ward,Dobi,North Central,Federal Capital Territory,Gwagwalada,Dobi,,156,139,98,32,18,5,17,41,66,14
2024/2025,Female,all,NECO,College of Education,ward,Gwagwalada Centre,North Central,Federal Capital Territory,Gwagwalada,Gwagwalada Centre,,527,468,364,138,87,12,59,104,226,51
2024/2025,Female,all,NECO,College of Education,ward,Chibiri,North Central,Federal Capital Territory,Kuje,Chibiri,,152,135,105,42,25,4,17,30,63,17
2024/2025,Female,all,NECO,College of Education,ward,Gaube,North Central,Federal Capital Territory,Kuje,Gaube,,546,486,360,132,78,18,60,126,228,54
2024/2025,Female,all,NECO,College of Education,ward,Ashara,North Central,Federal Capital Territory,Kwali,Ashara,,466,414,313,90,52,13,52,101,223,38
2024/2025,Female,all,NECO,College of Education,ward,Gumbo,North Central,Federal Capital Territory,Kwali,Gumbo,,174,155,116,42,25,4,19,39,74,17
2024/2025,Female,all,NECO,Polytechnic,ward,City Centre,North Central,Federal Capital Territory,Abuja Municipal Area Council,City Centre,,301,268,197,63,37,10,33,71,134,26
2024/2025,Female,all,NECO,Polytechnic,ward,Garki,North Central,Federal Capital Territory,Abuja Municipal Area Council,Garki,,377,336,247,75,44,10,41,89,172,31
2024/2025,Female,all,NECO,Polytechnic,ward,Bwari Central,North Central,Federal Capital Territory,Bwari,Bwari Central,,466,415,321,116,68,20,51,94,205,48
2024/2025,Female,all,NECO,Polytechnic,ward,Byazhin,North Central,Federal Capital Territory,Bwari,Byazhin,,312,278,208,63,37,10,34,70,145,26
2024/2025,Female,all,NECO,Polytechnic,ward,Dutse Alhaji,North Central,Federal Capital Territory,Bwari,Dutse Alhaji,,221,197,149,48,31,4,24,48,101,17
2024/2025,Female,all,NECO,Polytechnic,ward,Dobi,North Central,Federal Capital Territory,Gwagwalada,Dobi,,490,436,330,122,73,14,54,106,208,49
2024/2025,Female,all,NECO,Polytechnic,ward,Gwako,North Central,Federal Capital Territory,Gwagwalada,Gwako,,289,257,189,75,44,10,32,68,114,31
2024/2025,Female,all,NECO,Polytechnic,ward,Chibiri,North Central,Federal Capital Territory,Kuje,Chibiri,,445,396,302,111,65,18,49,94,191,46
2024/2025,Female,all,NECO,Polytechnic,ward,Gaube,North Central,Federal Capital Territory,Kuje,Gaube,,263,234,182,63,37,10,29,52,119,26
2024/2025,Female,all,NECO,Polytechnic,ward,Gudun Karya,North Central,Federal Capital Territory,Kuje,Gudun Karya,,481,428,308,105,60,13,53,120,203,45
2024/2025,Female,all,NECO,Polytechnic,ward,Ashara,North Central,Federal Capital Territory,Kwali,Ashara,,304,271,189,53,34,4,33,82,136,19
2024/2025,Female,all,NECO,Polytechnic,ward,Dafa,North Central,Federal Capital Territory,Kwali,Dafa,,239,213,160,48,31,4,26,53,112,17
2024/2025,Female,all,NECO,Polytechnic,ward,Gumbo,North Central,Federal Capital Territory,Kwali,Gumbo,,316,281,218,74,43,9,35,63,144,31
2024/2025,Female,all,NECO,University,ward,Gui,North Central,Federal Capital Territory,Abuja Municipal Area Council,Gui,,129,115,90,37,22,4,14,25,53,15
2024/2025,Female,all,NECO,University,ward,Bwari Central,North Central,Federal Capital Territory,Bwari,Bwari Central,,126,112,84,26,13,5,14,28,58,13
2024/2025,Female,all,NECO,University,ward,Dutse Alhaji,North Central,Federal Capital Territory,Bwari,Dutse Alhaji,,339,301,226,75,44,10,38,75,151,31
2024/2025,Female,all,NECO,University,ward,Dobi,North Central,Federal Capital Territory,Gwagwalada,Dobi,,312,278,197,63,37,10,34,81,134,26
2024/2025,Female,all,NECO,University,ward,Gwagwalada Centre,North Central,Federal Capital Territory,Gwagwalada,Gwagwalada Centre,,202,179,134,42,25,4,23,45,92,17
2024/2025,Female,all,NECO,University,ward,Gwako,North Central,Federal Capital Territory,Gwagwalada,Gwako,,505,449,345,132,78,19,56,104,213,54
2024/2025,Female,all,NECO,University,ward,Chibiri,North Central,Federal Capital Territory,Kuje,Chibiri,,293,261,189,63,37,10,32,72,126,26
2024/2025,Female,all,NECO,University,ward,Gaube,North Central,Federal Capital Territory,Kuje,Gaube,,140,124,90,32,18,5,16,34,58,14
2024/2025,Female,all,NECO,University,ward,Gudun Karya,North Central,Federal Capital Territory,Kuje,Gudun Karya,,137,122,87,32,18,5,15,35,55,14
2024/2025,Female,all,NECO,University,ward,Ashara,North Central,Federal Capital Territory,Kwali,Ashara,,239,213,160,58,34,8,26,53,102,24
2024/2025,Female,all,NECO,University,ward,Dafa,North Central,Federal Capital Territory,Kwali,Dafa,,685,609,440,154,90,22,76,169,286,64
2024/2025,Female,all,NECO,University,ward,Gumbo,North Central,Federal Capital Territory,Kwali,Gumbo,,202,180,134,53,34,4,22,46,81,19
2024/2025,Female,all,WAEC,College of Education,ward,City Centre,North Central,Federal Capital Territory,Abuja Municipal Area Council,City Centre,,694,617,465,187,121,13,77,152,278,66
2024/2025,Female,all,WAEC,College of Education,ward,Garki,North Central,Federal Capital Territory,Abuja Municipal Area Council,Garki,,903,802,588,210,129,24,101,214,378,81
2024/2025,Female,all,WAEC,College of Education,ward,Gui,North Central,Federal Capital Territory,Abuja Municipal Area Council,Gui,,926,824,601,219,136,20,102,223,382,83
2024/2025,Female,all,WAEC,College of Education,ward,Bwari Central,North Central,Federal Capital Territory,Bwari,Bwari Central,,400,356,279,105,66,8,44,77,174,39
2024/2025,Female,all,WAEC,College of Education,ward,Byazhin,North Central,Federal Capital Territory,Bwari,Byazhin,,925,824,595,201,127,16,101,229,394,74
2024/2025,Female,all,WAEC,College of Education,ward,Dutse Alhaji,North Central,Federal Capital Territory,Bwari,Dutse Alhaji,,562,500,375,146,94,10,62,125,229,52
2024/2025,Female,all,WAEC,College of Education,ward,Dobi,North Central,Federal Capital Territory,Gwagwalada,Dobi,,239,213,153,57,35,6,26,60,96,22
2024/2025,Female,all,WAEC,College of Education,ward,Gwagwalada Centre,North Central,Federal Capital Territory,Gwagwalada,Gwagwalada Centre,,726,646,482,181,114,13,80,164,301,67
2024/2025,Female,all,WAEC,College of Education,ward,Chibiri,North Central,Federal Capital Territory,Kuje,Chibiri,,223,198,146,57,35,6,25,52,89,22
2024/2025,Female,all,WAEC,College of Education,ward,Gaube,North Central,Federal Capital Territory,Kuje,Gaube,,706,630,462,187,122,12,76,168,275,65
2024/2025,Female,all,WAEC,College of Education,ward,Ashara,North Central,Federal Capital Territory,Kwali,Ashara,,588,523,368,141,90,10,65,155,227,51
2024/2025,Female,all,WAEC,College of Education,ward,Gumbo,North Central,Federal Capital Territory,Kwali,Gumbo,,298,265,198,68,42,6,33,67,130,26
2024/2025,Female,all,WAEC,Polytechnic,ward,City Centre,North Central,Federal Capital Territory,Abuja Municipal Area Council,City Centre,,396,353,279,105,66,8,43,74,174,39
2024/2025,Female,all,WAEC,Polytechnic,ward,Garki,North Central,Federal Capital Territory,Abuja Municipal Area Council,Garki,,396,353,257,84,51,11,43,96,173,33
2024/2025,Female,all,WAEC,Polytechnic,ward,Bwari Central,North Central,Federal Capital Territory,Bwari,Bwari Central,,629,559,428,181,117,12,70,131,247,64
2024/2025,Female,all,WAEC,Polytechnic,ward,Byazhin,North Central,Federal Capital Territory,Bwari,Byazhin,,380,338,254,88,55,8,42,84,166,33
2024/2025,Female,all,WAEC,Polytechnic,ward,Dutse Alhaji,North Central,Federal Capital Territory,Bwari,Dutse Alhaji,,267,237,177,62,39,6,30,60,115,23
2024/2025,Female,all,WAEC,Polytechnic,ward,Dobi,North Central,Federal Capital Territory,Gwagwalada,Dobi,,646,575,427,167,105,14,71,148,260,62
2024/2025,Female,all,WAEC,Polytechnic,ward,Gwako,North Central,Federal Capital Territory,Gwagwalada,Gwako,,396,353,261,115,74,7,43,92,146,41
2024/2025,Female,all,WAEC,Polytechnic,ward,Chibiri,North Central,Federal Capital Territory,Kuje,Chibiri,,552,493,365,141,86,17,59,128,224,55
2024/2025,Female,all,WAEC,Polytechnic,ward,Gaube,North Central,Federal Capital Territory,Kuje,Gaube,,385,343,247,89,55,10,42,96,158,34
2024/2025,Female,all,WAEC,Polytechnic,ward,Gudun Karya,North Central,Federal Capital Territory,Kuje,Gudun Karya,,686,610,438,161,101,14,76,172,277,60
2024/2025,Female,all,WAEC,Polytechnic,ward,Ashara,North Central,Federal Capital Territory,Kwali,Ashara,,392,349,236,84,55,4,43,113,152,29
2024/2025,Female,all,WAEC,Polytechnic,ward,Dafa,North Central,Federal Capital Territory,Kwali,Dafa,,322,287,208,72,46,5,35,79,136,26
2024/2025,Female,all,WAEC,Polytechnic,ward,Gumbo,North Central,Federal Capital Territory,Kwali,Gumbo,,454,404,308,125,81,6,50,96,183,44
2024/2025,Female,all,WAEC,University,ward,Gui,North Central,Federal Capital Territory,Abuja Municipal Area Council,Gui,,197,174,128,52,31,7,23,46,76,21
2024/2025,Female,all,WAEC,University,ward,Bwari Central,North Central,Federal Capital Territory,Bwari,Bwari Central,,149,133,94,37,23,3,16,39,57,14
2024/2025,Female,all,WAEC,University,ward,Dutse Alhaji,North Central,Federal Capital Territory,Bwari,Dutse Alhaji,,550,490,380,141,91,11,60,110,239,50
2024/2025,Female,all,WAEC,University,ward,Dobi,North Central,Federal Capital Territory,Gwagwalada,Dobi,,417,371,268,94,63,3,46,103,174,31
2024/2025,Female,all,WAEC,University,ward,Gwagwalada Centre,North Central,Federal Capital Territory,Gwagwalada,Gwagwalada Centre,,231,206,150,52,35,2,25,56,98,17
2024/2025,Female,all,WAEC,University,ward,Gwako,North Central,Federal Capital Territory,Gwagwalada,Gwako,,705,627,476,194,124,13,78,151,282,70
2024/2025,Female,all,WAEC,University,ward,Chibiri,North Central,Federal Capital Territory,Kuje,Chibiri,,385,343,251,94,59,8,42,92,157,35
2024/2025,Female,all,WAEC,University,ward,Gaube,North Central,Federal Capital Territory,Kuje,Gaube,,175,156,115,47,31,2,19,41,68,16
2024/2025,Female,all,WAEC,University,ward,Gudun Karya,North Central,Federal Capital Territory,Kuje,Gudun Karya,,180,161,115,41,26,2,19,46,74,15
2024/2025,Female,all,WAEC,University,ward,Ashara,North Central,Federal Capital Territory,Kwali,Ashara,,361,321,233,84,55,4,40,88,149,29
2024/2025,Female,all,WAEC,University,ward,Dafa,North Central,Federal Capital Territory,Kwali,Dafa,,867,771,578,218,136,22,96,193,360,82
2024/2025,Female,all,WAEC,University,ward,Gumbo,North Central,Federal Capital Territory,Kwali,Gumbo,,239,213,167,68,42,6,26,46,99,26
2024/2025,Female,disabled,NABTEB,College of Education,ward,City Centre,North Central,Federal Capital Territory,Abuja Municipal Area Council,City Centre,,42,39,21,18,12,0,3,18,3,6
2024/2025,Female,disabled,NABTEB,College of Education,ward,Garki,North Central,Federal Capital Territory,Abuja Municipal Area Council,Garki,,42,39,21,12,8,0,3,18,9,4
2024/2025,Female,disabled,NABTEB,College of Education,ward,Gui,North Central,Federal Capital Territory,Abuja Municipal Area Council,Gui,,49,45,27,18,12,0,4,18,9,6
2024/2025,Female,disabled,NABTEB,College of Education,ward,Bwari Central,North Central,Federal Capital Territory,Bwari,Bwari Central,,14,13,7,6,4,0,1,6,1,2
2024/2025,Female,disabled,NABTEB,College of Education,ward,Byazhin,North Central,Federal Capital Territory,Bwari,Byazhin,,45,41,24,18,12,0,4,17,6,6
2024/2025,Female,disabled,NABTEB,College of Education,ward,Dutse Alhaji,North Central,Federal Capital Territory,Bwari,Dutse Alhaji,,28,26,15,12,8,0,2,11,3,4
2024/2025,Female,disabled,NABTEB,College of Education,ward,Dobi,North Central,Federal Capital Territory,Gwagwalada,Dobi,,14,13,8,6,4,0,1,5,2,2
2024/2025,Female,disabled,NABTEB,College of Education,ward,Gwagwalada Centre,North Central,Federal Capital Territory,Gwagwalada,Gwagwalada Centre,,42,39,24,18,12,0,3,15,6,6
2024/2025,Female,disabled,NABTEB,College of Education,ward,Chibiri,North Central,Federal Capital Territory,Kuje,Chibiri,,14,13,7,6,4,0,1,6,1,2
2024/2025,Female,disabled,NABTEB,College of Education,ward,Gaube,North Central,Federal Capital Territory,Kuje,Gaube,,35,32,23,6,4,0,3,9,17,2
2024/2025,Female,disabled,NABTEB,College of Education,ward,Ashara,North Central,Federal Capital Territory,Kwali,Ashara,,35,32,19,12,8,0,3,13,7,4
2024/2025,Female,disabled,NABTEB,College of Education,ward,Gumbo,North Central,Federal Capital Territory,Kwali,Gumbo,,14,13,7,6,4,0,1,6,1,2
2024/2025,Female,disabled,NABTEB,Polytechnic,ward,City Centre,North Central,Federal Capital Territory,Abuja Municipal Area Council,City Centre,,14,13,7,6,4,0,1,6,1,2
2024/2025,Female,disabled,NABTEB,Polytechnic,ward,Garki,North Central,Federal Capital Territory,Abuja Municipal Area Council,Garki,,17,15,12,6,4,0,2,3,6,2
2024/2025,Female,disabled,NABTEB,Polytechnic,ward,Bwari Central,North Central,Federal Capital Territory,Bwari,Bwari Central,,28,26,16,12,8,0,2,10,4,4
2024/2025,Female,disabled,NABTEB,Polytechnic,ward,Byazhin,North Central,Federal Capital Territory,Bwari,Byazhin,,14,13,8,6,4,0,1,5,2,2
2024/2025,Female,disabled,NABTEB,Polytechnic,ward,Dutse Alhaji,North Central,Federal Capital Territory,Bwari,Dutse Alhaji,,14,13,7,6,4,0,1,6,1,2
2024/2025,Female,disabled,NABTEB,Polytechnic,ward,Dobi,North Central,Federal Capital Territory,Gwagwalada,Dobi,,31,28,20,12,8,0,3,8,8,4
2024/2025,Female,disabled,NABTEB,Polytechnic,ward,Gwako,North Central,Federal Capital Territory,Gwagwalada,Gwako,,17,15,12,6,4,0,2,3,6,2
2024/2025,Female,disabled,NABTEB,Polytechnic,ward,Chibiri,North Central,Federal Capital Territory,Kuje,Chibiri,,31,28,19,12,8,0,3,9,7,4
2024/2025,Female,disabled,NABTEB,Polytechnic,ward,Gaube,North Central,Federal Capital Territory,Kuje,Gaube,,21,19,12,6,4,0,2,7,6,2
2024/2025,Female,disabled,NABTEB,Polytechnic,ward,Gudun Karya,North Central,Federal Capital Territory,Kuje,Gudun Karya,,42,39,23,12,8,0,3,16,11,4
2024/2025,Female,disabled,NABTEB,Polytechnic,ward,Ashara,North Central,Federal Capital Territory,Kwali,Ashara,,17,15,12,6,4,0,2,3,6,2
2024/2025,Female,disabled,NABTEB,Polytechnic,ward,Dafa,North Central,Federal Capital Territory,Kwali,Dafa,,14,13,7,6,4,0,1,6,1,2
2024/2025,Female,disabled,NABTEB,Polytechnic,ward,Gumbo,North Central,Federal Capital Territory,Kwali,Gumbo,,28,26,14,12,8,0,2,12,2,4
2024/2025,Female,disabled,NABTEB,University,ward,Gui,North Central,Federal Capital Territory,Abuja Municipal Area Council,Gui,,14,13,8,6,4,0,1,5,2,2
2024/2025,Female,disabled,NABTEB,University,ward,Bwari Central,North Central,Federal Capital Territory,Bwari,Bwari Central,,14,13,8,6,4,0,1,5,2,2
2024/2025,Female,disabled,NABTEB,University,ward,Dutse Alhaji,North Central,Federal Capital Territory,Bwari,Dutse Alhaji,,14,13,8,6,4,0,1,5,2,2
2024/2025,Female,disabled,NABTEB,University,ward,Dobi,North Central,Federal Capital Territory,Gwagwalada,Dobi,,17,15,7,6,4,0,2,8,1,2
2024/2025,Female,disabled,NABTEB,University,ward,Gwagwalada Centre,North Central,Federal Capital Territory,Gwagwalada,Gwagwalada Centre,,14,13,8,0,0,0,1,5,8,0
2024/2025,Female,disabled,NABTEB,University,ward,Gwako,North Central,Federal Capital Territory,Gwagwalada,Gwako,,42,39,21,18,12,0,3,18,3,6
2024/2025,Female,disabled,NABTEB,University,ward,Chibiri,North Central,Federal Capital Territory,Kuje,Chibiri,,14,13,7,6,4,0,1,6,1,2
2024/2025,Female,disabled,NABTEB,University,ward,Gaube,North Central,Federal Capital Territory,Kuje,Gaube,,14,13,8,6,4,0,1,5,2,2
2024/2025,Female,disabled,NABTEB,University,ward,Gudun Karya,North Central,Federal Capital Territory,Kuje,Gudun Karya,,14,13,7,6,4,0,1,6,1,2
2024/2025,Female,disabled,NABTEB,University,ward,Ashara,North Central,Federal Capital Territory,Kwali,Ashara,,14,13,7,6,4,0,1,6,1,2
2024/2025,Female,disabled,NABTEB,University,ward,Dafa,North Central,Federal Capital Territory,Kwali,Dafa,,42,39,21,18,12,0,3,18,3,6
2024/2025,Female,disabled,NABTEB,University,ward,Gumbo,North Central,Federal Capital Territory,Kwali,Gumbo,,14,13,7,6,4,0,1,6,1,2
2024/2025,Female,disabled,NECO,College of Education,ward,City Centre,North Central,Federal Capital Territory,Abuja Municipal Area Council,City Centre,,65,58,39,15,9,0,7,19,24,6
2024/2025,Female,disabled,NECO,College of Education,ward,Garki,North Central,Federal Capital Territory,Abuja Municipal Area Council,Garki,,62,55,34,15,9,0,7,21,19,6
2024/2025,Female,disabled,NECO,College of Education,ward,Gui,North Central,Federal Capital Territory,Abuja Municipal Area Council,Gui,,79,70,47,15,9,0,9,23,32,6
2024/2025,Female,disabled,NECO,College of Education,ward,Bwari Central,North Central,Federal Capital Territory,Bwari,Bwari Central,,29,26,17,5,3,0,3,9,12,2
2024/2025,Female,disabled,NECO,College of Education,ward,Byazhin,North Central,Federal Capital Territory,Bwari,Byazhin,,85,75,50,15,9,0,10,25,35,6
2024/2025,Female,disabled,NECO,College of Education,ward,Dutse Alhaji,North Central,Federal Capital Territory,Bwari,Dutse Alhaji,,37,33,25,10,6,0,4,8,15,4
2024/2025,Female,disabled,NECO,College of Education,ward,Dobi,North Central,Federal Capital Territory,Gwagwalada,Dobi,,15,13,11,5,3,0,2,2,6,2
2024/2025,Female,disabled,NECO,College of Education,ward,Gwagwalada Centre,North Central,Federal Capital Territory,Gwagwalada,Gwagwalada Centre,,55,49,32,15,9,0,6,17,17,6
2024/2025,Female,disabled,NECO,College of Education,ward,Chibiri,North Central,Federal Capital Territory,Kuje,Chibiri,,14,13,11,5,3,0,1,2,6,2
2024/2025,Female,disabled,NECO,College of Education,ward,Gaube,North Central,Federal Capital Territory,Kuje,Gaube,,61,54,35,15,10,0,7,19,20,5
2024/2025,Female,disabled,NECO,College of Education,ward,Ashara,North Central,Federal Capital Territory,Kwali,Ashara,,60,54,40,10,6,0,6,14,30,4
2024/2025,Female,disabled,NECO,College of Education,ward,Gumbo,North Central,Federal Capital Territory,Kwali,Gumbo,,15,13,11,5,3,0,2,2,6,2
2024/2025,Female,disabled,NECO,Polytechnic,ward,City Centre,North Central,Federal Capital Territory,Abuja Municipal Area Council,City Centre,,26,23,14,5,3,0,3,9,9,2
2024/2025,Female,disabled,NECO,Polytechnic,ward,Garki,North Central,Federal Capital Territory,Abuja Municipal Area Council,Garki,,42,37,25,5,3,0,5,12,20,2
2024/2025,Female,disabled,NECO,Polytechnic,ward,Bwari Central,North Central,Federal Capital Territory,Bwari,Bwari Central,,48,43,28,10,6,0,5,15,18,4
2024/2025,Female,disabled,NECO,Polytechnic,ward,Byazhin,North Central,Federal Capital Territory,Bwari,Byazhin,,29,26,17,5,3,0,3,9,12,2
2024/2025,Female,disabled,NECO,Polytechnic,ward,Dutse Alhaji,North Central,Federal Capital Territory,Bwari,Dutse Alhaji,,22,20,14,5,3,0,2,6,9,2
2024/2025,Female,disabled,NECO,Polytechnic,ward,Dobi,North Central,Federal Capital Territory,Gwagwalada,Dobi,,51,46,33,10,6,0,5,13,23,4
2024/2025,Female,disabled,NECO,Polytechnic,ward,Gwako,North Central,Federal Capital Territory,Gwagwalada,Gwako,,33,30,22,5,3,0,3,8,17,2
2024/2025,Female,disabled,NECO,Polytechnic,ward,Chibiri,North Central,Federal Capital Territory,Kuje,Chibiri,,55,49,34,10,6,0,6,15,24,4
2024/2025,Female,disabled,NECO,Polytechnic,ward,Gaube,North Central,Federal Capital Territory,Kuje,Gaube,,33,30,22,5,3,0,3,8,17,2
2024/2025,Female,disabled,NECO,Polytechnic,ward,Gudun Karya,North Central,Federal Capital Territory,Kuje,Gudun Karya,,58,52,36,15,9,0,6,16,21,6
2024/2025,Female,disabled,NECO,Polytechnic,ward,Ashara,North Central,Federal Capital Territory,Kwali,Ashara,,38,33,25,5,3,0,5,8,20,2
2024/2025,Female,disabled,NECO,Polytechnic,ward,Dafa,North Central,Federal Capital Territory,Kwali,Dafa,,26,23,17,5,3,0,3,6,12,2
2024/2025,Female,disabled,NECO,Polytechnic,ward,Gumbo,North Central,Federal Capital Territory,Kwali,Gumbo,,44,39,33,10,6,0,5,6,23,4
2024/2025,Female,disabled,NECO,University,ward,Gui,North Central,Federal Capital Territory,Abuja Municipal Area Council,Gui,,15,13,11,5,3,0,2,2,6,2
2024/2025,Female,disabled,NECO,University,ward,Bwari Central,North Central,Federal Capital Territory,Bwari,Bwari Central,,15,13,11,5,3,0,2,2,6,2
2024/2025,Female,disabled,NECO,University,ward,Dutse Alhaji,North Central,Federal Capital Territory,Bwari,Dutse Alhaji,,29,26,17,5,3,0,3,9,12,2
2024/2025,Female,disabled,NECO,University,ward,Dobi,North Central,Federal Capital Territory,Gwagwalada,Dobi,,38,33,25,5,3,0,5,8,20,2
2024/2025,Female,disabled,NECO,University,ward,Gwagwalada Centre,North Central,Federal Capital Territory,Gwagwalada,Gwagwalada Centre,,18,16,11,5,3,0,2,5,6,2
2024/2025,Female,disabled,NECO,University,ward,Gwako,North Central,Federal Capital Territory,Gwagwalada,Gwako,,50,45,33,15,9,0,5,12,18,6
2024/2025,Female,disabled,NECO,University,ward,Chibiri,North Central,Federal Capital Territory,Kuje,Chibiri,,26,23,17,5,3,0,3,6,12,2
2024/2025,Female,disabled,NECO,University,ward,Gaube,North Central,Federal Capital Territory,Kuje,Gaube,,15,13,6,5,3,0,2,7,1,2
2024/2025,Female,disabled,NECO,University,ward,Gudun Karya,North Central,Federal Capital Territory,Kuje,Gudun Karya,,18,16,11,5,3,0,2,5,6,2
2024/2025,Female,disabled,NECO,University,ward,Ashara,North Central,Federal Capital Territory,Kwali,Ashara,,18,16,11,5,3,0,2,5,6,2
2024/2025,Female,disabled,NECO,University,ward,Dafa,North Central,Federal Capital Territory,Kwali,Dafa,,59,52,32,15,9,0,7,20,17,6
2024/2025,Female,disabled,NECO,University,ward,Gumbo,North Central,Federal Capital Territory,Kwali,Gumbo,,15,13,11,5,3,0,2,2,6,2
2024/2025,Female,disabled,WAEC,College of Education,ward,City Centre,North Central,Federal Capital Territory,Abuja Municipal Area Council,City Centre,,85,76,54,20,13,0,9,22,34,7
2024/2025,Female,disabled,WAEC,College of Education,ward,Garki,North Central,Federal Capital Territory,Abuja Municipal Area Council,Garki,,97,86,58,20,13,0,11,28,38,7
2024/2025,Female,disabled,WAEC,College of Education,ward,Gui,North Central,Federal Capital Territory,Abuja Municipal Area Council,Gui,,97,86,58,20,13,0,11,28,38,7
2024/2025,Female,disabled,WAEC,College of Education,ward,Bwari Central,North Central,Federal Capital Territory,Bwari,Bwari Central,,43,38,28,10,7,0,5,10,18,3
2024/2025,Female,disabled,WAEC,College of Education,ward,Byazhin,North Central,Federal Capital Territory,Bwari,Byazhin,,113,100,72,20,13,0,13,28,52,7
2024/2025,Female,disabled,WAEC,College of Education,ward,Dutse Alhaji,North Central,Federal Capital Territory,Bwari,Dutse Alhaji,,50,45,34,15,10,0,5,11,19,5
2024/2025,Female,disabled,WAEC,College of Education,ward,Dobi,North Central,Federal Capital Territory,Gwagwalada,Dobi,,19,17,10,5,3,0,2,7,5,2
2024/2025,Female,disabled,WAEC,College of Education,ward,Gwagwalada Centre,North Central,Federal Capital Territory,Gwagwalada,Gwagwalada Centre,,76,69,51,15,9,0,7,18,36,6
2024/2025,Female,disabled,WAEC,College of Education,ward,Chibiri,North Central,Federal Capital Territory,Kuje,Chibiri,,19,17,13,5,3,0,2,4,8,2
2024/2025,Female,disabled,WAEC,College of Education,ward,Gaube,North Central,Federal Capital Territory,Kuje,Gaube,,77,68,44,15,10,0,9,24,29,5
2024/2025,Female,disabled,WAEC,College of Education,ward,Ashara,North Central,Federal Capital Territory,Kwali,Ashara,,73,64,44,15,10,0,9,20,29,5
2024/2025,Female,disabled,WAEC,College of Education,ward,Gumbo,North Central,Federal Capital Territory,Kwali,Gumbo,,23,21,13,5,3,0,2,8,8,2
2024/2025,Female,disabled,WAEC,Polytechnic,ward,City Centre,North Central,Federal Capital Territory,Abuja Municipal Area Council,City Centre,,30,28,21,5,3,0,2,7,16,2
2024/2025,Female,disabled,WAEC,Polytechnic,ward,Garki,North Central,Federal Capital Territory,Abuja Municipal Area Council,Garki,,50,44,28,5,3,0,6,16,23,2
2024/2025,Female,disabled,WAEC,Polytechnic,ward,Bwari Central,North Central,Federal Capital Territory,Bwari,Bwari Central,,69,62,49,15,10,0,7,13,34,5
2024/2025,Female,disabled,WAEC,Polytechnic,ward,Byazhin,North Central,Federal Capital Territory,Bwari,Byazhin,,39,34,24,5,3,0,5,10,19,2
2024/2025,Female,disabled,WAEC,Polytechnic,ward,Dutse Alhaji,North Central,Federal Capital Territory,Bwari,Dutse Alhaji,,30,28,21,5,3,0,2,7,16,2
2024/2025,Female,disabled,WAEC,Polytechnic,ward,Dobi,North Central,Federal Capital Territory,Gwagwalada,Dobi,,66,59,41,15,10,0,7,18,26,5
2024/2025,Female,disabled,WAEC,Polytechnic,ward,Gwako,North Central,Federal Capital Territory,Gwagwalada,Gwako,,43,38,28,10,7,0,5,10,18,3
2024/2025,Female,disabled,WAEC,Polytechnic,ward,Chibiri,North Central,Federal Capital Territory,Kuje,Chibiri,,70,62,45,15,10,0,8,17,30,5
2024/2025,Female,disabled,WAEC,Polytechnic,ward,Gaube,North Central,Federal Capital Territory,Kuje,Gaube,,55,49,31,10,7,0,6,18,21,3
2024/2025,Female,disabled,WAEC,Polytechnic,ward,Gudun Karya,North Central,Federal Capital Territory,Kuje,Gudun Karya,,84,76,51,15,9,0,8,25,36,6
2024/2025,Female,disabled,WAEC,Polytechnic,ward,Ashara,North Central,Federal Capital Territory,Kwali,Ashara,,47,41,28,10,7,0,6,13,18,3
2024/2025,Female,disabled,WAEC,Polytechnic,ward,Dafa,North Central,Federal Capital Territory,Kwali,Dafa,,44,39,24,5,3,0,5,15,19,2
2024/2025,Female,disabled,WAEC,Polytechnic,ward,Gumbo,North Central,Federal Capital Territory,Kwali,Gumbo,,58,51,37,15,10,0,7,14,22,5
2024/2025,Female,disabled,WAEC,University,ward,Gui,North Central,Federal Capital Territory,Abuja Municipal Area Council,Gui,,23,21,13,5,3,0,2,8,8,2
2024/2025,Female,disabled,WAEC,University,ward,Bwari Central,North Central,Federal Capital Territory,Bwari,Bwari Central,,15,13,10,5,3,0,2,3,5,2
2024/2025,Female,disabled,WAEC,University,ward,Dutse Alhaji,North Central,Federal Capital Territory,Bwari,Dutse Alhaji,,43,38,28,10,7,0,5,10,18,3
2024/2025,Female,disabled,WAEC,University,ward,Dobi,North Central,Federal Capital Territory,Gwagwalada,Dobi,,47,41,28,10,7,0,6,13,18,3
2024/2025,Female,disabled,WAEC,University,ward,Gwagwalada Centre,North Central,Federal Capital Territory,Gwagwalada,Gwagwalada Centre,,27,24,17,5,3,0,3,7,12,2
2024/2025,Female,disabled,WAEC,University,ward,Gwako,North Central,Federal Capital Territory,Gwagwalada,Gwako,,61,54,40,15,9,0,7,14,25,6
2024/2025,Female,disabled,WAEC,University,ward,Chibiri,North Central,Federal Capital Territory,Kuje,Chibiri,,35,32,21,5,3,0,3,11,16,2
2024/2025,Female,disabled,WAEC,University,ward,Gaube,North Central,Federal Capital Territory,Kuje,Gaube,,15,13,10,5,3,0,2,3,5,2
2024/2025,Female,disabled,WAEC,University,ward,Gudun Karya,North Central,Federal Capital Territory,Kuje,Gudun Karya,,23,21,13,5,3,0,2,8,8,2
2024/2025,Female,disabled,WAEC,University,ward,Ashara,North Central,Federal Capital Territory,Kwali,Ashara,,30,28,17,5,3,0,2,11,12,2
2024/2025,Female,disabled,WAEC,University,ward,Dafa,North Central,Federal Capital Territory,Kwali,Dafa,,85,77,51,15,9,0,8,26,36,6
2024/2025,Female,disabled,WAEC,University,ward,Gumbo,North Central,Federal Capital Territory,Kwali,Gumbo,,19,17,13,5,3,0,2,4,8,2
2024/2025,Male,all,NABTEB,College of Education,ward,City Centre,North Central,Federal Capital Territory,Abuja Municipal Area Council,City Centre,,350,311,237,87,54,8,39,74,150,33
2024/2025,Male,all,NABTEB,College of Education,ward,Garki,North Central,Federal Capital Territory,Abuja Municipal Area Council,Garki,,379,337,245,74,44,8,42,92,171,30
2024/2025,Male,all,NABTEB,College of Education,ward,Gui,North Central,Federal Capital Territory,Abuja Municipal Area Council,Gui,,382,340,240,69,39,10,42,100,171,30
2024/2025,Male,all,NABTEB,College of Education,ward,Bwari Central,North Central,Federal Capital Territory,Bwari,Bwari Central,,173,154,108,38,23,4,19,46,70,15
2024/2025,Male,all,NABTEB,College of Education,ward,Byazhin,North Central,Federal Capital Territory,Bwari,Byazhin,,398,355,253,75,44,8,43,102,178,31
2024/2025,Male,all,NABTEB,College of Education,ward,Dutse Alhaji,North Central,Federal Capital Territory,Bwari,Dutse Alhaji,,253,226,174,63,40,3,27,52,111,23
2024/2025,Male,all,NABTEB,College of Education,ward,Dobi,North Central,Federal Capital Territory,Gwagwalada,Dobi,,100,89,67,12,8,0,11,22,55,4
2024/2025,Male,all,NABTEB,College of Education,ward,Gwagwalada Centre,North Central,Federal Capital Territory,Gwagwalada,Gwagwalada Centre,,327,291,214,76,49,5,36,77,138,27
2024/2025,Male,all,NABTEB,College of Education,ward,Chibiri,North Central,Federal Capital Territory,Kuje,Chibiri,,116,103,79,25,13,5,13,24,54,12
2024/2025,Male,all,NABTEB,College of Education,ward,Gaube,North Central,Federal Capital Territory,Kuje,Gaube,,318,282,212,63,35,8,36,70,149,28
2024/2025,Male,all,NABTEB,College of Education,ward,Ashara,North Central,Federal Capital Territory,Kwali,Ashara,,235,209,141,44,31,0,26,68,97,13
2024/2025,Male,all,NABTEB,College of Education,ward,Gumbo,North Central,Federal Capital Territory,Kwali,Gumbo,,116,103,75,19,13,0,13,28,56,6
2024/2025,Male,all,NABTEB,Polytechnic,ward,City Centre,North Central,Federal Capital Territory,Abuja Municipal Area Council,City Centre,,177,158,121,38,23,4,19,37,83,15
2024/2025,Male,all,NABTEB,Polytechnic,ward,Garki,North Central,Federal Capital Territory,Abuja Municipal Area Council,Garki,,159,142,108,31,18,4,17,34,77,13
2024/2025,Male,all,NABTEB,Polytechnic,ward,Bwari Central,North Central,Federal Capital Territory,Bwari,Bwari Central,,286,254,190,69,41,8,32,64,121,28
2024/2025,Male,all,NABTEB,Polytechnic,ward,Byazhin,North Central,Federal Capital Territory,Bwari,Byazhin,,148,132,104,32,18,5,16,28,72,14
2024/2025,Male,all,NABTEB,Polytechnic,ward,Dutse Alhaji,North Central,Federal Capital Territory,Bwari,Dutse Alhaji,,133,118,87,31,18,4,15,31,56,13
2024/2025,Male,all,NABTEB,Polytechnic,ward,Dobi,North Central,Federal Capital Territory,Gwagwalada,Dobi,,300,267,199,63,41,3,33,68,136,22
2024/2025,Male,all,NABTEB,Polytechnic,ward,Gwako,North Central,Federal Capital Territory,Gwagwalada,Gwako,,138,123,91,31,18,4,15,32,60,13
2024/2025,Male,all,NABTEB,Polytechnic,ward,Chibiri,North Central,Federal Capital Territory,Kuje,Chibiri,,292,260,192,63,36,9,32,68,129,27
2024/2025,Male,all,NABTEB,Polytechnic,ward,Gaube,North Central,Federal Capital Territory,Kuje,Gaube,,166,148,108,38,23,4,18,40,70,15
2024/2025,Male,all,NABTEB,Polytechnic,ward,Gudun Karya,North Central,Federal Capital Territory,Kuje,Gudun Karya,,316,282,203,63,44,0,34,79,140,19
2024/2025,Male,all,NABTEB,Polytechnic,ward,Ashara,North Central,Federal Capital Territory,Kwali,Ashara,,152,135,99,32,18,5,17,36,67,14
2024/2025,Male,all,NABTEB,Polytechnic,ward,Dafa,North Central,Federal Capital Territory,Kwali,Dafa,,127,113,79,19,13,0,14,34,60,6
2024/2025,Male,all,NABTEB,Polytechnic,ward,Gumbo,North Central,Federal Capital Territory,Kwali,Gumbo,,214,191,149,57,36,5,23,42,92,21
2024/2025,Male,all,NABTEB,University,ward,Gui,North Central,Federal Capital Territory,Abuja Municipal Area Council,Gui,,76,68,50,12,8,0,8,18,38,4
2024/2025,Male,all,NABTEB,University,ward,Bwari Central,North Central,Federal Capital Territory,Bwari,Bwari Central,,79,70,53,19,13,0,9,17,34,6
2024/2025,Male,all,NABTEB,University,ward,Dutse Alhaji,North Central,Federal Capital Territory,Bwari,Dutse Alhaji,,180,161,116,38,23,3,19,45,78,15
2024/2025,Male,all,NABTEB,University,ward,Dobi,North Central,Federal Capital Territory,Gwagwalada,Dobi,,162,144,108,31,18,4,18,36,77,13
2024/2025,Male,all,NABTEB,University,ward,Gwagwalada Centre,North Central,Federal Capital Territory,Gwagwalada,Gwagwalada Centre,,108,96,70,19,8,5,12,26,51,11
2024/2025,Male,all,NABTEB,University,ward,Gwako,North Central,Federal Capital Territory,Gwagwalada,Gwako,,285,255,192,69,44,5,30,63,123,25
2024/2025,Male,all,NABTEB,University,ward,Chibiri,North Central,Federal Capital Territory,Kuje,Chibiri,,184,164,133,44,27,3,20,31,89,17
2024/2025,Male,all,NABTEB,University,ward,Gaube,North Central,Federal Capital Territory,Kuje,Gaube,,76,68,50,12,8,0,8,18,38,4
2024/2025,Male,all,NABTEB,University,ward,Gudun Karya,North Central,Federal Capital Territory,Kuje,Gudun Karya,,73,65,45,19,13,0,8,20,26,6
2024/2025,Male,all,NABTEB,University,ward,Ashara,North Central,Federal Capital Territory,Kwali,Ashara,,177,158,113,32,18,5,19,45,81,14
2024/2025,Male,all,NABTEB,University,ward,Dafa,North Central,Federal Capital Territory,Kwali,Dafa,,398,353,260,76,44,10,45,93,184,32
2024/2025,Male,all,NABTEB,University,ward,Gumbo,North Central,Federal Capital Territory,Kwali,Gumbo,,111,99,70,25,18,0,12,29,45,7
2024/2025,Male,all,NECO,College of Education,ward,City Centre,North Central,Federal Capital Territory,Abuja Municipal Area Council,City Centre,,600,535,389,143,90,12,65,146,246,53
2024/2025,Male,all,NECO,College of Education,ward,Garki,North Central,Federal Capital Territory,Abuja Municipal Area Council,Garki,,710,631,463,137,81,19,79,168,326,56
2024/2025,Male,all,NECO,College of Education,ward,Gui,North Central,Federal Capital Territory,Abuja Municipal Area Council,Gui,,772,687,505,153,93,18,85,182,352,60
2024/2025,Male,all,NECO,College of Education,ward,Bwari Central,North Central,Federal Capital Territory,Bwari,Bwari Central,,326,290,223,75,44,10,36,67,148,31
2024/2025,Male,all,NECO,College of Education,ward,Byazhin,North Central,Federal Capital Territory,Bwari,Byazhin,,698,621,448,133,80,19,77,173,315,53
2024/2025,Male,all,NECO,College of Education,ward,Dutse Alhaji,North Central,Federal Capital Territory,Bwari,Dutse Alhaji,,471,420,317,106,63,14,51,103,211,43
2024/2025,Male,all,NECO,College of Education,ward,Dobi,North Central,Federal Capital Territory,Gwagwalada,Dobi,,174,155,113,26,13,5,19,42,87,13
2024/2025,Male,all,NECO,College of Education,ward,Gwagwalada Centre,North Central,Federal Capital Territory,Gwagwalada,Gwagwalada Centre,,541,480,357,127,75,19,61,123,230,52
2024/2025,Male,all,NECO,College of Education,ward,Chibiri,North Central,Federal Capital Territory,Kuje,Chibiri,,190,169,124,42,25,4,21,45,82,17
2024/2025,Male,all,NECO,College of Education,ward,Gaube,North Central,Federal Capital Territory,Kuje,Gaube,,586,522,380,122,75,12,64,142,258,47
2024/2025,Male,all,NECO,College of Education,ward,Ashara,North Central,Federal Capital Territory,Kwali,Ashara,,452,402,295,85,49,15,50,107,210,36
2024/2025,Male,all,NECO,College of Education,ward,Gumbo,North Central,Federal Capital Territory,Kwali,Gumbo,,178,159,119,37,22,4,19,40,82,15
2024/2025,Male,all,NECO,Polytechnic,ward,City Centre,North Central,Federal Capital Territory,Abuja Municipal Area Council,City Centre,,339,301,218,75,44,10,38,83,143,31
2024/2025,Male,all,NECO,Polytechnic,ward,Garki,North Central,Federal Capital Territory,Abuja Municipal Area Council,Garki,,339,301,226,63,37,10,38,75,163,26
2024/2025,Male,all,NECO,Polytechnic,ward,Bwari Central,North Central,Federal Capital Territory,Bwari,Bwari Central,,498,443,354,121,71,18,55,89,233,50
2024/2025,Male,all,NECO,Polytechnic,ward,Byazhin,North Central,Federal Capital Territory,Bwari,Byazhin,,296,263,189,63,37,10,33,74,126,26
2024/2025,Male,all,NECO,Polytechnic,ward,Dutse Alhaji,North Central,Federal Capital Territory,Bwari,Dutse Alhaji,,254,226,174,53,34,4,28,52,121,19
2024/2025,Male,all,NECO,Polytechnic,ward,Dobi,North Central,Federal Capital Territory,Gwagwalada,Dobi,,558,497,352,117,70,14,61,145,235,47
2024/2025,Male,all,NECO,Polytechnic,ward,Gwako,North Central,Federal Capital Territory,Gwagwalada,Gwako,,296,263,200,69,41,10,33,63,131,28
2024/2025,Male,all,NECO,Polytechnic,ward,Chibiri,North Central,Federal Capital Territory,Kuje,Chibiri,,486,433,328,101,62,14,53,105,227,39
2024/2025,Male,all,NECO,Polytechnic,ward,Gaube,North Central,Federal Capital Territory,Kuje,Gaube,,263,234,160,48,31,4,29,74,112,17
2024/2025,Male,all,NECO,Polytechnic,ward,Gudun Karya,North Central,Federal Capital Territory,Kuje,Gudun Karya,,570,506,359,106,62,14,64,147,253,44
2024/2025,Male,all,NECO,Polytechnic,ward,Ashara,North Central,Federal Capital Territory,Kwali,Ashara,,304,271,197,53,34,4,33,74,144,19
2024/2025,Male,all,NECO,Polytechnic,ward,Dafa,North Central,Federal Capital Territory,Kwali,Dafa,,257,229,160,53,31,10,28,69,107,22
2024/2025,Male,all,NECO,Polytechnic,ward,Gumbo,North Central,Federal Capital Territory,Kwali,Gumbo,,368,327,250,80,49,9,41,77,170,31
2024/2025,Male,all,NECO,University,ward,Gui,North Central,Federal Capital Territory,Abuja Municipal Area Council,Gui,,137,122,90,26,13,5,15,32,64,13
2024/2025,Male,all,NECO,University,ward,Bwari Central,North Central,Federal Capital Territory,Bwari,Bwari Central,,126,112,84,26,13,5,14,28,58,13
2024/2025,Male,all,NECO,University,ward,Dutse Alhaji,North Central,Federal Capital Territory,Bwari,Dutse Alhaji,,339,301,226,75,44,10,38,75,151,31
2024/2025,Male,all,NECO,University,ward,Dobi,North Central,Federal Capital Territory,Gwagwalada,Dobi,,323,288,200,53,34,4,35,88,147,19
2024/2025,Male,all,NECO,University,ward,Gwagwalada Centre,North Central,Federal Capital Territory,Gwagwalada,Gwagwalada Centre,,178,159,105,32,18,5,19,54,73,14
2024/2025,Male,all,NECO,University,ward,Gwako,North Central,Federal Capital Territory,Gwagwalada,Gwako,,527,469,340,116,69,13,58,129,224,47
2024/2025,Male,all,NECO,University,ward,Chibiri,North Central,Federal Capital Territory,Kuje,Chibiri,,334,298,211,63,37,10,36,87,148,26
2024/2025,Male,all,NECO,University,ward,Gaube,North Central,Federal Capital Territory,Kuje,Gaube,,137,122,87,26,13,5,15,35,61,13
2024/2025,Male,all,NECO,University,ward,Gudun Karya,North Central,Federal Capital Territory,Kuje,Gudun Karya,,121,107,76,26,13,5,14,31,50,13
2024/2025,Male,all,NECO,University,ward,Ashara,North Central,Federal Capital Territory,Kwali,Ashara,,301,268,197,63,37,10,33,71,134,26
2024/2025,Male,all,NECO,University,ward,Dafa,North Central,Federal Capital Territory,Kwali,Dafa,,725,644,454,132,78,19,81,190,322,54
2024/2025,Male,all,NECO,University,ward,Gumbo,North Central,Federal Capital Territory,Kwali,Gumbo,,198,176,134,53,34,4,22,42,81,19
2024/2025,Male,all,WAEC,College of Education,ward,City Centre,North Central,Federal Capital Territory,Abuja Municipal Area Council,City Centre,,803,716,545,208,132,17,87,171,337,76
2024/2025,Male,all,WAEC,College of Education,ward,Garki,North Central,Federal Capital Territory,Abuja Municipal Area Council,Garki,,1011,901,644,230,148,15,110,257,414,82
2024/2025,Male,all,WAEC,College of Education,ward,Gui,North Central,Federal Capital Territory,Abuja Municipal Area Council,Gui,,980,873,615,197,125,17,107,258,418,72
2024/2025,Male,all,WAEC,College of Education,ward,Bwari Central,North Central,Federal Capital Territory,Bwari,Bwari Central,,440,392,292,109,66,13,48,100,183,43
2024/2025,Male,all,WAEC,College of Education,ward,Byazhin,North Central,Federal Capital Territory,Bwari,Byazhin,,957,852,605,193,124,12,105,247,412,69
2024/2025,Male,all,WAEC,College of Education,ward,Dutse Alhaji,North Central,Federal Capital Territory,Bwari,Dutse Alhaji,,671,597,445,167,109,9,74,152,278,58
2024/2025,Male,all,WAEC,College of Education,ward,Dobi,North Central,Federal Capital Territory,Gwagwalada,Dobi,,278,247,173,57,35,6,31,74,116,22
2024/2025,Male,all,WAEC,College of Education,ward,Gwagwalada Centre,North Central,Federal Capital Territory,Gwagwalada,Gwagwalada Centre,,788,702,521,177,112,13,86,181,344,65
2024/2025,Male,all,WAEC,College of Education,ward,Chibiri,North Central,Federal Capital Territory,Kuje,Chibiri,,263,234,163,62,39,6,29,71,101,23
2024/2025,Male,all,WAEC,College of Education,ward,Gaube,North Central,Federal Capital Territory,Kuje,Gaube,,734,654,503,188,122,13,80,151,315,66
2024/2025,Male,all,WAEC,College of Education,ward,Ashara,North Central,Federal Capital Territory,Kwali,Ashara,,580,516,386,129,81,11,64,130,257,48
2024/2025,Male,all,WAEC,College of Education,ward,Gumbo,North Central,Federal Capital Territory,Kwali,Gumbo,,298,265,195,68,42,6,33,70,127,26
2024/2025,Male,all,WAEC,Polytechnic,ward,City Centre,North Central,Federal Capital Territory,Abuja Municipal Area Council,City Centre,,471,420,310,105,66,8,51,110,205,39
2024/2025,Male,all,WAEC,Polytechnic,ward,Garki,North Central,Federal Capital Territory,Abuja Municipal Area Council,Garki,,420,373,257,84,51,11,47,116,173,33
2024/2025,Male,all,WAEC,Polytechnic,ward,Bwari Central,North Central,Federal Capital Territory,Bwari,Bwari Central,,753,669,505,188,122,12,84,164,317,66
2024/2025,Male,all,WAEC,Polytechnic,ward,Byazhin,North Central,Federal Capital Territory,Bwari,Byazhin,,369,328,239,78,51,5,41,89,161,27
2024/2025,Male,all,WAEC,Polytechnic,ward,Dutse Alhaji,North Central,Federal Capital Territory,Bwari,Dutse Alhaji,,325,290,213,72,46,5,35,77,141,26
2024/2025,Male,all,WAEC,Polytechnic,ward,Dobi,North Central,Federal Capital Territory,Gwagwalada,Dobi,,706,629,487,187,118,18,77,142,300,69
2024/2025,Male,all,WAEC,Polytechnic,ward,Gwako,North Central,Federal Capital Territory,Gwagwalada,Gwako,,377,336,261,99,63,8,41,75,162,36
2024/2025,Male,all,WAEC,Polytechnic,ward,Chibiri,North Central,Federal Capital Territory,Kuje,Chibiri,,638,568,434,157,97,16,70,134,277,60
2024/2025,Male,all,WAEC,Polytechnic,ward,Gaube,North Central,Federal Capital Territory,Kuje,Gaube,,428,381,271,99,63,8,47,110,172,36
2024/2025,Male,all,WAEC,Polytechnic,ward,Gudun Karya,North Central,Federal Capital Territory,Kuje,Gudun Karya,,823,732,532,172,108,15,91,200,360,64
2024/2025,Male,all,WAEC,Polytechnic,ward,Ashara,North Central,Federal Capital Territory,Kwali,Ashara,,448,399,282,84,55,4,49,117,198,29
2024/2025,Male,all,WAEC,Polytechnic,ward,Dafa,North Central,Federal Capital Territory,Kwali,Dafa,,298,265,198,68,42,6,33,67,130,26
2024/2025,Male,all,WAEC,Polytechnic,ward,Gumbo,North Central,Federal Capital Territory,Kwali,Gumbo,,509,453,344,131,86,6,56,109,213,45
2024/2025,Male,all,WAEC,University,ward,Gui,North Central,Federal Capital Territory,Abuja Municipal Area Council,Gui,,197,174,132,52,35,2,23,42,80,17
2024/2025,Male,all,WAEC,University,ward,Bwari Central,North Central,Federal Capital Territory,Bwari,Bwari Central,,160,143,100,31,18,3,17,43,69,13
2024/2025,Male,all,WAEC,University,ward,Dutse Alhaji,North Central,Federal Capital Territory,Bwari,Dutse Alhaji,,534,475,342,131,83,12,59,133,211,48
2024/2025,Male,all,WAEC,University,ward,Dobi,North Central,Federal Capital Territory,Gwagwalada,Dobi,,443,394,282,94,59,8,49,112,188,35
2024/2025,Male,all,WAEC,University,ward,Gwagwalada Centre,North Central,Federal Capital Territory,Gwagwalada,Gwagwalada Centre,,212,189,135,47,31,2,23,54,88,16
2024/2025,Male,all,WAEC,University,ward,Gwako,North Central,Federal Capital Territory,Gwagwalada,Gwako,,741,659,490,181,114,13,82,169,309,67
2024/2025,Male,all,WAEC,University,ward,Chibiri,North Central,Federal Capital Territory,Kuje,Chibiri,,424,377,292,115,74,7,47,85,177,41
2024/2025,Male,all,WAEC,University,ward,Gaube,North Central,Federal Capital Territory,Kuje,Gaube,,180,161,122,47,31,2,19,39,75,16
2024/2025,Male,all,WAEC,University,ward,Gudun Karya,North Central,Federal Capital Territory,Kuje,Gudun Karya,,180,161,115,37,23,3,19,46,78,14
2024/2025,Male,all,WAEC,University,ward,Ashara,North Central,Federal Capital Territory,Kwali,Ashara,,482,429,302,89,55,10,53,127,213,34
2024/2025,Male,all,WAEC,University,ward,Dafa,North Central,Federal Capital Territory,Kwali,Dafa,,1013,902,642,202,127,18,111,260,440,75
2024/2025,Male,all,WAEC,University,ward,Gumbo,North Central,Federal Capital Territory,Kwali,Gumbo,,254,226,177,68,42,6,28,49,109,26
2024/2025,Male,disabled,NABTEB,College of Education,ward,City Centre,North Central,Federal Capital Territory,Abuja Municipal Area Council,City Centre,,45,41,26,18,12,0,4,15,8,6
2024/2025,Male,disabled,NABTEB,College of Education,ward,Garki,North Central,Federal Capital Territory,Abuja Municipal Area Council,Garki,,49,45,26,12,8,0,4,19,14,4
2024/2025,Male,disabled,NABTEB,College of Education,ward,Gui,North Central,Federal Capital Territory,Abuja Municipal Area Council,Gui,,53,48,28,6,4,0,5,20,22,2
2024/2025,Male,disabled,NABTEB,College of Education,ward,Bwari Central,North Central,Federal Capital Territory,Bwari,Bwari Central,,21,19,12,6,4,0,2,7,6,2
2024/2025,Male,disabled,NABTEB,College of Education,ward,Byazhin,North Central,Federal Capital Territory,Bwari,Byazhin,,52,47,32,12,8,0,5,15,20,4
2024/2025,Male,disabled,NABTEB,College of Education,ward,Dutse Alhaji,North Central,Federal Capital Territory,Bwari,Dutse Alhaji,,28,26,16,12,8,0,2,10,4,4
2024/2025,Male,disabled,NABTEB,College of Education,ward,Dobi,North Central,Federal Capital Territory,Gwagwalada,Dobi,,14,13,8,0,0,0,1,5,8,0
2024/2025,Male,disabled,NABTEB,College of Education,ward,Gwagwalada Centre,North Central,Federal Capital Territory,Gwagwalada,Gwagwalada Centre,,42,39,24,18,12,0,3,15,6,6
2024/2025,Male,disabled,NABTEB,College of Education,ward,Chibiri,North Central,Federal Capital Territory,Kuje,Chibiri,,14,13,7,6,4,0,1,6,1,2
2024/2025,Male,disabled,NABTEB,College of Education,ward,Gaube,North Central,Federal Capital Territory,Kuje,Gaube,,42,38,28,6,4,0,4,10,22,2
2024/2025,Male,disabled,NABTEB,College of Education,ward,Ashara,North Central,Federal Capital Territory,Kwali,Ashara,,35,32,19,12,8,0,3,13,7,4
2024/2025,Male,disabled,NABTEB,College of Education,ward,Gumbo,North Central,Federal Capital Territory,Kwali,Gumbo,,14,13,7,0,0,0,1,6,7,0
2024/2025,Male,disabled,NABTEB,Polytechnic,ward,City Centre,North Central,Federal Capital Territory,Abuja Municipal Area Council,City Centre,,14,13,7,6,4,0,1,6,1,2
2024/2025,Male,disabled,NABTEB,Polytechnic,ward,Garki,North Central,Federal Capital Territory,Abuja Municipal Area Council,Garki,,17,15,12,6,4,0,2,3,6,2
2024/2025,Male,disabled,NABTEB,Polytechnic,ward,Bwari Central,North Central,Federal Capital Territory,Bwari,Bwari Central,,28,26,15,12,8,0,2,11,3,4
2024/2025,Male,disabled,NABTEB,Polytechnic,ward,Byazhin,North Central,Federal Capital Territory,Bwari,Byazhin,,14,13,8,0,0,0,1,5,8,0
2024/2025,Male,disabled,NABTEB,Polytechnic,ward,Dutse Alhaji,North Central,Federal Capital Territory,Bwari,Dutse Alhaji,,14,13,7,6,4,0,1,6,1,2
2024/2025,Male,disabled,NABTEB,Polytechnic,ward,Dobi,North Central,Federal Capital Territory,Gwagwalada,Dobi,,39,35,24,6,4,0,4,11,18,2
2024/2025,Male,disabled,NABTEB,Polytechnic,ward,Gwako,North Central,Federal Capital Territory,Gwagwalada,Gwako,,17,15,12,6,4,0,2,3,6,2
2024/2025,Male,disabled,NABTEB,Polytechnic,ward,Chibiri,North Central,Federal Capital Territory,Kuje,Chibiri,,34,30,24,12,8,0,4,6,12,4
2024/2025,Male,disabled,NABTEB,Polytechnic,ward,Gaube,North Central,Federal Capital Territory,Kuje,Gaube,,21,19,12,6,4,0,2,7,6,2
2024/2025,Male,disabled,NABTEB,Polytechnic,ward,Gudun Karya,North Central,Federal Capital Territory,Kuje,Gudun Karya,,42,39,22,18,12,0,3,17,4,6
2024/2025,Male,disabled,NABTEB,Polytechnic,ward,Ashara,North Central,Federal Capital Territory,Kwali,Ashara,,17,15,12,6,4,0,2,3,6,2
2024/2025,Male,disabled,NABTEB,Polytechnic,ward,Dafa,North Central,Federal Capital Territory,Kwali,Dafa,,14,13,7,0,0,0,1,6,7,0
2024/2025,Male,disabled,NABTEB,Polytechnic,ward,Gumbo,North Central,Federal Capital Territory,Kwali,Gumbo,,31,28,19,12,8,0,3,9,7,4
2024/2025,Male,disabled,NABTEB,University,ward,Gui,North Central,Federal Capital Territory,Abuja Municipal Area Council,Gui,,14,13,7,0,0,0,1,6,7,0
2024/2025,Male,disabled,NABTEB,University,ward,Bwari Central,North Central,Federal Capital Territory,Bwari,Bwari Central,,14,13,8,6,4,0,1,5,2,2
2024/2025,Male,disabled,NABTEB,University,ward,Dutse Alhaji,North Central,Federal Capital Territory,Bwari,Dutse Alhaji,,14,13,8,6,4,0,1,5,2,2
2024/2025,Male,disabled,NABTEB,University,ward,Dobi,North Central,Federal Capital Territory,Gwagwalada,Dobi,,17,15,8,0,0,0,2,7,8,0
2024/2025,Male,disabled,NABTEB,University,ward,Gwagwalada Centre,North Central,Federal Capital Territory,Gwagwalada,Gwagwalada Centre,,14,13,8,0,0,0,1,5,8,0
2024/2025,Male,disabled,NABTEB,University,ward,Gwako,North Central,Federal Capital Territory,Gwagwalada,Gwako,,42,39,21,12,8,0,3,18,9,4
2024/2025,Male,disabled,NABTEB,University,ward,Chibiri,North Central,Federal Capital Territory,Kuje,Chibiri,,17,15,12,6,4,0,2,3,6,2
2024/2025,Male,disabled,NABTEB,University,ward,Gaube,North Central,Federal Capital Territory,Kuje,Gaube,,14,13,8,0,0,0,1,5,8,0
2024/2025,Male,disabled,NABTEB,University,ward,Gudun Karya,North Central,Federal Capital Territory,Kuje,Gudun Karya,,14,13,7,6,4,0,1,6,1,2
2024/2025,Male,disabled,NABTEB,University,ward,Ashara,North Central,Federal Capital Territory,Kwali,Ashara,,14,13,7,0,0,0,1,6,7,0
2024/2025,Male,disabled,NABTEB,University,ward,Dafa,North Central,Federal Capital Territory,Kwali,Dafa,,42,39,21,6,4,0,3,18,15,2
2024/2025,Male,disabled,NABTEB,University,ward,Gumbo,North Central,Federal Capital Territory,Kwali,Gumbo,,14,13,7,6,4,0,1,6,1,2
2024/2025,Male,disabled,NECO,College of Education,ward,City Centre,North Central,Federal Capital Territory,Abuja Municipal Area Council,City Centre,,65,58,39,15,9,0,7,19,24,6
2024/2025,Male,disabled,NECO,College of Education,ward,Garki,North Central,Federal Capital Territory,Abuja Municipal Area Council,Garki,,75,66,47,15,9,0,9,19,32,6
2024/2025,Male,disabled,NECO,College of Education,ward,Gui,North Central,Federal Capital Territory,Abuja Municipal Area Council,Gui,,87,77,49,15,9,0,10,28,34,6
2024/2025,Male,disabled,NECO,College of Education,ward,Bwari Central,North Central,Federal Capital Territory,Bwari,Bwari Central,,33,30,22,5,3,0,3,8,17,2
2024/2025,Male,disabled,NECO,College of Education,ward,Byazhin,North Central,Federal Capital Territory,Bwari,Byazhin,,86,76,54,15,9,0,10,22,39,6
2024/2025,Male,disabled,NECO,College of Education,ward,Dutse Alhaji,North Central,Federal Capital Territory,Bwari,Dutse Alhaji,,44,39,24,10,6,0,5,15,14,4
2024/2025,Male,disabled,NECO,College of Education,ward,Dobi,North Central,Federal Capital Territory,Gwagwalada,Dobi,,15,13,7,0,0,0,2,6,7,0
2024/2025,Male,disabled,NECO,College of Education,ward,Gwagwalada Centre,North Central,Federal Capital Territory,Gwagwalada,Gwagwalada Centre,,51,45,33,15,9,0,6,12,18,6
2024/2025,Male,disabled,NECO,College of Education,ward,Chibiri,North Central,Federal Capital Territory,Kuje,Chibiri,,15,13,11,5,3,0,2,2,6,2
2024/2025,Male,disabled,NECO,College of Education,ward,Gaube,North Central,Federal Capital Territory,Kuje,Gaube,,64,57,40,15,10,0,7,17,25,5
2024/2025,Male,disabled,NECO,College of Education,ward,Ashara,North Central,Federal Capital Territory,Kwali,Ashara,,57,50,36,10,6,0,7,14,26,4
2024/2025,Male,disabled,NECO,College of Education,ward,Gumbo,North Central,Federal Capital Territory,Kwali,Gumbo,,15,13,6,5,3,0,2,7,1,2
2024/2025,Male,disabled,NECO,Polytechnic,ward,City Centre,North Central,Federal Capital Territory,Abuja Municipal Area Council,City Centre,,29,26,17,5,3,0,3,9,12,2
2024/2025,Male,disabled,NECO,Polytechnic,ward,Garki,North Central,Federal Capital Territory,Abuja Municipal Area Council,Garki,,38,33,22,5,3,0,5,11,17,2
2024/2025,Male,disabled,NECO,Polytechnic,ward,Bwari Central,North Central,Federal Capital Territory,Bwari,Bwari Central,,59,53,39,10,6,0,6,14,29,4
2024/2025,Male,disabled,NECO,Polytechnic,ward,Byazhin,North Central,Federal Capital Territory,Bwari,Byazhin,,29,26,17,5,3,0,3,9,12,2
2024/2025,Male,disabled,NECO,Polytechnic,ward,Dutse Alhaji,North Central,Federal Capital Territory,Bwari,Dutse Alhaji,,29,26,17,5,3,0,3,9,12,2
2024/2025,Male,disabled,NECO,Polytechnic,ward,Dobi,North Central,Federal Capital Territory,Gwagwalada,Dobi,,61,54,36,10,6,0,7,18,26,4
2024/2025,Male,disabled,NECO,Polytechnic,ward,Gwako,North Central,Federal Capital Territory,Gwagwalada,Gwako,,33,30,22,5,3,0,3,8,17,2
2024/2025,Male,disabled,NECO,Polytechnic,ward,Chibiri,North Central,Federal Capital Territory,Kuje,Chibiri,,58,52,34,10,6,0,6,18,24,4
2024/2025,Male,disabled,NECO,Polytechnic,ward,Gaube,North Central,Federal Capital Territory,Kuje,Gaube,,38,33,22,5,3,0,5,11,17,2
2024/2025,Male,disabled,NECO,Polytechnic,ward,Gudun Karya,North Central,Federal Capital Territory,Kuje,Gudun Karya,,70,63,45,15,9,0,7,18,30,6
2024/2025,Male,disabled,NECO,Polytechnic,ward,Ashara,North Central,Federal Capital Territory,Kwali,Ashara,,33,30,22,5,3,0,3,8,17,2
2024/2025,Male,disabled,NECO,Polytechnic,ward,Dafa,North Central,Federal Capital Territory,Kwali,Dafa,,29,26,17,5,3,0,3,9,12,2
2024/2025,Male,disabled,NECO,Polytechnic,ward,Gumbo,North Central,Federal Capital Territory,Kwali,Gumbo,,47,43,33,10,6,0,4,10,23,4
2024/2025,Male,disabled,NECO,University,ward,Gui,North Central,Federal Capital Territory,Abuja Municipal Area Council,Gui,,15,13,11,5,3,0,2,2,6,2
2024/2025,Male,disabled,NECO,University,ward,Bwari Central,North Central,Federal Capital Territory,Bwari,Bwari Central,,15,13,11,5,3,0,2,2,6,2
2024/2025,Male,disabled,NECO,University,ward,Dutse Alhaji,North Central,Federal Capital Territory,Bwari,Dutse Alhaji,,29,26,17,5,3,0,3,9,12,2
2024/2025,Male,disabled,NECO,University,ward,Dobi,North Central,Federal Capital Territory,Gwagwalada,Dobi,,33,30,22,5,3,0,3,8,17,2
2024/2025,Male,disabled,NECO,University,ward,Gwagwalada Centre,North Central,Federal Capital Territory,Gwagwalada,Gwagwalada Centre,,22,20,11,5,3,0,2,9,6,2
2024/2025,Male,disabled,NECO,University,ward,Gwako,North Central,Federal Capital Territory,Gwagwalada,Gwako,,47,42,28,10,6,0,5,14,18,4
2024/2025,Male,disabled,NECO,University,ward,Chibiri,North Central,Federal Capital Territory,Kuje,Chibiri,,29,26,17,5,3,0,3,9,12,2
2024/2025,Male,disabled,NECO,University,ward,Gaube,North Central,Federal Capital Territory,Kuje,Gaube,,15,13,11,5,3,0,2,2,6,2
2024/2025,Male,disabled,NECO,University,ward,Gudun Karya,North Central,Federal Capital Territory,Kuje,Gudun Karya,,15,13,6,5,3,0,2,7,1,2
2024/2025,Male,disabled,NECO,University,ward,Ashara,North Central,Federal Capital Territory,Kwali,Ashara,,26,23,14,5,3,0,3,9,9,2
2024/2025,Male,disabled,NECO,University,ward,Dafa,North Central,Federal Capital Territory,Kwali,Dafa,,66,59,37,10,6,0,7,22,27,4
2024/2025,Male,disabled,NECO,University,ward,Gumbo,North Central,Federal Capital Territory,Kwali,Gumbo,,15,13,11,5,3,0,2,2,6,2
2024/2025,Male,disabled,WAEC,College of Education,ward,City Centre,North Central,Federal Capital Territory,Abuja Municipal Area Council,City Centre,,96,86,62,20,13,0,10,24,42,7
2024/2025,Male,disabled,WAEC,College of Education,ward,Garki,North Central,Federal Capital Territory,Abuja Municipal Area Council,Garki,,104,94,58,15,9,0,10,36,43,6
2024/2025,Male,disabled,WAEC,College of Education,ward,Gui,North Central,Federal Capital Territory,Abuja Municipal Area Council,Gui,,103,92,58,15,9,0,11,34,43,6
2024/2025,Male,disabled,WAEC,College of Education,ward,Bwari Central,North Central,Federal Capital Territory,Bwari,Bwari Central,,43,38,24,5,3,0,5,14,19,2
2024/2025,Male,disabled,WAEC,College of Education,ward,Byazhin,North Central,Federal Capital Territory,Bwari,Byazhin,,109,96,65,20,13,0,13,31,45,7
2024/2025,Male,disabled,WAEC,College of Education,ward,Dutse Alhaji,North Central,Federal Capital Territory,Bwari,Dutse Alhaji,,58,51,37,10,6,0,7,14,27,4
2024/2025,Male,disabled,WAEC,College of Education,ward,Dobi,North Central,Federal Capital Territory,Gwagwalada,Dobi,,23,21,13,5,3,0,2,8,8,2
2024/2025,Male,disabled,WAEC,College of Education,ward,Gwagwalada Centre,North Central,Federal Capital Territory,Gwagwalada,Gwagwalada Centre,,76,70,47,15,9,0,6,23,32,6
2024/2025,Male,disabled,WAEC,College of Education,ward,Chibiri,North Central,Federal Capital Territory,Kuje,Chibiri,,19,17,10,5,3,0,2,7,5,2
2024/2025,Male,disabled,WAEC,College of Education,ward,Gaube,North Central,Federal Capital Territory,Kuje,Gaube,,89,80,57,15,10,0,9,23,42,5
2024/2025,Male,disabled,WAEC,College of Education,ward,Ashara,North Central,Federal Capital Territory,Kwali,Ashara,,65,57,41,15,10,0,8,16,26,5
2024/2025,Male,disabled,WAEC,College of Education,ward,Gumbo,North Central,Federal Capital Territory,Kwali,Gumbo,,27,24,17,5,3,0,3,7,12,2
2024/2025,Male,disabled,WAEC,Polytechnic,ward,City Centre,North Central,Federal Capital Territory,Abuja Municipal Area Council,City Centre,,39,34,24,5,3,0,5,10,19,2
2024/2025,Male,disabled,WAEC,Polytechnic,ward,Garki,North Central,Federal Capital Territory,Abuja Municipal Area Council,Garki,,43,38,24,5,3,0,5,14,19,2
2024/2025,Male,disabled,WAEC,Polytechnic,ward,Bwari Central,North Central,Federal Capital Territory,Bwari,Bwari Central,,78,70,48,15,10,0,8,22,33,5
2024/2025,Male,disabled,WAEC,Polytechnic,ward,Byazhin,North Central,Federal Capital Territory,Bwari,Byazhin,,39,34,24,5,3,0,5,10,19,2
2024/2025,Male,disabled,WAEC,Polytechnic,ward,Dutse Alhaji,North Central,Federal Capital Territory,Bwari,Dutse Alhaji,,35,32,21,5,3,0,3,11,16,2
2024/2025,Male,disabled,WAEC,Polytechnic,ward,Dobi,North Central,Federal Capital Territory,Gwagwalada,Dobi,,74,66,44,15,10,0,8,22,29,5
2024/2025,Male,disabled,WAEC,Polytechnic,ward,Gwako,North Central,Federal Capital Territory,Gwagwalada,Gwako,,43,38,28,10,7,0,5,10,18,3
2024/2025,Male,disabled,WAEC,Polytechnic,ward,Chibiri,North Central,Federal Capital Territory,Kuje,Chibiri,,78,70,52,15,10,0,8,18,37,5
2024/2025,Male,disabled,WAEC,Polytechnic,ward,Gaube,North Central,Federal Capital Territory,Kuje,Gaube,,58,51,34,10,7,0,7,17,24,3
2024/2025,Male,disabled,WAEC,Polytechnic,ward,Gudun Karya,North Central,Federal Capital Territory,Kuje,Gudun Karya,,96,86,58,15,9,0,10,28,43,6
2024/2025,Male,disabled,WAEC,Polytechnic,ward,Ashara,North Central,Federal Capital Territory,Kwali,Ashara,,50,44,28,5,3,0,6,16,23,2
2024/2025,Male,disabled,WAEC,Polytechnic,ward,Dafa,North Central,Federal Capital Territory,Kwali,Dafa,,39,34,24,5,3,0,5,10,19,2
2024/2025,Male,disabled,WAEC,Polytechnic,ward,Gumbo,North Central,Federal Capital Territory,Kwali,Gumbo,,66,58,44,15,10,0,8,14,29,5
2024/2025,Male,disabled,WAEC,University,ward,Gui,North Central,Federal Capital Territory,Abuja Municipal Area Council,Gui,,23,21,13,5,3,0,2,8,8,2
2024/2025,Male,disabled,WAEC,University,ward,Bwari Central,North Central,Federal Capital Territory,Bwari,Bwari Central,,15,13,10,5,3,0,2,3,5,2
2024/2025,Male,disabled,WAEC,University,ward,Dutse Alhaji,North Central,Federal Capital Territory,Bwari,Dutse Alhaji,,43,38,28,10,7,0,5,10,18,3
2024/2025,Male,disabled,WAEC,University,ward,Dobi,North Central,Federal Capital Territory,Gwagwalada,Dobi,,50,44,31,10,7,0,6,13,21,3
2024/2025,Male,disabled,WAEC,University,ward,Gwagwalada Centre,North Central,Federal Capital Territory,Gwagwalada,Gwagwalada Centre,,23,21,13,5,3,0,2,8,8,2
2024/2025,Male,disabled,WAEC,University,ward,Gwako,North Central,Federal Capital Territory,Gwagwalada,Gwako,,68,62,44,15,9,0,6,18,29,6
2024/2025,Male,disabled,WAEC,University,ward,Chibiri,North Central,Federal Capital Territory,Kuje,Chibiri,,39,34,24,10,7,0,5,10,14,3
2024/2025,Male,disabled,WAEC,University,ward,Gaube,North Central,Federal Capital Territory,Kuje,Gaube,,15,13,10,5,3,0,2,3,5,2
2024/2025,Male,disabled,WAEC,University,ward,Gudun Karya,North Central,Federal Capital Territory,Kuje,Gudun Karya,,23,21,13,5,3,0,2,8,8,2
2024/2025,Male,disabled,WAEC,University,ward,Ashara,North Central,Federal Capital Territory,Kwali,Ashara,,43,38,24,5,3,0,5,14,19,2
2024/2025,Male,disabled,WAEC,University,ward,Dafa,North Central,Federal Capital Territory,Kwali,Dafa,,93,83,58,15,9,0,10,25,43,6
2024/2025,Male,disabled,WAEC,University,ward,Gumbo,North Central,Federal Capital Territory,Kwali,Gumbo,,23,21,13,5,3,0,2,8,8,2
