"session","gender","disability_scope","exam_body","institution_type","loc_level","loc_label","zone","state","lga","ward","school","ss3_total","o_level_candidates","utme_participants","admitted_students","matriculated_students","delayed_transition_students","loss_ss3_to_olevel","loss_olevel_to_utme","loss_utme_to_admitted","loss_admitted_to_matriculated"
"2019/2020","Female","all","NABTEB","College of Education","ward","Bambam","North East","Gombe","Balanga","Bambam","","142","140","78","31","28","4","2","62","48","4"
"2019/2020","Female","all","NABTEB","College of Education","ward","Bangu","North East","Gombe","Balanga","Bangu","","93","91","55","22","24","0","2","36","34","0"
"2019/2020","Female","all","NABTEB","College of Education","ward","Dadiya","North East","Gombe","Balanga","Dadiya","","158","156","94","36","28","8","2","62","59","8"
"2019/2020","Female","all","NABTEB","College of Education","ward","Ajiya","North East","Gombe","Gombe","Ajiya","","104","102","61","18","14","4","2","41","44","4"
"2019/2020","Female","all","NABTEB","College of Education","ward","Bolari East","North East","Gombe","Gombe","Bolari East","","62","61","34","18","14","4","1","27","17","4"
"2019/2020","Female","all","NABTEB","College of Education","ward","Awak","North East","Gombe","Kaltungo","Awak","","143","141","86","31","28","4","2","55","56","4"
"2019/2020","Female","all","NABTEB","College of Education","ward","Kaltungo East","North East","Gombe","Kaltungo","Kaltungo East","","52","51","28","9","10","0","1","23","20","0"
"2019/2020","Female","all","NABTEB","College of Education","ward","Barwo / Nasarawo","North East","Gombe","Nafada","Barwo / Nasarawo","","85","84","44","13","10","3","1","40","31","3"
"2019/2020","Female","all","NABTEB","College of Education","ward","Barwo Winde","North East","Gombe","Nafada","Barwo Winde","","245","240","143","57","56","2","5","97","87","2"
"2019/2020","Female","all","NABTEB","College of Education","ward","Birin Bolewa","North East","Gombe","Nafada","Birin Bolewa","","144","142","91","40","38","3","2","51","51","3"
"2019/2020","Female","all","NABTEB","College of Education","ward","Deba","North East","Gombe","Yamaltu/Deba","Deba","","169","167","102","35","29","6","2","65","67","6"
"2019/2020","Female","all","NABTEB","College of Education","ward","Difa / Lubo / Kinafa","North East","Gombe","Yamaltu/Deba","Difa / Lubo / Kinafa","","169","167","102","44","38","6","2","65","58","6"
"2019/2020","Female","all","NABTEB","College of Education","ward","Gwani / Shinga / Wade","North East","Gombe","Yamaltu/Deba","Gwani / Shinga / Wade","","246","242","143","57","48","9","4","99","87","9"
"2019/2020","Female","all","NABTEB","Polytechnic","ward","Bambam","North East","Gombe","Balanga","Bambam","","51","50","30","9","9","0","1","20","21","0"
"2019/2020","Female","all","NABTEB","Polytechnic","ward","Dadiya","North East","Gombe","Balanga","Dadiya","","95","94","57","18","14","4","1","37","40","4"
"2019/2020","Female","all","NABTEB","Polytechnic","ward","Ajiya","North East","Gombe","Gombe","Ajiya","","221","218","120","31","28","3","3","98","90","3"
"2019/2020","Female","all","NABTEB","Polytechnic","ward","Bajoga","North East","Gombe","Gombe","Bajoga","","264","259","161","58","53","6","5","98","104","6"
"2019/2020","Female","all","NABTEB","Polytechnic","ward","Bolari East","North East","Gombe","Gombe","Bolari East","","175","172","99","31","34","0","3","73","69","0"
"2019/2020","Female","all","NABTEB","Polytechnic","ward","Bule / Kaltin","North East","Gombe","Kaltungo","Bule / Kaltin","","85","84","49","18","14","4","1","35","31","4"
"2019/2020","Female","all","NABTEB","Polytechnic","ward","Kaltungo East","North East","Gombe","Kaltungo","Kaltungo East","","88","87","48","18","14","4","1","39","30","4"
"2019/2020","Female","all","NABTEB","Polytechnic","ward","Barwo / Nasarawo","North East","Gombe","Nafada","Barwo / Nasarawo","","242","239","134","44","39","6","3","105","90","6"
"2019/2020","Female","all","NABTEB","Polytechnic","ward","Birin Bolewa","North East","Gombe","Nafada","Birin Bolewa","","169","167","102","44","38","6","2","65","58","6"
"2019/2020","Female","all","NABTEB","Polytechnic","ward","Deba","North East","Gombe","Yamaltu/Deba","Deba","","110","108","70","35","33","3","2","38","36","3"
"2019/2020","Female","all","NABTEB","Polytechnic","ward","Difa / Lubo / Kinafa","North East","Gombe","Yamaltu/Deba","Difa / Lubo / Kinafa","","53","52","32","9","9","0","1","20","23","0"
"2019/2020","Female","all","NABTEB","University","ward","Bambam","North East","Gombe","Balanga","Bambam","","45","44","28","13","14","0","1","16","16","0"
"2019/2020","Female","all","NABTEB","University","ward","Bangu","North East","Gombe","Balanga","Bangu","","123","122","68","17","19","0","1","54","51","0"
"2019/2020","Female","all","NABTEB","University","ward","Dadiya","North East","Gombe","Balanga","Dadiya","","97","96","52","22","19","3","1","44","31","3"
"2019/2020","Female","all","NABTEB","University","ward","Bajoga","North East","Gombe","Gombe","Bajoga","","89","88","52","13","10","3","1","36","40","3"
"2019/2020","Female","all","NABTEB","University","ward","Awak","North East","Gombe","Kaltungo","Awak","","175","172","103","39","33","6","3","69","65","6"
"2019/2020","Female","all","NABTEB","University","ward","Bule / Kaltin","North East","Gombe","Kaltungo","Bule / Kaltin","","186","183","105","40","37","4","3","78","66","4"
"2019/2020","Female","all","NABTEB","University","ward","Kaltungo East","North East","Gombe","Kaltungo","Kaltungo East","","180","178","103","39","33","6","2","75","64","6"
"2019/2020","Female","all","NABTEB","University","ward","Difa / Lubo / Kinafa","North East","Gombe","Yamaltu/Deba","Difa / Lubo / Kinafa","","104","102","63","22","19","3","2","39","42","3"
"2019/2020","Female","all","NABTEB","University","ward","Gwani / Shinga / Wade","North East","Gombe","Yamaltu/Deba","Gwani / Shinga / Wade","","58","57","32","9","10","0","1","25","24","0"
"2019/2020","Female","all","NECO","College of Education","ward","Bambam","North East","Gombe","Balanga","Bambam","","250","247","146","59","56","3","3","101","87","3"
"2019/2020","Female","all","NECO","College of Education","ward","Bangu","North East","Gombe","Balanga","Bangu","","149","147","88","40","35","5","2","59","48","5"
"2019/2020","Female","all","NECO","College of Education","ward","Dadiya","North East","Gombe","Balanga","Dadiya","","295","290","165","66","64","2","5","125","99","2"
"2019/2020","Female","all","NECO","College of Education","ward","Ajiya","North East","Gombe","Gombe","Ajiya","","172","169","94","35","30","5","3","75","59","5"
"2019/2020","Female","all","NECO","College of Education","ward","Bolari East","North East","Gombe","Gombe","Bolari East","","108","106","63","20","17","3","2","43","44","3"
"2019/2020","Female","all","NECO","College of Education","ward","Awak","North East","Gombe","Kaltungo","Awak","","275","271","172","70","64","6","4","99","102","6"
"2019/2020","Female","all","NECO","College of Education","ward","Kaltungo East","North East","Gombe","Kaltungo","Kaltungo East","","99","98","56","24","22","2","1","42","32","2"
"2019/2020","Female","all","NECO","College of Education","ward","Barwo / Nasarawo","North East","Gombe","Nafada","Barwo / Nasarawo","","132","130","73","20","17","3","2","57","54","3"
"2019/2020","Female","all","NECO","College of Education","ward","Barwo Winde","North East","Gombe","Nafada","Barwo Winde","","458","451","268","106","95","11","7","183","162","11"
"2019/2020","Female","all","NECO","College of Education","ward","Birin Bolewa","North East","Gombe","Nafada","Birin Bolewa","","252","248","149","65","63","2","4","99","83","2"
"2019/2020","Female","all","NECO","College of Education","ward","Deba","North East","Gombe","Yamaltu/Deba","Deba","","342","337","201","74","69","5","5","136","128","5"
"2019/2020","Female","all","NECO","College of Education","ward","Difa / Lubo / Kinafa","North East","Gombe","Yamaltu/Deba","Difa / Lubo / Kinafa","","325","320","187","78","73","5","5","133","110","5"
"2019/2020","Female","all","NECO","College of Education","ward","Gwani / Shinga / Wade","North East","Gombe","Yamaltu/Deba","Gwani / Shinga / Wade","","485","478","285","109","98","11","7","193","177","11"
"2019/2020","Female","all","NECO","Polytechnic","ward","Bambam","North East","Gombe","Balanga","Bambam","","94","93","56","24","22","2","1","37","32","2"
"2019/2020","Female","all","NECO","Polytechnic","ward","Dadiya","North East","Gombe","Balanga","Dadiya","","185","182","108","43","39","4","3","74","65","4"
"2019/2020","Female","all","NECO","Polytechnic","ward","Ajiya","North East","Gombe","Gombe","Ajiya","","445","438","258","93","85","8","7","180","165","8"
"2019/2020","Female","all","NECO","Polytechnic","ward","Bajoga","North East","Gombe","Gombe","Bajoga","","523","516","314","122","112","10","7","202","192","10"
"2019/2020","Female","all","NECO","Polytechnic","ward","Bolari East","North East","Gombe","Gombe","Bolari East","","345","340","186","68","61","7","5","154","118","7"
"2019/2020","Female","all","NECO","Polytechnic","ward","Bule / Kaltin","North East","Gombe","Kaltungo","Bule / Kaltin","","145","143","89","35","34","1","2","54","54","1"
"2019/2020","Female","all","NECO","Polytechnic","ward","Kaltungo East","North East","Gombe","Kaltungo","Kaltungo East","","163","161","95","24","21","3","2","66","72","3"
"2019/2020","Female","all","NECO","Polytechnic","ward","Barwo / Nasarawo","North East","Gombe","Nafada","Barwo / Nasarawo","","500","493","278","94","86","8","7","215","184","8"
"2019/2020","Female","all","NECO","Polytechnic","ward","Birin Bolewa","North East","Gombe","Nafada","Birin Bolewa","","304","299","181","78","73","5","5","118","104","5"
"2019/2020","Female","all","NECO","Polytechnic","ward","Deba","North East","Gombe","Yamaltu/Deba","Deba","","206","203","119","58","55","3","3","84","60","3"
"2019/2020","Female","all","NECO","Polytechnic","ward","Difa / Lubo / Kinafa","North East","Gombe","Yamaltu/Deba","Difa / Lubo / Kinafa","","96","95","55","24","21","3","1","40","32","3"
"2019/2020","Female","all","NECO","University","ward","Bambam","North East","Gombe","Balanga","Bambam","","100","99","61","28","26","2","1","38","34","2"
"2019/2020","Female","all","NECO","University","ward","Bangu","North East","Gombe","Balanga","Bangu","","250","246","135","39","35","4","4","111","97","4"
"2019/2020","Female","all","NECO","University","ward","Dadiya","North East","Gombe","Balanga","Dadiya","","176","173","99","27","26","1","3","74","73","1"
"2019/2020","Female","all","NECO","University","ward","Bajoga","North East","Gombe","Gombe","Bajoga","","173","170","95","31","30","1","3","75","65","1"
"2019/2020","Female","all","NECO","University","ward","Awak","North East","Gombe","Kaltungo","Awak","","303","298","171","71","65","6","5","127","100","6"
"2019/2020","Female","all","NECO","University","ward","Bule / Kaltin","North East","Gombe","Kaltungo","Bule / Kaltin","","311","307","176","79","74","5","4","131","97","5"
"2019/2020","Female","all","NECO","University","ward","Kaltungo East","North East","Gombe","Kaltungo","Kaltungo East","","318","314","188","70","65","5","4","126","118","5"
"2019/2020","Female","all","NECO","University","ward","Difa / Lubo / Kinafa","North East","Gombe","Yamaltu/Deba","Difa / Lubo / Kinafa","","173","170","101","39","34","5","3","69","63","5"
"2019/2020","Female","all","NECO","University","ward","Gwani / Shinga / Wade","North East","Gombe","Yamaltu/Deba","Gwani / Shinga / Wade","","98","97","57","20","17","3","1","40","38","3"
"2019/2020","Female","all","WAEC","College of Education","ward","Bambam","North East","Gombe","Balanga","Bambam","","341","336","203","71","67","4","5","133","133","4"
"2019/2020","Female","all","WAEC","College of Education","ward","Bangu","North East","Gombe","Balanga","Bangu","","208","205","118","42","40","2","3","87","76","2"
"2019/2020","Female","all","WAEC","College of Education","ward","Dadiya","North East","Gombe","Balanga","Dadiya","","397","392","230","86","80","6","5","162","144","6"
"2019/2020","Female","all","WAEC","College of Education","ward","Ajiya","North East","Gombe","Gombe","Ajiya","","278","274","160","61","53","8","4","114","99","8"
"2019/2020","Female","all","WAEC","College of Education","ward","Bolari East","North East","Gombe","Gombe","Bolari East","","143","141","84","31","27","4","2","57","53","4"
"2019/2020","Female","all","WAEC","College of Education","ward","Awak","North East","Gombe","Kaltungo","Awak","","391","386","237","86","76","10","5","149","151","10"
"2019/2020","Female","all","WAEC","College of Education","ward","Kaltungo East","North East","Gombe","Kaltungo","Kaltungo East","","126","124","70","24","23","1","2","54","46","1"
"2019/2020","Female","all","WAEC","College of Education","ward","Barwo / Nasarawo","North East","Gombe","Nafada","Barwo / Nasarawo","","191","188","111","37","33","4","3","77","75","4"
"2019/2020","Female","all","WAEC","College of Education","ward","Barwo Winde","North East","Gombe","Nafada","Barwo Winde","","574","565","342","129","113","16","9","223","213","16"
"2019/2020","Female","all","WAEC","College of Education","ward","Birin Bolewa","North East","Gombe","Nafada","Birin Bolewa","","322","317","194","77","70","7","5","123","117","7"
"2019/2020","Female","all","WAEC","College of Education","ward","Deba","North East","Gombe","Yamaltu/Deba","Deba","","435","428","248","98","90","8","7","180","151","8"
"2019/2020","Female","all","WAEC","College of Education","ward","Difa / Lubo / Kinafa","North East","Gombe","Yamaltu/Deba","Difa / Lubo / Kinafa","","404","398","240","92","86","6","6","158","149","6"
"2019/2020","Female","all","WAEC","College of Education","ward","Gwani / Shinga / Wade","North East","Gombe","Yamaltu/Deba","Gwani / Shinga / Wade","","613","604","354","135","120","15","9","250","219","15"
"2019/2020","Female","all","WAEC","Polytechnic","ward","Bambam","North East","Gombe","Balanga","Bambam","","120","118","71","25","23","2","2","47","46","2"
"2019/2020","Female","all","WAEC","Polytechnic","ward","Dadiya","North East","Gombe","Balanga","Dadiya","","219","216","130","46","40","6","3","86","84","6"
"2019/2020","Female","all","WAEC","Polytechnic","ward","Ajiya","North East","Gombe","Gombe","Ajiya","","528","521","306","102","90","12","7","215","204","12"
"2019/2020","Female","all","WAEC","Polytechnic","ward","Bajoga","North East","Gombe","Gombe","Bajoga","","647","637","379","138","127","11","10","258","241","11"
"2019/2020","Female","all","WAEC","Polytechnic","ward","Bolari East","North East","Gombe","Gombe","Bolari East","","385","379","221","73","70","3","6","158","148","3"
"2019/2020","Female","all","WAEC","Polytechnic","ward","Bule / Kaltin","North East","Gombe","Kaltungo","Bule / Kaltin","","207","204","124","46","40","6","3","80","78","6"
"2019/2020","Female","all","WAEC","Polytechnic","ward","Kaltungo East","North East","Gombe","Kaltungo","Kaltungo East","","213","210","118","40","37","3","3","92","78","3"
"2019/2020","Female","all","WAEC","Polytechnic","ward","Barwo / Nasarawo","North East","Gombe","Nafada","Barwo / Nasarawo","","650","640","361","117","106","11","10","279","244","11"
"2019/2020","Female","all","WAEC","Polytechnic","ward","Birin Bolewa","North East","Gombe","Nafada","Birin Bolewa","","389","384","237","98","90","8","5","147","139","8"
"2019/2020","Female","all","WAEC","Polytechnic","ward","Deba","North East","Gombe","Yamaltu/Deba","Deba","","280","276","167","61","56","5","4","109","106","5"
"2019/2020","Female","all","WAEC","Polytechnic","ward","Difa / Lubo / Kinafa","North East","Gombe","Yamaltu/Deba","Difa / Lubo / Kinafa","","110","108","58","18","17","1","2","50","41","1"
"2019/2020","Female","all","WAEC","University","ward","Bambam","North East","Gombe","Balanga","Bambam","","102","100","60","25","23","2","2","40","36","2"
"2019/2020","Female","all","WAEC","University","ward","Bangu","North East","Gombe","Balanga","Bangu","","317","313","182","61","53","8","4","131","121","8"
"2019/2020","Female","all","WAEC","University","ward","Dadiya","North East","Gombe","Balanga","Dadiya","","226","223","132","43","37","6","3","91","89","6"
"2019/2020","Female","all","WAEC","University","ward","Bajoga","North East","Gombe","Gombe","Bajoga","","224","221","123","40","37","3","3","98","83","3"
"2019/2020","Female","all","WAEC","University","ward","Awak","North East","Gombe","Kaltungo","Awak","","401","396","236","86","80","6","5","160","151","6"
"2019/2020","Female","all","WAEC","University","ward","Bule / Kaltin","North East","Gombe","Kaltungo","Bule / Kaltin","","446","439","256","95","87","8","7","183","161","8"
"2019/2020","Female","all","WAEC","University","ward","Kaltungo East","North East","Gombe","Kaltungo","Kaltungo East","","426","420","242","83","77","6","6","178","159","6"
"2019/2020","Female","all","WAEC","University","ward","Difa / Lubo / Kinafa","North East","Gombe","Yamaltu/Deba","Difa / Lubo / Kinafa","","235","232","137","49","43","6","3","95","88","6"
"2019/2020","Female","all","WAEC","University","ward","Gwani / Shinga / Wade","North East","Gombe","Yamaltu/Deba","Gwani / Shinga / Wade","","126","124","71","24","23","1","2","53","47","1"
"2019/2020","Female","disabled","NABTEB","College of Education","ward","Bambam","North East","Gombe","Balanga","Bambam","","15","15","8","4","5","0","0","8","4","0"
"2019/2020","Female","disabled","NABTEB","College of Education","ward","Bangu","North East","Gombe","Balanga","Bangu","","15","15","9","4","5","0","0","6","6","0"
"2019/2020","Female","disabled","NABTEB","College of Education","ward","Dadiya","North East","Gombe","Balanga","Dadiya","","15","15","8","4","5","0","0","8","4","0"
"2019/2020","Female","disabled","NABTEB","College of Education","ward","Ajiya","North East","Gombe","Gombe","Ajiya","","7","7","4","0","0","0","0","3","4","0"
"2019/2020","Female","disabled","NABTEB","College of Education","ward","Bolari East","North East","Gombe","Gombe","Bolari East","","7","7","4","4","4","0","0","3","1","0"
"2019/2020","Female","disabled","NABTEB","College of Education","ward","Awak","North East","Gombe","Kaltungo","Awak","","15","15","8","4","5","0","0","7","5","0"
"2019/2020","Female","disabled","NABTEB","College of Education","ward","Kaltungo East","North East","Gombe","Kaltungo","Kaltungo East","","7","7","4","0","0","0","0","4","4","0"
"2019/2020","Female","disabled","NABTEB","College of Education","ward","Barwo / Nasarawo","North East","Gombe","Nafada","Barwo / Nasarawo","","9","9","4","0","0","0","0","5","4","0"
"2019/2020","Female","disabled","NABTEB","College of Education","ward","Barwo Winde","North East","Gombe","Nafada","Barwo Winde","","37","37","18","9","9","0","0","19","9","0"
"2019/2020","Female","disabled","NABTEB","College of Education","ward","Birin Bolewa","North East","Gombe","Nafada","Birin Bolewa","","17","17","10","8","9","0","0","7","3","0"
"2019/2020","Female","disabled","NABTEB","College of Education","ward","Deba","North East","Gombe","Yamaltu/Deba","Deba","","15","15","8","4","5","0","0","8","4","0"
"2019/2020","Female","disabled","NABTEB","College of Education","ward","Difa / Lubo / Kinafa","North East","Gombe","Yamaltu/Deba","Difa / Lubo / Kinafa","","17","17","8","8","9","0","0","9","0","0"
"2019/2020","Female","disabled","NABTEB","College of Education","ward","Gwani / Shinga / Wade","North East","Gombe","Yamaltu/Deba","Gwani / Shinga / Wade","","23","23","12","8","10","0","0","12","4","0"
"2019/2020","Female","disabled","NABTEB","Polytechnic","ward","Bambam","North East","Gombe","Balanga","Bambam","","7","7","4","0","0","0","0","3","4","0"
"2019/2020","Female","disabled","NABTEB","Polytechnic","ward","Dadiya","North East","Gombe","Balanga","Dadiya","","9","9","6","0","0","0","0","3","6","0"
"2019/2020","Female","disabled","NABTEB","Polytechnic","ward","Ajiya","North East","Gombe","Gombe","Ajiya","","23","23","14","0","0","0","0","9","14","0"
"2019/2020","Female","disabled","NABTEB","Polytechnic","ward","Bajoga","North East","Gombe","Gombe","Bajoga","","29","29","16","4","5","0","0","13","12","0"
"2019/2020","Female","disabled","NABTEB","Polytechnic","ward","Bolari East","North East","Gombe","Gombe","Bolari East","","23","23","12","4","5","0","0","11","9","0"
"2019/2020","Female","disabled","NABTEB","Polytechnic","ward","Bule / Kaltin","North East","Gombe","Kaltungo","Bule / Kaltin","","7","7","4","0","0","0","0","3","4","0"
"2019/2020","Female","disabled","NABTEB","Polytechnic","ward","Kaltungo East","North East","Gombe","Kaltungo","Kaltungo East","","11","11","6","4","5","0","0","5","3","0"
"2019/2020","Female","disabled","NABTEB","Polytechnic","ward","Barwo / Nasarawo","North East","Gombe","Nafada","Barwo / Nasarawo","","25","25","12","5","5","0","0","13","8","0"
"2019/2020","Female","disabled","NABTEB","Polytechnic","ward","Birin Bolewa","North East","Gombe","Nafada","Birin Bolewa","","19","19","10","10","10","0","0","9","2","0"
"2019/2020","Female","disabled","NABTEB","Polytechnic","ward","Deba","North East","Gombe","Yamaltu/Deba","Deba","","15","15","8","8","9","0","0","8","0","0"
"2019/2020","Female","disabled","NABTEB","Polytechnic","ward","Difa / Lubo / Kinafa","North East","Gombe","Yamaltu/Deba","Difa / Lubo / Kinafa","","7","7","4","0","0","0","0","4","4","0"
"2019/2020","Female","disabled","NABTEB","University","ward","Bambam","North East","Gombe","Balanga","Bambam","","7","7","4","4","4","0","0","4","0","0"
"2019/2020","Female","disabled","NABTEB","University","ward","Bangu","North East","Gombe","Balanga","Bangu","","17","17","9","0","0","0","0","8","9","0"
"2019/2020","Female","disabled","NABTEB","University","ward","Dadiya","North East","Gombe","Balanga","Dadiya","","11","11","6","4","5","0","0","5","3","0"
"2019/2020","Female","disabled","NABTEB","University","ward","Bajoga","North East","Gombe","Gombe","Bajoga","","7","7","4","0","0","0","0","4","4","0"
"2019/2020","Female","disabled","NABTEB","University","ward","Awak","North East","Gombe","Kaltungo","Awak","","15","15","8","4","5","0","0","7","5","0"
"2019/2020","Female","disabled","NABTEB","University","ward","Bule / Kaltin","North East","Gombe","Kaltungo","Bule / Kaltin","","23","23","13","4","5","0","0","10","10","0"
"2019/2020","Female","disabled","NABTEB","University","ward","Kaltungo East","North East","Gombe","Kaltungo","Kaltungo East","","19","19","10","4","5","0","0","9","7","0"
"2019/2020","Female","disabled","NABTEB","University","ward","Difa / Lubo / Kinafa","North East","Gombe","Yamaltu/Deba","Difa / Lubo / Kinafa","","11","11","6","0","0","0","0","5","6","0"
"2019/2020","Female","disabled","NABTEB","University","ward","Gwani / Shinga / Wade","North East","Gombe","Yamaltu/Deba","Gwani / Shinga / Wade","","7","7","4","0","0","0","0","4","4","0"
"2019/2020","Female","disabled","NECO","College of Education","ward","Bambam","North East","Gombe","Balanga","Bambam","","31","31","18","8","8","0","0","13","10","0"
"2019/2020","Female","disabled","NECO","College of Education","ward","Bangu","North East","Gombe","Balanga","Bangu","","20","20","10","8","8","0","0","10","2","0"
"2019/2020","Female","disabled","NECO","College of Education","ward","Dadiya","North East","Gombe","Balanga","Dadiya","","22","22","12","7","7","0","0","10","5","0"
"2019/2020","Female","disabled","NECO","College of Education","ward","Ajiya","North East","Gombe","Gombe","Ajiya","","14","14","7","0","0","0","0","7","7","0"
"2019/2020","Female","disabled","NECO","College of Education","ward","Bolari East","North East","Gombe","Gombe","Bolari East","","8","8","5","0","0","0","0","3","5","0"
"2019/2020","Female","disabled","NECO","College of Education","ward","Awak","North East","Gombe","Kaltungo","Awak","","25","25","15","8","8","0","0","10","8","0"
"2019/2020","Female","disabled","NECO","College of Education","ward","Kaltungo East","North East","Gombe","Kaltungo","Kaltungo East","","8","8","4","4","4","0","0","4","0","0"
"2019/2020","Female","disabled","NECO","College of Education","ward","Barwo / Nasarawo","North East","Gombe","Nafada","Barwo / Nasarawo","","16","16","9","0","0","0","0","7","9","0"
"2019/2020","Female","disabled","NECO","College of Education","ward","Barwo Winde","North East","Gombe","Nafada","Barwo Winde","","55","55","29","16","17","0","0","26","14","0"
"2019/2020","Female","disabled","NECO","College of Education","ward","Birin Bolewa","North East","Gombe","Nafada","Birin Bolewa","","29","29","14","7","7","0","0","14","7","0"
"2019/2020","Female","disabled","NECO","College of Education","ward","Deba","North East","Gombe","Yamaltu/Deba","Deba","","28","28","15","8","8","0","0","13","8","0"
"2019/2020","Female","disabled","NECO","College of Education","ward","Difa / Lubo / Kinafa","North East","Gombe","Yamaltu/Deba","Difa / Lubo / Kinafa","","34","34","21","8","8","0","0","13","14","0"
"2019/2020","Female","disabled","NECO","College of Education","ward","Gwani / Shinga / Wade","North East","Gombe","Yamaltu/Deba","Gwani / Shinga / Wade","","36","36","22","7","7","0","0","14","14","0"
"2019/2020","Female","disabled","NECO","Polytechnic","ward","Bambam","North East","Gombe","Balanga","Bambam","","7","7","3","3","3","0","0","4","0","0"
"2019/2020","Female","disabled","NECO","Polytechnic","ward","Dadiya","North East","Gombe","Balanga","Dadiya","","20","20","12","4","4","0","0","8","8","0"
"2019/2020","Female","disabled","NECO","Polytechnic","ward","Ajiya","North East","Gombe","Gombe","Ajiya","","37","37","20","7","7","0","0","17","13","0"
"2019/2020","Female","disabled","NECO","Polytechnic","ward","Bajoga","North East","Gombe","Gombe","Bajoga","","53","53","30","8","8","0","0","23","23","0"
"2019/2020","Female","disabled","NECO","Polytechnic","ward","Bolari East","North East","Gombe","Gombe","Bolari East","","38","38","18","8","8","0","0","20","10","0"
"2019/2020","Female","disabled","NECO","Polytechnic","ward","Bule / Kaltin","North East","Gombe","Kaltungo","Bule / Kaltin","","16","16","9","0","0","0","0","7","9","0"
"2019/2020","Female","disabled","NECO","Polytechnic","ward","Kaltungo East","North East","Gombe","Kaltungo","Kaltungo East","","18","18","9","0","0","0","0","9","9","0"
"2019/2020","Female","disabled","NECO","Polytechnic","ward","Barwo / Nasarawo","North East","Gombe","Nafada","Barwo / Nasarawo","","58","58","30","8","8","0","0","28","22","0"
"2019/2020","Female","disabled","NECO","Polytechnic","ward","Birin Bolewa","North East","Gombe","Nafada","Birin Bolewa","","31","31","19","8","8","0","0","12","11","0"
"2019/2020","Female","disabled","NECO","Polytechnic","ward","Deba","North East","Gombe","Yamaltu/Deba","Deba","","24","24","12","8","8","0","0","12","4","0"
"2019/2020","Female","disabled","NECO","Polytechnic","ward","Difa / Lubo / Kinafa","North East","Gombe","Yamaltu/Deba","Difa / Lubo / Kinafa","","7","7","3","3","3","0","0","4","0","0"
"2019/2020","Female","disabled","NECO","University","ward","Bambam","North East","Gombe","Balanga","Bambam","","7","7","5","3","3","0","0","2","2","0"
"2019/2020","Female","disabled","NECO","University","ward","Bangu","North East","Gombe","Balanga","Bangu","","29","29","15","0","0","0","0","14","15","0"
"2019/2020","Female","disabled","NECO","University","ward","Dadiya","North East","Gombe","Balanga","Dadiya","","20","20","10","0","0","0","0","10","10","0"
"2019/2020","Female","disabled","NECO","University","ward","Bajoga","North East","Gombe","Gombe","Bajoga","","15","15","8","4","4","0","0","8","4","0"
"2019/2020","Female","disabled","NECO","University","ward","Awak","North East","Gombe","Kaltungo","Awak","","24","24","12","7","7","0","0","12","5","0"
"2019/2020","Female","disabled","NECO","University","ward","Bule / Kaltin","North East","Gombe","Kaltungo","Bule / Kaltin","","27","27","17","11","11","0","0","10","6","0"
"2019/2020","Female","disabled","NECO","University","ward","Kaltungo East","North East","Gombe","Kaltungo","Kaltungo East","","39","39","21","8","8","0","0","18","14","0"
"2019/2020","Female","disabled","NECO","University","ward","Difa / Lubo / Kinafa","North East","Gombe","Yamaltu/Deba","Difa / Lubo / Kinafa","","22","22","12","4","4","0","0","10","8","0"
"2019/2020","Female","disabled","NECO","University","ward","Gwani / Shinga / Wade","North East","Gombe","Yamaltu/Deba","Gwani / Shinga / Wade","","7","7","3","0","0","0","0","4","3","0"
"2019/2020","Female","disabled","WAEC","College of Education","ward","Bambam","North East","Gombe","Balanga","Bambam","","38","38","21","6","6","0","0","17","16","0"
"2019/2020","Female","disabled","WAEC","College of Education","ward","Bangu","North East","Gombe","Balanga","Bangu","","21","21","10","5","6","0","0","10","5","0"
"2019/2020","Female","disabled","WAEC","College of Education","ward","Dadiya","North East","Gombe","Balanga","Dadiya","","32","32","18","6","8","0","0","14","12","0"
"2019/2020","Female","disabled","WAEC","College of Education","ward","Ajiya","North East","Gombe","Gombe","Ajiya","","22","22","11","3","3","0","0","11","8","0"
"2019/2020","Female","disabled","WAEC","College of Education","ward","Bolari East","North East","Gombe","Gombe","Bolari East","","9","9","4","2","2","0","0","5","2","0"
"2019/2020","Female","disabled","WAEC","College of Education","ward","Awak","North East","Gombe","Kaltungo","Awak","","35","35","19","6","6","0","0","16","14","0"
"2019/2020","Female","disabled","WAEC","College of Education","ward","Kaltungo East","North East","Gombe","Kaltungo","Kaltungo East","","11","11","6","3","3","0","0","5","3","0"
"2019/2020","Female","disabled","WAEC","College of Education","ward","Barwo / Nasarawo","North East","Gombe","Nafada","Barwo / Nasarawo","","22","22","12","3","3","0","0","10","9","0"
"2019/2020","Female","disabled","WAEC","College of Education","ward","Barwo Winde","North East","Gombe","Nafada","Barwo Winde","","70","69","40","11","12","0","1","29","28","0"
"2019/2020","Female","disabled","WAEC","College of Education","ward","Birin Bolewa","North East","Gombe","Nafada","Birin Bolewa","","37","37","21","6","6","0","0","16","16","0"
"2019/2020","Female","disabled","WAEC","College of Education","ward","Deba","North East","Gombe","Yamaltu/Deba","Deba","","39","39","22","9","10","0","0","17","13","0"
"2019/2020","Female","disabled","WAEC","College of Education","ward","Difa / Lubo / Kinafa","North East","Gombe","Yamaltu/Deba","Difa / Lubo / Kinafa","","45","45","24","9","10","0","0","21","15","0"
"2019/2020","Female","disabled","WAEC","College of Education","ward","Gwani / Shinga / Wade","North East","Gombe","Yamaltu/Deba","Gwani / Shinga / Wade","","48","48","29","8","8","0","0","19","21","0"
"2019/2020","Female","disabled","WAEC","Polytechnic","ward","Bambam","North East","Gombe","Balanga","Bambam","","11","11","6","3","3","0","0","5","3","0"
"2019/2020","Female","disabled","WAEC","Polytechnic","ward","Dadiya","North East","Gombe","Balanga","Dadiya","","22","22","13","6","6","0","0","9","7","0"
"2019/2020","Female","disabled","WAEC","Polytechnic","ward","Ajiya","North East","Gombe","Gombe","Ajiya","","47","47","26","9","9","0","0","21","17","0"
"2019/2020","Female","disabled","WAEC","Polytechnic","ward","Bajoga","North East","Gombe","Gombe","Bajoga","","66","66","38","12","13","0","0","28","26","0"
"2019/2020","Female","disabled","WAEC","Polytechnic","ward","Bolari East","North East","Gombe","Gombe","Bolari East","","40","40","21","6","6","0","0","19","16","0"
"2019/2020","Female","disabled","WAEC","Polytechnic","ward","Bule / Kaltin","North East","Gombe","Kaltungo","Bule / Kaltin","","18","18","10","3","3","0","0","8","8","0"
"2019/2020","Female","disabled","WAEC","Polytechnic","ward","Kaltungo East","North East","Gombe","Kaltungo","Kaltungo East","","24","24","13","3","3","0","0","11","10","0"
"2019/2020","Female","disabled","WAEC","Polytechnic","ward","Barwo / Nasarawo","North East","Gombe","Nafada","Barwo / Nasarawo","","73","73","38","9","9","0","0","35","30","0"
"2019/2020","Female","disabled","WAEC","Polytechnic","ward","Birin Bolewa","North East","Gombe","Nafada","Birin Bolewa","","43","43","24","9","10","0","0","19","15","0"
"2019/2020","Female","disabled","WAEC","Polytechnic","ward","Deba","North East","Gombe","Yamaltu/Deba","Deba","","32","32","18","6","6","0","0","14","12","0"
"2019/2020","Female","disabled","WAEC","Polytechnic","ward","Difa / Lubo / Kinafa","North East","Gombe","Yamaltu/Deba","Difa / Lubo / Kinafa","","9","9","4","0","0","0","0","5","4","0"
"2019/2020","Female","disabled","WAEC","University","ward","Bambam","North East","Gombe","Balanga","Bambam","","9","9","6","2","2","0","0","3","3","0"
"2019/2020","Female","disabled","WAEC","University","ward","Bangu","North East","Gombe","Balanga","Bangu","","44","43","24","6","7","0","1","19","18","0"
"2019/2020","Female","disabled","WAEC","University","ward","Dadiya","North East","Gombe","Balanga","Dadiya","","24","24","11","3","3","0","0","13","8","0"
"2019/2020","Female","disabled","WAEC","University","ward","Bajoga","North East","Gombe","Gombe","Bajoga","","22","22","11","3","3","0","0","11","8","0"
"2019/2020","Female","disabled","WAEC","University","ward","Awak","North East","Gombe","Kaltungo","Awak","","32","32","19","6","6","0","0","13","13","0"
"2019/2020","Female","disabled","WAEC","University","ward","Bule / Kaltin","North East","Gombe","Kaltungo","Bule / Kaltin","","35","35","19","8","8","0","0","16","11","0"
"2019/2020","Female","disabled","WAEC","University","ward","Kaltungo East","North East","Gombe","Kaltungo","Kaltungo East","","55","55","28","9","10","0","0","27","20","0"
"2019/2020","Female","disabled","WAEC","University","ward","Difa / Lubo / Kinafa","North East","Gombe","Yamaltu/Deba","Difa / Lubo / Kinafa","","28","28","15","6","7","0","0","13","9","0"
"2019/2020","Female","disabled","WAEC","University","ward","Gwani / Shinga / Wade","North East","Gombe","Yamaltu/Deba","Gwani / Shinga / Wade","","9","9","4","2","2","0","0","5","2","0"
"2019/2020","Male","all","NABTEB","College of Education","ward","Bambam","North East","Gombe","Balanga","Bambam","","142","140","84","26","24","3","2","56","58","3"
"2019/2020","Male","all","NABTEB","College of Education","ward","Bangu","North East","Gombe","Balanga","Bangu","","98","96","54","18","20","0","2","42","37","0"
"2019/2020","Male","all","NABTEB","College of Education","ward","Dadiya","North East","Gombe","Balanga","Dadiya","","156","154","83","31","28","4","2","71","53","4"
"2019/2020","Male","all","NABTEB","College of Education","ward","Ajiya","North East","Gombe","Gombe","Ajiya","","106","104","63","18","14","4","2","41","46","4"
"2019/2020","Male","all","NABTEB","College of Education","ward","Bolari East","North East","Gombe","Gombe","Bolari East","","55","54","32","9","10","0","1","22","23","0"
"2019/2020","Male","all","NABTEB","College of Education","ward","Awak","North East","Gombe","Kaltungo","Awak","","134","132","78","27","23","4","2","54","51","4"
"2019/2020","Male","all","NABTEB","College of Education","ward","Kaltungo East","North East","Gombe","Kaltungo","Kaltungo East","","49","48","28","9","10","0","1","20","20","0"
"2019/2020","Male","all","NABTEB","College of Education","ward","Barwo / Nasarawo","North East","Gombe","Nafada","Barwo / Nasarawo","","83","82","42","9","10","0","1","40","33","0"
"2019/2020","Male","all","NABTEB","College of Education","ward","Barwo Winde","North East","Gombe","Nafada","Barwo Winde","","241","237","136","36","33","4","4","101","101","4"
"2019/2020","Male","all","NABTEB","College of Education","ward","Birin Bolewa","North East","Gombe","Nafada","Birin Bolewa","","156","154","92","31","28","4","2","62","62","4"
"2019/2020","Male","all","NABTEB","College of Education","ward","Deba","North East","Gombe","Yamaltu/Deba","Deba","","170","168","97","31","24","7","2","71","66","7"
"2019/2020","Male","all","NABTEB","College of Education","ward","Difa / Lubo / Kinafa","North East","Gombe","Yamaltu/Deba","Difa / Lubo / Kinafa","","186","183","115","39","34","5","3","68","76","5"
"2019/2020","Male","all","NABTEB","College of Education","ward","Gwani / Shinga / Wade","North East","Gombe","Yamaltu/Deba","Gwani / Shinga / Wade","","265","261","157","49","43","7","4","104","108","7"
"2019/2020","Male","all","NABTEB","Polytechnic","ward","Bambam","North East","Gombe","Balanga","Bambam","","56","55","30","9","10","0","1","25","22","0"
"2019/2020","Male","all","NABTEB","Polytechnic","ward","Dadiya","North East","Gombe","Balanga","Dadiya","","106","104","59","22","19","3","2","45","38","3"
"2019/2020","Male","all","NABTEB","Polytechnic","ward","Ajiya","North East","Gombe","Gombe","Ajiya","","251","247","140","35","32","4","4","107","105","4"
"2019/2020","Male","all","NABTEB","Polytechnic","ward","Bajoga","North East","Gombe","Gombe","Bajoga","","274","269","167","53","47","6","5","102","115","6"
"2019/2020","Male","all","NABTEB","Polytechnic","ward","Bolari East","North East","Gombe","Gombe","Bolari East","","184","181","101","31","29","4","3","80","71","4"
"2019/2020","Male","all","NABTEB","Polytechnic","ward","Bule / Kaltin","North East","Gombe","Kaltungo","Bule / Kaltin","","85","84","49","13","9","4","1","35","36","4"
"2019/2020","Male","all","NABTEB","Polytechnic","ward","Kaltungo East","North East","Gombe","Kaltungo","Kaltungo East","","91","90","52","13","10","3","1","38","40","3"
"2019/2020","Male","all","NABTEB","Polytechnic","ward","Barwo / Nasarawo","North East","Gombe","Nafada","Barwo / Nasarawo","","268","265","153","44","34","10","3","112","110","10"
"2019/2020","Male","all","NABTEB","Polytechnic","ward","Birin Bolewa","North East","Gombe","Nafada","Birin Bolewa","","202","199","123","44","38","6","3","76","80","6"
"2019/2020","Male","all","NABTEB","Polytechnic","ward","Deba","North East","Gombe","Yamaltu/Deba","Deba","","116","114","68","27","29","0","2","46","42","0"
"2019/2020","Male","all","NABTEB","Polytechnic","ward","Difa / Lubo / Kinafa","North East","Gombe","Yamaltu/Deba","Difa / Lubo / Kinafa","","55","54","28","9","10","0","1","26","19","0"
"2019/2020","Male","all","NABTEB","University","ward","Bambam","North East","Gombe","Balanga","Bambam","","51","50","30","9","9","0","1","20","21","0"
"2019/2020","Male","all","NABTEB","University","ward","Bangu","North East","Gombe","Balanga","Bangu","","129","127","72","17","15","3","2","55","56","3"
"2019/2020","Male","all","NABTEB","University","ward","Dadiya","North East","Gombe","Balanga","Dadiya","","97","96","54","13","9","4","1","42","42","4"
"2019/2020","Male","all","NABTEB","University","ward","Bajoga","North East","Gombe","Gombe","Bajoga","","102","100","54","18","14","4","2","46","37","4"
"2019/2020","Male","all","NABTEB","University","ward","Awak","North East","Gombe","Kaltungo","Awak","","189","186","105","39","33","6","3","81","67","6"
"2019/2020","Male","all","NABTEB","University","ward","Bule / Kaltin","North East","Gombe","Kaltungo","Bule / Kaltin","","196","193","112","35","32","4","3","81","78","4"
"2019/2020","Male","all","NABTEB","University","ward","Kaltungo East","North East","Gombe","Kaltungo","Kaltungo East","","193","190","105","27","23","4","3","85","78","4"
"2019/2020","Male","all","NABTEB","University","ward","Difa / Lubo / Kinafa","North East","Gombe","Yamaltu/Deba","Difa / Lubo / Kinafa","","106","104","63","22","19","3","2","41","42","3"
"2019/2020","Male","all","NABTEB","University","ward","Gwani / Shinga / Wade","North East","Gombe","Yamaltu/Deba","Gwani / Shinga / Wade","","68","67","37","9","10","0","1","30","29","0"
"2019/2020","Male","all","NECO","College of Education","ward","Bambam","North East","Gombe","Balanga","Bambam","","297","293","171","55","52","3","4","122","117","3"
"2019/2020","Male","all","NECO","College of Education","ward","Bangu","North East","Gombe","Balanga","Bangu","","171","169","98","36","30","6","2","71","62","6"
"2019/2020","Male","all","NECO","College of Education","ward","Dadiya","North East","Gombe","Balanga","Dadiya","","338","333","191","74","68","6","5","142","118","6"
"2019/2020","Male","all","NECO","College of Education","ward","Ajiya","North East","Gombe","Gombe","Ajiya","","196","193","117","39","39","0","3","76","79","0"
"2019/2020","Male","all","NECO","College of Education","ward","Bolari East","North East","Gombe","Gombe","Bolari East","","106","104","59","20","17","3","2","45","40","3"
"2019/2020","Male","all","NECO","College of Education","ward","Awak","North East","Gombe","Kaltungo","Awak","","288","284","172","59","56","3","4","112","113","3"
"2019/2020","Male","all","NECO","College of Education","ward","Kaltungo East","North East","Gombe","Kaltungo","Kaltungo East","","90","89","50","12","9","3","1","39","38","3"
"2019/2020","Male","all","NECO","College of Education","ward","Barwo / Nasarawo","North East","Gombe","Nafada","Barwo / Nasarawo","","135","133","71","24","21","3","2","62","48","3"
"2019/2020","Male","all","NECO","College of Education","ward","Barwo Winde","North East","Gombe","Nafada","Barwo Winde","","457","451","260","87","81","7","6","191","173","7"
"2019/2020","Male","all","NECO","College of Education","ward","Birin Bolewa","North East","Gombe","Nafada","Birin Bolewa","","279","275","175","66","60","6","4","100","110","6"
"2019/2020","Male","all","NECO","College of Education","ward","Deba","North East","Gombe","Yamaltu/Deba","Deba","","347","342","209","71","64","7","5","133","139","7"
"2019/2020","Male","all","NECO","College of Education","ward","Difa / Lubo / Kinafa","North East","Gombe","Yamaltu/Deba","Difa / Lubo / Kinafa","","344","338","202","74","68","6","6","136","128","6"
"2019/2020","Male","all","NECO","College of Education","ward","Gwani / Shinga / Wade","North East","Gombe","Yamaltu/Deba","Gwani / Shinga / Wade","","508","501","291","109","102","7","7","210","182","7"
"2019/2020","Male","all","NECO","Polytechnic","ward","Bambam","North East","Gombe","Balanga","Bambam","","114","112","61","20","17","3","2","51","41","3"
"2019/2020","Male","all","NECO","Polytechnic","ward","Dadiya","North East","Gombe","Balanga","Dadiya","","211","208","119","47","43","4","3","89","73","4"
"2019/2020","Male","all","NECO","Polytechnic","ward","Ajiya","North East","Gombe","Gombe","Ajiya","","497","489","267","75","68","7","8","222","192","7"
"2019/2020","Male","all","NECO","Polytechnic","ward","Bajoga","North East","Gombe","Gombe","Bajoga","","531","523","318","110","99","11","8","205","208","11"
"2019/2020","Male","all","NECO","Polytechnic","ward","Bolari East","North East","Gombe","Gombe","Bolari East","","366","361","202","56","47","9","5","159","146","9"
"2019/2020","Male","all","NECO","Polytechnic","ward","Bule / Kaltin","North East","Gombe","Kaltungo","Bule / Kaltin","","160","158","90","31","30","1","2","68","59","1"
"2019/2020","Male","all","NECO","Polytechnic","ward","Kaltungo East","North East","Gombe","Kaltungo","Kaltungo East","","201","198","114","27","26","1","3","84","87","1"
"2019/2020","Male","all","NECO","Polytechnic","ward","Barwo / Nasarawo","North East","Gombe","Nafada","Barwo / Nasarawo","","542","533","307","93","90","3","9","226","215","3"
"2019/2020","Male","all","NECO","Polytechnic","ward","Birin Bolewa","North East","Gombe","Nafada","Birin Bolewa","","381","376","235","94","86","8","5","141","141","8"
"2019/2020","Male","all","NECO","Polytechnic","ward","Deba","North East","Gombe","Yamaltu/Deba","Deba","","232","229","136","52","47","5","3","93","84","5"
"2019/2020","Male","all","NECO","Polytechnic","ward","Difa / Lubo / Kinafa","North East","Gombe","Yamaltu/Deba","Difa / Lubo / Kinafa","","110","108","61","20","17","3","2","47","42","3"
"2019/2020","Male","all","NECO","University","ward","Bambam","North East","Gombe","Balanga","Bambam","","116","114","67","28","26","2","2","47","39","2"
"2019/2020","Male","all","NECO","University","ward","Bangu","North East","Gombe","Balanga","Bangu","","264","260","146","51","43","8","4","114","95","8"
"2019/2020","Male","all","NECO","University","ward","Dadiya","North East","Gombe","Balanga","Dadiya","","174","171","104","39","34","5","3","67","65","5"
"2019/2020","Male","all","NECO","University","ward","Bajoga","North East","Gombe","Gombe","Bajoga","","180","177","105","31","30","1","3","72","75","1"
"2019/2020","Male","all","NECO","University","ward","Awak","North East","Gombe","Kaltungo","Awak","","348","343","206","74","69","5","5","137","132","5"
"2019/2020","Male","all","NECO","University","ward","Bule / Kaltin","North East","Gombe","Kaltungo","Bule / Kaltin","","341","336","196","68","61","7","5","140","128","7"
"2019/2020","Male","all","NECO","University","ward","Kaltungo East","North East","Gombe","Kaltungo","Kaltungo East","","360","355","210","75","69","6","5","145","136","6"
"2019/2020","Male","all","NECO","University","ward","Difa / Lubo / Kinafa","North East","Gombe","Yamaltu/Deba","Difa / Lubo / Kinafa","","172","169","100","35","30","5","3","69","65","5"
"2019/2020","Male","all","NECO","University","ward","Gwani / Shinga / Wade","North East","Gombe","Yamaltu/Deba","Gwani / Shinga / Wade","","121","119","67","24","21","3","2","52","44","3"
"2019/2020","Male","all","WAEC","College of Education","ward","Bambam","North East","Gombe","Balanga","Bambam","","376","371","216","62","54","8","5","155","154","8"
"2019/2020","Male","all","WAEC","College of Education","ward","Bangu","North East","Gombe","Balanga","Bangu","","237","233","136","43","40","3","4","97","94","3"
"2019/2020","Male","all","WAEC","College of Education","ward","Dadiya","North East","Gombe","Balanga","Dadiya","","420","414","238","83","77","6","6","176","155","6"
"2019/2020","Male","all","WAEC","College of Education","ward","Ajiya","North East","Gombe","Gombe","Ajiya","","276","272","155","52","47","5","4","117","103","5"
"2019/2020","Male","all","WAEC","College of Education","ward","Bolari East","North East","Gombe","Gombe","Bolari East","","133","131","80","28","27","1","2","51","52","1"
"2019/2020","Male","all","WAEC","College of Education","ward","Awak","North East","Gombe","Kaltungo","Awak","","390","385","230","83","73","10","5","155","147","10"
"2019/2020","Male","all","WAEC","College of Education","ward","Kaltungo East","North East","Gombe","Kaltungo","Kaltungo East","","110","108","58","18","17","1","2","50","41","1"
"2019/2020","Male","all","WAEC","College of Education","ward","Barwo / Nasarawo","North East","Gombe","Nafada","Barwo / Nasarawo","","201","198","111","34","30","4","3","87","78","4"
"2019/2020","Male","all","WAEC","College of Education","ward","Barwo Winde","North East","Gombe","Nafada","Barwo Winde","","576","568","333","107","97","10","8","235","226","10"
"2019/2020","Male","all","WAEC","College of Education","ward","Birin Bolewa","North East","Gombe","Nafada","Birin Bolewa","","337","332","207","71","63","8","5","125","136","8"
"2019/2020","Male","all","WAEC","College of Education","ward","Deba","North East","Gombe","Yamaltu/Deba","Deba","","454","447","254","86","77","9","7","193","169","9"
"2019/2020","Male","all","WAEC","College of Education","ward","Difa / Lubo / Kinafa","North East","Gombe","Yamaltu/Deba","Difa / Lubo / Kinafa","","470","463","272","95","86","9","7","191","177","9"
"2019/2020","Male","all","WAEC","College of Education","ward","Gwani / Shinga / Wade","North East","Gombe","Yamaltu/Deba","Gwani / Shinga / Wade","","651","641","375","126","116","10","10","266","249","10"
"2019/2020","Male","all","WAEC","Polytechnic","ward","Bambam","North East","Gombe","Balanga","Bambam","","148","146","82","31","27","4","2","64","51","4"
"2019/2020","Male","all","WAEC","Polytechnic","ward","Dadiya","North East","Gombe","Balanga","Dadiya","","225","222","129","40","37","3","3","93","90","3"
"2019/2020","Male","all","WAEC","Polytechnic","ward","Ajiya","North East","Gombe","Gombe","Ajiya","","590","581","336","102","90","12","9","245","234","12"
"2019/2020","Male","all","WAEC","Polytechnic","ward","Bajoga","North East","Gombe","Gombe","Bajoga","","621","611","349","119","110","9","10","262","230","9"
"2019/2020","Male","all","WAEC","Polytechnic","ward","Bolari East","North East","Gombe","Gombe","Bolari East","","429","423","242","74","70","4","6","181","168","4"
"2019/2020","Male","all","WAEC","Polytechnic","ward","Bule / Kaltin","North East","Gombe","Kaltungo","Bule / Kaltin","","202","199","112","37","33","4","3","87","75","4"
"2019/2020","Male","all","WAEC","Polytechnic","ward","Kaltungo East","North East","Gombe","Kaltungo","Kaltungo East","","226","223","125","34","30","4","3","98","91","4"
"2019/2020","Male","all","WAEC","Polytechnic","ward","Barwo / Nasarawo","North East","Gombe","Nafada","Barwo / Nasarawo","","716","705","410","126","114","12","11","295","284","12"
"2019/2020","Male","all","WAEC","Polytechnic","ward","Birin Bolewa","North East","Gombe","Nafada","Birin Bolewa","","520","513","304","113","104","9","7","209","192","9"
"2019/2020","Male","all","WAEC","Polytechnic","ward","Deba","North East","Gombe","Yamaltu/Deba","Deba","","296","291","178","68","60","8","5","113","110","8"
"2019/2020","Male","all","WAEC","Polytechnic","ward","Difa / Lubo / Kinafa","North East","Gombe","Yamaltu/Deba","Difa / Lubo / Kinafa","","131","129","73","21","20","1","2","56","52","1"
"2019/2020","Male","all","WAEC","University","ward","Bambam","North East","Gombe","Balanga","Bambam","","137","135","80","28","23","5","2","55","52","5"
"2019/2020","Male","all","WAEC","University","ward","Bangu","North East","Gombe","Balanga","Bangu","","324","319","184","55","50","5","5","135","129","5"
"2019/2020","Male","all","WAEC","University","ward","Dadiya","North East","Gombe","Balanga","Dadiya","","213","210","123","34","30","4","3","87","89","4"
"2019/2020","Male","all","WAEC","University","ward","Bajoga","North East","Gombe","Gombe","Bajoga","","234","231","132","37","33","4","3","99","95","4"
"2019/2020","Male","all","WAEC","University","ward","Awak","North East","Gombe","Kaltungo","Awak","","457","450","269","95","87","8","7","181","174","8"
"2019/2020","Male","all","WAEC","University","ward","Bule / Kaltin","North East","Gombe","Kaltungo","Bule / Kaltin","","459","452","267","83","76","7","7","185","184","7"
"2019/2020","Male","all","WAEC","University","ward","Kaltungo East","North East","Gombe","Kaltungo","Kaltungo East","","472","465","281","86","80","6","7","184","196","6"
"2019/2020","Male","all","WAEC","University","ward","Difa / Lubo / Kinafa","North East","Gombe","Yamaltu/Deba","Difa / Lubo / Kinafa","","247","243","136","40","37","3","4","107","97","3"
"2019/2020","Male","all","WAEC","University","ward","Gwani / Shinga / Wade","North East","Gombe","Yamaltu/Deba","Gwani / Shinga / Wade","","148","146","82","24","23","1","2","64","58","1"
"2019/2020","Male","disabled","NABTEB","College of Education","ward","Bambam","North East","Gombe","Balanga","Bambam","","17","17","8","4","5","0","0","8","5","0"
"2019/2020","Male","disabled","NABTEB","College of Education","ward","Bangu","North East","Gombe","Balanga","Bangu","","15","15","8","0","0","0","0","8","8","0"
"2019/2020","Male","disabled","NABTEB","College of Education","ward","Dadiya","North East","Gombe","Balanga","Dadiya","","15","15","8","4","5","0","0","8","4","0"
"2019/2020","Male","disabled","NABTEB","College of Education","ward","Ajiya","North East","Gombe","Gombe","Ajiya","","7","7","4","0","0","0","0","3","4","0"
"2019/2020","Male","disabled","NABTEB","College of Education","ward","Bolari East","North East","Gombe","Gombe","Bolari East","","7","7","4","0","0","0","0","4","4","0"
"2019/2020","Male","disabled","NABTEB","College of Education","ward","Awak","North East","Gombe","Kaltungo","Awak","","15","15","8","4","5","0","0","7","5","0"
"2019/2020","Male","disabled","NABTEB","College of Education","ward","Kaltungo East","North East","Gombe","Kaltungo","Kaltungo East","","7","7","4","0","0","0","0","4","4","0"
"2019/2020","Male","disabled","NABTEB","College of Education","ward","Barwo / Nasarawo","North East","Gombe","Nafada","Barwo / Nasarawo","","9","9","4","0","0","0","0","5","4","0"
"2019/2020","Male","disabled","NABTEB","College of Education","ward","Barwo Winde","North East","Gombe","Nafada","Barwo Winde","","37","37","20","0","0","0","0","17","20","0"
"2019/2020","Male","disabled","NABTEB","College of Education","ward","Birin Bolewa","North East","Gombe","Nafada","Birin Bolewa","","17","17","10","4","5","0","0","7","7","0"
"2019/2020","Male","disabled","NABTEB","College of Education","ward","Deba","North East","Gombe","Yamaltu/Deba","Deba","","15","15","8","4","5","0","0","8","4","0"
"2019/2020","Male","disabled","NABTEB","College of Education","ward","Difa / Lubo / Kinafa","North East","Gombe","Yamaltu/Deba","Difa / Lubo / Kinafa","","19","19","13","4","5","0","0","6","10","0"
"2019/2020","Male","disabled","NABTEB","College of Education","ward","Gwani / Shinga / Wade","North East","Gombe","Yamaltu/Deba","Gwani / Shinga / Wade","","25","25","12","4","5","0","0","13","8","0"
"2019/2020","Male","disabled","NABTEB","Polytechnic","ward","Bambam","North East","Gombe","Balanga","Bambam","","7","7","4","0","0","0","0","4","4","0"
"2019/2020","Male","disabled","NABTEB","Polytechnic","ward","Dadiya","North East","Gombe","Balanga","Dadiya","","9","9","6","4","4","0","0","3","3","0"
"2019/2020","Male","disabled","NABTEB","Polytechnic","ward","Ajiya","North East","Gombe","Gombe","Ajiya","","23","23","13","0","0","0","0","10","13","0"
"2019/2020","Male","disabled","NABTEB","Polytechnic","ward","Bajoga","North East","Gombe","Gombe","Bajoga","","29","29","16","4","5","0","0","13","12","0"
"2019/2020","Male","disabled","NABTEB","Polytechnic","ward","Bolari East","North East","Gombe","Gombe","Bolari East","","23","23","12","0","0","0","0","11","12","0"
"2019/2020","Male","disabled","NABTEB","Polytechnic","ward","Bule / Kaltin","North East","Gombe","Kaltungo","Bule / Kaltin","","7","7","4","0","0","0","0","3","4","0"
"2019/2020","Male","disabled","NABTEB","Polytechnic","ward","Kaltungo East","North East","Gombe","Kaltungo","Kaltungo East","","11","11","6","0","0","0","0","5","6","0"
"2019/2020","Male","disabled","NABTEB","Polytechnic","ward","Barwo / Nasarawo","North East","Gombe","Nafada","Barwo / Nasarawo","","29","29","17","4","5","0","0","12","14","0"
"2019/2020","Male","disabled","NABTEB","Polytechnic","ward","Birin Bolewa","North East","Gombe","Nafada","Birin Bolewa","","21","21","12","5","5","0","0","9","7","0"
"2019/2020","Male","disabled","NABTEB","Polytechnic","ward","Deba","North East","Gombe","Yamaltu/Deba","Deba","","15","15","8","4","5","0","0","8","4","0"
"2019/2020","Male","disabled","NABTEB","Polytechnic","ward","Difa / Lubo / Kinafa","North East","Gombe","Yamaltu/Deba","Difa / Lubo / Kinafa","","7","7","4","0","0","0","0","4","4","0"
"2019/2020","Male","disabled","NABTEB","University","ward","Bambam","North East","Gombe","Balanga","Bambam","","7","7","4","0","0","0","0","4","4","0"
"2019/2020","Male","disabled","NABTEB","University","ward","Bangu","North East","Gombe","Balanga","Bangu","","19","19","11","0","0","0","0","8","11","0"
"2019/2020","Male","disabled","NABTEB","University","ward","Dadiya","North East","Gombe","Balanga","Dadiya","","9","9","4","0","0","0","0","5","4","0"
"2019/2020","Male","disabled","NABTEB","University","ward","Bajoga","North East","Gombe","Gombe","Bajoga","","9","9","6","4","4","0","0","3","3","0"
"2019/2020","Male","disabled","NABTEB","University","ward","Awak","North East","Gombe","Kaltungo","Awak","","15","15","9","4","5","0","0","6","6","0"
"2019/2020","Male","disabled","NABTEB","University","ward","Bule / Kaltin","North East","Gombe","Kaltungo","Bule / Kaltin","","23","23","12","4","5","0","0","11","9","0"
"2019/2020","Male","disabled","NABTEB","University","ward","Kaltungo East","North East","Gombe","Kaltungo","Kaltungo East","","23","23","12","0","0","0","0","11","12","0"
"2019/2020","Male","disabled","NABTEB","University","ward","Difa / Lubo / Kinafa","North East","Gombe","Yamaltu/Deba","Difa / Lubo / Kinafa","","11","11","6","4","5","0","0","5","3","0"
"2019/2020","Male","disabled","NABTEB","University","ward","Gwani / Shinga / Wade","North East","Gombe","Yamaltu/Deba","Gwani / Shinga / Wade","","7","7","4","0","0","0","0","4","4","0"
"2019/2020","Male","disabled","NECO","College of Education","ward","Bambam","North East","Gombe","Balanga","Bambam","","36","36","20","8","8","0","0","16","12","0"
"2019/2020","Male","disabled","NECO","College of Education","ward","Bangu","North East","Gombe","Balanga","Bangu","","20","20","10","4","4","0","0","10","6","0"
"2019/2020","Male","disabled","NECO","College of Education","ward","Dadiya","North East","Gombe","Balanga","Dadiya","","26","26","13","8","8","0","0","13","6","0"
"2019/2020","Male","disabled","NECO","College of Education","ward","Ajiya","North East","Gombe","Gombe","Ajiya","","14","14","7","4","4","0","0","7","4","0"
"2019/2020","Male","disabled","NECO","College of Education","ward","Bolari East","North East","Gombe","Gombe","Bolari East","","8","8","4","4","4","0","0","4","0","0"
"2019/2020","Male","disabled","NECO","College of Education","ward","Awak","North East","Gombe","Kaltungo","Awak","","27","27","15","4","4","0","0","12","11","0"
"2019/2020","Male","disabled","NECO","College of Education","ward","Kaltungo East","North East","Gombe","Kaltungo","Kaltungo East","","7","7","3","0","0","0","0","4","3","0"
"2019/2020","Male","disabled","NECO","College of Education","ward","Barwo / Nasarawo","North East","Gombe","Nafada","Barwo / Nasarawo","","16","16","9","4","4","0","0","7","5","0"
"2019/2020","Male","disabled","NECO","College of Education","ward","Barwo Winde","North East","Gombe","Nafada","Barwo Winde","","55","55","28","8","8","0","0","28","20","0"
"2019/2020","Male","disabled","NECO","College of Education","ward","Birin Bolewa","North East","Gombe","Nafada","Birin Bolewa","","31","31","18","7","7","0","0","13","11","0"
"2019/2020","Male","disabled","NECO","College of Education","ward","Deba","North East","Gombe","Yamaltu/Deba","Deba","","30","30","15","4","4","0","0","15","11","0"
"2019/2020","Male","disabled","NECO","College of Education","ward","Difa / Lubo / Kinafa","North East","Gombe","Yamaltu/Deba","Difa / Lubo / Kinafa","","37","37","21","8","8","0","0","16","14","0"
"2019/2020","Male","disabled","NECO","College of Education","ward","Gwani / Shinga / Wade","North East","Gombe","Yamaltu/Deba","Gwani / Shinga / Wade","","39","39","21","12","12","0","0","18","10","0"
"2019/2020","Male","disabled","NECO","Polytechnic","ward","Bambam","North East","Gombe","Balanga","Bambam","","9","9","5","3","3","0","0","4","2","0"
"2019/2020","Male","disabled","NECO","Polytechnic","ward","Dadiya","North East","Gombe","Balanga","Dadiya","","22","22","12","4","4","0","0","10","8","0"
"2019/2020","Male","disabled","NECO","Polytechnic","ward","Ajiya","North East","Gombe","Gombe","Ajiya","","45","45","22","7","7","0","0","23","15","0"
"2019/2020","Male","disabled","NECO","Polytechnic","ward","Bajoga","North East","Gombe","Gombe","Bajoga","","52","52","29","8","8","0","0","23","22","0"
"2019/2020","Male","disabled","NECO","Polytechnic","ward","Bolari East","North East","Gombe","Gombe","Bolari East","","40","40","20","4","4","0","0","20","16","0"
"2019/2020","Male","disabled","NECO","Polytechnic","ward","Bule / Kaltin","North East","Gombe","Kaltungo","Bule / Kaltin","","16","16","9","4","4","0","0","7","5","0"
"2019/2020","Male","disabled","NECO","Polytechnic","ward","Kaltungo East","North East","Gombe","Kaltungo","Kaltungo East","","23","23","13","0","0","0","0","10","13","0"
"2019/2020","Male","disabled","NECO","Polytechnic","ward","Barwo / Nasarawo","North East","Gombe","Nafada","Barwo / Nasarawo","","62","62","34","8","8","0","0","28","26","0"
"2019/2020","Male","disabled","NECO","Polytechnic","ward","Birin Bolewa","North East","Gombe","Nafada","Birin Bolewa","","38","38","23","8","8","0","0","15","15","0"
"2019/2020","Male","disabled","NECO","Polytechnic","ward","Deba","North East","Gombe","Yamaltu/Deba","Deba","","29","29","16","8","8","0","0","13","8","0"
"2019/2020","Male","disabled","NECO","Polytechnic","ward","Difa / Lubo / Kinafa","North East","Gombe","Yamaltu/Deba","Difa / Lubo / Kinafa","","9","9","5","3","3","0","0","4","2","0"
"2019/2020","Male","disabled","NECO","University","ward","Bambam","North East","Gombe","Balanga","Bambam","","9","9","5","3","3","0","0","4","2","0"
"2019/2020","Male","disabled","NECO","University","ward","Bangu","North East","Gombe","Balanga","Bangu","","33","33","19","8","8","0","0","14","11","0"
"2019/2020","Male","disabled","NECO","University","ward","Dadiya","North East","Gombe","Balanga","Dadiya","","17","17","9","4","4","0","0","8","6","0"
"2019/2020","Male","disabled","NECO","University","ward","Bajoga","North East","Gombe","Gombe","Bajoga","","14","14","7","4","4","0","0","7","4","0"
"2019/2020","Male","disabled","NECO","University","ward","Awak","North East","Gombe","Kaltungo","Awak","","26","26","14","7","7","0","0","12","7","0"
"2019/2020","Male","disabled","NECO","University","ward","Bule / Kaltin","North East","Gombe","Kaltungo","Bule / Kaltin","","29","29","15","7","7","0","0","14","7","0"
"2019/2020","Male","disabled","NECO","University","ward","Kaltungo East","North East","Gombe","Kaltungo","Kaltungo East","","40","40","22","8","8","0","0","18","14","0"
"2019/2020","Male","disabled","NECO","University","ward","Difa / Lubo / Kinafa","North East","Gombe","Yamaltu/Deba","Difa / Lubo / Kinafa","","22","22","12","4","4","0","0","10","8","0"
"2019/2020","Male","disabled","NECO","University","ward","Gwani / Shinga / Wade","North East","Gombe","Yamaltu/Deba","Gwani / Shinga / Wade","","9","9","5","3","3","0","0","4","2","0"
"2019/2020","Male","disabled","WAEC","College of Education","ward","Bambam","North East","Gombe","Balanga","Bambam","","46","46","26","6","6","0","0","20","21","0"
"2019/2020","Male","disabled","WAEC","College of Education","ward","Bangu","North East","Gombe","Balanga","Bangu","","25","25","14","5","5","0","0","11","9","0"
"2019/2020","Male","disabled","WAEC","College of Education","ward","Dadiya","North East","Gombe","Balanga","Dadiya","","34","34","17","6","6","0","0","17","12","0"
"2019/2020","Male","disabled","WAEC","College of Education","ward","Ajiya","North East","Gombe","Gombe","Ajiya","","22","22","11","3","3","0","0","11","8","0"
"2019/2020","Male","disabled","WAEC","College of Education","ward","Bolari East","North East","Gombe","Gombe","Bolari East","","11","11","6","3","3","0","0","5","3","0"
"2019/2020","Male","disabled","WAEC","College of Education","ward","Awak","North East","Gombe","Kaltungo","Awak","","34","34","21","6","6","0","0","13","15","0"
"2019/2020","Male","disabled","WAEC","College of Education","ward","Kaltungo East","North East","Gombe","Kaltungo","Kaltungo East","","9","9","4","0","0","0","0","5","4","0"
"2019/2020","Male","disabled","WAEC","College of Education","ward","Barwo / Nasarawo","North East","Gombe","Nafada","Barwo / Nasarawo","","20","20","10","3","3","0","0","10","8","0"
"2019/2020","Male","disabled","WAEC","College of Education","ward","Barwo Winde","North East","Gombe","Nafada","Barwo Winde","","61","61","34","11","12","0","0","27","23","0"
"2019/2020","Male","disabled","WAEC","College of Education","ward","Birin Bolewa","North East","Gombe","Nafada","Birin Bolewa","","39","39","23","6","6","0","0","16","18","0"
"2019/2020","Male","disabled","WAEC","College of Education","ward","Deba","North East","Gombe","Yamaltu/Deba","Deba","","39","39","21","6","6","0","0","18","16","0"
"2019/2020","Male","disabled","WAEC","College of Education","ward","Difa / Lubo / Kinafa","North East","Gombe","Yamaltu/Deba","Difa / Lubo / Kinafa","","48","48","28","9","10","0","0","20","20","0"
"2019/2020","Male","disabled","WAEC","College of Education","ward","Gwani / Shinga / Wade","North East","Gombe","Yamaltu/Deba","Gwani / Shinga / Wade","","51","51","29","9","9","0","0","22","20","0"
"2019/2020","Male","disabled","WAEC","Polytechnic","ward","Bambam","North East","Gombe","Balanga","Bambam","","13","13","8","3","3","0","0","5","5","0"
"2019/2020","Male","disabled","WAEC","Polytechnic","ward","Dadiya","North East","Gombe","Balanga","Dadiya","","24","24","13","3","3","0","0","11","10","0"
"2019/2020","Male","disabled","WAEC","Polytechnic","ward","Ajiya","North East","Gombe","Gombe","Ajiya","","56","56","28","9","9","0","0","28","20","0"
"2019/2020","Male","disabled","WAEC","Polytechnic","ward","Bajoga","North East","Gombe","Gombe","Bajoga","","62","62","31","9","10","0","0","31","22","0"
"2019/2020","Male","disabled","WAEC","Polytechnic","ward","Bolari East","North East","Gombe","Gombe","Bolari East","","44","44","22","6","6","0","0","22","16","0"
"2019/2020","Male","disabled","WAEC","Polytechnic","ward","Bule / Kaltin","North East","Gombe","Kaltungo","Bule / Kaltin","","20","20","10","3","3","0","0","10","8","0"
"2019/2020","Male","disabled","WAEC","Polytechnic","ward","Kaltungo East","North East","Gombe","Kaltungo","Kaltungo East","","29","29","15","3","3","0","0","14","13","0"
"2019/2020","Male","disabled","WAEC","Polytechnic","ward","Barwo / Nasarawo","North East","Gombe","Nafada","Barwo / Nasarawo","","76","76","41","9","9","0","0","35","32","0"
"2019/2020","Male","disabled","WAEC","Polytechnic","ward","Birin Bolewa","North East","Gombe","Nafada","Birin Bolewa","","57","56","31","9","10","0","1","25","22","0"
"2019/2020","Male","disabled","WAEC","Polytechnic","ward","Deba","North East","Gombe","Yamaltu/Deba","Deba","","30","30","17","6","6","0","0","13","11","0"
"2019/2020","Male","disabled","WAEC","Polytechnic","ward","Difa / Lubo / Kinafa","North East","Gombe","Yamaltu/Deba","Difa / Lubo / Kinafa","","11","11","6","0","0","0","0","5","6","0"
"2019/2020","Male","disabled","WAEC","University","ward","Bambam","North East","Gombe","Balanga","Bambam","","11","11","6","3","3","0","0","5","3","0"
"2019/2020","Male","disabled","WAEC","University","ward","Bangu","North East","Gombe","Balanga","Bangu","","41","41","22","6","6","0","0","19","16","0"
"2019/2020","Male","disabled","WAEC","University","ward","Dadiya","North East","Gombe","Balanga","Dadiya","","27","27","15","3","3","0","0","12","13","0"
"2019/2020","Male","disabled","WAEC","University","ward","Bajoga","North East","Gombe","Gombe","Bajoga","","22","22","12","3","3","0","0","10","9","0"
"2019/2020","Male","disabled","WAEC","University","ward","Awak","North East","Gombe","Kaltungo","Awak","","39","39","22","9","10","0","0","17","13","0"
"2019/2020","Male","disabled","WAEC","University","ward","Bule / Kaltin","North East","Gombe","Kaltungo","Bule / Kaltin","","42","42","23","6","7","0","0","19","18","0"
"2019/2020","Male","disabled","WAEC","University","ward","Kaltungo East","North East","Gombe","Kaltungo","Kaltungo East","","54","54","29","6","7","0","0","25","23","0"
"2019/2020","Male","disabled","WAEC","University","ward","Difa / Lubo / Kinafa","North East","Gombe","Yamaltu/Deba","Difa / Lubo / Kinafa","","31","31","17","3","3","0","0","14","15","0"
"2019/2020","Male","disabled","WAEC","University","ward","Gwani / Shinga / Wade","North East","Gombe","Yamaltu/Deba","Gwani / Shinga / Wade","","11","11","6","3","3","0","0","5","3","0"
"2020/2021","Female","all","NABTEB","College of Education","ward","Bambam","North East","Gombe","Balanga","Bambam","","146","144","86","31","28","4","2","58","56","4"
"2020/2021","Female","all","NABTEB","College of Education","ward","Bangu","North East","Gombe","Balanga","Bangu","","115","113","71","26","28","0","2","42","45","0"
"2020/2021","Female","all","NABTEB","College of Education","ward","Dadiya","North East","Gombe","Balanga","Dadiya","","184","181","102","31","28","4","3","79","71","4"
"2020/2021","Female","all","NABTEB","College of Education","ward","Ajiya","North East","Gombe","Gombe","Ajiya","","107","105","63","27","24","3","2","42","37","3"
"2020/2021","Female","all","NABTEB","College of Education","ward","Bolari East","North East","Gombe","Gombe","Bolari East","","63","62","35","13","14","0","1","27","23","0"
"2020/2021","Female","all","NABTEB","College of Education","ward","Awak","North East","Gombe","Kaltungo","Awak","","159","157","94","40","33","7","2","63","54","7"
"2020/2021","Female","all","NABTEB","College of Education","ward","Kaltungo East","North East","Gombe","Kaltungo","Kaltungo East","","63","62","35","9","10","0","1","27","27","0"
"2020/2021","Female","all","NABTEB","College of Education","ward","Barwo / Nasarawo","North East","Gombe","Nafada","Barwo / Nasarawo","","96","95","53","13","10","3","1","42","41","3"
"2020/2021","Female","all","NABTEB","College of Education","ward","Barwo Winde","North East","Gombe","Nafada","Barwo Winde","","277","272","160","54","53","3","5","112","107","3"
"2020/2021","Female","all","NABTEB","College of Education","ward","Birin Bolewa","North East","Gombe","Nafada","Birin Bolewa","","164","162","100","44","38","6","2","62","56","6"
"2020/2021","Female","all","NABTEB","College of Education","ward","Deba","North East","Gombe","Yamaltu/Deba","Deba","","213","210","126","40","34","6","3","84","86","6"
"2020/2021","Female","all","NABTEB","College of Education","ward","Difa / Lubo / Kinafa","North East","Gombe","Yamaltu/Deba","Difa / Lubo / Kinafa","","194","192","117","49","43","6","2","75","68","6"
"2020/2021","Female","all","NABTEB","College of Education","ward","Gwani / Shinga / Wade","North East","Gombe","Yamaltu/Deba","Gwani / Shinga / Wade","","286","282","171","62","52","10","4","111","109","10"
"2020/2021","Female","all","NABTEB","Polytechnic","ward","Bambam","North East","Gombe","Balanga","Bambam","","62","61","36","9","9","0","1","25","27","0"
"2020/2021","Female","all","NABTEB","Polytechnic","ward","Dadiya","North East","Gombe","Balanga","Dadiya","","124","122","79","27","24","3","2","43","52","3"
"2020/2021","Female","all","NABTEB","Polytechnic","ward","Ajiya","North East","Gombe","Gombe","Ajiya","","257","253","144","40","37","4","4","109","105","4"
"2020/2021","Female","all","NABTEB","Polytechnic","ward","Bajoga","North East","Gombe","Gombe","Bajoga","","322","317","191","62","58","5","5","126","129","5"
"2020/2021","Female","all","NABTEB","Polytechnic","ward","Bolari East","North East","Gombe","Gombe","Bolari East","","202","199","115","40","38","4","3","84","75","4"
"2020/2021","Female","all","NABTEB","Polytechnic","ward","Bule / Kaltin","North East","Gombe","Kaltungo","Bule / Kaltin","","75","74","45","22","19","3","1","29","24","3"
"2020/2021","Female","all","NABTEB","Polytechnic","ward","Kaltungo East","North East","Gombe","Kaltungo","Kaltungo East","","93","92","50","13","10","3","1","42","37","3"
"2020/2021","Female","all","NABTEB","Polytechnic","ward","Barwo / Nasarawo","North East","Gombe","Nafada","Barwo / Nasarawo","","283","279","158","49","38","11","4","121","109","11"
"2020/2021","Female","all","NABTEB","Polytechnic","ward","Birin Bolewa","North East","Gombe","Nafada","Birin Bolewa","","190","187","119","53","48","5","3","68","67","5"
"2020/2021","Female","all","NABTEB","Polytechnic","ward","Deba","North East","Gombe","Yamaltu/Deba","Deba","","126","124","74","31","28","4","2","50","43","4"
"2020/2021","Female","all","NABTEB","Polytechnic","ward","Difa / Lubo / Kinafa","North East","Gombe","Yamaltu/Deba","Difa / Lubo / Kinafa","","61","60","37","13","14","0","1","23","25","0"
"2020/2021","Female","all","NABTEB","University","ward","Bambam","North East","Gombe","Balanga","Bambam","","58","57","35","13","14","0","1","22","22","0"
"2020/2021","Female","all","NABTEB","University","ward","Bangu","North East","Gombe","Balanga","Bangu","","143","140","80","31","28","3","3","60","50","3"
"2020/2021","Female","all","NABTEB","University","ward","Dadiya","North East","Gombe","Balanga","Dadiya","","112","110","69","22","19","3","2","41","47","3"
"2020/2021","Female","all","NABTEB","University","ward","Bajoga","North East","Gombe","Gombe","Bajoga","","92","91","53","13","9","4","1","38","41","4"
"2020/2021","Female","all","NABTEB","University","ward","Awak","North East","Gombe","Kaltungo","Awak","","195","192","113","45","38","7","3","79","69","7"
"2020/2021","Female","all","NABTEB","University","ward","Bule / Kaltin","North East","Gombe","Kaltungo","Bule / Kaltin","","200","197","120","35","34","3","3","77","85","3"
"2020/2021","Female","all","NABTEB","University","ward","Kaltungo East","North East","Gombe","Kaltungo","Kaltungo East","","190","188","112","35","29","6","2","76","77","6"
"2020/2021","Female","all","NABTEB","University","ward","Difa / Lubo / Kinafa","North East","Gombe","Yamaltu/Deba","Difa / Lubo / Kinafa","","93","92","53","18","14","4","1","39","35","4"
"2020/2021","Female","all","NABTEB","University","ward","Gwani / Shinga / Wade","North East","Gombe","Yamaltu/Deba","Gwani / Shinga / Wade","","67","66","41","9","10","0","1","25","32","0"
"2020/2021","Female","all","NECO","College of Education","ward","Bambam","North East","Gombe","Balanga","Bambam","","304","299","176","66","62","4","5","123","111","4"
"2020/2021","Female","all","NECO","College of Education","ward","Bangu","North East","Gombe","Balanga","Bangu","","193","191","116","46","40","6","2","75","71","6"
"2020/2021","Female","all","NECO","College of Education","ward","Dadiya","North East","Gombe","Balanga","Dadiya","","319","314","183","74","72","2","5","131","110","2"
"2020/2021","Female","all","NECO","College of Education","ward","Ajiya","North East","Gombe","Gombe","Ajiya","","232","229","137","50","45","5","3","92","88","5"
"2020/2021","Female","all","NECO","College of Education","ward","Bolari East","North East","Gombe","Gombe","Bolari East","","139","137","82","33","31","2","2","55","50","2"
"2020/2021","Female","all","NECO","College of Education","ward","Awak","North East","Gombe","Kaltungo","Awak","","308","304","183","79","67","12","4","121","104","12"
"2020/2021","Female","all","NECO","College of Education","ward","Kaltungo East","North East","Gombe","Kaltungo","Kaltungo East","","99","98","56","17","13","4","1","42","39","4"
"2020/2021","Female","all","NECO","College of Education","ward","Barwo / Nasarawo","North East","Gombe","Nafada","Barwo / Nasarawo","","155","153","84","33","31","2","2","69","52","2"
"2020/2021","Female","all","NECO","College of Education","ward","Barwo Winde","North East","Gombe","Nafada","Barwo Winde","","529","521","319","121","107","14","8","202","198","14"
"2020/2021","Female","all","NECO","College of Education","ward","Birin Bolewa","North East","Gombe","Nafada","Birin Bolewa","","311","307","191","79","72","7","4","116","113","7"
"2020/2021","Female","all","NECO","College of Education","ward","Deba","North East","Gombe","Yamaltu/Deba","Deba","","382","377","226","91","85","6","5","151","135","6"
"2020/2021","Female","all","NECO","College of Education","ward","Difa / Lubo / Kinafa","North East","Gombe","Yamaltu/Deba","Difa / Lubo / Kinafa","","353","347","213","87","76","12","6","134","125","12"
"2020/2021","Female","all","NECO","College of Education","ward","Gwani / Shinga / Wade","North East","Gombe","Yamaltu/Deba","Gwani / Shinga / Wade","","536","528","320","125","116","9","8","208","195","9"
"2020/2021","Female","all","NECO","Polytechnic","ward","Bambam","North East","Gombe","Balanga","Bambam","","97","96","59","21","18","3","1","37","39","3"
"2020/2021","Female","all","NECO","Polytechnic","ward","Dadiya","North East","Gombe","Balanga","Dadiya","","196","193","121","46","40","6","3","72","75","6"
"2020/2021","Female","all","NECO","Polytechnic","ward","Ajiya","North East","Gombe","Gombe","Ajiya","","470","463","280","90","79","11","7","183","190","11"
"2020/2021","Female","all","NECO","Polytechnic","ward","Bajoga","North East","Gombe","Gombe","Bajoga","","541","534","307","125","112","13","7","227","183","13"
"2020/2021","Female","all","NECO","Polytechnic","ward","Bolari East","North East","Gombe","Gombe","Bolari East","","362","357","208","79","71","8","5","149","130","8"
"2020/2021","Female","all","NECO","Polytechnic","ward","Bule / Kaltin","North East","Gombe","Kaltungo","Bule / Kaltin","","160","158","98","37","31","6","2","60","62","6"
"2020/2021","Female","all","NECO","Polytechnic","ward","Kaltungo East","North East","Gombe","Kaltungo","Kaltungo East","","168","166","94","29","27","2","2","72","65","2"
"2020/2021","Female","all","NECO","Polytechnic","ward","Barwo / Nasarawo","North East","Gombe","Nafada","Barwo / Nasarawo","","567","558","323","117","99","18","9","235","207","18"
"2020/2021","Female","all","NECO","Polytechnic","ward","Birin Bolewa","North East","Gombe","Nafada","Birin Bolewa","","355","349","214","84","76","8","6","135","130","8"
"2020/2021","Female","all","NECO","Polytechnic","ward","Deba","North East","Gombe","Yamaltu/Deba","Deba","","232","229","143","57","54","4","3","86","85","4"
"2020/2021","Female","all","NECO","Polytechnic","ward","Difa / Lubo / Kinafa","North East","Gombe","Yamaltu/Deba","Difa / Lubo / Kinafa","","97","96","54","21","18","3","1","42","34","3"
"2020/2021","Female","all","NECO","University","ward","Bambam","North East","Gombe","Balanga","Bambam","","99","98","61","21","18","3","1","37","40","3"
"2020/2021","Female","all","NECO","University","ward","Bangu","North East","Gombe","Balanga","Bangu","","302","298","164","54","44","10","4","134","111","10"
"2020/2021","Female","all","NECO","University","ward","Dadiya","North East","Gombe","Balanga","Dadiya","","186","183","102","33","31","2","3","81","70","2"
"2020/2021","Female","all","NECO","University","ward","Bajoga","North East","Gombe","Gombe","Bajoga","","191","188","109","42","36","6","3","79","68","6"
"2020/2021","Female","all","NECO","University","ward","Awak","North East","Gombe","Kaltungo","Awak","","369","364","229","91","85","6","5","135","138","6"
"2020/2021","Female","all","NECO","University","ward","Bule / Kaltin","North East","Gombe","Kaltungo","Bule / Kaltin","","366","360","213","87","76","11","6","147","126","11"
"2020/2021","Female","all","NECO","University","ward","Kaltungo East","North East","Gombe","Kaltungo","Kaltungo East","","383","377","213","71","63","8","6","164","142","8"
"2020/2021","Female","all","NECO","University","ward","Difa / Lubo / Kinafa","North East","Gombe","Yamaltu/Deba","Difa / Lubo / Kinafa","","181","178","100","37","36","1","3","78","64","1"
"2020/2021","Female","all","NECO","University","ward","Gwani / Shinga / Wade","North East","Gombe","Yamaltu/Deba","Gwani / Shinga / Wade","","118","116","68","21","18","3","2","48","47","3"
"2020/2021","Female","all","WAEC","College of Education","ward","Bambam","North East","Gombe","Balanga","Bambam","","388","382","231","78","70","8","6","151","153","8"
"2020/2021","Female","all","WAEC","College of Education","ward","Bangu","North East","Gombe","Balanga","Bangu","","221","217","129","50","46","4","4","88","79","4"
"2020/2021","Female","all","WAEC","College of Education","ward","Dadiya","North East","Gombe","Balanga","Dadiya","","476","469","279","96","89","7","7","190","183","7"
"2020/2021","Female","all","WAEC","College of Education","ward","Ajiya","North East","Gombe","Gombe","Ajiya","","276","272","162","59","53","6","4","110","104","6"
"2020/2021","Female","all","WAEC","College of Education","ward","Bolari East","North East","Gombe","Gombe","Bolari East","","175","172","104","36","32","4","3","68","68","4"
"2020/2021","Female","all","WAEC","College of Education","ward","Awak","North East","Gombe","Kaltungo","Awak","","410","403","244","93","82","11","7","159","151","11"
"2020/2021","Female","all","WAEC","College of Education","ward","Kaltungo East","North East","Gombe","Kaltungo","Kaltungo East","","150","148","80","30","28","2","2","68","51","2"
"2020/2021","Female","all","WAEC","College of Education","ward","Barwo / Nasarawo","North East","Gombe","Nafada","Barwo / Nasarawo","","215","212","123","36","32","4","3","89","88","4"
"2020/2021","Female","all","WAEC","College of Education","ward","Barwo Winde","North East","Gombe","Nafada","Barwo Winde","","660","651","396","155","138","17","9","255","242","17"
"2020/2021","Female","all","WAEC","College of Education","ward","Birin Bolewa","North East","Gombe","Nafada","Birin Bolewa","","354","349","221","86","78","8","5","128","135","8"
"2020/2021","Female","all","WAEC","College of Education","ward","Deba","North East","Gombe","Yamaltu/Deba","Deba","","546","538","324","112","99","13","8","214","212","13"
"2020/2021","Female","all","WAEC","College of Education","ward","Difa / Lubo / Kinafa","North East","Gombe","Yamaltu/Deba","Difa / Lubo / Kinafa","","458","451","275","99","92","7","7","176","176","7"
"2020/2021","Female","all","WAEC","College of Education","ward","Gwani / Shinga / Wade","North East","Gombe","Yamaltu/Deba","Gwani / Shinga / Wade","","719","709","433","162","143","19","10","276","271","19"
"2020/2021","Female","all","WAEC","Polytechnic","ward","Bambam","North East","Gombe","Balanga","Bambam","","128","126","75","30","28","2","2","51","46","2"
"2020/2021","Female","all","WAEC","Polytechnic","ward","Dadiya","North East","Gombe","Balanga","Dadiya","","267","263","161","53","46","7","4","102","108","7"
"2020/2021","Female","all","WAEC","Polytechnic","ward","Ajiya","North East","Gombe","Gombe","Ajiya","","589","580","334","105","95","11","9","246","229","11"
"2020/2021","Female","all","WAEC","Polytechnic","ward","Bajoga","North East","Gombe","Gombe","Bajoga","","743","733","438","148","135","13","10","295","291","13"
"2020/2021","Female","all","WAEC","Polytechnic","ward","Bolari East","North East","Gombe","Gombe","Bolari East","","451","445","261","96","88","8","6","184","165","8"
"2020/2021","Female","all","WAEC","Polytechnic","ward","Bule / Kaltin","North East","Gombe","Kaltungo","Bule / Kaltin","","223","220","129","46","43","3","3","91","84","3"
"2020/2021","Female","all","WAEC","Polytechnic","ward","Kaltungo East","North East","Gombe","Kaltungo","Kaltungo East","","254","250","148","46","39","7","4","102","103","7"
"2020/2021","Female","all","WAEC","Polytechnic","ward","Barwo / Nasarawo","North East","Gombe","Nafada","Barwo / Nasarawo","","696","686","394","119","107","12","10","292","275","12"
"2020/2021","Female","all","WAEC","Polytechnic","ward","Birin Bolewa","North East","Gombe","Nafada","Birin Bolewa","","449","442","263","106","96","10","7","179","157","10"
"2020/2021","Female","all","WAEC","Polytechnic","ward","Deba","North East","Gombe","Yamaltu/Deba","Deba","","334","329","199","83","74","9","5","130","117","9"
"2020/2021","Female","all","WAEC","Polytechnic","ward","Difa / Lubo / Kinafa","North East","Gombe","Yamaltu/Deba","Difa / Lubo / Kinafa","","117","115","65","23","21","2","2","50","42","2"
"2020/2021","Female","all","WAEC","University","ward","Bambam","North East","Gombe","Balanga","Bambam","","135","133","82","33","28","5","2","51","50","5"
"2020/2021","Female","all","WAEC","University","ward","Bangu","North East","Gombe","Balanga","Bangu","","361","356","198","73","64","9","5","158","126","9"
"2020/2021","Female","all","WAEC","University","ward","Dadiya","North East","Gombe","Balanga","Dadiya","","293","289","172","56","50","6","4","117","117","6"
"2020/2021","Female","all","WAEC","University","ward","Bajoga","North East","Gombe","Gombe","Bajoga","","232","229","137","43","39","4","3","92","94","4"
"2020/2021","Female","all","WAEC","University","ward","Awak","North East","Gombe","Kaltungo","Awak","","488","481","298","116","107","9","7","183","182","9"
"2020/2021","Female","all","WAEC","University","ward","Bule / Kaltin","North East","Gombe","Kaltungo","Bule / Kaltin","","481","474","273","99","89","10","7","201","174","10"
"2020/2021","Female","all","WAEC","University","ward","Kaltungo East","North East","Gombe","Kaltungo","Kaltungo East","","462","456","267","96","86","10","6","189","172","10"
"2020/2021","Female","all","WAEC","University","ward","Difa / Lubo / Kinafa","North East","Gombe","Yamaltu/Deba","Difa / Lubo / Kinafa","","291","287","168","59","53","6","4","119","110","6"
"2020/2021","Female","all","WAEC","University","ward","Gwani / Shinga / Wade","North East","Gombe","Yamaltu/Deba","Gwani / Shinga / Wade","","160","158","88","30","25","5","2","70","59","5"
"2020/2021","Female","disabled","NABTEB","College of Education","ward","Bambam","North East","Gombe","Balanga","Bambam","","17","17","9","8","9","0","0","8","2","0"
"2020/2021","Female","disabled","NABTEB","College of Education","ward","Bangu","North East","Gombe","Balanga","Bangu","","17","17","9","8","9","0","0","8","2","0"
"2020/2021","Female","disabled","NABTEB","College of Education","ward","Dadiya","North East","Gombe","Balanga","Dadiya","","17","17","9","5","5","0","0","8","5","0"
"2020/2021","Female","disabled","NABTEB","College of Education","ward","Ajiya","North East","Gombe","Gombe","Ajiya","","8","8","4","4","4","0","0","4","1","0"
"2020/2021","Female","disabled","NABTEB","College of Education","ward","Bolari East","North East","Gombe","Gombe","Bolari East","","8","8","4","4","4","0","0","4","0","0"
"2020/2021","Female","disabled","NABTEB","College of Education","ward","Awak","North East","Gombe","Kaltungo","Awak","","17","17","9","8","9","0","0","8","2","0"
"2020/2021","Female","disabled","NABTEB","College of Education","ward","Kaltungo East","North East","Gombe","Kaltungo","Kaltungo East","","8","8","4","0","0","0","0","4","4","0"
"2020/2021","Female","disabled","NABTEB","College of Education","ward","Barwo / Nasarawo","North East","Gombe","Nafada","Barwo / Nasarawo","","10","10","4","0","0","0","0","6","4","0"
"2020/2021","Female","disabled","NABTEB","College of Education","ward","Barwo Winde","North East","Gombe","Nafada","Barwo Winde","","40","40","22","10","10","0","0","18","13","0"
"2020/2021","Female","disabled","NABTEB","College of Education","ward","Birin Bolewa","North East","Gombe","Nafada","Birin Bolewa","","19","19","12","9","9","0","0","7","3","0"
"2020/2021","Female","disabled","NABTEB","College of Education","ward","Deba","North East","Gombe","Yamaltu/Deba","Deba","","20","20","12","4","5","0","0","8","9","0"
"2020/2021","Female","disabled","NABTEB","College of Education","ward","Difa / Lubo / Kinafa","North East","Gombe","Yamaltu/Deba","Difa / Lubo / Kinafa","","20","20","10","10","10","0","0","10","0","0"
"2020/2021","Female","disabled","NABTEB","College of Education","ward","Gwani / Shinga / Wade","North East","Gombe","Yamaltu/Deba","Gwani / Shinga / Wade","","26","26","14","8","10","0","0","12","7","0"
"2020/2021","Female","disabled","NABTEB","Polytechnic","ward","Bambam","North East","Gombe","Balanga","Bambam","","8","8","4","0","0","0","0","4","4","0"
"2020/2021","Female","disabled","NABTEB","Polytechnic","ward","Dadiya","North East","Gombe","Balanga","Dadiya","","10","10","7","3","4","0","0","3","3","0"
"2020/2021","Female","disabled","NABTEB","Polytechnic","ward","Ajiya","North East","Gombe","Gombe","Ajiya","","26","26","14","4","5","0","0","12","11","0"
"2020/2021","Female","disabled","NABTEB","Polytechnic","ward","Bajoga","North East","Gombe","Gombe","Bajoga","","33","33","19","5","5","0","0","14","14","0"
"2020/2021","Female","disabled","NABTEB","Polytechnic","ward","Bolari East","North East","Gombe","Gombe","Bolari East","","26","26","13","9","9","0","0","13","4","0"
"2020/2021","Female","disabled","NABTEB","Polytechnic","ward","Bule / Kaltin","North East","Gombe","Kaltungo","Bule / Kaltin","","8","8","4","3","4","0","0","4","1","0"
"2020/2021","Female","disabled","NABTEB","Polytechnic","ward","Kaltungo East","North East","Gombe","Kaltungo","Kaltungo East","","10","10","4","0","0","0","0","6","4","0"
"2020/2021","Female","disabled","NABTEB","Polytechnic","ward","Barwo / Nasarawo","North East","Gombe","Nafada","Barwo / Nasarawo","","28","28","14","5","5","0","0","14","9","0"
"2020/2021","Female","disabled","NABTEB","Polytechnic","ward","Birin Bolewa","North East","Gombe","Nafada","Birin Bolewa","","20","20","12","9","10","0","0","8","4","0"
"2020/2021","Female","disabled","NABTEB","Polytechnic","ward","Deba","North East","Gombe","Yamaltu/Deba","Deba","","17","17","9","8","9","0","0","8","2","0"
"2020/2021","Female","disabled","NABTEB","Polytechnic","ward","Difa / Lubo / Kinafa","North East","Gombe","Yamaltu/Deba","Difa / Lubo / Kinafa","","8","8","4","4","4","0","0","4","0","0"
"2020/2021","Female","disabled","NABTEB","University","ward","Bambam","North East","Gombe","Balanga","Bambam","","8","8","4","4","4","0","0","4","0","0"
"2020/2021","Female","disabled","NABTEB","University","ward","Bangu","North East","Gombe","Balanga","Bangu","","21","21","12","8","9","0","0","9","4","0"
"2020/2021","Female","disabled","NABTEB","University","ward","Dadiya","North East","Gombe","Balanga","Dadiya","","12","12","7","3","4","0","0","5","3","0"
"2020/2021","Female","disabled","NABTEB","University","ward","Bajoga","North East","Gombe","Gombe","Bajoga","","8","8","4","0","0","0","0","4","4","0"
"2020/2021","Female","disabled","NABTEB","University","ward","Awak","North East","Gombe","Kaltungo","Awak","","17","17","9","8","9","0","0","8","2","0"
"2020/2021","Female","disabled","NABTEB","University","ward","Bule / Kaltin","North East","Gombe","Kaltungo","Bule / Kaltin","","26","26","13","4","4","0","0","13","10","0"
"2020/2021","Female","disabled","NABTEB","University","ward","Kaltungo East","North East","Gombe","Kaltungo","Kaltungo East","","24","24","15","5","5","0","0","9","10","0"
"2020/2021","Female","disabled","NABTEB","University","ward","Difa / Lubo / Kinafa","North East","Gombe","Yamaltu/Deba","Difa / Lubo / Kinafa","","10","10","4","0","0","0","0","6","4","0"
"2020/2021","Female","disabled","NABTEB","University","ward","Gwani / Shinga / Wade","North East","Gombe","Yamaltu/Deba","Gwani / Shinga / Wade","","8","8","4","0","0","0","0","4","4","0"
"2020/2021","Female","disabled","NECO","College of Education","ward","Bambam","North East","Gombe","Balanga","Bambam","","35","35","20","8","10","0","0","15","12","0"
"2020/2021","Female","disabled","NECO","College of Education","ward","Bangu","North East","Gombe","Balanga","Bangu","","23","23","14","8","10","0","0","9","6","0"
"2020/2021","Female","disabled","NECO","College of Education","ward","Dadiya","North East","Gombe","Balanga","Dadiya","","28","28","16","8","10","0","0","12","8","0"
"2020/2021","Female","disabled","NECO","College of Education","ward","Ajiya","North East","Gombe","Gombe","Ajiya","","20","20","10","4","5","0","0","10","7","0"
"2020/2021","Female","disabled","NECO","College of Education","ward","Bolari East","North East","Gombe","Gombe","Bolari East","","9","9","4","4","4","0","0","4","1","0"
"2020/2021","Female","disabled","NECO","College of Education","ward","Awak","North East","Gombe","Kaltungo","Awak","","28","28","16","8","10","0","0","12","8","0"
"2020/2021","Female","disabled","NECO","College of Education","ward","Kaltungo East","North East","Gombe","Kaltungo","Kaltungo East","","10","10","7","0","0","0","0","3","7","0"
"2020/2021","Female","disabled","NECO","College of Education","ward","Barwo / Nasarawo","North East","Gombe","Nafada","Barwo / Nasarawo","","18","18","9","4","4","0","0","9","5","0"
"2020/2021","Female","disabled","NECO","College of Education","ward","Barwo Winde","North East","Gombe","Nafada","Barwo Winde","","65","65","36","12","15","0","0","29","24","0"
"2020/2021","Female","disabled","NECO","College of Education","ward","Birin Bolewa","North East","Gombe","Nafada","Birin Bolewa","","39","39","22","8","10","0","0","17","14","0"
"2020/2021","Female","disabled","NECO","College of Education","ward","Deba","North East","Gombe","Yamaltu/Deba","Deba","","35","35","20","8","8","0","0","15","12","0"
"2020/2021","Female","disabled","NECO","College of Education","ward","Difa / Lubo / Kinafa","North East","Gombe","Yamaltu/Deba","Difa / Lubo / Kinafa","","38","38","19","8","9","0","0","19","12","0"
"2020/2021","Female","disabled","NECO","College of Education","ward","Gwani / Shinga / Wade","North East","Gombe","Yamaltu/Deba","Gwani / Shinga / Wade","","46","46","25","8","10","0","0","21","17","0"
"2020/2021","Female","disabled","NECO","Polytechnic","ward","Bambam","North East","Gombe","Balanga","Bambam","","10","10","7","4","5","0","0","3","3","0"
"2020/2021","Female","disabled","NECO","Polytechnic","ward","Dadiya","North East","Gombe","Balanga","Dadiya","","19","19","10","4","5","0","0","9","6","0"
"2020/2021","Female","disabled","NECO","Polytechnic","ward","Ajiya","North East","Gombe","Gombe","Ajiya","","46","46","25","8","10","0","0","21","17","0"
"2020/2021","Female","disabled","NECO","Polytechnic","ward","Bajoga","North East","Gombe","Gombe","Bajoga","","62","62","34","12","14","0","0","28","22","0"
"2020/2021","Female","disabled","NECO","Polytechnic","ward","Bolari East","North East","Gombe","Gombe","Bolari East","","37","37","21","11","14","0","0","16","10","0"
"2020/2021","Female","disabled","NECO","Polytechnic","ward","Bule / Kaltin","North East","Gombe","Kaltungo","Bule / Kaltin","","18","18","11","4","5","0","0","7","7","0"
"2020/2021","Female","disabled","NECO","Polytechnic","ward","Kaltungo East","North East","Gombe","Kaltungo","Kaltungo East","","22","22","11","4","4","0","0","11","7","0"
"2020/2021","Female","disabled","NECO","Polytechnic","ward","Barwo / Nasarawo","North East","Gombe","Nafada","Barwo / Nasarawo","","61","61","29","8","8","0","0","32","21","0"
"2020/2021","Female","disabled","NECO","Polytechnic","ward","Birin Bolewa","North East","Gombe","Nafada","Birin Bolewa","","36","36","22","8","8","0","0","14","14","0"
"2020/2021","Female","disabled","NECO","Polytechnic","ward","Deba","North East","Gombe","Yamaltu/Deba","Deba","","28","28","16","8","8","0","0","12","8","0"
"2020/2021","Female","disabled","NECO","Polytechnic","ward","Difa / Lubo / Kinafa","North East","Gombe","Yamaltu/Deba","Difa / Lubo / Kinafa","","8","8","6","3","4","0","0","2","2","0"
"2020/2021","Female","disabled","NECO","University","ward","Bambam","North East","Gombe","Balanga","Bambam","","10","10","7","4","5","0","0","3","3","0"
"2020/2021","Female","disabled","NECO","University","ward","Bangu","North East","Gombe","Balanga","Bangu","","41","41","21","8","10","0","0","20","13","0"
"2020/2021","Female","disabled","NECO","University","ward","Dadiya","North East","Gombe","Balanga","Dadiya","","22","22","13","4","5","0","0","9","10","0"
"2020/2021","Female","disabled","NECO","University","ward","Bajoga","North East","Gombe","Gombe","Bajoga","","20","20","10","4","5","0","0","10","7","0"
"2020/2021","Female","disabled","NECO","University","ward","Awak","North East","Gombe","Kaltungo","Awak","","33","33","21","4","5","0","0","12","17","0"
"2020/2021","Female","disabled","NECO","University","ward","Bule / Kaltin","North East","Gombe","Kaltungo","Bule / Kaltin","","36","36","21","8","10","0","0","15","13","0"
"2020/2021","Female","disabled","NECO","University","ward","Kaltungo East","North East","Gombe","Kaltungo","Kaltungo East","","44","44","24","8","8","0","0","20","16","0"
"2020/2021","Female","disabled","NECO","University","ward","Difa / Lubo / Kinafa","North East","Gombe","Yamaltu/Deba","Difa / Lubo / Kinafa","","22","22","13","4","4","0","0","9","10","0"
"2020/2021","Female","disabled","NECO","University","ward","Gwani / Shinga / Wade","North East","Gombe","Yamaltu/Deba","Gwani / Shinga / Wade","","10","10","5","0","0","0","0","5","5","0"
"2020/2021","Female","disabled","WAEC","College of Education","ward","Bambam","North East","Gombe","Balanga","Bambam","","45","45","23","6","8","0","0","22","17","0"
"2020/2021","Female","disabled","WAEC","College of Education","ward","Bangu","North East","Gombe","Balanga","Bangu","","23","23","13","6","6","0","0","10","7","0"
"2020/2021","Female","disabled","WAEC","College of Education","ward","Dadiya","North East","Gombe","Balanga","Dadiya","","41","41","21","6","7","0","0","20","16","0"
"2020/2021","Female","disabled","WAEC","College of Education","ward","Ajiya","North East","Gombe","Gombe","Ajiya","","22","22","12","3","4","0","0","10","9","0"
"2020/2021","Female","disabled","WAEC","College of Education","ward","Bolari East","North East","Gombe","Gombe","Bolari East","","10","10","7","2","3","0","0","3","4","0"
"2020/2021","Female","disabled","WAEC","College of Education","ward","Awak","North East","Gombe","Kaltungo","Awak","","38","38","21","6","8","0","0","17","16","0"
"2020/2021","Female","disabled","WAEC","College of Education","ward","Kaltungo East","North East","Gombe","Kaltungo","Kaltungo East","","15","15","8","3","4","0","0","7","5","0"
"2020/2021","Female","disabled","WAEC","College of Education","ward","Barwo / Nasarawo","North East","Gombe","Nafada","Barwo / Nasarawo","","25","25","14","3","4","0","0","11","11","0"
"2020/2021","Female","disabled","WAEC","College of Education","ward","Barwo Winde","North East","Gombe","Nafada","Barwo Winde","","80","79","42","16","16","0","1","37","27","0"
"2020/2021","Female","disabled","WAEC","College of Education","ward","Birin Bolewa","North East","Gombe","Nafada","Birin Bolewa","","45","45","26","6","8","0","0","19","20","0"
"2020/2021","Female","disabled","WAEC","College of Education","ward","Deba","North East","Gombe","Yamaltu/Deba","Deba","","48","48","25","6","7","0","0","23","19","0"
"2020/2021","Female","disabled","WAEC","College of Education","ward","Difa / Lubo / Kinafa","North East","Gombe","Yamaltu/Deba","Difa / Lubo / Kinafa","","46","46","26","6","7","0","0","20","21","0"
"2020/2021","Female","disabled","WAEC","College of Education","ward","Gwani / Shinga / Wade","North East","Gombe","Yamaltu/Deba","Gwani / Shinga / Wade","","58","58","33","8","10","0","0","25","24","0"
"2020/2021","Female","disabled","WAEC","Polytechnic","ward","Bambam","North East","Gombe","Balanga","Bambam","","12","12","6","3","3","0","0","6","3","0"
"2020/2021","Female","disabled","WAEC","Polytechnic","ward","Dadiya","North East","Gombe","Balanga","Dadiya","","23","23","14","3","3","0","0","9","11","0"
"2020/2021","Female","disabled","WAEC","Polytechnic","ward","Ajiya","North East","Gombe","Gombe","Ajiya","","55","55","28","9","12","0","0","27","19","0"
"2020/2021","Female","disabled","WAEC","Polytechnic","ward","Bajoga","North East","Gombe","Gombe","Bajoga","","81","80","46","13","14","0","1","34","33","0"
"2020/2021","Female","disabled","WAEC","Polytechnic","ward","Bolari East","North East","Gombe","Gombe","Bolari East","","52","52","28","9","12","0","0","24","19","0"
"2020/2021","Female","disabled","WAEC","Polytechnic","ward","Bule / Kaltin","North East","Gombe","Kaltungo","Bule / Kaltin","","22","22","12","3","4","0","0","10","9","0"
"2020/2021","Female","disabled","WAEC","Polytechnic","ward","Kaltungo East","North East","Gombe","Kaltungo","Kaltungo East","","35","34","18","3","4","0","1","16","16","0"
"2020/2021","Female","disabled","WAEC","Polytechnic","ward","Barwo / Nasarawo","North East","Gombe","Nafada","Barwo / Nasarawo","","71","71","40","9","10","0","0","31","32","0"
"2020/2021","Female","disabled","WAEC","Polytechnic","ward","Birin Bolewa","North East","Gombe","Nafada","Birin Bolewa","","49","49","29","10","11","0","0","20","19","0"
"2020/2021","Female","disabled","WAEC","Polytechnic","ward","Deba","North East","Gombe","Yamaltu/Deba","Deba","","34","34","20","6","7","0","0","14","14","0"
"2020/2021","Female","disabled","WAEC","Polytechnic","ward","Difa / Lubo / Kinafa","North East","Gombe","Yamaltu/Deba","Difa / Lubo / Kinafa","","12","12","6","3","3","0","0","6","3","0"
"2020/2021","Female","disabled","WAEC","University","ward","Bambam","North East","Gombe","Balanga","Bambam","","12","12","6","3","3","0","0","6","3","0"
"2020/2021","Female","disabled","WAEC","University","ward","Bangu","North East","Gombe","Balanga","Bangu","","50","49","25","10","11","0","1","24","15","0"
"2020/2021","Female","disabled","WAEC","University","ward","Dadiya","North East","Gombe","Balanga","Dadiya","","32","32","19","3","3","0","0","13","16","0"
"2020/2021","Female","disabled","WAEC","University","ward","Bajoga","North East","Gombe","Gombe","Bajoga","","20","20","11","3","4","0","0","9","8","0"
"2020/2021","Female","disabled","WAEC","University","ward","Awak","North East","Gombe","Kaltungo","Awak","","39","39","20","6","8","0","0","19","14","0"
"2020/2021","Female","disabled","WAEC","University","ward","Bule / Kaltin","North East","Gombe","Kaltungo","Bule / Kaltin","","43","43","23","9","12","0","0","20","15","0"
"2020/2021","Female","disabled","WAEC","University","ward","Kaltungo East","North East","Gombe","Kaltungo","Kaltungo East","","53","53","28","10","10","0","0","25","18","0"
"2020/2021","Female","disabled","WAEC","University","ward","Difa / Lubo / Kinafa","North East","Gombe","Yamaltu/Deba","Difa / Lubo / Kinafa","","39","38","22","7","7","0","1","16","15","0"
"2020/2021","Female","disabled","WAEC","University","ward","Gwani / Shinga / Wade","North East","Gombe","Yamaltu/Deba","Gwani / Shinga / Wade","","10","10","5","2","3","0","0","5","2","0"
"2020/2021","Male","all","NABTEB","College of Education","ward","Bambam","North East","Gombe","Balanga","Bambam","","158","156","88","31","23","8","2","68","58","8"
"2020/2021","Male","all","NABTEB","College of Education","ward","Bangu","North East","Gombe","Balanga","Bangu","","112","110","63","22","23","0","2","47","42","0"
"2020/2021","Male","all","NABTEB","College of Education","ward","Dadiya","North East","Gombe","Balanga","Dadiya","","192","189","114","36","33","4","3","75","79","4"
"2020/2021","Male","all","NABTEB","College of Education","ward","Ajiya","North East","Gombe","Gombe","Ajiya","","114","112","63","22","19","3","2","49","42","3"
"2020/2021","Male","all","NABTEB","College of Education","ward","Bolari East","North East","Gombe","Gombe","Bolari East","","67","66","38","9","10","0","1","28","29","0"
"2020/2021","Male","all","NABTEB","College of Education","ward","Awak","North East","Gombe","Kaltungo","Awak","","176","174","105","26","18","8","2","69","79","8"
"2020/2021","Male","all","NABTEB","College of Education","ward","Kaltungo East","North East","Gombe","Kaltungo","Kaltungo East","","63","62","32","9","10","0","1","30","24","0"
"2020/2021","Male","all","NABTEB","College of Education","ward","Barwo / Nasarawo","North East","Gombe","Nafada","Barwo / Nasarawo","","89","88","50","13","10","3","1","38","38","3"
"2020/2021","Male","all","NABTEB","College of Education","ward","Barwo Winde","North East","Gombe","Nafada","Barwo Winde","","265","261","155","44","44","3","4","106","111","3"
"2020/2021","Male","all","NABTEB","College of Education","ward","Birin Bolewa","North East","Gombe","Nafada","Birin Bolewa","","178","176","110","40","33","7","2","66","70","7"
"2020/2021","Male","all","NABTEB","College of Education","ward","Deba","North East","Gombe","Yamaltu/Deba","Deba","","215","211","132","40","34","6","4","79","92","6"
"2020/2021","Male","all","NABTEB","College of Education","ward","Difa / Lubo / Kinafa","North East","Gombe","Yamaltu/Deba","Difa / Lubo / Kinafa","","204","201","124","45","38","7","3","77","80","7"
"2020/2021","Male","all","NABTEB","College of Education","ward","Gwani / Shinga / Wade","North East","Gombe","Yamaltu/Deba","Gwani / Shinga / Wade","","313","309","188","53","43","10","4","121","136","10"
"2020/2021","Male","all","NABTEB","Polytechnic","ward","Bambam","North East","Gombe","Balanga","Bambam","","69","68","38","9","9","0","1","30","29","0"
"2020/2021","Male","all","NABTEB","Polytechnic","ward","Dadiya","North East","Gombe","Balanga","Dadiya","","126","124","74","22","19","3","2","50","52","3"
"2020/2021","Male","all","NABTEB","Polytechnic","ward","Ajiya","North East","Gombe","Gombe","Ajiya","","284","280","154","39","29","10","4","126","115","10"
"2020/2021","Male","all","NABTEB","Polytechnic","ward","Bajoga","North East","Gombe","Gombe","Bajoga","","326","321","196","58","53","6","5","125","138","6"
"2020/2021","Male","all","NABTEB","Polytechnic","ward","Bolari East","North East","Gombe","Gombe","Bolari East","","218","215","123","31","29","4","3","92","92","4"
"2020/2021","Male","all","NABTEB","Polytechnic","ward","Bule / Kaltin","North East","Gombe","Kaltungo","Bule / Kaltin","","77","76","47","18","19","0","1","29","30","0"
"2020/2021","Male","all","NABTEB","Polytechnic","ward","Kaltungo East","North East","Gombe","Kaltungo","Kaltungo East","","114","112","65","13","10","3","2","47","53","3"
"2020/2021","Male","all","NABTEB","Polytechnic","ward","Barwo / Nasarawo","North East","Gombe","Nafada","Barwo / Nasarawo","","325","320","186","49","43","7","5","134","137","7"
"2020/2021","Male","all","NABTEB","Polytechnic","ward","Birin Bolewa","North East","Gombe","Nafada","Birin Bolewa","","221","217","137","54","48","6","4","80","84","6"
"2020/2021","Male","all","NABTEB","Polytechnic","ward","Deba","North East","Gombe","Yamaltu/Deba","Deba","","138","136","82","31","33","0","2","54","51","0"
"2020/2021","Male","all","NABTEB","Polytechnic","ward","Difa / Lubo / Kinafa","North East","Gombe","Yamaltu/Deba","Difa / Lubo / Kinafa","","73","72","42","9","10","0","1","30","34","0"
"2020/2021","Male","all","NABTEB","University","ward","Bambam","North East","Gombe","Balanga","Bambam","","69","68","41","9","9","0","1","27","32","0"
"2020/2021","Male","all","NABTEB","University","ward","Bangu","North East","Gombe","Balanga","Bangu","","148","145","84","22","19","4","3","61","62","4"
"2020/2021","Male","all","NABTEB","University","ward","Dadiya","North East","Gombe","Balanga","Dadiya","","109","107","58","13","9","4","2","49","46","4"
"2020/2021","Male","all","NABTEB","University","ward","Bajoga","North East","Gombe","Gombe","Bajoga","","97","96","51","9","9","0","1","45","42","0"
"2020/2021","Male","all","NABTEB","University","ward","Awak","North East","Gombe","Kaltungo","Awak","","204","201","124","40","33","7","3","77","85","7"
"2020/2021","Male","all","NABTEB","University","ward","Bule / Kaltin","North East","Gombe","Kaltungo","Bule / Kaltin","","209","206","119","35","33","4","3","87","85","4"
"2020/2021","Male","all","NABTEB","University","ward","Kaltungo East","North East","Gombe","Kaltungo","Kaltungo East","","221","218","125","31","29","3","3","93","94","3"
"2020/2021","Male","all","NABTEB","University","ward","Difa / Lubo / Kinafa","North East","Gombe","Yamaltu/Deba","Difa / Lubo / Kinafa","","110","108","61","13","14","0","2","47","48","0"
"2020/2021","Male","all","NABTEB","University","ward","Gwani / Shinga / Wade","North East","Gombe","Yamaltu/Deba","Gwani / Shinga / Wade","","75","74","42","9","10","0","1","32","34","0"
"2020/2021","Male","all","NECO","College of Education","ward","Bambam","North East","Gombe","Balanga","Bambam","","309","304","178","58","53","5","5","126","121","5"
"2020/2021","Male","all","NECO","College of Education","ward","Bangu","North East","Gombe","Balanga","Bangu","","218","214","123","38","31","7","4","91","86","7"
"2020/2021","Male","all","NECO","College of Education","ward","Dadiya","North East","Gombe","Balanga","Dadiya","","338","333","203","65","61","4","5","130","138","4"
"2020/2021","Male","all","NECO","College of Education","ward","Ajiya","North East","Gombe","Gombe","Ajiya","","271","267","164","62","58","4","4","103","102","4"
"2020/2021","Male","all","NECO","College of Education","ward","Bolari East","North East","Gombe","Gombe","Bolari East","","137","135","82","29","27","2","2","53","54","2"
"2020/2021","Male","all","NECO","College of Education","ward","Awak","North East","Gombe","Kaltungo","Awak","","327","322","187","75","67","8","5","135","113","8"
"2020/2021","Male","all","NECO","College of Education","ward","Kaltungo East","North East","Gombe","Kaltungo","Kaltungo East","","99","98","56","13","9","4","1","42","43","4"
"2020/2021","Male","all","NECO","College of Education","ward","Barwo / Nasarawo","North East","Gombe","Nafada","Barwo / Nasarawo","","168","166","89","25","22","3","2","77","64","3"
"2020/2021","Male","all","NECO","College of Education","ward","Barwo Winde","North East","Gombe","Nafada","Barwo Winde","","515","507","298","109","94","15","8","209","189","15"
"2020/2021","Male","all","NECO","College of Education","ward","Birin Bolewa","North East","Gombe","Nafada","Birin Bolewa","","333","328","207","79","72","7","5","121","128","7"
"2020/2021","Male","all","NECO","College of Education","ward","Deba","North East","Gombe","Yamaltu/Deba","Deba","","400","394","229","75","67","8","6","165","154","8"
"2020/2021","Male","all","NECO","College of Education","ward","Difa / Lubo / Kinafa","North East","Gombe","Yamaltu/Deba","Difa / Lubo / Kinafa","","400","394","234","90","84","6","6","160","144","6"
"2020/2021","Male","all","NECO","College of Education","ward","Gwani / Shinga / Wade","North East","Gombe","Yamaltu/Deba","Gwani / Shinga / Wade","","567","559","336","121","108","13","8","223","215","13"
"2020/2021","Male","all","NECO","Polytechnic","ward","Bambam","North East","Gombe","Balanga","Bambam","","111","109","66","21","18","3","2","43","46","3"
"2020/2021","Male","all","NECO","Polytechnic","ward","Dadiya","North East","Gombe","Balanga","Dadiya","","232","229","132","50","45","5","3","97","83","5"
"2020/2021","Male","all","NECO","Polytechnic","ward","Ajiya","North East","Gombe","Gombe","Ajiya","","547","540","309","95","85","11","7","231","214","11"
"2020/2021","Male","all","NECO","Polytechnic","ward","Bajoga","North East","Gombe","Gombe","Bajoga","","570","562","341","121","103","18","8","221","221","18"
"2020/2021","Male","all","NECO","Polytechnic","ward","Bolari East","North East","Gombe","Gombe","Bolari East","","380","375","209","67","58","9","5","166","143","9"
"2020/2021","Male","all","NECO","Polytechnic","ward","Bule / Kaltin","North East","Gombe","Kaltungo","Bule / Kaltin","","168","166","96","33","31","2","2","70","63","2"
"2020/2021","Male","all","NECO","Polytechnic","ward","Kaltungo East","North East","Gombe","Kaltungo","Kaltungo East","","202","199","111","33","31","2","3","88","79","2"
"2020/2021","Male","all","NECO","Polytechnic","ward","Barwo / Nasarawo","North East","Gombe","Nafada","Barwo / Nasarawo","","608","599","336","102","98","5","9","263","234","5"
"2020/2021","Male","all","NECO","Polytechnic","ward","Birin Bolewa","North East","Gombe","Nafada","Birin Bolewa","","442","436","275","100","90","10","6","161","176","10"
"2020/2021","Male","all","NECO","Polytechnic","ward","Deba","North East","Gombe","Yamaltu/Deba","Deba","","258","255","158","62","58","4","3","97","97","4"
"2020/2021","Male","all","NECO","Polytechnic","ward","Difa / Lubo / Kinafa","North East","Gombe","Yamaltu/Deba","Difa / Lubo / Kinafa","","114","112","63","21","18","3","2","49","43","3"
"2020/2021","Male","all","NECO","University","ward","Bambam","North East","Gombe","Balanga","Bambam","","118","116","72","25","22","3","2","44","47","3"
"2020/2021","Male","all","NECO","University","ward","Bangu","North East","Gombe","Balanga","Bangu","","303","299","166","46","40","6","4","133","121","6"
"2020/2021","Male","all","NECO","University","ward","Dadiya","North East","Gombe","Balanga","Dadiya","","179","176","102","33","31","2","3","74","70","2"
"2020/2021","Male","all","NECO","University","ward","Bajoga","North East","Gombe","Gombe","Bajoga","","206","203","114","37","36","1","3","89","77","1"
"2020/2021","Male","all","NECO","University","ward","Awak","North East","Gombe","Kaltungo","Awak","","394","388","228","75","67","8","6","160","153","8"
"2020/2021","Male","all","NECO","University","ward","Bule / Kaltin","North East","Gombe","Kaltungo","Bule / Kaltin","","418","412","245","90","84","6","6","167","155","6"
"2020/2021","Male","all","NECO","University","ward","Kaltungo East","North East","Gombe","Kaltungo","Kaltungo East","","396","390","233","71","62","9","6","157","162","9"
"2020/2021","Male","all","NECO","University","ward","Difa / Lubo / Kinafa","North East","Gombe","Yamaltu/Deba","Difa / Lubo / Kinafa","","209","206","123","42","36","6","3","83","82","6"
"2020/2021","Male","all","NECO","University","ward","Gwani / Shinga / Wade","North East","Gombe","Yamaltu/Deba","Gwani / Shinga / Wade","","147","145","84","29","27","2","2","61","56","2"
"2020/2021","Male","all","WAEC","College of Education","ward","Bambam","North East","Gombe","Balanga","Bambam","","448","441","260","86","78","8","7","181","175","8"
"2020/2021","Male","all","WAEC","College of Education","ward","Bangu","North East","Gombe","Balanga","Bangu","","259","255","146","54","50","4","4","109","92","4"
"2020/2021","Male","all","WAEC","College of Education","ward","Dadiya","North East","Gombe","Balanga","Dadiya","","469","462","271","83","75","8","7","191","188","8"
"2020/2021","Male","all","WAEC","College of Education","ward","Ajiya","North East","Gombe","Gombe","Ajiya","","301","297","176","56","50","6","4","121","121","6"
"2020/2021","Male","all","WAEC","College of Education","ward","Bolari East","North East","Gombe","Gombe","Bolari East","","173","170","102","36","32","4","3","68","67","4"
"2020/2021","Male","all","WAEC","College of Education","ward","Awak","North East","Gombe","Kaltungo","Awak","","461","454","282","99","89","10","7","172","183","10"
"2020/2021","Male","all","WAEC","College of Education","ward","Kaltungo East","North East","Gombe","Kaltungo","Kaltungo East","","125","123","65","17","14","3","2","58","49","3"
"2020/2021","Male","all","WAEC","College of Education","ward","Barwo / Nasarawo","North East","Gombe","Nafada","Barwo / Nasarawo","","210","207","115","33","32","1","3","92","83","1"
"2020/2021","Male","all","WAEC","College of Education","ward","Barwo Winde","North East","Gombe","Nafada","Barwo Winde","","682","672","395","136","124","12","10","277","259","12"
"2020/2021","Male","all","WAEC","College of Education","ward","Birin Bolewa","North East","Gombe","Nafada","Birin Bolewa","","394","389","239","83","74","9","5","150","156","9"
"2020/2021","Male","all","WAEC","College of Education","ward","Deba","North East","Gombe","Yamaltu/Deba","Deba","","561","553","316","96","86","10","8","237","220","10"
"2020/2021","Male","all","WAEC","College of Education","ward","Difa / Lubo / Kinafa","North East","Gombe","Yamaltu/Deba","Difa / Lubo / Kinafa","","474","467","291","106","93","13","7","176","185","13"
"2020/2021","Male","all","WAEC","College of Education","ward","Gwani / Shinga / Wade","North East","Gombe","Yamaltu/Deba","Gwani / Shinga / Wade","","778","766","461","158","142","16","12","305","303","16"
"2020/2021","Male","all","WAEC","Polytechnic","ward","Bambam","North East","Gombe","Balanga","Bambam","","165","163","94","30","28","2","2","69","65","2"
"2020/2021","Male","all","WAEC","Polytechnic","ward","Dadiya","North East","Gombe","Balanga","Dadiya","","274","270","157","50","43","7","4","113","107","7"
"2020/2021","Male","all","WAEC","Polytechnic","ward","Ajiya","North East","Gombe","Gombe","Ajiya","","705","695","395","106","89","17","10","300","289","17"
"2020/2021","Male","all","WAEC","Polytechnic","ward","Bajoga","North East","Gombe","Gombe","Bajoga","","773","761","443","143","131","12","12","318","301","12"
"2020/2021","Male","all","WAEC","Polytechnic","ward","Bolari East","North East","Gombe","Gombe","Bolari East","","511","503","302","94","86","8","8","201","209","8"
"2020/2021","Male","all","WAEC","Polytechnic","ward","Bule / Kaltin","North East","Gombe","Kaltungo","Bule / Kaltin","","231","228","136","46","39","7","3","92","90","7"
"2020/2021","Male","all","WAEC","Polytechnic","ward","Kaltungo East","North East","Gombe","Kaltungo","Kaltungo East","","279","275","157","43","39","4","4","118","114","4"
"2020/2021","Male","all","WAEC","Polytechnic","ward","Barwo / Nasarawo","North East","Gombe","Nafada","Barwo / Nasarawo","","731","720","417","115","103","12","11","303","302","12"
"2020/2021","Male","all","WAEC","Polytechnic","ward","Birin Bolewa","North East","Gombe","Nafada","Birin Bolewa","","572","564","335","122","110","12","8","229","213","12"
"2020/2021","Male","all","WAEC","Polytechnic","ward","Deba","North East","Gombe","Yamaltu/Deba","Deba","","361","356","214","73","67","6","5","142","142","6"
"2020/2021","Male","all","WAEC","Polytechnic","ward","Difa / Lubo / Kinafa","North East","Gombe","Yamaltu/Deba","Difa / Lubo / Kinafa","","150","148","88","30","25","5","2","60","59","5"
"2020/2021","Male","all","WAEC","University","ward","Bambam","North East","Gombe","Balanga","Bambam","","154","152","96","36","32","4","2","56","60","4"
"2020/2021","Male","all","WAEC","University","ward","Bangu","North East","Gombe","Balanga","Bangu","","353","348","203","56","49","7","5","145","147","7"
"2020/2021","Male","all","WAEC","University","ward","Dadiya","North East","Gombe","Balanga","Dadiya","","268","264","152","40","36","4","4","112","113","4"
"2020/2021","Male","all","WAEC","University","ward","Bajoga","North East","Gombe","Gombe","Bajoga","","242","238","140","43","39","4","4","98","97","4"
"2020/2021","Male","all","WAEC","University","ward","Awak","North East","Gombe","Kaltungo","Awak","","526","518","307","106","93","13","8","211","202","13"
"2020/2021","Male","all","WAEC","University","ward","Bule / Kaltin","North East","Gombe","Kaltungo","Bule / Kaltin","","527","519","303","96","85","11","8","216","207","11"
"2020/2021","Male","all","WAEC","University","ward","Kaltungo East","North East","Gombe","Kaltungo","Kaltungo East","","499","492","288","86","78","8","7","204","202","8"
"2020/2021","Male","all","WAEC","University","ward","Difa / Lubo / Kinafa","North East","Gombe","Yamaltu/Deba","Difa / Lubo / Kinafa","","329","324","189","56","53","3","5","135","134","3"
"2020/2021","Male","all","WAEC","University","ward","Gwani / Shinga / Wade","North East","Gombe","Yamaltu/Deba","Gwani / Shinga / Wade","","167","165","88","27","25","2","2","77","62","2"
"2020/2021","Male","disabled","NABTEB","College of Education","ward","Bambam","North East","Gombe","Balanga","Bambam","","17","17","9","4","5","0","0","8","6","0"
"2020/2021","Male","disabled","NABTEB","College of Education","ward","Bangu","North East","Gombe","Balanga","Bangu","","17","17","9","4","5","0","0","8","6","0"
"2020/2021","Male","disabled","NABTEB","College of Education","ward","Dadiya","North East","Gombe","Balanga","Dadiya","","17","17","9","4","5","0","0","8","6","0"
"2020/2021","Male","disabled","NABTEB","College of Education","ward","Ajiya","North East","Gombe","Gombe","Ajiya","","8","8","4","4","4","0","0","4","1","0"
"2020/2021","Male","disabled","NABTEB","College of Education","ward","Bolari East","North East","Gombe","Gombe","Bolari East","","8","8","4","0","0","0","0","4","4","0"
"2020/2021","Male","disabled","NABTEB","College of Education","ward","Awak","North East","Gombe","Kaltungo","Awak","","17","17","9","0","0","0","0","8","9","0"
"2020/2021","Male","disabled","NABTEB","College of Education","ward","Kaltungo East","North East","Gombe","Kaltungo","Kaltungo East","","8","8","4","0","0","0","0","4","4","0"
"2020/2021","Male","disabled","NABTEB","College of Education","ward","Barwo / Nasarawo","North East","Gombe","Nafada","Barwo / Nasarawo","","10","10","4","0","0","0","0","6","4","0"
"2020/2021","Male","disabled","NABTEB","College of Education","ward","Barwo Winde","North East","Gombe","Nafada","Barwo Winde","","40","40","22","5","5","0","0","18","18","0"
"2020/2021","Male","disabled","NABTEB","College of Education","ward","Birin Bolewa","North East","Gombe","Nafada","Birin Bolewa","","19","19","12","9","9","0","0","7","3","0"
"2020/2021","Male","disabled","NABTEB","College of Education","ward","Deba","North East","Gombe","Yamaltu/Deba","Deba","","19","19","9","4","5","0","0","10","5","0"
"2020/2021","Male","disabled","NABTEB","College of Education","ward","Difa / Lubo / Kinafa","North East","Gombe","Yamaltu/Deba","Difa / Lubo / Kinafa","","19","19","9","4","5","0","0","10","5","0"
"2020/2021","Male","disabled","NABTEB","College of Education","ward","Gwani / Shinga / Wade","North East","Gombe","Yamaltu/Deba","Gwani / Shinga / Wade","","26","26","14","5","5","0","0","12","10","0"
"2020/2021","Male","disabled","NABTEB","Polytechnic","ward","Bambam","North East","Gombe","Balanga","Bambam","","8","8","4","0","0","0","0","4","4","0"
"2020/2021","Male","disabled","NABTEB","Polytechnic","ward","Dadiya","North East","Gombe","Balanga","Dadiya","","13","13","7","0","0","0","0","6","7","0"
"2020/2021","Male","disabled","NABTEB","Polytechnic","ward","Ajiya","North East","Gombe","Gombe","Ajiya","","26","26","14","0","0","0","0","12","14","0"
"2020/2021","Male","disabled","NABTEB","Polytechnic","ward","Bajoga","North East","Gombe","Gombe","Bajoga","","33","33","19","5","5","0","0","14","14","0"
"2020/2021","Male","disabled","NABTEB","Polytechnic","ward","Bolari East","North East","Gombe","Gombe","Bolari East","","29","29","14","0","0","0","0","14","14","0"
"2020/2021","Male","disabled","NABTEB","Polytechnic","ward","Bule / Kaltin","North East","Gombe","Kaltungo","Bule / Kaltin","","8","8","4","4","4","0","0","4","1","0"
"2020/2021","Male","disabled","NABTEB","Polytechnic","ward","Kaltungo East","North East","Gombe","Kaltungo","Kaltungo East","","13","13","7","0","0","0","0","6","7","0"
"2020/2021","Male","disabled","NABTEB","Polytechnic","ward","Barwo / Nasarawo","North East","Gombe","Nafada","Barwo / Nasarawo","","35","35","19","9","9","0","0","16","10","0"
"2020/2021","Male","disabled","NABTEB","Polytechnic","ward","Birin Bolewa","North East","Gombe","Nafada","Birin Bolewa","","24","24","14","7","9","0","0","10","6","0"
"2020/2021","Male","disabled","NABTEB","Polytechnic","ward","Deba","North East","Gombe","Yamaltu/Deba","Deba","","17","17","9","8","9","0","0","8","1","0"
"2020/2021","Male","disabled","NABTEB","Polytechnic","ward","Difa / Lubo / Kinafa","North East","Gombe","Yamaltu/Deba","Difa / Lubo / Kinafa","","8","8","4","0","0","0","0","4","4","0"
"2020/2021","Male","disabled","NABTEB","University","ward","Bambam","North East","Gombe","Balanga","Bambam","","8","8","4","0","0","0","0","4","4","0"
"2020/2021","Male","disabled","NABTEB","University","ward","Bangu","North East","Gombe","Balanga","Bangu","","22","22","12","4","5","0","0","10","9","0"
"2020/2021","Male","disabled","NABTEB","University","ward","Dadiya","North East","Gombe","Balanga","Dadiya","","10","10","4","0","0","0","0","6","4","0"
"2020/2021","Male","disabled","NABTEB","University","ward","Bajoga","North East","Gombe","Gombe","Bajoga","","8","8","4","0","0","0","0","4","4","0"
"2020/2021","Male","disabled","NABTEB","University","ward","Awak","North East","Gombe","Kaltungo","Awak","","19","19","11","3","4","0","0","8","8","0"
"2020/2021","Male","disabled","NABTEB","University","ward","Bule / Kaltin","North East","Gombe","Kaltungo","Bule / Kaltin","","26","26","13","4","4","0","0","13","10","0"
"2020/2021","Male","disabled","NABTEB","University","ward","Kaltungo East","North East","Gombe","Kaltungo","Kaltungo East","","24","24","12","5","5","0","0","12","7","0"
"2020/2021","Male","disabled","NABTEB","University","ward","Difa / Lubo / Kinafa","North East","Gombe","Yamaltu/Deba","Difa / Lubo / Kinafa","","13","13","7","0","0","0","0","6","7","0"
"2020/2021","Male","disabled","NABTEB","University","ward","Gwani / Shinga / Wade","North East","Gombe","Yamaltu/Deba","Gwani / Shinga / Wade","","8","8","4","0","0","0","0","4","4","0"
"2020/2021","Male","disabled","NECO","College of Education","ward","Bambam","North East","Gombe","Balanga","Bambam","","36","36","21","8","9","0","0","15","13","0"
"2020/2021","Male","disabled","NECO","College of Education","ward","Bangu","North East","Gombe","Balanga","Bangu","","23","23","12","0","0","0","0","11","12","0"
"2020/2021","Male","disabled","NECO","College of Education","ward","Dadiya","North East","Gombe","Balanga","Dadiya","","31","31","16","4","5","0","0","15","12","0"
"2020/2021","Male","disabled","NECO","College of Education","ward","Ajiya","North East","Gombe","Gombe","Ajiya","","20","20","10","4","5","0","0","10","7","0"
"2020/2021","Male","disabled","NECO","College of Education","ward","Bolari East","North East","Gombe","Gombe","Bolari East","","8","8","4","3","4","0","0","4","1","0"
"2020/2021","Male","disabled","NECO","College of Education","ward","Awak","North East","Gombe","Kaltungo","Awak","","29","29","17","8","10","0","0","12","10","0"
"2020/2021","Male","disabled","NECO","College of Education","ward","Kaltungo East","North East","Gombe","Kaltungo","Kaltungo East","","10","10","5","0","0","0","0","5","5","0"
"2020/2021","Male","disabled","NECO","College of Education","ward","Barwo / Nasarawo","North East","Gombe","Nafada","Barwo / Nasarawo","","20","20","11","4","4","0","0","9","7","0"
"2020/2021","Male","disabled","NECO","College of Education","ward","Barwo Winde","North East","Gombe","Nafada","Barwo Winde","","57","57","32","16","20","0","0","25","17","0"
"2020/2021","Male","disabled","NECO","College of Education","ward","Birin Bolewa","North East","Gombe","Nafada","Birin Bolewa","","41","41","22","8","9","0","0","19","14","0"
"2020/2021","Male","disabled","NECO","College of Education","ward","Deba","North East","Gombe","Yamaltu/Deba","Deba","","40","40","22","8","8","0","0","18","14","0"
"2020/2021","Male","disabled","NECO","College of Education","ward","Difa / Lubo / Kinafa","North East","Gombe","Yamaltu/Deba","Difa / Lubo / Kinafa","","40","40","21","8","8","0","0","19","13","0"
"2020/2021","Male","disabled","NECO","College of Education","ward","Gwani / Shinga / Wade","North East","Gombe","Yamaltu/Deba","Gwani / Shinga / Wade","","50","50","28","8","10","0","0","22","21","0"
"2020/2021","Male","disabled","NECO","Polytechnic","ward","Bambam","North East","Gombe","Balanga","Bambam","","12","12","6","0","0","0","0","6","6","0"
"2020/2021","Male","disabled","NECO","Polytechnic","ward","Dadiya","North East","Gombe","Balanga","Dadiya","","21","21","10","4","5","0","0","11","6","0"
"2020/2021","Male","disabled","NECO","Polytechnic","ward","Ajiya","North East","Gombe","Gombe","Ajiya","","57","57","29","8","10","0","0","28","21","0"
"2020/2021","Male","disabled","NECO","Polytechnic","ward","Bajoga","North East","Gombe","Gombe","Bajoga","","61","61","34","8","10","0","0","27","26","0"
"2020/2021","Male","disabled","NECO","Polytechnic","ward","Bolari East","North East","Gombe","Gombe","Bolari East","","39","39","23","7","9","0","0","16","16","0"
"2020/2021","Male","disabled","NECO","Polytechnic","ward","Bule / Kaltin","North East","Gombe","Kaltungo","Bule / Kaltin","","18","18","9","4","5","0","0","9","5","0"
"2020/2021","Male","disabled","NECO","Polytechnic","ward","Kaltungo East","North East","Gombe","Kaltungo","Kaltungo East","","27","27","15","4","4","0","0","12","12","0"
"2020/2021","Male","disabled","NECO","Polytechnic","ward","Barwo / Nasarawo","North East","Gombe","Nafada","Barwo / Nasarawo","","70","70","38","12","12","0","0","32","26","0"
"2020/2021","Male","disabled","NECO","Polytechnic","ward","Birin Bolewa","North East","Gombe","Nafada","Birin Bolewa","","45","45","26","8","8","0","0","19","19","0"
"2020/2021","Male","disabled","NECO","Polytechnic","ward","Deba","North East","Gombe","Yamaltu/Deba","Deba","","30","30","18","8","8","0","0","12","10","0"
"2020/2021","Male","disabled","NECO","Polytechnic","ward","Difa / Lubo / Kinafa","North East","Gombe","Yamaltu/Deba","Difa / Lubo / Kinafa","","10","10","5","3","4","0","0","5","2","0"
"2020/2021","Male","disabled","NECO","University","ward","Bambam","North East","Gombe","Balanga","Bambam","","11","11","6","3","4","0","0","5","3","0"
"2020/2021","Male","disabled","NECO","University","ward","Bangu","North East","Gombe","Balanga","Bangu","","38","38","19","0","0","0","0","19","19","0"
"2020/2021","Male","disabled","NECO","University","ward","Dadiya","North East","Gombe","Balanga","Dadiya","","22","22","11","4","5","0","0","11","7","0"
"2020/2021","Male","disabled","NECO","University","ward","Bajoga","North East","Gombe","Gombe","Bajoga","","20","20","10","4","5","0","0","10","7","0"
"2020/2021","Male","disabled","NECO","University","ward","Awak","North East","Gombe","Kaltungo","Awak","","36","36","21","4","5","0","0","15","17","0"
"2020/2021","Male","disabled","NECO","University","ward","Bule / Kaltin","North East","Gombe","Kaltungo","Bule / Kaltin","","38","38","23","12","15","0","0","15","11","0"
"2020/2021","Male","disabled","NECO","University","ward","Kaltungo East","North East","Gombe","Kaltungo","Kaltungo East","","51","51","28","4","4","0","0","23","24","0"
"2020/2021","Male","disabled","NECO","University","ward","Difa / Lubo / Kinafa","North East","Gombe","Yamaltu/Deba","Difa / Lubo / Kinafa","","25","25","13","4","4","0","0","12","10","0"
"2020/2021","Male","disabled","NECO","University","ward","Gwani / Shinga / Wade","North East","Gombe","Yamaltu/Deba","Gwani / Shinga / Wade","","12","12","6","4","5","0","0","6","3","0"
"2020/2021","Male","disabled","WAEC","College of Education","ward","Bambam","North East","Gombe","Balanga","Bambam","","49","49","27","6","7","0","0","22","22","0"
"2020/2021","Male","disabled","WAEC","College of Education","ward","Bangu","North East","Gombe","Balanga","Bangu","","29","29","16","6","6","0","0","13","10","0"
"2020/2021","Male","disabled","WAEC","College of Education","ward","Dadiya","North East","Gombe","Balanga","Dadiya","","41","41","22","6","8","0","0","19","17","0"
"2020/2021","Male","disabled","WAEC","College of Education","ward","Ajiya","North East","Gombe","Gombe","Ajiya","","24","24","13","3","4","0","0","11","11","0"
"2020/2021","Male","disabled","WAEC","College of Education","ward","Bolari East","North East","Gombe","Gombe","Bolari East","","12","12","6","3","4","0","0","6","3","0"
"2020/2021","Male","disabled","WAEC","College of Education","ward","Awak","North East","Gombe","Kaltungo","Awak","","39","39","20","6","8","0","0","20","14","0"
"2020/2021","Male","disabled","WAEC","College of Education","ward","Kaltungo East","North East","Gombe","Kaltungo","Kaltungo East","","12","12","6","3","3","0","0","6","3","0"
"2020/2021","Male","disabled","WAEC","College of Education","ward","Barwo / Nasarawo","North East","Gombe","Nafada","Barwo / Nasarawo","","23","23","14","3","4","0","0","9","11","0"
"2020/2021","Male","disabled","WAEC","College of Education","ward","Barwo Winde","North East","Gombe","Nafada","Barwo Winde","","77","76","42","16","17","0","1","34","27","0"
"2020/2021","Male","disabled","WAEC","College of Education","ward","Birin Bolewa","North East","Gombe","Nafada","Birin Bolewa","","49","49","29","6","6","0","0","20","24","0"
"2020/2021","Male","disabled","WAEC","College of Education","ward","Deba","North East","Gombe","Yamaltu/Deba","Deba","","51","51","28","6","6","0","0","23","23","0"
"2020/2021","Male","disabled","WAEC","College of Education","ward","Difa / Lubo / Kinafa","North East","Gombe","Yamaltu/Deba","Difa / Lubo / Kinafa","","51","51","31","6","7","0","0","20","26","0"
"2020/2021","Male","disabled","WAEC","College of Education","ward","Gwani / Shinga / Wade","North East","Gombe","Yamaltu/Deba","Gwani / Shinga / Wade","","60","60","35","8","10","0","0","25","26","0"
"2020/2021","Male","disabled","WAEC","Polytechnic","ward","Bambam","North East","Gombe","Balanga","Bambam","","13","13","7","3","3","0","0","6","4","0"
"2020/2021","Male","disabled","WAEC","Polytechnic","ward","Dadiya","North East","Gombe","Balanga","Dadiya","","25","25","14","3","3","0","0","11","11","0"
"2020/2021","Male","disabled","WAEC","Polytechnic","ward","Ajiya","North East","Gombe","Gombe","Ajiya","","64","64","34","3","4","0","0","30","31","0"
"2020/2021","Male","disabled","WAEC","Polytechnic","ward","Bajoga","North East","Gombe","Gombe","Bajoga","","81","80","44","13","15","0","1","36","31","0"
"2020/2021","Male","disabled","WAEC","Polytechnic","ward","Bolari East","North East","Gombe","Gombe","Bolari East","","52","52","28","9","12","0","0","24","19","0"
"2020/2021","Male","disabled","WAEC","Polytechnic","ward","Bule / Kaltin","North East","Gombe","Kaltungo","Bule / Kaltin","","24","24","13","3","4","0","0","11","11","0"
"2020/2021","Male","disabled","WAEC","Polytechnic","ward","Kaltungo East","North East","Gombe","Kaltungo","Kaltungo East","","37","36","18","3","4","0","1","18","16","0"
"2020/2021","Male","disabled","WAEC","Polytechnic","ward","Barwo / Nasarawo","North East","Gombe","Nafada","Barwo / Nasarawo","","73","73","37","6","8","0","0","36","31","0"
"2020/2021","Male","disabled","WAEC","Polytechnic","ward","Birin Bolewa","North East","Gombe","Nafada","Birin Bolewa","","62","61","39","10","11","0","1","22","30","0"
"2020/2021","Male","disabled","WAEC","Polytechnic","ward","Deba","North East","Gombe","Yamaltu/Deba","Deba","","44","44","27","10","10","0","0","17","17","0"
"2020/2021","Male","disabled","WAEC","Polytechnic","ward","Difa / Lubo / Kinafa","North East","Gombe","Yamaltu/Deba","Difa / Lubo / Kinafa","","15","15","8","3","4","0","0","7","5","0"
"2020/2021","Male","disabled","WAEC","University","ward","Bambam","North East","Gombe","Balanga","Bambam","","13","13","7","3","3","0","0","6","4","0"
"2020/2021","Male","disabled","WAEC","University","ward","Bangu","North East","Gombe","Balanga","Bangu","","50","49","26","6","7","0","1","23","21","0"
"2020/2021","Male","disabled","WAEC","University","ward","Dadiya","North East","Gombe","Balanga","Dadiya","","31","31","16","3","4","0","0","15","14","0"
"2020/2021","Male","disabled","WAEC","University","ward","Bajoga","North East","Gombe","Gombe","Bajoga","","23","23","11","3","3","0","0","12","8","0"
"2020/2021","Male","disabled","WAEC","University","ward","Awak","North East","Gombe","Kaltungo","Awak","","46","46","28","10","11","0","0","18","19","0"
"2020/2021","Male","disabled","WAEC","University","ward","Bule / Kaltin","North East","Gombe","Kaltungo","Bule / Kaltin","","52","52","28","6","8","0","0","24","22","0"
"2020/2021","Male","disabled","WAEC","University","ward","Kaltungo East","North East","Gombe","Kaltungo","Kaltungo East","","60","59","33","7","7","0","1","26","26","0"
"2020/2021","Male","disabled","WAEC","University","ward","Difa / Lubo / Kinafa","North East","Gombe","Yamaltu/Deba","Difa / Lubo / Kinafa","","38","37","21","6","6","0","1","16","15","0"
"2020/2021","Male","disabled","WAEC","University","ward","Gwani / Shinga / Wade","North East","Gombe","Yamaltu/Deba","Gwani / Shinga / Wade","","15","15","7","3","4","0","0","8","4","0"
"2021/2022","Female","all","NABTEB","College of Education","ward","Bambam","North East","Gombe","Balanga","Bambam","","151","149","91","29","26","4","2","58","62","4"
"2021/2022","Female","all","NABTEB","College of Education","ward","Bangu","North East","Gombe","Balanga","Bangu","","105","103","64","29","26","4","2","39","36","4"
"2021/2022","Female","all","NABTEB","College of Education","ward","Dadiya","North East","Gombe","Balanga","Dadiya","","193","190","113","38","36","3","3","77","75","3"
"2021/2022","Female","all","NABTEB","College of Education","ward","Ajiya","North East","Gombe","Gombe","Ajiya","","118","116","73","21","18","3","2","43","52","3"
"2021/2022","Female","all","NABTEB","College of Education","ward","Bolari East","North East","Gombe","Gombe","Bolari East","","69","68","42","17","18","0","1","26","26","0"
"2021/2022","Female","all","NABTEB","College of Education","ward","Awak","North East","Gombe","Kaltungo","Awak","","166","163","103","38","35","3","3","60","66","3"
"2021/2022","Female","all","NABTEB","College of Education","ward","Kaltungo East","North East","Gombe","Kaltungo","Kaltungo East","","67","66","35","8","9","0","1","31","27","0"
"2021/2022","Female","all","NABTEB","College of Education","ward","Barwo / Nasarawo","North East","Gombe","Nafada","Barwo / Nasarawo","","86","85","53","17","13","4","1","32","36","4"
"2021/2022","Female","all","NABTEB","College of Education","ward","Barwo Winde","North East","Gombe","Nafada","Barwo Winde","","259","255","149","49","49","3","4","106","100","3"
"2021/2022","Female","all","NABTEB","College of Education","ward","Birin Bolewa","North East","Gombe","Nafada","Birin Bolewa","","158","156","98","42","36","6","2","58","57","6"
"2021/2022","Female","all","NABTEB","College of Education","ward","Deba","North East","Gombe","Yamaltu/Deba","Deba","","211","208","126","50","44","6","3","82","76","6"
"2021/2022","Female","all","NABTEB","College of Education","ward","Difa / Lubo / Kinafa","North East","Gombe","Yamaltu/Deba","Difa / Lubo / Kinafa","","208","204","124","46","40","6","4","80","78","6"
"2021/2022","Female","all","NABTEB","College of Education","ward","Gwani / Shinga / Wade","North East","Gombe","Yamaltu/Deba","Gwani / Shinga / Wade","","286","282","163","63","53","10","4","119","100","10"
"2021/2022","Female","all","NABTEB","Polytechnic","ward","Bambam","North East","Gombe","Balanga","Bambam","","57","56","34","12","13","0","1","22","23","0"
"2021/2022","Female","all","NABTEB","Polytechnic","ward","Dadiya","North East","Gombe","Balanga","Dadiya","","106","104","58","17","13","4","2","46","41","4"
"2021/2022","Female","all","NABTEB","Polytechnic","ward","Ajiya","North East","Gombe","Gombe","Ajiya","","248","244","142","39","27","12","4","102","104","12"
"2021/2022","Female","all","NABTEB","Polytechnic","ward","Bajoga","North East","Gombe","Gombe","Bajoga","","288","283","168","58","54","5","5","115","111","5"
"2021/2022","Female","all","NABTEB","Polytechnic","ward","Bolari East","North East","Gombe","Gombe","Bolari East","","197","194","112","38","35","4","3","82","75","4"
"2021/2022","Female","all","NABTEB","Polytechnic","ward","Bule / Kaltin","North East","Gombe","Kaltungo","Bule / Kaltin","","76","75","45","17","18","0","1","30","29","0"
"2021/2022","Female","all","NABTEB","Polytechnic","ward","Kaltungo East","North East","Gombe","Kaltungo","Kaltungo East","","98","97","56","17","13","4","1","41","39","4"
"2021/2022","Female","all","NABTEB","Polytechnic","ward","Barwo / Nasarawo","North East","Gombe","Nafada","Barwo / Nasarawo","","302","298","175","55","44","11","4","123","120","11"
"2021/2022","Female","all","NABTEB","Polytechnic","ward","Birin Bolewa","North East","Gombe","Nafada","Birin Bolewa","","193","190","122","50","45","5","3","68","72","5"
"2021/2022","Female","all","NABTEB","Polytechnic","ward","Deba","North East","Gombe","Yamaltu/Deba","Deba","","144","142","91","37","35","3","2","51","54","3"
"2021/2022","Female","all","NABTEB","Polytechnic","ward","Difa / Lubo / Kinafa","North East","Gombe","Yamaltu/Deba","Difa / Lubo / Kinafa","","53","52","28","12","13","0","1","24","16","0"
"2021/2022","Female","all","NABTEB","University","ward","Bambam","North East","Gombe","Balanga","Bambam","","58","57","35","12","13","0","1","22","23","0"
"2021/2022","Female","all","NABTEB","University","ward","Bangu","North East","Gombe","Balanga","Bangu","","132","130","71","16","13","3","2","59","55","3"
"2021/2022","Female","all","NABTEB","University","ward","Dadiya","North East","Gombe","Balanga","Dadiya","","115","113","65","21","18","3","2","48","45","3"
"2021/2022","Female","all","NABTEB","University","ward","Bajoga","North East","Gombe","Gombe","Bajoga","","108","106","60","21","18","3","2","46","40","3"
"2021/2022","Female","all","NABTEB","University","ward","Awak","North East","Gombe","Kaltungo","Awak","","184","182","112","42","35","7","2","70","70","7"
"2021/2022","Female","all","NABTEB","University","ward","Bule / Kaltin","North East","Gombe","Kaltungo","Bule / Kaltin","","212","209","124","46","44","4","3","85","78","4"
"2021/2022","Female","all","NABTEB","University","ward","Kaltungo East","North East","Gombe","Kaltungo","Kaltungo East","","188","186","111","33","27","6","2","75","79","6"
"2021/2022","Female","all","NABTEB","University","ward","Difa / Lubo / Kinafa","North East","Gombe","Yamaltu/Deba","Difa / Lubo / Kinafa","","110","108","62","21","18","3","2","46","42","3"
"2021/2022","Female","all","NABTEB","University","ward","Gwani / Shinga / Wade","North East","Gombe","Yamaltu/Deba","Gwani / Shinga / Wade","","60","59","33","12","13","0","1","26","21","0"
"2021/2022","Female","all","NECO","College of Education","ward","Bambam","North East","Gombe","Balanga","Bambam","","282","278","163","58","55","3","4","115","105","3"
"2021/2022","Female","all","NECO","College of Education","ward","Bangu","North East","Gombe","Balanga","Bangu","","189","187","114","44","38","6","2","73","70","6"
"2021/2022","Female","all","NECO","College of Education","ward","Dadiya","North East","Gombe","Balanga","Dadiya","","341","336","193","70","68","2","5","143","124","2"
"2021/2022","Female","all","NECO","College of Education","ward","Ajiya","North East","Gombe","Gombe","Ajiya","","223","220","131","51","47","4","3","89","81","4"
"2021/2022","Female","all","NECO","College of Education","ward","Bolari East","North East","Gombe","Gombe","Bolari East","","121","119","69","27","25","2","2","50","42","2"
"2021/2022","Female","all","NECO","College of Education","ward","Awak","North East","Gombe","Kaltungo","Awak","","290","286","172","82","76","6","4","114","91","6"
"2021/2022","Female","all","NECO","College of Education","ward","Kaltungo East","North East","Gombe","Kaltungo","Kaltungo East","","107","105","62","20","17","3","2","43","43","3"
"2021/2022","Female","all","NECO","College of Education","ward","Barwo / Nasarawo","North East","Gombe","Nafada","Barwo / Nasarawo","","173","170","96","31","30","1","3","74","66","1"
"2021/2022","Female","all","NECO","College of Education","ward","Barwo Winde","North East","Gombe","Nafada","Barwo Winde","","477","470","279","106","98","8","7","191","173","8"
"2021/2022","Female","all","NECO","College of Education","ward","Birin Bolewa","North East","Gombe","Nafada","Birin Bolewa","","319","314","195","74","68","6","5","119","122","6"
"2021/2022","Female","all","NECO","College of Education","ward","Deba","North East","Gombe","Yamaltu/Deba","Deba","","377","371","233","86","80","6","6","138","147","6"
"2021/2022","Female","all","NECO","College of Education","ward","Difa / Lubo / Kinafa","North East","Gombe","Yamaltu/Deba","Difa / Lubo / Kinafa","","380","375","234","90","85","5","5","141","144","5"
"2021/2022","Female","all","NECO","College of Education","ward","Gwani / Shinga / Wade","North East","Gombe","Yamaltu/Deba","Gwani / Shinga / Wade","","526","519","311","125","110","15","7","208","186","15"
"2021/2022","Female","all","NECO","Polytechnic","ward","Bambam","North East","Gombe","Balanga","Bambam","","102","100","60","24","21","3","2","40","37","3"
"2021/2022","Female","all","NECO","Polytechnic","ward","Dadiya","North East","Gombe","Balanga","Dadiya","","201","198","120","51","46","5","3","78","70","5"
"2021/2022","Female","all","NECO","Polytechnic","ward","Ajiya","North East","Gombe","Gombe","Ajiya","","482","475","278","98","89","9","7","197","180","9"
"2021/2022","Female","all","NECO","Polytechnic","ward","Bajoga","North East","Gombe","Gombe","Bajoga","","546","538","331","137","127","10","8","207","194","10"
"2021/2022","Female","all","NECO","Polytechnic","ward","Bolari East","North East","Gombe","Gombe","Bolari East","","362","357","213","78","71","7","5","144","135","7"
"2021/2022","Female","all","NECO","Polytechnic","ward","Bule / Kaltin","North East","Gombe","Kaltungo","Bule / Kaltin","","159","157","98","39","38","1","2","59","59","1"
"2021/2022","Female","all","NECO","Polytechnic","ward","Kaltungo East","North East","Gombe","Kaltungo","Kaltungo East","","167","165","98","31","30","1","2","67","68","1"
"2021/2022","Female","all","NECO","Polytechnic","ward","Barwo / Nasarawo","North East","Gombe","Nafada","Barwo / Nasarawo","","551","542","325","105","102","3","9","217","220","3"
"2021/2022","Female","all","NECO","Polytechnic","ward","Birin Bolewa","North East","Gombe","Nafada","Birin Bolewa","","344","339","211","94","85","9","5","128","117","9"
"2021/2022","Female","all","NECO","Polytechnic","ward","Deba","North East","Gombe","Yamaltu/Deba","Deba","","248","245","154","59","55","4","3","91","96","4"
"2021/2022","Female","all","NECO","Polytechnic","ward","Difa / Lubo / Kinafa","North East","Gombe","Yamaltu/Deba","Difa / Lubo / Kinafa","","98","97","55","24","21","3","1","42","32","3"
"2021/2022","Female","all","NECO","University","ward","Bambam","North East","Gombe","Balanga","Bambam","","110","108","70","31","30","1","2","38","39","1"
"2021/2022","Female","all","NECO","University","ward","Bangu","North East","Gombe","Balanga","Bangu","","288","284","169","59","51","8","4","115","110","8"
"2021/2022","Female","all","NECO","University","ward","Dadiya","North East","Gombe","Balanga","Dadiya","","201","198","118","39","38","1","3","80","80","1"
"2021/2022","Female","all","NECO","University","ward","Bajoga","North East","Gombe","Gombe","Bajoga","","191","188","105","39","34","5","3","83","67","5"
"2021/2022","Female","all","NECO","University","ward","Awak","North East","Gombe","Kaltungo","Awak","","353","348","213","86","81","5","5","135","128","5"
"2021/2022","Female","all","NECO","University","ward","Bule / Kaltin","North East","Gombe","Kaltungo","Bule / Kaltin","","372","366","219","82","76","6","6","147","137","6"
"2021/2022","Female","all","NECO","University","ward","Kaltungo East","North East","Gombe","Kaltungo","Kaltungo East","","373","367","217","74","64","10","6","150","143","10"
"2021/2022","Female","all","NECO","University","ward","Difa / Lubo / Kinafa","North East","Gombe","Yamaltu/Deba","Difa / Lubo / Kinafa","","201","198","120","47","42","5","3","78","74","5"
"2021/2022","Female","all","NECO","University","ward","Gwani / Shinga / Wade","North East","Gombe","Yamaltu/Deba","Gwani / Shinga / Wade","","109","107","62","24","21","3","2","45","39","3"
"2021/2022","Female","all","WAEC","College of Education","ward","Bambam","North East","Gombe","Balanga","Bambam","","360","355","215","77","70","7","5","140","138","7"
"2021/2022","Female","all","WAEC","College of Education","ward","Bangu","North East","Gombe","Balanga","Bangu","","251","247","153","58","55","3","4","94","95","3"
"2021/2022","Female","all","WAEC","College of Education","ward","Dadiya","North East","Gombe","Balanga","Dadiya","","439","432","260","87","80","7","7","172","174","7"
"2021/2022","Female","all","WAEC","College of Education","ward","Ajiya","North East","Gombe","Gombe","Ajiya","","295","291","168","61","56","5","4","123","108","5"
"2021/2022","Female","all","WAEC","College of Education","ward","Bolari East","North East","Gombe","Gombe","Bolari East","","147","145","91","38","35","4","2","54","52","4"
"2021/2022","Female","all","WAEC","College of Education","ward","Awak","North East","Gombe","Kaltungo","Awak","","398","392","249","93","83","10","6","143","156","10"
"2021/2022","Female","all","WAEC","College of Education","ward","Kaltungo East","North East","Gombe","Kaltungo","Kaltungo East","","141","139","82","26","24","2","2","57","57","2"
"2021/2022","Female","all","WAEC","College of Education","ward","Barwo / Nasarawo","North East","Gombe","Nafada","Barwo / Nasarawo","","233","230","128","42","38","4","3","102","86","4"
"2021/2022","Female","all","WAEC","College of Education","ward","Barwo Winde","North East","Gombe","Nafada","Barwo Winde","","671","661","399","148","135","13","10","262","251","13"
"2021/2022","Female","all","WAEC","College of Education","ward","Birin Bolewa","North East","Gombe","Nafada","Birin Bolewa","","398","392","234","99","91","9","6","158","134","9"
"2021/2022","Female","all","WAEC","College of Education","ward","Deba","North East","Gombe","Yamaltu/Deba","Deba","","515","507","301","115","107","8","8","206","186","8"
"2021/2022","Female","all","WAEC","College of Education","ward","Difa / Lubo / Kinafa","North East","Gombe","Yamaltu/Deba","Difa / Lubo / Kinafa","","505","497","297","109","101","8","8","200","188","8"
"2021/2022","Female","all","WAEC","College of Education","ward","Gwani / Shinga / Wade","North East","Gombe","Yamaltu/Deba","Gwani / Shinga / Wade","","680","670","395","144","132","12","10","275","252","12"
"2021/2022","Female","all","WAEC","Polytechnic","ward","Bambam","North East","Gombe","Balanga","Bambam","","140","138","82","29","28","1","2","56","53","1"
"2021/2022","Female","all","WAEC","Polytechnic","ward","Dadiya","North East","Gombe","Balanga","Dadiya","","255","251","155","55","49","6","4","96","101","6"
"2021/2022","Female","all","WAEC","Polytechnic","ward","Ajiya","North East","Gombe","Gombe","Ajiya","","648","638","372","132","118","14","10","266","240","14"
"2021/2022","Female","all","WAEC","Polytechnic","ward","Bajoga","North East","Gombe","Gombe","Bajoga","","782","771","454","170","152","18","11","317","284","18"
"2021/2022","Female","all","WAEC","Polytechnic","ward","Bolari East","North East","Gombe","Gombe","Bolari East","","476","469","270","93","80","13","7","199","177","13"
"2021/2022","Female","all","WAEC","Polytechnic","ward","Bule / Kaltin","North East","Gombe","Kaltungo","Bule / Kaltin","","187","184","114","42","38","4","3","70","73","4"
"2021/2022","Female","all","WAEC","Polytechnic","ward","Kaltungo East","North East","Gombe","Kaltungo","Kaltungo East","","268","264","156","48","45","3","4","108","108","3"
"2021/2022","Female","all","WAEC","Polytechnic","ward","Barwo / Nasarawo","North East","Gombe","Nafada","Barwo / Nasarawo","","701","691","403","128","114","14","10","288","275","14"
"2021/2022","Female","all","WAEC","Polytechnic","ward","Birin Bolewa","North East","Gombe","Nafada","Birin Bolewa","","473","466","298","122","114","8","7","168","176","8"
"2021/2022","Female","all","WAEC","Polytechnic","ward","Deba","North East","Gombe","Yamaltu/Deba","Deba","","296","291","180","70","65","5","5","111","109","5"
"2021/2022","Female","all","WAEC","Polytechnic","ward","Difa / Lubo / Kinafa","North East","Gombe","Yamaltu/Deba","Difa / Lubo / Kinafa","","117","115","70","26","24","2","2","45","44","2"
"2021/2022","Female","all","WAEC","University","ward","Bambam","North East","Gombe","Balanga","Bambam","","132","130","80","32","28","4","2","50","48","4"
"2021/2022","Female","all","WAEC","University","ward","Bangu","North East","Gombe","Balanga","Bangu","","387","382","220","71","63","8","5","162","149","8"
"2021/2022","Female","all","WAEC","University","ward","Dadiya","North East","Gombe","Balanga","Dadiya","","279","275","153","48","45","3","4","122","105","3"
"2021/2022","Female","all","WAEC","University","ward","Bajoga","North East","Gombe","Gombe","Bajoga","","279","275","157","45","42","3","4","118","112","3"
"2021/2022","Female","all","WAEC","University","ward","Awak","North East","Gombe","Kaltungo","Awak","","453","446","275","103","94","9","7","171","172","9"
"2021/2022","Female","all","WAEC","University","ward","Bule / Kaltin","North East","Gombe","Kaltungo","Bule / Kaltin","","517","510","304","116","104","12","7","206","188","12"
"2021/2022","Female","all","WAEC","University","ward","Kaltungo East","North East","Gombe","Kaltungo","Kaltungo East","","454","448","258","90","84","6","6","190","168","6"
"2021/2022","Female","all","WAEC","University","ward","Difa / Lubo / Kinafa","North East","Gombe","Yamaltu/Deba","Difa / Lubo / Kinafa","","285","281","166","61","56","5","4","115","106","5"
"2021/2022","Female","all","WAEC","University","ward","Gwani / Shinga / Wade","North East","Gombe","Yamaltu/Deba","Gwani / Shinga / Wade","","157","155","89","29","24","5","2","66","60","5"
"2021/2022","Female","disabled","NABTEB","College of Education","ward","Bambam","North East","Gombe","Balanga","Bambam","","17","17","8","3","4","0","0","8","5","0"
"2021/2022","Female","disabled","NABTEB","College of Education","ward","Bangu","North East","Gombe","Balanga","Bangu","","17","17","9","8","8","0","0","8","2","0"
"2021/2022","Female","disabled","NABTEB","College of Education","ward","Dadiya","North East","Gombe","Balanga","Dadiya","","17","17","8","7","8","0","0","8","2","0"
"2021/2022","Female","disabled","NABTEB","College of Education","ward","Ajiya","North East","Gombe","Gombe","Ajiya","","8","8","4","0","0","0","0","4","4","0"
"2021/2022","Female","disabled","NABTEB","College of Education","ward","Bolari East","North East","Gombe","Gombe","Bolari East","","8","8","4","4","4","0","0","4","1","0"
"2021/2022","Female","disabled","NABTEB","College of Education","ward","Awak","North East","Gombe","Kaltungo","Awak","","17","17","8","7","8","0","0","8","2","0"
"2021/2022","Female","disabled","NABTEB","College of Education","ward","Kaltungo East","North East","Gombe","Kaltungo","Kaltungo East","","8","8","4","0","0","0","0","4","4","0"
"2021/2022","Female","disabled","NABTEB","College of Education","ward","Barwo / Nasarawo","North East","Gombe","Nafada","Barwo / Nasarawo","","10","10","7","3","4","0","0","3","3","0"
"2021/2022","Female","disabled","NABTEB","College of Education","ward","Barwo Winde","North East","Gombe","Nafada","Barwo Winde","","40","40","22","8","10","0","0","18","15","0"
"2021/2022","Female","disabled","NABTEB","College of Education","ward","Birin Bolewa","North East","Gombe","Nafada","Birin Bolewa","","17","17","9","8","9","0","0","8","2","0"
"2021/2022","Female","disabled","NABTEB","College of Education","ward","Deba","North East","Gombe","Yamaltu/Deba","Deba","","17","17","9","4","5","0","0","8","6","0"
"2021/2022","Female","disabled","NABTEB","College of Education","ward","Difa / Lubo / Kinafa","North East","Gombe","Yamaltu/Deba","Difa / Lubo / Kinafa","","22","22","12","8","9","0","0","10","5","0"
"2021/2022","Female","disabled","NABTEB","College of Education","ward","Gwani / Shinga / Wade","North East","Gombe","Yamaltu/Deba","Gwani / Shinga / Wade","","28","28","17","7","7","0","0","11","9","0"
"2021/2022","Female","disabled","NABTEB","Polytechnic","ward","Bambam","North East","Gombe","Balanga","Bambam","","8","8","4","4","4","0","0","4","1","0"
"2021/2022","Female","disabled","NABTEB","Polytechnic","ward","Dadiya","North East","Gombe","Balanga","Dadiya","","10","10","4","0","0","0","0","6","4","0"
"2021/2022","Female","disabled","NABTEB","Polytechnic","ward","Ajiya","North East","Gombe","Gombe","Ajiya","","26","26","13","0","0","0","0","13","13","0"
"2021/2022","Female","disabled","NABTEB","Polytechnic","ward","Bajoga","North East","Gombe","Gombe","Bajoga","","31","31","17","8","10","0","0","14","10","0"
"2021/2022","Female","disabled","NABTEB","Polytechnic","ward","Bolari East","North East","Gombe","Gombe","Bolari East","","26","26","13","7","9","0","0","13","6","0"
"2021/2022","Female","disabled","NABTEB","Polytechnic","ward","Bule / Kaltin","North East","Gombe","Kaltungo","Bule / Kaltin","","8","8","4","3","3","0","0","4","1","0"
"2021/2022","Female","disabled","NABTEB","Polytechnic","ward","Kaltungo East","North East","Gombe","Kaltungo","Kaltungo East","","10","10","4","0","0","0","0","6","4","0"
"2021/2022","Female","disabled","NABTEB","Polytechnic","ward","Barwo / Nasarawo","North East","Gombe","Nafada","Barwo / Nasarawo","","32","32","19","7","9","0","0","13","12","0"
"2021/2022","Female","disabled","NABTEB","Polytechnic","ward","Birin Bolewa","North East","Gombe","Nafada","Birin Bolewa","","22","22","12","8","10","0","0","10","5","0"
"2021/2022","Female","disabled","NABTEB","Polytechnic","ward","Deba","North East","Gombe","Yamaltu/Deba","Deba","","19","19","12","7","9","0","0","7","5","0"
"2021/2022","Female","disabled","NABTEB","Polytechnic","ward","Difa / Lubo / Kinafa","North East","Gombe","Yamaltu/Deba","Difa / Lubo / Kinafa","","8","8","4","4","4","0","0","4","1","0"
"2021/2022","Female","disabled","NABTEB","University","ward","Bambam","North East","Gombe","Balanga","Bambam","","8","8","4","3","4","0","0","4","1","0"
"2021/2022","Female","disabled","NABTEB","University","ward","Bangu","North East","Gombe","Balanga","Bangu","","19","19","9","0","0","0","0","10","9","0"
"2021/2022","Female","disabled","NABTEB","University","ward","Dadiya","North East","Gombe","Balanga","Dadiya","","10","10","7","3","3","0","0","3","3","0"
"2021/2022","Female","disabled","NABTEB","University","ward","Bajoga","North East","Gombe","Gombe","Bajoga","","8","8","4","4","4","0","0","4","1","0"
"2021/2022","Female","disabled","NABTEB","University","ward","Awak","North East","Gombe","Kaltungo","Awak","","17","17","8","7","8","0","0","8","2","0"
"2021/2022","Female","disabled","NABTEB","University","ward","Bule / Kaltin","North East","Gombe","Kaltungo","Bule / Kaltin","","26","26","14","7","9","0","0","12","6","0"
"2021/2022","Female","disabled","NABTEB","University","ward","Kaltungo East","North East","Gombe","Kaltungo","Kaltungo East","","22","22","12","4","4","0","0","10","8","0"
"2021/2022","Female","disabled","NABTEB","University","ward","Difa / Lubo / Kinafa","North East","Gombe","Yamaltu/Deba","Difa / Lubo / Kinafa","","12","12","7","3","4","0","0","5","3","0"
"2021/2022","Female","disabled","NABTEB","University","ward","Gwani / Shinga / Wade","North East","Gombe","Yamaltu/Deba","Gwani / Shinga / Wade","","8","8","4","4","4","0","0","4","1","0"
"2021/2022","Female","disabled","NECO","College of Education","ward","Bambam","North East","Gombe","Balanga","Bambam","","33","33","18","8","8","0","0","15","10","0"
"2021/2022","Female","disabled","NECO","College of Education","ward","Bangu","North East","Gombe","Balanga","Bangu","","21","21","13","7","7","0","0","8","5","0"
"2021/2022","Female","disabled","NECO","College of Education","ward","Dadiya","North East","Gombe","Balanga","Dadiya","","31","31","16","8","8","0","0","15","8","0"
"2021/2022","Female","disabled","NECO","College of Education","ward","Ajiya","North East","Gombe","Gombe","Ajiya","","16","16","8","4","4","0","0","8","4","0"
"2021/2022","Female","disabled","NECO","College of Education","ward","Bolari East","North East","Gombe","Gombe","Bolari East","","10","10","4","4","4","0","0","6","0","0"
"2021/2022","Female","disabled","NECO","College of Education","ward","Awak","North East","Gombe","Kaltungo","Awak","","25","25","14","7","7","0","0","11","7","0"
"2021/2022","Female","disabled","NECO","College of Education","ward","Kaltungo East","North East","Gombe","Kaltungo","Kaltungo East","","8","8","3","0","0","0","0","5","3","0"
"2021/2022","Female","disabled","NECO","College of Education","ward","Barwo / Nasarawo","North East","Gombe","Nafada","Barwo / Nasarawo","","19","19","10","4","4","0","0","9","7","0"
"2021/2022","Female","disabled","NECO","College of Education","ward","Barwo Winde","North East","Gombe","Nafada","Barwo Winde","","58","58","31","12","12","0","0","27","19","0"
"2021/2022","Female","disabled","NECO","College of Education","ward","Birin Bolewa","North East","Gombe","Nafada","Birin Bolewa","","35","35","22","8","8","0","0","13","14","0"
"2021/2022","Female","disabled","NECO","College of Education","ward","Deba","North East","Gombe","Yamaltu/Deba","Deba","","31","31","19","4","4","0","0","12","15","0"
"2021/2022","Female","disabled","NECO","College of Education","ward","Difa / Lubo / Kinafa","North East","Gombe","Yamaltu/Deba","Difa / Lubo / Kinafa","","38","38","22","7","7","0","0","16","15","0"
"2021/2022","Female","disabled","NECO","College of Education","ward","Gwani / Shinga / Wade","North East","Gombe","Yamaltu/Deba","Gwani / Shinga / Wade","","40","40","23","11","11","0","0","17","12","0"
"2021/2022","Female","disabled","NECO","Polytechnic","ward","Bambam","North East","Gombe","Balanga","Bambam","","10","10","4","4","4","0","0","6","0","0"
"2021/2022","Female","disabled","NECO","Polytechnic","ward","Dadiya","North East","Gombe","Balanga","Dadiya","","18","18","10","4","4","0","0","8","6","0"
"2021/2022","Female","disabled","NECO","Polytechnic","ward","Ajiya","North East","Gombe","Gombe","Ajiya","","43","43","23","7","7","0","0","20","16","0"
"2021/2022","Female","disabled","NECO","Polytechnic","ward","Bajoga","North East","Gombe","Gombe","Bajoga","","59","59","34","16","17","0","0","25","18","0"
"2021/2022","Female","disabled","NECO","Polytechnic","ward","Bolari East","North East","Gombe","Gombe","Bolari East","","41","41","25","12","12","0","0","16","13","0"
"2021/2022","Female","disabled","NECO","Polytechnic","ward","Bule / Kaltin","North East","Gombe","Kaltungo","Bule / Kaltin","","16","16","8","4","4","0","0","8","4","0"
"2021/2022","Female","disabled","NECO","Polytechnic","ward","Kaltungo East","North East","Gombe","Kaltungo","Kaltungo East","","21","21","12","4","4","0","0","9","8","0"
"2021/2022","Female","disabled","NECO","Polytechnic","ward","Barwo / Nasarawo","North East","Gombe","Nafada","Barwo / Nasarawo","","60","60","33","11","11","0","0","27","22","0"
"2021/2022","Female","disabled","NECO","Polytechnic","ward","Birin Bolewa","North East","Gombe","Nafada","Birin Bolewa","","38","38","20","8","8","0","0","18","12","0"
"2021/2022","Female","disabled","NECO","Polytechnic","ward","Deba","North East","Gombe","Yamaltu/Deba","Deba","","27","27","18","7","7","0","0","9","11","0"
"2021/2022","Female","disabled","NECO","Polytechnic","ward","Difa / Lubo / Kinafa","North East","Gombe","Yamaltu/Deba","Difa / Lubo / Kinafa","","8","8","3","3","3","0","0","5","0","0"
"2021/2022","Female","disabled","NECO","University","ward","Bambam","North East","Gombe","Balanga","Bambam","","10","10","7","4","4","0","0","3","3","0"
"2021/2022","Female","disabled","NECO","University","ward","Bangu","North East","Gombe","Balanga","Bangu","","35","35","17","8","8","0","0","18","9","0"
"2021/2022","Female","disabled","NECO","University","ward","Dadiya","North East","Gombe","Balanga","Dadiya","","21","21","12","4","4","0","0","9","8","0"
"2021/2022","Female","disabled","NECO","University","ward","Bajoga","North East","Gombe","Gombe","Bajoga","","16","16","8","4","4","0","0","8","4","0"
"2021/2022","Female","disabled","NECO","University","ward","Awak","North East","Gombe","Kaltungo","Awak","","28","28","15","7","7","0","0","13","7","0"
"2021/2022","Female","disabled","NECO","University","ward","Bule / Kaltin","North East","Gombe","Kaltungo","Bule / Kaltin","","31","31","18","10","10","0","0","13","8","0"
"2021/2022","Female","disabled","NECO","University","ward","Kaltungo East","North East","Gombe","Kaltungo","Kaltungo East","","49","49","28","8","8","0","0","21","21","0"
"2021/2022","Female","disabled","NECO","University","ward","Difa / Lubo / Kinafa","North East","Gombe","Yamaltu/Deba","Difa / Lubo / Kinafa","","24","24","12","4","4","0","0","12","9","0"
"2021/2022","Female","disabled","NECO","University","ward","Gwani / Shinga / Wade","North East","Gombe","Yamaltu/Deba","Gwani / Shinga / Wade","","8","8","3","3","3","0","0","5","0","0"
"2021/2022","Female","disabled","WAEC","College of Education","ward","Bambam","North East","Gombe","Balanga","Bambam","","41","41","22","6","6","0","0","19","17","0"
"2021/2022","Female","disabled","WAEC","College of Education","ward","Bangu","North East","Gombe","Balanga","Bangu","","27","27","16","6","6","0","0","11","10","0"
"2021/2022","Female","disabled","WAEC","College of Education","ward","Dadiya","North East","Gombe","Balanga","Dadiya","","37","37","21","6","8","0","0","16","15","0"
"2021/2022","Female","disabled","WAEC","College of Education","ward","Ajiya","North East","Gombe","Gombe","Ajiya","","24","24","14","3","3","0","0","10","12","0"
"2021/2022","Female","disabled","WAEC","College of Education","ward","Bolari East","North East","Gombe","Gombe","Bolari East","","13","13","6","3","4","0","0","7","3","0"
"2021/2022","Female","disabled","WAEC","College of Education","ward","Awak","North East","Gombe","Kaltungo","Awak","","37","37","23","6","7","0","0","14","17","0"
"2021/2022","Female","disabled","WAEC","College of Education","ward","Kaltungo East","North East","Gombe","Kaltungo","Kaltungo East","","14","14","7","3","3","0","0","7","5","0"
"2021/2022","Female","disabled","WAEC","College of Education","ward","Barwo / Nasarawo","North East","Gombe","Nafada","Barwo / Nasarawo","","26","26","14","3","3","0","0","12","12","0"
"2021/2022","Female","disabled","WAEC","College of Education","ward","Barwo Winde","North East","Gombe","Nafada","Barwo Winde","","78","77","43","16","16","0","1","34","27","0"
"2021/2022","Female","disabled","WAEC","College of Education","ward","Birin Bolewa","North East","Gombe","Nafada","Birin Bolewa","","47","47","28","6","6","0","0","19","22","0"
"2021/2022","Female","disabled","WAEC","College of Education","ward","Deba","North East","Gombe","Yamaltu/Deba","Deba","","47","47","28","10","10","0","0","19","18","0"
"2021/2022","Female","disabled","WAEC","College of Education","ward","Difa / Lubo / Kinafa","North East","Gombe","Yamaltu/Deba","Difa / Lubo / Kinafa","","56","56","33","10","10","0","0","23","24","0"
"2021/2022","Female","disabled","WAEC","College of Education","ward","Gwani / Shinga / Wade","North East","Gombe","Yamaltu/Deba","Gwani / Shinga / Wade","","54","54","31","9","9","0","0","23","22","0"
"2021/2022","Female","disabled","WAEC","Polytechnic","ward","Bambam","North East","Gombe","Balanga","Bambam","","13","13","6","3","3","0","0","7","3","0"
"2021/2022","Female","disabled","WAEC","Polytechnic","ward","Dadiya","North East","Gombe","Balanga","Dadiya","","26","26","16","7","7","0","0","10","10","0"
"2021/2022","Female","disabled","WAEC","Polytechnic","ward","Ajiya","North East","Gombe","Gombe","Ajiya","","61","61","36","9","11","0","0","25","27","0"
"2021/2022","Female","disabled","WAEC","Polytechnic","ward","Bajoga","North East","Gombe","Gombe","Bajoga","","80","79","46","13","14","0","1","33","33","0"
"2021/2022","Female","disabled","WAEC","Polytechnic","ward","Bolari East","North East","Gombe","Gombe","Bolari East","","52","52","29","6","8","0","0","23","23","0"
"2021/2022","Female","disabled","WAEC","Polytechnic","ward","Bule / Kaltin","North East","Gombe","Kaltungo","Bule / Kaltin","","19","19","12","3","4","0","0","7","10","0"
"2021/2022","Female","disabled","WAEC","Polytechnic","ward","Kaltungo East","North East","Gombe","Kaltungo","Kaltungo East","","32","32","17","3","3","0","0","15","14","0"
"2021/2022","Female","disabled","WAEC","Polytechnic","ward","Barwo / Nasarawo","North East","Gombe","Nafada","Barwo / Nasarawo","","79","79","43","9","9","0","0","36","34","0"
"2021/2022","Female","disabled","WAEC","Polytechnic","ward","Birin Bolewa","North East","Gombe","Nafada","Birin Bolewa","","53","52","28","10","10","0","1","24","19","0"
"2021/2022","Female","disabled","WAEC","Polytechnic","ward","Deba","North East","Gombe","Yamaltu/Deba","Deba","","38","38","21","6","6","0","0","17","15","0"
"2021/2022","Female","disabled","WAEC","Polytechnic","ward","Difa / Lubo / Kinafa","North East","Gombe","Yamaltu/Deba","Difa / Lubo / Kinafa","","13","13","6","3","3","0","0","7","3","0"
"2021/2022","Female","disabled","WAEC","University","ward","Bambam","North East","Gombe","Balanga","Bambam","","12","12","6","3","3","0","0","6","3","0"
"2021/2022","Female","disabled","WAEC","University","ward","Bangu","North East","Gombe","Balanga","Bangu","","46","45","25","10","10","0","1","20","15","0"
"2021/2022","Female","disabled","WAEC","University","ward","Dadiya","North East","Gombe","Balanga","Dadiya","","32","32","17","7","7","0","0","15","10","0"
"2021/2022","Female","disabled","WAEC","University","ward","Bajoga","North East","Gombe","Gombe","Bajoga","","26","26","14","3","4","0","0","12","12","0"
"2021/2022","Female","disabled","WAEC","University","ward","Awak","North East","Gombe","Kaltungo","Awak","","37","37","21","6","8","0","0","16","15","0"
"2021/2022","Female","disabled","WAEC","University","ward","Bule / Kaltin","North East","Gombe","Kaltungo","Bule / Kaltin","","50","50","26","9","12","0","0","24","17","0"
"2021/2022","Female","disabled","WAEC","University","ward","Kaltungo East","North East","Gombe","Kaltungo","Kaltungo East","","55","55","31","10","10","0","0","24","21","0"
"2021/2022","Female","disabled","WAEC","University","ward","Difa / Lubo / Kinafa","North East","Gombe","Yamaltu/Deba","Difa / Lubo / Kinafa","","37","36","20","7","7","0","1","16","14","0"
"2021/2022","Female","disabled","WAEC","University","ward","Gwani / Shinga / Wade","North East","Gombe","Yamaltu/Deba","Gwani / Shinga / Wade","","15","15","8","3","3","0","0","7","5","0"
"2021/2022","Male","all","NABTEB","College of Education","ward","Bambam","North East","Gombe","Balanga","Bambam","","160","158","91","24","22","3","2","67","67","3"
"2021/2022","Male","all","NABTEB","College of Education","ward","Bangu","North East","Gombe","Balanga","Bangu","","110","108","68","16","18","0","2","40","52","0"
"2021/2022","Male","all","NABTEB","College of Education","ward","Dadiya","North East","Gombe","Balanga","Dadiya","","186","183","108","34","31","4","3","75","75","4"
"2021/2022","Male","all","NABTEB","College of Education","ward","Ajiya","North East","Gombe","Gombe","Ajiya","","140","138","83","25","22","3","2","55","58","3"
"2021/2022","Male","all","NABTEB","College of Education","ward","Bolari East","North East","Gombe","Gombe","Bolari East","","67","66","38","8","9","0","1","28","30","0"
"2021/2022","Male","all","NABTEB","College of Education","ward","Awak","North East","Gombe","Kaltungo","Awak","","165","163","98","38","31","7","2","65","60","7"
"2021/2022","Male","all","NABTEB","College of Education","ward","Kaltungo East","North East","Gombe","Kaltungo","Kaltungo East","","65","64","38","8","9","0","1","26","30","0"
"2021/2022","Male","all","NABTEB","College of Education","ward","Barwo / Nasarawo","North East","Gombe","Nafada","Barwo / Nasarawo","","86","85","46","12","9","3","1","39","34","3"
"2021/2022","Male","all","NABTEB","College of Education","ward","Barwo Winde","North East","Gombe","Nafada","Barwo Winde","","267","263","154","49","49","3","4","109","105","3"
"2021/2022","Male","all","NABTEB","College of Education","ward","Birin Bolewa","North East","Gombe","Nafada","Birin Bolewa","","175","173","102","38","31","7","2","71","64","7"
"2021/2022","Male","all","NABTEB","College of Education","ward","Deba","North East","Gombe","Yamaltu/Deba","Deba","","206","203","124","37","31","6","3","79","87","6"
"2021/2022","Male","all","NABTEB","College of Education","ward","Difa / Lubo / Kinafa","North East","Gombe","Yamaltu/Deba","Difa / Lubo / Kinafa","","209","206","132","46","40","6","3","74","86","6"
"2021/2022","Male","all","NABTEB","College of Education","ward","Gwani / Shinga / Wade","North East","Gombe","Yamaltu/Deba","Gwani / Shinga / Wade","","321","317","184","54","45","9","4","133","130","9"
"2021/2022","Male","all","NABTEB","Polytechnic","ward","Bambam","North East","Gombe","Balanga","Bambam","","60","59","35","12","13","0","1","24","23","0"
"2021/2022","Male","all","NABTEB","Polytechnic","ward","Dadiya","North East","Gombe","Balanga","Dadiya","","115","113","72","25","22","3","2","41","48","3"
"2021/2022","Male","all","NABTEB","Polytechnic","ward","Ajiya","North East","Gombe","Gombe","Ajiya","","286","282","165","38","31","8","4","117","127","8"
"2021/2022","Male","all","NABTEB","Polytechnic","ward","Bajoga","North East","Gombe","Gombe","Bajoga","","289","284","169","50","44","7","5","115","119","7"
"2021/2022","Male","all","NABTEB","Polytechnic","ward","Bolari East","North East","Gombe","Gombe","Bolari East","","202","199","117","33","36","0","3","82","84","0"
"2021/2022","Male","all","NABTEB","Polytechnic","ward","Bule / Kaltin","North East","Gombe","Kaltungo","Bule / Kaltin","","76","75","47","13","9","4","1","28","35","4"
"2021/2022","Male","all","NABTEB","Polytechnic","ward","Kaltungo East","North East","Gombe","Kaltungo","Kaltungo East","","106","104","56","12","9","3","2","48","44","3"
"2021/2022","Male","all","NABTEB","Polytechnic","ward","Barwo / Nasarawo","North East","Gombe","Nafada","Barwo / Nasarawo","","327","322","192","59","49","10","5","130","133","10"
"2021/2022","Male","all","NABTEB","Polytechnic","ward","Birin Bolewa","North East","Gombe","Nafada","Birin Bolewa","","246","242","154","54","49","5","4","88","100","5"
"2021/2022","Male","all","NABTEB","Polytechnic","ward","Deba","North East","Gombe","Yamaltu/Deba","Deba","","149","147","91","29","26","4","2","56","62","4"
"2021/2022","Male","all","NABTEB","Polytechnic","ward","Difa / Lubo / Kinafa","North East","Gombe","Yamaltu/Deba","Difa / Lubo / Kinafa","","62","61","34","8","9","0","1","27","27","0"
"2021/2022","Male","all","NABTEB","University","ward","Bambam","North East","Gombe","Balanga","Bambam","","62","61","37","12","13","0","1","24","26","0"
"2021/2022","Male","all","NABTEB","University","ward","Bangu","North East","Gombe","Balanga","Bangu","","144","142","81","17","17","0","2","61","64","0"
"2021/2022","Male","all","NABTEB","University","ward","Dadiya","North East","Gombe","Balanga","Dadiya","","112","110","57","17","13","4","2","53","41","4"
"2021/2022","Male","all","NABTEB","University","ward","Bajoga","North East","Gombe","Gombe","Bajoga","","110","108","62","17","13","4","2","46","46","4"
"2021/2022","Male","all","NABTEB","University","ward","Awak","North East","Gombe","Kaltungo","Awak","","204","201","128","37","31","6","3","73","92","6"
"2021/2022","Male","all","NABTEB","University","ward","Bule / Kaltin","North East","Gombe","Kaltungo","Bule / Kaltin","","236","233","142","32","31","3","3","91","110","3"
"2021/2022","Male","all","NABTEB","University","ward","Kaltungo East","North East","Gombe","Kaltungo","Kaltungo East","","220","217","133","37","31","6","3","84","97","6"
"2021/2022","Male","all","NABTEB","University","ward","Difa / Lubo / Kinafa","North East","Gombe","Yamaltu/Deba","Difa / Lubo / Kinafa","","122","120","75","25","22","3","2","45","51","3"
"2021/2022","Male","all","NABTEB","University","ward","Gwani / Shinga / Wade","North East","Gombe","Yamaltu/Deba","Gwani / Shinga / Wade","","73","72","42","12","9","3","1","30","31","3"
"2021/2022","Male","all","NECO","College of Education","ward","Bambam","North East","Gombe","Balanga","Bambam","","327","322","186","62","60","2","5","136","124","2"
"2021/2022","Male","all","NECO","College of Education","ward","Bangu","North East","Gombe","Balanga","Bangu","","201","198","118","48","42","6","3","80","71","6"
"2021/2022","Male","all","NECO","College of Education","ward","Dadiya","North East","Gombe","Balanga","Dadiya","","349","344","209","74","68","6","5","135","135","6"
"2021/2022","Male","all","NECO","College of Education","ward","Ajiya","North East","Gombe","Gombe","Ajiya","","262","258","147","51","47","4","4","111","97","4"
"2021/2022","Male","all","NECO","College of Education","ward","Bolari East","North East","Gombe","Gombe","Bolari East","","107","105","60","24","21","3","2","45","37","3"
"2021/2022","Male","all","NECO","College of Education","ward","Awak","North East","Gombe","Kaltungo","Awak","","324","319","200","70","63","7","5","119","130","7"
"2021/2022","Male","all","NECO","College of Education","ward","Kaltungo East","North East","Gombe","Kaltungo","Kaltungo East","","91","90","51","12","9","3","1","39","40","3"
"2021/2022","Male","all","NECO","College of Education","ward","Barwo / Nasarawo","North East","Gombe","Nafada","Barwo / Nasarawo","","176","173","105","24","21","3","3","68","82","3"
"2021/2022","Male","all","NECO","College of Education","ward","Barwo Winde","North East","Gombe","Nafada","Barwo Winde","","509","501","292","95","85","10","8","209","197","10"
"2021/2022","Male","all","NECO","College of Education","ward","Birin Bolewa","North East","Gombe","Nafada","Birin Bolewa","","347","342","209","78","72","6","5","133","131","6"
"2021/2022","Male","all","NECO","College of Education","ward","Deba","North East","Gombe","Yamaltu/Deba","Deba","","403","397","240","86","81","5","6","157","154","5"
"2021/2022","Male","all","NECO","College of Education","ward","Difa / Lubo / Kinafa","North East","Gombe","Yamaltu/Deba","Difa / Lubo / Kinafa","","386","381","228","86","81","5","5","153","142","5"
"2021/2022","Male","all","NECO","College of Education","ward","Gwani / Shinga / Wade","North East","Gombe","Yamaltu/Deba","Gwani / Shinga / Wade","","582","574","353","122","109","13","8","221","231","13"
"2021/2022","Male","all","NECO","Polytechnic","ward","Bambam","North East","Gombe","Balanga","Bambam","","117","115","69","20","17","3","2","46","50","3"
"2021/2022","Male","all","NECO","Polytechnic","ward","Dadiya","North East","Gombe","Balanga","Dadiya","","204","201","117","39","34","5","3","84","78","5"
"2021/2022","Male","all","NECO","Polytechnic","ward","Ajiya","North East","Gombe","Gombe","Ajiya","","533","525","305","90","84","6","8","220","215","6"
"2021/2022","Male","all","NECO","Polytechnic","ward","Bajoga","North East","Gombe","Gombe","Bajoga","","522","514","303","102","93","9","8","211","201","9"
"2021/2022","Male","all","NECO","Polytechnic","ward","Bolari East","North East","Gombe","Gombe","Bolari East","","384","378","225","79","68","11","6","153","146","11"
"2021/2022","Male","all","NECO","Polytechnic","ward","Bule / Kaltin","North East","Gombe","Kaltungo","Bule / Kaltin","","191","188","111","39","34","5","3","77","73","5"
"2021/2022","Male","all","NECO","Polytechnic","ward","Kaltungo East","North East","Gombe","Kaltungo","Kaltungo East","","183","180","98","31","30","1","3","82","68","1"
"2021/2022","Male","all","NECO","Polytechnic","ward","Barwo / Nasarawo","North East","Gombe","Nafada","Barwo / Nasarawo","","580","571","337","109","102","7","9","234","228","7"
"2021/2022","Male","all","NECO","Polytechnic","ward","Birin Bolewa","North East","Gombe","Nafada","Birin Bolewa","","461","454","277","114","106","8","7","177","163","8"
"2021/2022","Male","all","NECO","Polytechnic","ward","Deba","North East","Gombe","Yamaltu/Deba","Deba","","279","274","164","63","59","4","5","110","101","4"
"2021/2022","Male","all","NECO","Polytechnic","ward","Difa / Lubo / Kinafa","North East","Gombe","Yamaltu/Deba","Difa / Lubo / Kinafa","","117","115","62","20","17","3","2","53","43","3"
"2021/2022","Male","all","NECO","University","ward","Bambam","North East","Gombe","Balanga","Bambam","","114","112","69","27","25","2","2","43","43","2"
"2021/2022","Male","all","NECO","University","ward","Bangu","North East","Gombe","Balanga","Bangu","","293","289","159","43","39","4","4","130","116","4"
"2021/2022","Male","all","NECO","University","ward","Dadiya","North East","Gombe","Balanga","Dadiya","","190","187","102","31","30","1","3","85","71","1"
"2021/2022","Male","all","NECO","University","ward","Bajoga","North East","Gombe","Gombe","Bajoga","","201","198","116","27","25","2","3","82","90","2"
"2021/2022","Male","all","NECO","University","ward","Awak","North East","Gombe","Kaltungo","Awak","","372","367","225","78","71","7","5","142","147","7"
"2021/2022","Male","all","NECO","University","ward","Bule / Kaltin","North East","Gombe","Kaltungo","Bule / Kaltin","","404","398","235","82","76","6","6","163","153","6"
"2021/2022","Male","all","NECO","University","ward","Kaltungo East","North East","Gombe","Kaltungo","Kaltungo East","","408","402","229","70","63","7","6","173","159","7"
"2021/2022","Male","all","NECO","University","ward","Difa / Lubo / Kinafa","North East","Gombe","Yamaltu/Deba","Difa / Lubo / Kinafa","","223","220","125","35","34","1","3","95","91","1"
"2021/2022","Male","all","NECO","University","ward","Gwani / Shinga / Wade","North East","Gombe","Yamaltu/Deba","Gwani / Shinga / Wade","","141","139","78","27","25","2","2","61","51","2"
"2021/2022","Male","all","WAEC","College of Education","ward","Bambam","North East","Gombe","Balanga","Bambam","","400","394","228","77","69","8","6","166","151","8"
"2021/2022","Male","all","WAEC","College of Education","ward","Bangu","North East","Gombe","Balanga","Bangu","","268","264","158","51","47","4","4","106","107","4"
"2021/2022","Male","all","WAEC","College of Education","ward","Dadiya","North East","Gombe","Balanga","Dadiya","","427","420","249","84","76","8","7","171","166","8"
"2021/2022","Male","all","WAEC","College of Education","ward","Ajiya","North East","Gombe","Gombe","Ajiya","","316","311","189","64","59","5","5","122","126","5"
"2021/2022","Male","all","WAEC","College of Education","ward","Bolari East","North East","Gombe","Gombe","Bolari East","","148","146","89","32","28","4","2","57","58","4"
"2021/2022","Male","all","WAEC","College of Education","ward","Awak","North East","Gombe","Kaltungo","Awak","","399","394","236","85","75","10","5","158","151","10"
"2021/2022","Male","all","WAEC","College of Education","ward","Kaltungo East","North East","Gombe","Kaltungo","Kaltungo East","","146","144","82","23","21","2","2","62","60","2"
"2021/2022","Male","all","WAEC","College of Education","ward","Barwo / Nasarawo","North East","Gombe","Nafada","Barwo / Nasarawo","","239","235","130","35","31","4","4","105","95","4"
"2021/2022","Male","all","WAEC","College of Education","ward","Barwo Winde","North East","Gombe","Nafada","Barwo Winde","","677","667","393","128","117","11","10","274","264","11"
"2021/2022","Male","all","WAEC","College of Education","ward","Birin Bolewa","North East","Gombe","Nafada","Birin Bolewa","","450","443","276","100","91","9","7","167","177","9"
"2021/2022","Male","all","WAEC","College of Education","ward","Deba","North East","Gombe","Yamaltu/Deba","Deba","","522","514","307","99","90","9","8","207","208","9"
"2021/2022","Male","all","WAEC","College of Education","ward","Difa / Lubo / Kinafa","North East","Gombe","Yamaltu/Deba","Difa / Lubo / Kinafa","","550","542","324","110","98","12","8","218","214","12"
"2021/2022","Male","all","WAEC","College of Education","ward","Gwani / Shinga / Wade","North East","Gombe","Yamaltu/Deba","Gwani / Shinga / Wade","","750","739","440","145","129","16","11","299","296","16"
"2021/2022","Male","all","WAEC","Polytechnic","ward","Bambam","North East","Gombe","Balanga","Bambam","","150","148","91","29","28","1","2","57","62","1"
"2021/2022","Male","all","WAEC","Polytechnic","ward","Dadiya","North East","Gombe","Balanga","Dadiya","","294","290","178","58","52","6","4","112","120","6"
"2021/2022","Male","all","WAEC","Polytechnic","ward","Ajiya","North East","Gombe","Gombe","Ajiya","","725","715","415","122","111","11","10","300","293","11"
"2021/2022","Male","all","WAEC","Polytechnic","ward","Bajoga","North East","Gombe","Gombe","Bajoga","","746","735","436","128","115","14","11","299","308","14"
"2021/2022","Male","all","WAEC","Polytechnic","ward","Bolari East","North East","Gombe","Gombe","Bolari East","","504","496","291","96","83","13","8","205","195","13"
"2021/2022","Male","all","WAEC","Polytechnic","ward","Bule / Kaltin","North East","Gombe","Kaltungo","Bule / Kaltin","","198","195","120","39","35","4","3","75","81","4"
"2021/2022","Male","all","WAEC","Polytechnic","ward","Kaltungo East","North East","Gombe","Kaltungo","Kaltungo East","","308","303","174","51","49","2","5","129","124","2"
"2021/2022","Male","all","WAEC","Polytechnic","ward","Barwo / Nasarawo","North East","Gombe","Nafada","Barwo / Nasarawo","","794","782","453","137","127","10","12","329","315","10"
"2021/2022","Male","all","WAEC","Polytechnic","ward","Birin Bolewa","North East","Gombe","Nafada","Birin Bolewa","","581","572","362","132","122","10","9","210","231","10"
"2021/2022","Male","all","WAEC","Polytechnic","ward","Deba","North East","Gombe","Yamaltu/Deba","Deba","","344","339","208","70","65","5","5","131","138","5"
"2021/2022","Male","all","WAEC","Polytechnic","ward","Difa / Lubo / Kinafa","North East","Gombe","Yamaltu/Deba","Difa / Lubo / Kinafa","","155","153","93","26","24","2","2","60","67","2"
"2021/2022","Male","all","WAEC","University","ward","Bambam","North East","Gombe","Balanga","Bambam","","148","146","89","35","31","4","2","57","55","4"
"2021/2022","Male","all","WAEC","University","ward","Bangu","North East","Gombe","Balanga","Bangu","","376","370","216","65","59","6","6","154","152","6"
"2021/2022","Male","all","WAEC","University","ward","Dadiya","North East","Gombe","Balanga","Dadiya","","252","248","134","35","31","4","4","114","100","4"
"2021/2022","Male","all","WAEC","University","ward","Bajoga","North East","Gombe","Gombe","Bajoga","","300","296","176","48","45","3","4","120","129","3"
"2021/2022","Male","all","WAEC","University","ward","Awak","North East","Gombe","Kaltungo","Awak","","477","470","293","96","90","6","7","177","198","6"
"2021/2022","Male","all","WAEC","University","ward","Bule / Kaltin","North East","Gombe","Kaltungo","Bule / Kaltin","","547","539","320","112","100","12","8","219","209","12"
"2021/2022","Male","all","WAEC","University","ward","Kaltungo East","North East","Gombe","Kaltungo","Kaltungo East","","545","537","312","90","80","10","8","225","222","10"
"2021/2022","Male","all","WAEC","University","ward","Difa / Lubo / Kinafa","North East","Gombe","Yamaltu/Deba","Difa / Lubo / Kinafa","","311","306","172","61","56","5","5","134","112","5"
"2021/2022","Male","all","WAEC","University","ward","Gwani / Shinga / Wade","North East","Gombe","Yamaltu/Deba","Gwani / Shinga / Wade","","166","164","97","29","28","1","2","67","69","1"
"2021/2022","Male","disabled","NABTEB","College of Education","ward","Bambam","North East","Gombe","Balanga","Bambam","","20","20","9","4","4","0","0","11","5","0"
"2021/2022","Male","disabled","NABTEB","College of Education","ward","Bangu","North East","Gombe","Balanga","Bangu","","17","17","9","0","0","0","0","8","9","0"
"2021/2022","Male","disabled","NABTEB","College of Education","ward","Dadiya","North East","Gombe","Balanga","Dadiya","","17","17","8","3","3","0","0","8","5","0"
"2021/2022","Male","disabled","NABTEB","College of Education","ward","Ajiya","North East","Gombe","Gombe","Ajiya","","10","10","4","0","0","0","0","6","4","0"
"2021/2022","Male","disabled","NABTEB","College of Education","ward","Bolari East","North East","Gombe","Gombe","Bolari East","","8","8","4","0","0","0","0","4","4","0"
"2021/2022","Male","disabled","NABTEB","College of Education","ward","Awak","North East","Gombe","Kaltungo","Awak","","17","17","8","7","8","0","0","8","2","0"
"2021/2022","Male","disabled","NABTEB","College of Education","ward","Kaltungo East","North East","Gombe","Kaltungo","Kaltungo East","","8","8","4","0","0","0","0","4","4","0"
"2021/2022","Male","disabled","NABTEB","College of Education","ward","Barwo / Nasarawo","North East","Gombe","Nafada","Barwo / Nasarawo","","10","10","4","0","0","0","0","6","4","0"
"2021/2022","Male","disabled","NABTEB","College of Education","ward","Barwo Winde","North East","Gombe","Nafada","Barwo Winde","","38","38","22","8","10","0","0","16","15","0"
"2021/2022","Male","disabled","NABTEB","College of Education","ward","Birin Bolewa","North East","Gombe","Nafada","Birin Bolewa","","19","19","12","7","9","0","0","7","5","0"
"2021/2022","Male","disabled","NABTEB","College of Education","ward","Deba","North East","Gombe","Yamaltu/Deba","Deba","","17","17","9","4","5","0","0","8","6","0"
"2021/2022","Male","disabled","NABTEB","College of Education","ward","Difa / Lubo / Kinafa","North East","Gombe","Yamaltu/Deba","Difa / Lubo / Kinafa","","24","24","15","7","9","0","0","9","7","0"
"2021/2022","Male","disabled","NABTEB","College of Education","ward","Gwani / Shinga / Wade","North East","Gombe","Yamaltu/Deba","Gwani / Shinga / Wade","","28","28","14","4","5","0","0","14","10","0"
"2021/2022","Male","disabled","NABTEB","Polytechnic","ward","Bambam","North East","Gombe","Balanga","Bambam","","8","8","4","3","3","0","0","4","1","0"
"2021/2022","Male","disabled","NABTEB","Polytechnic","ward","Dadiya","North East","Gombe","Balanga","Dadiya","","10","10","7","3","4","0","0","3","3","0"
"2021/2022","Male","disabled","NABTEB","Polytechnic","ward","Ajiya","North East","Gombe","Gombe","Ajiya","","26","26","13","0","0","0","0","13","13","0"
"2021/2022","Male","disabled","NABTEB","Polytechnic","ward","Bajoga","North East","Gombe","Gombe","Bajoga","","31","31","17","4","5","0","0","14","14","0"
"2021/2022","Male","disabled","NABTEB","Polytechnic","ward","Bolari East","North East","Gombe","Gombe","Bolari East","","26","26","13","4","4","0","0","13","10","0"
"2021/2022","Male","disabled","NABTEB","Polytechnic","ward","Bule / Kaltin","North East","Gombe","Kaltungo","Bule / Kaltin","","8","8","4","0","0","0","0","4","4","0"
"2021/2022","Male","disabled","NABTEB","Polytechnic","ward","Kaltungo East","North East","Gombe","Kaltungo","Kaltungo East","","12","12","7","0","0","0","0","5","7","0"
"2021/2022","Male","disabled","NABTEB","Polytechnic","ward","Barwo / Nasarawo","North East","Gombe","Nafada","Barwo / Nasarawo","","35","35","22","7","9","0","0","13","15","0"
"2021/2022","Male","disabled","NABTEB","Polytechnic","ward","Birin Bolewa","North East","Gombe","Nafada","Birin Bolewa","","24","24","14","7","9","0","0","10","6","0"
"2021/2022","Male","disabled","NABTEB","Polytechnic","ward","Deba","North East","Gombe","Yamaltu/Deba","Deba","","19","19","12","7","9","0","0","7","5","0"
"2021/2022","Male","disabled","NABTEB","Polytechnic","ward","Difa / Lubo / Kinafa","North East","Gombe","Yamaltu/Deba","Difa / Lubo / Kinafa","","8","8","4","0","0","0","0","4","4","0"
"2021/2022","Male","disabled","NABTEB","University","ward","Bambam","North East","Gombe","Balanga","Bambam","","8","8","4","3","3","0","0","4","1","0"
"2021/2022","Male","disabled","NABTEB","University","ward","Bangu","North East","Gombe","Balanga","Bangu","","19","19","9","0","0","0","0","10","9","0"
"2021/2022","Male","disabled","NABTEB","University","ward","Dadiya","North East","Gombe","Balanga","Dadiya","","10","10","4","0","0","0","0","6","4","0"
"2021/2022","Male","disabled","NABTEB","University","ward","Bajoga","North East","Gombe","Gombe","Bajoga","","8","8","4","0","0","0","0","4","4","0"
"2021/2022","Male","disabled","NABTEB","University","ward","Awak","North East","Gombe","Kaltungo","Awak","","17","17","8","3","4","0","0","8","5","0"
"2021/2022","Male","disabled","NABTEB","University","ward","Bule / Kaltin","North East","Gombe","Kaltungo","Bule / Kaltin","","26","26","14","4","4","0","0","12","10","0"
"2021/2022","Male","disabled","NABTEB","University","ward","Kaltungo East","North East","Gombe","Kaltungo","Kaltungo East","","24","24","12","4","4","0","0","12","8","0"
"2021/2022","Male","disabled","NABTEB","University","ward","Difa / Lubo / Kinafa","North East","Gombe","Yamaltu/Deba","Difa / Lubo / Kinafa","","13","13","7","4","5","0","0","6","4","0"
"2021/2022","Male","disabled","NABTEB","University","ward","Gwani / Shinga / Wade","North East","Gombe","Yamaltu/Deba","Gwani / Shinga / Wade","","8","8","4","0","0","0","0","4","4","0"
"2021/2022","Male","disabled","NECO","College of Education","ward","Bambam","North East","Gombe","Balanga","Bambam","","40","40","22","8","8","0","0","18","14","0"
"2021/2022","Male","disabled","NECO","College of Education","ward","Bangu","North East","Gombe","Balanga","Bangu","","19","19","9","7","7","0","0","10","2","0"
"2021/2022","Male","disabled","NECO","College of Education","ward","Dadiya","North East","Gombe","Balanga","Dadiya","","30","30","16","8","8","0","0","14","8","0"
"2021/2022","Male","disabled","NECO","College of Education","ward","Ajiya","North East","Gombe","Gombe","Ajiya","","19","19","10","4","4","0","0","9","7","0"
"2021/2022","Male","disabled","NECO","College of Education","ward","Bolari East","North East","Gombe","Gombe","Bolari East","","10","10","7","4","4","0","0","3","3","0"
"2021/2022","Male","disabled","NECO","College of Education","ward","Awak","North East","Gombe","Kaltungo","Awak","","28","28","17","7","7","0","0","11","9","0"
"2021/2022","Male","disabled","NECO","College of Education","ward","Kaltungo East","North East","Gombe","Kaltungo","Kaltungo East","","8","8","3","0","0","0","0","5","3","0"
"2021/2022","Male","disabled","NECO","College of Education","ward","Barwo / Nasarawo","North East","Gombe","Nafada","Barwo / Nasarawo","","21","21","12","0","0","0","0","9","12","0"
"2021/2022","Male","disabled","NECO","College of Education","ward","Barwo Winde","North East","Gombe","Nafada","Barwo Winde","","61","61","31","12","12","0","0","30","19","0"
"2021/2022","Male","disabled","NECO","College of Education","ward","Birin Bolewa","North East","Gombe","Nafada","Birin Bolewa","","40","40","22","8","8","0","0","18","14","0"
"2021/2022","Male","disabled","NECO","College of Education","ward","Deba","North East","Gombe","Yamaltu/Deba","Deba","","30","30","16","7","7","0","0","14","9","0"
"2021/2022","Male","disabled","NECO","College of Education","ward","Difa / Lubo / Kinafa","North East","Gombe","Yamaltu/Deba","Difa / Lubo / Kinafa","","43","43","24","7","7","0","0","19","17","0"
"2021/2022","Male","disabled","NECO","College of Education","ward","Gwani / Shinga / Wade","North East","Gombe","Yamaltu/Deba","Gwani / Shinga / Wade","","48","48","27","12","12","0","0","21","15","0"
"2021/2022","Male","disabled","NECO","Polytechnic","ward","Bambam","North East","Gombe","Balanga","Bambam","","13","13","7","4","4","0","0","6","3","0"
"2021/2022","Male","disabled","NECO","Polytechnic","ward","Dadiya","North East","Gombe","Balanga","Dadiya","","18","18","10","4","4","0","0","8","6","0"
"2021/2022","Male","disabled","NECO","Polytechnic","ward","Ajiya","North East","Gombe","Gombe","Ajiya","","52","52","27","11","11","0","0","25","16","0"
"2021/2022","Male","disabled","NECO","Polytechnic","ward","Bajoga","North East","Gombe","Gombe","Bajoga","","58","58","32","12","12","0","0","26","20","0"
"2021/2022","Male","disabled","NECO","Polytechnic","ward","Bolari East","North East","Gombe","Gombe","Bolari East","","43","43","25","8","8","0","0","18","17","0"
"2021/2022","Male","disabled","NECO","Polytechnic","ward","Bule / Kaltin","North East","Gombe","Kaltungo","Bule / Kaltin","","18","18","10","4","4","0","0","8","6","0"
"2021/2022","Male","disabled","NECO","Polytechnic","ward","Kaltungo East","North East","Gombe","Kaltungo","Kaltungo East","","24","24","12","4","4","0","0","12","9","0"
"2021/2022","Male","disabled","NECO","Polytechnic","ward","Barwo / Nasarawo","North East","Gombe","Nafada","Barwo / Nasarawo","","66","66","34","12","12","0","0","32","22","0"
"2021/2022","Male","disabled","NECO","Polytechnic","ward","Birin Bolewa","North East","Gombe","Nafada","Birin Bolewa","","48","48","27","12","13","0","0","21","15","0"
"2021/2022","Male","disabled","NECO","Polytechnic","ward","Deba","North East","Gombe","Yamaltu/Deba","Deba","","30","30","18","7","7","0","0","12","11","0"
"2021/2022","Male","disabled","NECO","Polytechnic","ward","Difa / Lubo / Kinafa","North East","Gombe","Yamaltu/Deba","Difa / Lubo / Kinafa","","11","11","6","0","0","0","0","5","6","0"
"2021/2022","Male","disabled","NECO","University","ward","Bambam","North East","Gombe","Balanga","Bambam","","8","8","3","3","3","0","0","5","0","0"
"2021/2022","Male","disabled","NECO","University","ward","Bangu","North East","Gombe","Balanga","Bangu","","37","37","19","4","4","0","0","18","16","0"
"2021/2022","Male","disabled","NECO","University","ward","Dadiya","North East","Gombe","Balanga","Dadiya","","24","24","12","0","0","0","0","12","12","0"
"2021/2022","Male","disabled","NECO","University","ward","Bajoga","North East","Gombe","Gombe","Bajoga","","18","18","10","0","0","0","0","8","10","0"
"2021/2022","Male","disabled","NECO","University","ward","Awak","North East","Gombe","Kaltungo","Awak","","30","30","15","4","4","0","0","15","12","0"
"2021/2022","Male","disabled","NECO","University","ward","Bule / Kaltin","North East","Gombe","Kaltungo","Bule / Kaltin","","35","35","22","11","11","0","0","13","10","0"
"2021/2022","Male","disabled","NECO","University","ward","Kaltungo East","North East","Gombe","Kaltungo","Kaltungo East","","48","48","26","8","8","0","0","22","18","0"
"2021/2022","Male","disabled","NECO","University","ward","Difa / Lubo / Kinafa","North East","Gombe","Yamaltu/Deba","Difa / Lubo / Kinafa","","27","27","15","4","4","0","0","12","12","0"
"2021/2022","Male","disabled","NECO","University","ward","Gwani / Shinga / Wade","North East","Gombe","Yamaltu/Deba","Gwani / Shinga / Wade","","10","10","5","3","3","0","0","5","2","0"
"2021/2022","Male","disabled","WAEC","College of Education","ward","Bambam","North East","Gombe","Balanga","Bambam","","45","45","28","6","6","0","0","17","22","0"
"2021/2022","Male","disabled","WAEC","College of Education","ward","Bangu","North East","Gombe","Balanga","Bangu","","32","32","18","6","7","0","0","14","12","0"
"2021/2022","Male","disabled","WAEC","College of Education","ward","Dadiya","North East","Gombe","Balanga","Dadiya","","37","37","21","6","8","0","0","16","15","0"
"2021/2022","Male","disabled","WAEC","College of Education","ward","Ajiya","North East","Gombe","Gombe","Ajiya","","24","24","12","3","3","0","0","12","10","0"
"2021/2022","Male","disabled","WAEC","College of Education","ward","Bolari East","North East","Gombe","Gombe","Bolari East","","12","12","6","3","4","0","0","6","3","0"
"2021/2022","Male","disabled","WAEC","College of Education","ward","Awak","North East","Gombe","Kaltungo","Awak","","39","39","20","6","7","0","0","20","14","0"
"2021/2022","Male","disabled","WAEC","College of Education","ward","Kaltungo East","North East","Gombe","Kaltungo","Kaltungo East","","13","13","6","3","3","0","0","7","3","0"
"2021/2022","Male","disabled","WAEC","College of Education","ward","Barwo / Nasarawo","North East","Gombe","Nafada","Barwo / Nasarawo","","29","29","16","3","3","0","0","13","14","0"
"2021/2022","Male","disabled","WAEC","College of Education","ward","Barwo Winde","North East","Gombe","Nafada","Barwo Winde","","78","77","41","10","10","0","1","36","31","0"
"2021/2022","Male","disabled","WAEC","College of Education","ward","Birin Bolewa","North East","Gombe","Nafada","Birin Bolewa","","53","53","29","6","6","0","0","24","24","0"
"2021/2022","Male","disabled","WAEC","College of Education","ward","Deba","North East","Gombe","Yamaltu/Deba","Deba","","51","51","29","6","6","0","0","22","24","0"
"2021/2022","Male","disabled","WAEC","College of Education","ward","Difa / Lubo / Kinafa","North East","Gombe","Yamaltu/Deba","Difa / Lubo / Kinafa","","56","56","33","10","10","0","0","23","24","0"
"2021/2022","Male","disabled","WAEC","College of Education","ward","Gwani / Shinga / Wade","North East","Gombe","Yamaltu/Deba","Gwani / Shinga / Wade","","61","61","34","9","9","0","0","27","26","0"
"2021/2022","Male","disabled","WAEC","Polytechnic","ward","Bambam","North East","Gombe","Balanga","Bambam","","14","14","7","0","0","0","0","7","7","0"
"2021/2022","Male","disabled","WAEC","Polytechnic","ward","Dadiya","North East","Gombe","Balanga","Dadiya","","29","29","18","3","4","0","0","11","15","0"
"2021/2022","Male","disabled","WAEC","Polytechnic","ward","Ajiya","North East","Gombe","Gombe","Ajiya","","74","74","43","9","10","0","0","31","34","0"
"2021/2022","Male","disabled","WAEC","Polytechnic","ward","Bajoga","North East","Gombe","Gombe","Bajoga","","84","83","48","13","15","0","1","35","36","0"
"2021/2022","Male","disabled","WAEC","Polytechnic","ward","Bolari East","North East","Gombe","Gombe","Bolari East","","57","57","33","10","11","0","0","24","23","0"
"2021/2022","Male","disabled","WAEC","Polytechnic","ward","Bule / Kaltin","North East","Gombe","Kaltungo","Bule / Kaltin","","20","20","10","3","4","0","0","10","7","0"
"2021/2022","Male","disabled","WAEC","Polytechnic","ward","Kaltungo East","North East","Gombe","Kaltungo","Kaltungo East","","39","38","20","7","7","0","1","18","13","0"
"2021/2022","Male","disabled","WAEC","Polytechnic","ward","Barwo / Nasarawo","North East","Gombe","Nafada","Barwo / Nasarawo","","86","86","50","9","9","0","0","36","42","0"
"2021/2022","Male","disabled","WAEC","Polytechnic","ward","Birin Bolewa","North East","Gombe","Nafada","Birin Bolewa","","65","64","38","9","10","0","1","26","29","0"
"2021/2022","Male","disabled","WAEC","Polytechnic","ward","Deba","North East","Gombe","Yamaltu/Deba","Deba","","42","42","23","6","6","0","0","19","17","0"
"2021/2022","Male","disabled","WAEC","Polytechnic","ward","Difa / Lubo / Kinafa","North East","Gombe","Yamaltu/Deba","Difa / Lubo / Kinafa","","15","15","8","0","0","0","0","7","8","0"
"2021/2022","Male","disabled","WAEC","University","ward","Bambam","North East","Gombe","Balanga","Bambam","","14","14","7","3","3","0","0","7","5","0"
"2021/2022","Male","disabled","WAEC","University","ward","Bangu","North East","Gombe","Balanga","Bangu","","50","49","26","6","6","0","1","23","21","0"
"2021/2022","Male","disabled","WAEC","University","ward","Dadiya","North East","Gombe","Balanga","Dadiya","","32","32","17","3","4","0","0","15","14","0"
"2021/2022","Male","disabled","WAEC","University","ward","Bajoga","North East","Gombe","Gombe","Bajoga","","26","26","14","3","4","0","0","12","12","0"
"2021/2022","Male","disabled","WAEC","University","ward","Awak","North East","Gombe","Kaltungo","Awak","","44","44","25","6","8","0","0","19","19","0"
"2021/2022","Male","disabled","WAEC","University","ward","Bule / Kaltin","North East","Gombe","Kaltungo","Bule / Kaltin","","53","53","26","9","12","0","0","27","17","0"
"2021/2022","Male","disabled","WAEC","University","ward","Kaltungo East","North East","Gombe","Kaltungo","Kaltungo East","","62","61","33","10","10","0","1","28","24","0"
"2021/2022","Male","disabled","WAEC","University","ward","Difa / Lubo / Kinafa","North East","Gombe","Yamaltu/Deba","Difa / Lubo / Kinafa","","37","36","18","7","7","0","1","18","12","0"
"2021/2022","Male","disabled","WAEC","University","ward","Gwani / Shinga / Wade","North East","Gombe","Yamaltu/Deba","Gwani / Shinga / Wade","","14","14","7","3","3","0","0","7","5","0"
"2022/2023","Female","all","NABTEB","College of Education","ward","Bambam","North East","Gombe","Balanga","Bambam","","162","160","94","32","30","3","2","66","63","3"
"2022/2023","Female","all","NABTEB","College of Education","ward","Bangu","North East","Gombe","Balanga","Bangu","","113","111","64","24","26","0","2","47","40","0"
"2022/2023","Female","all","NABTEB","College of Education","ward","Dadiya","North East","Gombe","Balanga","Dadiya","","183","180","108","40","34","6","3","72","68","6"
"2022/2023","Female","all","NABTEB","College of Education","ward","Ajiya","North East","Gombe","Gombe","Ajiya","","113","111","66","25","22","3","2","45","42","3"
"2022/2023","Female","all","NABTEB","College of Education","ward","Bolari East","North East","Gombe","Gombe","Bolari East","","71","70","40","16","13","3","1","30","25","3"
"2022/2023","Female","all","NABTEB","College of Education","ward","Awak","North East","Gombe","Kaltungo","Awak","","164","162","102","41","35","6","2","60","62","6"
"2022/2023","Female","all","NABTEB","College of Education","ward","Kaltungo East","North East","Gombe","Kaltungo","Kaltungo East","","66","65","35","8","9","0","1","30","28","0"
"2022/2023","Female","all","NABTEB","College of Education","ward","Barwo / Nasarawo","North East","Gombe","Nafada","Barwo / Nasarawo","","93","92","54","16","13","3","1","38","38","3"
"2022/2023","Female","all","NABTEB","College of Education","ward","Barwo Winde","North East","Gombe","Nafada","Barwo Winde","","279","274","159","53","49","6","5","115","106","6"
"2022/2023","Female","all","NABTEB","College of Education","ward","Birin Bolewa","North East","Gombe","Nafada","Birin Bolewa","","162","160","99","41","34","7","2","61","59","7"
"2022/2023","Female","all","NABTEB","College of Education","ward","Deba","North East","Gombe","Yamaltu/Deba","Deba","","205","202","126","41","35","6","3","76","85","6"
"2022/2023","Female","all","NABTEB","College of Education","ward","Difa / Lubo / Kinafa","North East","Gombe","Yamaltu/Deba","Difa / Lubo / Kinafa","","208","205","128","50","44","6","3","77","78","6"
"2022/2023","Female","all","NABTEB","College of Education","ward","Gwani / Shinga / Wade","North East","Gombe","Yamaltu/Deba","Gwani / Shinga / Wade","","294","290","170","56","47","9","4","120","114","9"
"2022/2023","Female","all","NABTEB","Polytechnic","ward","Bambam","North East","Gombe","Balanga","Bambam","","66","65","40","12","13","0","1","25","29","0"
"2022/2023","Female","all","NABTEB","Polytechnic","ward","Dadiya","North East","Gombe","Balanga","Dadiya","","100","99","56","20","17","3","1","43","37","3"
"2022/2023","Female","all","NABTEB","Polytechnic","ward","Ajiya","North East","Gombe","Gombe","Ajiya","","269","265","152","36","31","6","4","113","116","6"
"2022/2023","Female","all","NABTEB","Polytechnic","ward","Bajoga","North East","Gombe","Gombe","Bajoga","","311","306","185","65","56","9","5","121","120","9"
"2022/2023","Female","all","NABTEB","Polytechnic","ward","Bolari East","North East","Gombe","Gombe","Bolari East","","209","206","117","40","39","3","3","89","78","3"
"2022/2023","Female","all","NABTEB","Polytechnic","ward","Bule / Kaltin","North East","Gombe","Kaltungo","Bule / Kaltin","","80","79","45","20","17","3","1","34","26","3"
"2022/2023","Female","all","NABTEB","Polytechnic","ward","Kaltungo East","North East","Gombe","Kaltungo","Kaltungo East","","100","99","55","16","13","3","1","44","40","3"
"2022/2023","Female","all","NABTEB","Polytechnic","ward","Barwo / Nasarawo","North East","Gombe","Nafada","Barwo / Nasarawo","","300","297","169","52","47","6","3","128","117","6"
"2022/2023","Female","all","NABTEB","Polytechnic","ward","Birin Bolewa","North East","Gombe","Nafada","Birin Bolewa","","196","193","118","45","39","6","3","75","73","6"
"2022/2023","Female","all","NABTEB","Polytechnic","ward","Deba","North East","Gombe","Yamaltu/Deba","Deba","","121","119","73","32","30","3","2","46","42","3"
"2022/2023","Female","all","NABTEB","Polytechnic","ward","Difa / Lubo / Kinafa","North East","Gombe","Yamaltu/Deba","Difa / Lubo / Kinafa","","57","56","31","12","13","0","1","25","19","0"
"2022/2023","Female","all","NABTEB","University","ward","Bambam","North East","Gombe","Balanga","Bambam","","58","57","32","16","17","0","1","25","17","0"
"2022/2023","Female","all","NABTEB","University","ward","Bangu","North East","Gombe","Balanga","Bangu","","171","168","93","24","21","3","3","75","69","3"
"2022/2023","Female","all","NABTEB","University","ward","Dadiya","North East","Gombe","Balanga","Dadiya","","111","109","64","20","17","3","2","45","44","3"
"2022/2023","Female","all","NABTEB","University","ward","Bajoga","North East","Gombe","Gombe","Bajoga","","106","104","53","16","13","3","2","51","38","3"
"2022/2023","Female","all","NABTEB","University","ward","Awak","North East","Gombe","Kaltungo","Awak","","191","188","112","46","39","7","3","76","66","7"
"2022/2023","Female","all","NABTEB","University","ward","Bule / Kaltin","North East","Gombe","Kaltungo","Bule / Kaltin","","200","197","111","44","39","6","3","86","67","6"
"2022/2023","Female","all","NABTEB","University","ward","Kaltungo East","North East","Gombe","Kaltungo","Kaltungo East","","205","202","121","32","26","6","3","81","89","6"
"2022/2023","Female","all","NABTEB","University","ward","Difa / Lubo / Kinafa","North East","Gombe","Yamaltu/Deba","Difa / Lubo / Kinafa","","118","116","66","20","17","3","2","50","47","3"
"2022/2023","Female","all","NABTEB","University","ward","Gwani / Shinga / Wade","North East","Gombe","Yamaltu/Deba","Gwani / Shinga / Wade","","71","70","38","12","13","0","1","32","27","0"
"2022/2023","Female","all","NECO","College of Education","ward","Bambam","North East","Gombe","Balanga","Bambam","","292","287","166","63","57","6","5","121","104","6"
"2022/2023","Female","all","NECO","College of Education","ward","Bangu","North East","Gombe","Balanga","Bangu","","202","199","115","49","44","5","3","84","67","5"
"2022/2023","Female","all","NECO","College of Education","ward","Dadiya","North East","Gombe","Balanga","Dadiya","","354","349","202","75","69","6","5","147","127","6"
"2022/2023","Female","all","NECO","College of Education","ward","Ajiya","North East","Gombe","Gombe","Ajiya","","191","188","109","38","33","5","3","79","71","5"
"2022/2023","Female","all","NECO","College of Education","ward","Bolari East","North East","Gombe","Gombe","Bolari East","","130","128","74","30","28","2","2","54","44","2"
"2022/2023","Female","all","NECO","College of Education","ward","Awak","North East","Gombe","Kaltungo","Awak","","305","300","182","68","61","7","5","118","114","7"
"2022/2023","Female","all","NECO","College of Education","ward","Kaltungo East","North East","Gombe","Kaltungo","Kaltungo East","","119","117","68","22","20","2","2","49","47","2"
"2022/2023","Female","all","NECO","College of Education","ward","Barwo / Nasarawo","North East","Gombe","Nafada","Barwo / Nasarawo","","186","183","100","38","37","1","3","83","62","1"
"2022/2023","Female","all","NECO","College of Education","ward","Barwo Winde","North East","Gombe","Nafada","Barwo Winde","","507","500","287","120","109","11","7","213","167","11"
"2022/2023","Female","all","NECO","College of Education","ward","Birin Bolewa","North East","Gombe","Nafada","Birin Bolewa","","303","298","187","74","70","5","5","111","112","5"
"2022/2023","Female","all","NECO","College of Education","ward","Deba","North East","Gombe","Yamaltu/Deba","Deba","","437","430","241","91","81","10","7","189","151","10"
"2022/2023","Female","all","NECO","College of Education","ward","Difa / Lubo / Kinafa","North East","Gombe","Yamaltu/Deba","Difa / Lubo / Kinafa","","353","347","209","79","74","5","6","138","131","5"
"2022/2023","Female","all","NECO","College of Education","ward","Gwani / Shinga / Wade","North East","Gombe","Yamaltu/Deba","Gwani / Shinga / Wade","","554","546","335","127","115","12","8","211","208","12"
"2022/2023","Female","all","NECO","Polytechnic","ward","Bambam","North East","Gombe","Balanga","Bambam","","100","99","62","26","24","2","1","37","37","2"
"2022/2023","Female","all","NECO","Polytechnic","ward","Dadiya","North East","Gombe","Balanga","Dadiya","","191","188","111","41","37","4","3","77","70","4"
"2022/2023","Female","all","NECO","Polytechnic","ward","Ajiya","North East","Gombe","Gombe","Ajiya","","517","510","300","109","103","6","7","210","191","6"
"2022/2023","Female","all","NECO","Polytechnic","ward","Bajoga","North East","Gombe","Gombe","Bajoga","","590","581","339","129","118","11","9","242","211","11"
"2022/2023","Female","all","NECO","Polytechnic","ward","Bolari East","North East","Gombe","Gombe","Bolari East","","376","370","219","90","85","5","6","151","129","5"
"2022/2023","Female","all","NECO","Polytechnic","ward","Bule / Kaltin","North East","Gombe","Kaltungo","Bule / Kaltin","","171","168","106","41","37","4","3","62","66","4"
"2022/2023","Female","all","NECO","Polytechnic","ward","Kaltungo East","North East","Gombe","Kaltungo","Kaltungo East","","195","192","110","30","28","2","3","82","80","2"
"2022/2023","Female","all","NECO","Polytechnic","ward","Barwo / Nasarawo","North East","Gombe","Nafada","Barwo / Nasarawo","","565","556","318","119","110","9","9","238","199","9"
"2022/2023","Female","all","NECO","Polytechnic","ward","Birin Bolewa","North East","Gombe","Nafada","Birin Bolewa","","377","371","229","90","82","8","6","142","140","8"
"2022/2023","Female","all","NECO","Polytechnic","ward","Deba","North East","Gombe","Yamaltu/Deba","Deba","","248","245","144","60","53","7","3","101","85","7"
"2022/2023","Female","all","NECO","Polytechnic","ward","Difa / Lubo / Kinafa","North East","Gombe","Yamaltu/Deba","Difa / Lubo / Kinafa","","95","94","53","19","16","3","1","41","35","3"
"2022/2023","Female","all","NECO","University","ward","Bambam","North East","Gombe","Balanga","Bambam","","111","109","62","30","28","2","2","47","33","2"
"2022/2023","Female","all","NECO","University","ward","Bangu","North East","Gombe","Balanga","Bangu","","277","273","154","56","49","7","4","119","99","7"
"2022/2023","Female","all","NECO","University","ward","Dadiya","North East","Gombe","Balanga","Dadiya","","215","212","127","45","41","4","3","85","83","4"
"2022/2023","Female","all","NECO","University","ward","Bajoga","North East","Gombe","Gombe","Bajoga","","184","181","104","38","33","5","3","77","67","5"
"2022/2023","Female","all","NECO","University","ward","Awak","North East","Gombe","Kaltungo","Awak","","350","345","198","75","69","6","5","147","124","6"
"2022/2023","Female","all","NECO","University","ward","Bule / Kaltin","North East","Gombe","Kaltungo","Bule / Kaltin","","388","382","223","90","81","9","6","159","133","9"
"2022/2023","Female","all","NECO","University","ward","Kaltungo East","North East","Gombe","Kaltungo","Kaltungo East","","370","364","220","87","82","5","6","144","133","5"
"2022/2023","Female","all","NECO","University","ward","Difa / Lubo / Kinafa","North East","Gombe","Yamaltu/Deba","Difa / Lubo / Kinafa","","223","220","124","45","41","4","3","96","80","4"
"2022/2023","Female","all","NECO","University","ward","Gwani / Shinga / Wade","North East","Gombe","Yamaltu/Deba","Gwani / Shinga / Wade","","113","111","64","26","24","2","2","47","38","2"
"2022/2023","Female","all","WAEC","College of Education","ward","Bambam","North East","Gombe","Balanga","Bambam","","391","385","225","82","71","11","6","160","143","11"
"2022/2023","Female","all","WAEC","College of Education","ward","Bangu","North East","Gombe","Balanga","Bangu","","237","233","138","54","52","2","4","95","84","2"
"2022/2023","Female","all","WAEC","College of Education","ward","Dadiya","North East","Gombe","Balanga","Dadiya","","453","446","268","91","81","10","7","178","177","10"
"2022/2023","Female","all","WAEC","College of Education","ward","Ajiya","North East","Gombe","Gombe","Ajiya","","313","308","183","55","49","6","5","125","128","6"
"2022/2023","Female","all","WAEC","College of Education","ward","Bolari East","North East","Gombe","Gombe","Bolari East","","167","165","97","39","36","3","2","68","58","3"
"2022/2023","Female","all","WAEC","College of Education","ward","Awak","North East","Gombe","Kaltungo","Awak","","411","405","240","88","78","10","6","165","152","10"
"2022/2023","Female","all","WAEC","College of Education","ward","Kaltungo East","North East","Gombe","Kaltungo","Kaltungo East","","145","143","81","30","29","1","2","62","51","1"
"2022/2023","Female","all","WAEC","College of Education","ward","Barwo / Nasarawo","North East","Gombe","Nafada","Barwo / Nasarawo","","217","214","123","39","36","3","3","91","85","3"
"2022/2023","Female","all","WAEC","College of Education","ward","Barwo Winde","North East","Gombe","Nafada","Barwo Winde","","665","656","393","145","132","13","9","263","248","13"
"2022/2023","Female","all","WAEC","College of Education","ward","Birin Bolewa","North East","Gombe","Nafada","Birin Bolewa","","422","416","254","104","94","10","6","162","150","10"
"2022/2023","Female","all","WAEC","College of Education","ward","Deba","North East","Gombe","Yamaltu/Deba","Deba","","527","520","307","106","97","9","7","213","201","9"
"2022/2023","Female","all","WAEC","College of Education","ward","Difa / Lubo / Kinafa","North East","Gombe","Yamaltu/Deba","Difa / Lubo / Kinafa","","505","498","298","113","101","12","7","200","185","12"
"2022/2023","Female","all","WAEC","College of Education","ward","Gwani / Shinga / Wade","North East","Gombe","Yamaltu/Deba","Gwani / Shinga / Wade","","739","729","441","152","133","19","10","288","289","19"
"2022/2023","Female","all","WAEC","Polytechnic","ward","Bambam","North East","Gombe","Balanga","Bambam","","125","123","71","24","23","1","2","52","47","1"
"2022/2023","Female","all","WAEC","Polytechnic","ward","Dadiya","North East","Gombe","Balanga","Dadiya","","264","260","154","49","45","4","4","106","105","4"
"2022/2023","Female","all","WAEC","Polytechnic","ward","Ajiya","North East","Gombe","Gombe","Ajiya","","651","641","361","112","101","11","10","280","249","11"
"2022/2023","Female","all","WAEC","Polytechnic","ward","Bajoga","North East","Gombe","Gombe","Bajoga","","781","769","450","167","152","15","12","319","283","15"
"2022/2023","Female","all","WAEC","Polytechnic","ward","Bolari East","North East","Gombe","Gombe","Bolari East","","480","473","265","93","87","6","7","208","172","6"
"2022/2023","Female","all","WAEC","Polytechnic","ward","Bule / Kaltin","North East","Gombe","Kaltungo","Bule / Kaltin","","208","205","124","39","36","3","3","81","85","3"
"2022/2023","Female","all","WAEC","Polytechnic","ward","Kaltungo East","North East","Gombe","Kaltungo","Kaltungo East","","231","228","134","46","42","4","3","94","88","4"
"2022/2023","Female","all","WAEC","Polytechnic","ward","Barwo / Nasarawo","North East","Gombe","Nafada","Barwo / Nasarawo","","757","746","434","149","129","20","11","312","285","20"
"2022/2023","Female","all","WAEC","Polytechnic","ward","Birin Bolewa","North East","Gombe","Nafada","Birin Bolewa","","490","483","296","122","113","9","7","187","174","9"
"2022/2023","Female","all","WAEC","Polytechnic","ward","Deba","North East","Gombe","Yamaltu/Deba","Deba","","345","340","207","79","75","4","5","133","128","4"
"2022/2023","Female","all","WAEC","Polytechnic","ward","Difa / Lubo / Kinafa","North East","Gombe","Yamaltu/Deba","Difa / Lubo / Kinafa","","145","143","83","27","26","1","2","60","56","1"
"2022/2023","Female","all","WAEC","University","ward","Bambam","North East","Gombe","Balanga","Bambam","","125","123","73","30","29","1","2","50","43","1"
"2022/2023","Female","all","WAEC","University","ward","Bangu","North East","Gombe","Balanga","Bangu","","381","376","217","67","62","5","5","159","150","5"
"2022/2023","Female","all","WAEC","University","ward","Dadiya","North East","Gombe","Balanga","Dadiya","","291","287","167","58","52","6","4","120","110","6"
"2022/2023","Female","all","WAEC","University","ward","Bajoga","North East","Gombe","Gombe","Bajoga","","264","260","142","45","39","6","4","118","97","6"
"2022/2023","Female","all","WAEC","University","ward","Awak","North East","Gombe","Kaltungo","Awak","","417","411","242","88","81","7","6","169","154","7"
"2022/2023","Female","all","WAEC","University","ward","Bule / Kaltin","North East","Gombe","Kaltungo","Bule / Kaltin","","488","481","280","105","94","11","7","201","175","11"
"2022/2023","Female","all","WAEC","University","ward","Kaltungo East","North East","Gombe","Kaltungo","Kaltungo East","","554","546","314","106","97","9","8","232","208","9"
"2022/2023","Female","all","WAEC","University","ward","Difa / Lubo / Kinafa","North East","Gombe","Yamaltu/Deba","Difa / Lubo / Kinafa","","303","299","171","67","58","9","4","128","105","9"
"2022/2023","Female","all","WAEC","University","ward","Gwani / Shinga / Wade","North East","Gombe","Yamaltu/Deba","Gwani / Shinga / Wade","","152","150","89","30","29","1","2","61","59","1"
"2022/2023","Female","disabled","NABTEB","College of Education","ward","Bambam","North East","Gombe","Balanga","Bambam","","19","19","11","7","7","0","0","8","4","0"
"2022/2023","Female","disabled","NABTEB","College of Education","ward","Bangu","North East","Gombe","Balanga","Bangu","","17","17","8","7","7","0","0","8","2","0"
"2022/2023","Female","disabled","NABTEB","College of Education","ward","Dadiya","North East","Gombe","Balanga","Dadiya","","20","20","10","8","9","0","0","10","2","0"
"2022/2023","Female","disabled","NABTEB","College of Education","ward","Ajiya","North East","Gombe","Gombe","Ajiya","","10","10","5","4","4","0","0","5","1","0"
"2022/2023","Female","disabled","NABTEB","College of Education","ward","Bolari East","North East","Gombe","Gombe","Bolari East","","8","8","4","3","4","0","0","4","1","0"
"2022/2023","Female","disabled","NABTEB","College of Education","ward","Awak","North East","Gombe","Kaltungo","Awak","","17","17","8","7","7","0","0","8","2","0"
"2022/2023","Female","disabled","NABTEB","College of Education","ward","Kaltungo East","North East","Gombe","Kaltungo","Kaltungo East","","8","8","4","0","0","0","0","4","4","0"
"2022/2023","Female","disabled","NABTEB","College of Education","ward","Barwo / Nasarawo","North East","Gombe","Nafada","Barwo / Nasarawo","","8","8","4","3","3","0","0","4","1","0"
"2022/2023","Female","disabled","NABTEB","College of Education","ward","Barwo Winde","North East","Gombe","Nafada","Barwo Winde","","42","42","22","8","8","0","0","20","14","0"
"2022/2023","Female","disabled","NABTEB","College of Education","ward","Birin Bolewa","North East","Gombe","Nafada","Birin Bolewa","","17","17","8","7","7","0","0","8","2","0"
"2022/2023","Female","disabled","NABTEB","College of Education","ward","Deba","North East","Gombe","Yamaltu/Deba","Deba","","18","18","9","4","4","0","0","9","5","0"
"2022/2023","Female","disabled","NABTEB","College of Education","ward","Difa / Lubo / Kinafa","North East","Gombe","Yamaltu/Deba","Difa / Lubo / Kinafa","","21","21","12","8","8","0","0","9","5","0"
"2022/2023","Female","disabled","NABTEB","College of Education","ward","Gwani / Shinga / Wade","North East","Gombe","Yamaltu/Deba","Gwani / Shinga / Wade","","26","26","13","7","7","0","0","13","6","0"
"2022/2023","Female","disabled","NABTEB","Polytechnic","ward","Bambam","North East","Gombe","Balanga","Bambam","","8","8","4","3","3","0","0","4","1","0"
"2022/2023","Female","disabled","NABTEB","Polytechnic","ward","Dadiya","North East","Gombe","Balanga","Dadiya","","10","10","5","4","5","0","0","5","1","0"
"2022/2023","Female","disabled","NABTEB","Polytechnic","ward","Ajiya","North East","Gombe","Gombe","Ajiya","","29","29","14","0","0","0","0","14","14","0"
"2022/2023","Female","disabled","NABTEB","Polytechnic","ward","Bajoga","North East","Gombe","Gombe","Bajoga","","35","35","19","8","9","0","0","16","11","0"
"2022/2023","Female","disabled","NABTEB","Polytechnic","ward","Bolari East","North East","Gombe","Gombe","Bolari East","","26","26","13","7","8","0","0","13","6","0"
"2022/2023","Female","disabled","NABTEB","Polytechnic","ward","Bule / Kaltin","North East","Gombe","Kaltungo","Bule / Kaltin","","10","10","5","4","5","0","0","5","1","0"
"2022/2023","Female","disabled","NABTEB","Polytechnic","ward","Kaltungo East","North East","Gombe","Kaltungo","Kaltungo East","","14","14","8","0","0","0","0","6","8","0"
"2022/2023","Female","disabled","NABTEB","Polytechnic","ward","Barwo / Nasarawo","North East","Gombe","Nafada","Barwo / Nasarawo","","30","30","16","7","7","0","0","14","9","0"
"2022/2023","Female","disabled","NABTEB","Polytechnic","ward","Birin Bolewa","North East","Gombe","Nafada","Birin Bolewa","","23","23","12","8","9","0","0","11","5","0"
"2022/2023","Female","disabled","NABTEB","Polytechnic","ward","Deba","North East","Gombe","Yamaltu/Deba","Deba","","17","17","8","7","7","0","0","8","2","0"
"2022/2023","Female","disabled","NABTEB","Polytechnic","ward","Difa / Lubo / Kinafa","North East","Gombe","Yamaltu/Deba","Difa / Lubo / Kinafa","","8","8","4","3","3","0","0","4","1","0"
"2022/2023","Female","disabled","NABTEB","University","ward","Bambam","North East","Gombe","Balanga","Bambam","","8","8","4","3","3","0","0","4","1","0"
"2022/2023","Female","disabled","NABTEB","University","ward","Bangu","North East","Gombe","Balanga","Bangu","","22","22","12","4","4","0","0","10","8","0"
"2022/2023","Female","disabled","NABTEB","University","ward","Dadiya","North East","Gombe","Balanga","Dadiya","","12","12","8","4","4","0","0","4","4","0"
"2022/2023","Female","disabled","NABTEB","University","ward","Bajoga","North East","Gombe","Gombe","Bajoga","","10","10","4","0","0","0","0","6","4","0"
"2022/2023","Female","disabled","NABTEB","University","ward","Awak","North East","Gombe","Kaltungo","Awak","","17","17","8","7","8","0","0","8","2","0"
"2022/2023","Female","disabled","NABTEB","University","ward","Bule / Kaltin","North East","Gombe","Kaltungo","Bule / Kaltin","","29","29","14","12","14","0","0","14","3","0"
"2022/2023","Female","disabled","NABTEB","University","ward","Kaltungo East","North East","Gombe","Kaltungo","Kaltungo East","","24","24","13","4","4","0","0","11","9","0"
"2022/2023","Female","disabled","NABTEB","University","ward","Difa / Lubo / Kinafa","North East","Gombe","Yamaltu/Deba","Difa / Lubo / Kinafa","","13","13","7","4","4","0","0","6","4","0"
"2022/2023","Female","disabled","NABTEB","University","ward","Gwani / Shinga / Wade","North East","Gombe","Yamaltu/Deba","Gwani / Shinga / Wade","","8","8","4","3","3","0","0","4","1","0"
"2022/2023","Female","disabled","NECO","College of Education","ward","Bambam","North East","Gombe","Balanga","Bambam","","33","33","17","8","8","0","0","16","10","0"
"2022/2023","Female","disabled","NECO","College of Education","ward","Bangu","North East","Gombe","Balanga","Bangu","","22","22","11","8","8","0","0","11","3","0"
"2022/2023","Female","disabled","NECO","College of Education","ward","Dadiya","North East","Gombe","Balanga","Dadiya","","33","33","17","8","8","0","0","16","10","0"
"2022/2023","Female","disabled","NECO","College of Education","ward","Ajiya","North East","Gombe","Gombe","Ajiya","","15","15","9","4","4","0","0","6","5","0"
"2022/2023","Female","disabled","NECO","College of Education","ward","Bolari East","North East","Gombe","Gombe","Bolari East","","10","10","7","4","4","0","0","3","3","0"
"2022/2023","Female","disabled","NECO","College of Education","ward","Awak","North East","Gombe","Kaltungo","Awak","","28","28","16","8","8","0","0","12","8","0"
"2022/2023","Female","disabled","NECO","College of Education","ward","Kaltungo East","North East","Gombe","Kaltungo","Kaltungo East","","13","13","7","4","4","0","0","6","3","0"
"2022/2023","Female","disabled","NECO","College of Education","ward","Barwo / Nasarawo","North East","Gombe","Nafada","Barwo / Nasarawo","","18","18","9","3","3","0","0","9","6","0"
"2022/2023","Female","disabled","NECO","College of Education","ward","Barwo Winde","North East","Gombe","Nafada","Barwo Winde","","61","61","33","19","20","0","0","28","14","0"
"2022/2023","Female","disabled","NECO","College of Education","ward","Birin Bolewa","North East","Gombe","Nafada","Birin Bolewa","","36","36","20","8","8","0","0","16","12","0"
"2022/2023","Female","disabled","NECO","College of Education","ward","Deba","North East","Gombe","Yamaltu/Deba","Deba","","39","39","20","8","8","0","0","19","12","0"
"2022/2023","Female","disabled","NECO","College of Education","ward","Difa / Lubo / Kinafa","North East","Gombe","Yamaltu/Deba","Difa / Lubo / Kinafa","","35","35","20","7","7","0","0","15","13","0"
"2022/2023","Female","disabled","NECO","College of Education","ward","Gwani / Shinga / Wade","North East","Gombe","Yamaltu/Deba","Gwani / Shinga / Wade","","40","40","21","11","11","0","0","19","10","0"
"2022/2023","Female","disabled","NECO","Polytechnic","ward","Bambam","North East","Gombe","Balanga","Bambam","","10","10","7","4","4","0","0","3","3","0"
"2022/2023","Female","disabled","NECO","Polytechnic","ward","Dadiya","North East","Gombe","Balanga","Dadiya","","20","20","10","4","4","0","0","10","7","0"
"2022/2023","Female","disabled","NECO","Polytechnic","ward","Ajiya","North East","Gombe","Gombe","Ajiya","","52","52","27","12","12","0","0","25","15","0"
"2022/2023","Female","disabled","NECO","Polytechnic","ward","Bajoga","North East","Gombe","Gombe","Bajoga","","60","60","34","15","16","0","0","26","19","0"
"2022/2023","Female","disabled","NECO","Polytechnic","ward","Bolari East","North East","Gombe","Gombe","Bolari East","","38","38","23","12","12","0","0","15","11","0"
"2022/2023","Female","disabled","NECO","Polytechnic","ward","Bule / Kaltin","North East","Gombe","Kaltungo","Bule / Kaltin","","17","17","10","4","4","0","0","7","7","0"
"2022/2023","Female","disabled","NECO","Polytechnic","ward","Kaltungo East","North East","Gombe","Kaltungo","Kaltungo East","","24","24","12","4","4","0","0","12","8","0"
"2022/2023","Female","disabled","NECO","Polytechnic","ward","Barwo / Nasarawo","North East","Gombe","Nafada","Barwo / Nasarawo","","64","64","34","12","12","0","0","30","23","0"
"2022/2023","Female","disabled","NECO","Polytechnic","ward","Birin Bolewa","North East","Gombe","Nafada","Birin Bolewa","","39","39","20","8","8","0","0","19","12","0"
"2022/2023","Female","disabled","NECO","Polytechnic","ward","Deba","North East","Gombe","Yamaltu/Deba","Deba","","31","31","18","8","8","0","0","13","10","0"
"2022/2023","Female","disabled","NECO","Polytechnic","ward","Difa / Lubo / Kinafa","North East","Gombe","Yamaltu/Deba","Difa / Lubo / Kinafa","","8","8","6","3","3","0","0","2","2","0"
"2022/2023","Female","disabled","NECO","University","ward","Bambam","North East","Gombe","Balanga","Bambam","","9","9","4","4","4","0","0","5","0","0"
"2022/2023","Female","disabled","NECO","University","ward","Bangu","North East","Gombe","Balanga","Bangu","","38","38","17","4","4","0","0","21","13","0"
"2022/2023","Female","disabled","NECO","University","ward","Dadiya","North East","Gombe","Balanga","Dadiya","","24","24","12","4","4","0","0","12","8","0"
"2022/2023","Female","disabled","NECO","University","ward","Bajoga","North East","Gombe","Gombe","Bajoga","","17","17","8","4","4","0","0","8","5","0"
"2022/2023","Female","disabled","NECO","University","ward","Awak","North East","Gombe","Kaltungo","Awak","","31","31","16","8","8","0","0","15","8","0"
"2022/2023","Female","disabled","NECO","University","ward","Bule / Kaltin","North East","Gombe","Kaltungo","Bule / Kaltin","","33","33","19","11","11","0","0","14","8","0"
"2022/2023","Female","disabled","NECO","University","ward","Kaltungo East","North East","Gombe","Kaltungo","Kaltungo East","","43","43","23","8","8","0","0","20","16","0"
"2022/2023","Female","disabled","NECO","University","ward","Difa / Lubo / Kinafa","North East","Gombe","Yamaltu/Deba","Difa / Lubo / Kinafa","","27","27","13","4","4","0","0","14","9","0"
"2022/2023","Female","disabled","NECO","University","ward","Gwani / Shinga / Wade","North East","Gombe","Yamaltu/Deba","Gwani / Shinga / Wade","","10","10","4","4","4","0","0","6","0","0"
"2022/2023","Female","disabled","WAEC","College of Education","ward","Bambam","North East","Gombe","Balanga","Bambam","","45","45","25","9","10","0","0","20","16","0"
"2022/2023","Female","disabled","WAEC","College of Education","ward","Bangu","North East","Gombe","Balanga","Bangu","","24","24","12","5","5","0","0","12","7","0"
"2022/2023","Female","disabled","WAEC","College of Education","ward","Dadiya","North East","Gombe","Balanga","Dadiya","","35","35","18","6","6","0","0","17","13","0"
"2022/2023","Female","disabled","WAEC","College of Education","ward","Ajiya","North East","Gombe","Gombe","Ajiya","","26","26","13","3","3","0","0","13","10","0"
"2022/2023","Female","disabled","WAEC","College of Education","ward","Bolari East","North East","Gombe","Gombe","Bolari East","","10","10","5","2","2","0","0","5","2","0"
"2022/2023","Female","disabled","WAEC","College of Education","ward","Awak","North East","Gombe","Kaltungo","Awak","","39","39","22","5","5","0","0","17","16","0"
"2022/2023","Female","disabled","WAEC","College of Education","ward","Kaltungo East","North East","Gombe","Kaltungo","Kaltungo East","","10","10","5","2","2","0","0","5","2","0"
"2022/2023","Female","disabled","WAEC","College of Education","ward","Barwo / Nasarawo","North East","Gombe","Nafada","Barwo / Nasarawo","","27","27","14","3","3","0","0","14","11","0"
"2022/2023","Female","disabled","WAEC","College of Education","ward","Barwo Winde","North East","Gombe","Nafada","Barwo Winde","","78","77","42","14","15","0","1","35","28","0"
"2022/2023","Female","disabled","WAEC","College of Education","ward","Birin Bolewa","North East","Gombe","Nafada","Birin Bolewa","","47","47","26","11","11","0","0","21","15","0"
"2022/2023","Female","disabled","WAEC","College of Education","ward","Deba","North East","Gombe","Yamaltu/Deba","Deba","","51","51","29","9","10","0","0","22","20","0"
"2022/2023","Female","disabled","WAEC","College of Education","ward","Difa / Lubo / Kinafa","North East","Gombe","Yamaltu/Deba","Difa / Lubo / Kinafa","","51","51","27","8","9","0","0","24","19","0"
"2022/2023","Female","disabled","WAEC","College of Education","ward","Gwani / Shinga / Wade","North East","Gombe","Yamaltu/Deba","Gwani / Shinga / Wade","","58","58","32","8","8","0","0","26","23","0"
"2022/2023","Female","disabled","WAEC","Polytechnic","ward","Bambam","North East","Gombe","Balanga","Bambam","","11","11","6","3","3","0","0","6","3","0"
"2022/2023","Female","disabled","WAEC","Polytechnic","ward","Dadiya","North East","Gombe","Balanga","Dadiya","","29","29","15","6","7","0","0","14","10","0"
"2022/2023","Female","disabled","WAEC","Polytechnic","ward","Ajiya","North East","Gombe","Gombe","Ajiya","","60","60","31","8","8","0","0","29","23","0"
"2022/2023","Female","disabled","WAEC","Polytechnic","ward","Bajoga","North East","Gombe","Gombe","Bajoga","","84","83","47","12","12","0","1","36","36","0"
"2022/2023","Female","disabled","WAEC","Polytechnic","ward","Bolari East","North East","Gombe","Gombe","Bolari East","","48","48","24","8","8","0","0","24","16","0"
"2022/2023","Female","disabled","WAEC","Polytechnic","ward","Bule / Kaltin","North East","Gombe","Kaltungo","Bule / Kaltin","","18","18","11","3","3","0","0","7","8","0"
"2022/2023","Female","disabled","WAEC","Polytechnic","ward","Kaltungo East","North East","Gombe","Kaltungo","Kaltungo East","","29","29","15","3","3","0","0","14","13","0"
"2022/2023","Female","disabled","WAEC","Polytechnic","ward","Barwo / Nasarawo","North East","Gombe","Nafada","Barwo / Nasarawo","","82","82","43","12","13","0","0","39","31","0"
"2022/2023","Female","disabled","WAEC","Polytechnic","ward","Birin Bolewa","North East","Gombe","Nafada","Birin Bolewa","","47","47","28","8","9","0","0","19","20","0"
"2022/2023","Female","disabled","WAEC","Polytechnic","ward","Deba","North East","Gombe","Yamaltu/Deba","Deba","","37","37","20","8","9","0","0","17","12","0"
"2022/2023","Female","disabled","WAEC","Polytechnic","ward","Difa / Lubo / Kinafa","North East","Gombe","Yamaltu/Deba","Difa / Lubo / Kinafa","","13","13","7","3","3","0","0","6","4","0"
"2022/2023","Female","disabled","WAEC","University","ward","Bambam","North East","Gombe","Balanga","Bambam","","10","10","5","2","2","0","0","5","2","0"
"2022/2023","Female","disabled","WAEC","University","ward","Bangu","North East","Gombe","Balanga","Bangu","","47","46","23","9","10","0","1","23","14","0"
"2022/2023","Female","disabled","WAEC","University","ward","Dadiya","North East","Gombe","Balanga","Dadiya","","31","31","15","3","3","0","0","16","12","0"
"2022/2023","Female","disabled","WAEC","University","ward","Bajoga","North East","Gombe","Gombe","Bajoga","","27","27","14","3","3","0","0","14","11","0"
"2022/2023","Female","disabled","WAEC","University","ward","Awak","North East","Gombe","Kaltungo","Awak","","35","35","19","6","6","0","0","16","13","0"
"2022/2023","Female","disabled","WAEC","University","ward","Bule / Kaltin","North East","Gombe","Kaltungo","Bule / Kaltin","","42","42","24","8","8","0","0","18","16","0"
"2022/2023","Female","disabled","WAEC","University","ward","Kaltungo East","North East","Gombe","Kaltungo","Kaltungo East","","65","64","33","12","14","0","1","31","22","0"
"2022/2023","Female","disabled","WAEC","University","ward","Difa / Lubo / Kinafa","North East","Gombe","Yamaltu/Deba","Difa / Lubo / Kinafa","","35","34","17","6","7","0","1","17","12","0"
"2022/2023","Female","disabled","WAEC","University","ward","Gwani / Shinga / Wade","North East","Gombe","Yamaltu/Deba","Gwani / Shinga / Wade","","10","10","5","2","2","0","0","5","2","0"
"2022/2023","Male","all","NABTEB","College of Education","ward","Bambam","North East","Gombe","Balanga","Bambam","","181","178","98","32","26","6","3","80","66","6"
"2022/2023","Male","all","NABTEB","College of Education","ward","Bangu","North East","Gombe","Balanga","Bangu","","116","114","66","20","22","0","2","48","46","0"
"2022/2023","Male","all","NABTEB","College of Education","ward","Dadiya","North East","Gombe","Balanga","Dadiya","","195","192","116","36","30","6","3","76","80","6"
"2022/2023","Male","all","NABTEB","College of Education","ward","Ajiya","North East","Gombe","Gombe","Ajiya","","126","124","74","20","17","3","2","50","54","3"
"2022/2023","Male","all","NABTEB","College of Education","ward","Bolari East","North East","Gombe","Gombe","Bolari East","","65","64","40","16","16","0","1","24","24","0"
"2022/2023","Male","all","NABTEB","College of Education","ward","Awak","North East","Gombe","Kaltungo","Awak","","185","182","111","41","35","6","3","71","70","6"
"2022/2023","Male","all","NABTEB","College of Education","ward","Kaltungo East","North East","Gombe","Kaltungo","Kaltungo East","","61","60","35","8","9","0","1","25","28","0"
"2022/2023","Male","all","NABTEB","College of Education","ward","Barwo / Nasarawo","North East","Gombe","Nafada","Barwo / Nasarawo","","97","96","58","16","13","3","1","38","43","3"
"2022/2023","Male","all","NABTEB","College of Education","ward","Barwo Winde","North East","Gombe","Nafada","Barwo Winde","","274","269","159","48","47","3","5","110","112","3"
"2022/2023","Male","all","NABTEB","College of Education","ward","Birin Bolewa","North East","Gombe","Nafada","Birin Bolewa","","183","180","105","41","39","3","3","75","64","3"
"2022/2023","Male","all","NABTEB","College of Education","ward","Deba","North East","Gombe","Yamaltu/Deba","Deba","","208","204","118","37","35","3","4","86","81","3"
"2022/2023","Male","all","NABTEB","College of Education","ward","Difa / Lubo / Kinafa","North East","Gombe","Yamaltu/Deba","Difa / Lubo / Kinafa","","217","214","131","49","43","6","3","83","82","6"
"2022/2023","Male","all","NABTEB","College of Education","ward","Gwani / Shinga / Wade","North East","Gombe","Yamaltu/Deba","Gwani / Shinga / Wade","","305","301","181","56","47","9","4","120","126","9"
"2022/2023","Male","all","NABTEB","Polytechnic","ward","Bambam","North East","Gombe","Balanga","Bambam","","68","67","38","8","9","0","1","29","31","0"
"2022/2023","Male","all","NABTEB","Polytechnic","ward","Dadiya","North East","Gombe","Balanga","Dadiya","","111","109","64","16","17","0","2","45","48","0"
"2022/2023","Male","all","NABTEB","Polytechnic","ward","Ajiya","North East","Gombe","Gombe","Ajiya","","291","287","157","32","31","3","4","130","125","3"
"2022/2023","Male","all","NABTEB","Polytechnic","ward","Bajoga","North East","Gombe","Gombe","Bajoga","","299","294","167","49","44","6","5","127","118","6"
"2022/2023","Male","all","NABTEB","Polytechnic","ward","Bolari East","North East","Gombe","Gombe","Bolari East","","216","213","131","32","31","3","3","82","100","3"
"2022/2023","Male","all","NABTEB","Polytechnic","ward","Bule / Kaltin","North East","Gombe","Kaltungo","Bule / Kaltin","","91","90","56","20","17","3","1","34","36","3"
"2022/2023","Male","all","NABTEB","Polytechnic","ward","Kaltungo East","North East","Gombe","Kaltungo","Kaltungo East","","114","112","64","12","9","3","2","48","52","3"
"2022/2023","Male","all","NABTEB","Polytechnic","ward","Barwo / Nasarawo","North East","Gombe","Nafada","Barwo / Nasarawo","","334","328","177","48","43","6","6","151","129","6"
"2022/2023","Male","all","NABTEB","Polytechnic","ward","Birin Bolewa","North East","Gombe","Nafada","Birin Bolewa","","246","242","146","50","44","6","4","96","97","6"
"2022/2023","Male","all","NABTEB","Polytechnic","ward","Deba","North East","Gombe","Yamaltu/Deba","Deba","","135","133","83","28","26","3","2","50","56","3"
"2022/2023","Male","all","NABTEB","Polytechnic","ward","Difa / Lubo / Kinafa","North East","Gombe","Yamaltu/Deba","Difa / Lubo / Kinafa","","66","65","35","8","9","0","1","30","28","0"
"2022/2023","Male","all","NABTEB","University","ward","Bambam","North East","Gombe","Balanga","Bambam","","68","67","40","12","9","3","1","27","29","3"
"2022/2023","Male","all","NABTEB","University","ward","Bangu","North East","Gombe","Balanga","Bangu","","158","155","86","16","17","0","3","69","71","0"
"2022/2023","Male","all","NABTEB","University","ward","Dadiya","North East","Gombe","Balanga","Dadiya","","93","92","54","12","9","3","1","38","42","3"
"2022/2023","Male","all","NABTEB","University","ward","Bajoga","North East","Gombe","Gombe","Bajoga","","130","128","73","16","13","3","2","55","58","3"
"2022/2023","Male","all","NABTEB","University","ward","Awak","North East","Gombe","Kaltungo","Awak","","222","219","138","41","39","3","3","81","97","3"
"2022/2023","Male","all","NABTEB","University","ward","Bule / Kaltin","North East","Gombe","Kaltungo","Bule / Kaltin","","207","204","124","40","35","6","3","80","84","6"
"2022/2023","Male","all","NABTEB","University","ward","Kaltungo East","North East","Gombe","Kaltungo","Kaltungo East","","217","214","127","40","35","6","3","87","87","6"
"2022/2023","Male","all","NABTEB","University","ward","Difa / Lubo / Kinafa","North East","Gombe","Yamaltu/Deba","Difa / Lubo / Kinafa","","116","114","67","20","17","3","2","47","47","3"
"2022/2023","Male","all","NABTEB","University","ward","Gwani / Shinga / Wade","North East","Gombe","Yamaltu/Deba","Gwani / Shinga / Wade","","78","77","43","8","9","0","1","34","36","0"
"2022/2023","Male","all","NECO","College of Education","ward","Bambam","North East","Gombe","Balanga","Bambam","","311","306","176","56","52","4","5","130","120","4"
"2022/2023","Male","all","NECO","College of Education","ward","Bangu","North East","Gombe","Balanga","Bangu","","207","204","120","44","40","4","3","84","77","4"
"2022/2023","Male","all","NECO","College of Education","ward","Dadiya","North East","Gombe","Balanga","Dadiya","","373","368","214","76","70","6","5","154","139","6"
"2022/2023","Male","all","NECO","College of Education","ward","Ajiya","North East","Gombe","Gombe","Ajiya","","231","228","130","38","33","5","3","98","92","5"
"2022/2023","Male","all","NECO","College of Education","ward","Bolari East","North East","Gombe","Gombe","Bolari East","","116","114","71","26","24","2","2","43","46","2"
"2022/2023","Male","all","NECO","College of Education","ward","Awak","North East","Gombe","Kaltungo","Awak","","342","337","209","83","77","6","5","128","126","6"
"2022/2023","Male","all","NECO","College of Education","ward","Kaltungo East","North East","Gombe","Kaltungo","Kaltungo East","","103","101","57","19","16","3","2","44","38","3"
"2022/2023","Male","all","NECO","College of Education","ward","Barwo / Nasarawo","North East","Gombe","Nafada","Barwo / Nasarawo","","206","203","118","38","33","5","3","85","80","5"
"2022/2023","Male","all","NECO","College of Education","ward","Barwo Winde","North East","Gombe","Nafada","Barwo Winde","","508","501","284","104","96","8","7","217","180","8"
"2022/2023","Male","all","NECO","College of Education","ward","Birin Bolewa","North East","Gombe","Nafada","Birin Bolewa","","354","349","213","79","74","5","5","136","134","5"
"2022/2023","Male","all","NECO","College of Education","ward","Deba","North East","Gombe","Yamaltu/Deba","Deba","","462","455","263","91","81","10","7","192","172","10"
"2022/2023","Male","all","NECO","College of Education","ward","Difa / Lubo / Kinafa","North East","Gombe","Yamaltu/Deba","Difa / Lubo / Kinafa","","379","373","224","75","69","6","6","149","150","6"
"2022/2023","Male","all","NECO","College of Education","ward","Gwani / Shinga / Wade","North East","Gombe","Yamaltu/Deba","Gwani / Shinga / Wade","","553","545","317","102","90","12","8","228","216","12"
"2022/2023","Male","all","NECO","Polytechnic","ward","Bambam","North East","Gombe","Balanga","Bambam","","124","122","71","22","20","2","2","51","50","2"
"2022/2023","Male","all","NECO","Polytechnic","ward","Dadiya","North East","Gombe","Balanga","Dadiya","","210","207","115","34","33","1","3","92","82","1"
"2022/2023","Male","all","NECO","Polytechnic","ward","Ajiya","North East","Gombe","Gombe","Ajiya","","609","599","329","105","94","12","10","270","224","12"
"2022/2023","Male","all","NECO","Polytechnic","ward","Bajoga","North East","Gombe","Gombe","Bajoga","","589","580","334","113","106","7","9","246","221","7"
"2022/2023","Male","all","NECO","Polytechnic","ward","Bolari East","North East","Gombe","Gombe","Bolari East","","379","373","216","75","68","7","6","157","141","7"
"2022/2023","Male","all","NECO","Polytechnic","ward","Bule / Kaltin","North East","Gombe","Kaltungo","Bule / Kaltin","","191","188","109","38","33","5","3","79","71","5"
"2022/2023","Male","all","NECO","Polytechnic","ward","Kaltungo East","North East","Gombe","Kaltungo","Kaltungo East","","242","238","135","34","28","6","4","103","102","6"
"2022/2023","Male","all","NECO","Polytechnic","ward","Barwo / Nasarawo","North East","Gombe","Nafada","Barwo / Nasarawo","","634","625","366","117","106","11","9","259","250","11"
"2022/2023","Male","all","NECO","Polytechnic","ward","Birin Bolewa","North East","Gombe","Nafada","Birin Bolewa","","413","407","241","94","86","8","6","166","148","8"
"2022/2023","Male","all","NECO","Polytechnic","ward","Deba","North East","Gombe","Yamaltu/Deba","Deba","","276","272","170","68","61","7","4","102","102","7"
"2022/2023","Male","all","NECO","Polytechnic","ward","Difa / Lubo / Kinafa","North East","Gombe","Yamaltu/Deba","Difa / Lubo / Kinafa","","111","109","62","22","20","2","2","47","41","2"
"2022/2023","Male","all","NECO","University","ward","Bambam","North East","Gombe","Balanga","Bambam","","134","132","80","30","28","2","2","52","51","2"
"2022/2023","Male","all","NECO","University","ward","Bangu","North East","Gombe","Balanga","Bangu","","267","263","151","41","36","5","4","112","111","5"
"2022/2023","Male","all","NECO","University","ward","Dadiya","North East","Gombe","Balanga","Dadiya","","199","196","113","38","33","5","3","83","75","5"
"2022/2023","Male","all","NECO","University","ward","Bajoga","North East","Gombe","Gombe","Bajoga","","202","199","113","30","24","6","3","86","84","6"
"2022/2023","Male","all","NECO","University","ward","Awak","North East","Gombe","Kaltungo","Awak","","389","384","226","75","69","6","5","158","151","6"
"2022/2023","Male","all","NECO","University","ward","Bule / Kaltin","North East","Gombe","Kaltungo","Bule / Kaltin","","424","417","245","74","68","6","7","172","171","6"
"2022/2023","Male","all","NECO","University","ward","Kaltungo East","North East","Gombe","Kaltungo","Kaltungo East","","389","384","218","71","65","6","5","166","148","6"
"2022/2023","Male","all","NECO","University","ward","Difa / Lubo / Kinafa","North East","Gombe","Yamaltu/Deba","Difa / Lubo / Kinafa","","219","216","124","38","33","5","3","92","86","5"
"2022/2023","Male","all","NECO","University","ward","Gwani / Shinga / Wade","North East","Gombe","Yamaltu/Deba","Gwani / Shinga / Wade","","129","127","71","22","20","2","2","56","50","2"
"2022/2023","Male","all","WAEC","College of Education","ward","Bambam","North East","Gombe","Balanga","Bambam","","417","411","247","75","68","7","6","164","172","7"
"2022/2023","Male","all","WAEC","College of Education","ward","Bangu","North East","Gombe","Balanga","Bangu","","270","266","154","51","46","5","4","112","103","5"
"2022/2023","Male","all","WAEC","College of Education","ward","Dadiya","North East","Gombe","Balanga","Dadiya","","447","440","253","84","75","9","7","187","169","9"
"2022/2023","Male","all","WAEC","College of Education","ward","Ajiya","North East","Gombe","Gombe","Ajiya","","335","330","195","64","58","6","5","135","131","6"
"2022/2023","Male","all","WAEC","College of Education","ward","Bolari East","North East","Gombe","Gombe","Bolari East","","165","163","95","33","29","4","2","68","62","4"
"2022/2023","Male","all","WAEC","College of Education","ward","Awak","North East","Gombe","Kaltungo","Awak","","426","420","245","81","71","10","6","175","164","10"
"2022/2023","Male","all","WAEC","College of Education","ward","Kaltungo East","North East","Gombe","Kaltungo","Kaltungo East","","127","125","71","21","19","2","2","54","50","2"
"2022/2023","Male","all","WAEC","College of Education","ward","Barwo / Nasarawo","North East","Gombe","Nafada","Barwo / Nasarawo","","231","228","134","42","39","3","3","94","92","3"
"2022/2023","Male","all","WAEC","College of Education","ward","Barwo Winde","North East","Gombe","Nafada","Barwo Winde","","680","671","387","127","113","14","9","284","260","14"
"2022/2023","Male","all","WAEC","College of Education","ward","Birin Bolewa","North East","Gombe","Nafada","Birin Bolewa","","473","466","280","110","101","9","7","186","170","9"
"2022/2023","Male","all","WAEC","College of Education","ward","Deba","North East","Gombe","Yamaltu/Deba","Deba","","563","555","328","109","101","8","8","227","219","8"
"2022/2023","Male","all","WAEC","College of Education","ward","Difa / Lubo / Kinafa","North East","Gombe","Yamaltu/Deba","Difa / Lubo / Kinafa","","548","540","329","125","110","15","8","211","205","15"
"2022/2023","Male","all","WAEC","College of Education","ward","Gwani / Shinga / Wade","North East","Gombe","Yamaltu/Deba","Gwani / Shinga / Wade","","782","771","454","149","137","12","11","317","305","12"
"2022/2023","Male","all","WAEC","Polytechnic","ward","Bambam","North East","Gombe","Balanga","Bambam","","157","155","89","30","29","1","2","66","59","1"
"2022/2023","Male","all","WAEC","Polytechnic","ward","Dadiya","North East","Gombe","Balanga","Dadiya","","274","270","158","49","45","4","4","112","109","4"
"2022/2023","Male","all","WAEC","Polytechnic","ward","Ajiya","North East","Gombe","Gombe","Ajiya","","777","766","433","130","113","17","11","333","303","17"
"2022/2023","Male","all","WAEC","Polytechnic","ward","Bajoga","North East","Gombe","Gombe","Bajoga","","769","758","444","146","130","16","11","314","298","16"
"2022/2023","Male","all","WAEC","Polytechnic","ward","Bolari East","North East","Gombe","Gombe","Bolari East","","498","490","278","87","78","9","8","212","192","9"
"2022/2023","Male","all","WAEC","Polytechnic","ward","Bule / Kaltin","North East","Gombe","Kaltungo","Bule / Kaltin","","203","200","112","39","36","3","3","88","73","3"
"2022/2023","Male","all","WAEC","Polytechnic","ward","Kaltungo East","North East","Gombe","Kaltungo","Kaltungo East","","299","295","154","39","36","3","4","141","115","3"
"2022/2023","Male","all","WAEC","Polytechnic","ward","Barwo / Nasarawo","North East","Gombe","Nafada","Barwo / Nasarawo","","800","788","456","133","120","13","12","332","323","13"
"2022/2023","Male","all","WAEC","Polytechnic","ward","Birin Bolewa","North East","Gombe","Nafada","Birin Bolewa","","541","533","331","119","104","15","8","202","212","15"
"2022/2023","Male","all","WAEC","Polytechnic","ward","Deba","North East","Gombe","Yamaltu/Deba","Deba","","378","373","225","78","74","4","5","148","147","4"
"2022/2023","Male","all","WAEC","Polytechnic","ward","Difa / Lubo / Kinafa","North East","Gombe","Yamaltu/Deba","Difa / Lubo / Kinafa","","164","162","90","27","26","1","2","72","64","1"
"2022/2023","Male","all","WAEC","University","ward","Bambam","North East","Gombe","Balanga","Bambam","","142","140","83","27","23","4","2","57","56","4"
"2022/2023","Male","all","WAEC","University","ward","Bangu","North East","Gombe","Balanga","Bangu","","394","388","211","67","58","9","6","177","144","9"
"2022/2023","Male","all","WAEC","University","ward","Dadiya","North East","Gombe","Balanga","Dadiya","","267","263","146","42","39","3","4","117","104","3"
"2022/2023","Male","all","WAEC","University","ward","Bajoga","North East","Gombe","Gombe","Bajoga","","278","274","155","42","39","3","4","119","114","3"
"2022/2023","Male","all","WAEC","University","ward","Awak","North East","Gombe","Kaltungo","Awak","","525","518","298","106","97","9","7","220","192","9"
"2022/2023","Male","all","WAEC","University","ward","Bule / Kaltin","North East","Gombe","Kaltungo","Bule / Kaltin","","529","521","302","96","84","12","8","219","206","12"
"2022/2023","Male","all","WAEC","University","ward","Kaltungo East","North East","Gombe","Kaltungo","Kaltungo East","","591","583","333","103","93","10","8","250","230","10"
"2022/2023","Male","all","WAEC","University","ward","Difa / Lubo / Kinafa","North East","Gombe","Yamaltu/Deba","Difa / Lubo / Kinafa","","328","323","195","61","52","9","5","128","134","9"
"2022/2023","Male","all","WAEC","University","ward","Gwani / Shinga / Wade","North East","Gombe","Yamaltu/Deba","Gwani / Shinga / Wade","","183","180","101","27","26","1","3","79","74","1"
"2022/2023","Male","disabled","NABTEB","College of Education","ward","Bambam","North East","Gombe","Balanga","Bambam","","19","19","9","3","3","0","0","10","5","0"
"2022/2023","Male","disabled","NABTEB","College of Education","ward","Bangu","North East","Gombe","Balanga","Bangu","","17","17","8","3","3","0","0","8","5","0"
"2022/2023","Male","disabled","NABTEB","College of Education","ward","Dadiya","North East","Gombe","Balanga","Dadiya","","20","20","10","4","4","0","0","10","6","0"
"2022/2023","Male","disabled","NABTEB","College of Education","ward","Ajiya","North East","Gombe","Gombe","Ajiya","","9","9","4","4","4","0","0","4","1","0"
"2022/2023","Male","disabled","NABTEB","College of Education","ward","Bolari East","North East","Gombe","Gombe","Bolari East","","8","8","4","3","3","0","0","4","1","0"
"2022/2023","Male","disabled","NABTEB","College of Education","ward","Awak","North East","Gombe","Kaltungo","Awak","","17","17","8","3","4","0","0","8","5","0"
"2022/2023","Male","disabled","NABTEB","College of Education","ward","Kaltungo East","North East","Gombe","Kaltungo","Kaltungo East","","10","10","5","0","0","0","0","5","5","0"
"2022/2023","Male","disabled","NABTEB","College of Education","ward","Barwo / Nasarawo","North East","Gombe","Nafada","Barwo / Nasarawo","","10","10","7","3","3","0","0","3","3","0"
"2022/2023","Male","disabled","NABTEB","College of Education","ward","Barwo Winde","North East","Gombe","Nafada","Barwo Winde","","42","42","22","11","12","0","0","20","10","0"
"2022/2023","Male","disabled","NABTEB","College of Education","ward","Birin Bolewa","North East","Gombe","Nafada","Birin Bolewa","","20","20","12","7","7","0","0","8","5","0"
"2022/2023","Male","disabled","NABTEB","College of Education","ward","Deba","North East","Gombe","Yamaltu/Deba","Deba","","17","17","8","3","3","0","0","8","5","0"
"2022/2023","Male","disabled","NABTEB","College of Education","ward","Difa / Lubo / Kinafa","North East","Gombe","Yamaltu/Deba","Difa / Lubo / Kinafa","","24","24","13","8","8","0","0","11","5","0"
"2022/2023","Male","disabled","NABTEB","College of Education","ward","Gwani / Shinga / Wade","North East","Gombe","Yamaltu/Deba","Gwani / Shinga / Wade","","26","26","13","3","3","0","0","13","10","0"
"2022/2023","Male","disabled","NABTEB","Polytechnic","ward","Bambam","North East","Gombe","Balanga","Bambam","","8","8","4","0","0","0","0","4","4","0"
"2022/2023","Male","disabled","NABTEB","Polytechnic","ward","Dadiya","North East","Gombe","Balanga","Dadiya","","12","12","8","4","4","0","0","4","4","0"
"2022/2023","Male","disabled","NABTEB","Polytechnic","ward","Ajiya","North East","Gombe","Gombe","Ajiya","","27","27","14","0","0","0","0","14","14","0"
"2022/2023","Male","disabled","NABTEB","Polytechnic","ward","Bajoga","North East","Gombe","Gombe","Bajoga","","33","33","17","4","4","0","0","16","14","0"
"2022/2023","Male","disabled","NABTEB","Polytechnic","ward","Bolari East","North East","Gombe","Gombe","Bolari East","","26","26","13","3","4","0","0","13","10","0"
"2022/2023","Male","disabled","NABTEB","Polytechnic","ward","Bule / Kaltin","North East","Gombe","Kaltungo","Bule / Kaltin","","8","8","4","3","4","0","0","4","1","0"
"2022/2023","Male","disabled","NABTEB","Polytechnic","ward","Kaltungo East","North East","Gombe","Kaltungo","Kaltungo East","","17","17","10","0","0","0","0","7","10","0"
"2022/2023","Male","disabled","NABTEB","Polytechnic","ward","Barwo / Nasarawo","North East","Gombe","Nafada","Barwo / Nasarawo","","35","35","15","4","4","0","0","20","11","0"
"2022/2023","Male","disabled","NABTEB","Polytechnic","ward","Birin Bolewa","North East","Gombe","Nafada","Birin Bolewa","","26","26","14","8","10","0","0","12","7","0"
"2022/2023","Male","disabled","NABTEB","Polytechnic","ward","Deba","North East","Gombe","Yamaltu/Deba","Deba","","17","17","8","7","7","0","0","8","2","0"
"2022/2023","Male","disabled","NABTEB","Polytechnic","ward","Difa / Lubo / Kinafa","North East","Gombe","Yamaltu/Deba","Difa / Lubo / Kinafa","","10","10","5","0","0","0","0","5","5","0"
"2022/2023","Male","disabled","NABTEB","University","ward","Bambam","North East","Gombe","Balanga","Bambam","","8","8","4","0","0","0","0","4","4","0"
"2022/2023","Male","disabled","NABTEB","University","ward","Bangu","North East","Gombe","Balanga","Bangu","","22","22","12","0","0","0","0","10","12","0"
"2022/2023","Male","disabled","NABTEB","University","ward","Dadiya","North East","Gombe","Balanga","Dadiya","","12","12","5","0","0","0","0","7","5","0"
"2022/2023","Male","disabled","NABTEB","University","ward","Bajoga","North East","Gombe","Gombe","Bajoga","","10","10","4","0","0","0","0","6","4","0"
"2022/2023","Male","disabled","NABTEB","University","ward","Awak","North East","Gombe","Kaltungo","Awak","","17","17","8","3","4","0","0","8","5","0"
"2022/2023","Male","disabled","NABTEB","University","ward","Bule / Kaltin","North East","Gombe","Kaltungo","Bule / Kaltin","","26","26","13","3","4","0","0","13","10","0"
"2022/2023","Male","disabled","NABTEB","University","ward","Kaltungo East","North East","Gombe","Kaltungo","Kaltungo East","","29","29","15","4","4","0","0","14","11","0"
"2022/2023","Male","disabled","NABTEB","University","ward","Difa / Lubo / Kinafa","North East","Gombe","Yamaltu/Deba","Difa / Lubo / Kinafa","","15","15","7","4","4","0","0","8","4","0"
"2022/2023","Male","disabled","NABTEB","University","ward","Gwani / Shinga / Wade","North East","Gombe","Yamaltu/Deba","Gwani / Shinga / Wade","","8","8","4","0","0","0","0","4","4","0"
"2022/2023","Male","disabled","NECO","College of Education","ward","Bambam","North East","Gombe","Balanga","Bambam","","38","38","22","8","8","0","0","16","14","0"
"2022/2023","Male","disabled","NECO","College of Education","ward","Bangu","North East","Gombe","Balanga","Bangu","","21","21","10","7","7","0","0","11","3","0"
"2022/2023","Male","disabled","NECO","College of Education","ward","Dadiya","North East","Gombe","Balanga","Dadiya","","33","33","17","8","8","0","0","16","10","0"
"2022/2023","Male","disabled","NECO","College of Education","ward","Ajiya","North East","Gombe","Gombe","Ajiya","","18","18","9","4","4","0","0","9","5","0"
"2022/2023","Male","disabled","NECO","College of Education","ward","Bolari East","North East","Gombe","Gombe","Bolari East","","8","8","6","3","3","0","0","2","2","0"
"2022/2023","Male","disabled","NECO","College of Education","ward","Awak","North East","Gombe","Kaltungo","Awak","","31","31","16","8","8","0","0","15","8","0"
"2022/2023","Male","disabled","NECO","College of Education","ward","Kaltungo East","North East","Gombe","Kaltungo","Kaltungo East","","10","10","4","0","0","0","0","6","4","0"
"2022/2023","Male","disabled","NECO","College of Education","ward","Barwo / Nasarawo","North East","Gombe","Nafada","Barwo / Nasarawo","","24","24","12","4","4","0","0","12","8","0"
"2022/2023","Male","disabled","NECO","College of Education","ward","Barwo Winde","North East","Gombe","Nafada","Barwo Winde","","61","61","30","15","15","0","0","31","14","0"
"2022/2023","Male","disabled","NECO","College of Education","ward","Birin Bolewa","North East","Gombe","Nafada","Birin Bolewa","","42","42","24","8","8","0","0","18","16","0"
"2022/2023","Male","disabled","NECO","College of Education","ward","Deba","North East","Gombe","Yamaltu/Deba","Deba","","41","41","22","4","4","0","0","19","18","0"
"2022/2023","Male","disabled","NECO","College of Education","ward","Difa / Lubo / Kinafa","North East","Gombe","Yamaltu/Deba","Difa / Lubo / Kinafa","","38","38","22","7","7","0","0","16","15","0"
"2022/2023","Male","disabled","NECO","College of Education","ward","Gwani / Shinga / Wade","North East","Gombe","Yamaltu/Deba","Gwani / Shinga / Wade","","45","45","25","11","11","0","0","20","14","0"
"2022/2023","Male","disabled","NECO","Polytechnic","ward","Bambam","North East","Gombe","Balanga","Bambam","","12","12","6","4","4","0","0","6","3","0"
"2022/2023","Male","disabled","NECO","Polytechnic","ward","Dadiya","North East","Gombe","Balanga","Dadiya","","20","20","10","4","4","0","0","10","7","0"
"2022/2023","Male","disabled","NECO","Polytechnic","ward","Ajiya","North East","Gombe","Gombe","Ajiya","","62","62","31","12","12","0","0","31","19","0"
"2022/2023","Male","disabled","NECO","Polytechnic","ward","Bajoga","North East","Gombe","Gombe","Bajoga","","64","64","36","15","16","0","0","28","21","0"
"2022/2023","Male","disabled","NECO","Polytechnic","ward","Bolari East","North East","Gombe","Gombe","Bolari East","","44","44","22","12","12","0","0","22","10","0"
"2022/2023","Male","disabled","NECO","Polytechnic","ward","Bule / Kaltin","North East","Gombe","Kaltungo","Bule / Kaltin","","18","18","11","4","4","0","0","7","7","0"
"2022/2023","Male","disabled","NECO","Polytechnic","ward","Kaltungo East","North East","Gombe","Kaltungo","Kaltungo East","","28","28","13","4","4","0","0","15","9","0"
"2022/2023","Male","disabled","NECO","Polytechnic","ward","Barwo / Nasarawo","North East","Gombe","Nafada","Barwo / Nasarawo","","74","74","38","12","12","0","0","36","27","0"
"2022/2023","Male","disabled","NECO","Polytechnic","ward","Birin Bolewa","North East","Gombe","Nafada","Birin Bolewa","","46","46","27","8","8","0","0","19","19","0"
"2022/2023","Male","disabled","NECO","Polytechnic","ward","Deba","North East","Gombe","Yamaltu/Deba","Deba","","31","31","15","8","8","0","0","16","7","0"
"2022/2023","Male","disabled","NECO","Polytechnic","ward","Difa / Lubo / Kinafa","North East","Gombe","Yamaltu/Deba","Difa / Lubo / Kinafa","","8","8","3","3","3","0","0","5","0","0"
"2022/2023","Male","disabled","NECO","University","ward","Bambam","North East","Gombe","Balanga","Bambam","","12","12","6","4","4","0","0","6","3","0"
"2022/2023","Male","disabled","NECO","University","ward","Bangu","North East","Gombe","Balanga","Bangu","","36","36","17","4","4","0","0","19","13","0"
"2022/2023","Male","disabled","NECO","University","ward","Dadiya","North East","Gombe","Balanga","Dadiya","","24","24","12","4","4","0","0","12","8","0"
"2022/2023","Male","disabled","NECO","University","ward","Bajoga","North East","Gombe","Gombe","Bajoga","","18","18","9","0","0","0","0","9","9","0"
"2022/2023","Male","disabled","NECO","University","ward","Awak","North East","Gombe","Kaltungo","Awak","","34","34","18","4","4","0","0","16","14","0"
"2022/2023","Male","disabled","NECO","University","ward","Bule / Kaltin","North East","Gombe","Kaltungo","Bule / Kaltin","","38","38","22","8","8","0","0","16","14","0"
"2022/2023","Male","disabled","NECO","University","ward","Kaltungo East","North East","Gombe","Kaltungo","Kaltungo East","","46","46","25","4","4","0","0","21","21","0"
"2022/2023","Male","disabled","NECO","University","ward","Difa / Lubo / Kinafa","North East","Gombe","Yamaltu/Deba","Difa / Lubo / Kinafa","","27","27","15","4","4","0","0","12","12","0"
"2022/2023","Male","disabled","NECO","University","ward","Gwani / Shinga / Wade","North East","Gombe","Yamaltu/Deba","Gwani / Shinga / Wade","","13","13","7","4","4","0","0","6","3","0"
"2022/2023","Male","disabled","WAEC","College of Education","ward","Bambam","North East","Gombe","Balanga","Bambam","","50","50","26","6","6","0","0","24","21","0"
"2022/2023","Male","disabled","WAEC","College of Education","ward","Bangu","North East","Gombe","Balanga","Bangu","","26","26","14","5","5","0","0","12","9","0"
"2022/2023","Male","disabled","WAEC","College of Education","ward","Dadiya","North East","Gombe","Balanga","Dadiya","","38","38","21","6","6","0","0","17","15","0"
"2022/2023","Male","disabled","WAEC","College of Education","ward","Ajiya","North East","Gombe","Gombe","Ajiya","","26","26","15","3","3","0","0","11","12","0"
"2022/2023","Male","disabled","WAEC","College of Education","ward","Bolari East","North East","Gombe","Gombe","Bolari East","","10","10","5","2","2","0","0","5","2","0"
"2022/2023","Male","disabled","WAEC","College of Education","ward","Awak","North East","Gombe","Kaltungo","Awak","","36","36","20","5","5","0","0","16","14","0"
"2022/2023","Male","disabled","WAEC","College of Education","ward","Kaltungo East","North East","Gombe","Kaltungo","Kaltungo East","","10","10","5","2","2","0","0","5","2","0"
"2022/2023","Male","disabled","WAEC","College of Education","ward","Barwo / Nasarawo","North East","Gombe","Nafada","Barwo / Nasarawo","","26","26","13","3","3","0","0","13","10","0"
"2022/2023","Male","disabled","WAEC","College of Education","ward","Barwo Winde","North East","Gombe","Nafada","Barwo Winde","","78","77","42","14","15","0","1","35","28","0"
"2022/2023","Male","disabled","WAEC","College of Education","ward","Birin Bolewa","North East","Gombe","Nafada","Birin Bolewa","","53","53","29","12","12","0","0","24","17","0"
"2022/2023","Male","disabled","WAEC","College of Education","ward","Deba","North East","Gombe","Yamaltu/Deba","Deba","","47","47","26","8","9","0","0","21","18","0"
"2022/2023","Male","disabled","WAEC","College of Education","ward","Difa / Lubo / Kinafa","North East","Gombe","Yamaltu/Deba","Difa / Lubo / Kinafa","","55","55","30","11","13","0","0","25","19","0"
"2022/2023","Male","disabled","WAEC","College of Education","ward","Gwani / Shinga / Wade","North East","Gombe","Yamaltu/Deba","Gwani / Shinga / Wade","","64","64","34","8","8","0","0","30","25","0"
"2022/2023","Male","disabled","WAEC","Polytechnic","ward","Bambam","North East","Gombe","Balanga","Bambam","","14","14","7","3","3","0","0","7","5","0"
"2022/2023","Male","disabled","WAEC","Polytechnic","ward","Dadiya","North East","Gombe","Balanga","Dadiya","","29","29","15","3","3","0","0","14","13","0"
"2022/2023","Male","disabled","WAEC","Polytechnic","ward","Ajiya","North East","Gombe","Gombe","Ajiya","","66","66","34","8","8","0","0","32","25","0"
"2022/2023","Male","disabled","WAEC","Polytechnic","ward","Bajoga","North East","Gombe","Gombe","Bajoga","","84","83","46","12","13","0","1","37","34","0"
"2022/2023","Male","disabled","WAEC","Polytechnic","ward","Bolari East","North East","Gombe","Gombe","Bolari East","","50","50","27","6","6","0","0","23","21","0"
"2022/2023","Male","disabled","WAEC","Polytechnic","ward","Bule / Kaltin","North East","Gombe","Kaltungo","Bule / Kaltin","","18","18","9","3","3","0","0","9","6","0"
"2022/2023","Male","disabled","WAEC","Polytechnic","ward","Kaltungo East","North East","Gombe","Kaltungo","Kaltungo East","","38","37","18","3","3","0","1","19","15","0"
"2022/2023","Male","disabled","WAEC","Polytechnic","ward","Barwo / Nasarawo","North East","Gombe","Nafada","Barwo / Nasarawo","","89","89","45","9","9","0","0","44","36","0"
"2022/2023","Male","disabled","WAEC","Polytechnic","ward","Birin Bolewa","North East","Gombe","Nafada","Birin Bolewa","","63","62","34","9","10","0","1","28","26","0"
"2022/2023","Male","disabled","WAEC","Polytechnic","ward","Deba","North East","Gombe","Yamaltu/Deba","Deba","","43","43","25","9","10","0","0","18","16","0"
"2022/2023","Male","disabled","WAEC","Polytechnic","ward","Difa / Lubo / Kinafa","North East","Gombe","Yamaltu/Deba","Difa / Lubo / Kinafa","","15","15","7","3","3","0","0","8","4","0"
"2022/2023","Male","disabled","WAEC","University","ward","Bambam","North East","Gombe","Balanga","Bambam","","13","13","7","3","3","0","0","6","4","0"
"2022/2023","Male","disabled","WAEC","University","ward","Bangu","North East","Gombe","Balanga","Bangu","","49","48","23","9","10","0","1","25","14","0"
"2022/2023","Male","disabled","WAEC","University","ward","Dadiya","North East","Gombe","Balanga","Dadiya","","31","31","17","3","3","0","0","14","14","0"
"2022/2023","Male","disabled","WAEC","University","ward","Bajoga","North East","Gombe","Gombe","Bajoga","","27","27","14","3","3","0","0","14","11","0"
"2022/2023","Male","disabled","WAEC","University","ward","Awak","North East","Gombe","Kaltungo","Awak","","40","40","23","9","10","0","0","17","14","0"
"2022/2023","Male","disabled","WAEC","University","ward","Bule / Kaltin","North East","Gombe","Kaltungo","Bule / Kaltin","","42","42","23","8","8","0","0","19","15","0"
"2022/2023","Male","disabled","WAEC","University","ward","Kaltungo East","North East","Gombe","Kaltungo","Kaltungo East","","68","67","38","9","10","0","1","29","30","0"
"2022/2023","Male","disabled","WAEC","University","ward","Difa / Lubo / Kinafa","North East","Gombe","Yamaltu/Deba","Difa / Lubo / Kinafa","","40","39","20","6","7","0","1","20","14","0"
"2022/2023","Male","disabled","WAEC","University","ward","Gwani / Shinga / Wade","North East","Gombe","Yamaltu/Deba","Gwani / Shinga / Wade","","13","13","7","3","3","0","0","6","4","0"
"2023/2024","Female","all","NABTEB","College of Education","ward","Bambam","North East","Gombe","Balanga","Bambam","","151","149","93","30","29","3","2","56","63","3"
"2023/2024","Female","all","NABTEB","College of Education","ward","Bangu","North East","Gombe","Balanga","Bangu","","102","100","59","19","20","0","2","41","40","0"
"2023/2024","Female","all","NABTEB","College of Education","ward","Dadiya","North East","Gombe","Balanga","Dadiya","","187","184","118","38","34","4","3","66","81","4"
"2023/2024","Female","all","NABTEB","College of Education","ward","Ajiya","North East","Gombe","Gombe","Ajiya","","124","122","76","27","25","2","2","46","49","2"
"2023/2024","Female","all","NABTEB","College of Education","ward","Bolari East","North East","Gombe","Gombe","Bolari East","","62","61","38","12","12","0","1","23","27","0"
"2023/2024","Female","all","NABTEB","College of Education","ward","Awak","North East","Gombe","Kaltungo","Awak","","174","171","107","38","37","2","3","64","70","2"
"2023/2024","Female","all","NABTEB","College of Education","ward","Kaltungo East","North East","Gombe","Kaltungo","Kaltungo East","","60","59","34","11","12","0","1","25","23","0"
"2023/2024","Female","all","NABTEB","College of Education","ward","Barwo / Nasarawo","North East","Gombe","Nafada","Barwo / Nasarawo","","82","81","46","12","12","0","1","35","34","0"
"2023/2024","Female","all","NABTEB","College of Education","ward","Barwo Winde","North East","Gombe","Nafada","Barwo Winde","","289","284","174","58","58","2","5","110","117","2"
"2023/2024","Female","all","NABTEB","College of Education","ward","Birin Bolewa","North East","Gombe","Nafada","Birin Bolewa","","161","159","98","38","32","6","2","61","60","6"
"2023/2024","Female","all","NABTEB","College of Education","ward","Deba","North East","Gombe","Yamaltu/Deba","Deba","","196","194","122","42","37","5","2","72","80","5"
"2023/2024","Female","all","NABTEB","College of Education","ward","Difa / Lubo / Kinafa","North East","Gombe","Yamaltu/Deba","Difa / Lubo / Kinafa","","183","181","116","38","33","5","2","65","78","5"
"2023/2024","Female","all","NABTEB","College of Education","ward","Gwani / Shinga / Wade","North East","Gombe","Yamaltu/Deba","Gwani / Shinga / Wade","","282","278","168","53","46","7","4","110","115","7"
"2023/2024","Female","all","NABTEB","Polytechnic","ward","Bambam","North East","Gombe","Balanga","Bambam","","50","49","27","12","12","0","1","22","16","0"
"2023/2024","Female","all","NABTEB","Polytechnic","ward","Dadiya","North East","Gombe","Balanga","Dadiya","","104","102","59","19","17","2","2","43","40","2"
"2023/2024","Female","all","NABTEB","Polytechnic","ward","Ajiya","North East","Gombe","Gombe","Ajiya","","265","261","152","42","40","3","4","109","110","3"
"2023/2024","Female","all","NABTEB","Polytechnic","ward","Bajoga","North East","Gombe","Gombe","Bajoga","","292","287","181","65","62","4","5","106","116","4"
"2023/2024","Female","all","NABTEB","Polytechnic","ward","Bolari East","North East","Gombe","Gombe","Bolari East","","196","193","116","42","41","3","3","77","74","3"
"2023/2024","Female","all","NABTEB","Polytechnic","ward","Bule / Kaltin","North East","Gombe","Kaltungo","Bule / Kaltin","","78","77","48","19","16","3","1","29","30","3"
"2023/2024","Female","all","NABTEB","Polytechnic","ward","Kaltungo East","North East","Gombe","Kaltungo","Kaltungo East","","100","99","56","19","16","3","1","43","38","3"
"2023/2024","Female","all","NABTEB","Polytechnic","ward","Barwo / Nasarawo","North East","Gombe","Nafada","Barwo / Nasarawo","","272","268","165","53","46","7","4","103","112","7"
"2023/2024","Female","all","NABTEB","Polytechnic","ward","Birin Bolewa","North East","Gombe","Nafada","Birin Bolewa","","205","202","137","50","46","4","3","65","87","4"
"2023/2024","Female","all","NABTEB","Polytechnic","ward","Deba","North East","Gombe","Yamaltu/Deba","Deba","","138","136","88","34","34","2","2","48","54","2"
"2023/2024","Female","all","NABTEB","Polytechnic","ward","Difa / Lubo / Kinafa","North East","Gombe","Yamaltu/Deba","Difa / Lubo / Kinafa","","62","61","38","11","8","3","1","23","28","3"
"2023/2024","Female","all","NABTEB","University","ward","Bambam","North East","Gombe","Balanga","Bambam","","60","59","39","11","12","0","1","20","28","0"
"2023/2024","Female","all","NABTEB","University","ward","Bangu","North East","Gombe","Balanga","Bangu","","135","133","77","23","20","3","2","56","54","3"
"2023/2024","Female","all","NABTEB","University","ward","Dadiya","North East","Gombe","Balanga","Dadiya","","115","113","71","23","21","2","2","42","49","2"
"2023/2024","Female","all","NABTEB","University","ward","Bajoga","North East","Gombe","Gombe","Bajoga","","109","107","67","19","17","2","2","40","48","2"
"2023/2024","Female","all","NABTEB","University","ward","Awak","North East","Gombe","Kaltungo","Awak","","183","180","110","38","37","2","3","70","73","2"
"2023/2024","Female","all","NABTEB","University","ward","Bule / Kaltin","North East","Gombe","Kaltungo","Bule / Kaltin","","208","205","124","46","45","2","3","81","78","2"
"2023/2024","Female","all","NABTEB","University","ward","Kaltungo East","North East","Gombe","Kaltungo","Kaltungo East","","200","197","114","35","29","6","3","83","79","6"
"2023/2024","Female","all","NABTEB","University","ward","Difa / Lubo / Kinafa","North East","Gombe","Yamaltu/Deba","Difa / Lubo / Kinafa","","96","95","57","19","17","2","1","38","38","2"
"2023/2024","Female","all","NABTEB","University","ward","Gwani / Shinga / Wade","North East","Gombe","Yamaltu/Deba","Gwani / Shinga / Wade","","62","61","38","15","12","3","1","23","24","3"
"2023/2024","Female","all","NECO","College of Education","ward","Bambam","North East","Gombe","Balanga","Bambam","","269","265","152","58","50","8","4","113","95","8"
"2023/2024","Female","all","NECO","College of Education","ward","Bangu","North East","Gombe","Balanga","Bangu","","176","174","106","47","44","3","2","68","60","3"
"2023/2024","Female","all","NECO","College of Education","ward","Dadiya","North East","Gombe","Balanga","Dadiya","","337","332","205","76","66","10","5","127","130","10"
"2023/2024","Female","all","NECO","College of Education","ward","Ajiya","North East","Gombe","Gombe","Ajiya","","195","192","118","47","43","4","3","74","71","4"
"2023/2024","Female","all","NECO","College of Education","ward","Bolari East","North East","Gombe","Gombe","Bolari East","","123","121","71","29","27","2","2","50","43","2"
"2023/2024","Female","all","NECO","College of Education","ward","Awak","North East","Gombe","Kaltungo","Awak","","293","289","188","76","70","6","4","101","112","6"
"2023/2024","Female","all","NECO","College of Education","ward","Kaltungo East","North East","Gombe","Kaltungo","Kaltungo East","","106","104","58","22","20","2","2","46","37","2"
"2023/2024","Female","all","NECO","College of Education","ward","Barwo / Nasarawo","North East","Gombe","Nafada","Barwo / Nasarawo","","183","180","110","36","35","1","3","70","74","1"
"2023/2024","Female","all","NECO","College of Education","ward","Barwo Winde","North East","Gombe","Nafada","Barwo Winde","","483","475","290","120","110","10","8","185","170","10"
"2023/2024","Female","all","NECO","College of Education","ward","Birin Bolewa","North East","Gombe","Nafada","Birin Bolewa","","271","267","165","73","66","7","4","102","93","7"
"2023/2024","Female","all","NECO","College of Education","ward","Deba","North East","Gombe","Yamaltu/Deba","Deba","","353","347","216","80","70","10","6","131","137","10"
"2023/2024","Female","all","NECO","College of Education","ward","Difa / Lubo / Kinafa","North East","Gombe","Yamaltu/Deba","Difa / Lubo / Kinafa","","368","362","230","91","82","9","6","132","139","9"
"2023/2024","Female","all","NECO","College of Education","ward","Gwani / Shinga / Wade","North East","Gombe","Yamaltu/Deba","Gwani / Shinga / Wade","","551","543","334","127","113","14","8","209","207","14"
"2023/2024","Female","all","NECO","Polytechnic","ward","Bambam","North East","Gombe","Balanga","Bambam","","106","104","65","25","24","1","2","39","41","1"
"2023/2024","Female","all","NECO","Polytechnic","ward","Dadiya","North East","Gombe","Balanga","Dadiya","","192","189","119","47","43","4","3","70","73","4"
"2023/2024","Female","all","NECO","Polytechnic","ward","Ajiya","North East","Gombe","Gombe","Ajiya","","469","462","269","94","86","8","7","193","175","8"
"2023/2024","Female","all","NECO","Polytechnic","ward","Bajoga","North East","Gombe","Gombe","Bajoga","","572","564","339","131","118","13","8","225","208","13"
"2023/2024","Female","all","NECO","Polytechnic","ward","Bolari East","North East","Gombe","Gombe","Bolari East","","355","350","207","72","67","5","5","143","135","5"
"2023/2024","Female","all","NECO","Polytechnic","ward","Bule / Kaltin","North East","Gombe","Kaltungo","Bule / Kaltin","","164","162","95","36","31","5","2","67","60","5"
"2023/2024","Female","all","NECO","Polytechnic","ward","Kaltungo East","North East","Gombe","Kaltungo","Kaltungo East","","171","168","96","29","27","2","3","72","67","2"
"2023/2024","Female","all","NECO","Polytechnic","ward","Barwo / Nasarawo","North East","Gombe","Nafada","Barwo / Nasarawo","","529","521","305","109","97","12","8","216","196","12"
"2023/2024","Female","all","NECO","Polytechnic","ward","Birin Bolewa","North East","Gombe","Nafada","Birin Bolewa","","360","355","229","98","90","8","5","126","132","8"
"2023/2024","Female","all","NECO","Polytechnic","ward","Deba","North East","Gombe","Yamaltu/Deba","Deba","","244","241","155","65","63","2","3","86","90","2"
"2023/2024","Female","all","NECO","Polytechnic","ward","Difa / Lubo / Kinafa","North East","Gombe","Yamaltu/Deba","Difa / Lubo / Kinafa","","88","87","52","18","16","2","1","35","35","2"
"2023/2024","Female","all","NECO","University","ward","Bambam","North East","Gombe","Balanga","Bambam","","95","94","60","25","24","1","1","34","36","1"
"2023/2024","Female","all","NECO","University","ward","Bangu","North East","Gombe","Balanga","Bangu","","278","274","159","65","59","6","4","115","95","6"
"2023/2024","Female","all","NECO","University","ward","Dadiya","North East","Gombe","Balanga","Dadiya","","207","204","125","43","39","4","3","79","82","4"
"2023/2024","Female","all","NECO","University","ward","Bajoga","North East","Gombe","Gombe","Bajoga","","203","200","116","43","39","4","3","84","73","4"
"2023/2024","Female","all","NECO","University","ward","Awak","North East","Gombe","Kaltungo","Awak","","344","339","213","87","78","9","5","126","126","9"
"2023/2024","Female","all","NECO","University","ward","Bule / Kaltin","North East","Gombe","Kaltungo","Bule / Kaltin","","375","369","223","87","82","5","6","146","136","5"
"2023/2024","Female","all","NECO","University","ward","Kaltungo East","North East","Gombe","Kaltungo","Kaltungo East","","375","369","224","73","62","11","6","145","151","11"
"2023/2024","Female","all","NECO","University","ward","Difa / Lubo / Kinafa","North East","Gombe","Yamaltu/Deba","Difa / Lubo / Kinafa","","195","192","112","40","35","5","3","80","72","5"
"2023/2024","Female","all","NECO","University","ward","Gwani / Shinga / Wade","North East","Gombe","Yamaltu/Deba","Gwani / Shinga / Wade","","118","116","69","29","27","2","2","47","41","2"
"2023/2024","Female","all","WAEC","College of Education","ward","Bambam","North East","Gombe","Balanga","Bambam","","394","388","239","85","75","10","6","149","154","10"
"2023/2024","Female","all","WAEC","College of Education","ward","Bangu","North East","Gombe","Balanga","Bangu","","242","238","146","53","48","5","4","92","93","5"
"2023/2024","Female","all","WAEC","College of Education","ward","Dadiya","North East","Gombe","Balanga","Dadiya","","456","450","277","104","95","9","6","173","173","9"
"2023/2024","Female","all","WAEC","College of Education","ward","Ajiya","North East","Gombe","Gombe","Ajiya","","279","275","167","60","54","6","4","108","108","6"
"2023/2024","Female","all","WAEC","College of Education","ward","Bolari East","North East","Gombe","Gombe","Bolari East","","167","165","106","38","34","4","2","59","69","4"
"2023/2024","Female","all","WAEC","College of Education","ward","Awak","North East","Gombe","Kaltungo","Awak","","400","394","237","91","84","7","6","157","146","7"
"2023/2024","Female","all","WAEC","College of Education","ward","Kaltungo East","North East","Gombe","Kaltungo","Kaltungo East","","131","129","72","28","27","1","2","57","45","1"
"2023/2024","Female","all","WAEC","College of Education","ward","Barwo / Nasarawo","North East","Gombe","Nafada","Barwo / Nasarawo","","228","225","133","38","34","4","3","92","96","4"
"2023/2024","Female","all","WAEC","College of Education","ward","Barwo Winde","North East","Gombe","Nafada","Barwo Winde","","609","601","365","138","125","13","8","236","227","13"
"2023/2024","Female","all","WAEC","College of Education","ward","Birin Bolewa","North East","Gombe","Nafada","Birin Bolewa","","430","424","264","110","105","5","6","160","154","5"
"2023/2024","Female","all","WAEC","College of Education","ward","Deba","North East","Gombe","Yamaltu/Deba","Deba","","522","514","316","119","108","11","8","198","197","11"
"2023/2024","Female","all","WAEC","College of Education","ward","Difa / Lubo / Kinafa","North East","Gombe","Yamaltu/Deba","Difa / Lubo / Kinafa","","487","479","308","120","112","8","8","171","188","8"
"2023/2024","Female","all","WAEC","College of Education","ward","Gwani / Shinga / Wade","North East","Gombe","Yamaltu/Deba","Gwani / Shinga / Wade","","748","737","460","173","152","21","11","277","288","21"
"2023/2024","Female","all","WAEC","Polytechnic","ward","Bambam","North East","Gombe","Balanga","Bambam","","120","118","69","25","24","1","2","49","44","1"
"2023/2024","Female","all","WAEC","Polytechnic","ward","Dadiya","North East","Gombe","Balanga","Dadiya","","264","260","152","50","44","6","4","108","103","6"
"2023/2024","Female","all","WAEC","Polytechnic","ward","Ajiya","North East","Gombe","Gombe","Ajiya","","606","597","354","111","99","12","9","243","244","12"
"2023/2024","Female","all","WAEC","Polytechnic","ward","Bajoga","North East","Gombe","Gombe","Bajoga","","771","759","460","164","149","15","12","299","297","15"
"2023/2024","Female","all","WAEC","Polytechnic","ward","Bolari East","North East","Gombe","Gombe","Bolari East","","466","459","286","95","89","6","7","173","191","6"
"2023/2024","Female","all","WAEC","Polytechnic","ward","Bule / Kaltin","North East","Gombe","Kaltungo","Bule / Kaltin","","220","217","129","47","41","6","3","88","83","6"
"2023/2024","Female","all","WAEC","Polytechnic","ward","Kaltungo East","North East","Gombe","Kaltungo","Kaltungo East","","213","210","121","41","37","4","3","89","81","4"
"2023/2024","Female","all","WAEC","Polytechnic","ward","Barwo / Nasarawo","North East","Gombe","Nafada","Barwo / Nasarawo","","745","735","445","156","138","18","10","290","289","18"
"2023/2024","Female","all","WAEC","Polytechnic","ward","Birin Bolewa","North East","Gombe","Nafada","Birin Bolewa","","475","468","295","123","112","11","7","173","173","11"
"2023/2024","Female","all","WAEC","Polytechnic","ward","Deba","North East","Gombe","Yamaltu/Deba","Deba","","319","314","190","75","71","4","5","124","115","4"
"2023/2024","Female","all","WAEC","Polytechnic","ward","Difa / Lubo / Kinafa","North East","Gombe","Yamaltu/Deba","Difa / Lubo / Kinafa","","120","118","73","28","27","1","2","45","45","1"
"2023/2024","Female","all","WAEC","University","ward","Bambam","North East","Gombe","Balanga","Bambam","","147","145","92","35","31","4","2","53","57","4"
"2023/2024","Female","all","WAEC","University","ward","Bangu","North East","Gombe","Balanga","Bangu","","385","380","227","79","71","8","5","153","149","8"
"2023/2024","Female","all","WAEC","University","ward","Dadiya","North East","Gombe","Balanga","Dadiya","","284","280","167","53","51","2","4","113","115","2"
"2023/2024","Female","all","WAEC","University","ward","Bajoga","North East","Gombe","Gombe","Bajoga","","230","227","139","44","41","3","3","88","96","3"
"2023/2024","Female","all","WAEC","University","ward","Awak","North East","Gombe","Kaltungo","Awak","","460","453","282","104","95","9","7","171","179","9"
"2023/2024","Female","all","WAEC","University","ward","Bule / Kaltin","North East","Gombe","Kaltungo","Bule / Kaltin","","458","451","283","98","89","9","7","168","185","9"
"2023/2024","Female","all","WAEC","University","ward","Kaltungo East","North East","Gombe","Kaltungo","Kaltungo East","","515","507","292","101","91","10","8","215","191","10"
"2023/2024","Female","all","WAEC","University","ward","Difa / Lubo / Kinafa","North East","Gombe","Yamaltu/Deba","Difa / Lubo / Kinafa","","277","273","172","63","58","5","4","101","109","5"
"2023/2024","Female","all","WAEC","University","ward","Gwani / Shinga / Wade","North East","Gombe","Yamaltu/Deba","Gwani / Shinga / Wade","","157","155","91","32","27","5","2","64","60","5"
"2023/2024","Female","disabled","NABTEB","College of Education","ward","Bambam","North East","Gombe","Balanga","Bambam","","17","17","9","8","8","0","0","8","2","0"
"2023/2024","Female","disabled","NABTEB","College of Education","ward","Bangu","North East","Gombe","Balanga","Bangu","","17","17","8","3","3","0","0","8","5","0"
"2023/2024","Female","disabled","NABTEB","College of Education","ward","Dadiya","North East","Gombe","Balanga","Dadiya","","17","17","8","3","3","0","0","8","5","0"
"2023/2024","Female","disabled","NABTEB","College of Education","ward","Ajiya","North East","Gombe","Gombe","Ajiya","","8","8","4","3","3","0","0","4","1","0"
"2023/2024","Female","disabled","NABTEB","College of Education","ward","Bolari East","North East","Gombe","Gombe","Bolari East","","8","8","4","3","3","0","0","4","1","0"
"2023/2024","Female","disabled","NABTEB","College of Education","ward","Awak","North East","Gombe","Kaltungo","Awak","","17","17","8","7","7","0","0","8","2","0"
"2023/2024","Female","disabled","NABTEB","College of Education","ward","Kaltungo East","North East","Gombe","Kaltungo","Kaltungo East","","8","8","4","4","4","0","0","4","1","0"
"2023/2024","Female","disabled","NABTEB","College of Education","ward","Barwo / Nasarawo","North East","Gombe","Nafada","Barwo / Nasarawo","","8","8","4","0","0","0","0","4","4","0"
"2023/2024","Female","disabled","NABTEB","College of Education","ward","Barwo Winde","North East","Gombe","Nafada","Barwo Winde","","39","39","22","11","11","0","0","17","10","0"
"2023/2024","Female","disabled","NABTEB","College of Education","ward","Birin Bolewa","North East","Gombe","Nafada","Birin Bolewa","","17","17","9","8","8","0","0","8","2","0"
"2023/2024","Female","disabled","NABTEB","College of Education","ward","Deba","North East","Gombe","Yamaltu/Deba","Deba","","17","17","9","4","4","0","0","8","6","0"
"2023/2024","Female","disabled","NABTEB","College of Education","ward","Difa / Lubo / Kinafa","North East","Gombe","Yamaltu/Deba","Difa / Lubo / Kinafa","","19","19","12","7","7","0","0","7","5","0"
"2023/2024","Female","disabled","NABTEB","College of Education","ward","Gwani / Shinga / Wade","North East","Gombe","Yamaltu/Deba","Gwani / Shinga / Wade","","26","26","14","12","12","0","0","12","3","0"
"2023/2024","Female","disabled","NABTEB","Polytechnic","ward","Bambam","North East","Gombe","Balanga","Bambam","","8","8","4","4","4","0","0","4","1","0"
"2023/2024","Female","disabled","NABTEB","Polytechnic","ward","Dadiya","North East","Gombe","Balanga","Dadiya","","10","10","4","3","3","0","0","6","1","0"
"2023/2024","Female","disabled","NABTEB","Polytechnic","ward","Ajiya","North East","Gombe","Gombe","Ajiya","","26","26","13","7","7","0","0","13","6","0"
"2023/2024","Female","disabled","NABTEB","Polytechnic","ward","Bajoga","North East","Gombe","Gombe","Bajoga","","31","31","17","12","12","0","0","14","6","0"
"2023/2024","Female","disabled","NABTEB","Polytechnic","ward","Bolari East","North East","Gombe","Gombe","Bolari East","","26","26","13","10","10","0","0","13","3","0"
"2023/2024","Female","disabled","NABTEB","Polytechnic","ward","Bule / Kaltin","North East","Gombe","Kaltungo","Bule / Kaltin","","8","8","4","3","3","0","0","4","1","0"
"2023/2024","Female","disabled","NABTEB","Polytechnic","ward","Kaltungo East","North East","Gombe","Kaltungo","Kaltungo East","","10","10","4","3","3","0","0","6","1","0"
"2023/2024","Female","disabled","NABTEB","Polytechnic","ward","Barwo / Nasarawo","North East","Gombe","Nafada","Barwo / Nasarawo","","28","28","17","11","11","0","0","11","6","0"
"2023/2024","Female","disabled","NABTEB","Polytechnic","ward","Birin Bolewa","North East","Gombe","Nafada","Birin Bolewa","","22","22","14","8","8","0","0","8","7","0"
"2023/2024","Female","disabled","NABTEB","Polytechnic","ward","Deba","North East","Gombe","Yamaltu/Deba","Deba","","17","17","9","8","8","0","0","8","2","0"
"2023/2024","Female","disabled","NABTEB","Polytechnic","ward","Difa / Lubo / Kinafa","North East","Gombe","Yamaltu/Deba","Difa / Lubo / Kinafa","","8","8","4","0","0","0","0","4","4","0"
"2023/2024","Female","disabled","NABTEB","University","ward","Bambam","North East","Gombe","Balanga","Bambam","","8","8","4","4","4","0","0","4","1","0"
"2023/2024","Female","disabled","NABTEB","University","ward","Bangu","North East","Gombe","Balanga","Bangu","","21","21","11","7","7","0","0","10","4","0"
"2023/2024","Female","disabled","NABTEB","University","ward","Dadiya","North East","Gombe","Balanga","Dadiya","","10","10","7","3","3","0","0","3","3","0"
"2023/2024","Female","disabled","NABTEB","University","ward","Bajoga","North East","Gombe","Gombe","Bajoga","","8","8","4","0","0","0","0","4","4","0"
"2023/2024","Female","disabled","NABTEB","University","ward","Awak","North East","Gombe","Kaltungo","Awak","","17","17","8","7","7","0","0","8","2","0"
"2023/2024","Female","disabled","NABTEB","University","ward","Bule / Kaltin","North East","Gombe","Kaltungo","Bule / Kaltin","","26","26","13","10","10","0","0","13","3","0"
"2023/2024","Female","disabled","NABTEB","University","ward","Kaltungo East","North East","Gombe","Kaltungo","Kaltungo East","","24","24","12","4","4","0","0","12","8","0"
"2023/2024","Female","disabled","NABTEB","University","ward","Difa / Lubo / Kinafa","North East","Gombe","Yamaltu/Deba","Difa / Lubo / Kinafa","","10","10","7","3","3","0","0","3","3","0"
"2023/2024","Female","disabled","NABTEB","University","ward","Gwani / Shinga / Wade","North East","Gombe","Yamaltu/Deba","Gwani / Shinga / Wade","","8","8","4","4","4","0","0","4","1","0"
"2023/2024","Female","disabled","NECO","College of Education","ward","Bambam","North East","Gombe","Balanga","Bambam","","31","31","18","7","7","0","0","13","11","0"
"2023/2024","Female","disabled","NECO","College of Education","ward","Bangu","North East","Gombe","Balanga","Bangu","","19","19","10","7","7","0","0","10","3","0"
"2023/2024","Female","disabled","NECO","College of Education","ward","Dadiya","North East","Gombe","Balanga","Dadiya","","26","26","14","7","7","0","0","12","7","0"
"2023/2024","Female","disabled","NECO","College of Education","ward","Ajiya","North East","Gombe","Gombe","Ajiya","","13","13","8","3","3","0","0","5","4","0"
"2023/2024","Female","disabled","NECO","College of Education","ward","Bolari East","North East","Gombe","Gombe","Bolari East","","8","8","3","3","3","0","0","5","0","0"
"2023/2024","Female","disabled","NECO","College of Education","ward","Awak","North East","Gombe","Kaltungo","Awak","","27","27","16","7","7","0","0","11","9","0"
"2023/2024","Female","disabled","NECO","College of Education","ward","Kaltungo East","North East","Gombe","Kaltungo","Kaltungo East","","8","8","3","2","3","0","0","5","1","0"
"2023/2024","Female","disabled","NECO","College of Education","ward","Barwo / Nasarawo","North East","Gombe","Nafada","Barwo / Nasarawo","","19","19","11","4","4","0","0","8","7","0"
"2023/2024","Female","disabled","NECO","College of Education","ward","Barwo Winde","North East","Gombe","Nafada","Barwo Winde","","56","56","32","15","16","0","0","24","17","0"
"2023/2024","Female","disabled","NECO","College of Education","ward","Birin Bolewa","North East","Gombe","Nafada","Birin Bolewa","","32","32","19","8","8","0","0","13","11","0"
"2023/2024","Female","disabled","NECO","College of Education","ward","Deba","North East","Gombe","Yamaltu/Deba","Deba","","30","30","19","7","8","0","0","11","12","0"
"2023/2024","Female","disabled","NECO","College of Education","ward","Difa / Lubo / Kinafa","North East","Gombe","Yamaltu/Deba","Difa / Lubo / Kinafa","","36","36","20","6","7","0","0","16","14","0"
"2023/2024","Female","disabled","NECO","College of Education","ward","Gwani / Shinga / Wade","North East","Gombe","Yamaltu/Deba","Gwani / Shinga / Wade","","41","41","23","10","11","0","0","18","13","0"
"2023/2024","Female","disabled","NECO","Polytechnic","ward","Bambam","North East","Gombe","Balanga","Bambam","","8","8","6","3","3","0","0","2","2","0"
"2023/2024","Female","disabled","NECO","Polytechnic","ward","Dadiya","North East","Gombe","Balanga","Dadiya","","21","21","12","4","4","0","0","9","9","0"
"2023/2024","Female","disabled","NECO","Polytechnic","ward","Ajiya","North East","Gombe","Gombe","Ajiya","","45","45","25","11","11","0","0","20","14","0"
"2023/2024","Female","disabled","NECO","Polytechnic","ward","Bajoga","North East","Gombe","Gombe","Bajoga","","58","58","33","15","16","0","0","25","18","0"
"2023/2024","Female","disabled","NECO","Polytechnic","ward","Bolari East","North East","Gombe","Gombe","Bolari East","","37","37","22","11","11","0","0","15","10","0"
"2023/2024","Female","disabled","NECO","Polytechnic","ward","Bule / Kaltin","North East","Gombe","Kaltungo","Bule / Kaltin","","18","18","10","4","4","0","0","8","7","0"
"2023/2024","Female","disabled","NECO","Polytechnic","ward","Kaltungo East","North East","Gombe","Kaltungo","Kaltungo East","","22","22","12","3","4","0","0","10","9","0"
"2023/2024","Female","disabled","NECO","Polytechnic","ward","Barwo / Nasarawo","North East","Gombe","Nafada","Barwo / Nasarawo","","62","62","35","9","12","0","0","27","26","0"
"2023/2024","Female","disabled","NECO","Polytechnic","ward","Birin Bolewa","North East","Gombe","Nafada","Birin Bolewa","","35","35","21","11","12","0","0","14","11","0"
"2023/2024","Female","disabled","NECO","Polytechnic","ward","Deba","North East","Gombe","Yamaltu/Deba","Deba","","24","24","16","5","7","0","0","8","11","0"
"2023/2024","Female","disabled","NECO","Polytechnic","ward","Difa / Lubo / Kinafa","North East","Gombe","Yamaltu/Deba","Difa / Lubo / Kinafa","","9","9","4","4","4","0","0","5","0","0"
"2023/2024","Female","disabled","NECO","University","ward","Bambam","North East","Gombe","Balanga","Bambam","","8","8","6","3","3","0","0","2","2","0"
"2023/2024","Female","disabled","NECO","University","ward","Bangu","North East","Gombe","Balanga","Bangu","","37","37","18","8","8","0","0","19","10","0"
"2023/2024","Female","disabled","NECO","University","ward","Dadiya","North East","Gombe","Balanga","Dadiya","","20","20","10","4","4","0","0","10","6","0"
"2023/2024","Female","disabled","NECO","University","ward","Bajoga","North East","Gombe","Gombe","Bajoga","","18","18","10","4","4","0","0","8","7","0"
"2023/2024","Female","disabled","NECO","University","ward","Awak","North East","Gombe","Kaltungo","Awak","","26","26","16","7","7","0","0","10","9","0"
"2023/2024","Female","disabled","NECO","University","ward","Bule / Kaltin","North East","Gombe","Kaltungo","Bule / Kaltin","","30","30","19","11","11","0","0","11","8","0"
"2023/2024","Female","disabled","NECO","University","ward","Kaltungo East","North East","Gombe","Kaltungo","Kaltungo East","","45","45","23","6","8","0","0","22","18","0"
"2023/2024","Female","disabled","NECO","University","ward","Difa / Lubo / Kinafa","North East","Gombe","Yamaltu/Deba","Difa / Lubo / Kinafa","","25","25","14","4","4","0","0","11","10","0"
"2023/2024","Female","disabled","NECO","University","ward","Gwani / Shinga / Wade","North East","Gombe","Yamaltu/Deba","Gwani / Shinga / Wade","","8","8","3","3","3","0","0","5","0","0"
"2023/2024","Female","disabled","WAEC","College of Education","ward","Bambam","North East","Gombe","Balanga","Bambam","","43","43","25","6","6","0","0","18","19","0"
"2023/2024","Female","disabled","WAEC","College of Education","ward","Bangu","North East","Gombe","Balanga","Bangu","","27","27","16","6","6","0","0","11","10","0"
"2023/2024","Female","disabled","WAEC","College of Education","ward","Dadiya","North East","Gombe","Balanga","Dadiya","","32","32","19","5","5","0","0","13","14","0"
"2023/2024","Female","disabled","WAEC","College of Education","ward","Ajiya","North East","Gombe","Gombe","Ajiya","","21","21","12","3","3","0","0","9","9","0"
"2023/2024","Female","disabled","WAEC","College of Education","ward","Bolari East","North East","Gombe","Gombe","Bolari East","","13","13","7","3","3","0","0","6","4","0"
"2023/2024","Female","disabled","WAEC","College of Education","ward","Awak","North East","Gombe","Kaltungo","Awak","","37","37","21","6","6","0","0","16","16","0"
"2023/2024","Female","disabled","WAEC","College of Education","ward","Kaltungo East","North East","Gombe","Kaltungo","Kaltungo East","","10","10","5","2","2","0","0","5","2","0"
"2023/2024","Female","disabled","WAEC","College of Education","ward","Barwo / Nasarawo","North East","Gombe","Nafada","Barwo / Nasarawo","","25","25","15","3","3","0","0","10","12","0"
"2023/2024","Female","disabled","WAEC","College of Education","ward","Barwo Winde","North East","Gombe","Nafada","Barwo Winde","","70","69","37","14","15","0","1","32","23","0"
"2023/2024","Female","disabled","WAEC","College of Education","ward","Birin Bolewa","North East","Gombe","Nafada","Birin Bolewa","","55","55","33","12","14","0","0","22","22","0"
"2023/2024","Female","disabled","WAEC","College of Education","ward","Deba","North East","Gombe","Yamaltu/Deba","Deba","","46","46","25","6","6","0","0","21","19","0"
"2023/2024","Female","disabled","WAEC","College of Education","ward","Difa / Lubo / Kinafa","North East","Gombe","Yamaltu/Deba","Difa / Lubo / Kinafa","","57","57","33","9","10","0","0","24","25","0"
"2023/2024","Female","disabled","WAEC","College of Education","ward","Gwani / Shinga / Wade","North East","Gombe","Yamaltu/Deba","Gwani / Shinga / Wade","","58","58","33","9","9","0","0","25","24","0"
"2023/2024","Female","disabled","WAEC","Polytechnic","ward","Bambam","North East","Gombe","Balanga","Bambam","","8","8","5","2","2","0","0","3","2","0"
"2023/2024","Female","disabled","WAEC","Polytechnic","ward","Dadiya","North East","Gombe","Balanga","Dadiya","","27","27","16","6","7","0","0","11","11","0"
"2023/2024","Female","disabled","WAEC","Polytechnic","ward","Ajiya","North East","Gombe","Gombe","Ajiya","","60","60","32","8","8","0","0","28","23","0"
"2023/2024","Female","disabled","WAEC","Polytechnic","ward","Bajoga","North East","Gombe","Gombe","Bajoga","","80","79","45","12","13","0","1","34","33","0"
"2023/2024","Female","disabled","WAEC","Polytechnic","ward","Bolari East","North East","Gombe","Gombe","Bolari East","","50","50","29","9","11","0","0","21","20","0"
"2023/2024","Female","disabled","WAEC","Polytechnic","ward","Bule / Kaltin","North East","Gombe","Kaltungo","Bule / Kaltin","","21","21","12","3","3","0","0","9","9","0"
"2023/2024","Female","disabled","WAEC","Polytechnic","ward","Kaltungo East","North East","Gombe","Kaltungo","Kaltungo East","","30","30","17","3","3","0","0","13","14","0"
"2023/2024","Female","disabled","WAEC","Polytechnic","ward","Barwo / Nasarawo","North East","Gombe","Nafada","Barwo / Nasarawo","","84","84","48","12","13","0","0","36","36","0"
"2023/2024","Female","disabled","WAEC","Polytechnic","ward","Birin Bolewa","North East","Gombe","Nafada","Birin Bolewa","","49","49","30","9","10","0","0","19","21","0"
"2023/2024","Female","disabled","WAEC","Polytechnic","ward","Deba","North East","Gombe","Yamaltu/Deba","Deba","","35","35","22","9","9","0","0","13","13","0"
"2023/2024","Female","disabled","WAEC","Polytechnic","ward","Difa / Lubo / Kinafa","North East","Gombe","Yamaltu/Deba","Difa / Lubo / Kinafa","","10","10","7","2","2","0","0","3","4","0"
"2023/2024","Female","disabled","WAEC","University","ward","Bambam","North East","Gombe","Balanga","Bambam","","13","13","7","3","3","0","0","6","4","0"
"2023/2024","Female","disabled","WAEC","University","ward","Bangu","North East","Gombe","Balanga","Bangu","","47","46","26","9","10","0","1","20","17","0"
"2023/2024","Female","disabled","WAEC","University","ward","Dadiya","North East","Gombe","Balanga","Dadiya","","31","31","18","6","7","0","0","13","12","0"
"2023/2024","Female","disabled","WAEC","University","ward","Bajoga","North East","Gombe","Gombe","Bajoga","","21","21","12","3","3","0","0","9","9","0"
"2023/2024","Female","disabled","WAEC","University","ward","Awak","North East","Gombe","Kaltungo","Awak","","38","38","21","6","6","0","0","17","16","0"
"2023/2024","Female","disabled","WAEC","University","ward","Bule / Kaltin","North East","Gombe","Kaltungo","Bule / Kaltin","","41","41","25","8","8","0","0","16","16","0"
"2023/2024","Female","disabled","WAEC","University","ward","Kaltungo East","North East","Gombe","Kaltungo","Kaltungo East","","63","62","35","9","10","0","1","27","27","0"
"2023/2024","Female","disabled","WAEC","University","ward","Difa / Lubo / Kinafa","North East","Gombe","Yamaltu/Deba","Difa / Lubo / Kinafa","","41","40","23","6","7","0","1","17","17","0"
"2023/2024","Female","disabled","WAEC","University","ward","Gwani / Shinga / Wade","North East","Gombe","Yamaltu/Deba","Gwani / Shinga / Wade","","12","12","6","3","3","0","0","6","3","0"
"2023/2024","Male","all","NABTEB","College of Education","ward","Bambam","North East","Gombe","Balanga","Bambam","","168","166","98","34","29","5","2","68","64","5"
"2023/2024","Male","all","NABTEB","College of Education","ward","Bangu","North East","Gombe","Balanga","Bangu","","101","99","61","19","20","0","2","38","43","0"
"2023/2024","Male","all","NABTEB","College of Education","ward","Dadiya","North East","Gombe","Balanga","Dadiya","","199","196","112","34","28","6","3","84","79","6"
"2023/2024","Male","all","NABTEB","College of Education","ward","Ajiya","North East","Gombe","Gombe","Ajiya","","133","131","75","23","21","2","2","56","52","2"
"2023/2024","Male","all","NABTEB","College of Education","ward","Bolari East","North East","Gombe","Gombe","Bolari East","","60","59","36","12","12","0","1","23","24","0"
"2023/2024","Male","all","NABTEB","College of Education","ward","Awak","North East","Gombe","Kaltungo","Awak","","183","180","118","38","37","2","3","62","80","2"
"2023/2024","Male","all","NABTEB","College of Education","ward","Kaltungo East","North East","Gombe","Kaltungo","Kaltungo East","","60","59","34","8","8","0","1","25","26","0"
"2023/2024","Male","all","NABTEB","College of Education","ward","Barwo / Nasarawo","North East","Gombe","Nafada","Barwo / Nasarawo","","84","83","46","12","12","0","1","37","34","0"
"2023/2024","Male","all","NABTEB","College of Education","ward","Barwo Winde","North East","Gombe","Nafada","Barwo Winde","","280","275","166","50","45","5","5","109","116","5"
"2023/2024","Male","all","NABTEB","College of Education","ward","Birin Bolewa","North East","Gombe","Nafada","Birin Bolewa","","178","176","111","38","33","5","2","65","73","5"
"2023/2024","Male","all","NABTEB","College of Education","ward","Deba","North East","Gombe","Yamaltu/Deba","Deba","","197","195","121","34","33","2","2","74","87","2"
"2023/2024","Male","all","NABTEB","College of Education","ward","Difa / Lubo / Kinafa","North East","Gombe","Yamaltu/Deba","Difa / Lubo / Kinafa","","210","207","135","46","42","4","3","72","89","4"
"2023/2024","Male","all","NABTEB","College of Education","ward","Gwani / Shinga / Wade","North East","Gombe","Yamaltu/Deba","Gwani / Shinga / Wade","","285","281","172","57","50","7","4","109","115","7"
"2023/2024","Male","all","NABTEB","Polytechnic","ward","Bambam","North East","Gombe","Balanga","Bambam","","57","56","33","8","8","0","1","23","26","0"
"2023/2024","Male","all","NABTEB","Polytechnic","ward","Dadiya","North East","Gombe","Balanga","Dadiya","","106","104","66","19","17","2","2","38","48","2"
"2023/2024","Male","all","NABTEB","Polytechnic","ward","Ajiya","North East","Gombe","Gombe","Ajiya","","315","311","181","42","36","6","4","130","139","6"
"2023/2024","Male","all","NABTEB","Polytechnic","ward","Bajoga","North East","Gombe","Gombe","Bajoga","","279","274","166","50","45","5","5","108","116","5"
"2023/2024","Male","all","NABTEB","Polytechnic","ward","Bolari East","North East","Gombe","Gombe","Bolari East","","202","199","117","28","28","0","3","82","90","0"
"2023/2024","Male","all","NABTEB","Polytechnic","ward","Bule / Kaltin","North East","Gombe","Kaltungo","Bule / Kaltin","","88","87","56","19","16","3","1","31","38","3"
"2023/2024","Male","all","NABTEB","Polytechnic","ward","Kaltungo East","North East","Gombe","Kaltungo","Kaltungo East","","115","113","64","15","12","3","2","49","50","3"
"2023/2024","Male","all","NABTEB","Polytechnic","ward","Barwo / Nasarawo","North East","Gombe","Nafada","Barwo / Nasarawo","","310","305","186","43","33","10","5","119","143","10"
"2023/2024","Male","all","NABTEB","Polytechnic","ward","Birin Bolewa","North East","Gombe","Nafada","Birin Bolewa","","240","236","149","50","46","4","4","87","100","4"
"2023/2024","Male","all","NABTEB","Polytechnic","ward","Deba","North East","Gombe","Yamaltu/Deba","Deba","","154","152","92","34","34","2","2","60","59","2"
"2023/2024","Male","all","NABTEB","Polytechnic","ward","Difa / Lubo / Kinafa","North East","Gombe","Yamaltu/Deba","Difa / Lubo / Kinafa","","69","68","38","8","8","0","1","30","31","0"
"2023/2024","Male","all","NABTEB","University","ward","Bambam","North East","Gombe","Balanga","Bambam","","69","68","40","15","12","3","1","28","26","3"
"2023/2024","Male","all","NABTEB","University","ward","Bangu","North East","Gombe","Balanga","Bangu","","147","145","88","23","20","3","2","57","65","3"
"2023/2024","Male","all","NABTEB","University","ward","Dadiya","North East","Gombe","Balanga","Dadiya","","98","97","54","15","12","3","1","43","39","3"
"2023/2024","Male","all","NABTEB","University","ward","Bajoga","North East","Gombe","Gombe","Bajoga","","121","119","70","19","16","3","2","49","51","3"
"2023/2024","Male","all","NABTEB","University","ward","Awak","North East","Gombe","Kaltungo","Awak","","221","218","138","39","33","6","3","80","100","6"
"2023/2024","Male","all","NABTEB","University","ward","Bule / Kaltin","North East","Gombe","Kaltungo","Bule / Kaltin","","219","216","131","42","40","3","3","85","89","3"
"2023/2024","Male","all","NABTEB","University","ward","Kaltungo East","North East","Gombe","Kaltungo","Kaltungo East","","204","201","123","31","29","2","3","78","93","2"
"2023/2024","Male","all","NABTEB","University","ward","Difa / Lubo / Kinafa","North East","Gombe","Yamaltu/Deba","Difa / Lubo / Kinafa","","111","109","70","23","21","2","2","39","47","2"
"2023/2024","Male","all","NABTEB","University","ward","Gwani / Shinga / Wade","North East","Gombe","Yamaltu/Deba","Gwani / Shinga / Wade","","78","77","48","11","8","3","1","29","38","3"
"2023/2024","Male","all","NECO","College of Education","ward","Bambam","North East","Gombe","Balanga","Bambam","","326","321","195","69","66","3","5","126","126","3"
"2023/2024","Male","all","NECO","College of Education","ward","Bangu","North East","Gombe","Balanga","Bangu","","200","197","121","44","40","4","3","76","77","4"
"2023/2024","Male","all","NECO","College of Education","ward","Dadiya","North East","Gombe","Balanga","Dadiya","","345","340","205","69","62","7","5","135","137","7"
"2023/2024","Male","all","NECO","College of Education","ward","Ajiya","North East","Gombe","Gombe","Ajiya","","222","219","129","47","43","4","3","90","82","4"
"2023/2024","Male","all","NECO","College of Education","ward","Bolari East","North East","Gombe","Gombe","Bolari East","","113","111","69","25","24","1","2","42","45","1"
"2023/2024","Male","all","NECO","College of Education","ward","Awak","North East","Gombe","Kaltungo","Awak","","324","319","206","76","70","6","5","113","130","6"
"2023/2024","Male","all","NECO","College of Education","ward","Kaltungo East","North East","Gombe","Kaltungo","Kaltungo East","","95","94","52","18","16","2","1","42","35","2"
"2023/2024","Male","all","NECO","College of Education","ward","Barwo / Nasarawo","North East","Gombe","Nafada","Barwo / Nasarawo","","167","165","101","33","27","6","2","64","68","6"
"2023/2024","Male","all","NECO","College of Education","ward","Barwo Winde","North East","Gombe","Nafada","Barwo Winde","","479","471","292","97","91","8","8","179","195","8"
"2023/2024","Male","all","NECO","College of Education","ward","Birin Bolewa","North East","Gombe","Nafada","Birin Bolewa","","311","306","191","69","62","7","5","115","122","7"
"2023/2024","Male","all","NECO","College of Education","ward","Deba","North East","Gombe","Yamaltu/Deba","Deba","","380","374","228","80","74","6","6","146","148","6"
"2023/2024","Male","all","NECO","College of Education","ward","Difa / Lubo / Kinafa","North East","Gombe","Yamaltu/Deba","Difa / Lubo / Kinafa","","382","377","238","91","82","9","5","139","147","9"
"2023/2024","Male","all","NECO","College of Education","ward","Gwani / Shinga / Wade","North East","Gombe","Yamaltu/Deba","Gwani / Shinga / Wade","","577","569","361","123","113","10","8","208","239","10"
"2023/2024","Male","all","NECO","Polytechnic","ward","Bambam","North East","Gombe","Balanga","Bambam","","126","124","72","25","23","2","2","52","47","2"
"2023/2024","Male","all","NECO","Polytechnic","ward","Dadiya","North East","Gombe","Balanga","Dadiya","","202","199","117","40","35","5","3","82","78","5"
"2023/2024","Male","all","NECO","Polytechnic","ward","Ajiya","North East","Gombe","Gombe","Ajiya","","550","542","324","105","97","8","8","218","220","8"
"2023/2024","Male","all","NECO","Polytechnic","ward","Bajoga","North East","Gombe","Gombe","Bajoga","","560","552","325","119","110","9","8","227","207","9"
"2023/2024","Male","all","NECO","Polytechnic","ward","Bolari East","North East","Gombe","Gombe","Bolari East","","381","375","232","76","71","5","6","143","156","5"
"2023/2024","Male","all","NECO","Polytechnic","ward","Bule / Kaltin","North East","Gombe","Kaltungo","Bule / Kaltin","","178","175","107","36","31","5","3","68","71","5"
"2023/2024","Male","all","NECO","Polytechnic","ward","Kaltungo East","North East","Gombe","Kaltungo","Kaltungo East","","214","211","126","36","35","1","3","85","91","1"
"2023/2024","Male","all","NECO","Polytechnic","ward","Barwo / Nasarawo","North East","Gombe","Nafada","Barwo / Nasarawo","","591","582","344","112","101","11","9","238","232","11"
"2023/2024","Male","all","NECO","Polytechnic","ward","Birin Bolewa","North East","Gombe","Nafada","Birin Bolewa","","463","456","299","119","110","9","7","157","181","9"
"2023/2024","Male","all","NECO","Polytechnic","ward","Deba","North East","Gombe","Yamaltu/Deba","Deba","","271","267","166","69","62","7","4","101","97","7"
"2023/2024","Male","all","NECO","Polytechnic","ward","Difa / Lubo / Kinafa","North East","Gombe","Yamaltu/Deba","Difa / Lubo / Kinafa","","116","114","68","22","20","2","2","46","46","2"
"2023/2024","Male","all","NECO","University","ward","Bambam","North East","Gombe","Balanga","Bambam","","125","123","71","25","24","1","2","52","47","1"
"2023/2024","Male","all","NECO","University","ward","Bangu","North East","Gombe","Balanga","Bangu","","259","255","151","47","39","8","4","104","104","8"
"2023/2024","Male","all","NECO","University","ward","Dadiya","North East","Gombe","Balanga","Dadiya","","202","199","122","40","35","5","3","77","83","5"
"2023/2024","Male","all","NECO","University","ward","Bajoga","North East","Gombe","Gombe","Bajoga","","223","220","126","36","31","5","3","94","91","5"
"2023/2024","Male","all","NECO","University","ward","Awak","North East","Gombe","Kaltungo","Awak","","388","382","232","87","78","9","6","150","145","9"
"2023/2024","Male","all","NECO","University","ward","Bule / Kaltin","North East","Gombe","Kaltungo","Bule / Kaltin","","396","391","236","80","75","5","5","155","156","5"
"2023/2024","Male","all","NECO","University","ward","Kaltungo East","North East","Gombe","Kaltungo","Kaltungo East","","405","399","244","80","74","6","6","155","164","6"
"2023/2024","Male","all","NECO","University","ward","Difa / Lubo / Kinafa","North East","Gombe","Yamaltu/Deba","Difa / Lubo / Kinafa","","224","221","129","43","39","4","3","92","86","4"
"2023/2024","Male","all","NECO","University","ward","Gwani / Shinga / Wade","North East","Gombe","Yamaltu/Deba","Gwani / Shinga / Wade","","143","141","79","25","24","1","2","62","54","1"
"2023/2024","Male","all","WAEC","College of Education","ward","Bambam","North East","Gombe","Balanga","Bambam","","431","424","266","88","78","10","7","158","178","10"
"2023/2024","Male","all","WAEC","College of Education","ward","Bangu","North East","Gombe","Balanga","Bangu","","269","265","161","60","58","2","4","104","101","2"
"2023/2024","Male","all","WAEC","College of Education","ward","Dadiya","North East","Gombe","Balanga","Dadiya","","454","448","261","91","81","10","6","187","171","10"
"2023/2024","Male","all","WAEC","College of Education","ward","Ajiya","North East","Gombe","Gombe","Ajiya","","289","285","165","60","54","6","4","120","106","6"
"2023/2024","Male","all","WAEC","College of Education","ward","Bolari East","North East","Gombe","Gombe","Bolari East","","159","157","93","32","31","1","2","64","62","1"
"2023/2024","Male","all","WAEC","College of Education","ward","Awak","North East","Gombe","Kaltungo","Awak","","420","413","249","85","75","10","7","164","165","10"
"2023/2024","Male","all","WAEC","College of Education","ward","Kaltungo East","North East","Gombe","Kaltungo","Kaltungo East","","127","125","75","22","20","2","2","50","53","2"
"2023/2024","Male","all","WAEC","College of Education","ward","Barwo / Nasarawo","North East","Gombe","Nafada","Barwo / Nasarawo","","226","223","132","38","34","4","3","91","94","4"
"2023/2024","Male","all","WAEC","College of Education","ward","Barwo Winde","North East","Gombe","Nafada","Barwo Winde","","638","629","392","133","122","11","9","237","259","11"
"2023/2024","Male","all","WAEC","College of Education","ward","Birin Bolewa","North East","Gombe","Nafada","Birin Bolewa","","464","457","287","110","98","12","7","170","177","12"
"2023/2024","Male","all","WAEC","College of Education","ward","Deba","North East","Gombe","Yamaltu/Deba","Deba","","516","509","293","91","85","6","7","216","202","6"
"2023/2024","Male","all","WAEC","College of Education","ward","Difa / Lubo / Kinafa","North East","Gombe","Yamaltu/Deba","Difa / Lubo / Kinafa","","536","528","338","126","112","14","8","190","213","14"
"2023/2024","Male","all","WAEC","College of Education","ward","Gwani / Shinga / Wade","North East","Gombe","Yamaltu/Deba","Gwani / Shinga / Wade","","766","754","464","151","135","16","12","290","313","16"
"2023/2024","Male","all","WAEC","Polytechnic","ward","Bambam","North East","Gombe","Balanga","Bambam","","147","145","84","25","24","1","2","61","59","1"
"2023/2024","Male","all","WAEC","Polytechnic","ward","Dadiya","North East","Gombe","Balanga","Dadiya","","281","277","162","54","51","3","4","115","108","3"
"2023/2024","Male","all","WAEC","Polytechnic","ward","Ajiya","North East","Gombe","Gombe","Ajiya","","701","691","408","117","103","14","10","283","291","14"
"2023/2024","Male","all","WAEC","Polytechnic","ward","Bajoga","North East","Gombe","Gombe","Bajoga","","758","747","458","154","139","15","11","289","305","15"
"2023/2024","Male","all","WAEC","Polytechnic","ward","Bolari East","North East","Gombe","Gombe","Bolari East","","479","472","285","98","92","6","7","187","187","6"
"2023/2024","Male","all","WAEC","Polytechnic","ward","Bule / Kaltin","North East","Gombe","Kaltungo","Bule / Kaltin","","219","216","132","47","41","6","3","84","85","6"
"2023/2024","Male","all","WAEC","Polytechnic","ward","Kaltungo East","North East","Gombe","Kaltungo","Kaltungo East","","269","265","160","50","44","6","4","105","111","6"
"2023/2024","Male","all","WAEC","Polytechnic","ward","Barwo / Nasarawo","North East","Gombe","Nafada","Barwo / Nasarawo","","793","781","458","132","121","11","12","323","327","11"
"2023/2024","Male","all","WAEC","Polytechnic","ward","Birin Bolewa","North East","Gombe","Nafada","Birin Bolewa","","597","589","383","145","132","13","8","206","239","13"
"2023/2024","Male","all","WAEC","Polytechnic","ward","Deba","North East","Gombe","Yamaltu/Deba","Deba","","355","350","217","82","75","7","5","133","136","7"
"2023/2024","Male","all","WAEC","Polytechnic","ward","Difa / Lubo / Kinafa","North East","Gombe","Yamaltu/Deba","Difa / Lubo / Kinafa","","159","157","91","28","24","4","2","66","64","4"
"2023/2024","Male","all","WAEC","University","ward","Bambam","North East","Gombe","Balanga","Bambam","","170","167","106","38","34","4","3","61","69","4"
"2023/2024","Male","all","WAEC","University","ward","Bangu","North East","Gombe","Balanga","Bangu","","399","393","232","69","64","5","6","161","163","5"
"2023/2024","Male","all","WAEC","University","ward","Dadiya","North East","Gombe","Balanga","Dadiya","","253","249","152","50","47","3","4","97","102","3"
"2023/2024","Male","all","WAEC","University","ward","Bajoga","North East","Gombe","Gombe","Bajoga","","267","263","157","44","41","3","4","106","113","3"
"2023/2024","Male","all","WAEC","University","ward","Awak","North East","Gombe","Kaltungo","Awak","","518","511","318","110","101","9","7","193","209","9"
"2023/2024","Male","all","WAEC","University","ward","Bule / Kaltin","North East","Gombe","Kaltungo","Bule / Kaltin","","527","519","313","101","92","9","8","206","212","9"
"2023/2024","Male","all","WAEC","University","ward","Kaltungo East","North East","Gombe","Kaltungo","Kaltungo East","","562","554","338","107","98","9","8","216","232","9"
"2023/2024","Male","all","WAEC","University","ward","Difa / Lubo / Kinafa","North East","Gombe","Yamaltu/Deba","Difa / Lubo / Kinafa","","308","303","175","57","54","3","5","128","119","3"
"2023/2024","Male","all","WAEC","University","ward","Gwani / Shinga / Wade","North East","Gombe","Yamaltu/Deba","Gwani / Shinga / Wade","","172","169","104","35","31","4","3","65","69","4"
"2023/2024","Male","disabled","NABTEB","College of Education","ward","Bambam","North East","Gombe","Balanga","Bambam","","19","19","12","7","7","0","0","7","5","0"
"2023/2024","Male","disabled","NABTEB","College of Education","ward","Bangu","North East","Gombe","Balanga","Bangu","","17","17","8","3","3","0","0","8","5","0"
"2023/2024","Male","disabled","NABTEB","College of Education","ward","Dadiya","North East","Gombe","Balanga","Dadiya","","17","17","8","3","3","0","0","8","5","0"
"2023/2024","Male","disabled","NABTEB","College of Education","ward","Ajiya","North East","Gombe","Gombe","Ajiya","","8","8","4","3","3","0","0","4","1","0"
"2023/2024","Male","disabled","NABTEB","College of Education","ward","Bolari East","North East","Gombe","Gombe","Bolari East","","8","8","4","4","4","0","0","4","1","0"
"2023/2024","Male","disabled","NABTEB","College of Education","ward","Awak","North East","Gombe","Kaltungo","Awak","","17","17","8","7","7","0","0","8","2","0"
"2023/2024","Male","disabled","NABTEB","College of Education","ward","Kaltungo East","North East","Gombe","Kaltungo","Kaltungo East","","8","8","4","0","0","0","0","4","4","0"
"2023/2024","Male","disabled","NABTEB","College of Education","ward","Barwo / Nasarawo","North East","Gombe","Nafada","Barwo / Nasarawo","","8","8","4","0","0","0","0","4","4","0"
"2023/2024","Male","disabled","NABTEB","College of Education","ward","Barwo Winde","North East","Gombe","Nafada","Barwo Winde","","40","40","22","8","8","0","0","18","15","0"
"2023/2024","Male","disabled","NABTEB","College of Education","ward","Birin Bolewa","North East","Gombe","Nafada","Birin Bolewa","","22","22","15","7","7","0","0","7","7","0"
"2023/2024","Male","disabled","NABTEB","College of Education","ward","Deba","North East","Gombe","Yamaltu/Deba","Deba","","17","17","9","4","4","0","0","8","6","0"
"2023/2024","Male","disabled","NABTEB","College of Education","ward","Difa / Lubo / Kinafa","North East","Gombe","Yamaltu/Deba","Difa / Lubo / Kinafa","","19","19","12","7","7","0","0","7","5","0"
"2023/2024","Male","disabled","NABTEB","College of Education","ward","Gwani / Shinga / Wade","North East","Gombe","Yamaltu/Deba","Gwani / Shinga / Wade","","26","26","14","12","12","0","0","12","3","0"
"2023/2024","Male","disabled","NABTEB","Polytechnic","ward","Bambam","North East","Gombe","Balanga","Bambam","","8","8","4","0","0","0","0","4","4","0"
"2023/2024","Male","disabled","NABTEB","Polytechnic","ward","Dadiya","North East","Gombe","Balanga","Dadiya","","10","10","7","3","3","0","0","3","3","0"
"2023/2024","Male","disabled","NABTEB","Polytechnic","ward","Ajiya","North East","Gombe","Gombe","Ajiya","","29","29","14","0","0","0","0","15","14","0"
"2023/2024","Male","disabled","NABTEB","Polytechnic","ward","Bajoga","North East","Gombe","Gombe","Bajoga","","30","30","17","8","8","0","0","13","9","0"
"2023/2024","Male","disabled","NABTEB","Polytechnic","ward","Bolari East","North East","Gombe","Gombe","Bolari East","","26","26","13","4","4","0","0","13","10","0"
"2023/2024","Male","disabled","NABTEB","Polytechnic","ward","Bule / Kaltin","North East","Gombe","Kaltungo","Bule / Kaltin","","8","8","4","3","3","0","0","4","1","0"
"2023/2024","Male","disabled","NABTEB","Polytechnic","ward","Kaltungo East","North East","Gombe","Kaltungo","Kaltungo East","","13","13","7","0","0","0","0","6","7","0"
"2023/2024","Male","disabled","NABTEB","Polytechnic","ward","Barwo / Nasarawo","North East","Gombe","Nafada","Barwo / Nasarawo","","32","32","21","4","4","0","0","11","18","0"
"2023/2024","Male","disabled","NABTEB","Polytechnic","ward","Birin Bolewa","North East","Gombe","Nafada","Birin Bolewa","","24","24","14","7","7","0","0","10","6","0"
"2023/2024","Male","disabled","NABTEB","Polytechnic","ward","Deba","North East","Gombe","Yamaltu/Deba","Deba","","19","19","12","7","7","0","0","7","5","0"
"2023/2024","Male","disabled","NABTEB","Polytechnic","ward","Difa / Lubo / Kinafa","North East","Gombe","Yamaltu/Deba","Difa / Lubo / Kinafa","","8","8","4","0","0","0","0","4","4","0"
"2023/2024","Male","disabled","NABTEB","University","ward","Bambam","North East","Gombe","Balanga","Bambam","","8","8","4","4","4","0","0","4","1","0"
"2023/2024","Male","disabled","NABTEB","University","ward","Bangu","North East","Gombe","Balanga","Bangu","","19","19","11","3","3","0","0","8","8","0"
"2023/2024","Male","disabled","NABTEB","University","ward","Dadiya","North East","Gombe","Balanga","Dadiya","","10","10","4","3","3","0","0","6","1","0"
"2023/2024","Male","disabled","NABTEB","University","ward","Bajoga","North East","Gombe","Gombe","Bajoga","","10","10","7","3","3","0","0","3","3","0"
"2023/2024","Male","disabled","NABTEB","University","ward","Awak","North East","Gombe","Kaltungo","Awak","","19","19","11","3","3","0","0","8","8","0"
"2023/2024","Male","disabled","NABTEB","University","ward","Bule / Kaltin","North East","Gombe","Kaltungo","Bule / Kaltin","","26","26","13","7","7","0","0","13","6","0"
"2023/2024","Male","disabled","NABTEB","University","ward","Kaltungo East","North East","Gombe","Kaltungo","Kaltungo East","","24","24","14","4","4","0","0","10","10","0"
"2023/2024","Male","disabled","NABTEB","University","ward","Difa / Lubo / Kinafa","North East","Gombe","Yamaltu/Deba","Difa / Lubo / Kinafa","","10","10","4","3","3","0","0","6","1","0"
"2023/2024","Male","disabled","NABTEB","University","ward","Gwani / Shinga / Wade","North East","Gombe","Yamaltu/Deba","Gwani / Shinga / Wade","","8","8","4","0","0","0","0","4","4","0"
"2023/2024","Male","disabled","NECO","College of Education","ward","Bambam","North East","Gombe","Balanga","Bambam","","40","40","23","8","8","0","0","17","16","0"
"2023/2024","Male","disabled","NECO","College of Education","ward","Bangu","North East","Gombe","Balanga","Bangu","","21","21","12","7","7","0","0","9","5","0"
"2023/2024","Male","disabled","NECO","College of Education","ward","Dadiya","North East","Gombe","Balanga","Dadiya","","28","28","15","8","8","0","0","13","8","0"
"2023/2024","Male","disabled","NECO","College of Education","ward","Ajiya","North East","Gombe","Gombe","Ajiya","","15","15","8","4","4","0","0","7","4","0"
"2023/2024","Male","disabled","NECO","College of Education","ward","Bolari East","North East","Gombe","Gombe","Bolari East","","8","8","6","3","3","0","0","2","2","0"
"2023/2024","Male","disabled","NECO","College of Education","ward","Awak","North East","Gombe","Kaltungo","Awak","","24","24","14","7","7","0","0","10","7","0"
"2023/2024","Male","disabled","NECO","College of Education","ward","Kaltungo East","North East","Gombe","Kaltungo","Kaltungo East","","8","8","3","0","0","0","0","5","3","0"
"2023/2024","Male","disabled","NECO","College of Education","ward","Barwo / Nasarawo","North East","Gombe","Nafada","Barwo / Nasarawo","","22","22","13","4","4","0","0","9","9","0"
"2023/2024","Male","disabled","NECO","College of Education","ward","Barwo Winde","North East","Gombe","Nafada","Barwo Winde","","56","56","33","11","12","0","0","23","22","0"
"2023/2024","Male","disabled","NECO","College of Education","ward","Birin Bolewa","North East","Gombe","Nafada","Birin Bolewa","","37","37","21","8","8","0","0","16","14","0"
"2023/2024","Male","disabled","NECO","College of Education","ward","Deba","North East","Gombe","Yamaltu/Deba","Deba","","33","33","19","6","8","0","0","14","14","0"
"2023/2024","Male","disabled","NECO","College of Education","ward","Difa / Lubo / Kinafa","North East","Gombe","Yamaltu/Deba","Difa / Lubo / Kinafa","","39","39","23","6","8","0","0","16","17","0"
"2023/2024","Male","disabled","NECO","College of Education","ward","Gwani / Shinga / Wade","North East","Gombe","Yamaltu/Deba","Gwani / Shinga / Wade","","47","47","28","11","12","0","0","19","17","0"
"2023/2024","Male","disabled","NECO","Polytechnic","ward","Bambam","North East","Gombe","Balanga","Bambam","","11","11","6","4","4","0","0","5","3","0"
"2023/2024","Male","disabled","NECO","Polytechnic","ward","Dadiya","North East","Gombe","Balanga","Dadiya","","18","18","10","4","4","0","0","8","7","0"
"2023/2024","Male","disabled","NECO","Polytechnic","ward","Ajiya","North East","Gombe","Gombe","Ajiya","","53","53","30","8","8","0","0","23","22","0"
"2023/2024","Male","disabled","NECO","Polytechnic","ward","Bajoga","North East","Gombe","Gombe","Bajoga","","55","55","31","14","15","0","0","24","17","0"
"2023/2024","Male","disabled","NECO","Polytechnic","ward","Bolari East","North East","Gombe","Gombe","Bolari East","","40","40","26","11","11","0","0","14","14","0"
"2023/2024","Male","disabled","NECO","Polytechnic","ward","Bule / Kaltin","North East","Gombe","Kaltungo","Bule / Kaltin","","18","18","10","4","4","0","0","8","7","0"
"2023/2024","Male","disabled","NECO","Polytechnic","ward","Kaltungo East","North East","Gombe","Kaltungo","Kaltungo East","","23","23","12","3","4","0","0","11","10","0"
"2023/2024","Male","disabled","NECO","Polytechnic","ward","Barwo / Nasarawo","North East","Gombe","Nafada","Barwo / Nasarawo","","61","61","34","10","12","0","0","27","25","0"
"2023/2024","Male","disabled","NECO","Polytechnic","ward","Birin Bolewa","North East","Gombe","Nafada","Birin Bolewa","","45","45","28","11","11","0","0","17","17","0"
"2023/2024","Male","disabled","NECO","Polytechnic","ward","Deba","North East","Gombe","Yamaltu/Deba","Deba","","29","29","17","7","7","0","0","12","10","0"
"2023/2024","Male","disabled","NECO","Polytechnic","ward","Difa / Lubo / Kinafa","North East","Gombe","Yamaltu/Deba","Difa / Lubo / Kinafa","","10","10","6","2","3","0","0","4","3","0"
"2023/2024","Male","disabled","NECO","University","ward","Bambam","North East","Gombe","Balanga","Bambam","","10","10","6","3","3","0","0","4","2","0"
"2023/2024","Male","disabled","NECO","University","ward","Bangu","North East","Gombe","Balanga","Bangu","","32","32","16","4","4","0","0","16","12","0"
"2023/2024","Male","disabled","NECO","University","ward","Dadiya","North East","Gombe","Balanga","Dadiya","","21","21","12","4","4","0","0","9","9","0"
"2023/2024","Male","disabled","NECO","University","ward","Bajoga","North East","Gombe","Gombe","Bajoga","","21","21","10","4","4","0","0","10","7","0"
"2023/2024","Male","disabled","NECO","University","ward","Awak","North East","Gombe","Kaltungo","Awak","","29","29","14","7","7","0","0","14","7","0"
"2023/2024","Male","disabled","NECO","University","ward","Bule / Kaltin","North East","Gombe","Kaltungo","Bule / Kaltin","","36","36","22","11","11","0","0","14","12","0"
"2023/2024","Male","disabled","NECO","University","ward","Kaltungo East","North East","Gombe","Kaltungo","Kaltungo East","","47","47","25","7","8","0","0","22","18","0"
"2023/2024","Male","disabled","NECO","University","ward","Difa / Lubo / Kinafa","North East","Gombe","Yamaltu/Deba","Difa / Lubo / Kinafa","","27","27","14","3","4","0","0","13","11","0"
"2023/2024","Male","disabled","NECO","University","ward","Gwani / Shinga / Wade","North East","Gombe","Yamaltu/Deba","Gwani / Shinga / Wade","","10","10","6","3","3","0","0","4","2","0"
"2023/2024","Male","disabled","WAEC","College of Education","ward","Bambam","North East","Gombe","Balanga","Bambam","","50","50","27","6","6","0","0","23","21","0"
"2023/2024","Male","disabled","WAEC","College of Education","ward","Bangu","North East","Gombe","Balanga","Bangu","","30","30","16","6","6","0","0","14","10","0"
"2023/2024","Male","disabled","WAEC","College of Education","ward","Dadiya","North East","Gombe","Balanga","Dadiya","","39","39","22","6","6","0","0","17","17","0"
"2023/2024","Male","disabled","WAEC","College of Education","ward","Ajiya","North East","Gombe","Gombe","Ajiya","","21","21","12","3","3","0","0","9","9","0"
"2023/2024","Male","disabled","WAEC","College of Education","ward","Bolari East","North East","Gombe","Gombe","Bolari East","","10","10","7","2","2","0","0","3","4","0"
"2023/2024","Male","disabled","WAEC","College of Education","ward","Awak","North East","Gombe","Kaltungo","Awak","","40","40","21","6","6","0","0","19","16","0"
"2023/2024","Male","disabled","WAEC","College of Education","ward","Kaltungo East","North East","Gombe","Kaltungo","Kaltungo East","","10","10","5","2","2","0","0","5","2","0"
"2023/2024","Male","disabled","WAEC","College of Education","ward","Barwo / Nasarawo","North East","Gombe","Nafada","Barwo / Nasarawo","","25","25","13","3","3","0","0","12","10","0"
"2023/2024","Male","disabled","WAEC","College of Education","ward","Barwo Winde","North East","Gombe","Nafada","Barwo Winde","","72","71","41","14","15","0","1","30","27","0"
"2023/2024","Male","disabled","WAEC","College of Education","ward","Birin Bolewa","North East","Gombe","Nafada","Birin Bolewa","","55","55","33","12","14","0","0","22","22","0"
"2023/2024","Male","disabled","WAEC","College of Education","ward","Deba","North East","Gombe","Yamaltu/Deba","Deba","","49","49","27","6","6","0","0","22","21","0"
"2023/2024","Male","disabled","WAEC","College of Education","ward","Difa / Lubo / Kinafa","North East","Gombe","Yamaltu/Deba","Difa / Lubo / Kinafa","","59","59","35","12","14","0","0","24","23","0"
"2023/2024","Male","disabled","WAEC","College of Education","ward","Gwani / Shinga / Wade","North East","Gombe","Yamaltu/Deba","Gwani / Shinga / Wade","","69","69","41","9","9","0","0","28","32","0"
"2023/2024","Male","disabled","WAEC","Polytechnic","ward","Bambam","North East","Gombe","Balanga","Bambam","","14","14","7","3","3","0","0","7","5","0"
"2023/2024","Male","disabled","WAEC","Polytechnic","ward","Dadiya","North East","Gombe","Balanga","Dadiya","","29","29","18","6","7","0","0","11","13","0"
"2023/2024","Male","disabled","WAEC","Polytechnic","ward","Ajiya","North East","Gombe","Gombe","Ajiya","","68","68","37","9","10","0","0","31","29","0"
"2023/2024","Male","disabled","WAEC","Polytechnic","ward","Bajoga","North East","Gombe","Gombe","Bajoga","","80","79","44","12","13","0","1","35","32","0"
"2023/2024","Male","disabled","WAEC","Polytechnic","ward","Bolari East","North East","Gombe","Gombe","Bolari East","","54","54","28","9","11","0","0","26","20","0"
"2023/2024","Male","disabled","WAEC","Polytechnic","ward","Bule / Kaltin","North East","Gombe","Kaltungo","Bule / Kaltin","","21","21","12","3","3","0","0","9","9","0"
"2023/2024","Male","disabled","WAEC","Polytechnic","ward","Kaltungo East","North East","Gombe","Kaltungo","Kaltungo East","","31","31","18","3","3","0","0","13","15","0"
"2023/2024","Male","disabled","WAEC","Polytechnic","ward","Barwo / Nasarawo","North East","Gombe","Nafada","Barwo / Nasarawo","","88","88","49","9","9","0","0","39","40","0"
"2023/2024","Male","disabled","WAEC","Polytechnic","ward","Birin Bolewa","North East","Gombe","Nafada","Birin Bolewa","","62","61","37","9","10","0","1","24","28","0"
"2023/2024","Male","disabled","WAEC","Polytechnic","ward","Deba","North East","Gombe","Yamaltu/Deba","Deba","","35","35","19","6","6","0","0","16","14","0"
"2023/2024","Male","disabled","WAEC","Polytechnic","ward","Difa / Lubo / Kinafa","North East","Gombe","Yamaltu/Deba","Difa / Lubo / Kinafa","","14","14","7","3","3","0","0","7","5","0"
"2023/2024","Male","disabled","WAEC","University","ward","Bambam","North East","Gombe","Balanga","Bambam","","15","15","8","3","3","0","0","7","5","0"
"2023/2024","Male","disabled","WAEC","University","ward","Bangu","North East","Gombe","Balanga","Bangu","","47","47","26","6","7","0","0","21","21","0"
"2023/2024","Male","disabled","WAEC","University","ward","Dadiya","North East","Gombe","Balanga","Dadiya","","32","32","16","3","3","0","0","16","14","0"
"2023/2024","Male","disabled","WAEC","University","ward","Bajoga","North East","Gombe","Gombe","Bajoga","","24","24","12","3","3","0","0","12","10","0"
"2023/2024","Male","disabled","WAEC","University","ward","Awak","North East","Gombe","Kaltungo","Awak","","44","44","26","9","10","0","0","18","17","0"
"2023/2024","Male","disabled","WAEC","University","ward","Bule / Kaltin","North East","Gombe","Kaltungo","Bule / Kaltin","","46","46","26","8","8","0","0","20","17","0"
"2023/2024","Male","disabled","WAEC","University","ward","Kaltungo East","North East","Gombe","Kaltungo","Kaltungo East","","71","70","39","9","10","0","1","31","31","0"
"2023/2024","Male","disabled","WAEC","University","ward","Difa / Lubo / Kinafa","North East","Gombe","Yamaltu/Deba","Difa / Lubo / Kinafa","","41","40","23","6","7","0","1","17","17","0"
"2023/2024","Male","disabled","WAEC","University","ward","Gwani / Shinga / Wade","North East","Gombe","Yamaltu/Deba","Gwani / Shinga / Wade","","15","15","8","3","4","0","0","7","5","0"
"2024/2025","Female","all","NABTEB","College of Education","ward","Bambam","North East","Gombe","Balanga","Bambam","","163","145","98","30","22","0","18","47","69","8"
"2024/2025","Female","all","NABTEB","College of Education","ward","Bangu","North East","Gombe","Balanga","Bangu","","127","112","79","26","20","0","15","33","54","6"
"2024/2025","Female","all","NABTEB","College of Education","ward","Dadiya","North East","Gombe","Balanga","Dadiya","","208","185","126","44","24","6","23","59","82","20"
"2024/2025","Female","all","NABTEB","College of Education","ward","Ajiya","North East","Gombe","Gombe","Ajiya","","133","117","83","26","16","2","16","34","57","10"
"2024/2025","Female","all","NABTEB","College of Education","ward","Bolari East","North East","Gombe","Gombe","Bolari East","","77","68","46","17","10","3","9","22","30","7"
"2024/2025","Female","all","NABTEB","College of Education","ward","Awak","North East","Gombe","Kaltungo","Awak","","202","179","126","43","26","5","23","53","83","17"
"2024/2025","Female","all","NABTEB","College of Education","ward","Kaltungo East","North East","Gombe","Kaltungo","Kaltungo East","","71","63","46","8","6","0","8","17","38","2"
"2024/2025","Female","all","NABTEB","College of Education","ward","Barwo / Nasarawo","North East","Gombe","Nafada","Barwo / Nasarawo","","116","103","74","17","10","3","13","29","57","7"
"2024/2025","Female","all","NABTEB","College of Education","ward","Barwo Winde","North East","Gombe","Nafada","Barwo Winde","","315","278","208","74","50","5","37","70","134","24"
"2024/2025","Female","all","NABTEB","College of Education","ward","Birin Bolewa","North East","Gombe","Nafada","Birin Bolewa","","174","155","117","44","24","6","19","38","74","20"
"2024/2025","Female","all","NABTEB","College of Education","ward","Deba","North East","Gombe","Yamaltu/Deba","Deba","","233","207","148","50","29","6","26","59","99","21"
"2024/2025","Female","all","NABTEB","College of Education","ward","Difa / Lubo / Kinafa","North East","Gombe","Yamaltu/Deba","Difa / Lubo / Kinafa","","219","195","142","48","28","5","24","53","94","20"
"2024/2025","Female","all","NABTEB","College of Education","ward","Gwani / Shinga / Wade","North East","Gombe","Yamaltu/Deba","Gwani / Shinga / Wade","","341","304","216","77","48","8","37","88","138","30"
"2024/2025","Female","all","NABTEB","Polytechnic","ward","Bambam","North East","Gombe","Balanga","Bambam","","71","63","46","16","10","3","8","17","29","7"
"2024/2025","Female","all","NABTEB","Polytechnic","ward","Dadiya","North East","Gombe","Balanga","Dadiya","","139","123","86","32","20","3","16","37","55","12"
"2024/2025","Female","all","NABTEB","Polytechnic","ward","Ajiya","North East","Gombe","Gombe","Ajiya","","295","262","180","52","34","3","33","82","128","18"
"2024/2025","Female","all","NABTEB","Polytechnic","ward","Bajoga","North East","Gombe","Gombe","Bajoga","","338","298","211","67","42","6","40","87","145","25"
"2024/2025","Female","all","NABTEB","Polytechnic","ward","Bolari East","North East","Gombe","Gombe","Bolari East","","216","191","138","38","24","3","25","53","100","14"
"2024/2025","Female","all","NABTEB","Polytechnic","ward","Bule / Kaltin","North East","Gombe","Kaltungo","Bule / Kaltin","","108","96","68","22","12","3","12","28","46","10"
"2024/2025","Female","all","NABTEB","Polytechnic","ward","Kaltungo East","North East","Gombe","Kaltungo","Kaltungo East","","110","98","61","22","12","3","12","37","40","10"
"2024/2025","Female","all","NABTEB","Polytechnic","ward","Barwo / Nasarawo","North East","Gombe","Nafada","Barwo / Nasarawo","","329","293","209","69","40","8","36","84","140","30"
"2024/2025","Female","all","NABTEB","Polytechnic","ward","Birin Bolewa","North East","Gombe","Nafada","Birin Bolewa","","225","200","145","52","32","4","25","55","94","20"
"2024/2025","Female","all","NABTEB","Polytechnic","ward","Deba","North East","Gombe","Yamaltu/Deba","Deba","","160","142","108","39","26","2","18","34","69","13"
"2024/2025","Female","all","NABTEB","Polytechnic","ward","Difa / Lubo / Kinafa","North East","Gombe","Yamaltu/Deba","Difa / Lubo / Kinafa","","66","58","39","8","6","0","8","19","31","2"
"2024/2025","Female","all","NABTEB","University","ward","Bambam","North East","Gombe","Balanga","Bambam","","63","56","39","13","10","0","7","17","27","3"
"2024/2025","Female","all","NABTEB","University","ward","Bangu","North East","Gombe","Balanga","Bangu","","175","155","108","34","22","2","20","47","75","12"
"2024/2025","Female","all","NABTEB","University","ward","Dadiya","North East","Gombe","Balanga","Dadiya","","142","126","93","17","10","3","16","33","76","7"
"2024/2025","Female","all","NABTEB","University","ward","Bajoga","North East","Gombe","Gombe","Bajoga","","134","118","83","22","12","3","16","35","61","10"
"2024/2025","Female","all","NABTEB","University","ward","Awak","North East","Gombe","Kaltungo","Awak","","219","195","138","49","32","3","24","57","90","17"
"2024/2025","Female","all","NABTEB","University","ward","Bule / Kaltin","North East","Gombe","Kaltungo","Bule / Kaltin","","234","208","150","50","34","3","26","58","100","17"
"2024/2025","Female","all","NABTEB","University","ward","Kaltungo East","North East","Gombe","Kaltungo","Kaltungo East","","235","208","146","43","26","5","27","62","103","17"
"2024/2025","Female","all","NABTEB","University","ward","Difa / Lubo / Kinafa","North East","Gombe","Yamaltu/Deba","Difa / Lubo / Kinafa","","114","101","74","22","12","3","13","27","52","10"
"2024/2025","Female","all","NABTEB","University","ward","Gwani / Shinga / Wade","North East","Gombe","Yamaltu/Deba","Gwani / Shinga / Wade","","77","68","46","17","10","3","9","22","30","7"
"2024/2025","Female","all","NECO","College of Education","ward","Bambam","North East","Gombe","Balanga","Bambam","","329","292","207","74","48","3","37","85","133","26"
"2024/2025","Female","all","NECO","College of Education","ward","Bangu","North East","Gombe","Balanga","Bangu","","213","189","131","53","30","6","24","58","79","23"
"2024/2025","Female","all","NECO","College of Education","ward","Dadiya","North East","Gombe","Balanga","Dadiya","","423","377","264","104","66","10","46","113","160","38"
"2024/2025","Female","all","NECO","College of Education","ward","Ajiya","North East","Gombe","Gombe","Ajiya","","247","220","163","57","35","5","27","57","106","22"
"2024/2025","Female","all","NECO","College of Education","ward","Bolari East","North East","Gombe","Gombe","Bolari East","","135","120","86","35","23","2","15","34","52","12"
"2024/2025","Female","all","NECO","College of Education","ward","Awak","North East","Gombe","Kaltungo","Awak","","365","324","238","96","62","6","41","86","142","34"
"2024/2025","Female","all","NECO","College of Education","ward","Kaltungo East","North East","Gombe","Kaltungo","Kaltungo East","","134","119","78","26","16","3","15","41","52","10"
"2024/2025","Female","all","NECO","College of Education","ward","Barwo / Nasarawo","North East","Gombe","Nafada","Barwo / Nasarawo","","209","186","133","39","25","1","23","53","94","14"
"2024/2025","Female","all","NECO","College of Education","ward","Barwo Winde","North East","Gombe","Nafada","Barwo Winde","","566","503","357","131","79","14","63","146","227","52"
"2024/2025","Female","all","NECO","College of Education","ward","Birin Bolewa","North East","Gombe","Nafada","Birin Bolewa","","308","274","202","82","50","6","34","72","120","32"
"2024/2025","Female","all","NECO","College of Education","ward","Deba","North East","Gombe","Yamaltu/Deba","Deba","","448","398","286","105","67","5","50","112","181","38"
"2024/2025","Female","all","NECO","College of Education","ward","Difa / Lubo / Kinafa","North East","Gombe","Yamaltu/Deba","Difa / Lubo / Kinafa","","435","386","289","114","71","9","49","97","176","43"
"2024/2025","Female","all","NECO","College of Education","ward","Gwani / Shinga / Wade","North East","Gombe","Yamaltu/Deba","Gwani / Shinga / Wade","","647","575","407","170","107","14","72","168","237","63"
"2024/2025","Female","all","NECO","Polytechnic","ward","Bambam","North East","Gombe","Balanga","Bambam","","122","108","75","31","18","3","14","33","45","13"
"2024/2025","Female","all","NECO","Polytechnic","ward","Dadiya","North East","Gombe","Balanga","Dadiya","","249","222","160","61","39","4","27","62","100","22"
"2024/2025","Female","all","NECO","Polytechnic","ward","Ajiya","North East","Gombe","Gombe","Ajiya","","602","536","373","127","78","9","66","163","246","49"
"2024/2025","Female","all","NECO","Polytechnic","ward","Bajoga","North East","Gombe","Gombe","Bajoga","","659","587","427","167","107","10","72","160","260","60"
"2024/2025","Female","all","NECO","Polytechnic","ward","Bolari East","North East","Gombe","Gombe","Bolari East","","410","364","253","92","54","9","46","111","160","39"
"2024/2025","Female","all","NECO","Polytechnic","ward","Bule / Kaltin","North East","Gombe","Kaltungo","Bule / Kaltin","","202","179","124","48","29","5","23","55","77","19"
"2024/2025","Female","all","NECO","Polytechnic","ward","Kaltungo East","North East","Gombe","Kaltungo","Kaltungo East","","196","174","122","35","23","2","22","52","87","12"
"2024/2025","Female","all","NECO","Polytechnic","ward","Barwo / Nasarawo","North East","Gombe","Nafada","Barwo / Nasarawo","","641","570","391","138","87","11","71","179","254","51"
"2024/2025","Female","all","NECO","Polytechnic","ward","Birin Bolewa","North East","Gombe","Nafada","Birin Bolewa","","413","368","269","122","79","9","45","99","148","43"
"2024/2025","Female","all","NECO","Polytechnic","ward","Deba","North East","Gombe","Yamaltu/Deba","Deba","","275","245","179","65","41","4","30","66","115","24"
"2024/2025","Female","all","NECO","Polytechnic","ward","Difa / Lubo / Kinafa","North East","Gombe","Yamaltu/Deba","Difa / Lubo / Kinafa","","125","111","78","30","18","3","14","33","47","13"
"2024/2025","Female","all","NECO","University","ward","Bambam","North East","Gombe","Balanga","Bambam","","131","116","84","35","23","2","15","32","50","12"
"2024/2025","Female","all","NECO","University","ward","Bangu","North East","Gombe","Balanga","Bangu","","321","285","193","56","35","5","36","92","137","21"
"2024/2025","Female","all","NECO","University","ward","Dadiya","North East","Gombe","Balanga","Dadiya","","202","179","122","39","23","5","23","57","84","16"
"2024/2025","Female","all","NECO","University","ward","Bajoga","North East","Gombe","Gombe","Bajoga","","240","214","149","48","29","5","26","65","102","19"
"2024/2025","Female","all","NECO","University","ward","Awak","North East","Gombe","Kaltungo","Awak","","386","344","242","92","59","6","42","102","150","33"
"2024/2025","Female","all","NECO","University","ward","Bule / Kaltin","North East","Gombe","Kaltungo","Bule / Kaltin","","403","357","255","100","64","6","46","102","155","36"
"2024/2025","Female","all","NECO","University","ward","Kaltungo East","North East","Gombe","Kaltungo","Kaltungo East","","439","390","278","91","54","10","49","112","187","37"
"2024/2025","Female","all","NECO","University","ward","Difa / Lubo / Kinafa","North East","Gombe","Yamaltu/Deba","Difa / Lubo / Kinafa","","247","220","155","57","35","5","27","65","98","22"
"2024/2025","Female","all","NECO","University","ward","Gwani / Shinga / Wade","North East","Gombe","Yamaltu/Deba","Gwani / Shinga / Wade","","124","110","74","30","18","3","14","36","44","13"
"2024/2025","Female","all","WAEC","College of Education","ward","Bambam","North East","Gombe","Balanga","Bambam","","433","385","268","93","57","9","48","117","175","36"
"2024/2025","Female","all","WAEC","College of Education","ward","Bangu","North East","Gombe","Balanga","Bangu","","295","263","185","71","42","7","32","78","115","29"
"2024/2025","Female","all","WAEC","College of Education","ward","Dadiya","North East","Gombe","Balanga","Dadiya","","523","466","324","120","74","11","57","142","205","46"
"2024/2025","Female","all","WAEC","College of Education","ward","Ajiya","North East","Gombe","Gombe","Ajiya","","363","323","238","87","53","11","40","85","152","34"
"2024/2025","Female","all","WAEC","College of Education","ward","Bolari East","North East","Gombe","Gombe","Bolari East","","208","185","132","49","31","4","23","53","84","18"
"2024/2025","Female","all","WAEC","College of Education","ward","Awak","North East","Gombe","Kaltungo","Awak","","527","469","339","131","84","10","58","130","208","47"
"2024/2025","Female","all","WAEC","College of Education","ward","Kaltungo East","North East","Gombe","Kaltungo","Kaltungo East","","168","150","98","33","22","1","18","52","66","11"
"2024/2025","Female","all","WAEC","College of Education","ward","Barwo / Nasarawo","North East","Gombe","Nafada","Barwo / Nasarawo","","278","247","170","57","36","4","31","77","113","21"
"2024/2025","Female","all","WAEC","College of Education","ward","Barwo Winde","North East","Gombe","Nafada","Barwo Winde","","752","669","470","173","105","16","83","199","297","68"
"2024/2025","Female","all","WAEC","College of Education","ward","Birin Bolewa","North East","Gombe","Nafada","Birin Bolewa","","458","407","307","128","80","11","51","100","180","48"
"2024/2025","Female","all","WAEC","College of Education","ward","Deba","North East","Gombe","Yamaltu/Deba","Deba","","607","540","394","147","88","18","67","146","247","59"
"2024/2025","Female","all","WAEC","College of Education","ward","Difa / Lubo / Kinafa","North East","Gombe","Yamaltu/Deba","Difa / Lubo / Kinafa","","545","485","351","136","85","10","60","134","216","51"
"2024/2025","Female","all","WAEC","College of Education","ward","Gwani / Shinga / Wade","North East","Gombe","Yamaltu/Deba","Gwani / Shinga / Wade","","810","722","519","180","111","18","88","203","339","69"
"2024/2025","Female","all","WAEC","Polytechnic","ward","Bambam","North East","Gombe","Balanga","Bambam","","153","136","98","38","22","5","17","38","61","16"
"2024/2025","Female","all","WAEC","Polytechnic","ward","Dadiya","North East","Gombe","Balanga","Dadiya","","326","290","213","87","55","6","36","77","127","32"
"2024/2025","Female","all","WAEC","Polytechnic","ward","Ajiya","North East","Gombe","Gombe","Ajiya","","777","692","496","160","99","16","85","196","336","61"
"2024/2025","Female","all","WAEC","Polytechnic","ward","Bajoga","North East","Gombe","Gombe","Bajoga","","936","833","612","229","146","20","103","221","384","83"
"2024/2025","Female","all","WAEC","Polytechnic","ward","Bolari East","North East","Gombe","Gombe","Bolari East","","613","546","379","131","79","14","67","167","249","52"
"2024/2025","Female","all","WAEC","Polytechnic","ward","Bule / Kaltin","North East","Gombe","Kaltungo","Bule / Kaltin","","256","228","167","60","36","7","28","61","107","24"
"2024/2025","Female","all","WAEC","Polytechnic","ward","Kaltungo East","North East","Gombe","Kaltungo","Kaltungo East","","306","272","194","57","36","4","34","78","137","21"
"2024/2025","Female","all","WAEC","Polytechnic","ward","Barwo / Nasarawo","North East","Gombe","Nafada","Barwo / Nasarawo","","869","772","536","183","113","18","97","236","354","70"
"2024/2025","Female","all","WAEC","Polytechnic","ward","Birin Bolewa","North East","Gombe","Nafada","Birin Bolewa","","599","533","399","154","98","12","66","134","245","56"
"2024/2025","Female","all","WAEC","Polytechnic","ward","Deba","North East","Gombe","Yamaltu/Deba","Deba","","387","344","258","109","68","8","43","86","149","41"
"2024/2025","Female","all","WAEC","Polytechnic","ward","Difa / Lubo / Kinafa","North East","Gombe","Yamaltu/Deba","Difa / Lubo / Kinafa","","148","132","88","30","18","2","16","44","58","12"
"2024/2025","Female","all","WAEC","University","ward","Bambam","North East","Gombe","Balanga","Bambam","","150","133","93","33","22","1","17","40","61","11"
"2024/2025","Female","all","WAEC","University","ward","Bangu","North East","Gombe","Balanga","Bangu","","450","401","281","90","54","9","49","120","192","36"
"2024/2025","Female","all","WAEC","University","ward","Dadiya","North East","Gombe","Balanga","Dadiya","","299","266","188","52","33","4","33","78","136","19"
"2024/2025","Female","all","WAEC","University","ward","Bajoga","North East","Gombe","Gombe","Bajoga","","281","250","161","45","27","5","31","89","117","18"
"2024/2025","Female","all","WAEC","University","ward","Awak","North East","Gombe","Kaltungo","Awak","","541","482","337","121","74","12","59","145","216","47"
"2024/2025","Female","all","WAEC","University","ward","Bule / Kaltin","North East","Gombe","Kaltungo","Bule / Kaltin","","553","492","345","123","77","10","61","147","222","46"
"2024/2025","Female","all","WAEC","University","ward","Kaltungo East","North East","Gombe","Kaltungo","Kaltungo East","","569","506","345","117","72","11","63","161","228","45"
"2024/2025","Female","all","WAEC","University","ward","Difa / Lubo / Kinafa","North East","Gombe","Yamaltu/Deba","Difa / Lubo / Kinafa","","342","304","210","79","51","6","38","94","132","28"
"2024/2025","Female","all","WAEC","University","ward","Gwani / Shinga / Wade","North East","Gombe","Yamaltu/Deba","Gwani / Shinga / Wade","","174","155","106","38","22","5","19","49","69","16"
"2024/2025","Female","disabled","NABTEB","College of Education","ward","Bambam","North East","Gombe","Balanga","Bambam","","22","20","10","8","6","0","2","10","2","2"
"2024/2025","Female","disabled","NABTEB","College of Education","ward","Bangu","North East","Gombe","Balanga","Bangu","","22","20","12","8","6","0","2","8","4","2"
"2024/2025","Female","disabled","NABTEB","College of Education","ward","Dadiya","North East","Gombe","Balanga","Dadiya","","24","22","12","4","3","0","2","10","8","1"
"2024/2025","Female","disabled","NABTEB","College of Education","ward","Ajiya","North East","Gombe","Gombe","Ajiya","","11","10","6","4","3","0","1","4","2","1"
"2024/2025","Female","disabled","NABTEB","College of Education","ward","Bolari East","North East","Gombe","Gombe","Bolari East","","11","10","6","4","3","0","1","4","2","1"
"2024/2025","Female","disabled","NABTEB","College of Education","ward","Awak","North East","Gombe","Kaltungo","Awak","","22","20","12","8","6","0","2","8","4","2"
"2024/2025","Female","disabled","NABTEB","College of Education","ward","Kaltungo East","North East","Gombe","Kaltungo","Kaltungo East","","11","10","5","0","0","0","1","5","5","0"
"2024/2025","Female","disabled","NABTEB","College of Education","ward","Barwo / Nasarawo","North East","Gombe","Nafada","Barwo / Nasarawo","","13","12","5","0","0","0","1","7","5","0"
"2024/2025","Female","disabled","NABTEB","College of Education","ward","Barwo Winde","North East","Gombe","Nafada","Barwo Winde","","51","46","27","16","12","0","5","19","11","4"
"2024/2025","Female","disabled","NABTEB","College of Education","ward","Birin Bolewa","North East","Gombe","Nafada","Birin Bolewa","","24","22","14","8","6","0","2","8","6","2"
"2024/2025","Female","disabled","NABTEB","College of Education","ward","Deba","North East","Gombe","Yamaltu/Deba","Deba","","21","19","10","4","3","0","2","9","7","1"
"2024/2025","Female","disabled","NABTEB","College of Education","ward","Difa / Lubo / Kinafa","North East","Gombe","Yamaltu/Deba","Difa / Lubo / Kinafa","","25","23","13","8","6","0","2","10","5","2"
"2024/2025","Female","disabled","NABTEB","College of Education","ward","Gwani / Shinga / Wade","North East","Gombe","Yamaltu/Deba","Gwani / Shinga / Wade","","30","27","15","11","8","0","3","12","4","3"
"2024/2025","Female","disabled","NABTEB","Polytechnic","ward","Bambam","North East","Gombe","Balanga","Bambam","","11","10","5","4","3","0","1","5","1","1"
"2024/2025","Female","disabled","NABTEB","Polytechnic","ward","Dadiya","North East","Gombe","Balanga","Dadiya","","13","12","8","4","3","0","1","4","4","1"
"2024/2025","Female","disabled","NABTEB","Polytechnic","ward","Ajiya","North East","Gombe","Gombe","Ajiya","","33","30","18","8","6","0","3","12","10","2"
"2024/2025","Female","disabled","NABTEB","Polytechnic","ward","Bajoga","North East","Gombe","Gombe","Bajoga","","38","34","20","12","9","0","4","14","8","3"
"2024/2025","Female","disabled","NABTEB","Polytechnic","ward","Bolari East","North East","Gombe","Gombe","Bolari East","","33","30","18","8","6","0","3","12","10","2"
"2024/2025","Female","disabled","NABTEB","Polytechnic","ward","Bule / Kaltin","North East","Gombe","Kaltungo","Bule / Kaltin","","11","10","6","4","3","0","1","4","2","1"
"2024/2025","Female","disabled","NABTEB","Polytechnic","ward","Kaltungo East","North East","Gombe","Kaltungo","Kaltungo East","","16","14","8","4","3","0","2","6","4","1"
"2024/2025","Female","disabled","NABTEB","Polytechnic","ward","Barwo / Nasarawo","North East","Gombe","Nafada","Barwo / Nasarawo","","36","33","15","12","9","0","3","18","3","3"
"2024/2025","Female","disabled","NABTEB","Polytechnic","ward","Birin Bolewa","North East","Gombe","Nafada","Birin Bolewa","","27","24","14","8","6","0","3","10","6","2"
"2024/2025","Female","disabled","NABTEB","Polytechnic","ward","Deba","North East","Gombe","Yamaltu/Deba","Deba","","22","20","10","8","6","0","2","10","2","2"
"2024/2025","Female","disabled","NABTEB","Polytechnic","ward","Difa / Lubo / Kinafa","North East","Gombe","Yamaltu/Deba","Difa / Lubo / Kinafa","","11","10","5","0","0","0","1","5","5","0"
"2024/2025","Female","disabled","NABTEB","University","ward","Bambam","North East","Gombe","Balanga","Bambam","","9","8","5","3","2","0","1","3","2","1"
"2024/2025","Female","disabled","NABTEB","University","ward","Bangu","North East","Gombe","Balanga","Bangu","","26","23","13","4","3","0","3","10","10","1"
"2024/2025","Female","disabled","NABTEB","University","ward","Dadiya","North East","Gombe","Balanga","Dadiya","","13","12","8","0","0","0","1","4","8","0"
"2024/2025","Female","disabled","NABTEB","University","ward","Bajoga","North East","Gombe","Gombe","Bajoga","","11","10","6","0","0","0","1","4","6","0"
"2024/2025","Female","disabled","NABTEB","University","ward","Awak","North East","Gombe","Kaltungo","Awak","","21","19","11","8","6","0","2","8","4","2"
"2024/2025","Female","disabled","NABTEB","University","ward","Bule / Kaltin","North East","Gombe","Kaltungo","Bule / Kaltin","","33","30","18","12","9","0","3","12","6","3"
"2024/2025","Female","disabled","NABTEB","University","ward","Kaltungo East","North East","Gombe","Kaltungo","Kaltungo East","","32","28","16","8","6","0","4","12","8","2"
"2024/2025","Female","disabled","NABTEB","University","ward","Difa / Lubo / Kinafa","North East","Gombe","Yamaltu/Deba","Difa / Lubo / Kinafa","","14","13","5","4","3","0","1","8","1","1"
"2024/2025","Female","disabled","NABTEB","University","ward","Gwani / Shinga / Wade","North East","Gombe","Yamaltu/Deba","Gwani / Shinga / Wade","","11","10","6","4","3","0","1","4","2","1"
"2024/2025","Female","disabled","NECO","College of Education","ward","Bambam","North East","Gombe","Balanga","Bambam","","40","36","23","8","6","0","4","13","15","2"
"2024/2025","Female","disabled","NECO","College of Education","ward","Bangu","North East","Gombe","Balanga","Bangu","","25","23","14","8","6","0","2","9","6","2"
"2024/2025","Female","disabled","NECO","College of Education","ward","Dadiya","North East","Gombe","Balanga","Dadiya","","33","30","18","8","6","0","3","12","10","2"
"2024/2025","Female","disabled","NECO","College of Education","ward","Ajiya","North East","Gombe","Gombe","Ajiya","","19","17","13","4","3","0","2","4","9","1"
"2024/2025","Female","disabled","NECO","College of Education","ward","Bolari East","North East","Gombe","Gombe","Bolari East","","11","10","6","4","3","0","1","4","3","1"
"2024/2025","Female","disabled","NECO","College of Education","ward","Awak","North East","Gombe","Kaltungo","Awak","","31","28","18","8","6","0","3","10","10","2"
"2024/2025","Female","disabled","NECO","College of Education","ward","Kaltungo East","North East","Gombe","Kaltungo","Kaltungo East","","14","13","7","4","3","0","1","6","3","1"
"2024/2025","Female","disabled","NECO","College of Education","ward","Barwo / Nasarawo","North East","Gombe","Nafada","Barwo / Nasarawo","","22","20","12","4","3","0","2","8","9","1"
"2024/2025","Female","disabled","NECO","College of Education","ward","Barwo Winde","North East","Gombe","Nafada","Barwo Winde","","70","64","40","16","12","0","6","24","24","4"
"2024/2025","Female","disabled","NECO","College of Education","ward","Birin Bolewa","North East","Gombe","Nafada","Birin Bolewa","","38","34","24","8","6","0","4","10","16","2"
"2024/2025","Female","disabled","NECO","College of Education","ward","Deba","North East","Gombe","Yamaltu/Deba","Deba","","38","34","24","8","6","0","4","10","16","2"
"2024/2025","Female","disabled","NECO","College of Education","ward","Difa / Lubo / Kinafa","North East","Gombe","Yamaltu/Deba","Difa / Lubo / Kinafa","","51","46","35","12","9","0","5","11","23","3"
"2024/2025","Female","disabled","NECO","College of Education","ward","Gwani / Shinga / Wade","North East","Gombe","Yamaltu/Deba","Gwani / Shinga / Wade","","48","43","29","12","9","0","5","14","17","3"
"2024/2025","Female","disabled","NECO","Polytechnic","ward","Bambam","North East","Gombe","Balanga","Bambam","","11","10","6","4","3","0","1","4","3","1"
"2024/2025","Female","disabled","NECO","Polytechnic","ward","Dadiya","North East","Gombe","Balanga","Dadiya","","26","23","16","4","3","0","3","7","12","1"
"2024/2025","Female","disabled","NECO","Polytechnic","ward","Ajiya","North East","Gombe","Gombe","Ajiya","","59","53","35","12","9","0","6","18","23","3"
"2024/2025","Female","disabled","NECO","Polytechnic","ward","Bajoga","North East","Gombe","Gombe","Bajoga","","68","62","40","16","12","0","6","22","24","4"
"2024/2025","Female","disabled","NECO","Polytechnic","ward","Bolari East","North East","Gombe","Gombe","Bolari East","","45","41","25","12","9","0","4","16","13","3"
"2024/2025","Female","disabled","NECO","Polytechnic","ward","Bule / Kaltin","North East","Gombe","Kaltungo","Bule / Kaltin","","19","17","11","4","3","0","2","6","7","1"
"2024/2025","Female","disabled","NECO","Polytechnic","ward","Kaltungo East","North East","Gombe","Kaltungo","Kaltungo East","","22","20","12","4","3","0","2","8","9","1"
"2024/2025","Female","disabled","NECO","Polytechnic","ward","Barwo / Nasarawo","North East","Gombe","Nafada","Barwo / Nasarawo","","68","61","37","12","9","0","7","24","25","3"
"2024/2025","Female","disabled","NECO","Polytechnic","ward","Birin Bolewa","North East","Gombe","Nafada","Birin Bolewa","","45","41","32","12","9","0","4","9","20","3"
"2024/2025","Female","disabled","NECO","Polytechnic","ward","Deba","North East","Gombe","Yamaltu/Deba","Deba","","34","31","22","8","6","0","3","9","15","2"
"2024/2025","Female","disabled","NECO","Polytechnic","ward","Difa / Lubo / Kinafa","North East","Gombe","Yamaltu/Deba","Difa / Lubo / Kinafa","","11","10","5","4","3","0","1","5","1","1"
"2024/2025","Female","disabled","NECO","University","ward","Bambam","North East","Gombe","Balanga","Bambam","","11","10","6","4","3","0","1","4","3","1"
"2024/2025","Female","disabled","NECO","University","ward","Bangu","North East","Gombe","Balanga","Bangu","","43","39","20","4","3","0","4","19","17","1"
"2024/2025","Female","disabled","NECO","University","ward","Dadiya","North East","Gombe","Balanga","Dadiya","","25","22","12","4","3","0","3","10","9","1"
"2024/2025","Female","disabled","NECO","University","ward","Bajoga","North East","Gombe","Gombe","Bajoga","","19","17","11","4","3","0","2","6","7","1"
"2024/2025","Female","disabled","NECO","University","ward","Awak","North East","Gombe","Kaltungo","Awak","","31","28","18","8","6","0","3","10","10","2"
"2024/2025","Female","disabled","NECO","University","ward","Bule / Kaltin","North East","Gombe","Kaltungo","Bule / Kaltin","","38","35","19","12","9","0","3","16","7","3"
"2024/2025","Female","disabled","NECO","University","ward","Kaltungo East","North East","Gombe","Kaltungo","Kaltungo East","","52","46","32","8","6","0","6","14","24","2"
"2024/2025","Female","disabled","NECO","University","ward","Difa / Lubo / Kinafa","North East","Gombe","Yamaltu/Deba","Difa / Lubo / Kinafa","","31","28","18","4","3","0","3","10","14","1"
"2024/2025","Female","disabled","NECO","University","ward","Gwani / Shinga / Wade","North East","Gombe","Yamaltu/Deba","Gwani / Shinga / Wade","","11","10","5","4","3","0","1","5","1","1"
"2024/2025","Female","disabled","WAEC","College of Education","ward","Bambam","North East","Gombe","Balanga","Bambam","","50","45","30","6","4","0","5","15","24","2"
"2024/2025","Female","disabled","WAEC","College of Education","ward","Bangu","North East","Gombe","Balanga","Bangu","","36","32","20","7","6","0","4","12","13","1"
"2024/2025","Female","disabled","WAEC","College of Education","ward","Dadiya","North East","Gombe","Balanga","Dadiya","","43","38","25","6","5","0","5","13","19","1"
"2024/2025","Female","disabled","WAEC","College of Education","ward","Ajiya","North East","Gombe","Gombe","Ajiya","","29","26","17","3","3","0","3","9","14","0"
"2024/2025","Female","disabled","WAEC","College of Education","ward","Bolari East","North East","Gombe","Gombe","Bolari East","","15","13","7","4","3","0","2","6","3","1"
"2024/2025","Female","disabled","WAEC","College of Education","ward","Awak","North East","Gombe","Kaltungo","Awak","","49","44","29","7","6","0","5","15","22","1"
"2024/2025","Female","disabled","WAEC","College of Education","ward","Kaltungo East","North East","Gombe","Kaltungo","Kaltungo East","","15","13","7","3","3","0","2","6","4","0"
"2024/2025","Female","disabled","WAEC","College of Education","ward","Barwo / Nasarawo","North East","Gombe","Nafada","Barwo / Nasarawo","","29","26","17","3","3","0","3","9","14","0"
"2024/2025","Female","disabled","WAEC","College of Education","ward","Barwo Winde","North East","Gombe","Nafada","Barwo Winde","","91","81","52","16","14","0","10","29","36","2"
"2024/2025","Female","disabled","WAEC","College of Education","ward","Birin Bolewa","North East","Gombe","Nafada","Birin Bolewa","","62","56","38","14","10","0","6","18","24","4"
"2024/2025","Female","disabled","WAEC","College of Education","ward","Deba","North East","Gombe","Yamaltu/Deba","Deba","","55","49","32","10","8","0","6","17","22","2"
"2024/2025","Female","disabled","WAEC","College of Education","ward","Difa / Lubo / Kinafa","North East","Gombe","Yamaltu/Deba","Difa / Lubo / Kinafa","","59","54","36","10","8","0","5","18","26","2"
"2024/2025","Female","disabled","WAEC","College of Education","ward","Gwani / Shinga / Wade","North East","Gombe","Yamaltu/Deba","Gwani / Shinga / Wade","","67","60","38","9","9","0","7","22","29","0"
"2024/2025","Female","disabled","WAEC","Polytechnic","ward","Bambam","North East","Gombe","Balanga","Bambam","","15","13","7","3","3","0","2","6","4","0"
"2024/2025","Female","disabled","WAEC","Polytechnic","ward","Dadiya","North East","Gombe","Balanga","Dadiya","","35","32","21","7","5","0","3","11","14","2"
"2024/2025","Female","disabled","WAEC","Polytechnic","ward","Ajiya","North East","Gombe","Gombe","Ajiya","","73","65","40","9","9","0","8","25","31","0"
"2024/2025","Female","disabled","WAEC","Polytechnic","ward","Bajoga","North East","Gombe","Gombe","Bajoga","","96","86","55","13","11","0","10","31","42","2"
"2024/2025","Female","disabled","WAEC","Polytechnic","ward","Bolari East","North East","Gombe","Gombe","Bolari East","","65","58","35","12","9","0","7","23","23","3"
"2024/2025","Female","disabled","WAEC","Polytechnic","ward","Bule / Kaltin","North East","Gombe","Kaltungo","Bule / Kaltin","","26","23","15","4","3","0","3","8","11","1"
"2024/2025","Female","disabled","WAEC","Polytechnic","ward","Kaltungo East","North East","Gombe","Kaltungo","Kaltungo East","","41","36","22","7","5","0","5","14","15","2"
"2024/2025","Female","disabled","WAEC","Polytechnic","ward","Barwo / Nasarawo","North East","Gombe","Nafada","Barwo / Nasarawo","","94","85","57","13","11","0","9","28","44","2"
"2024/2025","Female","disabled","WAEC","Polytechnic","ward","Birin Bolewa","North East","Gombe","Nafada","Birin Bolewa","","59","52","34","10","8","0","7","18","25","2"
"2024/2025","Female","disabled","WAEC","Polytechnic","ward","Deba","North East","Gombe","Yamaltu/Deba","Deba","","46","41","27","6","6","0","5","14","21","0"
"2024/2025","Female","disabled","WAEC","Polytechnic","ward","Difa / Lubo / Kinafa","North East","Gombe","Yamaltu/Deba","Difa / Lubo / Kinafa","","14","13","7","3","3","0","1","6","4","0"
"2024/2025","Female","disabled","WAEC","University","ward","Bambam","North East","Gombe","Balanga","Bambam","","14","12","9","3","3","0","2","3","6","0"
"2024/2025","Female","disabled","WAEC","University","ward","Bangu","North East","Gombe","Balanga","Bangu","","57","51","30","10","8","0","6","21","20","2"
"2024/2025","Female","disabled","WAEC","University","ward","Dadiya","North East","Gombe","Balanga","Dadiya","","35","32","21","3","3","0","3","11","18","0"
"2024/2025","Female","disabled","WAEC","University","ward","Bajoga","North East","Gombe","Gombe","Bajoga","","26","23","15","3","3","0","3","8","12","0"
"2024/2025","Female","disabled","WAEC","University","ward","Awak","North East","Gombe","Kaltungo","Awak","","43","38","27","10","8","0","5","11","17","2"
"2024/2025","Female","disabled","WAEC","University","ward","Bule / Kaltin","North East","Gombe","Kaltungo","Bule / Kaltin","","50","45","30","11","9","0","5","15","19","2"
"2024/2025","Female","disabled","WAEC","University","ward","Kaltungo East","North East","Gombe","Kaltungo","Kaltungo East","","67","61","37","10","8","0","6","24","28","2"
"2024/2025","Female","disabled","WAEC","University","ward","Difa / Lubo / Kinafa","North East","Gombe","Yamaltu/Deba","Difa / Lubo / Kinafa","","39","34","23","7","5","0","5","11","16","2"
"2024/2025","Female","disabled","WAEC","University","ward","Gwani / Shinga / Wade","North East","Gombe","Yamaltu/Deba","Gwani / Shinga / Wade","","14","13","7","3","3","0","1","6","4","0"
"2024/2025","Male","all","NABTEB","College of Education","ward","Bambam","North East","Gombe","Balanga","Bambam","","191","170","119","34","22","3","21","51","85","12"
"2024/2025","Male","all","NABTEB","College of Education","ward","Bangu","North East","Gombe","Balanga","Bangu","","132","117","82","21","16","0","15","35","61","5"
"2024/2025","Male","all","NABTEB","College of Education","ward","Dadiya","North East","Gombe","Balanga","Dadiya","","233","207","142","44","24","6","26","65","98","20"
"2024/2025","Male","all","NABTEB","College of Education","ward","Ajiya","North East","Gombe","Gombe","Ajiya","","153","136","93","26","16","2","17","43","67","10"
"2024/2025","Male","all","NABTEB","College of Education","ward","Bolari East","North East","Gombe","Gombe","Bolari East","","77","68","48","13","10","0","9","20","35","3"
"2024/2025","Male","all","NABTEB","College of Education","ward","Awak","North East","Gombe","Kaltungo","Awak","","203","180","136","43","26","5","23","44","93","17"
"2024/2025","Male","all","NABTEB","College of Education","ward","Kaltungo East","North East","Gombe","Kaltungo","Kaltungo East","","69","61","40","8","6","0","8","21","32","2"
"2024/2025","Male","all","NABTEB","College of Education","ward","Barwo / Nasarawo","North East","Gombe","Nafada","Barwo / Nasarawo","","116","103","70","22","12","3","13","33","48","10"
"2024/2025","Male","all","NABTEB","College of Education","ward","Barwo Winde","North East","Gombe","Nafada","Barwo Winde","","335","296","212","69","46","5","39","84","144","23"
"2024/2025","Male","all","NABTEB","College of Education","ward","Birin Bolewa","North East","Gombe","Nafada","Birin Bolewa","","195","174","129","39","22","6","21","45","90","17"
"2024/2025","Male","all","NABTEB","College of Education","ward","Deba","North East","Gombe","Yamaltu/Deba","Deba","","218","194","145","44","26","5","24","49","101","18"
"2024/2025","Male","all","NABTEB","College of Education","ward","Difa / Lubo / Kinafa","North East","Gombe","Yamaltu/Deba","Difa / Lubo / Kinafa","","242","215","161","56","36","5","27","54","104","21"
"2024/2025","Male","all","NABTEB","College of Education","ward","Gwani / Shinga / Wade","North East","Gombe","Yamaltu/Deba","Gwani / Shinga / Wade","","368","327","233","64","38","9","41","94","168","27"
"2024/2025","Male","all","NABTEB","Polytechnic","ward","Bambam","North East","Gombe","Balanga","Bambam","","80","71","49","8","6","0","9","22","41","2"
"2024/2025","Male","all","NABTEB","Polytechnic","ward","Dadiya","North East","Gombe","Balanga","Dadiya","","153","136","99","26","16","2","17","37","73","10"
"2024/2025","Male","all","NABTEB","Polytechnic","ward","Ajiya","North East","Gombe","Gombe","Ajiya","","338","300","196","47","28","6","38","104","150","19"
"2024/2025","Male","all","NABTEB","Polytechnic","ward","Bajoga","North East","Gombe","Gombe","Bajoga","","340","302","211","64","41","4","38","91","147","23"
"2024/2025","Male","all","NABTEB","Polytechnic","ward","Bolari East","North East","Gombe","Gombe","Bolari East","","234","208","140","37","24","3","26","68","103","14"
"2024/2025","Male","all","NABTEB","Polytechnic","ward","Bule / Kaltin","North East","Gombe","Kaltungo","Bule / Kaltin","","114","101","74","22","12","3","13","27","52","10"
"2024/2025","Male","all","NABTEB","Polytechnic","ward","Kaltungo East","North East","Gombe","Kaltungo","Kaltungo East","","138","122","79","22","12","3","16","43","57","10"
"2024/2025","Male","all","NABTEB","Polytechnic","ward","Barwo / Nasarawo","North East","Gombe","Nafada","Barwo / Nasarawo","","371","329","243","70","40","8","42","86","173","30"
"2024/2025","Male","all","NABTEB","Polytechnic","ward","Birin Bolewa","North East","Gombe","Nafada","Birin Bolewa","","290","257","200","67","43","5","33","57","133","25"
"2024/2025","Male","all","NABTEB","Polytechnic","ward","Deba","North East","Gombe","Yamaltu/Deba","Deba","","173","154","114","38","22","6","19","40","75","17"
"2024/2025","Male","all","NABTEB","Polytechnic","ward","Difa / Lubo / Kinafa","North East","Gombe","Yamaltu/Deba","Difa / Lubo / Kinafa","","80","71","49","13","10","0","9","22","36","3"
"2024/2025","Male","all","NABTEB","University","ward","Bambam","North East","Gombe","Balanga","Bambam","","77","68","51","17","12","0","9","17","34","5"
"2024/2025","Male","all","NABTEB","University","ward","Bangu","North East","Gombe","Balanga","Bangu","","162","144","101","21","13","3","18","43","80","8"
"2024/2025","Male","all","NABTEB","University","ward","Dadiya","North East","Gombe","Balanga","Dadiya","","134","118","79","22","12","3","16","39","58","10"
"2024/2025","Male","all","NABTEB","University","ward","Bajoga","North East","Gombe","Gombe","Bajoga","","130","115","83","22","12","3","15","32","61","10"
"2024/2025","Male","all","NABTEB","University","ward","Awak","North East","Gombe","Kaltungo","Awak","","277","246","179","48","30","6","31","67","130","19"
"2024/2025","Male","all","NABTEB","University","ward","Bule / Kaltin","North East","Gombe","Kaltungo","Bule / Kaltin","","249","222","156","43","28","3","27","66","113","15"
"2024/2025","Male","all","NABTEB","University","ward","Kaltungo East","North East","Gombe","Kaltungo","Kaltungo East","","268","239","170","50","29","6","29","69","120","21"
"2024/2025","Male","all","NABTEB","University","ward","Difa / Lubo / Kinafa","North East","Gombe","Yamaltu/Deba","Difa / Lubo / Kinafa","","131","116","80","22","12","3","15","36","58","10"
"2024/2025","Male","all","NABTEB","University","ward","Gwani / Shinga / Wade","North East","Gombe","Yamaltu/Deba","Gwani / Shinga / Wade","","88","78","48","8","6","0","10","30","40","2"
"2024/2025","Male","all","NECO","College of Education","ward","Bambam","North East","Gombe","Balanga","Bambam","","385","342","242","78","50","2","43","100","164","28"
"2024/2025","Male","all","NECO","College of Education","ward","Bangu","North East","Gombe","Balanga","Bangu","","222","197","143","57","34","6","25","54","87","23"
"2024/2025","Male","all","NECO","College of Education","ward","Dadiya","North East","Gombe","Balanga","Dadiya","","426","379","262","86","54","6","47","117","176","32"
"2024/2025","Male","all","NECO","College of Education","ward","Ajiya","North East","Gombe","Gombe","Ajiya","","252","225","158","52","33","5","27","67","107","19"
"2024/2025","Male","all","NECO","College of Education","ward","Bolari East","North East","Gombe","Gombe","Bolari East","","132","117","87","34","23","1","15","30","53","11"
"2024/2025","Male","all","NECO","College of Education","ward","Awak","North East","Gombe","Kaltungo","Awak","","385","343","245","92","59","6","42","98","154","33"
"2024/2025","Male","all","NECO","College of Education","ward","Kaltungo East","North East","Gombe","Kaltungo","Kaltungo East","","129","114","75","22","12","3","15","39","54","10"
"2024/2025","Male","all","NECO","College of Education","ward","Barwo / Nasarawo","North East","Gombe","Nafada","Barwo / Nasarawo","","210","187","122","35","23","2","23","65","87","12"
"2024/2025","Male","all","NECO","College of Education","ward","Barwo Winde","North East","Gombe","Nafada","Barwo Winde","","617","550","391","135","82","12","67","159","257","53"
"2024/2025","Male","all","NECO","College of Education","ward","Birin Bolewa","North East","Gombe","Nafada","Birin Bolewa","","352","313","239","91","58","6","39","74","149","33"
"2024/2025","Male","all","NECO","College of Education","ward","Deba","North East","Gombe","Yamaltu/Deba","Deba","","477","425","316","100","62","10","52","109","216","38"
"2024/2025","Male","all","NECO","College of Education","ward","Difa / Lubo / Kinafa","North East","Gombe","Yamaltu/Deba","Difa / Lubo / Kinafa","","498","445","319","109","68","10","53","126","211","41"
"2024/2025","Male","all","NECO","College of Education","ward","Gwani / Shinga / Wade","North East","Gombe","Yamaltu/Deba","Gwani / Shinga / Wade","","665","592","429","152","95","15","73","163","278","57"
"2024/2025","Male","all","NECO","Polytechnic","ward","Bambam","North East","Gombe","Balanga","Bambam","","150","133","95","31","18","3","17","38","64","13"
"2024/2025","Male","all","NECO","Polytechnic","ward","Dadiya","North East","Gombe","Balanga","Dadiya","","267","237","160","48","29","5","30","77","113","19"
"2024/2025","Male","all","NECO","Polytechnic","ward","Ajiya","North East","Gombe","Gombe","Ajiya","","670","595","411","131","84","7","75","184","280","47"
"2024/2025","Male","all","NECO","Polytechnic","ward","Bajoga","North East","Gombe","Gombe","Bajoga","","653","582","414","154","95","12","71","168","260","59"
"2024/2025","Male","all","NECO","Polytechnic","ward","Bolari East","North East","Gombe","Gombe","Bolari East","","423","375","259","96","62","7","48","116","163","34"
"2024/2025","Male","all","NECO","Polytechnic","ward","Bule / Kaltin","North East","Gombe","Kaltungo","Bule / Kaltin","","200","178","127","48","33","1","22","51","80","15"
"2024/2025","Male","all","NECO","Polytechnic","ward","Kaltungo East","North East","Gombe","Kaltungo","Kaltungo East","","228","203","133","35","23","2","25","70","98","12"
"2024/2025","Male","all","NECO","Polytechnic","ward","Barwo / Nasarawo","North East","Gombe","Nafada","Barwo / Nasarawo","","671","597","409","130","79","11","74","188","280","51"
"2024/2025","Male","all","NECO","Polytechnic","ward","Birin Bolewa","North East","Gombe","Nafada","Birin Bolewa","","524","466","340","140","92","7","58","126","201","48"
"2024/2025","Male","all","NECO","Polytechnic","ward","Deba","North East","Gombe","Yamaltu/Deba","Deba","","314","278","208","83","51","8","36","70","126","32"
"2024/2025","Male","all","NECO","Polytechnic","ward","Difa / Lubo / Kinafa","North East","Gombe","Yamaltu/Deba","Difa / Lubo / Kinafa","","152","135","94","31","18","3","17","41","64","13"
"2024/2025","Male","all","NECO","University","ward","Bambam","North East","Gombe","Balanga","Bambam","","143","127","86","31","18","3","16","41","56","13"
"2024/2025","Male","all","NECO","University","ward","Bangu","North East","Gombe","Balanga","Bangu","","307","273","182","52","33","5","34","91","130","19"
"2024/2025","Male","all","NECO","University","ward","Dadiya","North East","Gombe","Balanga","Dadiya","","199","177","124","39","25","1","22","53","85","14"
"2024/2025","Male","all","NECO","University","ward","Bajoga","North East","Gombe","Gombe","Bajoga","","252","225","147","48","29","5","27","78","100","19"
"2024/2025","Male","all","NECO","University","ward","Awak","North East","Gombe","Kaltungo","Awak","","422","376","266","92","59","6","46","110","175","33"
"2024/2025","Male","all","NECO","University","ward","Bule / Kaltin","North East","Gombe","Kaltungo","Bule / Kaltin","","443","394","271","100","64","6","49","123","172","36"
"2024/2025","Male","all","NECO","University","ward","Kaltungo East","North East","Gombe","Kaltungo","Kaltungo East","","484","430","291","92","58","7","54","139","199","34"
"2024/2025","Male","all","NECO","University","ward","Difa / Lubo / Kinafa","North East","Gombe","Yamaltu/Deba","Difa / Lubo / Kinafa","","244","217","159","43","25","5","27","58","116","18"
"2024/2025","Male","all","NECO","University","ward","Gwani / Shinga / Wade","North East","Gombe","Yamaltu/Deba","Gwani / Shinga / Wade","","134","119","86","30","18","3","15","33","55","13"
"2024/2025","Male","all","WAEC","College of Education","ward","Bambam","North East","Gombe","Balanga","Bambam","","481","427","303","94","58","9","54","124","209","36"
"2024/2025","Male","all","WAEC","College of Education","ward","Bangu","North East","Gombe","Balanga","Bangu","","347","309","218","71","44","6","38","91","147","27"
"2024/2025","Male","all","WAEC","College of Education","ward","Dadiya","North East","Gombe","Balanga","Dadiya","","538","479","342","101","64","8","59","137","241","37"
"2024/2025","Male","all","WAEC","College of Education","ward","Ajiya","North East","Gombe","Gombe","Ajiya","","377","336","226","71","44","6","41","110","156","27"
"2024/2025","Male","all","WAEC","College of Education","ward","Bolari East","North East","Gombe","Gombe","Bolari East","","183","163","118","41","24","5","20","45","78","17"
"2024/2025","Male","all","WAEC","College of Education","ward","Awak","North East","Gombe","Kaltungo","Awak","","525","467","331","117","72","11","58","136","214","45"
"2024/2025","Male","all","WAEC","College of Education","ward","Kaltungo East","North East","Gombe","Kaltungo","Kaltungo East","","164","146","103","30","18","2","18","43","73","12"
"2024/2025","Male","all","WAEC","College of Education","ward","Barwo / Nasarawo","North East","Gombe","Nafada","Barwo / Nasarawo","","254","226","154","41","24","5","28","72","113","17"
"2024/2025","Male","all","WAEC","College of Education","ward","Barwo Winde","North East","Gombe","Nafada","Barwo Winde","","780","694","486","163","103","11","86","208","323","60"
"2024/2025","Male","all","WAEC","College of Education","ward","Birin Bolewa","North East","Gombe","Nafada","Birin Bolewa","","520","462","335","128","80","10","58","127","207","48"
"2024/2025","Male","all","WAEC","College of Education","ward","Deba","North East","Gombe","Yamaltu/Deba","Deba","","650","579","402","131","84","10","71","177","271","47"
"2024/2025","Male","all","WAEC","College of Education","ward","Difa / Lubo / Kinafa","North East","Gombe","Yamaltu/Deba","Difa / Lubo / Kinafa","","611","544","392","125","77","11","67","152","268","48"
"2024/2025","Male","all","WAEC","College of Education","ward","Gwani / Shinga / Wade","North East","Gombe","Yamaltu/Deba","Gwani / Shinga / Wade","","856","762","532","171","105","19","94","230","361","66"
"2024/2025","Male","all","WAEC","Polytechnic","ward","Bambam","North East","Gombe","Balanga","Bambam","","184","164","119","38","22","5","20","45","81","16"
"2024/2025","Male","all","WAEC","Polytechnic","ward","Dadiya","North East","Gombe","Balanga","Dadiya","","344","306","216","63","39","7","38","90","153","24"
"2024/2025","Male","all","WAEC","Polytechnic","ward","Ajiya","North East","Gombe","Gombe","Ajiya","","866","771","529","154","95","13","95","242","375","59"
"2024/2025","Male","all","WAEC","Polytechnic","ward","Bajoga","North East","Gombe","Gombe","Bajoga","","948","844","575","188","116","18","104","269","387","72"
"2024/2025","Male","all","WAEC","Polytechnic","ward","Bolari East","North East","Gombe","Gombe","Bolari East","","641","571","398","131","81","11","70","173","267","50"
"2024/2025","Male","all","WAEC","Polytechnic","ward","Bule / Kaltin","North East","Gombe","Kaltungo","Bule / Kaltin","","287","255","178","63","41","3","32","77","115","22"
"2024/2025","Male","all","WAEC","Polytechnic","ward","Kaltungo East","North East","Gombe","Kaltungo","Kaltungo East","","363","323","224","71","44","6","40","99","154","27"
"2024/2025","Male","all","WAEC","Polytechnic","ward","Barwo / Nasarawo","North East","Gombe","Nafada","Barwo / Nasarawo","","936","832","584","164","102","15","104","248","420","62"
"2024/2025","Male","all","WAEC","Polytechnic","ward","Birin Bolewa","North East","Gombe","Nafada","Birin Bolewa","","705","628","470","165","103","14","77","158","305","62"
"2024/2025","Male","all","WAEC","Polytechnic","ward","Deba","North East","Gombe","Yamaltu/Deba","Deba","","442","393","285","90","58","5","49","108","195","32"
"2024/2025","Male","all","WAEC","Polytechnic","ward","Difa / Lubo / Kinafa","North East","Gombe","Yamaltu/Deba","Difa / Lubo / Kinafa","","174","155","108","38","24","2","19","47","71","14"
"2024/2025","Male","all","WAEC","University","ward","Bambam","North East","Gombe","Balanga","Bambam","","194","172","127","41","24","5","22","45","86","17"
"2024/2025","Male","all","WAEC","University","ward","Bangu","North East","Gombe","Balanga","Bangu","","432","384","260","78","49","6","48","124","182","29"
"2024/2025","Male","all","WAEC","University","ward","Dadiya","North East","Gombe","Balanga","Dadiya","","285","253","182","52","33","4","32","71","130","19"
"2024/2025","Male","all","WAEC","University","ward","Bajoga","North East","Gombe","Gombe","Bajoga","","302","269","189","57","36","4","33","80","133","21"
"2024/2025","Male","all","WAEC","University","ward","Awak","North East","Gombe","Kaltungo","Awak","","639","567","396","139","88","10","72","171","257","51"
"2024/2025","Male","all","WAEC","University","ward","Bule / Kaltin","North East","Gombe","Kaltungo","Bule / Kaltin","","631","562","397","127","75","15","69","165","270","52"
"2024/2025","Male","all","WAEC","University","ward","Kaltungo East","North East","Gombe","Kaltungo","Kaltungo East","","623","554","394","120","77","8","69","160","274","43"
"2024/2025","Male","all","WAEC","University","ward","Difa / Lubo / Kinafa","North East","Gombe","Yamaltu/Deba","Difa / Lubo / Kinafa","","351","312","217","79","51","6","39","95","138","28"
"2024/2025","Male","all","WAEC","University","ward","Gwani / Shinga / Wade","North East","Gombe","Yamaltu/Deba","Gwani / Shinga / Wade","","199","177","126","33","18","5","22","51","93","15"
"2024/2025","Male","disabled","NABTEB","College of Education","ward","Bambam","North East","Gombe","Balanga","Bambam","","22","20","11","8","6","0","2","9","3","2"
"2024/2025","Male","disabled","NABTEB","College of Education","ward","Bangu","North East","Gombe","Balanga","Bangu","","22","20","12","4","3","0","2","8","8","1"
"2024/2025","Male","disabled","NABTEB","College of Education","ward","Dadiya","North East","Gombe","Balanga","Dadiya","","24","22","12","4","3","0","2","10","8","1"
"2024/2025","Male","disabled","NABTEB","College of Education","ward","Ajiya","North East","Gombe","Gombe","Ajiya","","11","10","6","4","3","0","1","4","2","1"
"2024/2025","Male","disabled","NABTEB","College of Education","ward","Bolari East","North East","Gombe","Gombe","Bolari East","","11","10","6","4","3","0","1","4","2","1"
"2024/2025","Male","disabled","NABTEB","College of Education","ward","Awak","North East","Gombe","Kaltungo","Awak","","21","19","11","8","6","0","2","8","4","2"
"2024/2025","Male","disabled","NABTEB","College of Education","ward","Kaltungo East","North East","Gombe","Kaltungo","Kaltungo East","","11","10","5","0","0","0","1","5","5","0"
"2024/2025","Male","disabled","NABTEB","College of Education","ward","Barwo / Nasarawo","North East","Gombe","Nafada","Barwo / Nasarawo","","13","12","8","4","3","0","1","4","4","1"
"2024/2025","Male","disabled","NABTEB","College of Education","ward","Barwo Winde","North East","Gombe","Nafada","Barwo Winde","","49","44","26","16","12","0","5","18","10","4"
"2024/2025","Male","disabled","NABTEB","College of Education","ward","Birin Bolewa","North East","Gombe","Nafada","Birin Bolewa","","26","24","16","8","6","0","2","8","8","2"
"2024/2025","Male","disabled","NABTEB","College of Education","ward","Deba","North East","Gombe","Yamaltu/Deba","Deba","","22","20","11","4","3","0","2","9","7","1"
"2024/2025","Male","disabled","NABTEB","College of Education","ward","Difa / Lubo / Kinafa","North East","Gombe","Yamaltu/Deba","Difa / Lubo / Kinafa","","27","24","13","8","6","0","3","11","5","2"
"2024/2025","Male","disabled","NABTEB","College of Education","ward","Gwani / Shinga / Wade","North East","Gombe","Yamaltu/Deba","Gwani / Shinga / Wade","","32","29","17","4","3","0","3","12","14","1"
"2024/2025","Male","disabled","NABTEB","Polytechnic","ward","Bambam","North East","Gombe","Balanga","Bambam","","10","9","4","0","0","0","1","4","4","0"
"2024/2025","Male","disabled","NABTEB","Polytechnic","ward","Dadiya","North East","Gombe","Balanga","Dadiya","","13","12","6","0","0","0","1","6","6","0"
"2024/2025","Male","disabled","NABTEB","Polytechnic","ward","Ajiya","North East","Gombe","Gombe","Ajiya","","33","30","18","4","3","0","3","12","14","1"
"2024/2025","Male","disabled","NABTEB","Polytechnic","ward","Bajoga","North East","Gombe","Gombe","Bajoga","","38","34","20","8","6","0","4","14","12","2"
"2024/2025","Male","disabled","NABTEB","Polytechnic","ward","Bolari East","North East","Gombe","Gombe","Bolari East","","33","30","18","4","3","0","3","12","14","1"
"2024/2025","Male","disabled","NABTEB","Polytechnic","ward","Bule / Kaltin","North East","Gombe","Kaltungo","Bule / Kaltin","","11","10","6","4","3","0","1","4","2","1"
"2024/2025","Male","disabled","NABTEB","Polytechnic","ward","Kaltungo East","North East","Gombe","Kaltungo","Kaltungo East","","16","14","8","4","3","0","2","6","4","1"
"2024/2025","Male","disabled","NABTEB","Polytechnic","ward","Barwo / Nasarawo","North East","Gombe","Nafada","Barwo / Nasarawo","","39","36","24","12","9","0","3","12","12","3"
"2024/2025","Male","disabled","NABTEB","Polytechnic","ward","Birin Bolewa","North East","Gombe","Nafada","Birin Bolewa","","29","26","18","8","6","0","3","8","10","2"
"2024/2025","Male","disabled","NABTEB","Polytechnic","ward","Deba","North East","Gombe","Yamaltu/Deba","Deba","","24","22","12","8","6","0","2","10","5","2"
"2024/2025","Male","disabled","NABTEB","Polytechnic","ward","Difa / Lubo / Kinafa","North East","Gombe","Yamaltu/Deba","Difa / Lubo / Kinafa","","11","10","5","4","3","0","1","5","1","1"
"2024/2025","Male","disabled","NABTEB","University","ward","Bambam","North East","Gombe","Balanga","Bambam","","9","8","5","3","2","0","1","3","2","1"
"2024/2025","Male","disabled","NABTEB","University","ward","Bangu","North East","Gombe","Balanga","Bangu","","24","22","14","4","3","0","2","8","10","1"
"2024/2025","Male","disabled","NABTEB","University","ward","Dadiya","North East","Gombe","Balanga","Dadiya","","16","14","8","4","3","0","2","6","4","1"
"2024/2025","Male","disabled","NABTEB","University","ward","Bajoga","North East","Gombe","Gombe","Bajoga","","13","12","8","4","3","0","1","4","4","1"
"2024/2025","Male","disabled","NABTEB","University","ward","Awak","North East","Gombe","Kaltungo","Awak","","23","21","13","4","3","0","2","8","10","1"
"2024/2025","Male","disabled","NABTEB","University","ward","Bule / Kaltin","North East","Gombe","Kaltungo","Bule / Kaltin","","33","30","18","8","6","0","3","12","10","2"
"2024/2025","Male","disabled","NABTEB","University","ward","Kaltungo East","North East","Gombe","Kaltungo","Kaltungo East","","32","29","13","4","3","0","3","16","9","1"
"2024/2025","Male","disabled","NABTEB","University","ward","Difa / Lubo / Kinafa","North East","Gombe","Yamaltu/Deba","Difa / Lubo / Kinafa","","16","14","8","4","3","0","2","6","4","1"
"2024/2025","Male","disabled","NABTEB","University","ward","Gwani / Shinga / Wade","North East","Gombe","Yamaltu/Deba","Gwani / Shinga / Wade","","11","10","6","0","0","0","1","4","6","0"
"2024/2025","Male","disabled","NECO","College of Education","ward","Bambam","North East","Gombe","Balanga","Bambam","","42","38","24","8","6","0","4","14","16","2"
"2024/2025","Male","disabled","NECO","College of Education","ward","Bangu","North East","Gombe","Balanga","Bangu","","25","23","12","8","6","0","2","11","4","2"
"2024/2025","Male","disabled","NECO","College of Education","ward","Dadiya","North East","Gombe","Balanga","Dadiya","","33","30","18","8","6","0","3","12","10","2"
"2024/2025","Male","disabled","NECO","College of Education","ward","Ajiya","North East","Gombe","Gombe","Ajiya","","19","17","13","4","3","0","2","4","9","1"
"2024/2025","Male","disabled","NECO","College of Education","ward","Bolari East","North East","Gombe","Gombe","Bolari East","","11","10","7","4","3","0","1","3","3","1"
"2024/2025","Male","disabled","NECO","College of Education","ward","Awak","North East","Gombe","Kaltungo","Awak","","36","32","22","8","6","0","4","10","14","2"
"2024/2025","Male","disabled","NECO","College of Education","ward","Kaltungo East","North East","Gombe","Kaltungo","Kaltungo East","","11","10","5","0","0","0","1","5","5","0"
"2024/2025","Male","disabled","NECO","College of Education","ward","Barwo / Nasarawo","North East","Gombe","Nafada","Barwo / Nasarawo","","25","22","12","4","3","0","3","10","9","1"
"2024/2025","Male","disabled","NECO","College of Education","ward","Barwo Winde","North East","Gombe","Nafada","Barwo Winde","","72","66","40","16","12","0","6","26","25","4"
"2024/2025","Male","disabled","NECO","College of Education","ward","Birin Bolewa","North East","Gombe","Nafada","Birin Bolewa","","42","38","26","8","6","0","4","12","18","2"
"2024/2025","Male","disabled","NECO","College of Education","ward","Deba","North East","Gombe","Yamaltu/Deba","Deba","","38","34","26","8","6","0","4","8","18","2"
"2024/2025","Male","disabled","NECO","College of Education","ward","Difa / Lubo / Kinafa","North East","Gombe","Yamaltu/Deba","Difa / Lubo / Kinafa","","54","49","31","8","6","0","5","18","24","2"
"2024/2025","Male","disabled","NECO","College of Education","ward","Gwani / Shinga / Wade","North East","Gombe","Yamaltu/Deba","Gwani / Shinga / Wade","","55","49","33","12","9","0","6","16","21","3"
"2024/2025","Male","disabled","NECO","Polytechnic","ward","Bambam","North East","Gombe","Balanga","Bambam","","14","13","7","4","3","0","1","6","3","1"
"2024/2025","Male","disabled","NECO","Polytechnic","ward","Dadiya","North East","Gombe","Balanga","Dadiya","","26","23","16","4","3","0","3","7","12","1"
"2024/2025","Male","disabled","NECO","Polytechnic","ward","Ajiya","North East","Gombe","Gombe","Ajiya","","68","61","37","12","9","0","7","24","25","3"
"2024/2025","Male","disabled","NECO","Polytechnic","ward","Bajoga","North East","Gombe","Gombe","Bajoga","","71","64","44","16","12","0","7","20","28","4"
"2024/2025","Male","disabled","NECO","Polytechnic","ward","Bolari East","North East","Gombe","Gombe","Bolari East","","44","40","27","12","9","0","4","13","15","3"
"2024/2025","Male","disabled","NECO","Polytechnic","ward","Bule / Kaltin","North East","Gombe","Kaltungo","Bule / Kaltin","","22","20","12","4","3","0","2","8","9","1"
"2024/2025","Male","disabled","NECO","Polytechnic","ward","Kaltungo East","North East","Gombe","Kaltungo","Kaltungo East","","28","25","16","4","3","0","3","9","12","1"
"2024/2025","Male","disabled","NECO","Polytechnic","ward","Barwo / Nasarawo","North East","Gombe","Nafada","Barwo / Nasarawo","","80","71","45","12","9","0","9","26","33","3"
"2024/2025","Male","disabled","NECO","Polytechnic","ward","Birin Bolewa","North East","Gombe","Nafada","Birin Bolewa","","59","52","35","12","9","0","7","17","23","3"
"2024/2025","Male","disabled","NECO","Polytechnic","ward","Deba","North East","Gombe","Yamaltu/Deba","Deba","","40","36","23","8","6","0","4","13","15","2"
"2024/2025","Male","disabled","NECO","Polytechnic","ward","Difa / Lubo / Kinafa","North East","Gombe","Yamaltu/Deba","Difa / Lubo / Kinafa","","14","13","7","4","3","0","1","6","3","1"
"2024/2025","Male","disabled","NECO","University","ward","Bambam","North East","Gombe","Balanga","Bambam","","14","13","7","4","3","0","1","6","3","1"
"2024/2025","Male","disabled","NECO","University","ward","Bangu","North East","Gombe","Balanga","Bangu","","39","35","21","4","3","0","4","14","17","1"
"2024/2025","Male","disabled","NECO","University","ward","Dadiya","North East","Gombe","Balanga","Dadiya","","22","20","12","4","3","0","2","8","9","1"
"2024/2025","Male","disabled","NECO","University","ward","Bajoga","North East","Gombe","Gombe","Bajoga","","22","20","12","4","3","0","2","8","9","1"
"2024/2025","Male","disabled","NECO","University","ward","Awak","North East","Gombe","Kaltungo","Awak","","36","32","24","8","6","0","4","8","16","2"
"2024/2025","Male","disabled","NECO","University","ward","Bule / Kaltin","North East","Gombe","Kaltungo","Bule / Kaltin","","40","37","21","12","9","0","3","16","9","3"
"2024/2025","Male","disabled","NECO","University","ward","Kaltungo East","North East","Gombe","Kaltungo","Kaltungo East","","57","51","34","8","6","0","6","17","26","2"
"2024/2025","Male","disabled","NECO","University","ward","Difa / Lubo / Kinafa","North East","Gombe","Yamaltu/Deba","Difa / Lubo / Kinafa","","31","28","18","4","3","0","3","10","14","1"
"2024/2025","Male","disabled","NECO","University","ward","Gwani / Shinga / Wade","North East","Gombe","Yamaltu/Deba","Gwani / Shinga / Wade","","14","13","7","4","3","0","1","6","3","1"
"2024/2025","Male","disabled","WAEC","College of Education","ward","Bambam","North East","Gombe","Balanga","Bambam","","59","53","32","6","5","0","6","21","26","1"
"2024/2025","Male","disabled","WAEC","College of Education","ward","Bangu","North East","Gombe","Balanga","Bangu","","41","37","25","6","6","0","4","12","19","0"
"2024/2025","Male","disabled","WAEC","College of Education","ward","Dadiya","North East","Gombe","Balanga","Dadiya","","50","45","30","6","5","0","5","15","24","1"
"2024/2025","Male","disabled","WAEC","College of Education","ward","Ajiya","North East","Gombe","Gombe","Ajiya","","29","26","17","3","3","0","3","9","14","0"
"2024/2025","Male","disabled","WAEC","College of Education","ward","Bolari East","North East","Gombe","Gombe","Bolari East","","15","13","7","4","3","0","2","6","3","1"
"2024/2025","Male","disabled","WAEC","College of Education","ward","Awak","North East","Gombe","Kaltungo","Awak","","50","45","28","7","6","0","5","17","21","1"
"2024/2025","Male","disabled","WAEC","College of Education","ward","Kaltungo East","North East","Gombe","Kaltungo","Kaltungo East","","15","13","7","3","2","0","2","6","4","1"
"2024/2025","Male","disabled","WAEC","College of Education","ward","Barwo / Nasarawo","North East","Gombe","Nafada","Barwo / Nasarawo","","32","29","16","3","3","0","3","13","14","0"
"2024/2025","Male","disabled","WAEC","College of Education","ward","Barwo Winde","North East","Gombe","Nafada","Barwo Winde","","89","79","53","16","13","0","10","26","37","3"
"2024/2025","Male","disabled","WAEC","College of Education","ward","Birin Bolewa","North East","Gombe","Nafada","Birin Bolewa","","65","59","37","14","10","0","6","22","24","4"
"2024/2025","Male","disabled","WAEC","College of Education","ward","Deba","North East","Gombe","Yamaltu/Deba","Deba","","58","52","34","10","8","0","6","18","24","2"
"2024/2025","Male","disabled","WAEC","College of Education","ward","Difa / Lubo / Kinafa","North East","Gombe","Yamaltu/Deba","Difa / Lubo / Kinafa","","68","60","40","10","7","0","8","20","30","3"
"2024/2025","Male","disabled","WAEC","College of Education","ward","Gwani / Shinga / Wade","North East","Gombe","Yamaltu/Deba","Gwani / Shinga / Wade","","74","67","42","9","9","0","7","25","34","0"
"2024/2025","Male","disabled","WAEC","Polytechnic","ward","Bambam","North East","Gombe","Balanga","Bambam","","17","15","10","3","3","0","2","5","7","0"
"2024/2025","Male","disabled","WAEC","Polytechnic","ward","Dadiya","North East","Gombe","Balanga","Dadiya","","35","32","21","7","5","0","3","11","14","2"
"2024/2025","Male","disabled","WAEC","Polytechnic","ward","Ajiya","North East","Gombe","Gombe","Ajiya","","81","72","45","9","9","0","9","27","36","0"
"2024/2025","Male","disabled","WAEC","Polytechnic","ward","Bajoga","North East","Gombe","Gombe","Bajoga","","95","85","54","13","11","0","10","31","42","2"
"2024/2025","Male","disabled","WAEC","Polytechnic","ward","Bolari East","North East","Gombe","Gombe","Bolari East","","62","56","35","9","9","0","6","21","26","0"
"2024/2025","Male","disabled","WAEC","Polytechnic","ward","Bule / Kaltin","North East","Gombe","Kaltungo","Bule / Kaltin","","32","29","20","7","5","0","3","9","14","2"
"2024/2025","Male","disabled","WAEC","Polytechnic","ward","Kaltungo East","North East","Gombe","Kaltungo","Kaltungo East","","41","36","22","7","5","0","5","14","15","2"
"2024/2025","Male","disabled","WAEC","Polytechnic","ward","Barwo / Nasarawo","North East","Gombe","Nafada","Barwo / Nasarawo","","105","96","63","9","8","0","9","33","54","1"
"2024/2025","Male","disabled","WAEC","Polytechnic","ward","Birin Bolewa","North East","Gombe","Nafada","Birin Bolewa","","78","68","48","10","8","0","10","20","38","2"
"2024/2025","Male","disabled","WAEC","Polytechnic","ward","Deba","North East","Gombe","Yamaltu/Deba","Deba","","50","45","30","6","5","0","5","15","24","1"
"2024/2025","Male","disabled","WAEC","Polytechnic","ward","Difa / Lubo / Kinafa","North East","Gombe","Yamaltu/Deba","Difa / Lubo / Kinafa","","17","15","10","3","3","0","2","5","7","0"
"2024/2025","Male","disabled","WAEC","University","ward","Bambam","North East","Gombe","Balanga","Bambam","","17","15","10","3","3","0","2","5","7","0"
"2024/2025","Male","disabled","WAEC","University","ward","Bangu","North East","Gombe","Balanga","Bangu","","59","52","32","10","8","0","7","20","23","2"
"2024/2025","Male","disabled","WAEC","University","ward","Dadiya","North East","Gombe","Balanga","Dadiya","","39","34","23","3","3","0","5","11","20","0"
"2024/2025","Male","disabled","WAEC","University","ward","Bajoga","North East","Gombe","Gombe","Bajoga","","29","26","15","3","3","0","3","11","12","0"
"2024/2025","Male","disabled","WAEC","University","ward","Awak","North East","Gombe","Kaltungo","Awak","","50","45","30","10","8","0","5","15","20","2"
"2024/2025","Male","disabled","WAEC","University","ward","Bule / Kaltin","North East","Gombe","Kaltungo","Bule / Kaltin","","57","51","36","11","9","0","6","15","25","2"
"2024/2025","Male","disabled","WAEC","University","ward","Kaltungo East","North East","Gombe","Kaltungo","Kaltungo East","","77","68","46","10","7","0","9","22","36","3"
"2024/2025","Male","disabled","WAEC","University","ward","Difa / Lubo / Kinafa","North East","Gombe","Yamaltu/Deba","Difa / Lubo / Kinafa","","48","42","29","7","5","0","6","13","22","2"
"2024/2025","Male","disabled","WAEC","University","ward","Gwani / Shinga / Wade","North East","Gombe","Yamaltu/Deba","Gwani / Shinga / Wade","","17","15","10","3","3","0","2","5","7","0"
