"session","gender","disability_scope","exam_body","institution_type","loc_level","loc_label","zone","state","lga","ward","school","ss3_total","o_level_candidates","utme_participants","admitted_students","matriculated_students","delayed_transition_students","loss_ss3_to_olevel","loss_olevel_to_utme","loss_utme_to_admitted","loss_admitted_to_matriculated"
"2019/2020","Female","all","NABTEB","College of Education","ward","Alim-Gora","North East","Taraba","Ardo Kola","Alim-Gora","","192","189","116","37","32","6","3","73","80","6"
"2019/2020","Female","all","NABTEB","College of Education","ward","Ardo Kola","North East","Taraba","Ardo Kola","Ardo Kola","","70","69","44","15","16","0","1","25","29","0"
"2019/2020","Female","all","NABTEB","College of Education","ward","Akate","North East","Taraba","Donga","Akate","","73","72","51","21","16","6","1","21","29","6"
"2019/2020","Female","all","NABTEB","College of Education","ward","Asibiti","North East","Taraba","Donga","Asibiti","","202","199","131","44","32","12","3","68","87","12"
"2019/2020","Female","all","NABTEB","College of Education","ward","Bikadarko","North East","Taraba","Donga","Bikadarko","","113","111","72","30","25","5","2","39","43","5"
"2019/2020","Female","all","NABTEB","College of Education","ward","Abbare Yelwa","North East","Taraba","Jalingo","Abbare Yelwa","","147","145","90","37","32","6","2","55","53","6"
"2019/2020","Female","all","NABTEB","College of Education","ward","Barade","North East","Taraba","Jalingo","Barade","","67","66","43","15","16","0","1","23","29","0"
"2019/2020","Female","all","NABTEB","College of Education","ward","Kachalla Sembe","North East","Taraba","Jalingo","Kachalla Sembe","","163","161","98","30","32","0","2","63","69","0"
"2019/2020","Female","all","NABTEB","College of Education","ward","Gembu 'A'","North East","Taraba","Sardauna","Gembu 'A'","","168","166","111","44","40","5","2","55","67","5"
"2019/2020","Female","all","NABTEB","College of Education","ward","Gembu 'B'","North East","Taraba","Sardauna","Gembu 'B'","","216","212","137","52","48","6","4","75","85","6"
"2019/2020","Female","all","NABTEB","College of Education","ward","Kabri","North East","Taraba","Sardauna","Kabri","","160","157","102","44","40","5","3","55","58","5"
"2019/2020","Female","all","NABTEB","College of Education","ward","Akwana","North East","Taraba","Wukari","Akwana","","58","57","35","22","24","0","1","22","13","0"
"2019/2020","Female","all","NABTEB","College of Education","ward","Avyi","North East","Taraba","Wukari","Avyi","","214","211","139","66","57","9","3","72","74","9"
"2019/2020","Female","all","NABTEB","College of Education","ward","Bantaje","North East","Taraba","Wukari","Bantaje","","142","140","90","37","40","0","2","50","53","0"
"2019/2020","Female","all","NABTEB","Polytechnic","ward","Alim-Gora","North East","Taraba","Ardo Kola","Alim-Gora","","123","121","82","30","32","0","2","39","52","0"
"2019/2020","Female","all","NABTEB","Polytechnic","ward","Ardo Kola","North East","Taraba","Ardo Kola","Ardo Kola","","207","204","137","60","48","12","3","67","77","12"
"2019/2020","Female","all","NABTEB","Polytechnic","ward","Iware","North East","Taraba","Ardo Kola","Iware","","115","113","74","45","40","6","2","39","30","6"
"2019/2020","Female","all","NABTEB","Polytechnic","ward","Akate","North East","Taraba","Donga","Akate","","162","159","105","37","40","0","3","54","68","0"
"2019/2020","Female","all","NABTEB","Polytechnic","ward","Asibiti","North East","Taraba","Donga","Asibiti","","142","140","87","22","24","0","2","53","65","0"
"2019/2020","Female","all","NABTEB","Polytechnic","ward","Bikadarko","North East","Taraba","Donga","Bikadarko","","297","292","187","74","65","10","5","105","113","10"
"2019/2020","Female","all","NABTEB","Polytechnic","ward","Barade","North East","Taraba","Jalingo","Barade","","106","104","69","30","24","6","2","35","40","6"
"2019/2020","Female","all","NABTEB","Polytechnic","ward","Gembu 'B'","North East","Taraba","Sardauna","Gembu 'B'","","96","95","58","22","16","6","1","37","36","6"
"2019/2020","Female","all","NABTEB","Polytechnic","ward","Kabri","North East","Taraba","Sardauna","Kabri","","196","193","130","52","49","4","3","63","79","4"
"2019/2020","Female","all","NABTEB","Polytechnic","ward","Akwana","North East","Taraba","Wukari","Akwana","","161","159","105","37","32","6","2","54","68","6"
"2019/2020","Female","all","NABTEB","Polytechnic","ward","Avyi","North East","Taraba","Wukari","Avyi","","147","145","96","44","40","5","2","49","52","5"
"2019/2020","Female","all","NABTEB","Polytechnic","ward","Bantaje","North East","Taraba","Wukari","Bantaje","","71","70","43","15","16","0","1","27","29","0"
"2019/2020","Female","all","NABTEB","University","ward","Ardo Kola","North East","Taraba","Ardo Kola","Ardo Kola","","98","97","61","22","25","0","1","36","39","0"
"2019/2020","Female","all","NABTEB","University","ward","Iware","North East","Taraba","Ardo Kola","Iware","","96","94","63","14","16","0","2","31","49","0"
"2019/2020","Female","all","NABTEB","University","ward","Abbare Yelwa","North East","Taraba","Jalingo","Abbare Yelwa","","137","135","87","37","32","6","2","48","50","6"
"2019/2020","Female","all","NABTEB","University","ward","Barade","North East","Taraba","Jalingo","Barade","","217","214","131","52","49","4","3","83","79","4"
"2019/2020","Female","all","NABTEB","University","ward","Kachalla Sembe","North East","Taraba","Jalingo","Kachalla Sembe","","215","212","140","52","40","12","3","72","88","12"
"2019/2020","Female","all","NABTEB","University","ward","Gembu 'A'","North East","Taraba","Sardauna","Gembu 'A'","","113","111","73","30","32","0","2","38","43","0"
"2019/2020","Female","all","NABTEB","University","ward","Akwana","North East","Taraba","Wukari","Akwana","","41","40","26","7","8","0","1","14","19","0"
"2019/2020","Female","all","NABTEB","University","ward","Bantaje","North East","Taraba","Wukari","Bantaje","","72","71","47","15","16","0","1","24","32","0"
"2019/2020","Female","all","NECO","College of Education","ward","Alim-Gora","North East","Taraba","Ardo Kola","Alim-Gora","","386","381","235","61","53","8","5","146","174","8"
"2019/2020","Female","all","NECO","College of Education","ward","Ardo Kola","North East","Taraba","Ardo Kola","Ardo Kola","","113","111","74","30","26","5","2","37","43","5"
"2019/2020","Female","all","NECO","College of Education","ward","Akate","North East","Taraba","Donga","Akate","","145","143","96","49","46","3","2","47","48","3"
"2019/2020","Female","all","NECO","College of Education","ward","Asibiti","North East","Taraba","Donga","Asibiti","","381","375","243","86","78","8","6","132","157","8"
"2019/2020","Female","all","NECO","College of Education","ward","Bikadarko","North East","Taraba","Donga","Bikadarko","","244","240","171","67","59","8","4","69","105","8"
"2019/2020","Female","all","NECO","College of Education","ward","Abbare Yelwa","North East","Taraba","Jalingo","Abbare Yelwa","","283","279","184","67","59","8","4","95","117","8"
"2019/2020","Female","all","NECO","College of Education","ward","Barade","North East","Taraba","Jalingo","Barade","","119","117","77","37","33","4","2","40","41","4"
"2019/2020","Female","all","NECO","College of Education","ward","Kachalla Sembe","North East","Taraba","Jalingo","Kachalla Sembe","","291","287","173","68","59","9","4","114","106","9"
"2019/2020","Female","all","NECO","College of Education","ward","Gembu 'A'","North East","Taraba","Sardauna","Gembu 'A'","","361","355","227","97","91","6","6","128","129","6"
"2019/2020","Female","all","NECO","College of Education","ward","Gembu 'B'","North East","Taraba","Sardauna","Gembu 'B'","","402","396","269","115","97","18","6","127","154","18"
"2019/2020","Female","all","NECO","College of Education","ward","Kabri","North East","Taraba","Sardauna","Kabri","","295","291","198","73","65","8","4","93","125","8"
"2019/2020","Female","all","NECO","College of Education","ward","Akwana","North East","Taraba","Wukari","Akwana","","108","106","69","30","26","5","2","37","38","5"
"2019/2020","Female","all","NECO","College of Education","ward","Avyi","North East","Taraba","Wukari","Avyi","","390","384","251","103","97","6","6","133","147","6"
"2019/2020","Female","all","NECO","College of Education","ward","Bantaje","North East","Taraba","Wukari","Bantaje","","265","261","174","61","52","9","4","87","114","9"
"2019/2020","Female","all","NECO","Polytechnic","ward","Alim-Gora","North East","Taraba","Ardo Kola","Alim-Gora","","225","221","149","73","64","9","4","72","75","9"
"2019/2020","Female","all","NECO","Polytechnic","ward","Ardo Kola","North East","Taraba","Ardo Kola","Ardo Kola","","416","410","262","92","79","13","6","148","170","13"
"2019/2020","Female","all","NECO","Polytechnic","ward","Iware","North East","Taraba","Ardo Kola","Iware","","219","216","155","79","71","8","3","61","75","8"
"2019/2020","Female","all","NECO","Polytechnic","ward","Akate","North East","Taraba","Donga","Akate","","299","294","191","72","58","14","5","103","119","14"
"2019/2020","Female","all","NECO","Polytechnic","ward","Asibiti","North East","Taraba","Donga","Asibiti","","247","244","155","49","46","5","3","89","106","5"
"2019/2020","Female","all","NECO","Polytechnic","ward","Bikadarko","North East","Taraba","Donga","Bikadarko","","572","564","370","141","124","17","8","194","229","17"
"2019/2020","Female","all","NECO","Polytechnic","ward","Barade","North East","Taraba","Jalingo","Barade","","201","198","136","55","46","9","3","62","82","9"
"2019/2020","Female","all","NECO","Polytechnic","ward","Gembu 'B'","North East","Taraba","Sardauna","Gembu 'B'","","180","177","106","43","39","4","3","71","64","4"
"2019/2020","Female","all","NECO","Polytechnic","ward","Kabri","North East","Taraba","Sardauna","Kabri","","351","346","223","84","71","13","5","123","139","13"
"2019/2020","Female","all","NECO","Polytechnic","ward","Akwana","North East","Taraba","Wukari","Akwana","","284","279","187","85","77","8","5","92","101","8"
"2019/2020","Female","all","NECO","Polytechnic","ward","Avyi","North East","Taraba","Wukari","Avyi","","269","265","172","79","71","8","4","93","93","8"
"2019/2020","Female","all","NECO","Polytechnic","ward","Bantaje","North East","Taraba","Wukari","Bantaje","","127","125","77","31","26","5","2","48","47","5"
"2019/2020","Female","all","NECO","University","ward","Ardo Kola","North East","Taraba","Ardo Kola","Ardo Kola","","175","172","114","49","46","3","3","58","66","3"
"2019/2020","Female","all","NECO","University","ward","Iware","North East","Taraba","Ardo Kola","Iware","","171","169","106","42","40","4","2","63","64","4"
"2019/2020","Female","all","NECO","University","ward","Abbare Yelwa","North East","Taraba","Jalingo","Abbare Yelwa","","240","237","160","55","46","9","3","77","105","9"
"2019/2020","Female","all","NECO","University","ward","Barade","North East","Taraba","Jalingo","Barade","","467","460","286","104","92","12","7","174","183","12"
"2019/2020","Female","all","NECO","University","ward","Kachalla Sembe","North East","Taraba","Jalingo","Kachalla Sembe","","415","409","267","91","84","7","6","142","176","7"
"2019/2020","Female","all","NECO","University","ward","Gembu 'A'","North East","Taraba","Sardauna","Gembu 'A'","","223","220","151","67","58","9","3","69","84","9"
"2019/2020","Female","all","NECO","University","ward","Akwana","North East","Taraba","Wukari","Akwana","","73","72","50","18","13","5","1","22","33","5"
"2019/2020","Female","all","NECO","University","ward","Bantaje","North East","Taraba","Wukari","Bantaje","","121","119","77","30","26","5","2","42","46","5"
"2019/2020","Female","all","WAEC","College of Education","ward","Alim-Gora","North East","Taraba","Ardo Kola","Alim-Gora","","451","444","281","90","83","7","7","163","191","7"
"2019/2020","Female","all","WAEC","College of Education","ward","Ardo Kola","North East","Taraba","Ardo Kola","Ardo Kola","","140","138","88","38","36","2","2","50","51","2"
"2019/2020","Female","all","WAEC","College of Education","ward","Akate","North East","Taraba","Donga","Akate","","171","168","116","52","47","5","3","52","65","5"
"2019/2020","Female","all","WAEC","College of Education","ward","Asibiti","North East","Taraba","Donga","Asibiti","","516","508","326","114","104","10","8","182","212","10"
"2019/2020","Female","all","WAEC","College of Education","ward","Bikadarko","North East","Taraba","Donga","Bikadarko","","293","289","198","90","83","7","4","91","109","7"
"2019/2020","Female","all","WAEC","College of Education","ward","Abbare Yelwa","North East","Taraba","Jalingo","Abbare Yelwa","","369","364","227","85","78","7","5","137","143","7"
"2019/2020","Female","all","WAEC","College of Education","ward","Barade","North East","Taraba","Jalingo","Barade","","152","150","102","38","36","2","2","48","65","2"
"2019/2020","Female","all","WAEC","College of Education","ward","Kachalla Sembe","North East","Taraba","Jalingo","Kachalla Sembe","","345","339","214","71","67","4","6","125","144","4"
"2019/2020","Female","all","WAEC","College of Education","ward","Gembu 'A'","North East","Taraba","Sardauna","Gembu 'A'","","437","431","283","114","104","10","6","148","169","10"
"2019/2020","Female","all","WAEC","College of Education","ward","Gembu 'B'","North East","Taraba","Sardauna","Gembu 'B'","","538","530","362","151","135","16","8","168","211","16"
"2019/2020","Female","all","WAEC","College of Education","ward","Kabri","North East","Taraba","Sardauna","Kabri","","440","433","280","122","113","9","7","153","157","9"
"2019/2020","Female","all","WAEC","College of Education","ward","Akwana","North East","Taraba","Wukari","Akwana","","143","141","94","43","42","1","2","47","51","1"
"2019/2020","Female","all","WAEC","College of Education","ward","Avyi","North East","Taraba","Wukari","Avyi","","463","456","312","133","124","9","7","144","179","9"
"2019/2020","Female","all","WAEC","College of Education","ward","Bantaje","North East","Taraba","Wukari","Bantaje","","375","369","250","114","104","10","6","119","137","10"
"2019/2020","Female","all","WAEC","Polytechnic","ward","Alim-Gora","North East","Taraba","Ardo Kola","Alim-Gora","","321","316","207","90","78","13","5","109","116","13"
"2019/2020","Female","all","WAEC","Polytechnic","ward","Ardo Kola","North East","Taraba","Ardo Kola","Ardo Kola","","505","498","321","119","109","10","7","177","202","10"
"2019/2020","Female","all","WAEC","Polytechnic","ward","Iware","North East","Taraba","Ardo Kola","Iware","","311","306","208","100","93","7","5","98","109","7"
"2019/2020","Female","all","WAEC","Polytechnic","ward","Akate","North East","Taraba","Donga","Akate","","379","373","253","98","93","6","6","120","154","6"
"2019/2020","Female","all","WAEC","Polytechnic","ward","Asibiti","North East","Taraba","Donga","Asibiti","","324","319","200","62","52","10","5","119","139","10"
"2019/2020","Female","all","WAEC","Polytechnic","ward","Bikadarko","North East","Taraba","Donga","Bikadarko","","710","700","455","171","156","15","10","245","284","15"
"2019/2020","Female","all","WAEC","Polytechnic","ward","Barade","North East","Taraba","Jalingo","Barade","","296","292","191","76","67","9","4","101","116","9"
"2019/2020","Female","all","WAEC","Polytechnic","ward","Gembu 'B'","North East","Taraba","Sardauna","Gembu 'B'","","238","234","144","47","42","5","4","90","97","5"
"2019/2020","Female","all","WAEC","Polytechnic","ward","Kabri","North East","Taraba","Sardauna","Kabri","","434","427","280","113","108","5","7","147","166","5"
"2019/2020","Female","all","WAEC","Polytechnic","ward","Akwana","North East","Taraba","Wukari","Akwana","","368","362","240","94","88","6","6","122","146","6"
"2019/2020","Female","all","WAEC","Polytechnic","ward","Avyi","North East","Taraba","Wukari","Avyi","","343","338","226","90","83","7","5","112","137","7"
"2019/2020","Female","all","WAEC","Polytechnic","ward","Bantaje","North East","Taraba","Wukari","Bantaje","","182","179","121","51","46","5","3","58","69","5"
"2019/2020","Female","all","WAEC","University","ward","Ardo Kola","North East","Taraba","Ardo Kola","Ardo Kola","","241","237","158","67","57","10","4","79","92","10"
"2019/2020","Female","all","WAEC","University","ward","Iware","North East","Taraba","Ardo Kola","Iware","","218","214","140","52","47","5","4","74","88","5"
"2019/2020","Female","all","WAEC","University","ward","Abbare Yelwa","North East","Taraba","Jalingo","Abbare Yelwa","","348","343","233","81","73","8","5","110","153","8"
"2019/2020","Female","all","WAEC","University","ward","Barade","North East","Taraba","Jalingo","Barade","","573","565","356","124","109","15","8","209","232","15"
"2019/2020","Female","all","WAEC","University","ward","Kachalla Sembe","North East","Taraba","Jalingo","Kachalla Sembe","","510","502","325","114","104","10","8","177","212","10"
"2019/2020","Female","all","WAEC","University","ward","Gembu 'A'","North East","Taraba","Sardauna","Gembu 'A'","","264","260","164","66","62","4","4","96","98","4"
"2019/2020","Female","all","WAEC","University","ward","Akwana","North East","Taraba","Wukari","Akwana","","99","98","62","28","26","2","1","36","35","2"
"2019/2020","Female","all","WAEC","University","ward","Bantaje","North East","Taraba","Wukari","Bantaje","","159","157","102","33","31","2","2","55","69","2"
"2019/2020","Female","disabled","NABTEB","College of Education","ward","Alim-Gora","North East","Taraba","Ardo Kola","Alim-Gora","","19","19","11","0","0","0","0","8","11","0"
"2019/2020","Female","disabled","NABTEB","College of Education","ward","Ardo Kola","North East","Taraba","Ardo Kola","Ardo Kola","","8","8","5","0","0","0","0","3","5","0"
"2019/2020","Female","disabled","NABTEB","College of Education","ward","Akate","North East","Taraba","Donga","Akate","","8","8","5","0","0","0","0","3","5","0"
"2019/2020","Female","disabled","NABTEB","College of Education","ward","Asibiti","North East","Taraba","Donga","Asibiti","","19","19","10","0","0","0","0","9","10","0"
"2019/2020","Female","disabled","NABTEB","College of Education","ward","Bikadarko","North East","Taraba","Donga","Bikadarko","","8","8","5","0","0","0","0","3","5","0"
"2019/2020","Female","disabled","NABTEB","College of Education","ward","Abbare Yelwa","North East","Taraba","Jalingo","Abbare Yelwa","","17","17","10","0","0","0","0","7","10","0"
"2019/2020","Female","disabled","NABTEB","College of Education","ward","Barade","North East","Taraba","Jalingo","Barade","","8","8","5","0","0","0","0","3","5","0"
"2019/2020","Female","disabled","NABTEB","College of Education","ward","Kachalla Sembe","North East","Taraba","Jalingo","Kachalla Sembe","","19","19","11","0","0","0","0","8","11","0"
"2019/2020","Female","disabled","NABTEB","College of Education","ward","Gembu 'A'","North East","Taraba","Sardauna","Gembu 'A'","","17","17","11","0","0","0","0","6","11","0"
"2019/2020","Female","disabled","NABTEB","College of Education","ward","Gembu 'B'","North East","Taraba","Sardauna","Gembu 'B'","","29","29","17","7","8","0","0","12","12","0"
"2019/2020","Female","disabled","NABTEB","College of Education","ward","Kabri","North East","Taraba","Sardauna","Kabri","","20","20","11","0","0","0","0","9","11","0"
"2019/2020","Female","disabled","NABTEB","College of Education","ward","Akwana","North East","Taraba","Wukari","Akwana","","8","8","5","6","7","0","0","3","0","0"
"2019/2020","Female","disabled","NABTEB","College of Education","ward","Avyi","North East","Taraba","Wukari","Avyi","","26","26","17","13","15","0","0","9","4","0"
"2019/2020","Female","disabled","NABTEB","College of Education","ward","Bantaje","North East","Taraba","Wukari","Bantaje","","17","17","11","0","0","0","0","6","11","0"
"2019/2020","Female","disabled","NABTEB","Polytechnic","ward","Alim-Gora","North East","Taraba","Ardo Kola","Alim-Gora","","17","17","11","0","0","0","0","6","11","0"
"2019/2020","Female","disabled","NABTEB","Polytechnic","ward","Ardo Kola","North East","Taraba","Ardo Kola","Ardo Kola","","22","22","14","7","8","0","0","8","8","0"
"2019/2020","Female","disabled","NABTEB","Polytechnic","ward","Iware","North East","Taraba","Ardo Kola","Iware","","17","17","10","12","14","0","0","7","0","0"
"2019/2020","Female","disabled","NABTEB","Polytechnic","ward","Akate","North East","Taraba","Donga","Akate","","26","26","16","0","0","0","0","10","16","0"
"2019/2020","Female","disabled","NABTEB","Polytechnic","ward","Asibiti","North East","Taraba","Donga","Asibiti","","17","17","11","0","0","0","0","6","11","0"
"2019/2020","Female","disabled","NABTEB","Polytechnic","ward","Bikadarko","North East","Taraba","Donga","Bikadarko","","28","28","16","0","0","0","0","12","16","0"
"2019/2020","Female","disabled","NABTEB","Polytechnic","ward","Barade","North East","Taraba","Jalingo","Barade","","13","13","8","6","7","0","0","5","2","0"
"2019/2020","Female","disabled","NABTEB","Polytechnic","ward","Gembu 'B'","North East","Taraba","Sardauna","Gembu 'B'","","8","8","5","0","0","0","0","3","5","0"
"2019/2020","Female","disabled","NABTEB","Polytechnic","ward","Kabri","North East","Taraba","Sardauna","Kabri","","24","24","14","6","7","0","0","10","7","0"
"2019/2020","Female","disabled","NABTEB","Polytechnic","ward","Akwana","North East","Taraba","Wukari","Akwana","","19","19","11","0","0","0","0","8","11","0"
"2019/2020","Female","disabled","NABTEB","Polytechnic","ward","Avyi","North East","Taraba","Wukari","Avyi","","19","19","14","6","7","0","0","5","7","0"
"2019/2020","Female","disabled","NABTEB","Polytechnic","ward","Bantaje","North East","Taraba","Wukari","Bantaje","","8","8","5","0","0","0","0","3","5","0"
"2019/2020","Female","disabled","NABTEB","University","ward","Ardo Kola","North East","Taraba","Ardo Kola","Ardo Kola","","8","8","5","0","0","0","0","3","5","0"
"2019/2020","Female","disabled","NABTEB","University","ward","Iware","North East","Taraba","Ardo Kola","Iware","","17","17","10","0","0","0","0","7","10","0"
"2019/2020","Female","disabled","NABTEB","University","ward","Abbare Yelwa","North East","Taraba","Jalingo","Abbare Yelwa","","17","17","10","0","0","0","0","7","10","0"
"2019/2020","Female","disabled","NABTEB","University","ward","Barade","North East","Taraba","Jalingo","Barade","","21","21","13","6","7","0","0","8","7","0"
"2019/2020","Female","disabled","NABTEB","University","ward","Kachalla Sembe","North East","Taraba","Jalingo","Kachalla Sembe","","26","26","17","6","7","0","0","9","10","0"
"2019/2020","Female","disabled","NABTEB","University","ward","Gembu 'A'","North East","Taraba","Sardauna","Gembu 'A'","","17","17","11","0","0","0","0","6","11","0"
"2019/2020","Female","disabled","NABTEB","University","ward","Akwana","North East","Taraba","Wukari","Akwana","","8","8","5","0","0","0","0","3","5","0"
"2019/2020","Female","disabled","NABTEB","University","ward","Bantaje","North East","Taraba","Wukari","Bantaje","","8","8","5","0","0","0","0","3","5","0"
"2019/2020","Female","disabled","NECO","College of Education","ward","Alim-Gora","North East","Taraba","Ardo Kola","Alim-Gora","","41","41","23","0","0","0","0","18","23","0"
"2019/2020","Female","disabled","NECO","College of Education","ward","Ardo Kola","North East","Taraba","Ardo Kola","Ardo Kola","","10","10","5","0","0","0","0","5","5","0"
"2019/2020","Female","disabled","NECO","College of Education","ward","Akate","North East","Taraba","Donga","Akate","","13","13","8","6","6","0","0","5","2","0"
"2019/2020","Female","disabled","NECO","College of Education","ward","Asibiti","North East","Taraba","Donga","Asibiti","","36","36","21","6","6","0","0","15","16","0"
"2019/2020","Female","disabled","NECO","College of Education","ward","Bikadarko","North East","Taraba","Donga","Bikadarko","","20","20","12","6","6","0","0","8","7","0"
"2019/2020","Female","disabled","NECO","College of Education","ward","Abbare Yelwa","North East","Taraba","Jalingo","Abbare Yelwa","","29","29","16","6","6","0","0","13","10","0"
"2019/2020","Female","disabled","NECO","College of Education","ward","Barade","North East","Taraba","Jalingo","Barade","","18","18","11","6","6","0","0","7","5","0"
"2019/2020","Female","disabled","NECO","College of Education","ward","Kachalla Sembe","North East","Taraba","Jalingo","Kachalla Sembe","","34","34","19","6","6","0","0","15","13","0"
"2019/2020","Female","disabled","NECO","College of Education","ward","Gembu 'A'","North East","Taraba","Sardauna","Gembu 'A'","","39","39","26","6","6","0","0","13","20","0"
"2019/2020","Female","disabled","NECO","College of Education","ward","Gembu 'B'","North East","Taraba","Sardauna","Gembu 'B'","","44","44","28","6","6","0","0","16","22","0"
"2019/2020","Female","disabled","NECO","College of Education","ward","Kabri","North East","Taraba","Sardauna","Kabri","","33","33","20","6","6","0","0","13","15","0"
"2019/2020","Female","disabled","NECO","College of Education","ward","Akwana","North East","Taraba","Wukari","Akwana","","13","13","8","6","6","0","0","5","2","0"
"2019/2020","Female","disabled","NECO","College of Education","ward","Avyi","North East","Taraba","Wukari","Avyi","","53","53","31","12","12","0","0","22","19","0"
"2019/2020","Female","disabled","NECO","College of Education","ward","Bantaje","North East","Taraba","Wukari","Bantaje","","26","26","15","0","0","0","0","11","15","0"
"2019/2020","Female","disabled","NECO","Polytechnic","ward","Alim-Gora","North East","Taraba","Ardo Kola","Alim-Gora","","23","23","16","12","12","0","0","7","4","0"
"2019/2020","Female","disabled","NECO","Polytechnic","ward","Ardo Kola","North East","Taraba","Ardo Kola","Ardo Kola","","39","39","22","6","6","0","0","17","16","0"
"2019/2020","Female","disabled","NECO","Polytechnic","ward","Iware","North East","Taraba","Ardo Kola","Iware","","26","26","16","12","12","0","0","10","5","0"
"2019/2020","Female","disabled","NECO","Polytechnic","ward","Akate","North East","Taraba","Donga","Akate","","36","36","21","0","0","0","0","15","21","0"
"2019/2020","Female","disabled","NECO","Polytechnic","ward","Asibiti","North East","Taraba","Donga","Asibiti","","26","26","15","0","0","0","0","11","15","0"
"2019/2020","Female","disabled","NECO","Polytechnic","ward","Bikadarko","North East","Taraba","Donga","Bikadarko","","58","58","35","6","7","0","0","23","29","0"
"2019/2020","Female","disabled","NECO","Polytechnic","ward","Barade","North East","Taraba","Jalingo","Barade","","23","23","12","0","0","0","0","11","12","0"
"2019/2020","Female","disabled","NECO","Polytechnic","ward","Gembu 'B'","North East","Taraba","Sardauna","Gembu 'B'","","18","18","11","6","6","0","0","7","5","0"
"2019/2020","Female","disabled","NECO","Polytechnic","ward","Kabri","North East","Taraba","Sardauna","Kabri","","38","38","23","6","6","0","0","15","17","0"
"2019/2020","Female","disabled","NECO","Polytechnic","ward","Akwana","North East","Taraba","Wukari","Akwana","","33","33","20","11","11","0","0","13","8","0"
"2019/2020","Female","disabled","NECO","Polytechnic","ward","Avyi","North East","Taraba","Wukari","Avyi","","39","39","24","12","12","0","0","15","12","0"
"2019/2020","Female","disabled","NECO","Polytechnic","ward","Bantaje","North East","Taraba","Wukari","Bantaje","","10","10","5","0","0","0","0","5","5","0"
"2019/2020","Female","disabled","NECO","University","ward","Ardo Kola","North East","Taraba","Ardo Kola","Ardo Kola","","18","18","11","6","7","0","0","7","5","0"
"2019/2020","Female","disabled","NECO","University","ward","Iware","North East","Taraba","Ardo Kola","Iware","","21","21","10","0","0","0","0","11","10","0"
"2019/2020","Female","disabled","NECO","University","ward","Abbare Yelwa","North East","Taraba","Jalingo","Abbare Yelwa","","29","29","19","6","6","0","0","10","13","0"
"2019/2020","Female","disabled","NECO","University","ward","Barade","North East","Taraba","Jalingo","Barade","","48","48","28","6","6","0","0","20","22","0"
"2019/2020","Female","disabled","NECO","University","ward","Kachalla Sembe","North East","Taraba","Jalingo","Kachalla Sembe","","51","51","31","6","6","0","0","20","26","0"
"2019/2020","Female","disabled","NECO","University","ward","Gembu 'A'","North East","Taraba","Sardauna","Gembu 'A'","","23","23","16","12","12","0","0","7","4","0"
"2019/2020","Female","disabled","NECO","University","ward","Akwana","North East","Taraba","Wukari","Akwana","","10","10","5","0","0","0","0","5","5","0"
"2019/2020","Female","disabled","NECO","University","ward","Bantaje","North East","Taraba","Wukari","Bantaje","","10","10","5","0","0","0","0","5","5","0"
"2019/2020","Female","disabled","WAEC","College of Education","ward","Alim-Gora","North East","Taraba","Ardo Kola","Alim-Gora","","51","51","28","9","9","0","0","23","19","0"
"2019/2020","Female","disabled","WAEC","College of Education","ward","Ardo Kola","North East","Taraba","Ardo Kola","Ardo Kola","","12","12","7","0","0","0","0","5","7","0"
"2019/2020","Female","disabled","WAEC","College of Education","ward","Akate","North East","Taraba","Donga","Akate","","14","14","8","5","5","0","0","6","4","0"
"2019/2020","Female","disabled","WAEC","College of Education","ward","Asibiti","North East","Taraba","Donga","Asibiti","","44","44","26","5","5","0","0","18","22","0"
"2019/2020","Female","disabled","WAEC","College of Education","ward","Bikadarko","North East","Taraba","Donga","Bikadarko","","26","26","15","5","5","0","0","11","11","0"
"2019/2020","Female","disabled","WAEC","College of Education","ward","Abbare Yelwa","North East","Taraba","Jalingo","Abbare Yelwa","","37","37","23","10","10","0","0","14","13","0"
"2019/2020","Female","disabled","WAEC","College of Education","ward","Barade","North East","Taraba","Jalingo","Barade","","22","22","14","5","5","0","0","8","9","0"
"2019/2020","Female","disabled","WAEC","College of Education","ward","Kachalla Sembe","North East","Taraba","Jalingo","Kachalla Sembe","","44","44","28","5","5","0","0","16","23","0"
"2019/2020","Female","disabled","WAEC","College of Education","ward","Gembu 'A'","North East","Taraba","Sardauna","Gembu 'A'","","42","42","24","9","9","0","0","18","15","0"
"2019/2020","Female","disabled","WAEC","College of Education","ward","Gembu 'B'","North East","Taraba","Sardauna","Gembu 'B'","","57","57","35","14","15","0","0","22","21","0"
"2019/2020","Female","disabled","WAEC","College of Education","ward","Kabri","North East","Taraba","Sardauna","Kabri","","53","52","30","14","15","0","1","22","16","0"
"2019/2020","Female","disabled","WAEC","College of Education","ward","Akwana","North East","Taraba","Wukari","Akwana","","14","14","8","5","5","0","0","6","4","0"
"2019/2020","Female","disabled","WAEC","College of Education","ward","Avyi","North East","Taraba","Wukari","Avyi","","66","65","41","17","19","0","1","24","23","0"
"2019/2020","Female","disabled","WAEC","College of Education","ward","Bantaje","North East","Taraba","Wukari","Bantaje","","35","35","22","9","9","0","0","13","12","0"
"2019/2020","Female","disabled","WAEC","Polytechnic","ward","Alim-Gora","North East","Taraba","Ardo Kola","Alim-Gora","","32","32","19","10","10","0","0","13","9","0"
"2019/2020","Female","disabled","WAEC","Polytechnic","ward","Ardo Kola","North East","Taraba","Ardo Kola","Ardo Kola","","51","51","29","10","10","0","0","22","20","0"
"2019/2020","Female","disabled","WAEC","Polytechnic","ward","Iware","North East","Taraba","Ardo Kola","Iware","","37","37","23","10","10","0","0","14","13","0"
"2019/2020","Female","disabled","WAEC","Polytechnic","ward","Akate","North East","Taraba","Donga","Akate","","44","44","25","10","10","0","0","19","15","0"
"2019/2020","Female","disabled","WAEC","Polytechnic","ward","Asibiti","North East","Taraba","Donga","Asibiti","","30","30","20","0","0","0","0","10","20","0"
"2019/2020","Female","disabled","WAEC","Polytechnic","ward","Bikadarko","North East","Taraba","Donga","Bikadarko","","70","70","42","15","15","0","0","28","27","0"
"2019/2020","Female","disabled","WAEC","Polytechnic","ward","Barade","North East","Taraba","Jalingo","Barade","","39","38","22","9","10","0","1","16","13","0"
"2019/2020","Female","disabled","WAEC","Polytechnic","ward","Gembu 'B'","North East","Taraba","Sardauna","Gembu 'B'","","24","24","13","0","0","0","0","11","13","0"
"2019/2020","Female","disabled","WAEC","Polytechnic","ward","Kabri","North East","Taraba","Sardauna","Kabri","","58","57","35","14","15","0","1","22","21","0"
"2019/2020","Female","disabled","WAEC","Polytechnic","ward","Akwana","North East","Taraba","Wukari","Akwana","","44","44","30","14","15","0","0","14","16","0"
"2019/2020","Female","disabled","WAEC","Polytechnic","ward","Avyi","North East","Taraba","Wukari","Avyi","","44","44","27","10","10","0","0","17","18","0"
"2019/2020","Female","disabled","WAEC","Polytechnic","ward","Bantaje","North East","Taraba","Wukari","Bantaje","","13","13","8","4","4","0","0","5","3","0"
"2019/2020","Female","disabled","WAEC","University","ward","Ardo Kola","North East","Taraba","Ardo Kola","Ardo Kola","","24","24","15","5","5","0","0","9","11","0"
"2019/2020","Female","disabled","WAEC","University","ward","Iware","North East","Taraba","Ardo Kola","Iware","","22","22","14","5","5","0","0","8","9","0"
"2019/2020","Female","disabled","WAEC","University","ward","Abbare Yelwa","North East","Taraba","Jalingo","Abbare Yelwa","","37","37","24","10","10","0","0","13","14","0"
"2019/2020","Female","disabled","WAEC","University","ward","Barade","North East","Taraba","Jalingo","Barade","","58","58","34","10","10","0","0","24","25","0"
"2019/2020","Female","disabled","WAEC","University","ward","Kachalla Sembe","North East","Taraba","Jalingo","Kachalla Sembe","","67","66","39","10","10","0","1","27","30","0"
"2019/2020","Female","disabled","WAEC","University","ward","Gembu 'A'","North East","Taraba","Sardauna","Gembu 'A'","","26","26","14","9","9","0","0","12","5","0"
"2019/2020","Female","disabled","WAEC","University","ward","Akwana","North East","Taraba","Wukari","Akwana","","12","12","7","5","5","0","0","5","2","0"
"2019/2020","Female","disabled","WAEC","University","ward","Bantaje","North East","Taraba","Wukari","Bantaje","","13","13","8","0","0","0","0","5","8","0"
"2019/2020","Male","all","NABTEB","College of Education","ward","Alim-Gora","North East","Taraba","Ardo Kola","Alim-Gora","","209","206","119","37","32","6","3","87","82","6"
"2019/2020","Male","all","NABTEB","College of Education","ward","Ardo Kola","North East","Taraba","Ardo Kola","Ardo Kola","","73","72","48","21","16","6","1","24","26","6"
"2019/2020","Male","all","NABTEB","College of Education","ward","Akate","North East","Taraba","Donga","Akate","","73","72","51","21","16","6","1","21","29","6"
"2019/2020","Male","all","NABTEB","College of Education","ward","Asibiti","North East","Taraba","Donga","Asibiti","","214","211","134","44","32","12","3","77","90","12"
"2019/2020","Male","all","NABTEB","College of Education","ward","Bikadarko","North East","Taraba","Donga","Bikadarko","","104","102","67","22","24","0","2","35","45","0"
"2019/2020","Male","all","NABTEB","College of Education","ward","Abbare Yelwa","North East","Taraba","Jalingo","Abbare Yelwa","","161","159","102","37","32","6","2","57","65","6"
"2019/2020","Male","all","NABTEB","College of Education","ward","Barade","North East","Taraba","Jalingo","Barade","","67","66","46","15","16","0","1","20","32","0"
"2019/2020","Male","all","NABTEB","College of Education","ward","Kachalla Sembe","North East","Taraba","Jalingo","Kachalla Sembe","","166","164","102","30","32","0","2","62","72","0"
"2019/2020","Male","all","NABTEB","College of Education","ward","Gembu 'A'","North East","Taraba","Sardauna","Gembu 'A'","","175","173","110","37","32","6","2","63","73","6"
"2019/2020","Male","all","NABTEB","College of Education","ward","Gembu 'B'","North East","Taraba","Sardauna","Gembu 'B'","","243","239","163","67","65","4","4","76","97","4"
"2019/2020","Male","all","NABTEB","College of Education","ward","Kabri","North East","Taraba","Sardauna","Kabri","","155","152","96","29","24","6","3","56","67","6"
"2019/2020","Male","all","NABTEB","College of Education","ward","Akwana","North East","Taraba","Wukari","Akwana","","69","68","43","15","16","0","1","25","29","0"
"2019/2020","Male","all","NABTEB","College of Education","ward","Avyi","North East","Taraba","Wukari","Avyi","","239","235","157","66","57","9","4","78","91","9"
"2019/2020","Male","all","NABTEB","College of Education","ward","Bantaje","North East","Taraba","Wukari","Bantaje","","141","139","89","29","24","6","2","50","60","6"
"2019/2020","Male","all","NABTEB","Polytechnic","ward","Alim-Gora","North East","Taraba","Ardo Kola","Alim-Gora","","145","143","99","30","32","0","2","44","69","0"
"2019/2020","Male","all","NABTEB","Polytechnic","ward","Ardo Kola","North East","Taraba","Ardo Kola","Ardo Kola","","244","240","161","52","40","12","4","79","109","12"
"2019/2020","Male","all","NABTEB","Polytechnic","ward","Iware","North East","Taraba","Ardo Kola","Iware","","128","126","90","37","32","6","2","36","53","6"
"2019/2020","Male","all","NABTEB","Polytechnic","ward","Akate","North East","Taraba","Donga","Akate","","192","189","122","37","40","0","3","67","85","0"
"2019/2020","Male","all","NABTEB","Polytechnic","ward","Asibiti","North East","Taraba","Donga","Asibiti","","151","149","93","29","24","6","2","56","64","6"
"2019/2020","Male","all","NABTEB","Polytechnic","ward","Bikadarko","North East","Taraba","Donga","Bikadarko","","295","290","184","59","48","12","5","106","125","12"
"2019/2020","Male","all","NABTEB","Polytechnic","ward","Barade","North East","Taraba","Jalingo","Barade","","120","118","75","22","16","6","2","43","54","6"
"2019/2020","Male","all","NABTEB","Polytechnic","ward","Gembu 'B'","North East","Taraba","Sardauna","Gembu 'B'","","106","104","60","22","16","6","2","44","39","6"
"2019/2020","Male","all","NABTEB","Polytechnic","ward","Kabri","North East","Taraba","Sardauna","Kabri","","178","175","116","37","32","6","3","59","80","6"
"2019/2020","Male","all","NABTEB","Polytechnic","ward","Akwana","North East","Taraba","Wukari","Akwana","","181","178","113","37","32","6","3","65","77","6"
"2019/2020","Male","all","NABTEB","Polytechnic","ward","Avyi","North East","Taraba","Wukari","Avyi","","158","156","111","52","49","4","2","45","59","4"
"2019/2020","Male","all","NABTEB","Polytechnic","ward","Bantaje","North East","Taraba","Wukari","Bantaje","","74","73","48","15","16","0","1","25","34","0"
"2019/2020","Male","all","NABTEB","University","ward","Ardo Kola","North East","Taraba","Ardo Kola","Ardo Kola","","91","90","58","15","16","0","1","32","43","0"
"2019/2020","Male","all","NABTEB","University","ward","Iware","North East","Taraba","Ardo Kola","Iware","","111","109","69","22","24","0","2","40","48","0"
"2019/2020","Male","all","NABTEB","University","ward","Abbare Yelwa","North East","Taraba","Jalingo","Abbare Yelwa","","165","163","104","37","32","6","2","59","68","6"
"2019/2020","Male","all","NABTEB","University","ward","Barade","North East","Taraba","Jalingo","Barade","","220","217","134","37","40","0","3","83","97","0"
"2019/2020","Male","all","NABTEB","University","ward","Kachalla Sembe","North East","Taraba","Jalingo","Kachalla Sembe","","272","268","177","52","40","12","4","91","125","12"
"2019/2020","Male","all","NABTEB","University","ward","Gembu 'A'","North East","Taraba","Sardauna","Gembu 'A'","","131","129","79","30","32","0","2","50","49","0"
"2019/2020","Male","all","NABTEB","University","ward","Akwana","North East","Taraba","Wukari","Akwana","","48","47","28","7","8","0","1","19","22","0"
"2019/2020","Male","all","NABTEB","University","ward","Bantaje","North East","Taraba","Wukari","Bantaje","","67","66","43","15","16","0","1","23","29","0"
"2019/2020","Male","all","NECO","College of Education","ward","Alim-Gora","North East","Taraba","Ardo Kola","Alim-Gora","","415","408","264","74","65","9","7","144","191","9"
"2019/2020","Male","all","NECO","College of Education","ward","Ardo Kola","North East","Taraba","Ardo Kola","Ardo Kola","","115","113","77","30","26","5","2","36","46","5"
"2019/2020","Male","all","NECO","College of Education","ward","Akate","North East","Taraba","Donga","Akate","","148","146","96","43","39","4","2","50","54","4"
"2019/2020","Male","all","NECO","College of Education","ward","Asibiti","North East","Taraba","Donga","Asibiti","","393","387","249","68","59","9","6","138","182","9"
"2019/2020","Male","all","NECO","College of Education","ward","Bikadarko","North East","Taraba","Donga","Bikadarko","","217","214","144","61","52","9","3","70","84","9"
"2019/2020","Male","all","NECO","College of Education","ward","Abbare Yelwa","North East","Taraba","Jalingo","Abbare Yelwa","","311","306","204","61","53","8","5","102","143","8"
"2019/2020","Male","all","NECO","College of Education","ward","Barade","North East","Taraba","Jalingo","Barade","","146","144","91","24","20","4","2","53","67","4"
"2019/2020","Male","all","NECO","College of Education","ward","Kachalla Sembe","North East","Taraba","Jalingo","Kachalla Sembe","","302","298","187","61","53","8","4","111","127","8"
"2019/2020","Male","all","NECO","College of Education","ward","Gembu 'A'","North East","Taraba","Sardauna","Gembu 'A'","","360","355","227","80","72","8","5","128","148","8"
"2019/2020","Male","all","NECO","College of Education","ward","Gembu 'B'","North East","Taraba","Sardauna","Gembu 'B'","","478","471","307","128","118","12","7","164","180","12"
"2019/2020","Male","all","NECO","College of Education","ward","Kabri","North East","Taraba","Sardauna","Kabri","","272","268","179","67","59","8","4","89","112","8"
"2019/2020","Male","all","NECO","College of Education","ward","Akwana","North East","Taraba","Wukari","Akwana","","139","137","88","36","33","4","2","49","51","4"
"2019/2020","Male","all","NECO","College of Education","ward","Avyi","North East","Taraba","Wukari","Avyi","","456","449","291","110","98","12","7","158","181","12"
"2019/2020","Male","all","NECO","College of Education","ward","Bantaje","North East","Taraba","Wukari","Bantaje","","271","267","176","73","59","14","4","91","104","14"
"2019/2020","Male","all","NECO","Polytechnic","ward","Alim-Gora","North East","Taraba","Ardo Kola","Alim-Gora","","263","259","172","74","66","8","4","87","98","8"
"2019/2020","Male","all","NECO","Polytechnic","ward","Ardo Kola","North East","Taraba","Ardo Kola","Ardo Kola","","496","488","313","110","98","12","8","175","203","12"
"2019/2020","Male","all","NECO","Polytechnic","ward","Iware","North East","Taraba","Ardo Kola","Iware","","217","214","149","62","52","10","3","65","88","10"
"2019/2020","Male","all","NECO","Polytechnic","ward","Akate","North East","Taraba","Donga","Akate","","337","332","212","66","53","13","5","120","147","13"
"2019/2020","Male","all","NECO","Polytechnic","ward","Asibiti","North East","Taraba","Donga","Asibiti","","265","261","163","55","46","9","4","98","109","9"
"2019/2020","Male","all","NECO","Polytechnic","ward","Bikadarko","North East","Taraba","Donga","Bikadarko","","585","577","369","133","123","10","8","208","236","10"
"2019/2020","Male","all","NECO","Polytechnic","ward","Barade","North East","Taraba","Jalingo","Barade","","215","212","134","43","39","4","3","78","91","4"
"2019/2020","Male","all","NECO","Polytechnic","ward","Gembu 'B'","North East","Taraba","Sardauna","Gembu 'B'","","214","211","122","24","20","4","3","89","99","4"
"2019/2020","Male","all","NECO","Polytechnic","ward","Kabri","North East","Taraba","Sardauna","Kabri","","314","309","196","67","59","8","5","113","129","8"
"2019/2020","Male","all","NECO","Polytechnic","ward","Akwana","North East","Taraba","Wukari","Akwana","","342","337","230","80","72","8","5","107","151","8"
"2019/2020","Male","all","NECO","Polytechnic","ward","Avyi","North East","Taraba","Wukari","Avyi","","301","297","200","78","66","13","4","97","121","13"
"2019/2020","Male","all","NECO","Polytechnic","ward","Bantaje","North East","Taraba","Wukari","Bantaje","","124","122","80","31","26","5","2","42","50","5"
"2019/2020","Male","all","NECO","University","ward","Ardo Kola","North East","Taraba","Ardo Kola","Ardo Kola","","201","198","136","55","46","9","3","62","82","9"
"2019/2020","Male","all","NECO","University","ward","Iware","North East","Taraba","Ardo Kola","Iware","","218","215","132","48","38","10","3","83","84","10"
"2019/2020","Male","all","NECO","University","ward","Abbare Yelwa","North East","Taraba","Jalingo","Abbare Yelwa","","288","283","183","48","39","10","5","100","135","10"
"2019/2020","Male","all","NECO","University","ward","Barade","North East","Taraba","Jalingo","Barade","","469","462","286","80","72","8","7","176","206","8"
"2019/2020","Male","all","NECO","University","ward","Kachalla Sembe","North East","Taraba","Jalingo","Kachalla Sembe","","463","457","297","92","85","7","6","160","205","7"
"2019/2020","Male","all","NECO","University","ward","Gembu 'A'","North East","Taraba","Sardauna","Gembu 'A'","","264","260","173","49","39","10","4","87","124","10"
"2019/2020","Male","all","NECO","University","ward","Akwana","North East","Taraba","Wukari","Akwana","","79","78","47","18","20","0","1","31","30","0"
"2019/2020","Male","all","NECO","University","ward","Bantaje","North East","Taraba","Wukari","Bantaje","","111","109","66","18","13","5","2","43","49","5"
"2019/2020","Male","all","WAEC","College of Education","ward","Alim-Gora","North East","Taraba","Ardo Kola","Alim-Gora","","523","516","326","99","83","17","7","190","227","17"
"2019/2020","Male","all","WAEC","College of Education","ward","Ardo Kola","North East","Taraba","Ardo Kola","Ardo Kola","","152","150","102","38","36","2","2","48","65","2"
"2019/2020","Male","all","WAEC","College of Education","ward","Akate","North East","Taraba","Donga","Akate","","190","187","126","51","47","5","3","61","74","5"
"2019/2020","Male","all","WAEC","College of Education","ward","Asibiti","North East","Taraba","Donga","Asibiti","","509","502","306","86","84","2","7","196","221","2"
"2019/2020","Male","all","WAEC","College of Education","ward","Bikadarko","North East","Taraba","Donga","Bikadarko","","285","281","189","70","62","9","4","92","118","9"
"2019/2020","Male","all","WAEC","College of Education","ward","Abbare Yelwa","North East","Taraba","Jalingo","Abbare Yelwa","","427","420","263","80","73","7","7","157","183","7"
"2019/2020","Male","all","WAEC","College of Education","ward","Barade","North East","Taraba","Jalingo","Barade","","178","175","118","47","47","0","3","57","72","0"
"2019/2020","Male","all","WAEC","College of Education","ward","Kachalla Sembe","North East","Taraba","Jalingo","Kachalla Sembe","","377","371","228","71","62","9","6","143","158","9"
"2019/2020","Male","all","WAEC","College of Education","ward","Gembu 'A'","North East","Taraba","Sardauna","Gembu 'A'","","448","441","288","94","84","10","7","153","195","10"
"2019/2020","Male","all","WAEC","College of Education","ward","Gembu 'B'","North East","Taraba","Sardauna","Gembu 'B'","","624","614","397","155","144","11","10","217","242","11"
"2019/2020","Male","all","WAEC","College of Education","ward","Kabri","North East","Taraba","Sardauna","Kabri","","407","401","262","86","78","8","6","139","177","8"
"2019/2020","Male","all","WAEC","College of Education","ward","Akwana","North East","Taraba","Wukari","Akwana","","183","180","111","33","31","2","3","69","79","2"
"2019/2020","Male","all","WAEC","College of Education","ward","Avyi","North East","Taraba","Wukari","Avyi","","557","549","362","129","119","10","8","187","234","10"
"2019/2020","Male","all","WAEC","College of Education","ward","Bantaje","North East","Taraba","Wukari","Bantaje","","331","327","209","76","68","8","4","118","133","8"
"2019/2020","Male","all","WAEC","Polytechnic","ward","Alim-Gora","North East","Taraba","Ardo Kola","Alim-Gora","","338","333","207","85","78","8","5","126","121","8"
"2019/2020","Male","all","WAEC","Polytechnic","ward","Ardo Kola","North East","Taraba","Ardo Kola","Ardo Kola","","601","592","367","119","109","10","9","225","249","10"
"2019/2020","Male","all","WAEC","Polytechnic","ward","Iware","North East","Taraba","Ardo Kola","Iware","","301","296","203","94","87","7","5","93","108","7"
"2019/2020","Male","all","WAEC","Polytechnic","ward","Akate","North East","Taraba","Donga","Akate","","460","453","301","109","99","10","7","152","193","10"
"2019/2020","Male","all","WAEC","Polytechnic","ward","Asibiti","North East","Taraba","Donga","Asibiti","","355","349","231","80","73","7","6","118","152","7"
"2019/2020","Male","all","WAEC","Polytechnic","ward","Bikadarko","North East","Taraba","Donga","Bikadarko","","708","697","450","136","124","12","11","247","314","12"
"2019/2020","Male","all","WAEC","Polytechnic","ward","Barade","North East","Taraba","Jalingo","Barade","","330","325","208","71","62","9","5","117","137","9"
"2019/2020","Male","all","WAEC","Polytechnic","ward","Gembu 'B'","North East","Taraba","Sardauna","Gembu 'B'","","263","259","168","52","47","5","4","91","117","5"
"2019/2020","Male","all","WAEC","Polytechnic","ward","Kabri","North East","Taraba","Sardauna","Kabri","","439","432","282","100","93","7","7","150","182","7"
"2019/2020","Male","all","WAEC","Polytechnic","ward","Akwana","North East","Taraba","Wukari","Akwana","","426","420","278","95","84","11","6","142","184","11"
"2019/2020","Male","all","WAEC","Polytechnic","ward","Avyi","North East","Taraba","Wukari","Avyi","","370","365","245","99","92","7","5","120","145","7"
"2019/2020","Male","all","WAEC","Polytechnic","ward","Bantaje","North East","Taraba","Wukari","Bantaje","","180","177","116","47","42","6","3","61","68","6"
"2019/2020","Male","all","WAEC","University","ward","Ardo Kola","North East","Taraba","Ardo Kola","Ardo Kola","","246","242","151","47","42","5","4","91","105","5"
"2019/2020","Male","all","WAEC","University","ward","Iware","North East","Taraba","Ardo Kola","Iware","","248","244","149","47","42","5","4","95","102","5"
"2019/2020","Male","all","WAEC","University","ward","Abbare Yelwa","North East","Taraba","Jalingo","Abbare Yelwa","","399","394","248","85","78","7","5","146","163","7"
"2019/2020","Male","all","WAEC","University","ward","Barade","North East","Taraba","Jalingo","Barade","","558","550","350","109","99","10","8","200","242","10"
"2019/2020","Male","all","WAEC","University","ward","Kachalla Sembe","North East","Taraba","Jalingo","Kachalla Sembe","","607","598","386","129","114","15","9","212","257","15"
"2019/2020","Male","all","WAEC","University","ward","Gembu 'A'","North East","Taraba","Sardauna","Gembu 'A'","","302","298","194","71","67","4","4","104","123","4"
"2019/2020","Male","all","WAEC","University","ward","Akwana","North East","Taraba","Wukari","Akwana","","116","114","75","24","21","3","2","39","51","3"
"2019/2020","Male","all","WAEC","University","ward","Bantaje","North East","Taraba","Wukari","Bantaje","","149","147","97","37","36","2","2","50","59","2"
"2019/2020","Male","disabled","NABTEB","College of Education","ward","Alim-Gora","North East","Taraba","Ardo Kola","Alim-Gora","","22","22","11","0","0","0","0","11","11","0"
"2019/2020","Male","disabled","NABTEB","College of Education","ward","Ardo Kola","North East","Taraba","Ardo Kola","Ardo Kola","","8","8","5","0","0","0","0","3","5","0"
"2019/2020","Male","disabled","NABTEB","College of Education","ward","Akate","North East","Taraba","Donga","Akate","","8","8","5","0","0","0","0","3","5","0"
"2019/2020","Male","disabled","NABTEB","College of Education","ward","Asibiti","North East","Taraba","Donga","Asibiti","","19","19","11","0","0","0","0","8","11","0"
"2019/2020","Male","disabled","NABTEB","College of Education","ward","Bikadarko","North East","Taraba","Donga","Bikadarko","","8","8","5","0","0","0","0","3","5","0"
"2019/2020","Male","disabled","NABTEB","College of Education","ward","Abbare Yelwa","North East","Taraba","Jalingo","Abbare Yelwa","","17","17","10","0","0","0","0","7","10","0"
"2019/2020","Male","disabled","NABTEB","College of Education","ward","Barade","North East","Taraba","Jalingo","Barade","","8","8","5","0","0","0","0","3","5","0"
"2019/2020","Male","disabled","NABTEB","College of Education","ward","Kachalla Sembe","North East","Taraba","Jalingo","Kachalla Sembe","","19","19","11","0","0","0","0","8","11","0"
"2019/2020","Male","disabled","NABTEB","College of Education","ward","Gembu 'A'","North East","Taraba","Sardauna","Gembu 'A'","","17","17","11","0","0","0","0","6","11","0"
"2019/2020","Male","disabled","NABTEB","College of Education","ward","Gembu 'B'","North East","Taraba","Sardauna","Gembu 'B'","","28","28","20","7","7","0","0","8","13","0"
"2019/2020","Male","disabled","NABTEB","College of Education","ward","Kabri","North East","Taraba","Sardauna","Kabri","","19","19","14","0","0","0","0","5","14","0"
"2019/2020","Male","disabled","NABTEB","College of Education","ward","Akwana","North East","Taraba","Wukari","Akwana","","8","8","5","0","0","0","0","3","5","0"
"2019/2020","Male","disabled","NABTEB","College of Education","ward","Avyi","North East","Taraba","Wukari","Avyi","","31","31","18","13","15","0","0","13","5","0"
"2019/2020","Male","disabled","NABTEB","College of Education","ward","Bantaje","North East","Taraba","Wukari","Bantaje","","17","17","11","0","0","0","0","6","11","0"
"2019/2020","Male","disabled","NABTEB","Polytechnic","ward","Alim-Gora","North East","Taraba","Ardo Kola","Alim-Gora","","17","17","11","0","0","0","0","6","11","0"
"2019/2020","Male","disabled","NABTEB","Polytechnic","ward","Ardo Kola","North East","Taraba","Ardo Kola","Ardo Kola","","22","22","14","0","0","0","0","8","14","0"
"2019/2020","Male","disabled","NABTEB","Polytechnic","ward","Iware","North East","Taraba","Ardo Kola","Iware","","17","17","10","0","0","0","0","7","10","0"
"2019/2020","Male","disabled","NABTEB","Polytechnic","ward","Akate","North East","Taraba","Donga","Akate","","26","26","17","0","0","0","0","9","17","0"
"2019/2020","Male","disabled","NABTEB","Polytechnic","ward","Asibiti","North East","Taraba","Donga","Asibiti","","17","17","10","0","0","0","0","7","10","0"
"2019/2020","Male","disabled","NABTEB","Polytechnic","ward","Bikadarko","North East","Taraba","Donga","Bikadarko","","31","31","16","0","0","0","0","15","16","0"
"2019/2020","Male","disabled","NABTEB","Polytechnic","ward","Barade","North East","Taraba","Jalingo","Barade","","15","15","10","0","0","0","0","5","10","0"
"2019/2020","Male","disabled","NABTEB","Polytechnic","ward","Gembu 'B'","North East","Taraba","Sardauna","Gembu 'B'","","8","8","5","0","0","0","0","3","5","0"
"2019/2020","Male","disabled","NABTEB","Polytechnic","ward","Kabri","North East","Taraba","Sardauna","Kabri","","22","22","14","0","0","0","0","8","14","0"
"2019/2020","Male","disabled","NABTEB","Polytechnic","ward","Akwana","North East","Taraba","Wukari","Akwana","","24","24","16","0","0","0","0","8","16","0"
"2019/2020","Male","disabled","NABTEB","Polytechnic","ward","Avyi","North East","Taraba","Wukari","Avyi","","22","22","14","7","8","0","0","8","8","0"
"2019/2020","Male","disabled","NABTEB","Polytechnic","ward","Bantaje","North East","Taraba","Wukari","Bantaje","","8","8","5","0","0","0","0","3","5","0"
"2019/2020","Male","disabled","NABTEB","University","ward","Ardo Kola","North East","Taraba","Ardo Kola","Ardo Kola","","8","8","5","0","0","0","0","3","5","0"
"2019/2020","Male","disabled","NABTEB","University","ward","Iware","North East","Taraba","Ardo Kola","Iware","","17","17","10","0","0","0","0","7","10","0"
"2019/2020","Male","disabled","NABTEB","University","ward","Abbare Yelwa","North East","Taraba","Jalingo","Abbare Yelwa","","17","17","10","0","0","0","0","7","10","0"
"2019/2020","Male","disabled","NABTEB","University","ward","Barade","North East","Taraba","Jalingo","Barade","","25","25","14","0","0","0","0","11","14","0"
"2019/2020","Male","disabled","NABTEB","University","ward","Kachalla Sembe","North East","Taraba","Jalingo","Kachalla Sembe","","29","29","19","0","0","0","0","10","19","0"
"2019/2020","Male","disabled","NABTEB","University","ward","Gembu 'A'","North East","Taraba","Sardauna","Gembu 'A'","","17","17","11","0","0","0","0","6","11","0"
"2019/2020","Male","disabled","NABTEB","University","ward","Akwana","North East","Taraba","Wukari","Akwana","","8","8","5","0","0","0","0","3","5","0"
"2019/2020","Male","disabled","NABTEB","University","ward","Bantaje","North East","Taraba","Wukari","Bantaje","","8","8","5","0","0","0","0","3","5","0"
"2019/2020","Male","disabled","NECO","College of Education","ward","Alim-Gora","North East","Taraba","Ardo Kola","Alim-Gora","","49","49","28","0","0","0","0","21","28","0"
"2019/2020","Male","disabled","NECO","College of Education","ward","Ardo Kola","North East","Taraba","Ardo Kola","Ardo Kola","","10","10","8","6","6","0","0","2","2","0"
"2019/2020","Male","disabled","NECO","College of Education","ward","Akate","North East","Taraba","Donga","Akate","","10","10","5","6","6","0","0","5","0","0"
"2019/2020","Male","disabled","NECO","College of Education","ward","Asibiti","North East","Taraba","Donga","Asibiti","","36","36","20","0","0","0","0","16","20","0"
"2019/2020","Male","disabled","NECO","College of Education","ward","Bikadarko","North East","Taraba","Donga","Bikadarko","","18","18","11","6","6","0","0","7","5","0"
"2019/2020","Male","disabled","NECO","College of Education","ward","Abbare Yelwa","North East","Taraba","Jalingo","Abbare Yelwa","","31","31","17","0","0","0","0","14","17","0"
"2019/2020","Male","disabled","NECO","College of Education","ward","Barade","North East","Taraba","Jalingo","Barade","","18","18","11","0","0","0","0","7","11","0"
"2019/2020","Male","disabled","NECO","College of Education","ward","Kachalla Sembe","North East","Taraba","Jalingo","Kachalla Sembe","","39","39","24","6","6","0","0","15","18","0"
"2019/2020","Male","disabled","NECO","College of Education","ward","Gembu 'A'","North East","Taraba","Sardauna","Gembu 'A'","","36","36","23","6","6","0","0","13","18","0"
"2019/2020","Male","disabled","NECO","College of Education","ward","Gembu 'B'","North East","Taraba","Sardauna","Gembu 'B'","","46","46","26","6","6","0","0","20","20","0"
"2019/2020","Male","disabled","NECO","College of Education","ward","Kabri","North East","Taraba","Sardauna","Kabri","","31","31","17","0","0","0","0","14","17","0"
"2019/2020","Male","disabled","NECO","College of Education","ward","Akwana","North East","Taraba","Wukari","Akwana","","16","16","8","6","6","0","0","8","2","0"
"2019/2020","Male","disabled","NECO","College of Education","ward","Avyi","North East","Taraba","Wukari","Avyi","","66","65","41","12","12","0","1","24","29","0"
"2019/2020","Male","disabled","NECO","College of Education","ward","Bantaje","North East","Taraba","Wukari","Bantaje","","26","26","16","6","6","0","0","10","10","0"
"2019/2020","Male","disabled","NECO","Polytechnic","ward","Alim-Gora","North East","Taraba","Ardo Kola","Alim-Gora","","26","26","13","6","6","0","0","13","7","0"
"2019/2020","Male","disabled","NECO","Polytechnic","ward","Ardo Kola","North East","Taraba","Ardo Kola","Ardo Kola","","48","48","28","6","7","0","0","20","22","0"
"2019/2020","Male","disabled","NECO","Polytechnic","ward","Iware","North East","Taraba","Ardo Kola","Iware","","26","26","19","12","13","0","0","7","7","0"
"2019/2020","Male","disabled","NECO","Polytechnic","ward","Akate","North East","Taraba","Donga","Akate","","39","39","23","0","0","0","0","16","23","0"
"2019/2020","Male","disabled","NECO","Polytechnic","ward","Asibiti","North East","Taraba","Donga","Asibiti","","28","28","16","6","6","0","0","12","10","0"
"2019/2020","Male","disabled","NECO","Polytechnic","ward","Bikadarko","North East","Taraba","Donga","Bikadarko","","60","60","37","12","14","0","0","23","25","0"
"2019/2020","Male","disabled","NECO","Polytechnic","ward","Barade","North East","Taraba","Jalingo","Barade","","28","28","18","6","6","0","0","10","13","0"
"2019/2020","Male","disabled","NECO","Polytechnic","ward","Gembu 'B'","North East","Taraba","Sardauna","Gembu 'B'","","22","22","12","0","0","0","0","10","12","0"
"2019/2020","Male","disabled","NECO","Polytechnic","ward","Kabri","North East","Taraba","Sardauna","Kabri","","36","36","20","6","6","0","0","16","15","0"
"2019/2020","Male","disabled","NECO","Polytechnic","ward","Akwana","North East","Taraba","Wukari","Akwana","","42","42","24","6","6","0","0","18","18","0"
"2019/2020","Male","disabled","NECO","Polytechnic","ward","Avyi","North East","Taraba","Wukari","Avyi","","38","38","23","12","12","0","0","15","12","0"
"2019/2020","Male","disabled","NECO","Polytechnic","ward","Bantaje","North East","Taraba","Wukari","Bantaje","","13","13","8","6","6","0","0","5","2","0"
"2019/2020","Male","disabled","NECO","University","ward","Ardo Kola","North East","Taraba","Ardo Kola","Ardo Kola","","20","20","12","6","6","0","0","8","7","0"
"2019/2020","Male","disabled","NECO","University","ward","Iware","North East","Taraba","Ardo Kola","Iware","","24","24","13","6","6","0","0","11","7","0"
"2019/2020","Male","disabled","NECO","University","ward","Abbare Yelwa","North East","Taraba","Jalingo","Abbare Yelwa","","34","34","19","0","0","0","0","15","19","0"
"2019/2020","Male","disabled","NECO","University","ward","Barade","North East","Taraba","Jalingo","Barade","","55","55","32","0","0","0","0","23","32","0"
"2019/2020","Male","disabled","NECO","University","ward","Kachalla Sembe","North East","Taraba","Jalingo","Kachalla Sembe","","63","62","37","12","12","0","1","25","26","0"
"2019/2020","Male","disabled","NECO","University","ward","Gembu 'A'","North East","Taraba","Sardauna","Gembu 'A'","","26","26","16","0","0","0","0","10","16","0"
"2019/2020","Male","disabled","NECO","University","ward","Akwana","North East","Taraba","Wukari","Akwana","","10","10","5","0","0","0","0","5","5","0"
"2019/2020","Male","disabled","NECO","University","ward","Bantaje","North East","Taraba","Wukari","Bantaje","","10","10","5","0","0","0","0","5","5","0"
"2019/2020","Male","disabled","WAEC","College of Education","ward","Alim-Gora","North East","Taraba","Ardo Kola","Alim-Gora","","60","60","31","0","0","0","0","29","31","0"
"2019/2020","Male","disabled","WAEC","College of Education","ward","Ardo Kola","North East","Taraba","Ardo Kola","Ardo Kola","","15","15","9","5","5","0","0","6","4","0"
"2019/2020","Male","disabled","WAEC","College of Education","ward","Akate","North East","Taraba","Donga","Akate","","14","14","8","5","5","0","0","6","4","0"
"2019/2020","Male","disabled","WAEC","College of Education","ward","Asibiti","North East","Taraba","Donga","Asibiti","","44","44","26","9","9","0","0","18","17","0"
"2019/2020","Male","disabled","WAEC","College of Education","ward","Bikadarko","North East","Taraba","Donga","Bikadarko","","24","24","13","5","5","0","0","11","9","0"
"2019/2020","Male","disabled","WAEC","College of Education","ward","Abbare Yelwa","North East","Taraba","Jalingo","Abbare Yelwa","","42","42","23","5","5","0","0","19","18","0"
"2019/2020","Male","disabled","WAEC","College of Education","ward","Barade","North East","Taraba","Jalingo","Barade","","22","22","14","5","5","0","0","8","9","0"
"2019/2020","Male","disabled","WAEC","College of Education","ward","Kachalla Sembe","North East","Taraba","Jalingo","Kachalla Sembe","","44","44","28","5","5","0","0","16","23","0"
"2019/2020","Male","disabled","WAEC","College of Education","ward","Gembu 'A'","North East","Taraba","Sardauna","Gembu 'A'","","41","41","24","9","9","0","0","17","15","0"
"2019/2020","Male","disabled","WAEC","College of Education","ward","Gembu 'B'","North East","Taraba","Sardauna","Gembu 'B'","","67","66","42","19","20","0","1","24","23","0"
"2019/2020","Male","disabled","WAEC","College of Education","ward","Kabri","North East","Taraba","Sardauna","Kabri","","51","50","30","9","10","0","1","20","21","0"
"2019/2020","Male","disabled","WAEC","College of Education","ward","Akwana","North East","Taraba","Wukari","Akwana","","19","19","11","5","5","0","0","8","7","0"
"2019/2020","Male","disabled","WAEC","College of Education","ward","Avyi","North East","Taraba","Wukari","Avyi","","74","73","43","18","20","0","1","30","26","0"
"2019/2020","Male","disabled","WAEC","College of Education","ward","Bantaje","North East","Taraba","Wukari","Bantaje","","29","29","17","5","5","0","0","12","13","0"
"2019/2020","Male","disabled","WAEC","Polytechnic","ward","Alim-Gora","North East","Taraba","Ardo Kola","Alim-Gora","","31","31","18","10","10","0","0","13","9","0"
"2019/2020","Male","disabled","WAEC","Polytechnic","ward","Ardo Kola","North East","Taraba","Ardo Kola","Ardo Kola","","55","55","31","10","10","0","0","24","21","0"
"2019/2020","Male","disabled","WAEC","Polytechnic","ward","Iware","North East","Taraba","Ardo Kola","Iware","","34","34","21","10","10","0","0","13","11","0"
"2019/2020","Male","disabled","WAEC","Polytechnic","ward","Akate","North East","Taraba","Donga","Akate","","52","52","33","10","10","0","0","19","23","0"
"2019/2020","Male","disabled","WAEC","Polytechnic","ward","Asibiti","North East","Taraba","Donga","Asibiti","","35","35","22","9","9","0","0","13","12","0"
"2019/2020","Male","disabled","WAEC","Polytechnic","ward","Bikadarko","North East","Taraba","Donga","Bikadarko","","74","74","42","10","10","0","0","32","32","0"
"2019/2020","Male","disabled","WAEC","Polytechnic","ward","Barade","North East","Taraba","Jalingo","Barade","","42","41","25","5","5","0","1","16","20","0"
"2019/2020","Male","disabled","WAEC","Polytechnic","ward","Gembu 'B'","North East","Taraba","Sardauna","Gembu 'B'","","26","26","15","0","0","0","0","11","15","0"
"2019/2020","Male","disabled","WAEC","Polytechnic","ward","Kabri","North East","Taraba","Sardauna","Kabri","","49","49","30","10","10","0","0","19","21","0"
"2019/2020","Male","disabled","WAEC","Polytechnic","ward","Akwana","North East","Taraba","Wukari","Akwana","","52","51","29","10","10","0","1","22","20","0"
"2019/2020","Male","disabled","WAEC","Polytechnic","ward","Avyi","North East","Taraba","Wukari","Avyi","","50","49","32","14","15","0","1","17","19","0"
"2019/2020","Male","disabled","WAEC","Polytechnic","ward","Bantaje","North East","Taraba","Wukari","Bantaje","","17","17","9","5","5","0","0","8","4","0"
"2019/2020","Male","disabled","WAEC","University","ward","Ardo Kola","North East","Taraba","Ardo Kola","Ardo Kola","","22","22","14","0","0","0","0","8","14","0"
"2019/2020","Male","disabled","WAEC","University","ward","Iware","North East","Taraba","Ardo Kola","Iware","","25","25","14","5","5","0","0","11","9","0"
"2019/2020","Male","disabled","WAEC","University","ward","Abbare Yelwa","North East","Taraba","Jalingo","Abbare Yelwa","","49","49","28","10","10","0","0","21","18","0"
"2019/2020","Male","disabled","WAEC","University","ward","Barade","North East","Taraba","Jalingo","Barade","","58","58","34","10","10","0","0","24","24","0"
"2019/2020","Male","disabled","WAEC","University","ward","Kachalla Sembe","North East","Taraba","Jalingo","Kachalla Sembe","","73","72","42","10","10","0","1","30","32","0"
"2019/2020","Male","disabled","WAEC","University","ward","Gembu 'A'","North East","Taraba","Sardauna","Gembu 'A'","","32","32","19","9","9","0","0","13","10","0"
"2019/2020","Male","disabled","WAEC","University","ward","Akwana","North East","Taraba","Wukari","Akwana","","15","15","9","0","0","0","0","6","9","0"
"2019/2020","Male","disabled","WAEC","University","ward","Bantaje","North East","Taraba","Wukari","Bantaje","","10","10","6","4","4","0","0","4","2","0"
"2020/2021","Female","all","NABTEB","College of Education","ward","Alim-Gora","North East","Taraba","Ardo Kola","Alim-Gora","","211","208","124","37","31","6","3","84","88","6"
"2020/2021","Female","all","NABTEB","College of Education","ward","Ardo Kola","North East","Taraba","Ardo Kola","Ardo Kola","","77","76","48","21","22","0","1","28","26","0"
"2020/2021","Female","all","NABTEB","College of Education","ward","Akate","North East","Taraba","Donga","Akate","","77","76","55","28","22","6","1","21","26","6"
"2020/2021","Female","all","NABTEB","College of Education","ward","Asibiti","North East","Taraba","Donga","Asibiti","","227","223","135","44","32","12","4","88","91","12"
"2020/2021","Female","all","NABTEB","College of Education","ward","Bikadarko","North East","Taraba","Donga","Bikadarko","","119","117","75","36","31","5","2","42","40","5"
"2020/2021","Female","all","NABTEB","College of Education","ward","Abbare Yelwa","North East","Taraba","Jalingo","Abbare Yelwa","","168","165","101","29","31","0","3","64","73","0"
"2020/2021","Female","all","NABTEB","College of Education","ward","Barade","North East","Taraba","Jalingo","Barade","","68","67","43","22","23","0","1","24","21","0"
"2020/2021","Female","all","NABTEB","College of Education","ward","Kachalla Sembe","North East","Taraba","Jalingo","Kachalla Sembe","","161","159","101","37","32","6","2","58","64","6"
"2020/2021","Female","all","NABTEB","College of Education","ward","Gembu 'A'","North East","Taraba","Sardauna","Gembu 'A'","","189","187","125","52","47","6","2","62","74","6"
"2020/2021","Female","all","NABTEB","College of Education","ward","Gembu 'B'","North East","Taraba","Sardauna","Gembu 'B'","","255","251","174","73","68","5","4","77","100","5"
"2020/2021","Female","all","NABTEB","College of Education","ward","Kabri","North East","Taraba","Sardauna","Kabri","","168","165","110","37","30","7","3","55","74","7"
"2020/2021","Female","all","NABTEB","College of Education","ward","Akwana","North East","Taraba","Wukari","Akwana","","70","69","48","15","15","0","1","21","34","0"
"2020/2021","Female","all","NABTEB","College of Education","ward","Avyi","North East","Taraba","Wukari","Avyi","","205","202","131","57","46","12","3","71","73","12"
"2020/2021","Female","all","NABTEB","College of Education","ward","Bantaje","North East","Taraba","Wukari","Bantaje","","171","168","121","51","46","6","3","47","71","6"
"2020/2021","Female","all","NABTEB","Polytechnic","ward","Alim-Gora","North East","Taraba","Ardo Kola","Alim-Gora","","135","133","95","51","46","6","2","38","45","6"
"2020/2021","Female","all","NABTEB","Polytechnic","ward","Ardo Kola","North East","Taraba","Ardo Kola","Ardo Kola","","243","239","157","44","31","13","4","82","113","13"
"2020/2021","Female","all","NABTEB","Polytechnic","ward","Iware","North East","Taraba","Ardo Kola","Iware","","134","132","95","58","53","6","2","37","36","6"
"2020/2021","Female","all","NABTEB","Polytechnic","ward","Akate","North East","Taraba","Donga","Akate","","187","184","124","37","40","0","3","60","88","0"
"2020/2021","Female","all","NABTEB","Polytechnic","ward","Asibiti","North East","Taraba","Donga","Asibiti","","151","149","94","30","32","0","2","55","65","0"
"2020/2021","Female","all","NABTEB","Polytechnic","ward","Bikadarko","North East","Taraba","Donga","Bikadarko","","331","326","220","80","70","11","5","106","140","11"
"2020/2021","Female","all","NABTEB","Polytechnic","ward","Barade","North East","Taraba","Jalingo","Barade","","132","130","85","29","23","6","2","45","57","6"
"2020/2021","Female","all","NABTEB","Polytechnic","ward","Gembu 'B'","North East","Taraba","Sardauna","Gembu 'B'","","109","107","66","15","15","0","2","41","51","0"
"2020/2021","Female","all","NABTEB","Polytechnic","ward","Kabri","North East","Taraba","Sardauna","Kabri","","216","213","131","44","38","6","3","82","88","6"
"2020/2021","Female","all","NABTEB","Polytechnic","ward","Akwana","North East","Taraba","Wukari","Akwana","","170","168","108","37","38","0","2","60","72","0"
"2020/2021","Female","all","NABTEB","Polytechnic","ward","Avyi","North East","Taraba","Wukari","Avyi","","163","160","110","59","54","6","3","50","52","6"
"2020/2021","Female","all","NABTEB","Polytechnic","ward","Bantaje","North East","Taraba","Wukari","Bantaje","","77","76","48","15","15","0","1","28","33","0"
"2020/2021","Female","all","NABTEB","University","ward","Ardo Kola","North East","Taraba","Ardo Kola","Ardo Kola","","106","104","75","29","23","6","2","29","47","6"
"2020/2021","Female","all","NABTEB","University","ward","Iware","North East","Taraba","Ardo Kola","Iware","","117","115","78","30","31","0","2","37","49","0"
"2020/2021","Female","all","NABTEB","University","ward","Abbare Yelwa","North East","Taraba","Jalingo","Abbare Yelwa","","137","135","84","30","31","0","2","51","55","0"
"2020/2021","Female","all","NABTEB","University","ward","Barade","North East","Taraba","Jalingo","Barade","","231","227","144","44","39","6","4","83","101","6"
"2020/2021","Female","all","NABTEB","University","ward","Kachalla Sembe","North East","Taraba","Jalingo","Kachalla Sembe","","242","238","154","51","39","12","4","84","104","12"
"2020/2021","Female","all","NABTEB","University","ward","Gembu 'A'","North East","Taraba","Sardauna","Gembu 'A'","","124","122","81","22","23","0","2","41","59","0"
"2020/2021","Female","all","NABTEB","University","ward","Akwana","North East","Taraba","Wukari","Akwana","","47","46","32","21","22","0","1","14","11","0"
"2020/2021","Female","all","NABTEB","University","ward","Bantaje","North East","Taraba","Wukari","Bantaje","","77","76","48","15","15","0","1","28","33","0"
"2020/2021","Female","all","NECO","College of Education","ward","Alim-Gora","North East","Taraba","Ardo Kola","Alim-Gora","","405","399","246","72","64","8","6","153","174","8"
"2020/2021","Female","all","NECO","College of Education","ward","Ardo Kola","North East","Taraba","Ardo Kola","Ardo Kola","","141","139","92","42","38","4","2","47","51","4"
"2020/2021","Female","all","NECO","College of Education","ward","Akate","North East","Taraba","Donga","Akate","","150","148","104","42","38","4","2","44","63","4"
"2020/2021","Female","all","NECO","College of Education","ward","Asibiti","North East","Taraba","Donga","Asibiti","","435","428","269","90","82","8","7","159","179","8"
"2020/2021","Female","all","NECO","College of Education","ward","Bikadarko","North East","Taraba","Donga","Bikadarko","","270","266","179","85","75","10","4","87","95","10"
"2020/2021","Female","all","NECO","College of Education","ward","Abbare Yelwa","North East","Taraba","Jalingo","Abbare Yelwa","","331","326","215","84","68","16","5","111","131","16"
"2020/2021","Female","all","NECO","College of Education","ward","Barade","North East","Taraba","Jalingo","Barade","","126","124","86","35","31","4","2","38","50","4"
"2020/2021","Female","all","NECO","College of Education","ward","Kachalla Sembe","North East","Taraba","Jalingo","Kachalla Sembe","","322","318","200","66","57","9","4","118","135","9"
"2020/2021","Female","all","NECO","College of Education","ward","Gembu 'A'","North East","Taraba","Sardauna","Gembu 'A'","","358","352","226","83","75","8","6","126","143","8"
"2020/2021","Female","all","NECO","College of Education","ward","Gembu 'B'","North East","Taraba","Sardauna","Gembu 'B'","","441","435","299","126","113","14","6","136","173","14"
"2020/2021","Female","all","NECO","College of Education","ward","Kabri","North East","Taraba","Sardauna","Kabri","","336","331","220","91","76","15","5","111","130","15"
"2020/2021","Female","all","NECO","College of Education","ward","Akwana","North East","Taraba","Wukari","Akwana","","126","124","83","35","31","4","2","41","47","4"
"2020/2021","Female","all","NECO","College of Education","ward","Avyi","North East","Taraba","Wukari","Avyi","","434","428","295","114","107","8","6","133","180","8"
"2020/2021","Female","all","NECO","College of Education","ward","Bantaje","North East","Taraba","Wukari","Bantaje","","300","296","199","77","69","9","4","97","121","9"
"2020/2021","Female","all","NECO","Polytechnic","ward","Alim-Gora","North East","Taraba","Ardo Kola","Alim-Gora","","247","243","166","71","63","8","4","77","95","8"
"2020/2021","Female","all","NECO","Polytechnic","ward","Ardo Kola","North East","Taraba","Ardo Kola","Ardo Kola","","445","439","290","102","94","8","6","149","188","8"
"2020/2021","Female","all","NECO","Polytechnic","ward","Iware","North East","Taraba","Ardo Kola","Iware","","234","231","162","72","63","9","3","69","91","9"
"2020/2021","Female","all","NECO","Polytechnic","ward","Akate","North East","Taraba","Donga","Akate","","326","321","210","83","69","14","5","111","127","14"
"2020/2021","Female","all","NECO","Polytechnic","ward","Asibiti","North East","Taraba","Donga","Asibiti","","272","268","168","54","51","4","4","100","115","4"
"2020/2021","Female","all","NECO","Polytechnic","ward","Bikadarko","North East","Taraba","Donga","Bikadarko","","609","600","377","132","119","13","9","223","245","13"
"2020/2021","Female","all","NECO","Polytechnic","ward","Barade","North East","Taraba","Jalingo","Barade","","238","234","144","54","44","10","4","90","91","10"
"2020/2021","Female","all","NECO","Polytechnic","ward","Gembu 'B'","North East","Taraba","Sardauna","Gembu 'B'","","207","204","133","42","38","4","3","71","91","4"
"2020/2021","Female","all","NECO","Polytechnic","ward","Kabri","North East","Taraba","Sardauna","Kabri","","406","400","275","103","89","14","6","125","173","14"
"2020/2021","Female","all","NECO","Polytechnic","ward","Akwana","North East","Taraba","Wukari","Akwana","","339","334","222","89","81","9","5","112","132","9"
"2020/2021","Female","all","NECO","Polytechnic","ward","Avyi","North East","Taraba","Wukari","Avyi","","297","293","194","84","75","9","4","99","109","9"
"2020/2021","Female","all","NECO","Polytechnic","ward","Bantaje","North East","Taraba","Wukari","Bantaje","","147","145","98","42","38","4","2","47","57","4"
"2020/2021","Female","all","NECO","University","ward","Ardo Kola","North East","Taraba","Ardo Kola","Ardo Kola","","193","190","124","42","38","4","3","66","82","4"
"2020/2021","Female","all","NECO","University","ward","Iware","North East","Taraba","Ardo Kola","Iware","","193","191","121","48","38","10","2","70","74","10"
"2020/2021","Female","all","NECO","University","ward","Abbare Yelwa","North East","Taraba","Jalingo","Abbare Yelwa","","274","270","176","65","56","9","4","94","111","9"
"2020/2021","Female","all","NECO","University","ward","Barade","North East","Taraba","Jalingo","Barade","","516","509","339","109","95","14","7","170","230","14"
"2020/2021","Female","all","NECO","University","ward","Kachalla Sembe","North East","Taraba","Jalingo","Kachalla Sembe","","426","420","272","96","88","8","6","148","177","8"
"2020/2021","Female","all","NECO","University","ward","Gembu 'A'","North East","Taraba","Sardauna","Gembu 'A'","","237","233","156","71","62","9","4","77","84","9"
"2020/2021","Female","all","NECO","University","ward","Akwana","North East","Taraba","Wukari","Akwana","","83","82","54","18","13","5","1","28","37","5"
"2020/2021","Female","all","NECO","University","ward","Bantaje","North East","Taraba","Wukari","Bantaje","","132","130","89","30","25","5","2","41","59","5"
"2020/2021","Female","all","WAEC","College of Education","ward","Alim-Gora","North East","Taraba","Ardo Kola","Alim-Gora","","529","522","316","101","92","9","7","206","216","9"
"2020/2021","Female","all","WAEC","College of Education","ward","Ardo Kola","North East","Taraba","Ardo Kola","Ardo Kola","","158","156","108","44","42","2","2","48","63","2"
"2020/2021","Female","all","WAEC","College of Education","ward","Akate","North East","Taraba","Donga","Akate","","190","187","132","61","54","7","3","55","72","7"
"2020/2021","Female","all","WAEC","College of Education","ward","Asibiti","North East","Taraba","Donga","Asibiti","","607","598","393","137","119","18","9","205","257","18"
"2020/2021","Female","all","WAEC","College of Education","ward","Bikadarko","North East","Taraba","Donga","Bikadarko","","330","325","212","86","76","10","5","113","127","10"
"2020/2021","Female","all","WAEC","College of Education","ward","Abbare Yelwa","North East","Taraba","Jalingo","Abbare Yelwa","","392","386","252","96","87","9","6","134","156","9"
"2020/2021","Female","all","WAEC","College of Education","ward","Barade","North East","Taraba","Jalingo","Barade","","155","153","100","44","42","2","2","53","55","2"
"2020/2021","Female","all","WAEC","College of Education","ward","Kachalla Sembe","North East","Taraba","Jalingo","Kachalla Sembe","","365","359","223","75","71","4","6","136","149","4"
"2020/2021","Female","all","WAEC","College of Education","ward","Gembu 'A'","North East","Taraba","Sardauna","Gembu 'A'","","440","434","279","106","92","14","6","155","173","14"
"2020/2021","Female","all","WAEC","College of Education","ward","Gembu 'B'","North East","Taraba","Sardauna","Gembu 'B'","","590","581","391","151","135","16","9","190","240","16"
"2020/2021","Female","all","WAEC","College of Education","ward","Kabri","North East","Taraba","Sardauna","Kabri","","465","458","294","115","102","13","7","164","179","13"
"2020/2021","Female","all","WAEC","College of Education","ward","Akwana","North East","Taraba","Wukari","Akwana","","164","162","106","45","38","7","2","56","62","7"
"2020/2021","Female","all","WAEC","College of Education","ward","Avyi","North East","Taraba","Wukari","Avyi","","566","558","363","147","130","17","8","195","217","17"
"2020/2021","Female","all","WAEC","College of Education","ward","Bantaje","North East","Taraba","Wukari","Bantaje","","417","411","275","110","96","14","6","136","165","14"
"2020/2021","Female","all","WAEC","Polytechnic","ward","Alim-Gora","North East","Taraba","Ardo Kola","Alim-Gora","","339","334","222","90","86","4","5","112","132","4"
"2020/2021","Female","all","WAEC","Polytechnic","ward","Ardo Kola","North East","Taraba","Ardo Kola","Ardo Kola","","555","547","366","127","114","13","8","181","240","13"
"2020/2021","Female","all","WAEC","Polytechnic","ward","Iware","North East","Taraba","Ardo Kola","Iware","","321","316","226","100","91","9","5","90","125","9"
"2020/2021","Female","all","WAEC","Polytechnic","ward","Akate","North East","Taraba","Donga","Akate","","434","428","278","105","98","7","6","150","173","7"
"2020/2021","Female","all","WAEC","Polytechnic","ward","Asibiti","North East","Taraba","Donga","Asibiti","","351","346","225","75","65","10","5","121","150","10"
"2020/2021","Female","all","WAEC","Polytechnic","ward","Bikadarko","North East","Taraba","Donga","Bikadarko","","816","804","529","197","179","18","12","275","333","18"
"2020/2021","Female","all","WAEC","Polytechnic","ward","Barade","North East","Taraba","Jalingo","Barade","","335","330","209","81","76","5","5","121","128","5"
"2020/2021","Female","all","WAEC","Polytechnic","ward","Gembu 'B'","North East","Taraba","Sardauna","Gembu 'B'","","258","254","167","56","49","7","4","87","111","7"
"2020/2021","Female","all","WAEC","Polytechnic","ward","Kabri","North East","Taraba","Sardauna","Kabri","","473","466","310","121","114","7","7","156","190","7"
"2020/2021","Female","all","WAEC","Polytechnic","ward","Akwana","North East","Taraba","Wukari","Akwana","","420","414","284","110","103","8","6","130","173","8"
"2020/2021","Female","all","WAEC","Polytechnic","ward","Avyi","North East","Taraba","Wukari","Avyi","","432","426","281","115","103","13","6","145","165","13"
"2020/2021","Female","all","WAEC","Polytechnic","ward","Bantaje","North East","Taraba","Wukari","Bantaje","","179","176","119","45","38","7","3","57","75","7"
"2020/2021","Female","all","WAEC","University","ward","Ardo Kola","North East","Taraba","Ardo Kola","Ardo Kola","","287","283","188","76","70","6","4","95","113","6"
"2020/2021","Female","all","WAEC","University","ward","Iware","North East","Taraba","Ardo Kola","Iware","","258","254","170","60","54","6","4","84","110","6"
"2020/2021","Female","all","WAEC","University","ward","Abbare Yelwa","North East","Taraba","Jalingo","Abbare Yelwa","","377","371","238","84","75","9","6","133","154","9"
"2020/2021","Female","all","WAEC","University","ward","Barade","North East","Taraba","Jalingo","Barade","","624","615","403","146","130","16","9","212","258","16"
"2020/2021","Female","all","WAEC","University","ward","Kachalla Sembe","North East","Taraba","Jalingo","Kachalla Sembe","","585","577","379","131","119","12","8","198","248","12"
"2020/2021","Female","all","WAEC","University","ward","Gembu 'A'","North East","Taraba","Sardauna","Gembu 'A'","","297","293","191","65","60","5","4","102","126","5"
"2020/2021","Female","all","WAEC","University","ward","Akwana","North East","Taraba","Wukari","Akwana","","98","97","68","30","27","3","1","29","39","3"
"2020/2021","Female","all","WAEC","University","ward","Bantaje","North East","Taraba","Wukari","Bantaje","","183","180","123","45","43","2","3","57","78","2"
"2020/2021","Female","disabled","NABTEB","College of Education","ward","Alim-Gora","North East","Taraba","Ardo Kola","Alim-Gora","","24","24","14","0","0","0","0","10","14","0"
"2020/2021","Female","disabled","NABTEB","College of Education","ward","Ardo Kola","North East","Taraba","Ardo Kola","Ardo Kola","","10","10","6","6","7","0","0","4","0","0"
"2020/2021","Female","disabled","NABTEB","College of Education","ward","Akate","North East","Taraba","Donga","Akate","","10","10","6","6","7","0","0","4","0","0"
"2020/2021","Female","disabled","NABTEB","College of Education","ward","Asibiti","North East","Taraba","Donga","Asibiti","","21","21","13","0","0","0","0","8","13","0"
"2020/2021","Female","disabled","NABTEB","College of Education","ward","Bikadarko","North East","Taraba","Donga","Bikadarko","","10","10","6","6","7","0","0","4","0","0"
"2020/2021","Female","disabled","NABTEB","College of Education","ward","Abbare Yelwa","North East","Taraba","Jalingo","Abbare Yelwa","","24","24","14","0","0","0","0","10","14","0"
"2020/2021","Female","disabled","NABTEB","College of Education","ward","Barade","North East","Taraba","Jalingo","Barade","","10","10","6","6","7","0","0","4","0","0"
"2020/2021","Female","disabled","NABTEB","College of Education","ward","Kachalla Sembe","North East","Taraba","Jalingo","Kachalla Sembe","","21","21","11","0","0","0","0","10","11","0"
"2020/2021","Female","disabled","NABTEB","College of Education","ward","Gembu 'A'","North East","Taraba","Sardauna","Gembu 'A'","","21","21","11","7","8","0","0","10","6","0"
"2020/2021","Female","disabled","NABTEB","College of Education","ward","Gembu 'B'","North East","Taraba","Sardauna","Gembu 'B'","","34","34","21","7","8","0","0","13","15","0"
"2020/2021","Female","disabled","NABTEB","College of Education","ward","Kabri","North East","Taraba","Sardauna","Kabri","","23","23","16","0","0","0","0","7","16","0"
"2020/2021","Female","disabled","NABTEB","College of Education","ward","Akwana","North East","Taraba","Wukari","Akwana","","10","10","6","0","0","0","0","4","6","0"
"2020/2021","Female","disabled","NABTEB","College of Education","ward","Avyi","North East","Taraba","Wukari","Avyi","","26","26","13","7","8","0","0","13","7","0"
"2020/2021","Female","disabled","NABTEB","College of Education","ward","Bantaje","North East","Taraba","Wukari","Bantaje","","21","21","13","7","8","0","0","8","7","0"
"2020/2021","Female","disabled","NABTEB","Polytechnic","ward","Alim-Gora","North East","Taraba","Ardo Kola","Alim-Gora","","21","21","13","13","15","0","0","8","0","0"
"2020/2021","Female","disabled","NABTEB","Polytechnic","ward","Ardo Kola","North East","Taraba","Ardo Kola","Ardo Kola","","23","23","13","0","0","0","0","10","13","0"
"2020/2021","Female","disabled","NABTEB","Polytechnic","ward","Iware","North East","Taraba","Ardo Kola","Iware","","21","21","13","13","15","0","0","8","0","0"
"2020/2021","Female","disabled","NABTEB","Polytechnic","ward","Akate","North East","Taraba","Donga","Akate","","32","32","20","0","0","0","0","12","20","0"
"2020/2021","Female","disabled","NABTEB","Polytechnic","ward","Asibiti","North East","Taraba","Donga","Asibiti","","21","21","13","0","0","0","0","8","13","0"
"2020/2021","Female","disabled","NABTEB","Polytechnic","ward","Bikadarko","North East","Taraba","Donga","Bikadarko","","35","35","24","7","8","0","0","11","17","0"
"2020/2021","Female","disabled","NABTEB","Polytechnic","ward","Barade","North East","Taraba","Jalingo","Barade","","16","16","10","0","0","0","0","6","10","0"
"2020/2021","Female","disabled","NABTEB","Polytechnic","ward","Gembu 'B'","North East","Taraba","Sardauna","Gembu 'B'","","13","13","7","0","0","0","0","6","7","0"
"2020/2021","Female","disabled","NABTEB","Polytechnic","ward","Kabri","North East","Taraba","Sardauna","Kabri","","26","26","15","0","0","0","0","11","15","0"
"2020/2021","Female","disabled","NABTEB","Polytechnic","ward","Akwana","North East","Taraba","Wukari","Akwana","","27","27","16","7","8","0","0","11","10","0"
"2020/2021","Female","disabled","NABTEB","Polytechnic","ward","Avyi","North East","Taraba","Wukari","Avyi","","26","26","16","13","15","0","0","10","3","0"
"2020/2021","Female","disabled","NABTEB","Polytechnic","ward","Bantaje","North East","Taraba","Wukari","Bantaje","","10","10","6","0","0","0","0","4","6","0"
"2020/2021","Female","disabled","NABTEB","University","ward","Ardo Kola","North East","Taraba","Ardo Kola","Ardo Kola","","10","10","6","0","0","0","0","4","6","0"
"2020/2021","Female","disabled","NABTEB","University","ward","Iware","North East","Taraba","Ardo Kola","Iware","","21","21","13","0","0","0","0","8","13","0"
"2020/2021","Female","disabled","NABTEB","University","ward","Abbare Yelwa","North East","Taraba","Jalingo","Abbare Yelwa","","21","21","13","0","0","0","0","8","13","0"
"2020/2021","Female","disabled","NABTEB","University","ward","Barade","North East","Taraba","Jalingo","Barade","","29","29","17","0","0","0","0","12","17","0"
"2020/2021","Female","disabled","NABTEB","University","ward","Kachalla Sembe","North East","Taraba","Jalingo","Kachalla Sembe","","29","29","20","7","8","0","0","9","13","0"
"2020/2021","Female","disabled","NABTEB","University","ward","Gembu 'A'","North East","Taraba","Sardauna","Gembu 'A'","","21","21","12","0","0","0","0","9","12","0"
"2020/2021","Female","disabled","NABTEB","University","ward","Akwana","North East","Taraba","Wukari","Akwana","","10","10","5","6","7","0","0","5","0","0"
"2020/2021","Female","disabled","NABTEB","University","ward","Bantaje","North East","Taraba","Wukari","Bantaje","","10","10","6","0","0","0","0","4","6","0"
"2020/2021","Female","disabled","NECO","College of Education","ward","Alim-Gora","North East","Taraba","Ardo Kola","Alim-Gora","","50","50","27","6","6","0","0","23","21","0"
"2020/2021","Female","disabled","NECO","College of Education","ward","Ardo Kola","North East","Taraba","Ardo Kola","Ardo Kola","","14","14","9","6","6","0","0","5","3","0"
"2020/2021","Female","disabled","NECO","College of Education","ward","Akate","North East","Taraba","Donga","Akate","","11","11","8","6","6","0","0","3","3","0"
"2020/2021","Female","disabled","NECO","College of Education","ward","Asibiti","North East","Taraba","Donga","Asibiti","","43","43","27","6","6","0","0","16","21","0"
"2020/2021","Female","disabled","NECO","College of Education","ward","Bikadarko","North East","Taraba","Donga","Bikadarko","","19","19","11","6","6","0","0","8","6","0"
"2020/2021","Female","disabled","NECO","College of Education","ward","Abbare Yelwa","North East","Taraba","Jalingo","Abbare Yelwa","","34","34","20","6","6","0","0","14","15","0"
"2020/2021","Female","disabled","NECO","College of Education","ward","Barade","North East","Taraba","Jalingo","Barade","","17","17","12","6","6","0","0","5","6","0"
"2020/2021","Female","disabled","NECO","College of Education","ward","Kachalla Sembe","North East","Taraba","Jalingo","Kachalla Sembe","","40","40","24","6","6","0","0","16","18","0"
"2020/2021","Female","disabled","NECO","College of Education","ward","Gembu 'A'","North East","Taraba","Sardauna","Gembu 'A'","","37","37","24","6","6","0","0","13","18","0"
"2020/2021","Female","disabled","NECO","College of Education","ward","Gembu 'B'","North East","Taraba","Sardauna","Gembu 'B'","","48","48","32","18","18","0","0","16","14","0"
"2020/2021","Female","disabled","NECO","College of Education","ward","Kabri","North East","Taraba","Sardauna","Kabri","","37","37","20","6","6","0","0","17","15","0"
"2020/2021","Female","disabled","NECO","College of Education","ward","Akwana","North East","Taraba","Wukari","Akwana","","14","14","9","6","6","0","0","5","3","0"
"2020/2021","Female","disabled","NECO","College of Education","ward","Avyi","North East","Taraba","Wukari","Avyi","","57","57","33","12","12","0","0","24","22","0"
"2020/2021","Female","disabled","NECO","College of Education","ward","Bantaje","North East","Taraba","Wukari","Bantaje","","28","28","18","12","12","0","0","10","6","0"
"2020/2021","Female","disabled","NECO","Polytechnic","ward","Alim-Gora","North East","Taraba","Ardo Kola","Alim-Gora","","25","25","15","12","12","0","0","10","3","0"
"2020/2021","Female","disabled","NECO","Polytechnic","ward","Ardo Kola","North East","Taraba","Ardo Kola","Ardo Kola","","45","45","28","12","12","0","0","17","17","0"
"2020/2021","Female","disabled","NECO","Polytechnic","ward","Iware","North East","Taraba","Ardo Kola","Iware","","31","31","24","12","12","0","0","7","12","0"
"2020/2021","Female","disabled","NECO","Polytechnic","ward","Akate","North East","Taraba","Donga","Akate","","39","39","24","12","12","0","0","15","12","0"
"2020/2021","Female","disabled","NECO","Polytechnic","ward","Asibiti","North East","Taraba","Donga","Asibiti","","31","31","17","6","6","0","0","14","12","0"
"2020/2021","Female","disabled","NECO","Polytechnic","ward","Bikadarko","North East","Taraba","Donga","Bikadarko","","63","63","36","12","12","0","0","27","24","0"
"2020/2021","Female","disabled","NECO","Polytechnic","ward","Barade","North East","Taraba","Jalingo","Barade","","28","28","16","6","6","0","0","12","11","0"
"2020/2021","Female","disabled","NECO","Polytechnic","ward","Gembu 'B'","North East","Taraba","Sardauna","Gembu 'B'","","23","23","15","0","0","0","0","8","15","0"
"2020/2021","Female","disabled","NECO","Polytechnic","ward","Kabri","North East","Taraba","Sardauna","Kabri","","44","44","25","6","6","0","0","19","19","0"
"2020/2021","Female","disabled","NECO","Polytechnic","ward","Akwana","North East","Taraba","Wukari","Akwana","","42","42","28","11","11","0","0","14","16","0"
"2020/2021","Female","disabled","NECO","Polytechnic","ward","Avyi","North East","Taraba","Wukari","Avyi","","40","40","23","12","12","0","0","17","11","0"
"2020/2021","Female","disabled","NECO","Polytechnic","ward","Bantaje","North East","Taraba","Wukari","Bantaje","","14","14","9","6","6","0","0","5","3","0"
"2020/2021","Female","disabled","NECO","University","ward","Ardo Kola","North East","Taraba","Ardo Kola","Ardo Kola","","20","20","12","0","0","0","0","8","12","0"
"2020/2021","Female","disabled","NECO","University","ward","Iware","North East","Taraba","Ardo Kola","Iware","","22","22","12","6","6","0","0","10","6","0"
"2020/2021","Female","disabled","NECO","University","ward","Abbare Yelwa","North East","Taraba","Jalingo","Abbare Yelwa","","31","31","21","12","12","0","0","10","9","0"
"2020/2021","Female","disabled","NECO","University","ward","Barade","North East","Taraba","Jalingo","Barade","","60","60","36","12","12","0","0","24","25","0"
"2020/2021","Female","disabled","NECO","University","ward","Kachalla Sembe","North East","Taraba","Jalingo","Kachalla Sembe","","51","51","27","6","6","0","0","24","22","0"
"2020/2021","Female","disabled","NECO","University","ward","Gembu 'A'","North East","Taraba","Sardauna","Gembu 'A'","","26","26","18","12","12","0","0","8","6","0"
"2020/2021","Female","disabled","NECO","University","ward","Akwana","North East","Taraba","Wukari","Akwana","","11","11","6","0","0","0","0","6","6","0"
"2020/2021","Female","disabled","NECO","University","ward","Bantaje","North East","Taraba","Wukari","Bantaje","","11","11","6","0","0","0","0","6","6","0"
"2020/2021","Female","disabled","WAEC","College of Education","ward","Alim-Gora","North East","Taraba","Ardo Kola","Alim-Gora","","56","56","32","10","10","0","0","24","22","0"
"2020/2021","Female","disabled","WAEC","College of Education","ward","Ardo Kola","North East","Taraba","Ardo Kola","Ardo Kola","","16","16","10","5","5","0","0","6","6","0"
"2020/2021","Female","disabled","WAEC","College of Education","ward","Akate","North East","Taraba","Donga","Akate","","17","17","11","5","6","0","0","6","6","0"
"2020/2021","Female","disabled","WAEC","College of Education","ward","Asibiti","North East","Taraba","Donga","Asibiti","","53","53","32","10","12","0","0","21","22","0"
"2020/2021","Female","disabled","WAEC","College of Education","ward","Bikadarko","North East","Taraba","Donga","Bikadarko","","25","25","16","5","6","0","0","9","11","0"
"2020/2021","Female","disabled","WAEC","College of Education","ward","Abbare Yelwa","North East","Taraba","Jalingo","Abbare Yelwa","","42","42","24","10","12","0","0","18","14","0"
"2020/2021","Female","disabled","WAEC","College of Education","ward","Barade","North East","Taraba","Jalingo","Barade","","19","19","12","5","6","0","0","7","8","0"
"2020/2021","Female","disabled","WAEC","College of Education","ward","Kachalla Sembe","North East","Taraba","Jalingo","Kachalla Sembe","","53","53","32","10","10","0","0","21","22","0"
"2020/2021","Female","disabled","WAEC","College of Education","ward","Gembu 'A'","North East","Taraba","Sardauna","Gembu 'A'","","47","47","28","10","10","0","0","19","19","0"
"2020/2021","Female","disabled","WAEC","College of Education","ward","Gembu 'B'","North East","Taraba","Sardauna","Gembu 'B'","","59","59","38","15","15","0","0","21","23","0"
"2020/2021","Female","disabled","WAEC","College of Education","ward","Kabri","North East","Taraba","Sardauna","Kabri","","54","53","32","15","16","0","1","21","17","0"
"2020/2021","Female","disabled","WAEC","College of Education","ward","Akwana","North East","Taraba","Wukari","Akwana","","19","19","12","5","5","0","0","7","8","0"
"2020/2021","Female","disabled","WAEC","College of Education","ward","Avyi","North East","Taraba","Wukari","Avyi","","72","70","41","15","16","0","2","29","27","0"
"2020/2021","Female","disabled","WAEC","College of Education","ward","Bantaje","North East","Taraba","Wukari","Bantaje","","39","39","24","10","10","0","0","15","14","0"
"2020/2021","Female","disabled","WAEC","Polytechnic","ward","Alim-Gora","North East","Taraba","Ardo Kola","Alim-Gora","","34","34","21","10","10","0","0","13","11","0"
"2020/2021","Female","disabled","WAEC","Polytechnic","ward","Ardo Kola","North East","Taraba","Ardo Kola","Ardo Kola","","55","55","34","10","10","0","0","21","25","0"
"2020/2021","Female","disabled","WAEC","Polytechnic","ward","Iware","North East","Taraba","Ardo Kola","Iware","","39","39","27","10","11","0","0","12","17","0"
"2020/2021","Female","disabled","WAEC","Polytechnic","ward","Akate","North East","Taraba","Donga","Akate","","51","51","33","10","12","0","0","18","23","0"
"2020/2021","Female","disabled","WAEC","Polytechnic","ward","Asibiti","North East","Taraba","Donga","Asibiti","","39","39","24","5","5","0","0","15","19","0"
"2020/2021","Female","disabled","WAEC","Polytechnic","ward","Bikadarko","North East","Taraba","Donga","Bikadarko","","81","81","48","15","17","0","0","33","33","0"
"2020/2021","Female","disabled","WAEC","Polytechnic","ward","Barade","North East","Taraba","Jalingo","Barade","","43","42","27","10","11","0","1","15","17","0"
"2020/2021","Female","disabled","WAEC","Polytechnic","ward","Gembu 'B'","North East","Taraba","Sardauna","Gembu 'B'","","25","25","16","5","5","0","0","9","11","0"
"2020/2021","Female","disabled","WAEC","Polytechnic","ward","Kabri","North East","Taraba","Sardauna","Kabri","","60","59","38","15","16","0","1","21","23","0"
"2020/2021","Female","disabled","WAEC","Polytechnic","ward","Akwana","North East","Taraba","Wukari","Akwana","","57","56","35","15","16","0","1","21","20","0"
"2020/2021","Female","disabled","WAEC","Polytechnic","ward","Avyi","North East","Taraba","Wukari","Avyi","","56","55","34","14","15","0","1","21","19","0"
"2020/2021","Female","disabled","WAEC","Polytechnic","ward","Bantaje","North East","Taraba","Wukari","Bantaje","","17","17","11","5","5","0","0","6","6","0"
"2020/2021","Female","disabled","WAEC","University","ward","Ardo Kola","North East","Taraba","Ardo Kola","Ardo Kola","","30","30","20","10","11","0","0","10","11","0"
"2020/2021","Female","disabled","WAEC","University","ward","Iware","North East","Taraba","Ardo Kola","Iware","","22","22","13","10","11","0","0","9","3","0"
"2020/2021","Female","disabled","WAEC","University","ward","Abbare Yelwa","North East","Taraba","Jalingo","Abbare Yelwa","","42","42","25","10","12","0","0","17","16","0"
"2020/2021","Female","disabled","WAEC","University","ward","Barade","North East","Taraba","Jalingo","Barade","","68","67","42","10","12","0","1","25","33","0"
"2020/2021","Female","disabled","WAEC","University","ward","Kachalla Sembe","North East","Taraba","Jalingo","Kachalla Sembe","","78","76","48","10","10","0","2","28","38","0"
"2020/2021","Female","disabled","WAEC","University","ward","Gembu 'A'","North East","Taraba","Sardauna","Gembu 'A'","","31","31","19","5","5","0","0","12","14","0"
"2020/2021","Female","disabled","WAEC","University","ward","Akwana","North East","Taraba","Wukari","Akwana","","11","11","8","5","5","0","0","3","3","0"
"2020/2021","Female","disabled","WAEC","University","ward","Bantaje","North East","Taraba","Wukari","Bantaje","","16","16","10","5","5","0","0","6","6","0"
"2020/2021","Male","all","NABTEB","College of Education","ward","Alim-Gora","North East","Taraba","Ardo Kola","Alim-Gora","","235","231","148","44","32","12","4","83","104","12"
"2020/2021","Male","all","NABTEB","College of Education","ward","Ardo Kola","North East","Taraba","Ardo Kola","Ardo Kola","","80","79","52","15","16","0","1","27","38","0"
"2020/2021","Male","all","NABTEB","College of Education","ward","Akate","North East","Taraba","Donga","Akate","","83","82","58","22","23","0","1","24","37","0"
"2020/2021","Male","all","NABTEB","College of Education","ward","Asibiti","North East","Taraba","Donga","Asibiti","","247","243","154","44","31","13","4","89","111","13"
"2020/2021","Male","all","NABTEB","College of Education","ward","Bikadarko","North East","Taraba","Donga","Bikadarko","","113","111","75","28","30","0","2","36","46","0"
"2020/2021","Male","all","NABTEB","College of Education","ward","Abbare Yelwa","North East","Taraba","Jalingo","Abbare Yelwa","","184","181","118","44","46","0","3","63","75","0"
"2020/2021","Male","all","NABTEB","College of Education","ward","Barade","North East","Taraba","Jalingo","Barade","","72","71","48","15","16","0","1","23","34","0"
"2020/2021","Male","all","NABTEB","College of Education","ward","Kachalla Sembe","North East","Taraba","Jalingo","Kachalla Sembe","","166","164","108","30","31","0","2","56","78","0"
"2020/2021","Male","all","NABTEB","College of Education","ward","Gembu 'A'","North East","Taraba","Sardauna","Gembu 'A'","","191","188","120","36","30","7","3","68","84","7"
"2020/2021","Male","all","NABTEB","College of Education","ward","Gembu 'B'","North East","Taraba","Sardauna","Gembu 'B'","","286","282","185","58","53","6","4","97","127","6"
"2020/2021","Male","all","NABTEB","College of Education","ward","Kabri","North East","Taraba","Sardauna","Kabri","","151","149","104","29","23","7","2","45","75","7"
"2020/2021","Male","all","NABTEB","College of Education","ward","Akwana","North East","Taraba","Wukari","Akwana","","86","85","58","15","15","0","1","27","43","0"
"2020/2021","Male","all","NABTEB","College of Education","ward","Avyi","North East","Taraba","Wukari","Avyi","","243","239","159","65","53","12","4","80","94","12"
"2020/2021","Male","all","NABTEB","College of Education","ward","Bantaje","North East","Taraba","Wukari","Bantaje","","164","161","105","37","30","7","3","56","68","7"
"2020/2021","Male","all","NABTEB","Polytechnic","ward","Alim-Gora","North East","Taraba","Ardo Kola","Alim-Gora","","148","146","101","37","39","0","2","45","65","0"
"2020/2021","Male","all","NABTEB","Polytechnic","ward","Ardo Kola","North East","Taraba","Ardo Kola","Ardo Kola","","284","280","184","59","46","13","4","96","125","13"
"2020/2021","Male","all","NABTEB","Polytechnic","ward","Iware","North East","Taraba","Ardo Kola","Iware","","137","135","88","37","32","6","2","47","52","6"
"2020/2021","Male","all","NABTEB","Polytechnic","ward","Akate","North East","Taraba","Donga","Akate","","212","209","140","37","40","0","3","69","103","0"
"2020/2021","Male","all","NABTEB","Polytechnic","ward","Asibiti","North East","Taraba","Donga","Asibiti","","154","152","94","22","24","0","2","58","73","0"
"2020/2021","Male","all","NABTEB","Polytechnic","ward","Bikadarko","North East","Taraba","Donga","Bikadarko","","339","334","220","66","61","6","5","114","155","6"
"2020/2021","Male","all","NABTEB","Polytechnic","ward","Barade","North East","Taraba","Jalingo","Barade","","132","130","88","29","23","6","2","42","59","6"
"2020/2021","Male","all","NABTEB","Polytechnic","ward","Gembu 'B'","North East","Taraba","Sardauna","Gembu 'B'","","138","136","85","22","15","7","2","51","64","7"
"2020/2021","Male","all","NABTEB","Polytechnic","ward","Kabri","North East","Taraba","Sardauna","Kabri","","200","197","127","51","46","6","3","70","75","6"
"2020/2021","Male","all","NABTEB","Polytechnic","ward","Akwana","North East","Taraba","Wukari","Akwana","","192","189","124","44","38","7","3","65","81","7"
"2020/2021","Male","all","NABTEB","Polytechnic","ward","Avyi","North East","Taraba","Wukari","Avyi","","191","188","131","51","46","6","3","57","79","6"
"2020/2021","Male","all","NABTEB","Polytechnic","ward","Bantaje","North East","Taraba","Wukari","Bantaje","","80","79","48","15","15","0","1","31","34","0"
"2020/2021","Male","all","NABTEB","University","ward","Ardo Kola","North East","Taraba","Ardo Kola","Ardo Kola","","109","107","76","22","23","0","2","31","54","0"
"2020/2021","Male","all","NABTEB","University","ward","Iware","North East","Taraba","Ardo Kola","Iware","","122","120","75","22","24","0","2","45","53","0"
"2020/2021","Male","all","NABTEB","University","ward","Abbare Yelwa","North East","Taraba","Jalingo","Abbare Yelwa","","172","169","112","37","31","7","3","57","75","7"
"2020/2021","Male","all","NABTEB","University","ward","Barade","North East","Taraba","Jalingo","Barade","","245","241","145","37","32","6","4","96","108","6"
"2020/2021","Male","all","NABTEB","University","ward","Kachalla Sembe","North East","Taraba","Jalingo","Kachalla Sembe","","293","289","180","51","39","12","4","109","130","12"
"2020/2021","Male","all","NABTEB","University","ward","Gembu 'A'","North East","Taraba","Sardauna","Gembu 'A'","","143","141","91","30","30","0","2","50","62","0"
"2020/2021","Male","all","NABTEB","University","ward","Akwana","North East","Taraba","Wukari","Akwana","","56","55","38","15","15","0","1","17","24","0"
"2020/2021","Male","all","NABTEB","University","ward","Bantaje","North East","Taraba","Wukari","Bantaje","","74","73","48","15","15","0","1","25","33","0"
"2020/2021","Male","all","NECO","College of Education","ward","Alim-Gora","North East","Taraba","Ardo Kola","Alim-Gora","","464","457","299","84","76","8","7","158","215","8"
"2020/2021","Male","all","NECO","College of Education","ward","Ardo Kola","North East","Taraba","Ardo Kola","Ardo Kola","","147","145","98","36","32","4","2","47","63","4"
"2020/2021","Male","all","NECO","College of Education","ward","Akate","North East","Taraba","Donga","Akate","","173","170","118","54","49","5","3","52","63","5"
"2020/2021","Male","all","NECO","College of Education","ward","Asibiti","North East","Taraba","Donga","Asibiti","","435","428","278","78","70","8","7","150","200","8"
"2020/2021","Male","all","NECO","College of Education","ward","Bikadarko","North East","Taraba","Donga","Bikadarko","","247","243","159","61","57","4","4","84","99","4"
"2020/2021","Male","all","NECO","College of Education","ward","Abbare Yelwa","North East","Taraba","Jalingo","Abbare Yelwa","","355","350","234","78","63","15","5","116","156","15"
"2020/2021","Male","all","NECO","College of Education","ward","Barade","North East","Taraba","Jalingo","Barade","","138","136","92","30","25","5","2","44","62","5"
"2020/2021","Male","all","NECO","College of Education","ward","Kachalla Sembe","North East","Taraba","Jalingo","Kachalla Sembe","","327","322","199","60","51","9","5","123","139","9"
"2020/2021","Male","all","NECO","College of Education","ward","Gembu 'A'","North East","Taraba","Sardauna","Gembu 'A'","","359","354","238","78","69","9","5","116","161","9"
"2020/2021","Male","all","NECO","College of Education","ward","Gembu 'B'","North East","Taraba","Sardauna","Gembu 'B'","","538","531","363","133","114","19","7","168","230","19"
"2020/2021","Male","all","NECO","College of Education","ward","Kabri","North East","Taraba","Sardauna","Kabri","","326","321","214","71","62","9","5","107","143","9"
"2020/2021","Male","all","NECO","College of Education","ward","Akwana","North East","Taraba","Wukari","Akwana","","144","142","89","36","31","5","2","53","54","5"
"2020/2021","Male","all","NECO","College of Education","ward","Avyi","North East","Taraba","Wukari","Avyi","","526","518","345","127","113","14","8","173","219","14"
"2020/2021","Male","all","NECO","College of Education","ward","Bantaje","North East","Taraba","Wukari","Bantaje","","257","253","182","77","68","9","4","71","104","9"
"2020/2021","Male","all","NECO","Polytechnic","ward","Alim-Gora","North East","Taraba","Ardo Kola","Alim-Gora","","304","300","203","78","70","8","4","97","126","8"
"2020/2021","Male","all","NECO","Polytechnic","ward","Ardo Kola","North East","Taraba","Ardo Kola","Ardo Kola","","510","502","314","102","94","8","8","188","212","8"
"2020/2021","Male","all","NECO","Polytechnic","ward","Iware","North East","Taraba","Ardo Kola","Iware","","245","242","168","72","63","9","3","74","97","9"
"2020/2021","Male","all","NECO","Polytechnic","ward","Akate","North East","Taraba","Donga","Akate","","366","361","224","77","62","15","5","137","146","15"
"2020/2021","Male","all","NECO","Polytechnic","ward","Asibiti","North East","Taraba","Donga","Asibiti","","301","297","188","54","51","4","4","109","135","4"
"2020/2021","Male","all","NECO","Polytechnic","ward","Bikadarko","North East","Taraba","Donga","Bikadarko","","639","630","412","121","107","15","9","218","291","15"
"2020/2021","Male","all","NECO","Polytechnic","ward","Barade","North East","Taraba","Jalingo","Barade","","241","237","159","54","50","4","4","78","106","4"
"2020/2021","Male","all","NECO","Polytechnic","ward","Gembu 'B'","North East","Taraba","Sardauna","Gembu 'B'","","228","225","136","30","25","5","3","89","107","5"
"2020/2021","Male","all","NECO","Polytechnic","ward","Kabri","North East","Taraba","Sardauna","Kabri","","374","369","237","84","75","9","5","132","154","9"
"2020/2021","Male","all","NECO","Polytechnic","ward","Akwana","North East","Taraba","Wukari","Akwana","","379","373","246","90","81","9","6","127","156","9"
"2020/2021","Male","all","NECO","Polytechnic","ward","Avyi","North East","Taraba","Wukari","Avyi","","329","325","217","85","69","16","4","108","133","16"
"2020/2021","Male","all","NECO","Polytechnic","ward","Bantaje","North East","Taraba","Wukari","Bantaje","","150","148","101","30","25","5","2","47","72","5"
"2020/2021","Male","all","NECO","University","ward","Ardo Kola","North East","Taraba","Ardo Kola","Ardo Kola","","190","187","121","36","32","4","3","66","85","4"
"2020/2021","Male","all","NECO","University","ward","Iware","North East","Taraba","Ardo Kola","Iware","","227","223","143","35","26","10","4","80","108","10"
"2020/2021","Male","all","NECO","University","ward","Abbare Yelwa","North East","Taraba","Jalingo","Abbare Yelwa","","342","337","217","78","69","9","5","120","139","9"
"2020/2021","Male","all","NECO","University","ward","Barade","North East","Taraba","Jalingo","Barade","","506","499","313","96","82","14","7","186","217","14"
"2020/2021","Male","all","NECO","University","ward","Kachalla Sembe","North East","Taraba","Jalingo","Kachalla Sembe","","546","538","350","109","88","21","8","188","242","21"
"2020/2021","Male","all","NECO","University","ward","Gembu 'A'","North East","Taraba","Sardauna","Gembu 'A'","","265","261","167","54","44","10","4","94","113","10"
"2020/2021","Male","all","NECO","University","ward","Akwana","North East","Taraba","Wukari","Akwana","","97","96","60","18","13","5","1","36","43","5"
"2020/2021","Male","all","NECO","University","ward","Bantaje","North East","Taraba","Wukari","Bantaje","","132","130","80","30","25","5","2","50","50","5"
"2020/2021","Male","all","WAEC","College of Education","ward","Alim-Gora","North East","Taraba","Ardo Kola","Alim-Gora","","595","586","361","111","98","13","9","225","251","13"
"2020/2021","Male","all","WAEC","College of Education","ward","Ardo Kola","North East","Taraba","Ardo Kola","Ardo Kola","","161","159","100","35","33","2","2","59","66","2"
"2020/2021","Male","all","WAEC","College of Education","ward","Akate","North East","Taraba","Donga","Akate","","212","209","148","65","59","6","3","61","82","6"
"2020/2021","Male","all","WAEC","College of Education","ward","Asibiti","North East","Taraba","Donga","Asibiti","","613","603","385","132","119","13","10","218","253","13"
"2020/2021","Male","all","WAEC","College of Education","ward","Bikadarko","North East","Taraba","Donga","Bikadarko","","330","325","209","81","76","5","5","116","129","5"
"2020/2021","Male","all","WAEC","College of Education","ward","Abbare Yelwa","North East","Taraba","Jalingo","Abbare Yelwa","","431","424","276","75","65","10","7","148","202","10"
"2020/2021","Male","all","WAEC","College of Education","ward","Barade","North East","Taraba","Jalingo","Barade","","182","179","122","45","43","2","3","57","78","2"
"2020/2021","Male","all","WAEC","College of Education","ward","Kachalla Sembe","North East","Taraba","Jalingo","Kachalla Sembe","","401","395","260","80","70","10","6","135","180","10"
"2020/2021","Male","all","WAEC","College of Education","ward","Gembu 'A'","North East","Taraba","Sardauna","Gembu 'A'","","458","451","298","96","87","9","7","153","202","9"
"2020/2021","Male","all","WAEC","College of Education","ward","Gembu 'B'","North East","Taraba","Sardauna","Gembu 'B'","","698","687","460","171","157","14","11","227","289","14"
"2020/2021","Male","all","WAEC","College of Education","ward","Kabri","North East","Taraba","Sardauna","Kabri","","443","436","280","95","86","9","7","156","185","9"
"2020/2021","Male","all","WAEC","College of Education","ward","Akwana","North East","Taraba","Wukari","Akwana","","210","207","130","45","43","2","3","77","86","2"
"2020/2021","Male","all","WAEC","College of Education","ward","Avyi","North East","Taraba","Wukari","Avyi","","603","594","412","151","135","17","9","182","260","17"
"2020/2021","Male","all","WAEC","College of Education","ward","Bantaje","North East","Taraba","Wukari","Bantaje","","393","387","265","100","92","9","6","122","164","9"
"2020/2021","Male","all","WAEC","Polytechnic","ward","Alim-Gora","North East","Taraba","Ardo Kola","Alim-Gora","","362","356","234","80","76","4","6","122","155","4"
"2020/2021","Male","all","WAEC","Polytechnic","ward","Ardo Kola","North East","Taraba","Ardo Kola","Ardo Kola","","664","654","428","151","136","15","10","226","277","15"
"2020/2021","Male","all","WAEC","Polytechnic","ward","Iware","North East","Taraba","Ardo Kola","Iware","","333","328","234","95","86","9","5","94","139","9"
"2020/2021","Male","all","WAEC","Polytechnic","ward","Akate","North East","Taraba","Donga","Akate","","519","511","331","115","108","7","8","180","216","7"
"2020/2021","Male","all","WAEC","Polytechnic","ward","Asibiti","North East","Taraba","Donga","Asibiti","","370","364","239","75","65","10","6","125","164","10"
"2020/2021","Male","all","WAEC","Polytechnic","ward","Bikadarko","North East","Taraba","Donga","Bikadarko","","855","842","545","182","163","19","13","297","363","19"
"2020/2021","Male","all","WAEC","Polytechnic","ward","Barade","North East","Taraba","Jalingo","Barade","","336","331","207","71","65","6","5","124","137","6"
"2020/2021","Male","all","WAEC","Polytechnic","ward","Gembu 'B'","North East","Taraba","Sardauna","Gembu 'B'","","298","294","188","56","49","7","4","106","133","7"
"2020/2021","Male","all","WAEC","Polytechnic","ward","Kabri","North East","Taraba","Sardauna","Kabri","","470","463","311","106","98","8","7","152","206","8"
"2020/2021","Male","all","WAEC","Polytechnic","ward","Akwana","North East","Taraba","Wukari","Akwana","","510","503","326","111","97","14","7","177","216","14"
"2020/2021","Male","all","WAEC","Polytechnic","ward","Avyi","North East","Taraba","Wukari","Avyi","","443","437","298","120","113","7","6","139","177","7"
"2020/2021","Male","all","WAEC","Polytechnic","ward","Bantaje","North East","Taraba","Wukari","Bantaje","","212","209","143","45","38","7","3","66","98","7"
"2020/2021","Male","all","WAEC","University","ward","Ardo Kola","North East","Taraba","Ardo Kola","Ardo Kola","","272","268","177","66","60","6","4","91","111","6"
"2020/2021","Male","all","WAEC","University","ward","Iware","North East","Taraba","Ardo Kola","Iware","","300","296","185","60","54","6","4","111","125","6"
"2020/2021","Male","all","WAEC","University","ward","Abbare Yelwa","North East","Taraba","Jalingo","Abbare Yelwa","","468","461","289","101","92","9","7","172","189","9"
"2020/2021","Male","all","WAEC","University","ward","Barade","North East","Taraba","Jalingo","Barade","","659","650","408","125","108","18","9","242","283","18"
"2020/2021","Male","all","WAEC","University","ward","Kachalla Sembe","North East","Taraba","Jalingo","Kachalla Sembe","","715","705","447","156","145","11","10","258","291","11"
"2020/2021","Male","all","WAEC","University","ward","Gembu 'A'","North East","Taraba","Sardauna","Gembu 'A'","","351","346","219","74","69","5","5","127","145","5"
"2020/2021","Male","all","WAEC","University","ward","Akwana","North East","Taraba","Wukari","Akwana","","123","121","75","29","26","3","2","46","46","3"
"2020/2021","Male","all","WAEC","University","ward","Bantaje","North East","Taraba","Wukari","Bantaje","","183","180","115","40","38","2","3","65","75","2"
"2020/2021","Male","disabled","NABTEB","College of Education","ward","Alim-Gora","North East","Taraba","Ardo Kola","Alim-Gora","","26","26","14","0","0","0","0","12","14","0"
"2020/2021","Male","disabled","NABTEB","College of Education","ward","Ardo Kola","North East","Taraba","Ardo Kola","Ardo Kola","","10","10","6","0","0","0","0","4","6","0"
"2020/2021","Male","disabled","NABTEB","College of Education","ward","Akate","North East","Taraba","Donga","Akate","","10","10","6","0","0","0","0","4","6","0"
"2020/2021","Male","disabled","NABTEB","College of Education","ward","Asibiti","North East","Taraba","Donga","Asibiti","","24","24","14","0","0","0","0","10","14","0"
"2020/2021","Male","disabled","NABTEB","College of Education","ward","Bikadarko","North East","Taraba","Donga","Bikadarko","","10","10","6","6","7","0","0","4","0","0"
"2020/2021","Male","disabled","NABTEB","College of Education","ward","Abbare Yelwa","North East","Taraba","Jalingo","Abbare Yelwa","","23","23","16","7","8","0","0","7","10","0"
"2020/2021","Male","disabled","NABTEB","College of Education","ward","Barade","North East","Taraba","Jalingo","Barade","","10","10","6","0","0","0","0","4","6","0"
"2020/2021","Male","disabled","NABTEB","College of Education","ward","Kachalla Sembe","North East","Taraba","Jalingo","Kachalla Sembe","","21","21","11","0","0","0","0","10","11","0"
"2020/2021","Male","disabled","NABTEB","College of Education","ward","Gembu 'A'","North East","Taraba","Sardauna","Gembu 'A'","","21","21","11","0","0","0","0","10","11","0"
"2020/2021","Male","disabled","NABTEB","College of Education","ward","Gembu 'B'","North East","Taraba","Sardauna","Gembu 'B'","","40","40","25","7","8","0","0","15","19","0"
"2020/2021","Male","disabled","NABTEB","College of Education","ward","Kabri","North East","Taraba","Sardauna","Kabri","","21","21","13","0","0","0","0","8","13","0"
"2020/2021","Male","disabled","NABTEB","College of Education","ward","Akwana","North East","Taraba","Wukari","Akwana","","10","10","5","0","0","0","0","5","5","0"
"2020/2021","Male","disabled","NABTEB","College of Education","ward","Avyi","North East","Taraba","Wukari","Avyi","","31","31","19","14","16","0","0","12","6","0"
"2020/2021","Male","disabled","NABTEB","College of Education","ward","Bantaje","North East","Taraba","Wukari","Bantaje","","21","21","13","0","0","0","0","8","13","0"
"2020/2021","Male","disabled","NABTEB","Polytechnic","ward","Alim-Gora","North East","Taraba","Ardo Kola","Alim-Gora","","21","21","13","7","8","0","0","8","7","0"
"2020/2021","Male","disabled","NABTEB","Polytechnic","ward","Ardo Kola","North East","Taraba","Ardo Kola","Ardo Kola","","29","29","20","7","8","0","0","9","13","0"
"2020/2021","Male","disabled","NABTEB","Polytechnic","ward","Iware","North East","Taraba","Ardo Kola","Iware","","21","21","13","0","0","0","0","8","13","0"
"2020/2021","Male","disabled","NABTEB","Polytechnic","ward","Akate","North East","Taraba","Donga","Akate","","32","32","20","0","0","0","0","12","20","0"
"2020/2021","Male","disabled","NABTEB","Polytechnic","ward","Asibiti","North East","Taraba","Donga","Asibiti","","21","21","13","0","0","0","0","8","13","0"
"2020/2021","Male","disabled","NABTEB","Polytechnic","ward","Bikadarko","North East","Taraba","Donga","Bikadarko","","35","35","21","0","0","0","0","14","21","0"
"2020/2021","Male","disabled","NABTEB","Polytechnic","ward","Barade","North East","Taraba","Jalingo","Barade","","15","15","9","0","0","0","0","6","9","0"
"2020/2021","Male","disabled","NABTEB","Polytechnic","ward","Gembu 'B'","North East","Taraba","Sardauna","Gembu 'B'","","13","13","6","0","0","0","0","7","6","0"
"2020/2021","Male","disabled","NABTEB","Polytechnic","ward","Kabri","North East","Taraba","Sardauna","Kabri","","26","26","15","7","8","0","0","11","9","0"
"2020/2021","Male","disabled","NABTEB","Polytechnic","ward","Akwana","North East","Taraba","Wukari","Akwana","","26","26","15","7","8","0","0","11","9","0"
"2020/2021","Male","disabled","NABTEB","Polytechnic","ward","Avyi","North East","Taraba","Wukari","Avyi","","29","29","18","7","8","0","0","11","12","0"
"2020/2021","Male","disabled","NABTEB","Polytechnic","ward","Bantaje","North East","Taraba","Wukari","Bantaje","","10","10","6","0","0","0","0","4","6","0"
"2020/2021","Male","disabled","NABTEB","University","ward","Ardo Kola","North East","Taraba","Ardo Kola","Ardo Kola","","10","10","6","0","0","0","0","4","6","0"
"2020/2021","Male","disabled","NABTEB","University","ward","Iware","North East","Taraba","Ardo Kola","Iware","","21","21","13","0","0","0","0","8","13","0"
"2020/2021","Male","disabled","NABTEB","University","ward","Abbare Yelwa","North East","Taraba","Jalingo","Abbare Yelwa","","21","21","13","0","0","0","0","8","13","0"
"2020/2021","Male","disabled","NABTEB","University","ward","Barade","North East","Taraba","Jalingo","Barade","","24","24","14","0","0","0","0","10","14","0"
"2020/2021","Male","disabled","NABTEB","University","ward","Kachalla Sembe","North East","Taraba","Jalingo","Kachalla Sembe","","37","37","23","0","0","0","0","14","23","0"
"2020/2021","Male","disabled","NABTEB","University","ward","Gembu 'A'","North East","Taraba","Sardauna","Gembu 'A'","","21","21","12","0","0","0","0","9","12","0"
"2020/2021","Male","disabled","NABTEB","University","ward","Akwana","North East","Taraba","Wukari","Akwana","","10","10","5","0","0","0","0","5","5","0"
"2020/2021","Male","disabled","NABTEB","University","ward","Bantaje","North East","Taraba","Wukari","Bantaje","","10","10","6","0","0","0","0","4","6","0"
"2020/2021","Male","disabled","NECO","College of Education","ward","Alim-Gora","North East","Taraba","Ardo Kola","Alim-Gora","","55","55","32","0","0","0","0","23","32","0"
"2020/2021","Male","disabled","NECO","College of Education","ward","Ardo Kola","North East","Taraba","Ardo Kola","Ardo Kola","","14","14","9","0","0","0","0","5","9","0"
"2020/2021","Male","disabled","NECO","College of Education","ward","Akate","North East","Taraba","Donga","Akate","","14","14","9","6","6","0","0","5","3","0"
"2020/2021","Male","disabled","NECO","College of Education","ward","Asibiti","North East","Taraba","Donga","Asibiti","","40","40","24","0","0","0","0","16","24","0"
"2020/2021","Male","disabled","NECO","College of Education","ward","Bikadarko","North East","Taraba","Donga","Bikadarko","","20","20","12","6","6","0","0","8","6","0"
"2020/2021","Male","disabled","NECO","College of Education","ward","Abbare Yelwa","North East","Taraba","Jalingo","Abbare Yelwa","","34","34","21","6","6","0","0","13","15","0"
"2020/2021","Male","disabled","NECO","College of Education","ward","Barade","North East","Taraba","Jalingo","Barade","","20","20","12","0","0","0","0","8","12","0"
"2020/2021","Male","disabled","NECO","College of Education","ward","Kachalla Sembe","North East","Taraba","Jalingo","Kachalla Sembe","","43","43","26","6","6","0","0","17","20","0"
"2020/2021","Male","disabled","NECO","College of Education","ward","Gembu 'A'","North East","Taraba","Sardauna","Gembu 'A'","","34","34","21","6","6","0","0","13","15","0"
"2020/2021","Male","disabled","NECO","College of Education","ward","Gembu 'B'","North East","Taraba","Sardauna","Gembu 'B'","","57","57","35","6","6","0","0","22","29","0"
"2020/2021","Male","disabled","NECO","College of Education","ward","Kabri","North East","Taraba","Sardauna","Kabri","","39","39","22","6","6","0","0","17","17","0"
"2020/2021","Male","disabled","NECO","College of Education","ward","Akwana","North East","Taraba","Wukari","Akwana","","16","16","8","6","6","0","0","8","3","0"
"2020/2021","Male","disabled","NECO","College of Education","ward","Avyi","North East","Taraba","Wukari","Avyi","","73","71","43","12","12","0","2","28","31","0"
"2020/2021","Male","disabled","NECO","College of Education","ward","Bantaje","North East","Taraba","Wukari","Bantaje","","28","28","20","12","12","0","0","8","9","0"
"2020/2021","Male","disabled","NECO","Polytechnic","ward","Alim-Gora","North East","Taraba","Ardo Kola","Alim-Gora","","28","28","21","12","12","0","0","7","9","0"
"2020/2021","Male","disabled","NECO","Polytechnic","ward","Ardo Kola","North East","Taraba","Ardo Kola","Ardo Kola","","54","54","30","12","12","0","0","24","19","0"
"2020/2021","Male","disabled","NECO","Polytechnic","ward","Iware","North East","Taraba","Ardo Kola","Iware","","28","28","21","12","12","0","0","7","9","0"
"2020/2021","Male","disabled","NECO","Polytechnic","ward","Akate","North East","Taraba","Donga","Akate","","45","45","26","0","0","0","0","19","26","0"
"2020/2021","Male","disabled","NECO","Polytechnic","ward","Asibiti","North East","Taraba","Donga","Asibiti","","34","34","19","6","6","0","0","15","14","0"
"2020/2021","Male","disabled","NECO","Polytechnic","ward","Bikadarko","North East","Taraba","Donga","Bikadarko","","63","63","39","0","0","0","0","24","39","0"
"2020/2021","Male","disabled","NECO","Polytechnic","ward","Barade","North East","Taraba","Jalingo","Barade","","28","28","16","6","6","0","0","12","11","0"
"2020/2021","Male","disabled","NECO","Polytechnic","ward","Gembu 'B'","North East","Taraba","Sardauna","Gembu 'B'","","25","25","13","0","0","0","0","12","13","0"
"2020/2021","Male","disabled","NECO","Polytechnic","ward","Kabri","North East","Taraba","Sardauna","Kabri","","44","44","25","6","6","0","0","19","19","0"
"2020/2021","Male","disabled","NECO","Polytechnic","ward","Akwana","North East","Taraba","Wukari","Akwana","","46","45","26","12","12","0","1","19","14","0"
"2020/2021","Male","disabled","NECO","Polytechnic","ward","Avyi","North East","Taraba","Wukari","Avyi","","43","43","26","6","6","0","0","17","20","0"
"2020/2021","Male","disabled","NECO","Polytechnic","ward","Bantaje","North East","Taraba","Wukari","Bantaje","","14","14","9","0","0","0","0","5","9","0"
"2020/2021","Male","disabled","NECO","University","ward","Ardo Kola","North East","Taraba","Ardo Kola","Ardo Kola","","20","20","12","0","0","0","0","8","12","0"
"2020/2021","Male","disabled","NECO","University","ward","Iware","North East","Taraba","Ardo Kola","Iware","","22","22","12","0","0","0","0","10","12","0"
"2020/2021","Male","disabled","NECO","University","ward","Abbare Yelwa","North East","Taraba","Jalingo","Abbare Yelwa","","37","37","24","12","12","0","0","13","12","0"
"2020/2021","Male","disabled","NECO","University","ward","Barade","North East","Taraba","Jalingo","Barade","","54","54","31","6","6","0","0","23","26","0"
"2020/2021","Male","disabled","NECO","University","ward","Kachalla Sembe","North East","Taraba","Jalingo","Kachalla Sembe","","66","65","39","6","6","0","1","26","33","0"
"2020/2021","Male","disabled","NECO","University","ward","Gembu 'A'","North East","Taraba","Sardauna","Gembu 'A'","","26","26","15","6","6","0","0","11","9","0"
"2020/2021","Male","disabled","NECO","University","ward","Akwana","North East","Taraba","Wukari","Akwana","","11","11","6","0","0","0","0","6","6","0"
"2020/2021","Male","disabled","NECO","University","ward","Bantaje","North East","Taraba","Wukari","Bantaje","","11","11","6","0","0","0","0","6","6","0"
"2020/2021","Male","disabled","WAEC","College of Education","ward","Alim-Gora","North East","Taraba","Ardo Kola","Alim-Gora","","64","63","36","10","10","0","1","27","26","0"
"2020/2021","Male","disabled","WAEC","College of Education","ward","Ardo Kola","North East","Taraba","Ardo Kola","Ardo Kola","","16","16","10","5","5","0","0","6","6","0"
"2020/2021","Male","disabled","WAEC","College of Education","ward","Akate","North East","Taraba","Donga","Akate","","17","17","11","5","6","0","0","6","6","0"
"2020/2021","Male","disabled","WAEC","College of Education","ward","Asibiti","North East","Taraba","Donga","Asibiti","","60","59","35","10","12","0","1","24","25","0"
"2020/2021","Male","disabled","WAEC","College of Education","ward","Bikadarko","North East","Taraba","Donga","Bikadarko","","25","25","16","5","6","0","0","9","11","0"
"2020/2021","Male","disabled","WAEC","College of Education","ward","Abbare Yelwa","North East","Taraba","Jalingo","Abbare Yelwa","","44","44","26","5","6","0","0","18","22","0"
"2020/2021","Male","disabled","WAEC","College of Education","ward","Barade","North East","Taraba","Jalingo","Barade","","22","22","13","5","6","0","0","9","8","0"
"2020/2021","Male","disabled","WAEC","College of Education","ward","Kachalla Sembe","North East","Taraba","Jalingo","Kachalla Sembe","","50","50","28","5","5","0","0","22","24","0"
"2020/2021","Male","disabled","WAEC","College of Education","ward","Gembu 'A'","North East","Taraba","Sardauna","Gembu 'A'","","47","47","28","5","5","0","0","19","24","0"
"2020/2021","Male","disabled","WAEC","College of Education","ward","Gembu 'B'","North East","Taraba","Sardauna","Gembu 'B'","","71","70","46","20","21","0","1","24","26","0"
"2020/2021","Male","disabled","WAEC","College of Education","ward","Kabri","North East","Taraba","Sardauna","Kabri","","54","53","34","5","5","0","1","19","29","0"
"2020/2021","Male","disabled","WAEC","College of Education","ward","Akwana","North East","Taraba","Wukari","Akwana","","22","22","12","0","0","0","0","10","12","0"
"2020/2021","Male","disabled","WAEC","College of Education","ward","Avyi","North East","Taraba","Wukari","Avyi","","91","89","55","15","16","0","2","34","41","0"
"2020/2021","Male","disabled","WAEC","College of Education","ward","Bantaje","North East","Taraba","Wukari","Bantaje","","37","37","21","10","10","0","0","16","11","0"
"2020/2021","Male","disabled","WAEC","Polytechnic","ward","Alim-Gora","North East","Taraba","Ardo Kola","Alim-Gora","","37","37","21","5","5","0","0","16","16","0"
"2020/2021","Male","disabled","WAEC","Polytechnic","ward","Ardo Kola","North East","Taraba","Ardo Kola","Ardo Kola","","68","67","39","10","10","0","1","28","30","0"
"2020/2021","Male","disabled","WAEC","Polytechnic","ward","Iware","North East","Taraba","Ardo Kola","Iware","","39","39","27","10","10","0","0","12","17","0"
"2020/2021","Male","disabled","WAEC","Polytechnic","ward","Akate","North East","Taraba","Donga","Akate","","57","57","35","10","12","0","0","22","25","0"
"2020/2021","Male","disabled","WAEC","Polytechnic","ward","Asibiti","North East","Taraba","Donga","Asibiti","","39","39","21","5","5","0","0","18","16","0"
"2020/2021","Male","disabled","WAEC","Polytechnic","ward","Bikadarko","North East","Taraba","Donga","Bikadarko","","88","87","53","15","18","0","1","34","38","0"
"2020/2021","Male","disabled","WAEC","Polytechnic","ward","Barade","North East","Taraba","Jalingo","Barade","","44","43","26","5","6","0","1","17","21","0"
"2020/2021","Male","disabled","WAEC","Polytechnic","ward","Gembu 'B'","North East","Taraba","Sardauna","Gembu 'B'","","27","27","15","5","5","0","0","12","11","0"
"2020/2021","Male","disabled","WAEC","Polytechnic","ward","Kabri","North East","Taraba","Sardauna","Kabri","","60","59","36","10","10","0","1","23","27","0"
"2020/2021","Male","disabled","WAEC","Polytechnic","ward","Akwana","North East","Taraba","Wukari","Akwana","","60","59","38","10","10","0","1","21","28","0"
"2020/2021","Male","disabled","WAEC","Polytechnic","ward","Avyi","North East","Taraba","Wukari","Avyi","","62","61","39","15","16","0","1","22","25","0"
"2020/2021","Male","disabled","WAEC","Polytechnic","ward","Bantaje","North East","Taraba","Wukari","Bantaje","","17","17","11","5","5","0","0","6","6","0"
"2020/2021","Male","disabled","WAEC","University","ward","Ardo Kola","North East","Taraba","Ardo Kola","Ardo Kola","","27","27","15","5","5","0","0","12","11","0"
"2020/2021","Male","disabled","WAEC","University","ward","Iware","North East","Taraba","Ardo Kola","Iware","","25","25","13","0","0","0","0","12","13","0"
"2020/2021","Male","disabled","WAEC","University","ward","Abbare Yelwa","North East","Taraba","Jalingo","Abbare Yelwa","","50","50","32","10","12","0","0","18","22","0"
"2020/2021","Male","disabled","WAEC","University","ward","Barade","North East","Taraba","Jalingo","Barade","","68","67","42","10","12","0","1","25","33","0"
"2020/2021","Male","disabled","WAEC","University","ward","Kachalla Sembe","North East","Taraba","Jalingo","Kachalla Sembe","","89","87","51","15","16","0","2","36","36","0"
"2020/2021","Male","disabled","WAEC","University","ward","Gembu 'A'","North East","Taraba","Sardauna","Gembu 'A'","","36","36","21","10","10","0","0","15","12","0"
"2020/2021","Male","disabled","WAEC","University","ward","Akwana","North East","Taraba","Wukari","Akwana","","17","17","11","5","5","0","0","6","6","0"
"2020/2021","Male","disabled","WAEC","University","ward","Bantaje","North East","Taraba","Wukari","Bantaje","","16","16","10","5","5","0","0","6","6","0"
"2021/2022","Female","all","NABTEB","College of Education","ward","Alim-Gora","North East","Taraba","Ardo Kola","Alim-Gora","","215","212","130","33","29","5","3","82","97","5"
"2021/2022","Female","all","NABTEB","College of Education","ward","Ardo Kola","North East","Taraba","Ardo Kola","Ardo Kola","","69","68","48","20","22","0","1","20","29","0"
"2021/2022","Female","all","NABTEB","College of Education","ward","Akate","North East","Taraba","Donga","Akate","","82","81","58","26","21","5","1","23","31","5"
"2021/2022","Female","all","NABTEB","College of Education","ward","Asibiti","North East","Taraba","Donga","Asibiti","","217","213","143","40","29","11","4","70","103","11"
"2021/2022","Female","all","NABTEB","College of Education","ward","Bikadarko","North East","Taraba","Donga","Bikadarko","","134","132","90","40","35","5","2","42","49","5"
"2021/2022","Female","all","NABTEB","College of Education","ward","Abbare Yelwa","North East","Taraba","Jalingo","Abbare Yelwa","","167","164","103","33","29","6","3","61","71","6"
"2021/2022","Female","all","NABTEB","College of Education","ward","Barade","North East","Taraba","Jalingo","Barade","","64","63","41","20","22","0","1","22","22","0"
"2021/2022","Female","all","NABTEB","College of Education","ward","Kachalla Sembe","North East","Taraba","Jalingo","Kachalla Sembe","","153","151","100","34","37","0","2","51","67","0"
"2021/2022","Female","all","NABTEB","College of Education","ward","Gembu 'A'","North East","Taraba","Sardauna","Gembu 'A'","","210","206","139","53","44","10","4","67","85","10"
"2021/2022","Female","all","NABTEB","College of Education","ward","Gembu 'B'","North East","Taraba","Sardauna","Gembu 'B'","","238","234","170","61","58","5","4","64","109","5"
"2021/2022","Female","all","NABTEB","College of Education","ward","Kabri","North East","Taraba","Sardauna","Kabri","","172","169","116","41","37","5","3","53","76","5"
"2021/2022","Female","all","NABTEB","College of Education","ward","Akwana","North East","Taraba","Wukari","Akwana","","64","63","45","13","14","0","1","18","32","0"
"2021/2022","Female","all","NABTEB","College of Education","ward","Avyi","North East","Taraba","Wukari","Avyi","","219","216","149","68","58","10","3","67","81","10"
"2021/2022","Female","all","NABTEB","College of Education","ward","Bantaje","North East","Taraba","Wukari","Bantaje","","151","148","96","41","36","5","3","52","56","5"
"2021/2022","Female","all","NABTEB","Polytechnic","ward","Alim-Gora","North East","Taraba","Ardo Kola","Alim-Gora","","138","136","98","54","44","10","2","38","44","10"
"2021/2022","Female","all","NABTEB","Polytechnic","ward","Ardo Kola","North East","Taraba","Ardo Kola","Ardo Kola","","222","218","140","54","43","11","4","78","86","11"
"2021/2022","Female","all","NABTEB","Polytechnic","ward","Iware","North East","Taraba","Ardo Kola","Iware","","142","140","100","54","51","5","2","40","47","5"
"2021/2022","Female","all","NABTEB","Polytechnic","ward","Akate","North East","Taraba","Donga","Akate","","174","171","113","34","35","0","3","58","79","0"
"2021/2022","Female","all","NABTEB","Polytechnic","ward","Asibiti","North East","Taraba","Donga","Asibiti","","133","131","81","21","22","0","2","50","60","0"
"2021/2022","Female","all","NABTEB","Polytechnic","ward","Bikadarko","North East","Taraba","Donga","Bikadarko","","329","324","217","75","65","10","5","107","142","10"
"2021/2022","Female","all","NABTEB","Polytechnic","ward","Barade","North East","Taraba","Jalingo","Barade","","129","127","80","27","22","5","2","47","54","5"
"2021/2022","Female","all","NABTEB","Polytechnic","ward","Gembu 'B'","North East","Taraba","Sardauna","Gembu 'B'","","94","93","62","20","14","6","1","31","42","6"
"2021/2022","Female","all","NABTEB","Polytechnic","ward","Kabri","North East","Taraba","Sardauna","Kabri","","200","197","123","48","44","5","3","74","76","5"
"2021/2022","Female","all","NABTEB","Polytechnic","ward","Akwana","North East","Taraba","Wukari","Akwana","","160","157","104","40","44","0","3","53","64","0"
"2021/2022","Female","all","NABTEB","Polytechnic","ward","Avyi","North East","Taraba","Wukari","Avyi","","174","171","120","48","43","5","3","51","72","5"
"2021/2022","Female","all","NABTEB","Polytechnic","ward","Bantaje","North East","Taraba","Wukari","Bantaje","","77","76","51","13","14","0","1","25","38","0"
"2021/2022","Female","all","NABTEB","University","ward","Ardo Kola","North East","Taraba","Ardo Kola","Ardo Kola","","99","98","64","27","22","5","1","34","38","5"
"2021/2022","Female","all","NABTEB","University","ward","Iware","North East","Taraba","Ardo Kola","Iware","","118","116","77","27","30","0","2","39","51","0"
"2021/2022","Female","all","NABTEB","University","ward","Abbare Yelwa","North East","Taraba","Jalingo","Abbare Yelwa","","148","146","97","40","37","5","2","49","58","5"
"2021/2022","Female","all","NABTEB","University","ward","Barade","North East","Taraba","Jalingo","Barade","","252","248","157","53","43","10","4","91","104","10"
"2021/2022","Female","all","NABTEB","University","ward","Kachalla Sembe","North East","Taraba","Jalingo","Kachalla Sembe","","238","234","152","47","37","10","4","82","106","10"
"2021/2022","Female","all","NABTEB","University","ward","Gembu 'A'","North East","Taraba","Sardauna","Gembu 'A'","","132","130","90","40","44","0","2","40","51","0"
"2021/2022","Female","all","NABTEB","University","ward","Akwana","North East","Taraba","Wukari","Akwana","","50","49","32","7","7","0","1","17","25","0"
"2021/2022","Female","all","NABTEB","University","ward","Bantaje","North East","Taraba","Wukari","Bantaje","","77","76","51","13","14","0","1","25","38","0"
"2021/2022","Female","all","NECO","College of Education","ward","Alim-Gora","North East","Taraba","Ardo Kola","Alim-Gora","","394","389","249","77","68","9","5","140","173","9"
"2021/2022","Female","all","NECO","College of Education","ward","Ardo Kola","North East","Taraba","Ardo Kola","Ardo Kola","","123","121","82","33","28","5","2","39","50","5"
"2021/2022","Female","all","NECO","College of Education","ward","Akate","North East","Taraba","Donga","Akate","","144","142","102","48","44","4","2","40","53","4"
"2021/2022","Female","all","NECO","College of Education","ward","Asibiti","North East","Taraba","Donga","Asibiti","","429","423","274","98","85","13","6","149","177","13"
"2021/2022","Female","all","NECO","College of Education","ward","Bikadarko","North East","Taraba","Donga","Bikadarko","","234","231","157","65","57","8","3","74","93","8"
"2021/2022","Female","all","NECO","College of Education","ward","Abbare Yelwa","North East","Taraba","Jalingo","Abbare Yelwa","","326","321","206","77","68","9","5","115","129","9"
"2021/2022","Female","all","NECO","College of Education","ward","Barade","North East","Taraba","Jalingo","Barade","","127","125","88","32","28","5","2","37","55","5"
"2021/2022","Female","all","NECO","College of Education","ward","Kachalla Sembe","North East","Taraba","Jalingo","Kachalla Sembe","","322","317","199","64","56","8","5","118","135","8"
"2021/2022","Female","all","NECO","College of Education","ward","Gembu 'A'","North East","Taraba","Sardauna","Gembu 'A'","","340","335","222","93","85","8","5","113","130","8"
"2021/2022","Female","all","NECO","College of Education","ward","Gembu 'B'","North East","Taraba","Sardauna","Gembu 'B'","","475","468","326","131","119","13","7","142","196","13"
"2021/2022","Female","all","NECO","College of Education","ward","Kabri","North East","Taraba","Sardauna","Kabri","","330","326","208","76","62","14","4","118","132","14"
"2021/2022","Female","all","NECO","College of Education","ward","Akwana","North East","Taraba","Wukari","Akwana","","128","126","82","33","28","5","2","44","50","5"
"2021/2022","Female","all","NECO","College of Education","ward","Avyi","North East","Taraba","Wukari","Avyi","","393","387","257","99","85","14","6","130","159","14"
"2021/2022","Female","all","NECO","College of Education","ward","Bantaje","North East","Taraba","Wukari","Bantaje","","293","289","198","86","73","13","4","91","112","13"
"2021/2022","Female","all","NECO","Polytechnic","ward","Alim-Gora","North East","Taraba","Ardo Kola","Alim-Gora","","265","261","174","75","67","8","4","87","98","8"
"2021/2022","Female","all","NECO","Polytechnic","ward","Ardo Kola","North East","Taraba","Ardo Kola","Ardo Kola","","440","434","281","104","91","13","6","153","178","13"
"2021/2022","Female","all","NECO","Polytechnic","ward","Iware","North East","Taraba","Ardo Kola","Iware","","255","252","180","87","78","9","3","72","92","9"
"2021/2022","Female","all","NECO","Polytechnic","ward","Akate","North East","Taraba","Donga","Akate","","304","299","189","70","56","14","5","110","119","14"
"2021/2022","Female","all","NECO","Polytechnic","ward","Asibiti","North East","Taraba","Donga","Asibiti","","248","245","160","53","44","9","3","85","107","9"
"2021/2022","Female","all","NECO","Polytechnic","ward","Bikadarko","North East","Taraba","Donga","Bikadarko","","606","598","392","131","119","12","8","206","262","12"
"2021/2022","Female","all","NECO","Polytechnic","ward","Barade","North East","Taraba","Jalingo","Barade","","219","216","137","44","40","4","3","79","93","4"
"2021/2022","Female","all","NECO","Polytechnic","ward","Gembu 'B'","North East","Taraba","Sardauna","Gembu 'B'","","183","180","108","38","34","4","3","72","71","4"
"2021/2022","Female","all","NECO","Polytechnic","ward","Kabri","North East","Taraba","Sardauna","Kabri","","412","406","271","104","90","14","6","135","168","14"
"2021/2022","Female","all","NECO","Polytechnic","ward","Akwana","North East","Taraba","Wukari","Akwana","","313","308","203","77","68","9","5","105","126","9"
"2021/2022","Female","all","NECO","Polytechnic","ward","Avyi","North East","Taraba","Wukari","Avyi","","303","298","200","81","68","14","5","98","118","14"
"2021/2022","Female","all","NECO","Polytechnic","ward","Bantaje","North East","Taraba","Wukari","Bantaje","","156","154","99","38","34","4","2","55","61","4"
"2021/2022","Female","all","NECO","University","ward","Ardo Kola","North East","Taraba","Ardo Kola","Ardo Kola","","200","197","128","49","45","4","3","69","80","4"
"2021/2022","Female","all","NECO","University","ward","Iware","North East","Taraba","Ardo Kola","Iware","","191","189","124","43","33","10","2","65","81","10"
"2021/2022","Female","all","NECO","University","ward","Abbare Yelwa","North East","Taraba","Jalingo","Abbare Yelwa","","292","287","199","76","68","8","5","88","124","8"
"2021/2022","Female","all","NECO","University","ward","Barade","North East","Taraba","Jalingo","Barade","","471","464","299","97","84","13","7","165","202","13"
"2021/2022","Female","all","NECO","University","ward","Kachalla Sembe","North East","Taraba","Jalingo","Kachalla Sembe","","450","443","291","99","85","14","7","152","193","14"
"2021/2022","Female","all","NECO","University","ward","Gembu 'A'","North East","Taraba","Sardauna","Gembu 'A'","","225","222","151","60","51","9","3","71","92","9"
"2021/2022","Female","all","NECO","University","ward","Akwana","North East","Taraba","Wukari","Akwana","","71","70","45","22","17","5","1","25","24","5"
"2021/2022","Female","all","NECO","University","ward","Bantaje","North East","Taraba","Wukari","Bantaje","","135","133","90","37","33","4","2","43","53","4"
"2021/2022","Female","all","WAEC","College of Education","ward","Alim-Gora","North East","Taraba","Ardo Kola","Alim-Gora","","549","541","344","115","104","11","8","197","229","11"
"2021/2022","Female","all","WAEC","College of Education","ward","Ardo Kola","North East","Taraba","Ardo Kola","Ardo Kola","","177","174","121","53","47","6","3","53","69","6"
"2021/2022","Female","all","WAEC","College of Education","ward","Akate","North East","Taraba","Donga","Akate","","171","168","116","52","46","6","3","52","63","6"
"2021/2022","Female","all","WAEC","College of Education","ward","Asibiti","North East","Taraba","Donga","Asibiti","","569","561","359","125","114","11","8","202","235","11"
"2021/2022","Female","all","WAEC","College of Education","ward","Bikadarko","North East","Taraba","Donga","Bikadarko","","337","332","227","96","88","8","5","105","132","8"
"2021/2022","Female","all","WAEC","College of Education","ward","Abbare Yelwa","North East","Taraba","Jalingo","Abbare Yelwa","","409","403","261","91","83","8","6","142","171","8"
"2021/2022","Female","all","WAEC","College of Education","ward","Barade","North East","Taraba","Jalingo","Barade","","186","183","129","58","52","6","3","54","72","6"
"2021/2022","Female","all","WAEC","College of Education","ward","Kachalla Sembe","North East","Taraba","Jalingo","Kachalla Sembe","","412","406","267","86","78","8","6","139","182","8"
"2021/2022","Female","all","WAEC","College of Education","ward","Gembu 'A'","North East","Taraba","Sardauna","Gembu 'A'","","425","419","271","105","98","7","6","148","166","7"
"2021/2022","Female","all","WAEC","College of Education","ward","Gembu 'B'","North East","Taraba","Sardauna","Gembu 'B'","","607","598","415","158","145","13","9","183","258","13"
"2021/2022","Female","all","WAEC","College of Education","ward","Kabri","North East","Taraba","Sardauna","Kabri","","438","431","296","114","104","11","7","135","181","11"
"2021/2022","Female","all","WAEC","College of Education","ward","Akwana","North East","Taraba","Wukari","Akwana","","159","157","100","38","36","2","2","57","63","2"
"2021/2022","Female","all","WAEC","College of Education","ward","Avyi","North East","Taraba","Wukari","Avyi","","577","569","384","163","150","13","8","185","220","13"
"2021/2022","Female","all","WAEC","College of Education","ward","Bantaje","North East","Taraba","Wukari","Bantaje","","374","368","254","100","92","8","6","114","153","8"
"2021/2022","Female","all","WAEC","Polytechnic","ward","Alim-Gora","North East","Taraba","Ardo Kola","Alim-Gora","","353","348","238","100","93","7","5","110","137","7"
"2021/2022","Female","all","WAEC","Polytechnic","ward","Ardo Kola","North East","Taraba","Ardo Kola","Ardo Kola","","577","569","367","140","125","15","8","202","227","15"
"2021/2022","Female","all","WAEC","Polytechnic","ward","Iware","North East","Taraba","Ardo Kola","Iware","","344","339","232","105","98","7","5","107","128","7"
"2021/2022","Female","all","WAEC","Polytechnic","ward","Akate","North East","Taraba","Donga","Akate","","444","437","282","110","103","7","7","155","173","7"
"2021/2022","Female","all","WAEC","Polytechnic","ward","Asibiti","North East","Taraba","Donga","Asibiti","","344","339","217","72","68","4","5","122","145","4"
"2021/2022","Female","all","WAEC","Polytechnic","ward","Bikadarko","North East","Taraba","Donga","Bikadarko","","812","800","534","191","175","16","12","266","343","16"
"2021/2022","Female","all","WAEC","Polytechnic","ward","Barade","North East","Taraba","Jalingo","Barade","","288","284","187","77","67","10","4","97","111","10"
"2021/2022","Female","all","WAEC","Polytechnic","ward","Gembu 'B'","North East","Taraba","Sardauna","Gembu 'B'","","240","236","142","53","47","6","4","94","90","6"
"2021/2022","Female","all","WAEC","Polytechnic","ward","Kabri","North East","Taraba","Sardauna","Kabri","","493","486","313","120","114","6","7","173","193","6"
"2021/2022","Female","all","WAEC","Polytechnic","ward","Akwana","North East","Taraba","Wukari","Akwana","","425","419","286","114","104","11","6","133","171","11"
"2021/2022","Female","all","WAEC","Polytechnic","ward","Avyi","North East","Taraba","Wukari","Avyi","","404","398","268","111","99","12","6","130","157","12"
"2021/2022","Female","all","WAEC","Polytechnic","ward","Bantaje","North East","Taraba","Wukari","Bantaje","","192","189","130","53","47","6","3","59","77","6"
"2021/2022","Female","all","WAEC","University","ward","Ardo Kola","North East","Taraba","Ardo Kola","Ardo Kola","","240","236","156","62","57","5","4","80","95","5"
"2021/2022","Female","all","WAEC","University","ward","Iware","North East","Taraba","Ardo Kola","Iware","","238","234","147","62","57","5","4","87","86","5"
"2021/2022","Female","all","WAEC","University","ward","Abbare Yelwa","North East","Taraba","Jalingo","Abbare Yelwa","","365","360","238","90","83","8","5","122","147","8"
"2021/2022","Female","all","WAEC","University","ward","Barade","North East","Taraba","Jalingo","Barade","","687","676","442","148","135","13","11","234","294","13"
"2021/2022","Female","all","WAEC","University","ward","Kachalla Sembe","North East","Taraba","Jalingo","Kachalla Sembe","","641","631","405","129","119","10","10","226","276","10"
"2021/2022","Female","all","WAEC","University","ward","Gembu 'A'","North East","Taraba","Sardauna","Gembu 'A'","","332","327","214","86","78","8","5","113","129","8"
"2021/2022","Female","all","WAEC","University","ward","Akwana","North East","Taraba","Wukari","Akwana","","108","106","71","24","21","3","2","35","48","3"
"2021/2022","Female","all","WAEC","University","ward","Bantaje","North East","Taraba","Wukari","Bantaje","","183","180","118","48","42","6","3","62","71","6"
"2021/2022","Female","disabled","NABTEB","College of Education","ward","Alim-Gora","North East","Taraba","Ardo Kola","Alim-Gora","","24","24","12","0","0","0","0","12","12","0"
"2021/2022","Female","disabled","NABTEB","College of Education","ward","Ardo Kola","North East","Taraba","Ardo Kola","Ardo Kola","","10","10","5","6","6","0","0","5","0","0"
"2021/2022","Female","disabled","NABTEB","College of Education","ward","Akate","North East","Taraba","Donga","Akate","","10","10","6","6","6","0","0","4","0","0"
"2021/2022","Female","disabled","NABTEB","College of Education","ward","Asibiti","North East","Taraba","Donga","Asibiti","","21","21","13","0","0","0","0","8","13","0"
"2021/2022","Female","disabled","NABTEB","College of Education","ward","Bikadarko","North East","Taraba","Donga","Bikadarko","","10","10","6","6","6","0","0","4","0","0"
"2021/2022","Female","disabled","NABTEB","College of Education","ward","Abbare Yelwa","North East","Taraba","Jalingo","Abbare Yelwa","","21","21","13","0","0","0","0","8","13","0"
"2021/2022","Female","disabled","NABTEB","College of Education","ward","Barade","North East","Taraba","Jalingo","Barade","","10","10","6","6","6","0","0","4","0","0"
"2021/2022","Female","disabled","NABTEB","College of Education","ward","Kachalla Sembe","North East","Taraba","Jalingo","Kachalla Sembe","","21","21","11","7","7","0","0","10","6","0"
"2021/2022","Female","disabled","NABTEB","College of Education","ward","Gembu 'A'","North East","Taraba","Sardauna","Gembu 'A'","","21","21","11","7","7","0","0","10","6","0"
"2021/2022","Female","disabled","NABTEB","College of Education","ward","Gembu 'B'","North East","Taraba","Sardauna","Gembu 'B'","","35","35","22","7","7","0","0","13","15","0"
"2021/2022","Female","disabled","NABTEB","College of Education","ward","Kabri","North East","Taraba","Sardauna","Kabri","","22","22","15","6","6","0","0","7","8","0"
"2021/2022","Female","disabled","NABTEB","College of Education","ward","Akwana","North East","Taraba","Wukari","Akwana","","10","10","5","0","0","0","0","5","5","0"
"2021/2022","Female","disabled","NABTEB","College of Education","ward","Avyi","North East","Taraba","Wukari","Avyi","","29","29","20","14","14","0","0","9","6","0"
"2021/2022","Female","disabled","NABTEB","College of Education","ward","Bantaje","North East","Taraba","Wukari","Bantaje","","21","21","11","7","7","0","0","10","6","0"
"2021/2022","Female","disabled","NABTEB","Polytechnic","ward","Alim-Gora","North East","Taraba","Ardo Kola","Alim-Gora","","21","21","11","13","13","0","0","10","0","0"
"2021/2022","Female","disabled","NABTEB","Polytechnic","ward","Ardo Kola","North East","Taraba","Ardo Kola","Ardo Kola","","24","24","12","7","7","0","0","12","6","0"
"2021/2022","Female","disabled","NABTEB","Polytechnic","ward","Iware","North East","Taraba","Ardo Kola","Iware","","21","21","13","13","13","0","0","8","0","0"
"2021/2022","Female","disabled","NABTEB","Polytechnic","ward","Akate","North East","Taraba","Donga","Akate","","32","32","20","0","0","0","0","12","20","0"
"2021/2022","Female","disabled","NABTEB","Polytechnic","ward","Asibiti","North East","Taraba","Donga","Asibiti","","20","20","12","0","0","0","0","8","12","0"
"2021/2022","Female","disabled","NABTEB","Polytechnic","ward","Bikadarko","North East","Taraba","Donga","Bikadarko","","34","34","23","7","7","0","0","11","17","0"
"2021/2022","Female","disabled","NABTEB","Polytechnic","ward","Barade","North East","Taraba","Jalingo","Barade","","15","15","9","7","7","0","0","6","3","0"
"2021/2022","Female","disabled","NABTEB","Polytechnic","ward","Gembu 'B'","North East","Taraba","Sardauna","Gembu 'B'","","10","10","5","0","0","0","0","5","5","0"
"2021/2022","Female","disabled","NABTEB","Polytechnic","ward","Kabri","North East","Taraba","Sardauna","Kabri","","26","26","15","7","7","0","0","11","9","0"
"2021/2022","Female","disabled","NABTEB","Polytechnic","ward","Akwana","North East","Taraba","Wukari","Akwana","","24","24","12","7","7","0","0","12","6","0"
"2021/2022","Female","disabled","NABTEB","Polytechnic","ward","Avyi","North East","Taraba","Wukari","Avyi","","23","23","15","7","7","0","0","8","9","0"
"2021/2022","Female","disabled","NABTEB","Polytechnic","ward","Bantaje","North East","Taraba","Wukari","Bantaje","","10","10","5","0","0","0","0","5","5","0"
"2021/2022","Female","disabled","NABTEB","University","ward","Ardo Kola","North East","Taraba","Ardo Kola","Ardo Kola","","10","10","6","0","0","0","0","4","6","0"
"2021/2022","Female","disabled","NABTEB","University","ward","Iware","North East","Taraba","Ardo Kola","Iware","","21","21","13","0","0","0","0","8","13","0"
"2021/2022","Female","disabled","NABTEB","University","ward","Abbare Yelwa","North East","Taraba","Jalingo","Abbare Yelwa","","21","21","12","7","7","0","0","9","7","0"
"2021/2022","Female","disabled","NABTEB","University","ward","Barade","North East","Taraba","Jalingo","Barade","","26","26","17","7","7","0","0","9","10","0"
"2021/2022","Female","disabled","NABTEB","University","ward","Kachalla Sembe","North East","Taraba","Jalingo","Kachalla Sembe","","26","26","12","0","0","0","0","14","12","0"
"2021/2022","Female","disabled","NABTEB","University","ward","Gembu 'A'","North East","Taraba","Sardauna","Gembu 'A'","","21","21","11","7","7","0","0","10","6","0"
"2021/2022","Female","disabled","NABTEB","University","ward","Akwana","North East","Taraba","Wukari","Akwana","","10","10","5","0","0","0","0","5","5","0"
"2021/2022","Female","disabled","NABTEB","University","ward","Bantaje","North East","Taraba","Wukari","Bantaje","","10","10","5","0","0","0","0","5","5","0"
"2021/2022","Female","disabled","NECO","College of Education","ward","Alim-Gora","North East","Taraba","Ardo Kola","Alim-Gora","","45","45","24","5","5","0","0","21","20","0"
"2021/2022","Female","disabled","NECO","College of Education","ward","Ardo Kola","North East","Taraba","Ardo Kola","Ardo Kola","","11","11","9","5","5","0","0","2","4","0"
"2021/2022","Female","disabled","NECO","College of Education","ward","Akate","North East","Taraba","Donga","Akate","","11","11","9","5","5","0","0","2","4","0"
"2021/2022","Female","disabled","NECO","College of Education","ward","Asibiti","North East","Taraba","Donga","Asibiti","","42","42","24","12","12","0","0","18","13","0"
"2021/2022","Female","disabled","NECO","College of Education","ward","Bikadarko","North East","Taraba","Donga","Bikadarko","","19","19","10","6","6","0","0","9","5","0"
"2021/2022","Female","disabled","NECO","College of Education","ward","Abbare Yelwa","North East","Taraba","Jalingo","Abbare Yelwa","","34","34","20","6","6","0","0","14","14","0"
"2021/2022","Female","disabled","NECO","College of Education","ward","Barade","North East","Taraba","Jalingo","Barade","","17","17","11","6","6","0","0","6","5","0"
"2021/2022","Female","disabled","NECO","College of Education","ward","Kachalla Sembe","North East","Taraba","Jalingo","Kachalla Sembe","","42","42","24","5","6","0","0","18","20","0"
"2021/2022","Female","disabled","NECO","College of Education","ward","Gembu 'A'","North East","Taraba","Sardauna","Gembu 'A'","","33","33","19","10","12","0","0","14","10","0"
"2021/2022","Female","disabled","NECO","College of Education","ward","Gembu 'B'","North East","Taraba","Sardauna","Gembu 'B'","","47","47","32","17","18","0","0","15","15","0"
"2021/2022","Female","disabled","NECO","College of Education","ward","Kabri","North East","Taraba","Sardauna","Kabri","","37","37","20","6","6","0","0","17","14","0"
"2021/2022","Female","disabled","NECO","College of Education","ward","Akwana","North East","Taraba","Wukari","Akwana","","14","14","9","5","6","0","0","5","4","0"
"2021/2022","Female","disabled","NECO","College of Education","ward","Avyi","North East","Taraba","Wukari","Avyi","","53","53","33","11","12","0","0","20","23","0"
"2021/2022","Female","disabled","NECO","College of Education","ward","Bantaje","North East","Taraba","Wukari","Bantaje","","31","31","17","10","12","0","0","14","7","0"
"2021/2022","Female","disabled","NECO","Polytechnic","ward","Alim-Gora","North East","Taraba","Ardo Kola","Alim-Gora","","28","28","20","10","12","0","0","8","10","0"
"2021/2022","Female","disabled","NECO","Polytechnic","ward","Ardo Kola","North East","Taraba","Ardo Kola","Ardo Kola","","45","45","24","10","12","0","0","21","15","0"
"2021/2022","Female","disabled","NECO","Polytechnic","ward","Iware","North East","Taraba","Ardo Kola","Iware","","28","28","20","10","11","0","0","8","10","0"
"2021/2022","Female","disabled","NECO","Polytechnic","ward","Akate","North East","Taraba","Donga","Akate","","36","36","21","5","6","0","0","15","16","0"
"2021/2022","Female","disabled","NECO","Polytechnic","ward","Asibiti","North East","Taraba","Donga","Asibiti","","28","28","18","5","6","0","0","10","13","0"
"2021/2022","Female","disabled","NECO","Polytechnic","ward","Bikadarko","North East","Taraba","Donga","Bikadarko","","67","67","41","12","12","0","0","26","29","0"
"2021/2022","Female","disabled","NECO","Polytechnic","ward","Barade","North East","Taraba","Jalingo","Barade","","30","30","19","6","6","0","0","11","14","0"
"2021/2022","Female","disabled","NECO","Polytechnic","ward","Gembu 'B'","North East","Taraba","Sardauna","Gembu 'B'","","19","19","10","0","0","0","0","9","10","0"
"2021/2022","Female","disabled","NECO","Polytechnic","ward","Kabri","North East","Taraba","Sardauna","Kabri","","51","50","33","12","12","0","1","17","22","0"
"2021/2022","Female","disabled","NECO","Polytechnic","ward","Akwana","North East","Taraba","Wukari","Akwana","","39","39","23","11","12","0","0","16","12","0"
"2021/2022","Female","disabled","NECO","Polytechnic","ward","Avyi","North East","Taraba","Wukari","Avyi","","39","39","25","12","12","0","0","14","14","0"
"2021/2022","Female","disabled","NECO","Polytechnic","ward","Bantaje","North East","Taraba","Wukari","Bantaje","","14","14","9","5","6","0","0","5","4","0"
"2021/2022","Female","disabled","NECO","University","ward","Ardo Kola","North East","Taraba","Ardo Kola","Ardo Kola","","19","19","13","5","6","0","0","6","9","0"
"2021/2022","Female","disabled","NECO","University","ward","Iware","North East","Taraba","Ardo Kola","Iware","","22","22","12","5","5","0","0","10","7","0"
"2021/2022","Female","disabled","NECO","University","ward","Abbare Yelwa","North East","Taraba","Jalingo","Abbare Yelwa","","37","37","23","11","12","0","0","14","12","0"
"2021/2022","Female","disabled","NECO","University","ward","Barade","North East","Taraba","Jalingo","Barade","","55","55","33","12","11","1","0","22","22","1"
"2021/2022","Female","disabled","NECO","University","ward","Kachalla Sembe","North East","Taraba","Jalingo","Kachalla Sembe","","53","53","31","11","12","0","0","22","20","0"
"2021/2022","Female","disabled","NECO","University","ward","Gembu 'A'","North East","Taraba","Sardauna","Gembu 'A'","","25","25","18","5","6","0","0","7","13","0"
"2021/2022","Female","disabled","NECO","University","ward","Akwana","North East","Taraba","Wukari","Akwana","","11","11","6","6","6","0","0","5","0","0"
"2021/2022","Female","disabled","NECO","University","ward","Bantaje","North East","Taraba","Wukari","Bantaje","","14","14","9","5","6","0","0","5","4","0"
"2021/2022","Female","disabled","WAEC","College of Education","ward","Alim-Gora","North East","Taraba","Ardo Kola","Alim-Gora","","58","58","34","10","10","0","0","24","25","0"
"2021/2022","Female","disabled","WAEC","College of Education","ward","Ardo Kola","North East","Taraba","Ardo Kola","Ardo Kola","","16","16","10","5","5","0","0","6","6","0"
"2021/2022","Female","disabled","WAEC","College of Education","ward","Akate","North East","Taraba","Donga","Akate","","14","14","11","5","5","0","0","3","6","0"
"2021/2022","Female","disabled","WAEC","College of Education","ward","Asibiti","North East","Taraba","Donga","Asibiti","","53","53","31","5","5","0","0","22","26","0"
"2021/2022","Female","disabled","WAEC","College of Education","ward","Bikadarko","North East","Taraba","Donga","Bikadarko","","24","24","15","5","5","0","0","9","11","0"
"2021/2022","Female","disabled","WAEC","College of Education","ward","Abbare Yelwa","North East","Taraba","Jalingo","Abbare Yelwa","","39","39","24","10","10","0","0","15","14","0"
"2021/2022","Female","disabled","WAEC","College of Education","ward","Barade","North East","Taraba","Jalingo","Barade","","22","22","15","5","5","0","0","7","11","0"
"2021/2022","Female","disabled","WAEC","College of Education","ward","Kachalla Sembe","North East","Taraba","Jalingo","Kachalla Sembe","","55","55","34","10","10","0","0","21","25","0"
"2021/2022","Female","disabled","WAEC","College of Education","ward","Gembu 'A'","North East","Taraba","Sardauna","Gembu 'A'","","44","44","25","10","10","0","0","19","16","0"
"2021/2022","Female","disabled","WAEC","College of Education","ward","Gembu 'B'","North East","Taraba","Sardauna","Gembu 'B'","","59","59","40","19","21","0","0","19","21","0"
"2021/2022","Female","disabled","WAEC","College of Education","ward","Kabri","North East","Taraba","Sardauna","Kabri","","48","47","28","5","5","0","1","19","24","0"
"2021/2022","Female","disabled","WAEC","College of Education","ward","Akwana","North East","Taraba","Wukari","Akwana","","19","19","10","5","5","0","0","9","6","0"
"2021/2022","Female","disabled","WAEC","College of Education","ward","Avyi","North East","Taraba","Wukari","Avyi","","83","81","52","18","20","0","2","29","35","0"
"2021/2022","Female","disabled","WAEC","College of Education","ward","Bantaje","North East","Taraba","Wukari","Bantaje","","39","39","23","10","10","0","0","16","14","0"
"2021/2022","Female","disabled","WAEC","Polytechnic","ward","Alim-Gora","North East","Taraba","Ardo Kola","Alim-Gora","","34","34","24","10","10","0","0","10","14","0"
"2021/2022","Female","disabled","WAEC","Polytechnic","ward","Ardo Kola","North East","Taraba","Ardo Kola","Ardo Kola","","60","59","37","10","10","0","1","22","27","0"
"2021/2022","Female","disabled","WAEC","Polytechnic","ward","Iware","North East","Taraba","Ardo Kola","Iware","","39","39","24","10","10","0","0","15","14","0"
"2021/2022","Female","disabled","WAEC","Polytechnic","ward","Akate","North East","Taraba","Donga","Akate","","48","48","30","15","15","0","0","18","15","0"
"2021/2022","Female","disabled","WAEC","Polytechnic","ward","Asibiti","North East","Taraba","Donga","Asibiti","","39","39","24","10","10","0","0","15","14","0"
"2021/2022","Female","disabled","WAEC","Polytechnic","ward","Bikadarko","North East","Taraba","Donga","Bikadarko","","74","74","47","10","10","0","0","27","37","0"
"2021/2022","Female","disabled","WAEC","Polytechnic","ward","Barade","North East","Taraba","Jalingo","Barade","","37","36","23","9","10","0","1","13","15","0"
"2021/2022","Female","disabled","WAEC","Polytechnic","ward","Gembu 'B'","North East","Taraba","Sardauna","Gembu 'B'","","25","25","13","5","5","0","0","12","8","0"
"2021/2022","Female","disabled","WAEC","Polytechnic","ward","Kabri","North East","Taraba","Sardauna","Kabri","","60","59","33","9","11","0","1","26","25","0"
"2021/2022","Female","disabled","WAEC","Polytechnic","ward","Akwana","North East","Taraba","Wukari","Akwana","","51","50","34","10","10","0","1","16","25","0"
"2021/2022","Female","disabled","WAEC","Polytechnic","ward","Avyi","North East","Taraba","Wukari","Avyi","","54","53","34","9","10","0","1","19","26","0"
"2021/2022","Female","disabled","WAEC","Polytechnic","ward","Bantaje","North East","Taraba","Wukari","Bantaje","","17","17","11","5","5","0","0","6","6","0"
"2021/2022","Female","disabled","WAEC","University","ward","Ardo Kola","North East","Taraba","Ardo Kola","Ardo Kola","","22","22","12","5","5","0","0","10","8","0"
"2021/2022","Female","disabled","WAEC","University","ward","Iware","North East","Taraba","Ardo Kola","Iware","","25","25","16","10","10","0","0","9","6","0"
"2021/2022","Female","disabled","WAEC","University","ward","Abbare Yelwa","North East","Taraba","Jalingo","Abbare Yelwa","","42","42","28","10","10","0","0","14","19","0"
"2021/2022","Female","disabled","WAEC","University","ward","Barade","North East","Taraba","Jalingo","Barade","","74","72","44","10","10","0","2","28","34","0"
"2021/2022","Female","disabled","WAEC","University","ward","Kachalla Sembe","North East","Taraba","Jalingo","Kachalla Sembe","","77","75","46","10","10","0","2","29","37","0"
"2021/2022","Female","disabled","WAEC","University","ward","Gembu 'A'","North East","Taraba","Sardauna","Gembu 'A'","","31","31","19","10","10","0","0","12","9","0"
"2021/2022","Female","disabled","WAEC","University","ward","Akwana","North East","Taraba","Wukari","Akwana","","14","14","8","5","5","0","0","6","3","0"
"2021/2022","Female","disabled","WAEC","University","ward","Bantaje","North East","Taraba","Wukari","Bantaje","","16","16","10","5","5","0","0","6","6","0"
"2021/2022","Male","all","NABTEB","College of Education","ward","Alim-Gora","North East","Taraba","Ardo Kola","Alim-Gora","","236","233","152","33","28","6","3","81","119","6"
"2021/2022","Male","all","NABTEB","College of Education","ward","Ardo Kola","North East","Taraba","Ardo Kola","Ardo Kola","","74","73","51","13","15","0","1","22","38","0"
"2021/2022","Male","all","NABTEB","College of Education","ward","Akate","North East","Taraba","Donga","Akate","","85","84","58","27","22","5","1","26","32","5"
"2021/2022","Male","all","NABTEB","College of Education","ward","Asibiti","North East","Taraba","Donga","Asibiti","","249","245","150","40","37","5","4","95","110","5"
"2021/2022","Male","all","NABTEB","College of Education","ward","Bikadarko","North East","Taraba","Donga","Bikadarko","","140","138","90","34","29","5","2","48","57","5"
"2021/2022","Male","all","NABTEB","College of Education","ward","Abbare Yelwa","North East","Taraba","Jalingo","Abbare Yelwa","","172","170","116","33","30","5","2","54","84","5"
"2021/2022","Male","all","NABTEB","College of Education","ward","Barade","North East","Taraba","Jalingo","Barade","","75","74","51","13","15","0","1","23","38","0"
"2021/2022","Male","all","NABTEB","College of Education","ward","Kachalla Sembe","North East","Taraba","Jalingo","Kachalla Sembe","","155","153","97","28","28","0","2","56","69","0"
"2021/2022","Male","all","NABTEB","College of Education","ward","Gembu 'A'","North East","Taraba","Sardauna","Gembu 'A'","","205","202","132","40","37","5","3","70","93","5"
"2021/2022","Male","all","NABTEB","College of Education","ward","Gembu 'B'","North East","Taraba","Sardauna","Gembu 'B'","","263","259","171","66","64","5","4","88","105","5"
"2021/2022","Male","all","NABTEB","College of Education","ward","Kabri","North East","Taraba","Sardauna","Kabri","","173","170","116","34","29","6","3","54","83","6"
"2021/2022","Male","all","NABTEB","College of Education","ward","Akwana","North East","Taraba","Wukari","Akwana","","77","76","51","13","14","0","1","25","38","0"
"2021/2022","Male","all","NABTEB","College of Education","ward","Avyi","North East","Taraba","Wukari","Avyi","","257","253","175","68","58","10","4","78","108","10"
"2021/2022","Male","all","NABTEB","College of Education","ward","Bantaje","North East","Taraba","Wukari","Bantaje","","137","135","93","27","29","0","2","42","67","0"
"2021/2022","Male","all","NABTEB","Polytechnic","ward","Alim-Gora","North East","Taraba","Ardo Kola","Alim-Gora","","160","158","107","34","36","0","2","51","73","0"
"2021/2022","Male","all","NABTEB","Polytechnic","ward","Ardo Kola","North East","Taraba","Ardo Kola","Ardo Kola","","269","265","167","53","43","11","4","98","114","11"
"2021/2022","Male","all","NABTEB","Polytechnic","ward","Iware","North East","Taraba","Ardo Kola","Iware","","148","146","103","47","44","5","2","43","57","5"
"2021/2022","Male","all","NABTEB","Polytechnic","ward","Akate","North East","Taraba","Donga","Akate","","208","205","134","42","45","0","3","71","92","0"
"2021/2022","Male","all","NABTEB","Polytechnic","ward","Asibiti","North East","Taraba","Donga","Asibiti","","157","155","98","20","22","0","2","57","78","0"
"2021/2022","Male","all","NABTEB","Polytechnic","ward","Bikadarko","North East","Taraba","Donga","Bikadarko","","332","327","204","53","44","10","5","123","152","10"
"2021/2022","Male","all","NABTEB","Polytechnic","ward","Barade","North East","Taraba","Jalingo","Barade","","139","137","90","34","29","5","2","47","56","5"
"2021/2022","Male","all","NABTEB","Polytechnic","ward","Gembu 'B'","North East","Taraba","Sardauna","Gembu 'B'","","110","108","67","20","15","5","2","41","48","5"
"2021/2022","Male","all","NABTEB","Polytechnic","ward","Kabri","North East","Taraba","Sardauna","Kabri","","201","198","132","41","36","5","3","66","91","5"
"2021/2022","Male","all","NABTEB","Polytechnic","ward","Akwana","North East","Taraba","Wukari","Akwana","","190","187","123","40","36","6","3","64","83","6"
"2021/2022","Male","all","NABTEB","Polytechnic","ward","Avyi","North East","Taraba","Wukari","Avyi","","198","195","139","54","49","5","3","56","84","5"
"2021/2022","Male","all","NABTEB","Polytechnic","ward","Bantaje","North East","Taraba","Wukari","Bantaje","","77","76","51","14","14","0","1","25","38","0"
"2021/2022","Male","all","NABTEB","University","ward","Ardo Kola","North East","Taraba","Ardo Kola","Ardo Kola","","113","111","74","20","15","5","2","37","55","5"
"2021/2022","Male","all","NABTEB","University","ward","Iware","North East","Taraba","Ardo Kola","Iware","","139","137","90","28","29","0","2","47","62","0"
"2021/2022","Male","all","NABTEB","University","ward","Abbare Yelwa","North East","Taraba","Jalingo","Abbare Yelwa","","166","164","110","33","30","5","2","54","78","5"
"2021/2022","Male","all","NABTEB","University","ward","Barade","North East","Taraba","Jalingo","Barade","","250","246","155","47","37","10","4","91","108","10"
"2021/2022","Male","all","NABTEB","University","ward","Kachalla Sembe","North East","Taraba","Jalingo","Kachalla Sembe","","283","279","184","68","65","5","4","95","117","5"
"2021/2022","Male","all","NABTEB","University","ward","Gembu 'A'","North East","Taraba","Sardauna","Gembu 'A'","","159","157","107","27","30","0","2","50","80","0"
"2021/2022","Male","all","NABTEB","University","ward","Akwana","North East","Taraba","Wukari","Akwana","","62","61","39","14","14","0","1","22","25","0"
"2021/2022","Male","all","NABTEB","University","ward","Bantaje","North East","Taraba","Wukari","Bantaje","","82","81","51","14","14","0","1","30","37","0"
"2021/2022","Male","all","NECO","College of Education","ward","Alim-Gora","North East","Taraba","Ardo Kola","Alim-Gora","","475","468","297","82","68","14","7","171","216","14"
"2021/2022","Male","all","NECO","College of Education","ward","Ardo Kola","North East","Taraba","Ardo Kola","Ardo Kola","","128","126","88","33","28","5","2","38","56","5"
"2021/2022","Male","all","NECO","College of Education","ward","Akate","North East","Taraba","Donga","Akate","","159","157","111","44","40","4","2","46","68","4"
"2021/2022","Male","all","NECO","College of Education","ward","Asibiti","North East","Taraba","Donga","Asibiti","","452","445","303","82","74","8","7","142","221","8"
"2021/2022","Male","all","NECO","College of Education","ward","Bikadarko","North East","Taraba","Donga","Bikadarko","","226","223","152","49","45","4","3","71","103","4"
"2021/2022","Male","all","NECO","College of Education","ward","Abbare Yelwa","North East","Taraba","Jalingo","Abbare Yelwa","","356","351","233","75","62","13","5","118","158","13"
"2021/2022","Male","all","NECO","College of Education","ward","Barade","North East","Taraba","Jalingo","Barade","","136","134","97","37","34","4","2","37","59","4"
"2021/2022","Male","all","NECO","College of Education","ward","Kachalla Sembe","North East","Taraba","Jalingo","Kachalla Sembe","","332","327","214","65","57","8","5","113","150","8"
"2021/2022","Male","all","NECO","College of Education","ward","Gembu 'A'","North East","Taraba","Sardauna","Gembu 'A'","","331","326","214","71","62","9","5","112","143","9"
"2021/2022","Male","all","NECO","College of Education","ward","Gembu 'B'","North East","Taraba","Sardauna","Gembu 'B'","","546","538","359","146","124","22","8","179","213","22"
"2021/2022","Male","all","NECO","College of Education","ward","Kabri","North East","Taraba","Sardauna","Kabri","","317","312","208","71","62","9","5","104","137","9"
"2021/2022","Male","all","NECO","College of Education","ward","Akwana","North East","Taraba","Wukari","Akwana","","150","148","102","43","39","4","2","46","58","4"
"2021/2022","Male","all","NECO","College of Education","ward","Avyi","North East","Taraba","Wukari","Avyi","","455","449","292","98","85","13","6","157","195","13"
"2021/2022","Male","all","NECO","College of Education","ward","Bantaje","North East","Taraba","Wukari","Bantaje","","283","279","194","71","62","9","4","85","124","9"
"2021/2022","Male","all","NECO","Polytechnic","ward","Alim-Gora","North East","Taraba","Ardo Kola","Alim-Gora","","295","290","206","81","73","8","5","84","124","8"
"2021/2022","Male","all","NECO","Polytechnic","ward","Ardo Kola","North East","Taraba","Ardo Kola","Ardo Kola","","501","493","340","98","85","13","8","153","242","13"
"2021/2022","Male","all","NECO","Polytechnic","ward","Iware","North East","Taraba","Ardo Kola","Iware","","240","236","163","65","56","10","4","73","97","10"
"2021/2022","Male","all","NECO","Polytechnic","ward","Akate","North East","Taraba","Donga","Akate","","365","359","236","81","66","15","6","123","155","15"
"2021/2022","Male","all","NECO","Polytechnic","ward","Asibiti","North East","Taraba","Donga","Asibiti","","282","278","177","49","45","5","4","101","128","5"
"2021/2022","Male","all","NECO","Polytechnic","ward","Bikadarko","North East","Taraba","Donga","Bikadarko","","658","649","404","121","102","19","9","245","283","19"
"2021/2022","Male","all","NECO","Polytechnic","ward","Barade","North East","Taraba","Jalingo","Barade","","213","210","137","44","40","4","3","73","93","4"
"2021/2022","Male","all","NECO","Polytechnic","ward","Gembu 'B'","North East","Taraba","Sardauna","Gembu 'B'","","208","205","125","33","28","5","3","80","93","5"
"2021/2022","Male","all","NECO","Polytechnic","ward","Kabri","North East","Taraba","Sardauna","Kabri","","416","410","267","91","79","12","6","143","176","12"
"2021/2022","Male","all","NECO","Polytechnic","ward","Akwana","North East","Taraba","Wukari","Akwana","","372","367","235","81","73","8","5","132","154","8"
"2021/2022","Male","all","NECO","Polytechnic","ward","Avyi","North East","Taraba","Wukari","Avyi","","342","337","229","71","62","9","5","108","158","9"
"2021/2022","Male","all","NECO","Polytechnic","ward","Bantaje","North East","Taraba","Wukari","Bantaje","","147","145","97","33","28","5","2","48","64","5"
"2021/2022","Male","all","NECO","University","ward","Ardo Kola","North East","Taraba","Ardo Kola","Ardo Kola","","219","216","145","54","45","10","3","71","90","10"
"2021/2022","Male","all","NECO","University","ward","Iware","North East","Taraba","Ardo Kola","Iware","","225","222","148","49","40","9","3","74","100","9"
"2021/2022","Male","all","NECO","University","ward","Abbare Yelwa","North East","Taraba","Jalingo","Abbare Yelwa","","379","373","245","81","67","14","6","128","164","14"
"2021/2022","Male","all","NECO","University","ward","Barade","North East","Taraba","Jalingo","Barade","","470","463","288","93","79","14","7","175","196","14"
"2021/2022","Male","all","NECO","University","ward","Kachalla Sembe","North East","Taraba","Jalingo","Kachalla Sembe","","515","507","323","98","90","8","8","184","225","8"
"2021/2022","Male","all","NECO","University","ward","Gembu 'A'","North East","Taraba","Sardauna","Gembu 'A'","","276","272","177","70","62","9","4","95","106","9"
"2021/2022","Male","all","NECO","University","ward","Akwana","North East","Taraba","Wukari","Akwana","","82","81","51","22","17","5","1","30","30","5"
"2021/2022","Male","all","NECO","University","ward","Bantaje","North East","Taraba","Wukari","Bantaje","","123","121","76","27","23","4","2","45","50","4"
"2021/2022","Male","all","WAEC","College of Education","ward","Alim-Gora","North East","Taraba","Ardo Kola","Alim-Gora","","607","598","370","114","103","11","9","228","255","11"
"2021/2022","Male","all","WAEC","College of Education","ward","Ardo Kola","North East","Taraba","Ardo Kola","Ardo Kola","","171","168","108","38","36","2","3","60","70","2"
"2021/2022","Male","all","WAEC","College of Education","ward","Akate","North East","Taraba","Donga","Akate","","189","186","121","58","52","6","3","65","64","6"
"2021/2022","Male","all","WAEC","College of Education","ward","Asibiti","North East","Taraba","Donga","Asibiti","","590","581","365","120","109","11","9","216","246","11"
"2021/2022","Male","all","WAEC","College of Education","ward","Bikadarko","North East","Taraba","Donga","Bikadarko","","310","305","199","72","67","5","5","106","127","5"
"2021/2022","Male","all","WAEC","College of Education","ward","Abbare Yelwa","North East","Taraba","Jalingo","Abbare Yelwa","","478","471","294","96","89","7","7","177","199","7"
"2021/2022","Male","all","WAEC","College of Education","ward","Barade","North East","Taraba","Jalingo","Barade","","195","192","133","43","42","1","3","59","90","1"
"2021/2022","Male","all","WAEC","College of Education","ward","Kachalla Sembe","North East","Taraba","Jalingo","Kachalla Sembe","","445","438","285","85","77","8","7","153","200","8"
"2021/2022","Male","all","WAEC","College of Education","ward","Gembu 'A'","North East","Taraba","Sardauna","Gembu 'A'","","457","450","296","101","89","12","7","154","195","12"
"2021/2022","Male","all","WAEC","College of Education","ward","Gembu 'B'","North East","Taraba","Sardauna","Gembu 'B'","","656","646","440","162","150","13","10","206","277","13"
"2021/2022","Male","all","WAEC","College of Education","ward","Kabri","North East","Taraba","Sardauna","Kabri","","429","423","273","106","93","13","6","150","168","13"
"2021/2022","Male","all","WAEC","College of Education","ward","Akwana","North East","Taraba","Wukari","Akwana","","205","202","140","52","51","1","3","62","87","1"
"2021/2022","Male","all","WAEC","College of Education","ward","Avyi","North East","Taraba","Wukari","Avyi","","664","654","435","158","145","13","10","219","277","13"
"2021/2022","Male","all","WAEC","College of Education","ward","Bantaje","North East","Taraba","Wukari","Bantaje","","356","350","241","82","73","9","6","109","160","9"
"2021/2022","Male","all","WAEC","Polytechnic","ward","Alim-Gora","North East","Taraba","Ardo Kola","Alim-Gora","","409","403","280","101","89","12","6","123","180","12"
"2021/2022","Male","all","WAEC","Polytechnic","ward","Ardo Kola","North East","Taraba","Ardo Kola","Ardo Kola","","683","673","448","158","140","18","10","225","290","18"
"2021/2022","Male","all","WAEC","Polytechnic","ward","Iware","North East","Taraba","Ardo Kola","Iware","","356","351","246","94","88","7","5","105","151","7"
"2021/2022","Male","all","WAEC","Polytechnic","ward","Akate","North East","Taraba","Donga","Akate","","538","530","352","129","125","4","8","178","224","4"
"2021/2022","Male","all","WAEC","Polytechnic","ward","Asibiti","North East","Taraba","Donga","Asibiti","","379","373","240","77","68","9","6","133","163","9"
"2021/2022","Male","all","WAEC","Polytechnic","ward","Bikadarko","North East","Taraba","Donga","Bikadarko","","810","798","532","172","160","12","12","266","360","12"
"2021/2022","Male","all","WAEC","Polytechnic","ward","Barade","North East","Taraba","Jalingo","Barade","","325","320","209","81","73","9","5","111","127","9"
"2021/2022","Male","all","WAEC","Polytechnic","ward","Gembu 'B'","North East","Taraba","Sardauna","Gembu 'B'","","288","284","179","48","42","6","4","105","132","6"
"2021/2022","Male","all","WAEC","Polytechnic","ward","Kabri","North East","Taraba","Sardauna","Kabri","","472","465","304","115","103","12","7","161","190","12"
"2021/2022","Male","all","WAEC","Polytechnic","ward","Akwana","North East","Taraba","Wukari","Akwana","","487","480","310","110","104","6","7","170","200","6"
"2021/2022","Male","all","WAEC","Polytechnic","ward","Avyi","North East","Taraba","Wukari","Avyi","","409","403","280","111","104","7","6","123","170","7"
"2021/2022","Male","all","WAEC","Polytechnic","ward","Bantaje","North East","Taraba","Wukari","Bantaje","","206","203","126","43","42","1","3","77","84","1"
"2021/2022","Male","all","WAEC","University","ward","Ardo Kola","North East","Taraba","Ardo Kola","Ardo Kola","","240","236","161","53","47","6","4","75","109","6"
"2021/2022","Male","all","WAEC","University","ward","Iware","North East","Taraba","Ardo Kola","Iware","","291","287","185","63","57","6","4","102","123","6"
"2021/2022","Male","all","WAEC","University","ward","Abbare Yelwa","North East","Taraba","Jalingo","Abbare Yelwa","","446","439","275","86","78","8","7","164","189","8"
"2021/2022","Male","all","WAEC","University","ward","Barade","North East","Taraba","Jalingo","Barade","","649","640","402","125","114","11","9","238","278","11"
"2021/2022","Male","all","WAEC","University","ward","Kachalla Sembe","North East","Taraba","Jalingo","Kachalla Sembe","","718","707","466","144","130","14","11","241","322","14"
"2021/2022","Male","all","WAEC","University","ward","Gembu 'A'","North East","Taraba","Sardauna","Gembu 'A'","","392","386","261","91","83","8","6","125","171","8"
"2021/2022","Male","all","WAEC","University","ward","Akwana","North East","Taraba","Wukari","Akwana","","139","137","87","34","31","3","2","50","53","3"
"2021/2022","Male","all","WAEC","University","ward","Bantaje","North East","Taraba","Wukari","Bantaje","","186","183","121","43","42","1","3","62","79","1"
"2021/2022","Male","disabled","NABTEB","College of Education","ward","Alim-Gora","North East","Taraba","Ardo Kola","Alim-Gora","","27","27","16","0","0","0","0","11","16","0"
"2021/2022","Male","disabled","NABTEB","College of Education","ward","Ardo Kola","North East","Taraba","Ardo Kola","Ardo Kola","","10","10","5","0","0","0","0","5","5","0"
"2021/2022","Male","disabled","NABTEB","College of Education","ward","Akate","North East","Taraba","Donga","Akate","","10","10","6","6","6","0","0","4","0","0"
"2021/2022","Male","disabled","NABTEB","College of Education","ward","Asibiti","North East","Taraba","Donga","Asibiti","","23","23","13","0","0","0","0","10","13","0"
"2021/2022","Male","disabled","NABTEB","College of Education","ward","Bikadarko","North East","Taraba","Donga","Bikadarko","","10","10","6","0","0","0","0","4","6","0"
"2021/2022","Male","disabled","NABTEB","College of Education","ward","Abbare Yelwa","North East","Taraba","Jalingo","Abbare Yelwa","","21","21","13","0","0","0","0","8","13","0"
"2021/2022","Male","disabled","NABTEB","College of Education","ward","Barade","North East","Taraba","Jalingo","Barade","","10","10","6","0","0","0","0","4","6","0"
"2021/2022","Male","disabled","NABTEB","College of Education","ward","Kachalla Sembe","North East","Taraba","Jalingo","Kachalla Sembe","","21","21","11","0","0","0","0","10","11","0"
"2021/2022","Male","disabled","NABTEB","College of Education","ward","Gembu 'A'","North East","Taraba","Sardauna","Gembu 'A'","","21","21","11","0","0","0","0","10","11","0"
"2021/2022","Male","disabled","NABTEB","College of Education","ward","Gembu 'B'","North East","Taraba","Sardauna","Gembu 'B'","","35","35","22","7","7","0","0","13","15","0"
"2021/2022","Male","disabled","NABTEB","College of Education","ward","Kabri","North East","Taraba","Sardauna","Kabri","","24","24","16","0","0","0","0","8","16","0"
"2021/2022","Male","disabled","NABTEB","College of Education","ward","Akwana","North East","Taraba","Wukari","Akwana","","10","10","5","0","0","0","0","5","5","0"
"2021/2022","Male","disabled","NABTEB","College of Education","ward","Avyi","North East","Taraba","Wukari","Avyi","","34","34","22","14","14","0","0","12","9","0"
"2021/2022","Male","disabled","NABTEB","College of Education","ward","Bantaje","North East","Taraba","Wukari","Bantaje","","21","21","11","0","0","0","0","10","11","0"
"2021/2022","Male","disabled","NABTEB","Polytechnic","ward","Alim-Gora","North East","Taraba","Ardo Kola","Alim-Gora","","21","21","11","7","7","0","0","10","6","0"
"2021/2022","Male","disabled","NABTEB","Polytechnic","ward","Ardo Kola","North East","Taraba","Ardo Kola","Ardo Kola","","24","24","12","0","0","0","0","12","12","0"
"2021/2022","Male","disabled","NABTEB","Polytechnic","ward","Iware","North East","Taraba","Ardo Kola","Iware","","21","21","13","13","13","0","0","8","0","0"
"2021/2022","Male","disabled","NABTEB","Polytechnic","ward","Akate","North East","Taraba","Donga","Akate","","32","32","17","0","0","0","0","15","17","0"
"2021/2022","Male","disabled","NABTEB","Polytechnic","ward","Asibiti","North East","Taraba","Donga","Asibiti","","21","21","13","0","0","0","0","8","13","0"
"2021/2022","Male","disabled","NABTEB","Polytechnic","ward","Bikadarko","North East","Taraba","Donga","Bikadarko","","35","35","21","0","0","0","0","14","21","0"
"2021/2022","Male","disabled","NABTEB","Polytechnic","ward","Barade","North East","Taraba","Jalingo","Barade","","18","18","12","7","7","0","0","6","6","0"
"2021/2022","Male","disabled","NABTEB","Polytechnic","ward","Gembu 'B'","North East","Taraba","Sardauna","Gembu 'B'","","10","10","5","0","0","0","0","5","5","0"
"2021/2022","Male","disabled","NABTEB","Polytechnic","ward","Kabri","North East","Taraba","Sardauna","Kabri","","26","26","15","0","0","0","0","11","15","0"
"2021/2022","Male","disabled","NABTEB","Polytechnic","ward","Akwana","North East","Taraba","Wukari","Akwana","","26","26","15","7","7","0","0","11","10","0"
"2021/2022","Male","disabled","NABTEB","Polytechnic","ward","Avyi","North East","Taraba","Wukari","Avyi","","29","29","18","7","7","0","0","11","12","0"
"2021/2022","Male","disabled","NABTEB","Polytechnic","ward","Bantaje","North East","Taraba","Wukari","Bantaje","","10","10","5","0","0","0","0","5","5","0"
"2021/2022","Male","disabled","NABTEB","University","ward","Ardo Kola","North East","Taraba","Ardo Kola","Ardo Kola","","10","10","5","0","0","0","0","5","5","0"
"2021/2022","Male","disabled","NABTEB","University","ward","Iware","North East","Taraba","Ardo Kola","Iware","","21","21","13","0","0","0","0","8","13","0"
"2021/2022","Male","disabled","NABTEB","University","ward","Abbare Yelwa","North East","Taraba","Jalingo","Abbare Yelwa","","21","21","12","0","0","0","0","9","12","0"
"2021/2022","Male","disabled","NABTEB","University","ward","Barade","North East","Taraba","Jalingo","Barade","","26","26","13","0","0","0","0","13","13","0"
"2021/2022","Male","disabled","NABTEB","University","ward","Kachalla Sembe","North East","Taraba","Jalingo","Kachalla Sembe","","35","35","20","14","14","0","0","15","6","0"
"2021/2022","Male","disabled","NABTEB","University","ward","Gembu 'A'","North East","Taraba","Sardauna","Gembu 'A'","","21","21","11","0","0","0","0","10","11","0"
"2021/2022","Male","disabled","NABTEB","University","ward","Akwana","North East","Taraba","Wukari","Akwana","","10","10","5","0","0","0","0","5","5","0"
"2021/2022","Male","disabled","NABTEB","University","ward","Bantaje","North East","Taraba","Wukari","Bantaje","","10","10","5","0","0","0","0","5","5","0"
"2021/2022","Male","disabled","NECO","College of Education","ward","Alim-Gora","North East","Taraba","Ardo Kola","Alim-Gora","","53","53","30","10","12","0","0","23","21","0"
"2021/2022","Male","disabled","NECO","College of Education","ward","Ardo Kola","North East","Taraba","Ardo Kola","Ardo Kola","","11","11","6","0","0","0","0","5","6","0"
"2021/2022","Male","disabled","NECO","College of Education","ward","Akate","North East","Taraba","Donga","Akate","","14","14","9","5","5","0","0","5","4","0"
"2021/2022","Male","disabled","NECO","College of Education","ward","Asibiti","North East","Taraba","Donga","Asibiti","","39","39","25","5","6","0","0","14","20","0"
"2021/2022","Male","disabled","NECO","College of Education","ward","Bikadarko","North East","Taraba","Donga","Bikadarko","","19","19","10","6","6","0","0","9","5","0"
"2021/2022","Male","disabled","NECO","College of Education","ward","Abbare Yelwa","North East","Taraba","Jalingo","Abbare Yelwa","","37","37","23","11","12","0","0","14","12","0"
"2021/2022","Male","disabled","NECO","College of Education","ward","Barade","North East","Taraba","Jalingo","Barade","","16","16","10","6","6","0","0","6","5","0"
"2021/2022","Male","disabled","NECO","College of Education","ward","Kachalla Sembe","North East","Taraba","Jalingo","Kachalla Sembe","","42","42","26","10","12","0","0","16","16","0"
"2021/2022","Male","disabled","NECO","College of Education","ward","Gembu 'A'","North East","Taraba","Sardauna","Gembu 'A'","","34","34","20","5","6","0","0","14","15","0"
"2021/2022","Male","disabled","NECO","College of Education","ward","Gembu 'B'","North East","Taraba","Sardauna","Gembu 'B'","","60","59","38","16","18","0","1","21","22","0"
"2021/2022","Male","disabled","NECO","College of Education","ward","Kabri","North East","Taraba","Sardauna","Kabri","","36","36","23","5","6","0","0","13","18","0"
"2021/2022","Male","disabled","NECO","College of Education","ward","Akwana","North East","Taraba","Wukari","Akwana","","16","16","10","5","6","0","0","6","6","0"
"2021/2022","Male","disabled","NECO","College of Education","ward","Avyi","North East","Taraba","Wukari","Avyi","","58","58","36","12","12","0","0","22","25","0"
"2021/2022","Male","disabled","NECO","College of Education","ward","Bantaje","North East","Taraba","Wukari","Bantaje","","31","31","17","10","12","0","0","14","7","0"
"2021/2022","Male","disabled","NECO","Polytechnic","ward","Alim-Gora","North East","Taraba","Ardo Kola","Alim-Gora","","28","28","20","10","12","0","0","8","10","0"
"2021/2022","Male","disabled","NECO","Polytechnic","ward","Ardo Kola","North East","Taraba","Ardo Kola","Ardo Kola","","48","48","28","5","5","0","0","20","23","0"
"2021/2022","Male","disabled","NECO","Polytechnic","ward","Iware","North East","Taraba","Ardo Kola","Iware","","28","28","20","10","12","0","0","8","10","0"
"2021/2022","Male","disabled","NECO","Polytechnic","ward","Akate","North East","Taraba","Donga","Akate","","42","42","26","5","5","0","0","16","21","0"
"2021/2022","Male","disabled","NECO","Polytechnic","ward","Asibiti","North East","Taraba","Donga","Asibiti","","31","31","17","0","0","0","0","14","17","0"
"2021/2022","Male","disabled","NECO","Polytechnic","ward","Bikadarko","North East","Taraba","Donga","Bikadarko","","65","65","38","6","6","0","0","27","32","0"
"2021/2022","Male","disabled","NECO","Polytechnic","ward","Barade","North East","Taraba","Jalingo","Barade","","27","27","16","6","6","0","0","11","11","0"
"2021/2022","Male","disabled","NECO","Polytechnic","ward","Gembu 'B'","North East","Taraba","Sardauna","Gembu 'B'","","22","22","11","0","0","0","0","11","11","0"
"2021/2022","Male","disabled","NECO","Polytechnic","ward","Kabri","North East","Taraba","Sardauna","Kabri","","48","48","29","5","6","0","0","19","24","0"
"2021/2022","Male","disabled","NECO","Polytechnic","ward","Akwana","North East","Taraba","Wukari","Akwana","","49","48","29","10","12","0","1","19","19","0"
"2021/2022","Male","disabled","NECO","Polytechnic","ward","Avyi","North East","Taraba","Wukari","Avyi","","45","45","29","11","12","0","0","16","18","0"
"2021/2022","Male","disabled","NECO","Polytechnic","ward","Bantaje","North East","Taraba","Wukari","Bantaje","","14","14","9","5","6","0","0","5","4","0"
"2021/2022","Male","disabled","NECO","University","ward","Ardo Kola","North East","Taraba","Ardo Kola","Ardo Kola","","22","22","13","5","6","0","0","9","9","0"
"2021/2022","Male","disabled","NECO","University","ward","Iware","North East","Taraba","Ardo Kola","Iware","","22","22","15","5","5","0","0","7","10","0"
"2021/2022","Male","disabled","NECO","University","ward","Abbare Yelwa","North East","Taraba","Jalingo","Abbare Yelwa","","42","42","24","11","12","0","0","18","14","0"
"2021/2022","Male","disabled","NECO","University","ward","Barade","North East","Taraba","Jalingo","Barade","","53","53","30","6","5","1","0","23","25","1"
"2021/2022","Male","disabled","NECO","University","ward","Kachalla Sembe","North East","Taraba","Jalingo","Kachalla Sembe","","62","61","36","11","12","0","1","25","26","0"
"2021/2022","Male","disabled","NECO","University","ward","Gembu 'A'","North East","Taraba","Sardauna","Gembu 'A'","","31","31","18","10","11","0","0","13","8","0"
"2021/2022","Male","disabled","NECO","University","ward","Akwana","North East","Taraba","Wukari","Akwana","","11","11","6","5","6","0","0","5","1","0"
"2021/2022","Male","disabled","NECO","University","ward","Bantaje","North East","Taraba","Wukari","Bantaje","","11","11","6","5","6","0","0","5","1","0"
"2021/2022","Male","disabled","WAEC","College of Education","ward","Alim-Gora","North East","Taraba","Ardo Kola","Alim-Gora","","69","67","37","10","10","0","2","30","28","0"
"2021/2022","Male","disabled","WAEC","College of Education","ward","Ardo Kola","North East","Taraba","Ardo Kola","Ardo Kola","","17","17","11","5","5","0","0","6","6","0"
"2021/2022","Male","disabled","WAEC","College of Education","ward","Akate","North East","Taraba","Donga","Akate","","16","16","10","5","5","0","0","6","6","0"
"2021/2022","Male","disabled","WAEC","College of Education","ward","Asibiti","North East","Taraba","Donga","Asibiti","","60","59","33","10","10","0","1","26","24","0"
"2021/2022","Male","disabled","WAEC","College of Education","ward","Bikadarko","North East","Taraba","Donga","Bikadarko","","24","24","15","5","5","0","0","9","11","0"
"2021/2022","Male","disabled","WAEC","College of Education","ward","Abbare Yelwa","North East","Taraba","Jalingo","Abbare Yelwa","","47","47","26","10","10","0","0","21","17","0"
"2021/2022","Male","disabled","WAEC","College of Education","ward","Barade","North East","Taraba","Jalingo","Barade","","27","27","18","5","5","0","0","9","14","0"
"2021/2022","Male","disabled","WAEC","College of Education","ward","Kachalla Sembe","North East","Taraba","Jalingo","Kachalla Sembe","","56","56","35","10","10","0","0","21","25","0"
"2021/2022","Male","disabled","WAEC","College of Education","ward","Gembu 'A'","North East","Taraba","Sardauna","Gembu 'A'","","47","47","28","10","10","0","0","19","19","0"
"2021/2022","Male","disabled","WAEC","College of Education","ward","Gembu 'B'","North East","Taraba","Sardauna","Gembu 'B'","","74","73","45","14","16","0","1","28","32","0"
"2021/2022","Male","disabled","WAEC","College of Education","ward","Kabri","North East","Taraba","Sardauna","Kabri","","49","48","29","10","10","0","1","19","19","0"
"2021/2022","Male","disabled","WAEC","College of Education","ward","Akwana","North East","Taraba","Wukari","Akwana","","22","22","15","5","5","0","0","7","11","0"
"2021/2022","Male","disabled","WAEC","College of Education","ward","Avyi","North East","Taraba","Wukari","Avyi","","89","87","57","18","20","0","2","30","40","0"
"2021/2022","Male","disabled","WAEC","College of Education","ward","Bantaje","North East","Taraba","Wukari","Bantaje","","34","34","21","10","10","0","0","13","11","0"
"2021/2022","Male","disabled","WAEC","Polytechnic","ward","Alim-Gora","North East","Taraba","Ardo Kola","Alim-Gora","","42","42","27","10","10","0","0","15","17","0"
"2021/2022","Male","disabled","WAEC","Polytechnic","ward","Ardo Kola","North East","Taraba","Ardo Kola","Ardo Kola","","68","67","42","10","10","0","1","25","33","0"
"2021/2022","Male","disabled","WAEC","Polytechnic","ward","Iware","North East","Taraba","Ardo Kola","Iware","","42","42","27","10","10","0","0","15","17","0"
"2021/2022","Male","disabled","WAEC","Polytechnic","ward","Akate","North East","Taraba","Donga","Akate","","62","62","40","15","15","0","0","22","25","0"
"2021/2022","Male","disabled","WAEC","Polytechnic","ward","Asibiti","North East","Taraba","Donga","Asibiti","","42","42","24","10","10","0","0","18","14","0"
"2021/2022","Male","disabled","WAEC","Polytechnic","ward","Bikadarko","North East","Taraba","Donga","Bikadarko","","86","86","52","15","15","0","0","34","38","0"
"2021/2022","Male","disabled","WAEC","Polytechnic","ward","Barade","North East","Taraba","Jalingo","Barade","","45","44","28","9","10","0","1","16","20","0"
"2021/2022","Male","disabled","WAEC","Polytechnic","ward","Gembu 'B'","North East","Taraba","Sardauna","Gembu 'B'","","30","30","18","5","5","0","0","12","14","0"
"2021/2022","Male","disabled","WAEC","Polytechnic","ward","Kabri","North East","Taraba","Sardauna","Kabri","","62","61","37","14","16","0","1","24","24","0"
"2021/2022","Male","disabled","WAEC","Polytechnic","ward","Akwana","North East","Taraba","Wukari","Akwana","","65","64","36","14","15","0","1","28","23","0"
"2021/2022","Male","disabled","WAEC","Polytechnic","ward","Avyi","North East","Taraba","Wukari","Avyi","","56","55","34","14","14","0","1","21","20","0"
"2021/2022","Male","disabled","WAEC","Polytechnic","ward","Bantaje","North East","Taraba","Wukari","Bantaje","","16","16","10","5","5","0","0","6","6","0"
"2021/2022","Male","disabled","WAEC","University","ward","Ardo Kola","North East","Taraba","Ardo Kola","Ardo Kola","","27","27","15","5","5","0","0","12","11","0"
"2021/2022","Male","disabled","WAEC","University","ward","Iware","North East","Taraba","Ardo Kola","Iware","","25","25","16","10","10","0","0","9","6","0"
"2021/2022","Male","disabled","WAEC","University","ward","Abbare Yelwa","North East","Taraba","Jalingo","Abbare Yelwa","","50","50","28","10","10","0","0","22","19","0"
"2021/2022","Male","disabled","WAEC","University","ward","Barade","North East","Taraba","Jalingo","Barade","","73","72","44","10","10","0","1","28","35","0"
"2021/2022","Male","disabled","WAEC","University","ward","Kachalla Sembe","North East","Taraba","Jalingo","Kachalla Sembe","","86","84","49","14","15","0","2","35","36","0"
"2021/2022","Male","disabled","WAEC","University","ward","Gembu 'A'","North East","Taraba","Sardauna","Gembu 'A'","","42","42","25","10","10","0","0","17","16","0"
"2021/2022","Male","disabled","WAEC","University","ward","Akwana","North East","Taraba","Wukari","Akwana","","17","17","11","5","5","0","0","6","6","0"
"2021/2022","Male","disabled","WAEC","University","ward","Bantaje","North East","Taraba","Wukari","Bantaje","","16","16","10","5","5","0","0","6","6","0"
"2022/2023","Female","all","NABTEB","College of Education","ward","Alim-Gora","North East","Taraba","Ardo Kola","Alim-Gora","","222","219","129","31","26","6","3","90","99","6"
"2022/2023","Female","all","NABTEB","College of Education","ward","Ardo Kola","North East","Taraba","Ardo Kola","Ardo Kola","","74","73","45","18","18","0","1","28","26","0"
"2022/2023","Female","all","NABTEB","College of Education","ward","Akate","North East","Taraba","Donga","Akate","","83","82","58","25","19","6","1","24","34","6"
"2022/2023","Female","all","NABTEB","College of Education","ward","Asibiti","North East","Taraba","Donga","Asibiti","","232","228","143","50","39","11","4","85","93","11"
"2022/2023","Female","all","NABTEB","College of Education","ward","Bikadarko","North East","Taraba","Donga","Bikadarko","","134","132","87","37","32","5","2","45","51","5"
"2022/2023","Female","all","NABTEB","College of Education","ward","Abbare Yelwa","North East","Taraba","Jalingo","Abbare Yelwa","","170","167","106","36","31","6","3","61","70","6"
"2022/2023","Female","all","NABTEB","College of Education","ward","Barade","North East","Taraba","Jalingo","Barade","","77","76","51","24","25","0","1","25","26","0"
"2022/2023","Female","all","NABTEB","College of Education","ward","Kachalla Sembe","North East","Taraba","Jalingo","Kachalla Sembe","","173","171","111","30","32","0","2","60","82","0"
"2022/2023","Female","all","NABTEB","College of Education","ward","Gembu 'A'","North East","Taraba","Sardauna","Gembu 'A'","","204","201","133","49","45","5","3","68","84","5"
"2022/2023","Female","all","NABTEB","College of Education","ward","Gembu 'B'","North East","Taraba","Sardauna","Gembu 'B'","","263","259","179","73","65","10","4","80","105","10"
"2022/2023","Female","all","NABTEB","College of Education","ward","Kabri","North East","Taraba","Sardauna","Kabri","","197","194","134","49","45","5","3","60","85","5"
"2022/2023","Female","all","NABTEB","College of Education","ward","Akwana","North East","Taraba","Wukari","Akwana","","77","76","48","18","19","0","1","28","30","0"
"2022/2023","Female","all","NABTEB","College of Education","ward","Avyi","North East","Taraba","Wukari","Avyi","","227","223","146","62","52","10","4","77","85","10"
"2022/2023","Female","all","NABTEB","College of Education","ward","Bantaje","North East","Taraba","Wukari","Bantaje","","167","164","109","42","38","5","3","55","67","5"
"2022/2023","Female","all","NABTEB","Polytechnic","ward","Alim-Gora","North East","Taraba","Ardo Kola","Alim-Gora","","145","143","97","43","32","12","2","46","53","12"
"2022/2023","Female","all","NABTEB","Polytechnic","ward","Ardo Kola","North East","Taraba","Ardo Kola","Ardo Kola","","247","243","159","62","52","10","4","84","98","10"
"2022/2023","Female","all","NABTEB","Polytechnic","ward","Iware","North East","Taraba","Ardo Kola","Iware","","136","134","91","49","44","5","2","43","41","5"
"2022/2023","Female","all","NABTEB","Polytechnic","ward","Akate","North East","Taraba","Donga","Akate","","192","189","116","35","38","0","3","73","81","0"
"2022/2023","Female","all","NABTEB","Polytechnic","ward","Asibiti","North East","Taraba","Donga","Asibiti","","157","155","101","37","38","0","2","54","64","0"
"2022/2023","Female","all","NABTEB","Polytechnic","ward","Bikadarko","North East","Taraba","Donga","Bikadarko","","350","345","226","80","71","10","5","119","146","10"
"2022/2023","Female","all","NABTEB","Polytechnic","ward","Barade","North East","Taraba","Jalingo","Barade","","131","129","84","37","32","5","2","45","48","5"
"2022/2023","Female","all","NABTEB","Polytechnic","ward","Gembu 'B'","North East","Taraba","Sardauna","Gembu 'B'","","95","94","56","12","13","0","1","38","44","0"
"2022/2023","Female","all","NABTEB","Polytechnic","ward","Kabri","North East","Taraba","Sardauna","Kabri","","218","215","147","49","45","5","3","68","99","5"
"2022/2023","Female","all","NABTEB","Polytechnic","ward","Akwana","North East","Taraba","Wukari","Akwana","","175","172","109","42","44","0","3","63","67","0"
"2022/2023","Female","all","NABTEB","Polytechnic","ward","Avyi","North East","Taraba","Wukari","Avyi","","161","159","104","48","44","5","2","55","55","5"
"2022/2023","Female","all","NABTEB","Polytechnic","ward","Bantaje","North East","Taraba","Wukari","Bantaje","","80","79","55","12","13","0","1","24","43","0"
"2022/2023","Female","all","NABTEB","University","ward","Ardo Kola","North East","Taraba","Ardo Kola","Ardo Kola","","108","106","71","30","26","5","2","35","40","5"
"2022/2023","Female","all","NABTEB","University","ward","Iware","North East","Taraba","Ardo Kola","Iware","","110","108","71","24","26","0","2","37","48","0"
"2022/2023","Female","all","NABTEB","University","ward","Abbare Yelwa","North East","Taraba","Jalingo","Abbare Yelwa","","163","161","102","36","32","5","2","59","66","5"
"2022/2023","Female","all","NABTEB","University","ward","Barade","North East","Taraba","Jalingo","Barade","","253","249","164","49","45","5","4","85","115","5"
"2022/2023","Female","all","NABTEB","University","ward","Kachalla Sembe","North East","Taraba","Jalingo","Kachalla Sembe","","252","248","153","50","45","6","4","95","103","6"
"2022/2023","Female","all","NABTEB","University","ward","Gembu 'A'","North East","Taraba","Sardauna","Gembu 'A'","","133","131","87","36","38","0","2","44","50","0"
"2022/2023","Female","all","NABTEB","University","ward","Akwana","North East","Taraba","Wukari","Akwana","","47","46","28","12","13","0","1","18","17","0"
"2022/2023","Female","all","NABTEB","University","ward","Bantaje","North East","Taraba","Wukari","Bantaje","","77","76","48","12","13","0","1","28","36","0"
"2022/2023","Female","all","NECO","College of Education","ward","Alim-Gora","North East","Taraba","Ardo Kola","Alim-Gora","","450","443","290","87","78","9","7","153","203","9"
"2022/2023","Female","all","NECO","College of Education","ward","Ardo Kola","North East","Taraba","Ardo Kola","Ardo Kola","","131","129","86","38","33","5","2","43","49","5"
"2022/2023","Female","all","NECO","College of Education","ward","Akate","North East","Taraba","Donga","Akate","","148","146","97","43","39","4","2","49","55","4"
"2022/2023","Female","all","NECO","College of Education","ward","Asibiti","North East","Taraba","Donga","Asibiti","","476","469","298","96","83","13","7","171","202","13"
"2022/2023","Female","all","NECO","College of Education","ward","Bikadarko","North East","Taraba","Donga","Bikadarko","","256","252","172","70","61","9","4","80","103","9"
"2022/2023","Female","all","NECO","College of Education","ward","Abbare Yelwa","North East","Taraba","Jalingo","Abbare Yelwa","","328","323","198","71","62","9","5","125","128","9"
"2022/2023","Female","all","NECO","College of Education","ward","Barade","North East","Taraba","Jalingo","Barade","","131","129","88","38","33","5","2","41","51","5"
"2022/2023","Female","all","NECO","College of Education","ward","Kachalla Sembe","North East","Taraba","Jalingo","Kachalla Sembe","","304","300","190","71","61","10","4","110","119","10"
"2022/2023","Female","all","NECO","College of Education","ward","Gembu 'A'","North East","Taraba","Sardauna","Gembu 'A'","","359","353","227","87","73","14","6","126","141","14"
"2022/2023","Female","all","NECO","College of Education","ward","Gembu 'B'","North East","Taraba","Sardauna","Gembu 'B'","","494","487","325","130","117","14","7","162","194","14"
"2022/2023","Female","all","NECO","College of Education","ward","Kabri","North East","Taraba","Sardauna","Kabri","","346","341","212","87","73","14","5","129","126","14"
"2022/2023","Female","all","NECO","College of Education","ward","Akwana","North East","Taraba","Wukari","Akwana","","131","129","80","27","22","5","2","49","54","5"
"2022/2023","Female","all","NECO","College of Education","ward","Avyi","North East","Taraba","Wukari","Avyi","","446","440","282","103","90","13","6","158","179","13"
"2022/2023","Female","all","NECO","College of Education","ward","Bantaje","North East","Taraba","Wukari","Bantaje","","305","301","204","81","67","15","4","97","122","15"
"2022/2023","Female","all","NECO","Polytechnic","ward","Alim-Gora","North East","Taraba","Ardo Kola","Alim-Gora","","294","290","189","80","72","9","4","101","108","9"
"2022/2023","Female","all","NECO","Polytechnic","ward","Ardo Kola","North East","Taraba","Ardo Kola","Ardo Kola","","451","444","287","109","95","14","7","157","179","14"
"2022/2023","Female","all","NECO","Polytechnic","ward","Iware","North East","Taraba","Ardo Kola","Iware","","258","255","175","76","67","9","3","80","100","9"
"2022/2023","Female","all","NECO","Polytechnic","ward","Akate","North East","Taraba","Donga","Akate","","331","326","210","93","78","15","5","116","118","15"
"2022/2023","Female","all","NECO","Polytechnic","ward","Asibiti","North East","Taraba","Donga","Asibiti","","291","287","172","59","50","9","4","115","113","9"
"2022/2023","Female","all","NECO","Polytechnic","ward","Bikadarko","North East","Taraba","Donga","Bikadarko","","633","624","411","141","117","24","9","213","270","24"
"2022/2023","Female","all","NECO","Polytechnic","ward","Barade","North East","Taraba","Jalingo","Barade","","248","244","166","65","56","9","4","78","102","9"
"2022/2023","Female","all","NECO","Polytechnic","ward","Gembu 'B'","North East","Taraba","Sardauna","Gembu 'B'","","199","196","123","33","28","5","3","73","91","5"
"2022/2023","Female","all","NECO","Polytechnic","ward","Kabri","North East","Taraba","Sardauna","Kabri","","435","428","286","102","88","14","7","142","184","14"
"2022/2023","Female","all","NECO","Polytechnic","ward","Akwana","North East","Taraba","Wukari","Akwana","","334","329","207","76","67","9","5","122","132","9"
"2022/2023","Female","all","NECO","Polytechnic","ward","Avyi","North East","Taraba","Wukari","Avyi","","304","299","201","86","72","15","5","98","114","15"
"2022/2023","Female","all","NECO","Polytechnic","ward","Bantaje","North East","Taraba","Wukari","Bantaje","","124","122","77","27","22","5","2","45","50","5"
"2022/2023","Female","all","NECO","University","ward","Ardo Kola","North East","Taraba","Ardo Kola","Ardo Kola","","214","211","132","49","45","4","3","79","84","4"
"2022/2023","Female","all","NECO","University","ward","Iware","North East","Taraba","Ardo Kola","Iware","","205","202","129","55","45","10","3","73","75","10"
"2022/2023","Female","all","NECO","University","ward","Abbare Yelwa","North East","Taraba","Jalingo","Abbare Yelwa","","303","298","189","65","55","10","5","109","124","10"
"2022/2023","Female","all","NECO","University","ward","Barade","North East","Taraba","Jalingo","Barade","","522","515","325","113","94","19","7","190","213","19"
"2022/2023","Female","all","NECO","University","ward","Kachalla Sembe","North East","Taraba","Jalingo","Kachalla Sembe","","456","450","271","87","78","9","6","179","185","9"
"2022/2023","Female","all","NECO","University","ward","Gembu 'A'","North East","Taraba","Sardauna","Gembu 'A'","","240","236","151","65","55","10","4","85","86","10"
"2022/2023","Female","all","NECO","University","ward","Akwana","North East","Taraba","Wukari","Akwana","","89","88","58","27","22","5","1","30","31","5"
"2022/2023","Female","all","NECO","University","ward","Bantaje","North East","Taraba","Wukari","Bantaje","","145","143","88","38","33","5","2","55","51","5"
"2022/2023","Female","all","WAEC","College of Education","ward","Alim-Gora","North East","Taraba","Ardo Kola","Alim-Gora","","581","572","339","124","113","11","9","233","215","11"
"2022/2023","Female","all","WAEC","College of Education","ward","Ardo Kola","North East","Taraba","Ardo Kola","Ardo Kola","","172","169","106","48","46","2","3","63","59","2"
"2022/2023","Female","all","WAEC","College of Education","ward","Akate","North East","Taraba","Donga","Akate","","212","209","146","61","55","6","3","63","84","6"
"2022/2023","Female","all","WAEC","College of Education","ward","Asibiti","North East","Taraba","Donga","Asibiti","","557","549","350","124","113","11","8","199","226","11"
"2022/2023","Female","all","WAEC","College of Education","ward","Bikadarko","North East","Taraba","Donga","Bikadarko","","325","320","205","80","72","9","5","115","124","9"
"2022/2023","Female","all","WAEC","College of Education","ward","Abbare Yelwa","North East","Taraba","Jalingo","Abbare Yelwa","","447","440","280","105","98","7","7","160","175","7"
"2022/2023","Female","all","WAEC","College of Education","ward","Barade","North East","Taraba","Jalingo","Barade","","195","192","133","57","51","6","3","59","77","6"
"2022/2023","Female","all","WAEC","College of Education","ward","Kachalla Sembe","North East","Taraba","Jalingo","Kachalla Sembe","","411","405","251","86","77","9","6","154","165","9"
"2022/2023","Female","all","WAEC","College of Education","ward","Gembu 'A'","North East","Taraba","Sardauna","Gembu 'A'","","482","475","298","123","112","11","7","177","175","11"
"2022/2023","Female","all","WAEC","College of Education","ward","Gembu 'B'","North East","Taraba","Sardauna","Gembu 'B'","","569","561","377","147","134","14","8","184","229","14"
"2022/2023","Female","all","WAEC","College of Education","ward","Kabri","North East","Taraba","Sardauna","Kabri","","477","470","302","114","108","6","7","168","188","6"
"2022/2023","Female","all","WAEC","College of Education","ward","Akwana","North East","Taraba","Wukari","Akwana","","177","174","114","43","41","2","3","60","71","2"
"2022/2023","Female","all","WAEC","College of Education","ward","Avyi","North East","Taraba","Wukari","Avyi","","628","618","418","163","149","14","10","200","255","14"
"2022/2023","Female","all","WAEC","College of Education","ward","Bantaje","North East","Taraba","Wukari","Bantaje","","388","382","256","100","88","13","6","126","155","13"
"2022/2023","Female","all","WAEC","Polytechnic","ward","Alim-Gora","North East","Taraba","Ardo Kola","Alim-Gora","","368","362","237","95","87","8","6","125","143","8"
"2022/2023","Female","all","WAEC","Polytechnic","ward","Ardo Kola","North East","Taraba","Ardo Kola","Ardo Kola","","554","546","349","133","118","15","8","197","216","15"
"2022/2023","Female","all","WAEC","Polytechnic","ward","Iware","North East","Taraba","Ardo Kola","Iware","","359","354","239","104","97","7","5","115","135","7"
"2022/2023","Female","all","WAEC","Polytechnic","ward","Akate","North East","Taraba","Donga","Akate","","458","451","290","119","107","12","7","161","171","12"
"2022/2023","Female","all","WAEC","Polytechnic","ward","Asibiti","North East","Taraba","Donga","Asibiti","","378","372","231","85","76","9","6","141","146","9"
"2022/2023","Female","all","WAEC","Polytechnic","ward","Bikadarko","North East","Taraba","Donga","Bikadarko","","887","873","549","200","184","16","14","324","349","16"
"2022/2023","Female","all","WAEC","Polytechnic","ward","Barade","North East","Taraba","Jalingo","Barade","","351","346","226","75","66","9","5","120","151","9"
"2022/2023","Female","all","WAEC","Polytechnic","ward","Gembu 'B'","North East","Taraba","Sardauna","Gembu 'B'","","248","244","152","53","46","7","4","92","99","7"
"2022/2023","Female","all","WAEC","Polytechnic","ward","Kabri","North East","Taraba","Sardauna","Kabri","","500","493","326","123","108","16","7","167","202","16"
"2022/2023","Female","all","WAEC","Polytechnic","ward","Akwana","North East","Taraba","Wukari","Akwana","","438","432","290","125","113","12","6","142","166","12"
"2022/2023","Female","all","WAEC","Polytechnic","ward","Avyi","North East","Taraba","Wukari","Avyi","","443","437","291","128","117","11","6","146","162","11"
"2022/2023","Female","all","WAEC","Polytechnic","ward","Bantaje","North East","Taraba","Wukari","Bantaje","","195","192","125","53","46","7","3","67","73","7"
"2022/2023","Female","all","WAEC","University","ward","Ardo Kola","North East","Taraba","Ardo Kola","Ardo Kola","","302","298","200","81","77","4","4","98","120","4"
"2022/2023","Female","all","WAEC","University","ward","Iware","North East","Taraba","Ardo Kola","Iware","","266","262","168","66","62","4","4","94","102","4"
"2022/2023","Female","all","WAEC","University","ward","Abbare Yelwa","North East","Taraba","Jalingo","Abbare Yelwa","","355","350","230","81","77","4","5","120","150","4"
"2022/2023","Female","all","WAEC","University","ward","Barade","North East","Taraba","Jalingo","Barade","","644","634","406","138","123","15","10","228","269","15"
"2022/2023","Female","all","WAEC","University","ward","Kachalla Sembe","North East","Taraba","Jalingo","Kachalla Sembe","","626","617","376","139","129","10","9","241","238","10"
"2022/2023","Female","all","WAEC","University","ward","Gembu 'A'","North East","Taraba","Sardauna","Gembu 'A'","","329","324","208","86","77","9","5","116","123","9"
"2022/2023","Female","all","WAEC","University","ward","Akwana","North East","Taraba","Wukari","Akwana","","106","104","69","29","26","3","2","35","41","3"
"2022/2023","Female","all","WAEC","University","ward","Bantaje","North East","Taraba","Wukari","Bantaje","","184","181","117","43","36","7","3","64","75","7"
"2022/2023","Female","disabled","NABTEB","College of Education","ward","Alim-Gora","North East","Taraba","Ardo Kola","Alim-Gora","","25","25","14","0","0","0","0","11","14","0"
"2022/2023","Female","disabled","NABTEB","College of Education","ward","Ardo Kola","North East","Taraba","Ardo Kola","Ardo Kola","","10","10","6","5","5","0","0","4","1","0"
"2022/2023","Female","disabled","NABTEB","College of Education","ward","Akate","North East","Taraba","Donga","Akate","","11","11","7","6","6","0","0","4","1","0"
"2022/2023","Female","disabled","NABTEB","College of Education","ward","Asibiti","North East","Taraba","Donga","Asibiti","","24","24","12","6","6","0","0","12","6","0"
"2022/2023","Female","disabled","NABTEB","College of Education","ward","Bikadarko","North East","Taraba","Donga","Bikadarko","","11","11","7","6","6","0","0","4","1","0"
"2022/2023","Female","disabled","NABTEB","College of Education","ward","Abbare Yelwa","North East","Taraba","Jalingo","Abbare Yelwa","","21","21","13","0","0","0","0","8","13","0"
"2022/2023","Female","disabled","NABTEB","College of Education","ward","Barade","North East","Taraba","Jalingo","Barade","","11","11","7","6","6","0","0","4","1","0"
"2022/2023","Female","disabled","NABTEB","College of Education","ward","Kachalla Sembe","North East","Taraba","Jalingo","Kachalla Sembe","","21","21","11","0","0","0","0","10","11","0"
"2022/2023","Female","disabled","NABTEB","College of Education","ward","Gembu 'A'","North East","Taraba","Sardauna","Gembu 'A'","","22","22","12","6","7","0","0","10","6","0"
"2022/2023","Female","disabled","NABTEB","College of Education","ward","Gembu 'B'","North East","Taraba","Sardauna","Gembu 'B'","","35","35","21","12","13","0","0","14","10","0"
"2022/2023","Female","disabled","NABTEB","College of Education","ward","Kabri","North East","Taraba","Sardauna","Kabri","","25","25","16","6","6","0","0","9","10","0"
"2022/2023","Female","disabled","NABTEB","College of Education","ward","Akwana","North East","Taraba","Wukari","Akwana","","11","11","6","6","6","0","0","5","0","0"
"2022/2023","Female","disabled","NABTEB","College of Education","ward","Avyi","North East","Taraba","Wukari","Avyi","","28","28","18","11","13","0","0","10","7","0"
"2022/2023","Female","disabled","NABTEB","College of Education","ward","Bantaje","North East","Taraba","Wukari","Bantaje","","21","21","11","6","7","0","0","10","6","0"
"2022/2023","Female","disabled","NABTEB","Polytechnic","ward","Alim-Gora","North East","Taraba","Ardo Kola","Alim-Gora","","22","22","14","6","6","0","0","8","8","0"
"2022/2023","Female","disabled","NABTEB","Polytechnic","ward","Ardo Kola","North East","Taraba","Ardo Kola","Ardo Kola","","26","26","16","11","11","0","0","10","5","0"
"2022/2023","Female","disabled","NABTEB","Polytechnic","ward","Iware","North East","Taraba","Ardo Kola","Iware","","22","22","14","12","12","0","0","8","2","0"
"2022/2023","Female","disabled","NABTEB","Polytechnic","ward","Akate","North East","Taraba","Donga","Akate","","32","32","20","6","6","0","0","12","15","0"
"2022/2023","Female","disabled","NABTEB","Polytechnic","ward","Asibiti","North East","Taraba","Donga","Asibiti","","22","22","13","6","6","0","0","9","7","0"
"2022/2023","Female","disabled","NABTEB","Polytechnic","ward","Bikadarko","North East","Taraba","Donga","Bikadarko","","36","36","24","12","12","0","0","12","12","0"
"2022/2023","Female","disabled","NABTEB","Polytechnic","ward","Barade","North East","Taraba","Jalingo","Barade","","16","16","9","6","6","0","0","7","4","0"
"2022/2023","Female","disabled","NABTEB","Polytechnic","ward","Gembu 'B'","North East","Taraba","Sardauna","Gembu 'B'","","11","11","6","0","0","0","0","5","6","0"
"2022/2023","Female","disabled","NABTEB","Polytechnic","ward","Kabri","North East","Taraba","Sardauna","Kabri","","28","28","16","6","6","0","0","12","10","0"
"2022/2023","Female","disabled","NABTEB","Polytechnic","ward","Akwana","North East","Taraba","Wukari","Akwana","","25","25","16","12","12","0","0","9","4","0"
"2022/2023","Female","disabled","NABTEB","Polytechnic","ward","Avyi","North East","Taraba","Wukari","Avyi","","25","25","16","12","14","0","0","9","4","0"
"2022/2023","Female","disabled","NABTEB","Polytechnic","ward","Bantaje","North East","Taraba","Wukari","Bantaje","","10","10","5","0","0","0","0","5","5","0"
"2022/2023","Female","disabled","NABTEB","University","ward","Ardo Kola","North East","Taraba","Ardo Kola","Ardo Kola","","10","10","6","5","5","0","0","4","1","0"
"2022/2023","Female","disabled","NABTEB","University","ward","Iware","North East","Taraba","Ardo Kola","Iware","","22","22","14","0","0","0","0","8","14","0"
"2022/2023","Female","disabled","NABTEB","University","ward","Abbare Yelwa","North East","Taraba","Jalingo","Abbare Yelwa","","22","22","14","6","6","0","0","8","8","0"
"2022/2023","Female","disabled","NABTEB","University","ward","Barade","North East","Taraba","Jalingo","Barade","","24","24","16","6","6","0","0","8","11","0"
"2022/2023","Female","disabled","NABTEB","University","ward","Kachalla Sembe","North East","Taraba","Jalingo","Kachalla Sembe","","28","28","12","6","6","0","0","16","6","0"
"2022/2023","Female","disabled","NABTEB","University","ward","Gembu 'A'","North East","Taraba","Sardauna","Gembu 'A'","","21","21","11","6","6","0","0","10","6","0"
"2022/2023","Female","disabled","NABTEB","University","ward","Akwana","North East","Taraba","Wukari","Akwana","","11","11","6","6","7","0","0","5","0","0"
"2022/2023","Female","disabled","NABTEB","University","ward","Bantaje","North East","Taraba","Wukari","Bantaje","","11","11","6","0","0","0","0","5","6","0"
"2022/2023","Female","disabled","NECO","College of Education","ward","Alim-Gora","North East","Taraba","Ardo Kola","Alim-Gora","","56","56","34","10","11","0","0","22","24","0"
"2022/2023","Female","disabled","NECO","College of Education","ward","Ardo Kola","North East","Taraba","Ardo Kola","Ardo Kola","","11","11","8","5","6","0","0","3","4","0"
"2022/2023","Female","disabled","NECO","College of Education","ward","Akate","North East","Taraba","Donga","Akate","","11","11","8","5","6","0","0","3","4","0"
"2022/2023","Female","disabled","NECO","College of Education","ward","Asibiti","North East","Taraba","Donga","Asibiti","","41","41","25","5","6","0","0","16","20","0"
"2022/2023","Female","disabled","NECO","College of Education","ward","Bikadarko","North East","Taraba","Donga","Bikadarko","","20","20","13","6","6","0","0","7","8","0"
"2022/2023","Female","disabled","NECO","College of Education","ward","Abbare Yelwa","North East","Taraba","Jalingo","Abbare Yelwa","","32","32","17","12","12","0","0","15","6","0"
"2022/2023","Female","disabled","NECO","College of Education","ward","Barade","North East","Taraba","Jalingo","Barade","","17","17","11","5","6","0","0","6","7","0"
"2022/2023","Female","disabled","NECO","College of Education","ward","Kachalla Sembe","North East","Taraba","Jalingo","Kachalla Sembe","","41","41","23","10","10","0","0","18","14","0"
"2022/2023","Female","disabled","NECO","College of Education","ward","Gembu 'A'","North East","Taraba","Sardauna","Gembu 'A'","","35","35","20","10","11","0","0","15","11","0"
"2022/2023","Female","disabled","NECO","College of Education","ward","Gembu 'B'","North East","Taraba","Sardauna","Gembu 'B'","","53","53","35","15","18","0","0","18","20","0"
"2022/2023","Female","disabled","NECO","College of Education","ward","Kabri","North East","Taraba","Sardauna","Kabri","","41","41","23","10","11","0","0","18","13","0"
"2022/2023","Female","disabled","NECO","College of Education","ward","Akwana","North East","Taraba","Wukari","Akwana","","14","14","8","5","5","0","0","6","4","0"
"2022/2023","Female","disabled","NECO","College of Education","ward","Avyi","North East","Taraba","Wukari","Avyi","","58","58","37","10","12","0","0","21","27","0"
"2022/2023","Female","disabled","NECO","College of Education","ward","Bantaje","North East","Taraba","Wukari","Bantaje","","32","32","20","10","10","0","0","12","11","0"
"2022/2023","Female","disabled","NECO","Polytechnic","ward","Alim-Gora","North East","Taraba","Ardo Kola","Alim-Gora","","29","29","17","10","12","0","0","12","8","0"
"2022/2023","Female","disabled","NECO","Polytechnic","ward","Ardo Kola","North East","Taraba","Ardo Kola","Ardo Kola","","44","44","29","10","12","0","0","15","19","0"
"2022/2023","Female","disabled","NECO","Polytechnic","ward","Iware","North East","Taraba","Ardo Kola","Iware","","32","32","22","10","12","0","0","10","13","0"
"2022/2023","Female","disabled","NECO","Polytechnic","ward","Akate","North East","Taraba","Donga","Akate","","38","38","20","15","18","0","0","18","6","0"
"2022/2023","Female","disabled","NECO","Polytechnic","ward","Asibiti","North East","Taraba","Donga","Asibiti","","32","32","17","5","6","0","0","15","13","0"
"2022/2023","Female","disabled","NECO","Polytechnic","ward","Bikadarko","North East","Taraba","Donga","Bikadarko","","62","62","34","18","18","0","0","28","17","0"
"2022/2023","Female","disabled","NECO","Polytechnic","ward","Barade","North East","Taraba","Jalingo","Barade","","29","29","20","6","6","0","0","9","14","0"
"2022/2023","Female","disabled","NECO","Polytechnic","ward","Gembu 'B'","North East","Taraba","Sardauna","Gembu 'B'","","23","23","13","0","0","0","0","10","13","0"
"2022/2023","Female","disabled","NECO","Polytechnic","ward","Kabri","North East","Taraba","Sardauna","Kabri","","57","56","35","5","6","0","1","21","30","0"
"2022/2023","Female","disabled","NECO","Polytechnic","ward","Akwana","North East","Taraba","Wukari","Akwana","","38","38","26","10","10","0","0","12","16","0"
"2022/2023","Female","disabled","NECO","Polytechnic","ward","Avyi","North East","Taraba","Wukari","Avyi","","38","38","22","10","12","0","0","16","13","0"
"2022/2023","Female","disabled","NECO","Polytechnic","ward","Bantaje","North East","Taraba","Wukari","Bantaje","","11","11","6","0","0","0","0","6","6","0"
"2022/2023","Female","disabled","NECO","University","ward","Ardo Kola","North East","Taraba","Ardo Kola","Ardo Kola","","20","20","11","5","6","0","0","9","7","0"
"2022/2023","Female","disabled","NECO","University","ward","Iware","North East","Taraba","Ardo Kola","Iware","","23","23","14","10","12","0","0","9","5","0"
"2022/2023","Female","disabled","NECO","University","ward","Abbare Yelwa","North East","Taraba","Jalingo","Abbare Yelwa","","35","35","20","6","6","0","0","15","15","0"
"2022/2023","Female","disabled","NECO","University","ward","Barade","North East","Taraba","Jalingo","Barade","","52","52","28","5","6","0","0","24","23","0"
"2022/2023","Female","disabled","NECO","University","ward","Kachalla Sembe","North East","Taraba","Jalingo","Kachalla Sembe","","52","52","28","5","5","0","0","24","23","0"
"2022/2023","Female","disabled","NECO","University","ward","Gembu 'A'","North East","Taraba","Sardauna","Gembu 'A'","","26","26","17","10","11","0","0","9","8","0"
"2022/2023","Female","disabled","NECO","University","ward","Akwana","North East","Taraba","Wukari","Akwana","","11","11","6","5","5","0","0","6","1","0"
"2022/2023","Female","disabled","NECO","University","ward","Bantaje","North East","Taraba","Wukari","Bantaje","","14","14","8","5","6","0","0","6","4","0"
"2022/2023","Female","disabled","WAEC","College of Education","ward","Alim-Gora","North East","Taraba","Ardo Kola","Alim-Gora","","68","67","37","10","10","0","1","30","27","0"
"2022/2023","Female","disabled","WAEC","College of Education","ward","Ardo Kola","North East","Taraba","Ardo Kola","Ardo Kola","","17","17","10","5","5","0","0","7","6","0"
"2022/2023","Female","disabled","WAEC","College of Education","ward","Akate","North East","Taraba","Donga","Akate","","17","17","10","5","5","0","0","7","6","0"
"2022/2023","Female","disabled","WAEC","College of Education","ward","Asibiti","North East","Taraba","Donga","Asibiti","","52","52","29","10","10","0","0","23","19","0"
"2022/2023","Female","disabled","WAEC","College of Education","ward","Bikadarko","North East","Taraba","Donga","Bikadarko","","26","26","16","5","5","0","0","10","11","0"
"2022/2023","Female","disabled","WAEC","College of Education","ward","Abbare Yelwa","North East","Taraba","Jalingo","Abbare Yelwa","","41","41","24","10","10","0","0","17","14","0"
"2022/2023","Female","disabled","WAEC","College of Education","ward","Barade","North East","Taraba","Jalingo","Barade","","26","26","16","5","5","0","0","10","11","0"
"2022/2023","Female","disabled","WAEC","College of Education","ward","Kachalla Sembe","North East","Taraba","Jalingo","Kachalla Sembe","","52","52","32","10","10","0","0","20","22","0"
"2022/2023","Female","disabled","WAEC","College of Education","ward","Gembu 'A'","North East","Taraba","Sardauna","Gembu 'A'","","46","46","29","10","10","0","0","17","19","0"
"2022/2023","Female","disabled","WAEC","College of Education","ward","Gembu 'B'","North East","Taraba","Sardauna","Gembu 'B'","","62","62","40","14","15","0","0","22","26","0"
"2022/2023","Female","disabled","WAEC","College of Education","ward","Kabri","North East","Taraba","Sardauna","Kabri","","53","52","31","14","15","0","1","21","18","0"
"2022/2023","Female","disabled","WAEC","College of Education","ward","Akwana","North East","Taraba","Wukari","Akwana","","20","20","12","5","5","0","0","8","8","0"
"2022/2023","Female","disabled","WAEC","College of Education","ward","Avyi","North East","Taraba","Wukari","Avyi","","86","84","53","18","20","0","2","31","36","0"
"2022/2023","Female","disabled","WAEC","College of Education","ward","Bantaje","North East","Taraba","Wukari","Bantaje","","38","38","27","10","10","0","0","11","17","0"
"2022/2023","Female","disabled","WAEC","Polytechnic","ward","Alim-Gora","North East","Taraba","Ardo Kola","Alim-Gora","","32","32","21","10","10","0","0","11","11","0"
"2022/2023","Female","disabled","WAEC","Polytechnic","ward","Ardo Kola","North East","Taraba","Ardo Kola","Ardo Kola","","58","58","35","10","10","0","0","23","25","0"
"2022/2023","Female","disabled","WAEC","Polytechnic","ward","Iware","North East","Taraba","Ardo Kola","Iware","","41","41","24","10","10","0","0","17","14","0"
"2022/2023","Female","disabled","WAEC","Polytechnic","ward","Akate","North East","Taraba","Donga","Akate","","50","50","29","15","15","0","0","21","15","0"
"2022/2023","Female","disabled","WAEC","Polytechnic","ward","Asibiti","North East","Taraba","Donga","Asibiti","","38","38","21","10","10","0","0","17","11","0"
"2022/2023","Female","disabled","WAEC","Polytechnic","ward","Bikadarko","North East","Taraba","Donga","Bikadarko","","94","93","56","15","15","0","1","37","41","0"
"2022/2023","Female","disabled","WAEC","Polytechnic","ward","Barade","North East","Taraba","Jalingo","Barade","","47","46","28","9","10","0","1","18","20","0"
"2022/2023","Female","disabled","WAEC","Polytechnic","ward","Gembu 'B'","North East","Taraba","Sardauna","Gembu 'B'","","26","26","16","5","5","0","0","10","11","0"
"2022/2023","Female","disabled","WAEC","Polytechnic","ward","Kabri","North East","Taraba","Sardauna","Kabri","","59","58","37","14","15","0","1","21","23","0"
"2022/2023","Female","disabled","WAEC","Polytechnic","ward","Akwana","North East","Taraba","Wukari","Akwana","","56","55","34","14","15","0","1","21","21","0"
"2022/2023","Female","disabled","WAEC","Polytechnic","ward","Avyi","North East","Taraba","Wukari","Avyi","","59","58","36","14","15","0","1","22","23","0"
"2022/2023","Female","disabled","WAEC","Polytechnic","ward","Bantaje","North East","Taraba","Wukari","Bantaje","","17","17","10","5","5","0","0","7","6","0"
"2022/2023","Female","disabled","WAEC","University","ward","Ardo Kola","North East","Taraba","Ardo Kola","Ardo Kola","","29","29","19","5","5","0","0","10","14","0"
"2022/2023","Female","disabled","WAEC","University","ward","Iware","North East","Taraba","Ardo Kola","Iware","","26","26","15","10","10","0","0","11","6","0"
"2022/2023","Female","disabled","WAEC","University","ward","Abbare Yelwa","North East","Taraba","Jalingo","Abbare Yelwa","","43","43","26","10","10","0","0","17","16","0"
"2022/2023","Female","disabled","WAEC","University","ward","Barade","North East","Taraba","Jalingo","Barade","","75","73","42","10","10","0","2","31","32","0"
"2022/2023","Female","disabled","WAEC","University","ward","Kachalla Sembe","North East","Taraba","Jalingo","Kachalla Sembe","","83","81","47","18","20","0","2","34","30","0"
"2022/2023","Female","disabled","WAEC","University","ward","Gembu 'A'","North East","Taraba","Sardauna","Gembu 'A'","","32","32","21","10","10","0","0","11","12","0"
"2022/2023","Female","disabled","WAEC","University","ward","Akwana","North East","Taraba","Wukari","Akwana","","14","14","7","5","5","0","0","7","3","0"
"2022/2023","Female","disabled","WAEC","University","ward","Bantaje","North East","Taraba","Wukari","Bantaje","","14","14","7","5","5","0","0","7","3","0"
"2022/2023","Male","all","NABTEB","College of Education","ward","Alim-Gora","North East","Taraba","Ardo Kola","Alim-Gora","","232","228","130","30","32","0","4","98","100","0"
"2022/2023","Male","all","NABTEB","College of Education","ward","Ardo Kola","North East","Taraba","Ardo Kola","Ardo Kola","","77","76","48","19","19","0","1","28","29","0"
"2022/2023","Male","all","NABTEB","College of Education","ward","Akate","North East","Taraba","Donga","Akate","","92","91","64","25","19","6","1","27","40","6"
"2022/2023","Male","all","NABTEB","College of Education","ward","Asibiti","North East","Taraba","Donga","Asibiti","","249","245","159","43","32","11","4","86","116","11"
"2022/2023","Male","all","NABTEB","College of Education","ward","Bikadarko","North East","Taraba","Donga","Bikadarko","","134","132","94","31","26","5","2","38","64","5"
"2022/2023","Male","all","NABTEB","College of Education","ward","Abbare Yelwa","North East","Taraba","Jalingo","Abbare Yelwa","","192","189","119","36","32","6","3","70","83","6"
"2022/2023","Male","all","NABTEB","College of Education","ward","Barade","North East","Taraba","Jalingo","Barade","","83","82","58","25","19","6","1","24","34","6"
"2022/2023","Male","all","NABTEB","College of Education","ward","Kachalla Sembe","North East","Taraba","Jalingo","Kachalla Sembe","","167","165","107","24","26","0","2","58","83","0"
"2022/2023","Male","all","NABTEB","College of Education","ward","Gembu 'A'","North East","Taraba","Sardauna","Gembu 'A'","","229","225","139","42","38","6","4","86","97","6"
"2022/2023","Male","all","NABTEB","College of Education","ward","Gembu 'B'","North East","Taraba","Sardauna","Gembu 'B'","","311","306","204","72","70","4","5","102","132","4"
"2022/2023","Male","all","NABTEB","College of Education","ward","Kabri","North East","Taraba","Sardauna","Kabri","","199","196","134","49","45","5","3","62","86","5"
"2022/2023","Male","all","NABTEB","College of Education","ward","Akwana","North East","Taraba","Wukari","Akwana","","92","91","58","12","13","0","1","33","46","0"
"2022/2023","Male","all","NABTEB","College of Education","ward","Avyi","North East","Taraba","Wukari","Avyi","","269","265","176","62","52","10","4","89","115","10"
"2022/2023","Male","all","NABTEB","College of Education","ward","Bantaje","North East","Taraba","Wukari","Bantaje","","155","152","102","30","24","6","3","50","72","6"
"2022/2023","Male","all","NABTEB","Polytechnic","ward","Alim-Gora","North East","Taraba","Ardo Kola","Alim-Gora","","155","153","106","37","31","6","2","47","69","6"
"2022/2023","Male","all","NABTEB","Polytechnic","ward","Ardo Kola","North East","Taraba","Ardo Kola","Ardo Kola","","278","274","182","50","39","11","4","92","133","11"
"2022/2023","Male","all","NABTEB","Polytechnic","ward","Iware","North East","Taraba","Ardo Kola","Iware","","143","141","95","38","32","6","2","46","57","6"
"2022/2023","Male","all","NABTEB","Polytechnic","ward","Akate","North East","Taraba","Donga","Akate","","228","225","142","42","44","0","3","83","100","0"
"2022/2023","Male","all","NABTEB","Polytechnic","ward","Asibiti","North East","Taraba","Donga","Asibiti","","171","168","101","25","25","0","3","67","77","0"
"2022/2023","Male","all","NABTEB","Polytechnic","ward","Bikadarko","North East","Taraba","Donga","Bikadarko","","358","353","222","68","58","11","5","131","154","11"
"2022/2023","Male","all","NABTEB","Polytechnic","ward","Barade","North East","Taraba","Jalingo","Barade","","137","135","84","25","19","6","2","51","60","6"
"2022/2023","Male","all","NABTEB","Polytechnic","ward","Gembu 'B'","North East","Taraba","Sardauna","Gembu 'B'","","120","118","74","18","13","5","2","44","57","5"
"2022/2023","Male","all","NABTEB","Polytechnic","ward","Kabri","North East","Taraba","Sardauna","Kabri","","195","192","126","48","44","5","3","66","78","5"
"2022/2023","Male","all","NABTEB","Polytechnic","ward","Akwana","North East","Taraba","Wukari","Akwana","","200","197","125","30","26","5","3","72","96","5"
"2022/2023","Male","all","NABTEB","Polytechnic","ward","Avyi","North East","Taraba","Wukari","Avyi","","175","172","113","42","38","5","3","59","71","5"
"2022/2023","Male","all","NABTEB","Polytechnic","ward","Bantaje","North East","Taraba","Wukari","Bantaje","","83","82","55","12","13","0","1","27","43","0"
"2022/2023","Male","all","NABTEB","University","ward","Ardo Kola","North East","Taraba","Ardo Kola","Ardo Kola","","103","101","64","19","13","6","2","37","45","6"
"2022/2023","Male","all","NABTEB","University","ward","Iware","North East","Taraba","Ardo Kola","Iware","","126","124","77","24","26","0","2","47","54","0"
"2022/2023","Male","all","NABTEB","University","ward","Abbare Yelwa","North East","Taraba","Jalingo","Abbare Yelwa","","198","195","123","37","32","6","3","72","86","6"
"2022/2023","Male","all","NABTEB","University","ward","Barade","North East","Taraba","Jalingo","Barade","","263","259","160","44","32","12","4","99","116","12"
"2022/2023","Male","all","NABTEB","University","ward","Kachalla Sembe","North East","Taraba","Jalingo","Kachalla Sembe","","303","299","189","56","45","11","4","110","134","11"
"2022/2023","Male","all","NABTEB","University","ward","Gembu 'A'","North East","Taraba","Sardauna","Gembu 'A'","","147","145","93","29","31","0","2","52","64","0"
"2022/2023","Male","all","NABTEB","University","ward","Akwana","North East","Taraba","Wukari","Akwana","","62","61","39","12","13","0","1","22","27","0"
"2022/2023","Male","all","NABTEB","University","ward","Bantaje","North East","Taraba","Wukari","Bantaje","","80","79","51","12","13","0","1","28","39","0"
"2022/2023","Male","all","NECO","College of Education","ward","Alim-Gora","North East","Taraba","Ardo Kola","Alim-Gora","","499","492","304","86","73","14","7","188","218","14"
"2022/2023","Male","all","NECO","College of Education","ward","Ardo Kola","North East","Taraba","Ardo Kola","Ardo Kola","","133","131","88","37","33","5","2","43","50","5"
"2022/2023","Male","all","NECO","College of Education","ward","Akate","North East","Taraba","Donga","Akate","","170","167","117","49","45","4","3","50","69","4"
"2022/2023","Male","all","NECO","College of Education","ward","Asibiti","North East","Taraba","Donga","Asibiti","","517","509","317","87","78","9","8","192","231","9"
"2022/2023","Male","all","NECO","College of Education","ward","Bikadarko","North East","Taraba","Donga","Bikadarko","","244","240","158","60","50","10","4","82","98","10"
"2022/2023","Male","all","NECO","College of Education","ward","Abbare Yelwa","North East","Taraba","Jalingo","Abbare Yelwa","","334","329","204","59","50","9","5","125","146","9"
"2022/2023","Male","all","NECO","College of Education","ward","Barade","North East","Taraba","Jalingo","Barade","","148","146","103","43","39","4","2","43","61","4"
"2022/2023","Male","all","NECO","College of Education","ward","Kachalla Sembe","North East","Taraba","Jalingo","Kachalla Sembe","","324","319","200","64","55","9","5","119","136","9"
"2022/2023","Male","all","NECO","College of Education","ward","Gembu 'A'","North East","Taraba","Sardauna","Gembu 'A'","","342","337","221","76","67","9","5","116","145","9"
"2022/2023","Male","all","NECO","College of Education","ward","Gembu 'B'","North East","Taraba","Sardauna","Gembu 'B'","","557","549","369","140","122","19","8","180","228","19"
"2022/2023","Male","all","NECO","College of Education","ward","Kabri","North East","Taraba","Sardauna","Kabri","","354","348","235","75","61","14","6","113","160","14"
"2022/2023","Male","all","NECO","College of Education","ward","Akwana","North East","Taraba","Wukari","Akwana","","151","149","100","38","33","5","2","49","63","5"
"2022/2023","Male","all","NECO","College of Education","ward","Avyi","North East","Taraba","Wukari","Avyi","","490","482","314","114","101","13","8","168","200","13"
"2022/2023","Male","all","NECO","College of Education","ward","Bantaje","North East","Taraba","Wukari","Bantaje","","260","256","175","65","62","4","4","81","111","4"
"2022/2023","Male","all","NECO","Polytechnic","ward","Alim-Gora","North East","Taraba","Ardo Kola","Alim-Gora","","334","329","216","76","67","9","5","113","141","9"
"2022/2023","Male","all","NECO","Polytechnic","ward","Ardo Kola","North East","Taraba","Ardo Kola","Ardo Kola","","525","517","326","92","83","9","8","191","234","9"
"2022/2023","Male","all","NECO","Polytechnic","ward","Iware","North East","Taraba","Ardo Kola","Iware","","262","258","172","76","67","9","4","86","97","9"
"2022/2023","Male","all","NECO","Polytechnic","ward","Akate","North East","Taraba","Donga","Akate","","406","400","256","87","72","15","6","144","170","15"
"2022/2023","Male","all","NECO","Polytechnic","ward","Asibiti","North East","Taraba","Donga","Asibiti","","320","316","202","65","56","9","4","114","137","9"
"2022/2023","Male","all","NECO","Polytechnic","ward","Bikadarko","North East","Taraba","Donga","Bikadarko","","668","658","415","146","122","24","10","243","269","24"
"2022/2023","Male","all","NECO","Polytechnic","ward","Barade","North East","Taraba","Jalingo","Barade","","266","262","167","54","45","9","4","95","113","9"
"2022/2023","Male","all","NECO","Polytechnic","ward","Gembu 'B'","North East","Taraba","Sardauna","Gembu 'B'","","213","210","132","38","33","5","3","78","94","5"
"2022/2023","Male","all","NECO","Polytechnic","ward","Kabri","North East","Taraba","Sardauna","Kabri","","426","420","270","87","78","9","6","150","184","9"
"2022/2023","Male","all","NECO","Polytechnic","ward","Akwana","North East","Taraba","Wukari","Akwana","","388","382","251","97","84","13","6","131","155","13"
"2022/2023","Male","all","NECO","Polytechnic","ward","Avyi","North East","Taraba","Wukari","Avyi","","345","340","227","81","67","14","5","113","146","14"
"2022/2023","Male","all","NECO","Polytechnic","ward","Bantaje","North East","Taraba","Wukari","Bantaje","","148","146","97","38","33","5","2","49","60","5"
"2022/2023","Male","all","NECO","University","ward","Ardo Kola","North East","Taraba","Ardo Kola","Ardo Kola","","223","220","140","49","45","4","3","80","92","4"
"2022/2023","Male","all","NECO","University","ward","Iware","North East","Taraba","Ardo Kola","Iware","","238","234","152","49","39","10","4","82","103","10"
"2022/2023","Male","all","NECO","University","ward","Abbare Yelwa","North East","Taraba","Jalingo","Abbare Yelwa","","397","391","247","87","73","14","6","144","161","14"
"2022/2023","Male","all","NECO","University","ward","Barade","North East","Taraba","Jalingo","Barade","","558","550","354","108","95","13","8","196","247","13"
"2022/2023","Male","all","NECO","University","ward","Kachalla Sembe","North East","Taraba","Jalingo","Kachalla Sembe","","510","503","316","103","89","14","7","187","214","14"
"2022/2023","Male","all","NECO","University","ward","Gembu 'A'","North East","Taraba","Sardauna","Gembu 'A'","","291","287","189","65","55","10","4","98","125","10"
"2022/2023","Male","all","NECO","University","ward","Akwana","North East","Taraba","Wukari","Akwana","","104","102","63","22","17","5","2","39","42","5"
"2022/2023","Male","all","NECO","University","ward","Bantaje","North East","Taraba","Wukari","Bantaje","","148","146","97","38","33","5","2","49","60","5"
"2022/2023","Male","all","WAEC","College of Education","ward","Alim-Gora","North East","Taraba","Ardo Kola","Alim-Gora","","649","640","398","129","118","11","9","242","270","11"
"2022/2023","Male","all","WAEC","College of Education","ward","Ardo Kola","North East","Taraba","Ardo Kola","Ardo Kola","","195","192","120","48","41","7","3","72","73","7"
"2022/2023","Male","all","WAEC","College of Education","ward","Akate","North East","Taraba","Donga","Akate","","221","218","152","66","60","6","3","66","85","6"
"2022/2023","Male","all","WAEC","College of Education","ward","Asibiti","North East","Taraba","Donga","Asibiti","","628","618","396","129","112","17","10","222","267","17"
"2022/2023","Male","all","WAEC","College of Education","ward","Bikadarko","North East","Taraba","Donga","Bikadarko","","312","307","208","81","72","9","5","99","128","9"
"2022/2023","Male","all","WAEC","College of Education","ward","Abbare Yelwa","North East","Taraba","Jalingo","Abbare Yelwa","","462","455","285","86","77","9","7","170","199","9"
"2022/2023","Male","all","WAEC","College of Education","ward","Barade","North East","Taraba","Jalingo","Barade","","212","209","141","48","46","2","3","68","93","2"
"2022/2023","Male","all","WAEC","College of Education","ward","Kachalla Sembe","North East","Taraba","Jalingo","Kachalla Sembe","","415","409","254","72","62","10","6","155","183","10"
"2022/2023","Male","all","WAEC","College of Education","ward","Gembu 'A'","North East","Taraba","Sardauna","Gembu 'A'","","518","510","321","110","97","13","8","189","211","13"
"2022/2023","Male","all","WAEC","College of Education","ward","Gembu 'B'","North East","Taraba","Sardauna","Gembu 'B'","","720","709","477","176","158","18","11","232","301","18"
"2022/2023","Male","all","WAEC","College of Education","ward","Kabri","North East","Taraba","Sardauna","Kabri","","447","440","277","90","82","8","7","163","187","8"
"2022/2023","Male","all","WAEC","College of Education","ward","Akwana","North East","Taraba","Wukari","Akwana","","209","206","128","48","41","7","3","78","80","7"
"2022/2023","Male","all","WAEC","College of Education","ward","Avyi","North East","Taraba","Wukari","Avyi","","684","674","434","166","153","13","10","240","268","13"
"2022/2023","Male","all","WAEC","College of Education","ward","Bantaje","North East","Taraba","Wukari","Bantaje","","358","352","226","90","82","9","6","126","135","9"
"2022/2023","Male","all","WAEC","Polytechnic","ward","Alim-Gora","North East","Taraba","Ardo Kola","Alim-Gora","","386","380","252","100","92","8","6","128","152","8"
"2022/2023","Male","all","WAEC","Polytechnic","ward","Ardo Kola","North East","Taraba","Ardo Kola","Ardo Kola","","684","674","429","147","133","14","10","245","282","14"
"2022/2023","Male","all","WAEC","Polytechnic","ward","Iware","North East","Taraba","Ardo Kola","Iware","","352","347","232","89","82","8","5","115","142","8"
"2022/2023","Male","all","WAEC","Polytechnic","ward","Akate","North East","Taraba","Donga","Akate","","567","559","373","133","117","16","8","186","240","16"
"2022/2023","Male","all","WAEC","Polytechnic","ward","Asibiti","North East","Taraba","Donga","Asibiti","","400","394","245","81","72","9","6","149","164","9"
"2022/2023","Male","all","WAEC","Polytechnic","ward","Bikadarko","North East","Taraba","Donga","Bikadarko","","924","910","592","190","174","16","14","318","402","16"
"2022/2023","Male","all","WAEC","Polytechnic","ward","Barade","North East","Taraba","Jalingo","Barade","","361","356","227","81","72","9","5","129","147","9"
"2022/2023","Male","all","WAEC","Polytechnic","ward","Gembu 'B'","North East","Taraba","Sardauna","Gembu 'B'","","314","309","192","53","46","7","5","117","140","7"
"2022/2023","Male","all","WAEC","Polytechnic","ward","Kabri","North East","Taraba","Sardauna","Kabri","","508","500","321","114","108","6","8","179","208","6"
"2022/2023","Male","all","WAEC","Polytechnic","ward","Akwana","North East","Taraba","Wukari","Akwana","","527","520","350","120","113","7","7","170","231","7"
"2022/2023","Male","all","WAEC","Polytechnic","ward","Avyi","North East","Taraba","Wukari","Avyi","","500","492","317","128","117","11","8","175","189","11"
"2022/2023","Male","all","WAEC","Polytechnic","ward","Bantaje","North East","Taraba","Wukari","Bantaje","","236","232","152","48","41","7","4","80","104","7"
"2022/2023","Male","all","WAEC","University","ward","Ardo Kola","North East","Taraba","Ardo Kola","Ardo Kola","","272","268","178","62","56","6","4","90","117","6"
"2022/2023","Male","all","WAEC","University","ward","Iware","North East","Taraba","Ardo Kola","Iware","","302","298","193","75","71","4","4","105","118","4"
"2022/2023","Male","all","WAEC","University","ward","Abbare Yelwa","North East","Taraba","Jalingo","Abbare Yelwa","","447","440","286","95","87","8","7","154","191","8"
"2022/2023","Male","all","WAEC","University","ward","Barade","North East","Taraba","Jalingo","Barade","","622","613","395","124","113","11","9","218","271","11"
"2022/2023","Male","all","WAEC","University","ward","Kachalla Sembe","North East","Taraba","Jalingo","Kachalla Sembe","","777","765","486","142","133","9","12","279","344","9"
"2022/2023","Male","all","WAEC","University","ward","Gembu 'A'","North East","Taraba","Sardauna","Gembu 'A'","","393","387","247","90","86","4","6","140","157","4"
"2022/2023","Male","all","WAEC","University","ward","Akwana","North East","Taraba","Wukari","Akwana","","126","124","77","24","21","3","2","47","53","3"
"2022/2023","Male","all","WAEC","University","ward","Bantaje","North East","Taraba","Wukari","Bantaje","","186","183","122","47","41","7","3","61","74","7"
"2022/2023","Male","disabled","NABTEB","College of Education","ward","Alim-Gora","North East","Taraba","Ardo Kola","Alim-Gora","","28","28","13","0","0","0","0","15","13","0"
"2022/2023","Male","disabled","NABTEB","College of Education","ward","Ardo Kola","North East","Taraba","Ardo Kola","Ardo Kola","","10","10","6","5","5","0","0","4","1","0"
"2022/2023","Male","disabled","NABTEB","College of Education","ward","Akate","North East","Taraba","Donga","Akate","","11","11","7","6","6","0","0","4","1","0"
"2022/2023","Male","disabled","NABTEB","College of Education","ward","Asibiti","North East","Taraba","Donga","Asibiti","","21","21","12","0","0","0","0","9","12","0"
"2022/2023","Male","disabled","NABTEB","College of Education","ward","Bikadarko","North East","Taraba","Donga","Bikadarko","","11","11","7","0","0","0","0","4","7","0"
"2022/2023","Male","disabled","NABTEB","College of Education","ward","Abbare Yelwa","North East","Taraba","Jalingo","Abbare Yelwa","","21","21","13","0","0","0","0","8","13","0"
"2022/2023","Male","disabled","NABTEB","College of Education","ward","Barade","North East","Taraba","Jalingo","Barade","","11","11","7","6","6","0","0","4","1","0"
"2022/2023","Male","disabled","NABTEB","College of Education","ward","Kachalla Sembe","North East","Taraba","Jalingo","Kachalla Sembe","","21","21","11","0","0","0","0","10","11","0"
"2022/2023","Male","disabled","NABTEB","College of Education","ward","Gembu 'A'","North East","Taraba","Sardauna","Gembu 'A'","","25","25","12","0","0","0","0","13","12","0"
"2022/2023","Male","disabled","NABTEB","College of Education","ward","Gembu 'B'","North East","Taraba","Sardauna","Gembu 'B'","","40","40","24","12","13","0","0","16","13","0"
"2022/2023","Male","disabled","NABTEB","College of Education","ward","Kabri","North East","Taraba","Sardauna","Kabri","","27","27","15","6","6","0","0","12","10","0"
"2022/2023","Male","disabled","NABTEB","College of Education","ward","Akwana","North East","Taraba","Wukari","Akwana","","10","10","5","0","0","0","0","5","5","0"
"2022/2023","Male","disabled","NABTEB","College of Education","ward","Avyi","North East","Taraba","Wukari","Avyi","","35","35","22","12","13","0","0","13","11","0"
"2022/2023","Male","disabled","NABTEB","College of Education","ward","Bantaje","North East","Taraba","Wukari","Bantaje","","21","21","11","6","7","0","0","10","6","0"
"2022/2023","Male","disabled","NABTEB","Polytechnic","ward","Alim-Gora","North East","Taraba","Ardo Kola","Alim-Gora","","22","22","14","6","6","0","0","8","8","0"
"2022/2023","Male","disabled","NABTEB","Polytechnic","ward","Ardo Kola","North East","Taraba","Ardo Kola","Ardo Kola","","29","29","19","0","0","0","0","10","19","0"
"2022/2023","Male","disabled","NABTEB","Polytechnic","ward","Iware","North East","Taraba","Ardo Kola","Iware","","22","22","14","6","6","0","0","8","8","0"
"2022/2023","Male","disabled","NABTEB","Polytechnic","ward","Akate","North East","Taraba","Donga","Akate","","33","33","21","6","6","0","0","12","15","0"
"2022/2023","Male","disabled","NABTEB","Polytechnic","ward","Asibiti","North East","Taraba","Donga","Asibiti","","25","25","14","0","0","0","0","11","14","0"
"2022/2023","Male","disabled","NABTEB","Polytechnic","ward","Bikadarko","North East","Taraba","Donga","Bikadarko","","33","33","21","6","6","0","0","12","15","0"
"2022/2023","Male","disabled","NABTEB","Polytechnic","ward","Barade","North East","Taraba","Jalingo","Barade","","15","15","9","0","0","0","0","6","9","0"
"2022/2023","Male","disabled","NABTEB","Polytechnic","ward","Gembu 'B'","North East","Taraba","Sardauna","Gembu 'B'","","14","14","6","0","0","0","0","8","6","0"
"2022/2023","Male","disabled","NABTEB","Polytechnic","ward","Kabri","North East","Taraba","Sardauna","Kabri","","25","25","12","6","6","0","0","13","6","0"
"2022/2023","Male","disabled","NABTEB","Polytechnic","ward","Akwana","North East","Taraba","Wukari","Akwana","","28","28","16","0","0","0","0","12","16","0"
"2022/2023","Male","disabled","NABTEB","Polytechnic","ward","Avyi","North East","Taraba","Wukari","Avyi","","27","27","15","6","7","0","0","12","10","0"
"2022/2023","Male","disabled","NABTEB","Polytechnic","ward","Bantaje","North East","Taraba","Wukari","Bantaje","","11","11","6","0","0","0","0","5","6","0"
"2022/2023","Male","disabled","NABTEB","University","ward","Ardo Kola","North East","Taraba","Ardo Kola","Ardo Kola","","10","10","6","0","0","0","0","4","6","0"
"2022/2023","Male","disabled","NABTEB","University","ward","Iware","North East","Taraba","Ardo Kola","Iware","","22","22","14","0","0","0","0","8","14","0"
"2022/2023","Male","disabled","NABTEB","University","ward","Abbare Yelwa","North East","Taraba","Jalingo","Abbare Yelwa","","22","22","14","0","0","0","0","8","14","0"
"2022/2023","Male","disabled","NABTEB","University","ward","Barade","North East","Taraba","Jalingo","Barade","","30","30","16","0","0","0","0","14","16","0"
"2022/2023","Male","disabled","NABTEB","University","ward","Kachalla Sembe","North East","Taraba","Jalingo","Kachalla Sembe","","35","35","19","0","0","0","0","16","19","0"
"2022/2023","Male","disabled","NABTEB","University","ward","Gembu 'A'","North East","Taraba","Sardauna","Gembu 'A'","","22","22","12","6","7","0","0","10","6","0"
"2022/2023","Male","disabled","NABTEB","University","ward","Akwana","North East","Taraba","Wukari","Akwana","","11","11","6","0","0","0","0","5","6","0"
"2022/2023","Male","disabled","NABTEB","University","ward","Bantaje","North East","Taraba","Wukari","Bantaje","","11","11","6","0","0","0","0","5","6","0"
"2022/2023","Male","disabled","NECO","College of Education","ward","Alim-Gora","North East","Taraba","Ardo Kola","Alim-Gora","","58","58","31","5","6","0","0","27","26","0"
"2022/2023","Male","disabled","NECO","College of Education","ward","Ardo Kola","North East","Taraba","Ardo Kola","Ardo Kola","","14","14","8","5","6","0","0","6","4","0"
"2022/2023","Male","disabled","NECO","College of Education","ward","Akate","North East","Taraba","Donga","Akate","","11","11","8","5","6","0","0","3","4","0"
"2022/2023","Male","disabled","NECO","College of Education","ward","Asibiti","North East","Taraba","Donga","Asibiti","","50","50","29","6","6","0","0","21","23","0"
"2022/2023","Male","disabled","NECO","College of Education","ward","Bikadarko","North East","Taraba","Donga","Bikadarko","","20","20","11","6","6","0","0","9","6","0"
"2022/2023","Male","disabled","NECO","College of Education","ward","Abbare Yelwa","North East","Taraba","Jalingo","Abbare Yelwa","","35","35","19","6","6","0","0","16","14","0"
"2022/2023","Male","disabled","NECO","College of Education","ward","Barade","North East","Taraba","Jalingo","Barade","","20","20","13","5","6","0","0","7","9","0"
"2022/2023","Male","disabled","NECO","College of Education","ward","Kachalla Sembe","North East","Taraba","Jalingo","Kachalla Sembe","","41","41","25","5","5","0","0","16","20","0"
"2022/2023","Male","disabled","NECO","College of Education","ward","Gembu 'A'","North East","Taraba","Sardauna","Gembu 'A'","","35","35","20","10","11","0","0","15","11","0"
"2022/2023","Male","disabled","NECO","College of Education","ward","Gembu 'B'","North East","Taraba","Sardauna","Gembu 'B'","","59","59","35","11","11","1","0","24","24","1"
"2022/2023","Male","disabled","NECO","College of Education","ward","Kabri","North East","Taraba","Sardauna","Kabri","","38","38","23","5","5","0","0","15","18","0"
"2022/2023","Male","disabled","NECO","College of Education","ward","Akwana","North East","Taraba","Wukari","Akwana","","20","20","11","5","5","0","0","9","7","0"
"2022/2023","Male","disabled","NECO","College of Education","ward","Avyi","North East","Taraba","Wukari","Avyi","","72","70","40","10","11","0","2","30","30","0"
"2022/2023","Male","disabled","NECO","College of Education","ward","Bantaje","North East","Taraba","Wukari","Bantaje","","29","29","17","5","5","0","0","12","13","0"
"2022/2023","Male","disabled","NECO","Polytechnic","ward","Alim-Gora","North East","Taraba","Ardo Kola","Alim-Gora","","29","29","20","5","6","0","0","9","15","0"
"2022/2023","Male","disabled","NECO","Polytechnic","ward","Ardo Kola","North East","Taraba","Ardo Kola","Ardo Kola","","53","53","31","5","6","0","0","22","26","0"
"2022/2023","Male","disabled","NECO","Polytechnic","ward","Iware","North East","Taraba","Ardo Kola","Iware","","29","29","20","10","12","0","0","9","11","0"
"2022/2023","Male","disabled","NECO","Polytechnic","ward","Akate","North East","Taraba","Donga","Akate","","47","47","29","10","12","0","0","18","20","0"
"2022/2023","Male","disabled","NECO","Polytechnic","ward","Asibiti","North East","Taraba","Donga","Asibiti","","35","35","19","5","6","0","0","16","15","0"
"2022/2023","Male","disabled","NECO","Polytechnic","ward","Bikadarko","North East","Taraba","Donga","Bikadarko","","65","65","39","17","18","0","0","26","23","0"
"2022/2023","Male","disabled","NECO","Polytechnic","ward","Barade","North East","Taraba","Jalingo","Barade","","36","35","20","6","6","0","1","15","14","0"
"2022/2023","Male","disabled","NECO","Polytechnic","ward","Gembu 'B'","North East","Taraba","Sardauna","Gembu 'B'","","23","23","13","6","6","0","0","10","8","0"
"2022/2023","Male","disabled","NECO","Polytechnic","ward","Kabri","North East","Taraba","Sardauna","Kabri","","50","50","32","5","6","0","0","18","27","0"
"2022/2023","Male","disabled","NECO","Polytechnic","ward","Akwana","North East","Taraba","Wukari","Akwana","","48","47","26","10","10","0","1","21","16","0"
"2022/2023","Male","disabled","NECO","Polytechnic","ward","Avyi","North East","Taraba","Wukari","Avyi","","44","44","29","10","12","0","0","15","19","0"
"2022/2023","Male","disabled","NECO","Polytechnic","ward","Bantaje","North East","Taraba","Wukari","Bantaje","","11","11","6","5","5","0","0","6","1","0"
"2022/2023","Male","disabled","NECO","University","ward","Ardo Kola","North East","Taraba","Ardo Kola","Ardo Kola","","20","20","11","5","6","0","0","9","7","0"
"2022/2023","Male","disabled","NECO","University","ward","Iware","North East","Taraba","Ardo Kola","Iware","","23","23","14","5","6","0","0","9","10","0"
"2022/2023","Male","disabled","NECO","University","ward","Abbare Yelwa","North East","Taraba","Jalingo","Abbare Yelwa","","41","41","20","12","12","0","0","20","9","0"
"2022/2023","Male","disabled","NECO","University","ward","Barade","North East","Taraba","Jalingo","Barade","","61","61","37","11","12","0","0","24","26","0"
"2022/2023","Male","disabled","NECO","University","ward","Kachalla Sembe","North East","Taraba","Jalingo","Kachalla Sembe","","62","61","34","5","5","0","1","27","29","0"
"2022/2023","Male","disabled","NECO","University","ward","Gembu 'A'","North East","Taraba","Sardauna","Gembu 'A'","","29","29","17","5","6","0","0","12","13","0"
"2022/2023","Male","disabled","NECO","University","ward","Akwana","North East","Taraba","Wukari","Akwana","","14","14","8","5","5","0","0","6","4","0"
"2022/2023","Male","disabled","NECO","University","ward","Bantaje","North East","Taraba","Wukari","Bantaje","","14","14","8","5","5","0","0","6","4","0"
"2022/2023","Male","disabled","WAEC","College of Education","ward","Alim-Gora","North East","Taraba","Ardo Kola","Alim-Gora","","75","73","42","10","10","0","2","31","32","0"
"2022/2023","Male","disabled","WAEC","College of Education","ward","Ardo Kola","North East","Taraba","Ardo Kola","Ardo Kola","","17","17","10","5","5","0","0","7","6","0"
"2022/2023","Male","disabled","WAEC","College of Education","ward","Akate","North East","Taraba","Donga","Akate","","20","20","13","5","5","0","0","7","8","0"
"2022/2023","Male","disabled","WAEC","College of Education","ward","Asibiti","North East","Taraba","Donga","Asibiti","","62","61","37","5","5","0","1","24","32","0"
"2022/2023","Male","disabled","WAEC","College of Education","ward","Bikadarko","North East","Taraba","Donga","Bikadarko","","26","26","16","5","5","0","0","10","11","0"
"2022/2023","Male","disabled","WAEC","College of Education","ward","Abbare Yelwa","North East","Taraba","Jalingo","Abbare Yelwa","","50","50","30","10","10","0","0","20","20","0"
"2022/2023","Male","disabled","WAEC","College of Education","ward","Barade","North East","Taraba","Jalingo","Barade","","26","26","16","5","5","0","0","10","11","0"
"2022/2023","Male","disabled","WAEC","College of Education","ward","Kachalla Sembe","North East","Taraba","Jalingo","Kachalla Sembe","","52","52","29","5","5","0","0","23","24","0"
"2022/2023","Male","disabled","WAEC","College of Education","ward","Gembu 'A'","North East","Taraba","Sardauna","Gembu 'A'","","49","49","32","10","10","0","0","17","22","0"
"2022/2023","Male","disabled","WAEC","College of Education","ward","Gembu 'B'","North East","Taraba","Sardauna","Gembu 'B'","","69","68","43","15","15","0","1","25","28","0"
"2022/2023","Male","disabled","WAEC","College of Education","ward","Kabri","North East","Taraba","Sardauna","Kabri","","51","50","29","5","5","0","1","21","24","0"
"2022/2023","Male","disabled","WAEC","College of Education","ward","Akwana","North East","Taraba","Wukari","Akwana","","23","23","13","5","5","0","0","10","8","0"
"2022/2023","Male","disabled","WAEC","College of Education","ward","Avyi","North East","Taraba","Wukari","Avyi","","92","90","55","18","20","0","2","35","38","0"
"2022/2023","Male","disabled","WAEC","College of Education","ward","Bantaje","North East","Taraba","Wukari","Bantaje","","38","38","21","10","10","0","0","17","11","0"
"2022/2023","Male","disabled","WAEC","Polytechnic","ward","Alim-Gora","North East","Taraba","Ardo Kola","Alim-Gora","","41","41","24","10","10","0","0","17","14","0"
"2022/2023","Male","disabled","WAEC","Polytechnic","ward","Ardo Kola","North East","Taraba","Ardo Kola","Ardo Kola","","71","70","40","10","10","0","1","30","30","0"
"2022/2023","Male","disabled","WAEC","Polytechnic","ward","Iware","North East","Taraba","Ardo Kola","Iware","","44","44","27","10","10","0","0","17","17","0"
"2022/2023","Male","disabled","WAEC","Polytechnic","ward","Akate","North East","Taraba","Donga","Akate","","64","64","40","15","15","0","0","24","25","0"
"2022/2023","Male","disabled","WAEC","Polytechnic","ward","Asibiti","North East","Taraba","Donga","Asibiti","","48","47","27","5","5","0","1","20","22","0"
"2022/2023","Male","disabled","WAEC","Polytechnic","ward","Bikadarko","North East","Taraba","Donga","Bikadarko","","90","90","54","15","15","0","0","36","39","0"
"2022/2023","Male","disabled","WAEC","Polytechnic","ward","Barade","North East","Taraba","Jalingo","Barade","","47","46","28","9","10","0","1","18","20","0"
"2022/2023","Male","disabled","WAEC","Polytechnic","ward","Gembu 'B'","North East","Taraba","Sardauna","Gembu 'B'","","29","29","16","0","0","0","0","13","16","0"
"2022/2023","Male","disabled","WAEC","Polytechnic","ward","Kabri","North East","Taraba","Sardauna","Kabri","","65","64","40","9","10","0","1","24","31","0"
"2022/2023","Male","disabled","WAEC","Polytechnic","ward","Akwana","North East","Taraba","Wukari","Akwana","","62","61","39","10","10","0","1","22","30","0"
"2022/2023","Male","disabled","WAEC","Polytechnic","ward","Avyi","North East","Taraba","Wukari","Avyi","","59","58","34","14","15","0","1","24","21","0"
"2022/2023","Male","disabled","WAEC","Polytechnic","ward","Bantaje","North East","Taraba","Wukari","Bantaje","","20","20","13","0","0","0","0","7","13","0"
"2022/2023","Male","disabled","WAEC","University","ward","Ardo Kola","North East","Taraba","Ardo Kola","Ardo Kola","","29","29","16","5","5","0","0","13","11","0"
"2022/2023","Male","disabled","WAEC","University","ward","Iware","North East","Taraba","Ardo Kola","Iware","","29","29","18","10","10","0","0","11","9","0"
"2022/2023","Male","disabled","WAEC","University","ward","Abbare Yelwa","North East","Taraba","Jalingo","Abbare Yelwa","","52","52","35","10","10","0","0","17","25","0"
"2022/2023","Male","disabled","WAEC","University","ward","Barade","North East","Taraba","Jalingo","Barade","","71","70","43","10","10","0","1","27","33","0"
"2022/2023","Male","disabled","WAEC","University","ward","Kachalla Sembe","North East","Taraba","Jalingo","Kachalla Sembe","","95","93","52","14","15","0","2","41","39","0"
"2022/2023","Male","disabled","WAEC","University","ward","Gembu 'A'","North East","Taraba","Sardauna","Gembu 'A'","","41","41","24","10","10","0","0","17","14","0"
"2022/2023","Male","disabled","WAEC","University","ward","Akwana","North East","Taraba","Wukari","Akwana","","14","14","7","5","5","0","0","7","3","0"
"2022/2023","Male","disabled","WAEC","University","ward","Bantaje","North East","Taraba","Wukari","Bantaje","","14","14","7","5","5","0","0","7","3","0"
"2023/2024","Female","all","NABTEB","College of Education","ward","Alim-Gora","North East","Taraba","Ardo Kola","Alim-Gora","","218","215","144","38","33","5","3","71","106","5"
"2023/2024","Female","all","NABTEB","College of Education","ward","Ardo Kola","North East","Taraba","Ardo Kola","Ardo Kola","","68","67","47","18","19","0","1","20","28","0"
"2023/2024","Female","all","NABTEB","College of Education","ward","Akate","North East","Taraba","Donga","Akate","","74","73","51","24","19","5","1","22","26","5"
"2023/2024","Female","all","NABTEB","College of Education","ward","Asibiti","North East","Taraba","Donga","Asibiti","","240","236","153","44","33","11","4","83","109","11"
"2023/2024","Female","all","NABTEB","College of Education","ward","Bikadarko","North East","Taraba","Donga","Bikadarko","","131","129","88","38","33","5","2","41","51","5"
"2023/2024","Female","all","NABTEB","College of Education","ward","Abbare Yelwa","North East","Taraba","Jalingo","Abbare Yelwa","","179","176","116","44","39","5","3","60","73","5"
"2023/2024","Female","all","NABTEB","College of Education","ward","Barade","North East","Taraba","Jalingo","Barade","","77","76","51","19","13","6","1","25","33","6"
"2023/2024","Female","all","NABTEB","College of Education","ward","Kachalla Sembe","North East","Taraba","Jalingo","Kachalla Sembe","","164","162","106","32","26","6","2","56","75","6"
"2023/2024","Female","all","NABTEB","College of Education","ward","Gembu 'A'","North East","Taraba","Sardauna","Gembu 'A'","","180","178","123","44","39","6","2","55","78","6"
"2023/2024","Female","all","NABTEB","College of Education","ward","Gembu 'B'","North East","Taraba","Sardauna","Gembu 'B'","","250","246","175","69","65","5","4","71","105","5"
"2023/2024","Female","all","NABTEB","College of Education","ward","Kabri","North East","Taraba","Sardauna","Kabri","","197","194","130","45","39","6","3","64","85","6"
"2023/2024","Female","all","NABTEB","College of Education","ward","Akwana","North East","Taraba","Wukari","Akwana","","68","67","47","13","13","0","1","20","34","0"
"2023/2024","Female","all","NABTEB","College of Education","ward","Avyi","North East","Taraba","Wukari","Avyi","","234","230","167","75","65","10","4","63","91","10"
"2023/2024","Female","all","NABTEB","College of Education","ward","Bantaje","North East","Taraba","Wukari","Bantaje","","161","158","112","43","39","5","3","46","68","5"
"2023/2024","Female","all","NABTEB","Polytechnic","ward","Alim-Gora","North East","Taraba","Ardo Kola","Alim-Gora","","142","140","96","32","33","0","2","44","65","0"
"2023/2024","Female","all","NABTEB","Polytechnic","ward","Ardo Kola","North East","Taraba","Ardo Kola","Ardo Kola","","260","256","171","63","53","10","4","85","109","10"
"2023/2024","Female","all","NABTEB","Polytechnic","ward","Iware","North East","Taraba","Ardo Kola","Iware","","139","137","95","44","46","0","2","42","52","0"
"2023/2024","Female","all","NABTEB","Polytechnic","ward","Akate","North East","Taraba","Donga","Akate","","193","190","133","44","45","0","3","57","89","0"
"2023/2024","Female","all","NABTEB","Polytechnic","ward","Asibiti","North East","Taraba","Donga","Asibiti","","145","143","95","38","33","6","2","48","58","6"
"2023/2024","Female","all","NABTEB","Polytechnic","ward","Bikadarko","North East","Taraba","Donga","Bikadarko","","352","347","237","89","79","10","5","110","148","10"
"2023/2024","Female","all","NABTEB","Polytechnic","ward","Barade","North East","Taraba","Jalingo","Barade","","133","131","88","37","33","5","2","43","50","5"
"2023/2024","Female","all","NABTEB","Polytechnic","ward","Gembu 'B'","North East","Taraba","Sardauna","Gembu 'B'","","97","96","58","13","13","0","1","38","46","0"
"2023/2024","Female","all","NABTEB","Polytechnic","ward","Kabri","North East","Taraba","Sardauna","Kabri","","223","220","150","57","46","11","3","70","94","11"
"2023/2024","Female","all","NABTEB","Polytechnic","ward","Akwana","North East","Taraba","Wukari","Akwana","","173","170","120","38","33","6","3","50","82","6"
"2023/2024","Female","all","NABTEB","Polytechnic","ward","Avyi","North East","Taraba","Wukari","Avyi","","159","157","113","51","46","6","2","44","62","6"
"2023/2024","Female","all","NABTEB","Polytechnic","ward","Bantaje","North East","Taraba","Wukari","Bantaje","","83","82","57","25","20","5","1","25","33","5"
"2023/2024","Female","all","NABTEB","University","ward","Ardo Kola","North East","Taraba","Ardo Kola","Ardo Kola","","99","98","71","25","26","0","1","27","47","0"
"2023/2024","Female","all","NABTEB","University","ward","Iware","North East","Taraba","Ardo Kola","Iware","","122","120","82","37","39","0","2","38","44","0"
"2023/2024","Female","all","NABTEB","University","ward","Abbare Yelwa","North East","Taraba","Jalingo","Abbare Yelwa","","161","159","109","38","33","5","2","50","72","5"
"2023/2024","Female","all","NABTEB","University","ward","Barade","North East","Taraba","Jalingo","Barade","","239","235","156","43","33","11","4","79","113","11"
"2023/2024","Female","all","NABTEB","University","ward","Kachalla Sembe","North East","Taraba","Jalingo","Kachalla Sembe","","245","241","168","50","40","10","4","73","118","10"
"2023/2024","Female","all","NABTEB","University","ward","Gembu 'A'","North East","Taraba","Sardauna","Gembu 'A'","","132","130","84","31","32","0","2","46","53","0"
"2023/2024","Female","all","NABTEB","University","ward","Akwana","North East","Taraba","Wukari","Akwana","","52","51","33","18","19","0","1","18","14","0"
"2023/2024","Female","all","NABTEB","University","ward","Bantaje","North East","Taraba","Wukari","Bantaje","","74","73","51","13","13","0","1","22","38","0"
"2023/2024","Female","all","NECO","College of Education","ward","Alim-Gora","North East","Taraba","Ardo Kola","Alim-Gora","","413","406","266","86","73","13","7","140","180","13"
"2023/2024","Female","all","NECO","College of Education","ward","Ardo Kola","North East","Taraba","Ardo Kola","Ardo Kola","","147","145","96","43","39","4","2","49","52","4"
"2023/2024","Female","all","NECO","College of Education","ward","Akate","North East","Taraba","Donga","Akate","","141","139","104","43","39","4","2","35","61","4"
"2023/2024","Female","all","NECO","College of Education","ward","Asibiti","North East","Taraba","Donga","Asibiti","","444","438","284","104","91","13","6","154","180","13"
"2023/2024","Female","all","NECO","College of Education","ward","Bikadarko","North East","Taraba","Donga","Bikadarko","","253","249","169","71","62","9","4","80","99","9"
"2023/2024","Female","all","NECO","College of Education","ward","Abbare Yelwa","North East","Taraba","Jalingo","Abbare Yelwa","","307","302","207","70","61","9","5","95","137","9"
"2023/2024","Female","all","NECO","College of Education","ward","Barade","North East","Taraba","Jalingo","Barade","","132","130","90","37","33","4","2","40","52","4"
"2023/2024","Female","all","NECO","College of Education","ward","Kachalla Sembe","North East","Taraba","Jalingo","Kachalla Sembe","","298","294","196","71","62","9","4","98","125","9"
"2023/2024","Female","all","NECO","College of Education","ward","Gembu 'A'","North East","Taraba","Sardauna","Gembu 'A'","","381","375","261","97","85","13","6","114","163","13"
"2023/2024","Female","all","NECO","College of Education","ward","Gembu 'B'","North East","Taraba","Sardauna","Gembu 'B'","","440","434","306","130","112","18","6","128","176","18"
"2023/2024","Female","all","NECO","College of Education","ward","Kabri","North East","Taraba","Sardauna","Kabri","","353","347","231","99","85","14","6","116","133","14"
"2023/2024","Female","all","NECO","College of Education","ward","Akwana","North East","Taraba","Wukari","Akwana","","123","121","83","37","33","4","2","38","46","4"
"2023/2024","Female","all","NECO","College of Education","ward","Avyi","North East","Taraba","Wukari","Avyi","","456","449","316","125","107","18","7","133","191","18"
"2023/2024","Female","all","NECO","College of Education","ward","Bantaje","North East","Taraba","Wukari","Bantaje","","316","312","211","98","85","13","4","101","114","13"
"2023/2024","Female","all","NECO","Polytechnic","ward","Alim-Gora","North East","Taraba","Ardo Kola","Alim-Gora","","263","259","185","76","68","8","4","74","109","8"
"2023/2024","Female","all","NECO","Polytechnic","ward","Ardo Kola","North East","Taraba","Ardo Kola","Ardo Kola","","456","450","299","109","97","12","6","151","190","12"
"2023/2024","Female","all","NECO","Polytechnic","ward","Iware","North East","Taraba","Ardo Kola","Iware","","259","255","179","77","68","9","4","76","103","9"
"2023/2024","Female","all","NECO","Polytechnic","ward","Akate","North East","Taraba","Donga","Akate","","329","324","219","93","79","14","5","105","127","14"
"2023/2024","Female","all","NECO","Polytechnic","ward","Asibiti","North East","Taraba","Donga","Asibiti","","267","263","176","66","57","9","4","87","110","9"
"2023/2024","Female","all","NECO","Polytechnic","ward","Bikadarko","North East","Taraba","Donga","Bikadarko","","571","563","373","130","112","18","8","190","243","18"
"2023/2024","Female","all","NECO","Polytechnic","ward","Barade","North East","Taraba","Jalingo","Barade","","231","228","149","49","40","9","3","79","100","9"
"2023/2024","Female","all","NECO","Polytechnic","ward","Gembu 'B'","North East","Taraba","Sardauna","Gembu 'B'","","217","214","131","49","40","9","3","83","82","9"
"2023/2024","Female","all","NECO","Polytechnic","ward","Kabri","North East","Taraba","Sardauna","Kabri","","410","404","267","103","91","13","6","137","163","13"
"2023/2024","Female","all","NECO","Polytechnic","ward","Akwana","North East","Taraba","Wukari","Akwana","","327","322","215","81","72","9","5","107","134","9"
"2023/2024","Female","all","NECO","Polytechnic","ward","Avyi","North East","Taraba","Wukari","Avyi","","331","326","225","98","84","14","5","101","126","14"
"2023/2024","Female","all","NECO","Polytechnic","ward","Bantaje","North East","Taraba","Wukari","Bantaje","","148","146","102","44","40","4","2","44","59","4"
"2023/2024","Female","all","NECO","University","ward","Ardo Kola","North East","Taraba","Ardo Kola","Ardo Kola","","197","194","140","54","45","10","3","54","85","10"
"2023/2024","Female","all","NECO","University","ward","Iware","North East","Taraba","Ardo Kola","Iware","","191","188","126","53","46","8","3","62","72","8"
"2023/2024","Female","all","NECO","University","ward","Abbare Yelwa","North East","Taraba","Jalingo","Abbare Yelwa","","290","286","190","71","63","8","4","96","119","8"
"2023/2024","Female","all","NECO","University","ward","Barade","North East","Taraba","Jalingo","Barade","","502","495","333","124","112","12","7","162","209","12"
"2023/2024","Female","all","NECO","University","ward","Kachalla Sembe","North East","Taraba","Jalingo","Kachalla Sembe","","462","455","313","109","89","20","7","142","204","20"
"2023/2024","Female","all","NECO","University","ward","Gembu 'A'","North East","Taraba","Sardauna","Gembu 'A'","","234","230","162","70","61","9","4","68","92","9"
"2023/2024","Female","all","NECO","University","ward","Akwana","North East","Taraba","Wukari","Akwana","","75","74","49","22","23","0","1","25","28","0"
"2023/2024","Female","all","NECO","University","ward","Bantaje","North East","Taraba","Wukari","Bantaje","","138","136","90","37","34","4","2","46","52","4"
"2023/2024","Female","all","WAEC","College of Education","ward","Alim-Gora","North East","Taraba","Ardo Kola","Alim-Gora","","562","553","370","122","111","11","9","183","248","11"
"2023/2024","Female","all","WAEC","College of Education","ward","Ardo Kola","North East","Taraba","Ardo Kola","Ardo Kola","","184","181","125","54","48","6","3","56","72","6"
"2023/2024","Female","all","WAEC","College of Education","ward","Akate","North East","Taraba","Donga","Akate","","207","204","150","73","63","10","3","54","76","10"
"2023/2024","Female","all","WAEC","College of Education","ward","Asibiti","North East","Taraba","Donga","Asibiti","","578","570","378","141","132","9","8","192","237","9"
"2023/2024","Female","all","WAEC","College of Education","ward","Bikadarko","North East","Taraba","Donga","Bikadarko","","336","331","236","98","90","8","5","95","139","8"
"2023/2024","Female","all","WAEC","College of Education","ward","Abbare Yelwa","North East","Taraba","Jalingo","Abbare Yelwa","","481","474","313","116","105","11","7","161","197","11"
"2023/2024","Female","all","WAEC","College of Education","ward","Barade","North East","Taraba","Jalingo","Barade","","163","161","114","44","43","1","2","47","71","1"
"2023/2024","Female","all","WAEC","College of Education","ward","Kachalla Sembe","North East","Taraba","Jalingo","Kachalla Sembe","","427","421","270","88","80","8","6","151","182","8"
"2023/2024","Female","all","WAEC","College of Education","ward","Gembu 'A'","North East","Taraba","Sardauna","Gembu 'A'","","454","448","300","118","107","11","6","148","183","11"
"2023/2024","Female","all","WAEC","College of Education","ward","Gembu 'B'","North East","Taraba","Sardauna","Gembu 'B'","","594","585","411","165","154","11","9","174","246","11"
"2023/2024","Female","all","WAEC","College of Education","ward","Kabri","North East","Taraba","Sardauna","Kabri","","470","463","312","121","111","11","7","151","190","11"
"2023/2024","Female","all","WAEC","College of Education","ward","Akwana","North East","Taraba","Wukari","Akwana","","189","186","122","48","43","6","3","64","73","6"
"2023/2024","Female","all","WAEC","College of Education","ward","Avyi","North East","Taraba","Wukari","Avyi","","536","528","357","145","137","8","8","171","212","8"
"2023/2024","Female","all","WAEC","College of Education","ward","Bantaje","North East","Taraba","Wukari","Bantaje","","443","436","304","126","116","10","7","132","177","10"
"2023/2024","Female","all","WAEC","Polytechnic","ward","Alim-Gora","North East","Taraba","Ardo Kola","Alim-Gora","","350","345","244","97","90","7","5","101","146","7"
"2023/2024","Female","all","WAEC","Polytechnic","ward","Ardo Kola","North East","Taraba","Ardo Kola","Ardo Kola","","583","574","381","142","133","9","9","193","239","9"
"2023/2024","Female","all","WAEC","Polytechnic","ward","Iware","North East","Taraba","Ardo Kola","Iware","","315","310","214","97","89","8","5","96","116","8"
"2023/2024","Female","all","WAEC","Polytechnic","ward","Akate","North East","Taraba","Donga","Akate","","475","467","315","131","122","9","8","152","183","9"
"2023/2024","Female","all","WAEC","Polytechnic","ward","Asibiti","North East","Taraba","Donga","Asibiti","","365","360","228","78","69","9","5","132","151","9"
"2023/2024","Female","all","WAEC","Polytechnic","ward","Bikadarko","North East","Taraba","Donga","Bikadarko","","873","860","594","235","212","23","13","266","360","23"
"2023/2024","Female","all","WAEC","Polytechnic","ward","Barade","North East","Taraba","Jalingo","Barade","","306","301","194","73","69","4","5","107","121","4"
"2023/2024","Female","all","WAEC","Polytechnic","ward","Gembu 'B'","North East","Taraba","Sardauna","Gembu 'B'","","296","292","181","64","59","5","4","111","117","5"
"2023/2024","Female","all","WAEC","Polytechnic","ward","Kabri","North East","Taraba","Sardauna","Kabri","","538","530","359","147","133","14","8","171","213","14"
"2023/2024","Female","all","WAEC","Polytechnic","ward","Akwana","North East","Taraba","Wukari","Akwana","","421","415","286","112","106","6","6","129","174","6"
"2023/2024","Female","all","WAEC","Polytechnic","ward","Avyi","North East","Taraba","Wukari","Avyi","","414","408","286","117","111","6","6","122","170","6"
"2023/2024","Female","all","WAEC","Polytechnic","ward","Bantaje","North East","Taraba","Wukari","Bantaje","","195","192","130","53","48","6","3","62","76","6"
"2023/2024","Female","all","WAEC","University","ward","Ardo Kola","North East","Taraba","Ardo Kola","Ardo Kola","","296","292","206","82","73","9","4","86","123","9"
"2023/2024","Female","all","WAEC","University","ward","Iware","North East","Taraba","Ardo Kola","Iware","","252","248","164","67","63","4","4","84","96","4"
"2023/2024","Female","all","WAEC","University","ward","Abbare Yelwa","North East","Taraba","Jalingo","Abbare Yelwa","","401","395","264","98","91","7","6","131","166","7"
"2023/2024","Female","all","WAEC","University","ward","Barade","North East","Taraba","Jalingo","Barade","","664","654","438","151","133","18","10","216","288","18"
"2023/2024","Female","all","WAEC","University","ward","Kachalla Sembe","North East","Taraba","Jalingo","Kachalla Sembe","","640","630","432","161","149","12","10","198","272","12"
"2023/2024","Female","all","WAEC","University","ward","Gembu 'A'","North East","Taraba","Sardauna","Gembu 'A'","","327","322","217","88","80","8","5","105","130","8"
"2023/2024","Female","all","WAEC","University","ward","Akwana","North East","Taraba","Wukari","Akwana","","124","122","80","34","32","2","2","42","47","2"
"2023/2024","Female","all","WAEC","University","ward","Bantaje","North East","Taraba","Wukari","Bantaje","","178","175","119","49","43","6","3","56","71","6"
"2023/2024","Female","disabled","NABTEB","College of Education","ward","Alim-Gora","North East","Taraba","Ardo Kola","Alim-Gora","","24","24","16","0","0","0","0","8","16","0"
"2023/2024","Female","disabled","NABTEB","College of Education","ward","Ardo Kola","North East","Taraba","Ardo Kola","Ardo Kola","","10","10","6","5","5","0","0","4","1","0"
"2023/2024","Female","disabled","NABTEB","College of Education","ward","Akate","North East","Taraba","Donga","Akate","","10","10","6","5","5","0","0","4","1","0"
"2023/2024","Female","disabled","NABTEB","College of Education","ward","Asibiti","North East","Taraba","Donga","Asibiti","","25","25","14","0","0","0","0","11","14","0"
"2023/2024","Female","disabled","NABTEB","College of Education","ward","Bikadarko","North East","Taraba","Donga","Bikadarko","","10","10","6","5","5","0","0","4","1","0"
"2023/2024","Female","disabled","NABTEB","College of Education","ward","Abbare Yelwa","North East","Taraba","Jalingo","Abbare Yelwa","","22","22","14","6","7","0","0","8","8","0"
"2023/2024","Female","disabled","NABTEB","College of Education","ward","Barade","North East","Taraba","Jalingo","Barade","","11","11","7","0","0","0","0","4","7","0"
"2023/2024","Female","disabled","NABTEB","College of Education","ward","Kachalla Sembe","North East","Taraba","Jalingo","Kachalla Sembe","","21","21","13","0","0","0","0","8","13","0"
"2023/2024","Female","disabled","NABTEB","College of Education","ward","Gembu 'A'","North East","Taraba","Sardauna","Gembu 'A'","","21","21","13","6","7","0","0","8","8","0"
"2023/2024","Female","disabled","NABTEB","College of Education","ward","Gembu 'B'","North East","Taraba","Sardauna","Gembu 'B'","","36","36","24","18","21","0","0","12","6","0"
"2023/2024","Female","disabled","NABTEB","College of Education","ward","Kabri","North East","Taraba","Sardauna","Kabri","","27","27","16","6","7","0","0","11","11","0"
"2023/2024","Female","disabled","NABTEB","College of Education","ward","Akwana","North East","Taraba","Wukari","Akwana","","10","10","6","0","0","0","0","4","6","0"
"2023/2024","Female","disabled","NABTEB","College of Education","ward","Avyi","North East","Taraba","Wukari","Avyi","","29","29","19","11","13","0","0","10","7","0"
"2023/2024","Female","disabled","NABTEB","College of Education","ward","Bantaje","North East","Taraba","Wukari","Bantaje","","21","21","13","6","7","0","0","8","8","0"
"2023/2024","Female","disabled","NABTEB","Polytechnic","ward","Alim-Gora","North East","Taraba","Ardo Kola","Alim-Gora","","22","22","14","6","6","0","0","8","8","0"
"2023/2024","Female","disabled","NABTEB","Polytechnic","ward","Ardo Kola","North East","Taraba","Ardo Kola","Ardo Kola","","25","25","14","6","6","0","0","11","8","0"
"2023/2024","Female","disabled","NABTEB","Polytechnic","ward","Iware","North East","Taraba","Ardo Kola","Iware","","21","21","13","11","13","0","0","8","2","0"
"2023/2024","Female","disabled","NABTEB","Polytechnic","ward","Akate","North East","Taraba","Donga","Akate","","33","33","21","6","7","0","0","12","15","0"
"2023/2024","Female","disabled","NABTEB","Polytechnic","ward","Asibiti","North East","Taraba","Donga","Asibiti","","22","22","14","6","6","0","0","8","8","0"
"2023/2024","Female","disabled","NABTEB","Polytechnic","ward","Bikadarko","North East","Taraba","Donga","Bikadarko","","33","33","21","12","13","0","0","12","9","0"
"2023/2024","Female","disabled","NABTEB","Polytechnic","ward","Barade","North East","Taraba","Jalingo","Barade","","17","17","10","6","7","0","0","7","4","0"
"2023/2024","Female","disabled","NABTEB","Polytechnic","ward","Gembu 'B'","North East","Taraba","Sardauna","Gembu 'B'","","10","10","6","0","0","0","0","4","6","0"
"2023/2024","Female","disabled","NABTEB","Polytechnic","ward","Kabri","North East","Taraba","Sardauna","Kabri","","26","26","16","6","6","0","0","10","10","0"
"2023/2024","Female","disabled","NABTEB","Polytechnic","ward","Akwana","North East","Taraba","Wukari","Akwana","","23","23","16","6","6","0","0","7","10","0"
"2023/2024","Female","disabled","NABTEB","Polytechnic","ward","Avyi","North East","Taraba","Wukari","Avyi","","24","24","16","12","12","0","0","8","5","0"
"2023/2024","Female","disabled","NABTEB","Polytechnic","ward","Bantaje","North East","Taraba","Wukari","Bantaje","","11","11","7","6","7","0","0","4","1","0"
"2023/2024","Female","disabled","NABTEB","University","ward","Ardo Kola","North East","Taraba","Ardo Kola","Ardo Kola","","10","10","6","5","6","0","0","4","1","0"
"2023/2024","Female","disabled","NABTEB","University","ward","Iware","North East","Taraba","Ardo Kola","Iware","","21","21","13","11","12","0","0","8","2","0"
"2023/2024","Female","disabled","NABTEB","University","ward","Abbare Yelwa","North East","Taraba","Jalingo","Abbare Yelwa","","22","22","14","6","6","0","0","8","8","0"
"2023/2024","Female","disabled","NABTEB","University","ward","Barade","North East","Taraba","Jalingo","Barade","","25","25","14","0","0","0","0","11","14","0"
"2023/2024","Female","disabled","NABTEB","University","ward","Kachalla Sembe","North East","Taraba","Jalingo","Kachalla Sembe","","30","30","16","6","7","0","0","14","11","0"
"2023/2024","Female","disabled","NABTEB","University","ward","Gembu 'A'","North East","Taraba","Sardauna","Gembu 'A'","","21","21","13","6","7","0","0","8","8","0"
"2023/2024","Female","disabled","NABTEB","University","ward","Akwana","North East","Taraba","Wukari","Akwana","","10","10","6","5","6","0","0","4","1","0"
"2023/2024","Female","disabled","NABTEB","University","ward","Bantaje","North East","Taraba","Wukari","Bantaje","","11","11","7","0","0","0","0","4","7","0"
"2023/2024","Female","disabled","NECO","College of Education","ward","Alim-Gora","North East","Taraba","Ardo Kola","Alim-Gora","","48","48","28","10","12","0","0","20","19","0"
"2023/2024","Female","disabled","NECO","College of Education","ward","Ardo Kola","North East","Taraba","Ardo Kola","Ardo Kola","","14","14","9","5","6","0","0","5","4","0"
"2023/2024","Female","disabled","NECO","College of Education","ward","Akate","North East","Taraba","Donga","Akate","","11","11","9","6","6","0","0","2","3","0"
"2023/2024","Female","disabled","NECO","College of Education","ward","Asibiti","North East","Taraba","Donga","Asibiti","","40","40","27","6","6","0","0","13","21","0"
"2023/2024","Female","disabled","NECO","College of Education","ward","Bikadarko","North East","Taraba","Donga","Bikadarko","","20","20","12","6","6","0","0","8","6","0"
"2023/2024","Female","disabled","NECO","College of Education","ward","Abbare Yelwa","North East","Taraba","Jalingo","Abbare Yelwa","","34","34","21","6","6","0","0","13","15","0"
"2023/2024","Female","disabled","NECO","College of Education","ward","Barade","North East","Taraba","Jalingo","Barade","","20","20","15","6","6","0","0","5","9","0"
"2023/2024","Female","disabled","NECO","College of Education","ward","Kachalla Sembe","North East","Taraba","Jalingo","Kachalla Sembe","","37","37","21","10","12","0","0","16","11","0"
"2023/2024","Female","disabled","NECO","College of Education","ward","Gembu 'A'","North East","Taraba","Sardauna","Gembu 'A'","","37","37","24","5","5","0","0","13","19","0"
"2023/2024","Female","disabled","NECO","College of Education","ward","Gembu 'B'","North East","Taraba","Sardauna","Gembu 'B'","","49","49","30","16","17","1","0","19","14","1"
"2023/2024","Female","disabled","NECO","College of Education","ward","Kabri","North East","Taraba","Sardauna","Kabri","","40","40","23","12","11","1","0","17","12","1"
"2023/2024","Female","disabled","NECO","College of Education","ward","Akwana","North East","Taraba","Wukari","Akwana","","14","14","9","5","6","0","0","5","4","0"
"2023/2024","Female","disabled","NECO","College of Education","ward","Avyi","North East","Taraba","Wukari","Avyi","","59","59","37","11","10","1","0","22","26","1"
"2023/2024","Female","disabled","NECO","College of Education","ward","Bantaje","North East","Taraba","Wukari","Bantaje","","31","31","21","10","12","0","0","10","11","0"
"2023/2024","Female","disabled","NECO","Polytechnic","ward","Alim-Gora","North East","Taraba","Ardo Kola","Alim-Gora","","28","28","21","10","12","0","0","7","11","0"
"2023/2024","Female","disabled","NECO","Polytechnic","ward","Ardo Kola","North East","Taraba","Ardo Kola","Ardo Kola","","46","46","33","11","12","0","0","13","22","0"
"2023/2024","Female","disabled","NECO","Polytechnic","ward","Iware","North East","Taraba","Ardo Kola","Iware","","31","31","24","10","12","0","0","7","14","0"
"2023/2024","Female","disabled","NECO","Polytechnic","ward","Akate","North East","Taraba","Donga","Akate","","39","39","30","18","18","0","0","9","12","0"
"2023/2024","Female","disabled","NECO","Polytechnic","ward","Asibiti","North East","Taraba","Donga","Asibiti","","29","29","18","6","6","0","0","11","12","0"
"2023/2024","Female","disabled","NECO","Polytechnic","ward","Bikadarko","North East","Taraba","Donga","Bikadarko","","60","60","39","11","12","0","0","21","28","0"
"2023/2024","Female","disabled","NECO","Polytechnic","ward","Barade","North East","Taraba","Jalingo","Barade","","31","31","19","6","6","0","0","12","14","0"
"2023/2024","Female","disabled","NECO","Polytechnic","ward","Gembu 'B'","North East","Taraba","Sardauna","Gembu 'B'","","22","22","14","6","6","0","0","8","9","0"
"2023/2024","Female","disabled","NECO","Polytechnic","ward","Kabri","North East","Taraba","Sardauna","Kabri","","49","49","32","12","11","1","0","17","20","1"
"2023/2024","Female","disabled","NECO","Polytechnic","ward","Akwana","North East","Taraba","Wukari","Akwana","","40","40","23","10","11","0","0","17","14","0"
"2023/2024","Female","disabled","NECO","Polytechnic","ward","Avyi","North East","Taraba","Wukari","Avyi","","40","40","26","10","11","0","0","14","17","0"
"2023/2024","Female","disabled","NECO","Polytechnic","ward","Bantaje","North East","Taraba","Wukari","Bantaje","","14","14","9","5","6","0","0","5","4","0"
"2023/2024","Female","disabled","NECO","University","ward","Ardo Kola","North East","Taraba","Ardo Kola","Ardo Kola","","17","17","12","5","6","0","0","5","7","0"
"2023/2024","Female","disabled","NECO","University","ward","Iware","North East","Taraba","Ardo Kola","Iware","","23","23","14","10","12","0","0","9","5","0"
"2023/2024","Female","disabled","NECO","University","ward","Abbare Yelwa","North East","Taraba","Jalingo","Abbare Yelwa","","31","31","21","12","12","0","0","10","9","0"
"2023/2024","Female","disabled","NECO","University","ward","Barade","North East","Taraba","Jalingo","Barade","","54","54","32","12","12","0","0","22","21","0"
"2023/2024","Female","disabled","NECO","University","ward","Kachalla Sembe","North East","Taraba","Jalingo","Kachalla Sembe","","54","54","35","10","12","0","0","19","26","0"
"2023/2024","Female","disabled","NECO","University","ward","Gembu 'A'","North East","Taraba","Sardauna","Gembu 'A'","","26","26","18","10","12","0","0","8","8","0"
"2023/2024","Female","disabled","NECO","University","ward","Akwana","North East","Taraba","Wukari","Akwana","","11","11","8","5","6","0","0","3","4","0"
"2023/2024","Female","disabled","NECO","University","ward","Bantaje","North East","Taraba","Wukari","Bantaje","","11","11","8","5","6","0","0","3","4","0"
"2023/2024","Female","disabled","WAEC","College of Education","ward","Alim-Gora","North East","Taraba","Ardo Kola","Alim-Gora","","68","67","42","10","10","0","1","25","32","0"
"2023/2024","Female","disabled","WAEC","College of Education","ward","Ardo Kola","North East","Taraba","Ardo Kola","Ardo Kola","","17","17","10","5","5","0","0","7","6","0"
"2023/2024","Female","disabled","WAEC","College of Education","ward","Akate","North East","Taraba","Donga","Akate","","14","14","7","5","5","0","0","7","3","0"
"2023/2024","Female","disabled","WAEC","College of Education","ward","Asibiti","North East","Taraba","Donga","Asibiti","","60","59","36","10","10","0","1","23","26","0"
"2023/2024","Female","disabled","WAEC","College of Education","ward","Bikadarko","North East","Taraba","Donga","Bikadarko","","26","26","17","5","5","0","0","9","12","0"
"2023/2024","Female","disabled","WAEC","College of Education","ward","Abbare Yelwa","North East","Taraba","Jalingo","Abbare Yelwa","","47","47","28","10","12","0","0","19","18","0"
"2023/2024","Female","disabled","WAEC","College of Education","ward","Barade","North East","Taraba","Jalingo","Barade","","23","23","16","5","5","0","0","7","12","0"
"2023/2024","Female","disabled","WAEC","College of Education","ward","Kachalla Sembe","North East","Taraba","Jalingo","Kachalla Sembe","","55","55","34","5","5","0","0","21","29","0"
"2023/2024","Female","disabled","WAEC","College of Education","ward","Gembu 'A'","North East","Taraba","Sardauna","Gembu 'A'","","44","44","27","10","10","0","0","17","18","0"
"2023/2024","Female","disabled","WAEC","College of Education","ward","Gembu 'B'","North East","Taraba","Sardauna","Gembu 'B'","","65","65","41","20","21","0","0","24","21","0"
"2023/2024","Female","disabled","WAEC","College of Education","ward","Kabri","North East","Taraba","Sardauna","Kabri","","57","56","33","15","16","0","1","23","18","0"
"2023/2024","Female","disabled","WAEC","College of Education","ward","Akwana","North East","Taraba","Wukari","Akwana","","20","20","13","5","5","0","0","7","9","0"
"2023/2024","Female","disabled","WAEC","College of Education","ward","Avyi","North East","Taraba","Wukari","Avyi","","78","76","47","20","22","0","2","29","27","0"
"2023/2024","Female","disabled","WAEC","College of Education","ward","Bantaje","North East","Taraba","Wukari","Bantaje","","44","44","28","10","10","0","0","16","18","0"
"2023/2024","Female","disabled","WAEC","Polytechnic","ward","Alim-Gora","North East","Taraba","Ardo Kola","Alim-Gora","","32","32","21","10","10","0","0","11","12","0"
"2023/2024","Female","disabled","WAEC","Polytechnic","ward","Ardo Kola","North East","Taraba","Ardo Kola","Ardo Kola","","60","59","34","10","10","0","1","25","24","0"
"2023/2024","Female","disabled","WAEC","Polytechnic","ward","Iware","North East","Taraba","Ardo Kola","Iware","","35","35","21","10","10","0","0","14","12","0"
"2023/2024","Female","disabled","WAEC","Polytechnic","ward","Akate","North East","Taraba","Donga","Akate","","50","50","32","15","15","0","0","18","18","0"
"2023/2024","Female","disabled","WAEC","Polytechnic","ward","Asibiti","North East","Taraba","Donga","Asibiti","","41","41","25","10","10","0","0","16","15","0"
"2023/2024","Female","disabled","WAEC","Polytechnic","ward","Bikadarko","North East","Taraba","Donga","Bikadarko","","89","88","56","15","16","0","1","32","41","0"
"2023/2024","Female","disabled","WAEC","Polytechnic","ward","Barade","North East","Taraba","Jalingo","Barade","","39","38","25","10","11","0","1","13","15","0"
"2023/2024","Female","disabled","WAEC","Polytechnic","ward","Gembu 'B'","North East","Taraba","Sardauna","Gembu 'B'","","32","32","20","5","5","0","0","12","15","0"
"2023/2024","Female","disabled","WAEC","Polytechnic","ward","Kabri","North East","Taraba","Sardauna","Kabri","","69","68","42","15","16","0","1","26","27","0"
"2023/2024","Female","disabled","WAEC","Polytechnic","ward","Akwana","North East","Taraba","Wukari","Akwana","","57","56","39","15","16","0","1","17","24","0"
"2023/2024","Female","disabled","WAEC","Polytechnic","ward","Avyi","North East","Taraba","Wukari","Avyi","","57","56","36","15","16","0","1","20","21","0"
"2023/2024","Female","disabled","WAEC","Polytechnic","ward","Bantaje","North East","Taraba","Wukari","Bantaje","","17","17","10","5","5","0","0","7","6","0"
"2023/2024","Female","disabled","WAEC","University","ward","Ardo Kola","North East","Taraba","Ardo Kola","Ardo Kola","","29","29","20","5","5","0","0","9","15","0"
"2023/2024","Female","disabled","WAEC","University","ward","Iware","North East","Taraba","Ardo Kola","Iware","","26","26","15","10","10","0","0","11","6","0"
"2023/2024","Female","disabled","WAEC","University","ward","Abbare Yelwa","North East","Taraba","Jalingo","Abbare Yelwa","","44","44","28","10","10","0","0","16","18","0"
"2023/2024","Female","disabled","WAEC","University","ward","Barade","North East","Taraba","Jalingo","Barade","","68","67","42","10","10","0","1","25","32","0"
"2023/2024","Female","disabled","WAEC","University","ward","Kachalla Sembe","North East","Taraba","Jalingo","Kachalla Sembe","","81","79","50","15","16","0","2","29","35","0"
"2023/2024","Female","disabled","WAEC","University","ward","Gembu 'A'","North East","Taraba","Sardauna","Gembu 'A'","","35","35","21","10","10","0","0","14","12","0"
"2023/2024","Female","disabled","WAEC","University","ward","Akwana","North East","Taraba","Wukari","Akwana","","14","14","7","5","5","0","0","7","3","0"
"2023/2024","Female","disabled","WAEC","University","ward","Bantaje","North East","Taraba","Wukari","Bantaje","","14","14","7","5","5","0","0","7","3","0"
"2023/2024","Male","all","NABTEB","College of Education","ward","Alim-Gora","North East","Taraba","Ardo Kola","Alim-Gora","","238","235","154","44","33","11","3","81","110","11"
"2023/2024","Male","all","NABTEB","College of Education","ward","Ardo Kola","North East","Taraba","Ardo Kola","Ardo Kola","","77","76","57","25","20","5","1","19","33","5"
"2023/2024","Male","all","NABTEB","College of Education","ward","Akate","North East","Taraba","Donga","Akate","","86","85","57","25","20","5","1","28","33","5"
"2023/2024","Male","all","NABTEB","College of Education","ward","Asibiti","North East","Taraba","Donga","Asibiti","","254","250","158","38","26","12","4","92","120","12"
"2023/2024","Male","all","NABTEB","College of Education","ward","Bikadarko","North East","Taraba","Donga","Bikadarko","","134","132","88","25","20","5","2","44","64","5"
"2023/2024","Male","all","NABTEB","College of Education","ward","Abbare Yelwa","North East","Taraba","Jalingo","Abbare Yelwa","","203","200","134","32","33","0","3","66","102","0"
"2023/2024","Male","all","NABTEB","College of Education","ward","Barade","North East","Taraba","Jalingo","Barade","","77","76","51","19","20","0","1","25","33","0"
"2023/2024","Male","all","NABTEB","College of Education","ward","Kachalla Sembe","North East","Taraba","Jalingo","Kachalla Sembe","","172","170","110","26","26","0","2","60","85","0"
"2023/2024","Male","all","NABTEB","College of Education","ward","Gembu 'A'","North East","Taraba","Sardauna","Gembu 'A'","","191","189","126","38","33","5","2","63","88","5"
"2023/2024","Male","all","NABTEB","College of Education","ward","Gembu 'B'","North East","Taraba","Sardauna","Gembu 'B'","","280","276","189","57","53","5","4","87","132","5"
"2023/2024","Male","all","NABTEB","College of Education","ward","Kabri","North East","Taraba","Sardauna","Kabri","","187","184","123","44","39","5","3","61","80","5"
"2023/2024","Male","all","NABTEB","College of Education","ward","Akwana","North East","Taraba","Wukari","Akwana","","80","79","51","13","13","0","1","28","39","0"
"2023/2024","Male","all","NABTEB","College of Education","ward","Avyi","North East","Taraba","Wukari","Avyi","","271","267","188","76","66","10","4","79","113","10"
"2023/2024","Male","all","NABTEB","College of Education","ward","Bantaje","North East","Taraba","Wukari","Bantaje","","164","161","119","50","45","6","3","42","68","6"
"2023/2024","Male","all","NABTEB","Polytechnic","ward","Alim-Gora","North East","Taraba","Ardo Kola","Alim-Gora","","152","150","106","38","38","0","2","44","68","0"
"2023/2024","Male","all","NABTEB","Polytechnic","ward","Ardo Kola","North East","Taraba","Ardo Kola","Ardo Kola","","296","292","195","63","53","10","4","97","133","10"
"2023/2024","Male","all","NABTEB","Polytechnic","ward","Iware","North East","Taraba","Ardo Kola","Iware","","139","137","99","38","39","0","2","38","62","0"
"2023/2024","Male","all","NABTEB","Polytechnic","ward","Akate","North East","Taraba","Donga","Akate","","232","229","149","45","46","0","3","80","104","0"
"2023/2024","Male","all","NABTEB","Polytechnic","ward","Asibiti","North East","Taraba","Donga","Asibiti","","156","154","91","19","20","0","2","63","73","0"
"2023/2024","Male","all","NABTEB","Polytechnic","ward","Bikadarko","North East","Taraba","Donga","Bikadarko","","354","349","233","70","59","11","5","116","164","11"
"2023/2024","Male","all","NABTEB","Polytechnic","ward","Barade","North East","Taraba","Jalingo","Barade","","144","142","92","31","26","5","2","50","61","5"
"2023/2024","Male","all","NABTEB","Polytechnic","ward","Gembu 'B'","North East","Taraba","Sardauna","Gembu 'B'","","122","120","75","19","13","6","2","45","56","6"
"2023/2024","Male","all","NABTEB","Polytechnic","ward","Kabri","North East","Taraba","Sardauna","Kabri","","201","198","130","45","39","6","3","68","86","6"
"2023/2024","Male","all","NABTEB","Polytechnic","ward","Akwana","North East","Taraba","Wukari","Akwana","","192","189","127","44","46","0","3","62","83","0"
"2023/2024","Male","all","NABTEB","Polytechnic","ward","Avyi","North East","Taraba","Wukari","Avyi","","181","178","127","44","39","6","3","51","82","6"
"2023/2024","Male","all","NABTEB","Polytechnic","ward","Bantaje","North East","Taraba","Wukari","Bantaje","","83","82","51","13","13","0","1","31","39","0"
"2023/2024","Male","all","NABTEB","University","ward","Ardo Kola","North East","Taraba","Ardo Kola","Ardo Kola","","111","109","71","25","26","0","2","38","46","0"
"2023/2024","Male","all","NABTEB","University","ward","Iware","North East","Taraba","Ardo Kola","Iware","","127","125","84","25","25","0","2","41","59","0"
"2023/2024","Male","all","NABTEB","University","ward","Abbare Yelwa","North East","Taraba","Jalingo","Abbare Yelwa","","198","195","133","32","33","0","3","62","101","0"
"2023/2024","Male","all","NABTEB","University","ward","Barade","North East","Taraba","Jalingo","Barade","","257","253","167","56","46","10","4","86","112","10"
"2023/2024","Male","all","NABTEB","University","ward","Kachalla Sembe","North East","Taraba","Jalingo","Kachalla Sembe","","297","293","185","50","40","10","4","108","135","10"
"2023/2024","Male","all","NABTEB","University","ward","Gembu 'A'","North East","Taraba","Sardauna","Gembu 'A'","","155","153","103","32","33","0","2","50","71","0"
"2023/2024","Male","all","NABTEB","University","ward","Akwana","North East","Taraba","Wukari","Akwana","","64","63","44","19","20","0","1","19","26","0"
"2023/2024","Male","all","NABTEB","University","ward","Bantaje","North East","Taraba","Wukari","Bantaje","","78","77","55","13","13","0","1","22","42","0"
"2023/2024","Male","all","NECO","College of Education","ward","Alim-Gora","North East","Taraba","Ardo Kola","Alim-Gora","","469","462","304","93","79","14","7","158","212","14"
"2023/2024","Male","all","NECO","College of Education","ward","Ardo Kola","North East","Taraba","Ardo Kola","Ardo Kola","","132","130","87","32","28","5","2","43","54","5"
"2023/2024","Male","all","NECO","College of Education","ward","Akate","North East","Taraba","Donga","Akate","","135","133","101","37","33","4","2","32","64","4"
"2023/2024","Male","all","NECO","College of Education","ward","Asibiti","North East","Taraba","Donga","Asibiti","","434","427","290","77","68","9","7","137","213","9"
"2023/2024","Male","all","NECO","College of Education","ward","Bikadarko","North East","Taraba","Donga","Bikadarko","","241","237","167","59","51","9","4","70","107","9"
"2023/2024","Male","all","NECO","College of Education","ward","Abbare Yelwa","North East","Taraba","Jalingo","Abbare Yelwa","","356","351","224","75","67","8","5","127","149","8"
"2023/2024","Male","all","NECO","College of Education","ward","Barade","North East","Taraba","Jalingo","Barade","","159","157","111","38","34","4","2","46","74","4"
"2023/2024","Male","all","NECO","College of Education","ward","Kachalla Sembe","North East","Taraba","Jalingo","Kachalla Sembe","","298","294","193","54","45","9","4","101","139","9"
"2023/2024","Male","all","NECO","College of Education","ward","Gembu 'A'","North East","Taraba","Sardauna","Gembu 'A'","","382","376","251","87","79","8","6","125","165","8"
"2023/2024","Male","all","NECO","College of Education","ward","Gembu 'B'","North East","Taraba","Sardauna","Gembu 'B'","","538","531","364","131","113","18","7","167","234","18"
"2023/2024","Male","all","NECO","College of Education","ward","Kabri","North East","Taraba","Sardauna","Kabri","","319","314","216","70","61","9","5","98","146","9"
"2023/2024","Male","all","NECO","College of Education","ward","Akwana","North East","Taraba","Wukari","Akwana","","150","148","99","27","23","4","2","49","72","4"
"2023/2024","Male","all","NECO","College of Education","ward","Avyi","North East","Taraba","Wukari","Avyi","","501","493","331","120","108","12","8","162","211","12"
"2023/2024","Male","all","NECO","College of Education","ward","Bantaje","North East","Taraba","Wukari","Bantaje","","289","285","193","65","51","14","4","92","128","14"
"2023/2024","Male","all","NECO","Polytechnic","ward","Alim-Gora","North East","Taraba","Ardo Kola","Alim-Gora","","322","317","222","87","79","8","5","95","134","8"
"2023/2024","Male","all","NECO","Polytechnic","ward","Ardo Kola","North East","Taraba","Ardo Kola","Ardo Kola","","548","540","354","110","97","13","8","186","245","13"
"2023/2024","Male","all","NECO","Polytechnic","ward","Iware","North East","Taraba","Ardo Kola","Iware","","261","258","173","71","63","8","3","85","103","8"
"2023/2024","Male","all","NECO","Polytechnic","ward","Akate","North East","Taraba","Donga","Akate","","406","399","257","82","68","14","7","142","176","14"
"2023/2024","Male","all","NECO","Polytechnic","ward","Asibiti","North East","Taraba","Donga","Asibiti","","312","307","211","76","68","8","5","96","136","8"
"2023/2024","Male","all","NECO","Polytechnic","ward","Bikadarko","North East","Taraba","Donga","Bikadarko","","640","631","419","143","125","18","9","212","276","18"
"2023/2024","Male","all","NECO","Polytechnic","ward","Barade","North East","Taraba","Jalingo","Barade","","259","255","178","66","57","9","4","77","113","9"
"2023/2024","Male","all","NECO","Polytechnic","ward","Gembu 'B'","North East","Taraba","Sardauna","Gembu 'B'","","241","237","152","44","40","4","4","85","108","4"
"2023/2024","Male","all","NECO","Polytechnic","ward","Kabri","North East","Taraba","Sardauna","Kabri","","386","381","255","82","73","9","5","126","174","9"
"2023/2024","Male","all","NECO","Polytechnic","ward","Akwana","North East","Taraba","Wukari","Akwana","","407","401","263","93","79","14","6","138","170","14"
"2023/2024","Male","all","NECO","Polytechnic","ward","Avyi","North East","Taraba","Wukari","Avyi","","347","341","231","82","68","14","6","110","149","14"
"2023/2024","Male","all","NECO","Polytechnic","ward","Bantaje","North East","Taraba","Wukari","Bantaje","","147","145","96","33","28","5","2","49","63","5"
"2023/2024","Male","all","NECO","University","ward","Ardo Kola","North East","Taraba","Ardo Kola","Ardo Kola","","181","178","123","38","34","4","3","55","85","4"
"2023/2024","Male","all","NECO","University","ward","Iware","North East","Taraba","Ardo Kola","Iware","","229","225","151","43","40","4","4","74","108","4"
"2023/2024","Male","all","NECO","University","ward","Abbare Yelwa","North East","Taraba","Jalingo","Abbare Yelwa","","368","363","236","75","67","8","5","127","161","8"
"2023/2024","Male","all","NECO","University","ward","Barade","North East","Taraba","Jalingo","Barade","","544","536","358","115","102","13","8","178","243","13"
"2023/2024","Male","all","NECO","University","ward","Kachalla Sembe","North East","Taraba","Jalingo","Kachalla Sembe","","553","545","348","115","96","19","8","197","233","19"
"2023/2024","Male","all","NECO","University","ward","Gembu 'A'","North East","Taraba","Sardauna","Gembu 'A'","","269","265","174","53","44","9","4","91","121","9"
"2023/2024","Male","all","NECO","University","ward","Akwana","North East","Taraba","Wukari","Akwana","","89","88","58","27","23","4","1","30","32","4"
"2023/2024","Male","all","NECO","University","ward","Bantaje","North East","Taraba","Wukari","Bantaje","","129","127","87","32","28","5","2","40","54","5"
"2023/2024","Male","all","WAEC","College of Education","ward","Alim-Gora","North East","Taraba","Ardo Kola","Alim-Gora","","666","657","429","133","122","11","9","228","297","11"
"2023/2024","Male","all","WAEC","College of Education","ward","Ardo Kola","North East","Taraba","Ardo Kola","Ardo Kola","","180","177","116","44","43","1","3","61","72","1"
"2023/2024","Male","all","WAEC","College of Education","ward","Akate","North East","Taraba","Donga","Akate","","231","228","169","73","69","4","3","59","97","4"
"2023/2024","Male","all","WAEC","College of Education","ward","Asibiti","North East","Taraba","Donga","Asibiti","","636","627","401","128","118","10","9","226","273","10"
"2023/2024","Male","all","WAEC","College of Education","ward","Bikadarko","North East","Taraba","Donga","Bikadarko","","299","295","200","69","64","5","4","95","131","5"
"2023/2024","Male","all","WAEC","College of Education","ward","Abbare Yelwa","North East","Taraba","Jalingo","Abbare Yelwa","","489","482","325","112","106","6","7","157","213","6"
"2023/2024","Male","all","WAEC","College of Education","ward","Barade","North East","Taraba","Jalingo","Barade","","201","198","133","49","43","6","3","65","84","6"
"2023/2024","Male","all","WAEC","College of Education","ward","Kachalla Sembe","North East","Taraba","Jalingo","Kachalla Sembe","","439","432","272","82","74","8","7","160","190","8"
"2023/2024","Male","all","WAEC","College of Education","ward","Gembu 'A'","North East","Taraba","Sardauna","Gembu 'A'","","500","492","348","123","112","11","8","144","225","11"
"2023/2024","Male","all","WAEC","College of Education","ward","Gembu 'B'","North East","Taraba","Sardauna","Gembu 'B'","","737","726","496","195","175","20","11","230","301","20"
"2023/2024","Male","all","WAEC","College of Education","ward","Kabri","North East","Taraba","Sardauna","Kabri","","446","439","301","97","90","7","7","138","204","7"
"2023/2024","Male","all","WAEC","College of Education","ward","Akwana","North East","Taraba","Wukari","Akwana","","207","204","133","49","43","6","3","71","84","6"
"2023/2024","Male","all","WAEC","College of Education","ward","Avyi","North East","Taraba","Wukari","Avyi","","673","663","454","171","154","17","10","209","284","17"
"2023/2024","Male","all","WAEC","College of Education","ward","Bantaje","North East","Taraba","Wukari","Bantaje","","401","395","281","101","95","7","6","114","179","7"
"2023/2024","Male","all","WAEC","Polytechnic","ward","Alim-Gora","North East","Taraba","Ardo Kola","Alim-Gora","","392","386","268","108","96","12","6","118","161","12"
"2023/2024","Male","all","WAEC","Polytechnic","ward","Ardo Kola","North East","Taraba","Ardo Kola","Ardo Kola","","675","665","445","141","127","14","10","220","304","14"
"2023/2024","Male","all","WAEC","Polytechnic","ward","Iware","North East","Taraba","Ardo Kola","Iware","","329","324","233","97","89","8","5","91","135","8"
"2023/2024","Male","all","WAEC","Polytechnic","ward","Akate","North East","Taraba","Donga","Akate","","561","553","367","127","117","10","8","186","240","10"
"2023/2024","Male","all","WAEC","Polytechnic","ward","Asibiti","North East","Taraba","Donga","Asibiti","","409","403","263","77","69","8","6","140","186","8"
"2023/2024","Male","all","WAEC","Polytechnic","ward","Bikadarko","North East","Taraba","Donga","Bikadarko","","878","865","597","205","181","24","13","268","392","24"
"2023/2024","Male","all","WAEC","Polytechnic","ward","Barade","North East","Taraba","Jalingo","Barade","","318","313","211","78","69","9","5","102","134","9"
"2023/2024","Male","all","WAEC","Polytechnic","ward","Gembu 'B'","North East","Taraba","Sardauna","Gembu 'B'","","321","316","195","59","53","6","5","121","137","6"
"2023/2024","Male","all","WAEC","Polytechnic","ward","Kabri","North East","Taraba","Sardauna","Kabri","","520","513","362","127","111","16","7","151","236","16"
"2023/2024","Male","all","WAEC","Polytechnic","ward","Akwana","North East","Taraba","Wukari","Akwana","","491","483","323","113","101","12","8","160","210","12"
"2023/2024","Male","all","WAEC","Polytechnic","ward","Avyi","North East","Taraba","Wukari","Avyi","","460","453","305","111","100","11","7","148","194","11"
"2023/2024","Male","all","WAEC","Polytechnic","ward","Bantaje","North East","Taraba","Wukari","Bantaje","","193","190","125","49","43","6","3","65","77","6"
"2023/2024","Male","all","WAEC","University","ward","Ardo Kola","North East","Taraba","Ardo Kola","Ardo Kola","","281","277","189","69","64","5","4","88","120","5"
"2023/2024","Male","all","WAEC","University","ward","Iware","North East","Taraba","Ardo Kola","Iware","","284","280","187","68","64","4","4","93","119","4"
"2023/2024","Male","all","WAEC","University","ward","Abbare Yelwa","North East","Taraba","Jalingo","Abbare Yelwa","","463","456","298","108","96","12","7","158","190","12"
"2023/2024","Male","all","WAEC","University","ward","Barade","North East","Taraba","Jalingo","Barade","","637","627","412","138","128","10","10","215","275","10"
"2023/2024","Male","all","WAEC","University","ward","Kachalla Sembe","North East","Taraba","Jalingo","Kachalla Sembe","","770","759","498","170","153","17","11","261","328","17"
"2023/2024","Male","all","WAEC","University","ward","Gembu 'A'","North East","Taraba","Sardauna","Gembu 'A'","","380","374","250","83","80","3","6","124","167","3"
"2023/2024","Male","all","WAEC","University","ward","Akwana","North East","Taraba","Wukari","Akwana","","154","152","97","34","32","2","2","55","64","2"
"2023/2024","Male","all","WAEC","University","ward","Bantaje","North East","Taraba","Wukari","Bantaje","","184","181","122","49","43","6","3","59","74","6"
"2023/2024","Male","disabled","NABTEB","College of Education","ward","Alim-Gora","North East","Taraba","Ardo Kola","Alim-Gora","","27","27","16","6","6","0","0","11","11","0"
"2023/2024","Male","disabled","NABTEB","College of Education","ward","Ardo Kola","North East","Taraba","Ardo Kola","Ardo Kola","","10","10","6","5","5","0","0","4","1","0"
"2023/2024","Male","disabled","NABTEB","College of Education","ward","Akate","North East","Taraba","Donga","Akate","","11","11","7","6","6","0","0","4","1","0"
"2023/2024","Male","disabled","NABTEB","College of Education","ward","Asibiti","North East","Taraba","Donga","Asibiti","","25","25","14","0","0","0","0","11","14","0"
"2023/2024","Male","disabled","NABTEB","College of Education","ward","Bikadarko","North East","Taraba","Donga","Bikadarko","","10","10","6","0","0","0","0","4","6","0"
"2023/2024","Male","disabled","NABTEB","College of Education","ward","Abbare Yelwa","North East","Taraba","Jalingo","Abbare Yelwa","","25","25","14","0","0","0","0","11","14","0"
"2023/2024","Male","disabled","NABTEB","College of Education","ward","Barade","North East","Taraba","Jalingo","Barade","","11","11","7","6","7","0","0","4","1","0"
"2023/2024","Male","disabled","NABTEB","College of Education","ward","Kachalla Sembe","North East","Taraba","Jalingo","Kachalla Sembe","","23","23","13","0","0","0","0","10","13","0"
"2023/2024","Male","disabled","NABTEB","College of Education","ward","Gembu 'A'","North East","Taraba","Sardauna","Gembu 'A'","","21","21","13","0","0","0","0","8","13","0"
"2023/2024","Male","disabled","NABTEB","College of Education","ward","Gembu 'B'","North East","Taraba","Sardauna","Gembu 'B'","","36","36","24","6","7","0","0","12","18","0"
"2023/2024","Male","disabled","NABTEB","College of Education","ward","Kabri","North East","Taraba","Sardauna","Kabri","","24","24","13","6","6","0","0","11","8","0"
"2023/2024","Male","disabled","NABTEB","College of Education","ward","Akwana","North East","Taraba","Wukari","Akwana","","10","10","6","0","0","0","0","4","6","0"
"2023/2024","Male","disabled","NABTEB","College of Education","ward","Avyi","North East","Taraba","Wukari","Avyi","","32","32","19","11","12","0","0","13","8","0"
"2023/2024","Male","disabled","NABTEB","College of Education","ward","Bantaje","North East","Taraba","Wukari","Bantaje","","21","21","13","6","7","0","0","8","8","0"
"2023/2024","Male","disabled","NABTEB","Polytechnic","ward","Alim-Gora","North East","Taraba","Ardo Kola","Alim-Gora","","22","22","14","6","6","0","0","8","8","0"
"2023/2024","Male","disabled","NABTEB","Polytechnic","ward","Ardo Kola","North East","Taraba","Ardo Kola","Ardo Kola","","28","28","17","6","6","0","0","11","11","0"
"2023/2024","Male","disabled","NABTEB","Polytechnic","ward","Iware","North East","Taraba","Ardo Kola","Iware","","22","22","14","6","7","0","0","8","8","0"
"2023/2024","Male","disabled","NABTEB","Polytechnic","ward","Akate","North East","Taraba","Donga","Akate","","33","33","21","6","7","0","0","12","15","0"
"2023/2024","Male","disabled","NABTEB","Polytechnic","ward","Asibiti","North East","Taraba","Donga","Asibiti","","22","22","14","0","0","0","0","8","14","0"
"2023/2024","Male","disabled","NABTEB","Polytechnic","ward","Bikadarko","North East","Taraba","Donga","Bikadarko","","34","34","23","6","7","0","0","11","17","0"
"2023/2024","Male","disabled","NABTEB","Polytechnic","ward","Barade","North East","Taraba","Jalingo","Barade","","18","18","13","6","7","0","0","5","8","0"
"2023/2024","Male","disabled","NABTEB","Polytechnic","ward","Gembu 'B'","North East","Taraba","Sardauna","Gembu 'B'","","10","10","6","0","0","0","0","4","6","0"
"2023/2024","Male","disabled","NABTEB","Polytechnic","ward","Kabri","North East","Taraba","Sardauna","Kabri","","26","26","16","6","6","0","0","10","10","0"
"2023/2024","Male","disabled","NABTEB","Polytechnic","ward","Akwana","North East","Taraba","Wukari","Akwana","","26","26","16","11","11","0","0","10","5","0"
"2023/2024","Male","disabled","NABTEB","Polytechnic","ward","Avyi","North East","Taraba","Wukari","Avyi","","26","26","16","6","6","0","0","10","10","0"
"2023/2024","Male","disabled","NABTEB","Polytechnic","ward","Bantaje","North East","Taraba","Wukari","Bantaje","","11","11","7","0","0","0","0","4","7","0"
"2023/2024","Male","disabled","NABTEB","University","ward","Ardo Kola","North East","Taraba","Ardo Kola","Ardo Kola","","10","10","6","5","6","0","0","4","1","0"
"2023/2024","Male","disabled","NABTEB","University","ward","Iware","North East","Taraba","Ardo Kola","Iware","","21","21","13","0","0","0","0","8","13","0"
"2023/2024","Male","disabled","NABTEB","University","ward","Abbare Yelwa","North East","Taraba","Jalingo","Abbare Yelwa","","22","22","14","0","0","0","0","8","14","0"
"2023/2024","Male","disabled","NABTEB","University","ward","Barade","North East","Taraba","Jalingo","Barade","","28","28","17","6","7","0","0","11","11","0"
"2023/2024","Male","disabled","NABTEB","University","ward","Kachalla Sembe","North East","Taraba","Jalingo","Kachalla Sembe","","35","35","20","0","0","0","0","15","20","0"
"2023/2024","Male","disabled","NABTEB","University","ward","Gembu 'A'","North East","Taraba","Sardauna","Gembu 'A'","","21","21","13","6","7","0","0","8","8","0"
"2023/2024","Male","disabled","NABTEB","University","ward","Akwana","North East","Taraba","Wukari","Akwana","","10","10","6","5","6","0","0","4","1","0"
"2023/2024","Male","disabled","NABTEB","University","ward","Bantaje","North East","Taraba","Wukari","Bantaje","","11","11","7","0","0","0","0","4","7","0"
"2023/2024","Male","disabled","NECO","College of Education","ward","Alim-Gora","North East","Taraba","Ardo Kola","Alim-Gora","","51","51","31","10","12","0","0","20","22","0"
"2023/2024","Male","disabled","NECO","College of Education","ward","Ardo Kola","North East","Taraba","Ardo Kola","Ardo Kola","","14","14","9","5","6","0","0","5","4","0"
"2023/2024","Male","disabled","NECO","College of Education","ward","Akate","North East","Taraba","Donga","Akate","","11","11","8","5","6","0","0","3","4","0"
"2023/2024","Male","disabled","NECO","College of Education","ward","Asibiti","North East","Taraba","Donga","Asibiti","","43","43","27","0","0","0","0","16","27","0"
"2023/2024","Male","disabled","NECO","College of Education","ward","Bikadarko","North East","Taraba","Donga","Bikadarko","","20","20","12","6","6","0","0","8","6","0"
"2023/2024","Male","disabled","NECO","College of Education","ward","Abbare Yelwa","North East","Taraba","Jalingo","Abbare Yelwa","","35","35","21","6","6","0","0","14","15","0"
"2023/2024","Male","disabled","NECO","College of Education","ward","Barade","North East","Taraba","Jalingo","Barade","","23","23","15","6","6","0","0","8","9","0"
"2023/2024","Male","disabled","NECO","College of Education","ward","Kachalla Sembe","North East","Taraba","Jalingo","Kachalla Sembe","","43","43","27","5","6","0","0","16","22","0"
"2023/2024","Male","disabled","NECO","College of Education","ward","Gembu 'A'","North East","Taraba","Sardauna","Gembu 'A'","","37","37","24","5","5","0","0","13","19","0"
"2023/2024","Male","disabled","NECO","College of Education","ward","Gembu 'B'","North East","Taraba","Sardauna","Gembu 'B'","","58","58","35","16","17","1","0","23","19","1"
"2023/2024","Male","disabled","NECO","College of Education","ward","Kabri","North East","Taraba","Sardauna","Kabri","","37","37","23","6","6","0","0","14","18","0"
"2023/2024","Male","disabled","NECO","College of Education","ward","Akwana","North East","Taraba","Wukari","Akwana","","17","17","12","0","0","0","0","5","12","0"
"2023/2024","Male","disabled","NECO","College of Education","ward","Avyi","North East","Taraba","Wukari","Avyi","","73","71","45","11","11","1","2","26","35","1"
"2023/2024","Male","disabled","NECO","College of Education","ward","Bantaje","North East","Taraba","Wukari","Bantaje","","29","29","18","5","6","0","0","11","13","0"
"2023/2024","Male","disabled","NECO","Polytechnic","ward","Alim-Gora","North East","Taraba","Ardo Kola","Alim-Gora","","31","31","21","10","12","0","0","10","11","0"
"2023/2024","Male","disabled","NECO","Polytechnic","ward","Ardo Kola","North East","Taraba","Ardo Kola","Ardo Kola","","51","51","32","5","6","0","0","19","27","0"
"2023/2024","Male","disabled","NECO","Polytechnic","ward","Iware","North East","Taraba","Ardo Kola","Iware","","31","31","18","10","12","0","0","13","8","0"
"2023/2024","Male","disabled","NECO","Polytechnic","ward","Akate","North East","Taraba","Donga","Akate","","48","48","30","12","12","0","0","18","18","0"
"2023/2024","Male","disabled","NECO","Polytechnic","ward","Asibiti","North East","Taraba","Donga","Asibiti","","34","34","24","12","12","0","0","10","12","0"
"2023/2024","Male","disabled","NECO","Polytechnic","ward","Bikadarko","North East","Taraba","Donga","Bikadarko","","66","66","42","15","18","0","0","24","27","0"
"2023/2024","Male","disabled","NECO","Polytechnic","ward","Barade","North East","Taraba","Jalingo","Barade","","34","33","19","6","6","0","1","14","13","0"
"2023/2024","Male","disabled","NECO","Polytechnic","ward","Gembu 'B'","North East","Taraba","Sardauna","Gembu 'B'","","25","25","14","0","0","0","0","11","14","0"
"2023/2024","Male","disabled","NECO","Polytechnic","ward","Kabri","North East","Taraba","Sardauna","Kabri","","49","49","29","12","10","2","0","20","17","2"
"2023/2024","Male","disabled","NECO","Polytechnic","ward","Akwana","North East","Taraba","Wukari","Akwana","","52","51","32","10","11","0","1","19","22","0"
"2023/2024","Male","disabled","NECO","Polytechnic","ward","Avyi","North East","Taraba","Wukari","Avyi","","49","48","31","11","10","1","1","17","21","1"
"2023/2024","Male","disabled","NECO","Polytechnic","ward","Bantaje","North East","Taraba","Wukari","Bantaje","","14","14","9","5","6","0","0","5","4","0"
"2023/2024","Male","disabled","NECO","University","ward","Ardo Kola","North East","Taraba","Ardo Kola","Ardo Kola","","17","17","12","5","6","0","0","5","7","0"
"2023/2024","Male","disabled","NECO","University","ward","Iware","North East","Taraba","Ardo Kola","Iware","","26","26","18","5","6","0","0","8","13","0"
"2023/2024","Male","disabled","NECO","University","ward","Abbare Yelwa","North East","Taraba","Jalingo","Abbare Yelwa","","40","40","24","0","0","0","0","16","24","0"
"2023/2024","Male","disabled","NECO","University","ward","Barade","North East","Taraba","Jalingo","Barade","","54","54","35","12","12","0","0","19","24","0"
"2023/2024","Male","disabled","NECO","University","ward","Kachalla Sembe","North East","Taraba","Jalingo","Kachalla Sembe","","65","64","38","11","11","0","1","26","28","0"
"2023/2024","Male","disabled","NECO","University","ward","Gembu 'A'","North East","Taraba","Sardauna","Gembu 'A'","","31","31","18","5","6","0","0","13","13","0"
"2023/2024","Male","disabled","NECO","University","ward","Akwana","North East","Taraba","Wukari","Akwana","","11","11","6","5","6","0","0","6","1","0"
"2023/2024","Male","disabled","NECO","University","ward","Bantaje","North East","Taraba","Wukari","Bantaje","","14","14","9","6","6","0","0","5","3","0"
"2023/2024","Male","disabled","WAEC","College of Education","ward","Alim-Gora","North East","Taraba","Ardo Kola","Alim-Gora","","78","76","47","10","10","0","2","29","37","0"
"2023/2024","Male","disabled","WAEC","College of Education","ward","Ardo Kola","North East","Taraba","Ardo Kola","Ardo Kola","","17","17","10","5","5","0","0","7","6","0"
"2023/2024","Male","disabled","WAEC","College of Education","ward","Akate","North East","Taraba","Donga","Akate","","17","17","10","5","5","0","0","7","6","0"
"2023/2024","Male","disabled","WAEC","College of Education","ward","Asibiti","North East","Taraba","Donga","Asibiti","","62","61","36","10","10","0","1","25","26","0"
"2023/2024","Male","disabled","WAEC","College of Education","ward","Bikadarko","North East","Taraba","Donga","Bikadarko","","23","23","13","5","5","0","0","10","9","0"
"2023/2024","Male","disabled","WAEC","College of Education","ward","Abbare Yelwa","North East","Taraba","Jalingo","Abbare Yelwa","","47","47","31","10","11","0","0","16","21","0"
"2023/2024","Male","disabled","WAEC","College of Education","ward","Barade","North East","Taraba","Jalingo","Barade","","26","26","17","5","5","0","0","9","12","0"
"2023/2024","Male","disabled","WAEC","College of Education","ward","Kachalla Sembe","North East","Taraba","Jalingo","Kachalla Sembe","","62","61","36","10","10","0","1","25","26","0"
"2023/2024","Male","disabled","WAEC","College of Education","ward","Gembu 'A'","North East","Taraba","Sardauna","Gembu 'A'","","50","50","31","10","10","0","0","19","21","0"
"2023/2024","Male","disabled","WAEC","College of Education","ward","Gembu 'B'","North East","Taraba","Sardauna","Gembu 'B'","","72","71","44","15","15","0","1","27","29","0"
"2023/2024","Male","disabled","WAEC","College of Education","ward","Kabri","North East","Taraba","Sardauna","Kabri","","51","50","30","5","5","0","1","20","25","0"
"2023/2024","Male","disabled","WAEC","College of Education","ward","Akwana","North East","Taraba","Wukari","Akwana","","26","26","17","5","5","0","0","9","12","0"
"2023/2024","Male","disabled","WAEC","College of Education","ward","Avyi","North East","Taraba","Wukari","Avyi","","90","88","56","20","22","0","2","32","36","0"
"2023/2024","Male","disabled","WAEC","College of Education","ward","Bantaje","North East","Taraba","Wukari","Bantaje","","41","41","27","10","10","0","0","14","18","0"
"2023/2024","Male","disabled","WAEC","Polytechnic","ward","Alim-Gora","North East","Taraba","Ardo Kola","Alim-Gora","","38","38","21","10","10","0","0","17","12","0"
"2023/2024","Male","disabled","WAEC","Polytechnic","ward","Ardo Kola","North East","Taraba","Ardo Kola","Ardo Kola","","71","70","44","10","10","0","1","26","34","0"
"2023/2024","Male","disabled","WAEC","Polytechnic","ward","Iware","North East","Taraba","Ardo Kola","Iware","","41","41","28","10","10","0","0","13","18","0"
"2023/2024","Male","disabled","WAEC","Polytechnic","ward","Akate","North East","Taraba","Donga","Akate","","65","65","42","15","15","0","0","23","27","0"
"2023/2024","Male","disabled","WAEC","Polytechnic","ward","Asibiti","North East","Taraba","Donga","Asibiti","","41","41","25","10","10","0","0","16","15","0"
"2023/2024","Male","disabled","WAEC","Polytechnic","ward","Bikadarko","North East","Taraba","Donga","Bikadarko","","90","90","56","10","10","0","0","34","46","0"
"2023/2024","Male","disabled","WAEC","Polytechnic","ward","Barade","North East","Taraba","Jalingo","Barade","","48","47","31","10","11","0","1","16","21","0"
"2023/2024","Male","disabled","WAEC","Polytechnic","ward","Gembu 'B'","North East","Taraba","Sardauna","Gembu 'B'","","36","35","22","5","5","0","1","13","17","0"
"2023/2024","Male","disabled","WAEC","Polytechnic","ward","Kabri","North East","Taraba","Sardauna","Kabri","","63","62","42","15","16","0","1","20","27","0"
"2023/2024","Male","disabled","WAEC","Polytechnic","ward","Akwana","North East","Taraba","Wukari","Akwana","","57","56","36","10","10","0","1","20","26","0"
"2023/2024","Male","disabled","WAEC","Polytechnic","ward","Avyi","North East","Taraba","Wukari","Avyi","","65","64","41","15","16","0","1","23","27","0"
"2023/2024","Male","disabled","WAEC","Polytechnic","ward","Bantaje","North East","Taraba","Wukari","Bantaje","","17","17","10","5","5","0","0","7","6","0"
"2023/2024","Male","disabled","WAEC","University","ward","Ardo Kola","North East","Taraba","Ardo Kola","Ardo Kola","","26","26","17","5","5","0","0","9","12","0"
"2023/2024","Male","disabled","WAEC","University","ward","Iware","North East","Taraba","Ardo Kola","Iware","","29","29","18","10","10","0","0","11","9","0"
"2023/2024","Male","disabled","WAEC","University","ward","Abbare Yelwa","North East","Taraba","Jalingo","Abbare Yelwa","","53","53","34","10","10","0","0","19","24","0"
"2023/2024","Male","disabled","WAEC","University","ward","Barade","North East","Taraba","Jalingo","Barade","","72","70","42","10","10","0","2","28","32","0"
"2023/2024","Male","disabled","WAEC","University","ward","Kachalla Sembe","North East","Taraba","Jalingo","Kachalla Sembe","","93","91","56","20","22","0","2","35","36","0"
"2023/2024","Male","disabled","WAEC","University","ward","Gembu 'A'","North East","Taraba","Sardauna","Gembu 'A'","","38","38","21","10","10","0","0","17","12","0"
"2023/2024","Male","disabled","WAEC","University","ward","Akwana","North East","Taraba","Wukari","Akwana","","17","17","10","5","5","0","0","7","6","0"
"2023/2024","Male","disabled","WAEC","University","ward","Bantaje","North East","Taraba","Wukari","Bantaje","","14","14","7","5","5","0","0","7","3","0"
"2024/2025","Female","all","NABTEB","College of Education","ward","Alim-Gora","North East","Taraba","Ardo Kola","Alim-Gora","","274","243","178","52","32","6","31","65","126","20"
"2024/2025","Female","all","NABTEB","College of Education","ward","Ardo Kola","North East","Taraba","Ardo Kola","Ardo Kola","","92","82","65","30","16","6","10","17","35","14"
"2024/2025","Female","all","NABTEB","College of Education","ward","Akate","North East","Taraba","Donga","Akate","","102","91","74","38","22","5","11","17","36","16"
"2024/2025","Female","all","NABTEB","College of Education","ward","Asibiti","North East","Taraba","Donga","Asibiti","","267","237","178","60","38","5","30","59","118","22"
"2024/2025","Female","all","NABTEB","College of Education","ward","Bikadarko","North East","Taraba","Donga","Bikadarko","","171","152","126","52","33","4","19","26","74","19"
"2024/2025","Female","all","NABTEB","College of Education","ward","Abbare Yelwa","North East","Taraba","Jalingo","Abbare Yelwa","","208","184","143","52","32","5","24","41","91","20"
"2024/2025","Female","all","NABTEB","College of Education","ward","Barade","North East","Taraba","Jalingo","Barade","","85","76","60","22","16","0","9","16","38","6"
"2024/2025","Female","all","NABTEB","College of Education","ward","Kachalla Sembe","North East","Taraba","Jalingo","Kachalla Sembe","","222","197","156","44","26","6","25","41","112","18"
"2024/2025","Female","all","NABTEB","College of Education","ward","Gembu 'A'","North East","Taraba","Sardauna","Gembu 'A'","","230","204","165","68","38","11","26","39","97","30"
"2024/2025","Female","all","NABTEB","College of Education","ward","Gembu 'B'","North East","Taraba","Sardauna","Gembu 'B'","","345","308","257","104","65","10","37","51","153","39"
"2024/2025","Female","all","NABTEB","College of Education","ward","Kabri","North East","Taraba","Sardauna","Kabri","","219","194","156","59","37","5","25","38","97","22"
"2024/2025","Female","all","NABTEB","College of Education","ward","Akwana","North East","Taraba","Wukari","Akwana","","89","79","61","22","16","0","10","18","39","6"
"2024/2025","Female","all","NABTEB","College of Education","ward","Avyi","North East","Taraba","Wukari","Avyi","","264","235","196","68","44","5","29","39","128","24"
"2024/2025","Female","all","NABTEB","College of Education","ward","Bantaje","North East","Taraba","Wukari","Bantaje","","191","169","144","52","32","5","22","25","92","20"
"2024/2025","Female","all","NABTEB","Polytechnic","ward","Alim-Gora","North East","Taraba","Ardo Kola","Alim-Gora","","177","158","128","43","26","6","19","30","85","18"
"2024/2025","Female","all","NABTEB","Polytechnic","ward","Ardo Kola","North East","Taraba","Ardo Kola","Ardo Kola","","267","237","187","52","32","5","30","50","135","20"
"2024/2025","Female","all","NABTEB","Polytechnic","ward","Iware","North East","Taraba","Ardo Kola","Iware","","177","157","134","68","44","5","20","23","66","24"
"2024/2025","Female","all","NABTEB","Polytechnic","ward","Akate","North East","Taraba","Donga","Akate","","246","219","174","50","36","0","27","45","124","14"
"2024/2025","Female","all","NABTEB","Polytechnic","ward","Asibiti","North East","Taraba","Donga","Asibiti","","181","160","122","36","20","6","21","38","86","16"
"2024/2025","Female","all","NABTEB","Polytechnic","ward","Bikadarko","North East","Taraba","Donga","Bikadarko","","404","359","275","98","60","10","45","84","177","38"
"2024/2025","Female","all","NABTEB","Polytechnic","ward","Barade","North East","Taraba","Jalingo","Barade","","147","131","99","38","22","5","16","32","62","16"
"2024/2025","Female","all","NABTEB","Polytechnic","ward","Gembu 'B'","North East","Taraba","Sardauna","Gembu 'B'","","120","106","74","14","10","0","14","32","60","4"
"2024/2025","Female","all","NABTEB","Polytechnic","ward","Kabri","North East","Taraba","Sardauna","Kabri","","253","225","186","59","37","5","28","39","127","22"
"2024/2025","Female","all","NABTEB","Polytechnic","ward","Akwana","North East","Taraba","Wukari","Akwana","","227","202","161","60","38","6","25","41","101","22"
"2024/2025","Female","all","NABTEB","Polytechnic","ward","Avyi","North East","Taraba","Wukari","Avyi","","213","189","153","52","32","5","24","36","101","20"
"2024/2025","Female","all","NABTEB","Polytechnic","ward","Bantaje","North East","Taraba","Wukari","Bantaje","","95","85","64","14","10","0","10","21","50","4"
"2024/2025","Female","all","NABTEB","University","ward","Ardo Kola","North East","Taraba","Ardo Kola","Ardo Kola","","127","113","91","30","16","5","14","22","61","14"
"2024/2025","Female","all","NABTEB","University","ward","Iware","North East","Taraba","Ardo Kola","Iware","","146","130","96","36","26","0","16","34","60","10"
"2024/2025","Female","all","NABTEB","University","ward","Abbare Yelwa","North East","Taraba","Jalingo","Abbare Yelwa","","209","186","143","44","26","6","23","43","99","18"
"2024/2025","Female","all","NABTEB","University","ward","Barade","North East","Taraba","Jalingo","Barade","","298","265","200","60","32","11","33","65","140","28"
"2024/2025","Female","all","NABTEB","University","ward","Kachalla Sembe","North East","Taraba","Jalingo","Kachalla Sembe","","285","253","201","68","38","11","32","52","133","30"
"2024/2025","Female","all","NABTEB","University","ward","Gembu 'A'","North East","Taraba","Sardauna","Gembu 'A'","","170","151","122","44","32","0","19","29","78","12"
"2024/2025","Female","all","NABTEB","University","ward","Akwana","North East","Taraba","Wukari","Akwana","","58","51","39","14","10","0","7","12","25","4"
"2024/2025","Female","all","NABTEB","University","ward","Bantaje","North East","Taraba","Wukari","Bantaje","","105","94","73","30","16","5","11","21","44","14"
"2024/2025","Female","all","NECO","College of Education","ward","Alim-Gora","North East","Taraba","Ardo Kola","Alim-Gora","","508","452","339","97","60","8","56","113","242","37"
"2024/2025","Female","all","NECO","College of Education","ward","Ardo Kola","North East","Taraba","Ardo Kola","Ardo Kola","","168","150","113","45","27","4","18","37","68","18"
"2024/2025","Female","all","NECO","College of Education","ward","Akate","North East","Taraba","Donga","Akate","","174","155","127","52","33","4","19","28","75","19"
"2024/2025","Female","all","NECO","College of Education","ward","Asibiti","North East","Taraba","Donga","Asibiti","","505","449","342","118","70","15","56","107","224","48"
"2024/2025","Female","all","NECO","College of Education","ward","Bikadarko","North East","Taraba","Donga","Bikadarko","","272","242","206","91","56","10","30","36","116","35"
"2024/2025","Female","all","NECO","College of Education","ward","Abbare Yelwa","North East","Taraba","Jalingo","Abbare Yelwa","","368","327","245","77","46","9","41","82","168","31"
"2024/2025","Female","all","NECO","College of Education","ward","Barade","North East","Taraba","Jalingo","Barade","","153","136","109","45","27","4","17","27","64","18"
"2024/2025","Female","all","NECO","College of Education","ward","Kachalla Sembe","North East","Taraba","Jalingo","Kachalla Sembe","","383","341","259","84","50","9","42","82","175","34"
"2024/2025","Female","all","NECO","College of Education","ward","Gembu 'A'","North East","Taraba","Sardauna","Gembu 'A'","","388","345","259","98","56","15","43","86","161","42"
"2024/2025","Female","all","NECO","College of Education","ward","Gembu 'B'","North East","Taraba","Sardauna","Gembu 'B'","","582","519","424","182","107","25","63","95","242","75"
"2024/2025","Female","all","NECO","College of Education","ward","Kabri","North East","Taraba","Sardauna","Kabri","","419","372","285","111","65","16","47","87","174","46"
"2024/2025","Female","all","NECO","College of Education","ward","Akwana","North East","Taraba","Wukari","Akwana","","135","120","101","45","27","4","15","19","57","18"
"2024/2025","Female","all","NECO","College of Education","ward","Avyi","North East","Taraba","Wukari","Avyi","","548","486","395","144","89","15","62","91","251","55"
"2024/2025","Female","all","NECO","College of Education","ward","Bantaje","North East","Taraba","Wukari","Bantaje","","343","305","244","91","55","9","38","61","153","36"
"2024/2025","Female","all","NECO","Polytechnic","ward","Alim-Gora","North East","Taraba","Ardo Kola","Alim-Gora","","307","273","221","84","50","8","34","52","137","34"
"2024/2025","Female","all","NECO","Polytechnic","ward","Ardo Kola","North East","Taraba","Ardo Kola","Ardo Kola","","562","501","376","131","79","15","61","125","245","52"
"2024/2025","Female","all","NECO","Polytechnic","ward","Iware","North East","Taraba","Ardo Kola","Iware","","311","277","222","84","50","9","34","55","138","34"
"2024/2025","Female","all","NECO","Polytechnic","ward","Akate","North East","Taraba","Donga","Akate","","401","357","274","109","63","14","44","83","165","46"
"2024/2025","Female","all","NECO","Polytechnic","ward","Asibiti","North East","Taraba","Donga","Asibiti","","329","292","233","77","45","9","37","59","156","32"
"2024/2025","Female","all","NECO","Polytechnic","ward","Bikadarko","North East","Taraba","Donga","Bikadarko","","777","692","545","196","121","18","85","147","349","75"
"2024/2025","Female","all","NECO","Polytechnic","ward","Barade","North East","Taraba","Jalingo","Barade","","328","292","240","79","47","11","36","52","161","32"
"2024/2025","Female","all","NECO","Polytechnic","ward","Gembu 'B'","North East","Taraba","Sardauna","Gembu 'B'","","272","242","187","72","42","11","30","55","116","30"
"2024/2025","Female","all","NECO","Polytechnic","ward","Kabri","North East","Taraba","Sardauna","Kabri","","425","378","312","117","69","15","47","66","195","48"
"2024/2025","Female","all","NECO","Polytechnic","ward","Akwana","North East","Taraba","Wukari","Akwana","","436","387","301","104","64","8","49","86","197","40"
"2024/2025","Female","all","NECO","Polytechnic","ward","Avyi","North East","Taraba","Wukari","Avyi","","415","369","296","124","75","15","46","73","172","49"
"2024/2025","Female","all","NECO","Polytechnic","ward","Bantaje","North East","Taraba","Wukari","Bantaje","","171","152","116","45","27","4","19","36","71","18"
"2024/2025","Female","all","NECO","University","ward","Ardo Kola","North East","Taraba","Ardo Kola","Ardo Kola","","283","252","188","66","37","11","31","64","122","29"
"2024/2025","Female","all","NECO","University","ward","Iware","North East","Taraba","Ardo Kola","Iware","","225","200","157","57","31","10","25","43","100","26"
"2024/2025","Female","all","NECO","University","ward","Abbare Yelwa","North East","Taraba","Jalingo","Abbare Yelwa","","365","325","260","91","56","8","40","65","169","35"
"2024/2025","Female","all","NECO","University","ward","Barade","North East","Taraba","Jalingo","Barade","","587","522","398","131","79","15","65","124","267","52"
"2024/2025","Female","all","NECO","University","ward","Kachalla Sembe","North East","Taraba","Jalingo","Kachalla Sembe","","583","518","395","131","75","22","65","123","264","56"
"2024/2025","Female","all","NECO","University","ward","Gembu 'A'","North East","Taraba","Sardauna","Gembu 'A'","","271","241","198","77","45","9","30","43","121","32"
"2024/2025","Female","all","NECO","University","ward","Akwana","North East","Taraba","Wukari","Akwana","","103","92","78","32","18","5","11","14","46","14"
"2024/2025","Female","all","NECO","University","ward","Bantaje","North East","Taraba","Wukari","Bantaje","","185","165","124","45","27","4","20","41","79","18"
"2024/2025","Female","all","WAEC","College of Education","ward","Alim-Gora","North East","Taraba","Ardo Kola","Alim-Gora","","718","639","474","153","95","14","79","165","321","58"
"2024/2025","Female","all","WAEC","College of Education","ward","Ardo Kola","North East","Taraba","Ardo Kola","Ardo Kola","","262","233","191","79","50","7","29","42","113","29"
"2024/2025","Female","all","WAEC","College of Education","ward","Akate","North East","Taraba","Donga","Akate","","236","210","171","79","50","7","26","39","92","29"
"2024/2025","Female","all","WAEC","College of Education","ward","Asibiti","North East","Taraba","Donga","Asibiti","","626","557","413","158","95","20","69","144","255","63"
"2024/2025","Female","all","WAEC","College of Education","ward","Bikadarko","North East","Taraba","Donga","Bikadarko","","407","363","295","128","79","16","44","68","168","49"
"2024/2025","Female","all","WAEC","College of Education","ward","Abbare Yelwa","North East","Taraba","Jalingo","Abbare Yelwa","","585","520","418","144","95","8","65","102","274","50"
"2024/2025","Female","all","WAEC","College of Education","ward","Barade","North East","Taraba","Jalingo","Barade","","203","180","145","61","41","2","23","35","85","20"
"2024/2025","Female","all","WAEC","College of Education","ward","Kachalla Sembe","North East","Taraba","Jalingo","Kachalla Sembe","","500","444","328","103","62","11","56","116","225","41"
"2024/2025","Female","all","WAEC","College of Education","ward","Gembu 'A'","North East","Taraba","Sardauna","Gembu 'A'","","575","512","413","165","100","20","63","99","249","65"
"2024/2025","Female","all","WAEC","College of Education","ward","Gembu 'B'","North East","Taraba","Sardauna","Gembu 'B'","","764","679","545","232","142","27","85","134","314","90"
"2024/2025","Female","all","WAEC","College of Education","ward","Kabri","North East","Taraba","Sardauna","Kabri","","558","497","407","157","101","14","61","90","250","57"
"2024/2025","Female","all","WAEC","College of Education","ward","Akwana","North East","Taraba","Wukari","Akwana","","197","174","139","54","32","8","23","35","85","22"
"2024/2025","Female","all","WAEC","College of Education","ward","Avyi","North East","Taraba","Wukari","Avyi","","666","594","469","177","114","13","72","125","293","63"
"2024/2025","Female","all","WAEC","College of Education","ward","Bantaje","North East","Taraba","Wukari","Bantaje","","469","417","349","147","91","16","52","68","202","56"
"2024/2025","Female","all","WAEC","Polytechnic","ward","Alim-Gora","North East","Taraba","Ardo Kola","Alim-Gora","","418","372","300","121","82","4","46","72","179","40"
"2024/2025","Female","all","WAEC","Polytechnic","ward","Ardo Kola","North East","Taraba","Ardo Kola","Ardo Kola","","699","622","495","190","119","19","77","127","306","71"
"2024/2025","Female","all","WAEC","Polytechnic","ward","Iware","North East","Taraba","Ardo Kola","Iware","","447","398","315","140","86","15","49","83","176","54"
"2024/2025","Female","all","WAEC","Polytechnic","ward","Akate","North East","Taraba","Donga","Akate","","545","484","376","158","104","7","61","108","219","54"
"2024/2025","Female","all","WAEC","Polytechnic","ward","Asibiti","North East","Taraba","Donga","Asibiti","","484","431","335","116","70","11","53","96","219","46"
"2024/2025","Female","all","WAEC","Polytechnic","ward","Bikadarko","North East","Taraba","Donga","Bikadarko","","1041","926","713","263","164","26","115","213","451","99"
"2024/2025","Female","all","WAEC","Polytechnic","ward","Barade","North East","Taraba","Jalingo","Barade","","429","382","291","104","64","12","47","91","188","40"
"2024/2025","Female","all","WAEC","Polytechnic","ward","Gembu 'B'","North East","Taraba","Sardauna","Gembu 'B'","","349","310","242","67","41","7","39","68","175","26"
"2024/2025","Female","all","WAEC","Polytechnic","ward","Kabri","North East","Taraba","Sardauna","Kabri","","641","571","453","183","115","18","70","118","270","68"
"2024/2025","Female","all","WAEC","Polytechnic","ward","Akwana","North East","Taraba","Wukari","Akwana","","526","468","365","152","96","14","58","103","213","57"
"2024/2025","Female","all","WAEC","Polytechnic","ward","Avyi","North East","Taraba","Wukari","Avyi","","531","472","395","163","105","13","59","77","232","58"
"2024/2025","Female","all","WAEC","Polytechnic","ward","Bantaje","North East","Taraba","Wukari","Bantaje","","228","203","162","60","41","2","25","41","102","20"
"2024/2025","Female","all","WAEC","University","ward","Ardo Kola","North East","Taraba","Ardo Kola","Ardo Kola","","363","323","242","97","64","6","40","81","144","34"
"2024/2025","Female","all","WAEC","University","ward","Iware","North East","Taraba","Ardo Kola","Iware","","308","275","209","84","52","6","33","66","126","32"
"2024/2025","Female","all","WAEC","University","ward","Abbare Yelwa","North East","Taraba","Jalingo","Abbare Yelwa","","513","457","363","145","91","14","56","94","219","54"
"2024/2025","Female","all","WAEC","University","ward","Barade","North East","Taraba","Jalingo","Barade","","812","722","538","188","119","18","90","184","350","69"
"2024/2025","Female","all","WAEC","University","ward","Kachalla Sembe","North East","Taraba","Jalingo","Kachalla Sembe","","790","702","541","214","132","24","88","161","328","82"
"2024/2025","Female","all","WAEC","University","ward","Gembu 'A'","North East","Taraba","Sardauna","Gembu 'A'","","381","340","281","104","63","11","41","59","177","41"
"2024/2025","Female","all","WAEC","University","ward","Akwana","North East","Taraba","Wukari","Akwana","","115","102","79","29","17","4","13","23","50","13"
"2024/2025","Female","all","WAEC","University","ward","Bantaje","North East","Taraba","Wukari","Bantaje","","225","200","160","61","36","8","25","40","99","25"
"2024/2025","Female","disabled","NABTEB","College of Education","ward","Alim-Gora","North East","Taraba","Ardo Kola","Alim-Gora","","32","28","21","14","10","0","4","7","7","4"
"2024/2025","Female","disabled","NABTEB","College of Education","ward","Ardo Kola","North East","Taraba","Ardo Kola","Ardo Kola","","12","11","7","6","5","0","1","4","1","2"
"2024/2025","Female","disabled","NABTEB","College of Education","ward","Akate","North East","Taraba","Donga","Akate","","12","11","7","6","5","0","1","4","1","2"
"2024/2025","Female","disabled","NABTEB","College of Education","ward","Asibiti","North East","Taraba","Donga","Asibiti","","29","26","16","14","10","0","3","10","2","4"
"2024/2025","Female","disabled","NABTEB","College of Education","ward","Bikadarko","North East","Taraba","Donga","Bikadarko","","12","11","7","6","5","0","1","4","1","2"
"2024/2025","Female","disabled","NABTEB","College of Education","ward","Abbare Yelwa","North East","Taraba","Jalingo","Abbare Yelwa","","25","23","15","7","5","0","2","8","9","2"
"2024/2025","Female","disabled","NABTEB","College of Education","ward","Barade","North East","Taraba","Jalingo","Barade","","12","11","7","6","5","0","1","4","1","2"
"2024/2025","Female","disabled","NABTEB","College of Education","ward","Kachalla Sembe","North East","Taraba","Jalingo","Kachalla Sembe","","25","23","15","0","0","0","2","8","15","0"
"2024/2025","Female","disabled","NABTEB","College of Education","ward","Gembu 'A'","North East","Taraba","Sardauna","Gembu 'A'","","25","23","15","13","10","0","2","8","2","4"
"2024/2025","Female","disabled","NABTEB","College of Education","ward","Gembu 'B'","North East","Taraba","Sardauna","Gembu 'B'","","45","41","29","21","15","0","4","12","8","6"
"2024/2025","Female","disabled","NABTEB","College of Education","ward","Kabri","North East","Taraba","Sardauna","Kabri","","29","26","16","7","5","0","3","10","9","2"
"2024/2025","Female","disabled","NABTEB","College of Education","ward","Akwana","North East","Taraba","Wukari","Akwana","","12","11","7","6","5","0","1","4","1","2"
"2024/2025","Female","disabled","NABTEB","College of Education","ward","Avyi","North East","Taraba","Wukari","Avyi","","36","32","25","14","10","0","4","7","12","4"
"2024/2025","Female","disabled","NABTEB","College of Education","ward","Bantaje","North East","Taraba","Wukari","Bantaje","","25","23","15","7","5","0","2","8","9","2"
"2024/2025","Female","disabled","NABTEB","Polytechnic","ward","Alim-Gora","North East","Taraba","Ardo Kola","Alim-Gora","","25","23","15","7","5","0","2","8","9","2"
"2024/2025","Female","disabled","NABTEB","Polytechnic","ward","Ardo Kola","North East","Taraba","Ardo Kola","Ardo Kola","","29","26","16","7","5","0","3","10","9","2"
"2024/2025","Female","disabled","NABTEB","Polytechnic","ward","Iware","North East","Taraba","Ardo Kola","Iware","","25","23","15","13","10","0","2","8","2","4"
"2024/2025","Female","disabled","NABTEB","Polytechnic","ward","Akate","North East","Taraba","Donga","Akate","","38","35","23","7","5","0","3","12","17","2"
"2024/2025","Female","disabled","NABTEB","Polytechnic","ward","Asibiti","North East","Taraba","Donga","Asibiti","","25","23","15","0","0","0","2","8","15","0"
"2024/2025","Female","disabled","NABTEB","Polytechnic","ward","Bikadarko","North East","Taraba","Donga","Bikadarko","","42","38","29","21","15","0","4","9","8","6"
"2024/2025","Female","disabled","NABTEB","Polytechnic","ward","Barade","North East","Taraba","Jalingo","Barade","","19","17","13","7","5","0","2","4","6","2"
"2024/2025","Female","disabled","NABTEB","Polytechnic","ward","Gembu 'B'","North East","Taraba","Sardauna","Gembu 'B'","","12","11","7","0","0","0","1","4","7","0"
"2024/2025","Female","disabled","NABTEB","Polytechnic","ward","Kabri","North East","Taraba","Sardauna","Kabri","","32","29","21","7","5","0","3","8","14","2"
"2024/2025","Female","disabled","NABTEB","Polytechnic","ward","Akwana","North East","Taraba","Wukari","Akwana","","29","26","21","14","10","0","3","5","7","4"
"2024/2025","Female","disabled","NABTEB","Polytechnic","ward","Avyi","North East","Taraba","Wukari","Avyi","","29","26","21","7","5","0","3","5","14","2"
"2024/2025","Female","disabled","NABTEB","Polytechnic","ward","Bantaje","North East","Taraba","Wukari","Bantaje","","12","11","7","0","0","0","1","4","7","0"
"2024/2025","Female","disabled","NABTEB","University","ward","Ardo Kola","North East","Taraba","Ardo Kola","Ardo Kola","","12","11","7","0","0","0","1","4","7","0"
"2024/2025","Female","disabled","NABTEB","University","ward","Iware","North East","Taraba","Ardo Kola","Iware","","25","23","15","7","5","0","2","8","9","2"
"2024/2025","Female","disabled","NABTEB","University","ward","Abbare Yelwa","North East","Taraba","Jalingo","Abbare Yelwa","","25","23","15","7","5","0","2","8","9","2"
"2024/2025","Female","disabled","NABTEB","University","ward","Barade","North East","Taraba","Jalingo","Barade","","32","28","21","7","5","0","4","7","14","2"
"2024/2025","Female","disabled","NABTEB","University","ward","Kachalla Sembe","North East","Taraba","Jalingo","Kachalla Sembe","","32","28","21","7","5","0","4","7","14","2"
"2024/2025","Female","disabled","NABTEB","University","ward","Gembu 'A'","North East","Taraba","Sardauna","Gembu 'A'","","25","23","15","7","5","0","2","8","9","2"
"2024/2025","Female","disabled","NABTEB","University","ward","Akwana","North East","Taraba","Wukari","Akwana","","12","11","7","6","5","0","1","4","1","2"
"2024/2025","Female","disabled","NABTEB","University","ward","Bantaje","North East","Taraba","Wukari","Bantaje","","12","11","7","6","5","0","1","4","1","2"
"2024/2025","Female","disabled","NECO","College of Education","ward","Alim-Gora","North East","Taraba","Ardo Kola","Alim-Gora","","55","50","32","12","8","0","5","18","21","4"
"2024/2025","Female","disabled","NECO","College of Education","ward","Ardo Kola","North East","Taraba","Ardo Kola","Ardo Kola","","16","14","10","6","4","0","2","4","5","2"
"2024/2025","Female","disabled","NECO","College of Education","ward","Akate","North East","Taraba","Donga","Akate","","12","11","9","5","3","0","1","2","4","2"
"2024/2025","Female","disabled","NECO","College of Education","ward","Asibiti","North East","Taraba","Donga","Asibiti","","48","43","29","12","8","0","5","14","18","4"
"2024/2025","Female","disabled","NECO","College of Education","ward","Bikadarko","North East","Taraba","Donga","Bikadarko","","23","21","18","6","4","0","2","3","12","2"
"2024/2025","Female","disabled","NECO","College of Education","ward","Abbare Yelwa","North East","Taraba","Jalingo","Abbare Yelwa","","36","33","24","6","4","0","3","9","18","2"
"2024/2025","Female","disabled","NECO","College of Education","ward","Barade","North East","Taraba","Jalingo","Barade","","20","18","13","6","4","0","2","5","8","2"
"2024/2025","Female","disabled","NECO","College of Education","ward","Kachalla Sembe","North East","Taraba","Jalingo","Kachalla Sembe","","47","43","32","12","8","0","4","11","21","4"
"2024/2025","Female","disabled","NECO","College of Education","ward","Gembu 'A'","North East","Taraba","Sardauna","Gembu 'A'","","40","36","24","6","4","0","4","12","18","2"
"2024/2025","Female","disabled","NECO","College of Education","ward","Gembu 'B'","North East","Taraba","Sardauna","Gembu 'B'","","60","55","38","17","11","0","5","17","21","6"
"2024/2025","Female","disabled","NECO","College of Education","ward","Kabri","North East","Taraba","Sardauna","Kabri","","47","43","32","11","8","0","4","11","20","4"
"2024/2025","Female","disabled","NECO","College of Education","ward","Akwana","North East","Taraba","Wukari","Akwana","","16","14","10","6","4","0","2","4","5","2"
"2024/2025","Female","disabled","NECO","College of Education","ward","Avyi","North East","Taraba","Wukari","Avyi","","74","66","48","12","8","0","8","18","36","4"
"2024/2025","Female","disabled","NECO","College of Education","ward","Bantaje","North East","Taraba","Wukari","Bantaje","","34","31","24","12","8","0","3","7","13","4"
"2024/2025","Female","disabled","NECO","Polytechnic","ward","Alim-Gora","North East","Taraba","Ardo Kola","Alim-Gora","","30","27","21","12","8","0","3","6","10","4"
"2024/2025","Female","disabled","NECO","Polytechnic","ward","Ardo Kola","North East","Taraba","Ardo Kola","Ardo Kola","","54","49","35","12","8","0","5","14","23","4"
"2024/2025","Female","disabled","NECO","Polytechnic","ward","Iware","North East","Taraba","Ardo Kola","Iware","","36","33","28","11","8","0","3","5","17","4"
"2024/2025","Female","disabled","NECO","Polytechnic","ward","Akate","North East","Taraba","Donga","Akate","","42","38","23","17","11","0","4","15","6","6"
"2024/2025","Female","disabled","NECO","Polytechnic","ward","Asibiti","North East","Taraba","Donga","Asibiti","","33","30","20","11","8","0","3","10","8","4"
"2024/2025","Female","disabled","NECO","Polytechnic","ward","Bikadarko","North East","Taraba","Donga","Bikadarko","","83","75","51","18","12","0","8","24","34","6"
"2024/2025","Female","disabled","NECO","Polytechnic","ward","Barade","North East","Taraba","Jalingo","Barade","","42","37","29","6","4","0","5","8","23","2"
"2024/2025","Female","disabled","NECO","Polytechnic","ward","Gembu 'B'","North East","Taraba","Sardauna","Gembu 'B'","","23","21","13","6","4","0","2","8","8","2"
"2024/2025","Female","disabled","NECO","Polytechnic","ward","Kabri","North East","Taraba","Sardauna","Kabri","","55","50","35","12","8","0","5","15","24","4"
"2024/2025","Female","disabled","NECO","Polytechnic","ward","Akwana","North East","Taraba","Wukari","Akwana","","52","46","32","12","8","0","6","14","21","4"
"2024/2025","Female","disabled","NECO","Polytechnic","ward","Avyi","North East","Taraba","Wukari","Avyi","","51","46","36","12","8","0","5","10","24","4"
"2024/2025","Female","disabled","NECO","Polytechnic","ward","Bantaje","North East","Taraba","Wukari","Bantaje","","13","12","10","6","4","0","1","2","5","2"
"2024/2025","Female","disabled","NECO","University","ward","Ardo Kola","North East","Taraba","Ardo Kola","Ardo Kola","","27","24","18","6","4","0","3","6","12","2"
"2024/2025","Female","disabled","NECO","University","ward","Iware","North East","Taraba","Ardo Kola","Iware","","25","23","16","11","7","0","2","7","5","4"
"2024/2025","Female","disabled","NECO","University","ward","Abbare Yelwa","North East","Taraba","Jalingo","Abbare Yelwa","","41","37","30","12","8","0","4","7","18","4"
"2024/2025","Female","disabled","NECO","University","ward","Barade","North East","Taraba","Jalingo","Barade","","58","52","37","6","4","0","6","15","31","2"
"2024/2025","Female","disabled","NECO","University","ward","Kachalla Sembe","North East","Taraba","Jalingo","Kachalla Sembe","","74","66","48","12","8","0","8","18","36","4"
"2024/2025","Female","disabled","NECO","University","ward","Gembu 'A'","North East","Taraba","Sardauna","Gembu 'A'","","25","23","16","11","7","0","2","7","5","4"
"2024/2025","Female","disabled","NECO","University","ward","Akwana","North East","Taraba","Wukari","Akwana","","12","11","9","5","3","0","1","2","4","2"
"2024/2025","Female","disabled","NECO","University","ward","Bantaje","North East","Taraba","Wukari","Bantaje","","17","15","11","6","4","0","2","4","5","2"
"2024/2025","Female","disabled","WAEC","College of Education","ward","Alim-Gora","North East","Taraba","Ardo Kola","Alim-Gora","","82","73","56","10","8","0","9","17","46","2"
"2024/2025","Female","disabled","WAEC","College of Education","ward","Ardo Kola","North East","Taraba","Ardo Kola","Ardo Kola","","25","22","17","5","4","0","3","5","12","1"
"2024/2025","Female","disabled","WAEC","College of Education","ward","Akate","North East","Taraba","Donga","Akate","","17","15","14","6","4","0","2","1","8","2"
"2024/2025","Female","disabled","WAEC","College of Education","ward","Asibiti","North East","Taraba","Donga","Asibiti","","63","57","38","10","8","0","6","19","28","2"
"2024/2025","Female","disabled","WAEC","College of Education","ward","Bikadarko","North East","Taraba","Donga","Bikadarko","","32","29","21","6","4","0","3","8","15","2"
"2024/2025","Female","disabled","WAEC","College of Education","ward","Abbare Yelwa","North East","Taraba","Jalingo","Abbare Yelwa","","52","47","34","12","8","0","5","13","22","4"
"2024/2025","Female","disabled","WAEC","College of Education","ward","Barade","North East","Taraba","Jalingo","Barade","","28","25","17","6","4","0","3","8","11","2"
"2024/2025","Female","disabled","WAEC","College of Education","ward","Kachalla Sembe","North East","Taraba","Jalingo","Kachalla Sembe","","67","61","42","10","8","0","6","19","32","2"
"2024/2025","Female","disabled","WAEC","College of Education","ward","Gembu 'A'","North East","Taraba","Sardauna","Gembu 'A'","","57","51","38","10","8","0","6","13","28","2"
"2024/2025","Female","disabled","WAEC","College of Education","ward","Gembu 'B'","North East","Taraba","Sardauna","Gembu 'B'","","79","71","56","22","16","0","8","15","34","6"
"2024/2025","Female","disabled","WAEC","College of Education","ward","Kabri","North East","Taraba","Sardauna","Kabri","","65","58","42","17","12","0","7","16","25","5"
"2024/2025","Female","disabled","WAEC","College of Education","ward","Akwana","North East","Taraba","Wukari","Akwana","","21","19","14","5","4","0","2","5","9","1"
"2024/2025","Female","disabled","WAEC","College of Education","ward","Avyi","North East","Taraba","Wukari","Avyi","","100","88","67","24","16","0","12","21","43","8"
"2024/2025","Female","disabled","WAEC","College of Education","ward","Bantaje","North East","Taraba","Wukari","Bantaje","","49","44","31","10","8","0","5","13","21","2"
"2024/2025","Female","disabled","WAEC","Polytechnic","ward","Alim-Gora","North East","Taraba","Ardo Kola","Alim-Gora","","42","37","31","10","8","0","5","6","21","2"
"2024/2025","Female","disabled","WAEC","Polytechnic","ward","Ardo Kola","North East","Taraba","Ardo Kola","Ardo Kola","","72","64","45","10","8","0","8","19","35","2"
"2024/2025","Female","disabled","WAEC","Polytechnic","ward","Iware","North East","Taraba","Ardo Kola","Iware","","48","43","31","12","8","0","5","12","20","4"
"2024/2025","Female","disabled","WAEC","Polytechnic","ward","Akate","North East","Taraba","Donga","Akate","","64","57","42","18","12","0","7","15","24","6"
"2024/2025","Female","disabled","WAEC","Polytechnic","ward","Asibiti","North East","Taraba","Donga","Asibiti","","46","42","32","11","8","0","4","10","21","3"
"2024/2025","Female","disabled","WAEC","Polytechnic","ward","Bikadarko","North East","Taraba","Donga","Bikadarko","","111","100","70","23","16","0","11","30","47","7"
"2024/2025","Female","disabled","WAEC","Polytechnic","ward","Barade","North East","Taraba","Jalingo","Barade","","54","48","34","12","8","0","6","14","23","4"
"2024/2025","Female","disabled","WAEC","Polytechnic","ward","Gembu 'B'","North East","Taraba","Sardauna","Gembu 'B'","","32","29","21","5","4","0","3","8","16","1"
"2024/2025","Female","disabled","WAEC","Polytechnic","ward","Kabri","North East","Taraba","Sardauna","Kabri","","80","71","49","17","12","0","9","22","32","5"
"2024/2025","Female","disabled","WAEC","Polytechnic","ward","Akwana","North East","Taraba","Wukari","Akwana","","61","54","42","10","8","0","7","12","32","2"
"2024/2025","Female","disabled","WAEC","Polytechnic","ward","Avyi","North East","Taraba","Wukari","Avyi","","68","60","46","17","12","0","8","14","29","5"
"2024/2025","Female","disabled","WAEC","Polytechnic","ward","Bantaje","North East","Taraba","Wukari","Bantaje","","20","18","13","5","4","0","2","5","9","1"
"2024/2025","Female","disabled","WAEC","University","ward","Ardo Kola","North East","Taraba","Ardo Kola","Ardo Kola","","32","29","21","5","4","0","3","8","16","1"
"2024/2025","Female","disabled","WAEC","University","ward","Iware","North East","Taraba","Ardo Kola","Iware","","31","28","22","12","8","0","3","6","10","4"
"2024/2025","Female","disabled","WAEC","University","ward","Abbare Yelwa","North East","Taraba","Jalingo","Abbare Yelwa","","57","51","38","12","8","0","6","13","26","4"
"2024/2025","Female","disabled","WAEC","University","ward","Barade","North East","Taraba","Jalingo","Barade","","90","79","56","18","12","0","11","23","38","6"
"2024/2025","Female","disabled","WAEC","University","ward","Kachalla Sembe","North East","Taraba","Jalingo","Kachalla Sembe","","94","82","64","24","16","0","12","18","40","8"
"2024/2025","Female","disabled","WAEC","University","ward","Gembu 'A'","North East","Taraba","Sardauna","Gembu 'A'","","42","38","27","5","4","0","4","11","22","1"
"2024/2025","Female","disabled","WAEC","University","ward","Akwana","North East","Taraba","Wukari","Akwana","","13","12","10","5","4","0","1","2","6","1"
"2024/2025","Female","disabled","WAEC","University","ward","Bantaje","North East","Taraba","Wukari","Bantaje","","21","19","13","5","4","0","2","6","9","1"
"2024/2025","Male","all","NABTEB","College of Education","ward","Alim-Gora","North East","Taraba","Ardo Kola","Alim-Gora","","318","283","212","60","32","11","35","71","152","28"
"2024/2025","Male","all","NABTEB","College of Education","ward","Ardo Kola","North East","Taraba","Ardo Kola","Ardo Kola","","92","82","65","22","16","0","10","17","43","6"
"2024/2025","Male","all","NABTEB","College of Education","ward","Akate","North East","Taraba","Donga","Akate","","123","109","87","38","22","5","14","22","49","16"
"2024/2025","Male","all","NABTEB","College of Education","ward","Asibiti","North East","Taraba","Donga","Asibiti","","288","256","187","52","32","5","32","69","135","20"
"2024/2025","Male","all","NABTEB","College of Education","ward","Bikadarko","North East","Taraba","Donga","Bikadarko","","171","152","131","38","22","5","19","21","93","16"
"2024/2025","Male","all","NABTEB","College of Education","ward","Abbare Yelwa","North East","Taraba","Jalingo","Abbare Yelwa","","222","197","156","36","20","6","25","41","120","16"
"2024/2025","Male","all","NABTEB","College of Education","ward","Barade","North East","Taraba","Jalingo","Barade","","92","82","65","14","10","0","10","17","51","4"
"2024/2025","Male","all","NABTEB","College of Education","ward","Kachalla Sembe","North East","Taraba","Jalingo","Kachalla Sembe","","216","192","143","36","26","0","24","49","107","10"
"2024/2025","Male","all","NABTEB","College of Education","ward","Gembu 'A'","North East","Taraba","Sardauna","Gembu 'A'","","239","213","170","52","26","12","26","43","118","26"
"2024/2025","Male","all","NABTEB","College of Education","ward","Gembu 'B'","North East","Taraba","Sardauna","Gembu 'B'","","380","338","277","88","59","4","42","61","189","29"
"2024/2025","Male","all","NABTEB","College of Education","ward","Kabri","North East","Taraba","Sardauna","Kabri","","195","173","130","29","15","6","22","43","101","14"
"2024/2025","Male","all","NABTEB","College of Education","ward","Akwana","North East","Taraba","Wukari","Akwana","","105","94","73","22","10","6","11","21","51","12"
"2024/2025","Male","all","NABTEB","College of Education","ward","Avyi","North East","Taraba","Wukari","Avyi","","322","286","225","82","49","9","36","61","143","33"
"2024/2025","Male","all","NABTEB","College of Education","ward","Bantaje","North East","Taraba","Wukari","Bantaje","","188","166","130","45","27","5","22","36","85","18"
"2024/2025","Male","all","NABTEB","Polytechnic","ward","Alim-Gora","North East","Taraba","Ardo Kola","Alim-Gora","","190","170","132","51","38","0","20","38","81","14"
"2024/2025","Male","all","NABTEB","Polytechnic","ward","Ardo Kola","North East","Taraba","Ardo Kola","Ardo Kola","","315","280","218","60","32","11","35","62","158","28"
"2024/2025","Male","all","NABTEB","Polytechnic","ward","Iware","North East","Taraba","Ardo Kola","Iware","","177","158","126","52","32","5","19","32","74","20"
"2024/2025","Male","all","NABTEB","Polytechnic","ward","Akate","North East","Taraba","Donga","Akate","","270","241","182","50","36","0","29","59","132","14"
"2024/2025","Male","all","NABTEB","Polytechnic","ward","Asibiti","North East","Taraba","Donga","Asibiti","","191","169","121","21","15","0","22","48","100","6"
"2024/2025","Male","all","NABTEB","Polytechnic","ward","Bikadarko","North East","Taraba","Donga","Bikadarko","","431","384","301","97","59","10","47","83","204","38"
"2024/2025","Male","all","NABTEB","Polytechnic","ward","Barade","North East","Taraba","Jalingo","Barade","","161","143","108","38","22","5","18","35","70","16"
"2024/2025","Male","all","NABTEB","Polytechnic","ward","Gembu 'B'","North East","Taraba","Sardauna","Gembu 'B'","","147","131","95","22","10","6","16","36","73","12"
"2024/2025","Male","all","NABTEB","Polytechnic","ward","Kabri","North East","Taraba","Sardauna","Kabri","","240","214","161","44","26","6","26","53","117","18"
"2024/2025","Male","all","NABTEB","Polytechnic","ward","Akwana","North East","Taraba","Wukari","Akwana","","240","214","177","52","32","5","26","37","125","20"
"2024/2025","Male","all","NABTEB","Polytechnic","ward","Avyi","North East","Taraba","Wukari","Avyi","","222","198","155","67","43","5","24","43","89","24"
"2024/2025","Male","all","NABTEB","Polytechnic","ward","Bantaje","North East","Taraba","Wukari","Bantaje","","99","88","69","22","10","6","11","19","47","12"
"2024/2025","Male","all","NABTEB","University","ward","Ardo Kola","North East","Taraba","Ardo Kola","Ardo Kola","","130","115","96","30","16","6","15","19","66","14"
"2024/2025","Male","all","NABTEB","University","ward","Iware","North East","Taraba","Ardo Kola","Iware","","168","150","113","28","20","0","18","37","85","8"
"2024/2025","Male","all","NABTEB","University","ward","Abbare Yelwa","North East","Taraba","Jalingo","Abbare Yelwa","","243","216","170","36","20","6","27","46","134","16"
"2024/2025","Male","all","NABTEB","University","ward","Barade","North East","Taraba","Jalingo","Barade","","301","268","204","52","32","5","33","64","152","20"
"2024/2025","Male","all","NABTEB","University","ward","Kachalla Sembe","North East","Taraba","Jalingo","Kachalla Sembe","","363","323","257","83","49","10","40","66","174","34"
"2024/2025","Male","all","NABTEB","University","ward","Gembu 'A'","North East","Taraba","Sardauna","Gembu 'A'","","188","167","126","36","20","6","21","41","90","16"
"2024/2025","Male","all","NABTEB","University","ward","Akwana","North East","Taraba","Wukari","Akwana","","71","63","48","14","10","0","8","15","34","4"
"2024/2025","Male","all","NABTEB","University","ward","Bantaje","North East","Taraba","Wukari","Bantaje","","109","97","78","22","10","6","12","19","56","12"
"2024/2025","Male","all","NECO","College of Education","ward","Alim-Gora","North East","Taraba","Ardo Kola","Alim-Gora","","551","491","376","118","75","8","60","115","258","43"
"2024/2025","Male","all","NECO","College of Education","ward","Ardo Kola","North East","Taraba","Ardo Kola","Ardo Kola","","168","150","113","45","27","4","18","37","68","18"
"2024/2025","Male","all","NECO","College of Education","ward","Akate","North East","Taraba","Donga","Akate","","182","162","143","59","37","4","20","19","84","22"
"2024/2025","Male","all","NECO","College of Education","ward","Asibiti","North East","Taraba","Donga","Asibiti","","573","511","410","125","74","15","62","101","285","51"
"2024/2025","Male","all","NECO","College of Education","ward","Bikadarko","North East","Taraba","Donga","Bikadarko","","268","238","192","66","37","11","30","46","126","29"
"2024/2025","Male","all","NECO","College of Education","ward","Abbare Yelwa","North East","Taraba","Jalingo","Abbare Yelwa","","425","379","286","91","56","8","46","93","195","35"
"2024/2025","Male","all","NECO","College of Education","ward","Barade","North East","Taraba","Jalingo","Barade","","171","152","127","45","27","4","19","25","82","18"
"2024/2025","Male","all","NECO","College of Education","ward","Kachalla Sembe","North East","Taraba","Jalingo","Kachalla Sembe","","393","350","270","91","56","9","43","80","179","35"
"2024/2025","Male","all","NECO","College of Education","ward","Gembu 'A'","North East","Taraba","Sardauna","Gembu 'A'","","418","372","292","97","60","9","46","80","195","38"
"2024/2025","Male","all","NECO","College of Education","ward","Gembu 'B'","North East","Taraba","Sardauna","Gembu 'B'","","684","609","489","183","112","20","75","120","306","71"
"2024/2025","Male","all","NECO","College of Education","ward","Kabri","North East","Taraba","Sardauna","Kabri","","396","353","274","84","50","9","43","79","190","34"
"2024/2025","Male","all","NECO","College of Education","ward","Akwana","North East","Taraba","Wukari","Akwana","","171","152","124","39","23","5","19","28","85","16"
"2024/2025","Male","all","NECO","College of Education","ward","Avyi","North East","Taraba","Wukari","Avyi","","652","580","470","157","94","21","72","110","313","63"
"2024/2025","Male","all","NECO","College of Education","ward","Bantaje","North East","Taraba","Wukari","Bantaje","","324","288","226","91","51","16","36","62","135","40"
"2024/2025","Male","all","NECO","Polytechnic","ward","Alim-Gora","North East","Taraba","Ardo Kola","Alim-Gora","","350","312","248","91","56","8","38","64","157","35"
"2024/2025","Male","all","NECO","Polytechnic","ward","Ardo Kola","North East","Taraba","Ardo Kola","Ardo Kola","","658","585","468","145","84","22","73","117","323","61"
"2024/2025","Male","all","NECO","Polytechnic","ward","Iware","North East","Taraba","Ardo Kola","Iware","","311","277","226","98","60","8","34","51","128","38"
"2024/2025","Male","all","NECO","Polytechnic","ward","Akate","North East","Taraba","Donga","Akate","","478","426","330","116","68","13","52","96","214","48"
"2024/2025","Male","all","NECO","Polytechnic","ward","Asibiti","North East","Taraba","Donga","Asibiti","","346","308","233","65","35","10","38","75","168","30"
"2024/2025","Male","all","NECO","Polytechnic","ward","Bikadarko","North East","Taraba","Donga","Bikadarko","","785","698","540","190","112","26","87","158","350","78"
"2024/2025","Male","all","NECO","Polytechnic","ward","Barade","North East","Taraba","Jalingo","Barade","","329","293","222","72","42","11","36","71","150","30"
"2024/2025","Male","all","NECO","Polytechnic","ward","Gembu 'B'","North East","Taraba","Sardauna","Gembu 'B'","","293","261","187","45","27","4","32","74","142","18"
"2024/2025","Male","all","NECO","Polytechnic","ward","Kabri","North East","Taraba","Sardauna","Kabri","","432","384","301","105","65","9","48","83","196","40"
"2024/2025","Male","all","NECO","Polytechnic","ward","Akwana","North East","Taraba","Wukari","Akwana","","475","423","323","111","70","8","52","100","212","41"
"2024/2025","Male","all","NECO","Polytechnic","ward","Avyi","North East","Taraba","Wukari","Avyi","","443","395","309","111","65","16","48","86","198","46"
"2024/2025","Male","all","NECO","Polytechnic","ward","Bantaje","North East","Taraba","Wukari","Bantaje","","164","146","109","39","23","5","18","37","70","16"
"2024/2025","Male","all","NECO","University","ward","Ardo Kola","North East","Taraba","Ardo Kola","Ardo Kola","","268","238","188","72","42","11","30","50","116","30"
"2024/2025","Male","all","NECO","University","ward","Iware","North East","Taraba","Ardo Kola","Iware","","247","219","168","50","26","10","28","51","118","24"
"2024/2025","Male","all","NECO","University","ward","Abbare Yelwa","North East","Taraba","Jalingo","Abbare Yelwa","","417","372","292","91","56","8","45","80","201","35"
"2024/2025","Male","all","NECO","University","ward","Barade","North East","Taraba","Jalingo","Barade","","571","509","380","117","69","15","62","129","263","48"
"2024/2025","Male","all","NECO","University","ward","Kachalla Sembe","North East","Taraba","Jalingo","Kachalla Sembe","","701","623","493","151","94","15","78","130","342","57"
"2024/2025","Male","all","NECO","University","ward","Gembu 'A'","North East","Taraba","Sardauna","Gembu 'A'","","327","291","236","91","56","9","36","55","145","35"
"2024/2025","Male","all","NECO","University","ward","Akwana","North East","Taraba","Wukari","Akwana","","128","114","85","25","13","5","14","29","60","12"
"2024/2025","Male","all","NECO","University","ward","Bantaje","North East","Taraba","Wukari","Bantaje","","174","155","124","39","23","5","19","31","85","16"
"2024/2025","Male","all","WAEC","College of Education","ward","Alim-Gora","North East","Taraba","Ardo Kola","Alim-Gora","","792","705","529","165","103","14","87","176","365","62"
"2024/2025","Male","all","WAEC","College of Education","ward","Ardo Kola","North East","Taraba","Ardo Kola","Ardo Kola","","232","206","173","74","46","7","26","33","100","28"
"2024/2025","Male","all","WAEC","College of Education","ward","Akate","North East","Taraba","Donga","Akate","","246","219","170","67","41","7","27","49","104","26"
"2024/2025","Male","all","WAEC","College of Education","ward","Asibiti","North East","Taraba","Donga","Asibiti","","689","612","453","141","85","15","77","159","312","56"
"2024/2025","Male","all","WAEC","College of Education","ward","Bikadarko","North East","Taraba","Donga","Bikadarko","","345","307","245","86","54","7","38","62","159","32"
"2024/2025","Male","all","WAEC","College of Education","ward","Abbare Yelwa","North East","Taraba","Jalingo","Abbare Yelwa","","608","542","412","128","82","10","66","130","284","46"
"2024/2025","Male","all","WAEC","College of Education","ward","Barade","North East","Taraba","Jalingo","Barade","","238","212","169","60","36","8","26","43","109","25"
"2024/2025","Male","all","WAEC","College of Education","ward","Kachalla Sembe","North East","Taraba","Jalingo","Kachalla Sembe","","487","433","326","96","62","5","54","107","230","34"
"2024/2025","Male","all","WAEC","College of Education","ward","Gembu 'A'","North East","Taraba","Sardauna","Gembu 'A'","","626","557","429","147","92","14","69","128","282","56"
"2024/2025","Male","all","WAEC","College of Education","ward","Gembu 'B'","North East","Taraba","Sardauna","Gembu 'B'","","894","798","629","262","163","25","96","169","368","99"
"2024/2025","Male","all","WAEC","College of Education","ward","Kabri","North East","Taraba","Sardauna","Kabri","","566","504","391","123","76","11","62","113","268","47"
"2024/2025","Male","all","WAEC","College of Education","ward","Akwana","North East","Taraba","Wukari","Akwana","","247","220","174","67","46","1","27","46","107","21"
"2024/2025","Male","all","WAEC","College of Education","ward","Avyi","North East","Taraba","Wukari","Avyi","","803","715","562","207","133","17","88","153","355","75"
"2024/2025","Male","all","WAEC","College of Education","ward","Bantaje","North East","Taraba","Wukari","Bantaje","","445","396","328","128","80","10","49","68","200","48"
"2024/2025","Male","all","WAEC","Polytechnic","ward","Alim-Gora","North East","Taraba","Ardo Kola","Alim-Gora","","514","456","373","140","91","9","58","83","233","49"
"2024/2025","Male","all","WAEC","Polytechnic","ward","Ardo Kola","North East","Taraba","Ardo Kola","Ardo Kola","","782","697","531","165","104","14","85","166","366","61"
"2024/2025","Male","all","WAEC","Polytechnic","ward","Iware","North East","Taraba","Ardo Kola","Iware","","406","361","301","121","77","9","45","60","180","44"
"2024/2025","Male","all","WAEC","Polytechnic","ward","Akate","North East","Taraba","Donga","Akate","","683","610","476","164","108","7","73","134","312","56"
"2024/2025","Male","all","WAEC","Polytechnic","ward","Asibiti","North East","Taraba","Donga","Asibiti","","510","453","342","111","66","12","57","111","231","45"
"2024/2025","Male","all","WAEC","Polytechnic","ward","Bikadarko","North East","Taraba","Donga","Bikadarko","","1112","989","752","272","174","24","123","237","480","98"
"2024/2025","Male","all","WAEC","Polytechnic","ward","Barade","North East","Taraba","Jalingo","Barade","","412","366","285","104","64","12","46","81","181","40"
"2024/2025","Male","all","WAEC","Polytechnic","ward","Gembu 'B'","North East","Taraba","Sardauna","Gembu 'B'","","416","370","268","74","46","7","46","102","194","28"
"2024/2025","Male","all","WAEC","Polytechnic","ward","Kabri","North East","Taraba","Sardauna","Kabri","","604","538","435","151","95","14","66","103","284","56"
"2024/2025","Male","all","WAEC","Polytechnic","ward","Akwana","North East","Taraba","Wukari","Akwana","","600","534","429","165","105","13","66","105","265","60"
"2024/2025","Male","all","WAEC","Polytechnic","ward","Avyi","North East","Taraba","Wukari","Avyi","","577","514","416","158","101","14","63","98","258","57"
"2024/2025","Male","all","WAEC","Polytechnic","ward","Bantaje","North East","Taraba","Wukari","Bantaje","","247","220","174","67","41","7","27","46","107","26"
"2024/2025","Male","all","WAEC","University","ward","Ardo Kola","North East","Taraba","Ardo Kola","Ardo Kola","","403","359","300","98","64","6","44","59","202","34"
"2024/2025","Male","all","WAEC","University","ward","Iware","North East","Taraba","Ardo Kola","Iware","","340","303","224","79","48","7","37","79","146","31"
"2024/2025","Male","all","WAEC","University","ward","Abbare Yelwa","North East","Taraba","Jalingo","Abbare Yelwa","","639","569","439","140","91","9","70","130","299","49"
"2024/2025","Male","all","WAEC","University","ward","Barade","North East","Taraba","Jalingo","Barade","","858","764","573","183","114","18","94","191","390","69"
"2024/2025","Male","all","WAEC","University","ward","Kachalla Sembe","North East","Taraba","Jalingo","Kachalla Sembe","","903","804","620","195","128","11","99","184","425","67"
"2024/2025","Male","all","WAEC","University","ward","Gembu 'A'","North East","Taraba","Sardauna","Gembu 'A'","","438","390","296","90","58","6","48","94","205","33"
"2024/2025","Male","all","WAEC","University","ward","Akwana","North East","Taraba","Wukari","Akwana","","158","141","115","41","26","3","17","26","74","16"
"2024/2025","Male","all","WAEC","University","ward","Bantaje","North East","Taraba","Wukari","Bantaje","","217","193","148","48","32","3","24","45","100","17"
"2024/2025","Male","disabled","NABTEB","College of Education","ward","Alim-Gora","North East","Taraba","Ardo Kola","Alim-Gora","","35","31","21","7","5","0","4","10","14","2"
"2024/2025","Male","disabled","NABTEB","College of Education","ward","Ardo Kola","North East","Taraba","Ardo Kola","Ardo Kola","","12","11","7","6","5","0","1","4","1","2"
"2024/2025","Male","disabled","NABTEB","College of Education","ward","Akate","North East","Taraba","Donga","Akate","","12","11","7","6","5","0","1","4","1","2"
"2024/2025","Male","disabled","NABTEB","College of Education","ward","Asibiti","North East","Taraba","Donga","Asibiti","","29","26","16","0","0","0","3","10","16","0"
"2024/2025","Male","disabled","NABTEB","College of Education","ward","Bikadarko","North East","Taraba","Donga","Bikadarko","","12","11","7","0","0","0","1","4","7","0"
"2024/2025","Male","disabled","NABTEB","College of Education","ward","Abbare Yelwa","North East","Taraba","Jalingo","Abbare Yelwa","","25","23","15","0","0","0","2","8","15","0"
"2024/2025","Male","disabled","NABTEB","College of Education","ward","Barade","North East","Taraba","Jalingo","Barade","","12","11","7","0","0","0","1","4","7","0"
"2024/2025","Male","disabled","NABTEB","College of Education","ward","Kachalla Sembe","North East","Taraba","Jalingo","Kachalla Sembe","","29","26","16","0","0","0","3","10","16","0"
"2024/2025","Male","disabled","NABTEB","College of Education","ward","Gembu 'A'","North East","Taraba","Sardauna","Gembu 'A'","","25","23","15","7","5","0","2","8","9","2"
"2024/2025","Male","disabled","NABTEB","College of Education","ward","Gembu 'B'","North East","Taraba","Sardauna","Gembu 'B'","","45","41","28","13","10","0","4","13","14","4"
"2024/2025","Male","disabled","NABTEB","College of Education","ward","Kabri","North East","Taraba","Sardauna","Kabri","","29","26","16","0","0","0","3","10","16","0"
"2024/2025","Male","disabled","NABTEB","College of Education","ward","Akwana","North East","Taraba","Wukari","Akwana","","12","11","7","0","0","0","1","4","7","0"
"2024/2025","Male","disabled","NABTEB","College of Education","ward","Avyi","North East","Taraba","Wukari","Avyi","","42","38","27","13","9","0","4","11","14","4"
"2024/2025","Male","disabled","NABTEB","College of Education","ward","Bantaje","North East","Taraba","Wukari","Bantaje","","25","23","15","7","5","0","2","8","9","2"
"2024/2025","Male","disabled","NABTEB","Polytechnic","ward","Alim-Gora","North East","Taraba","Ardo Kola","Alim-Gora","","25","23","15","13","10","0","2","8","2","4"
"2024/2025","Male","disabled","NABTEB","Polytechnic","ward","Ardo Kola","North East","Taraba","Ardo Kola","Ardo Kola","","29","26","16","7","5","0","3","10","9","2"
"2024/2025","Male","disabled","NABTEB","Polytechnic","ward","Iware","North East","Taraba","Ardo Kola","Iware","","25","23","15","13","10","0","2","8","2","4"
"2024/2025","Male","disabled","NABTEB","Polytechnic","ward","Akate","North East","Taraba","Donga","Akate","","38","35","23","7","5","0","3","12","17","2"
"2024/2025","Male","disabled","NABTEB","Polytechnic","ward","Asibiti","North East","Taraba","Donga","Asibiti","","25","23","15","0","0","0","2","8","15","0"
"2024/2025","Male","disabled","NABTEB","Polytechnic","ward","Bikadarko","North East","Taraba","Donga","Bikadarko","","45","40","34","14","10","0","5","6","20","4"
"2024/2025","Male","disabled","NABTEB","Polytechnic","ward","Barade","North East","Taraba","Jalingo","Barade","","22","20","12","6","5","0","2","8","5","2"
"2024/2025","Male","disabled","NABTEB","Polytechnic","ward","Gembu 'B'","North East","Taraba","Sardauna","Gembu 'B'","","16","14","8","0","0","0","2","6","8","0"
"2024/2025","Male","disabled","NABTEB","Polytechnic","ward","Kabri","North East","Taraba","Sardauna","Kabri","","32","29","20","0","0","0","3","9","20","0"
"2024/2025","Male","disabled","NABTEB","Polytechnic","ward","Akwana","North East","Taraba","Wukari","Akwana","","35","32","20","7","5","0","3","12","13","2"
"2024/2025","Male","disabled","NABTEB","Polytechnic","ward","Avyi","North East","Taraba","Wukari","Avyi","","32","29","20","13","9","0","3","9","7","4"
"2024/2025","Male","disabled","NABTEB","Polytechnic","ward","Bantaje","North East","Taraba","Wukari","Bantaje","","12","11","7","0","0","0","1","4","7","0"
"2024/2025","Male","disabled","NABTEB","University","ward","Ardo Kola","North East","Taraba","Ardo Kola","Ardo Kola","","12","11","7","0","0","0","1","4","7","0"
"2024/2025","Male","disabled","NABTEB","University","ward","Iware","North East","Taraba","Ardo Kola","Iware","","25","23","15","0","0","0","2","8","15","0"
"2024/2025","Male","disabled","NABTEB","University","ward","Abbare Yelwa","North East","Taraba","Jalingo","Abbare Yelwa","","29","26","21","0","0","0","3","5","21","0"
"2024/2025","Male","disabled","NABTEB","University","ward","Barade","North East","Taraba","Jalingo","Barade","","32","28","21","7","5","0","4","7","14","2"
"2024/2025","Male","disabled","NABTEB","University","ward","Kachalla Sembe","North East","Taraba","Jalingo","Kachalla Sembe","","43","38","24","14","10","0","5","14","10","4"
"2024/2025","Male","disabled","NABTEB","University","ward","Gembu 'A'","North East","Taraba","Sardauna","Gembu 'A'","","25","23","15","0","0","0","2","8","15","0"
"2024/2025","Male","disabled","NABTEB","University","ward","Akwana","North East","Taraba","Wukari","Akwana","","12","11","7","0","0","0","1","4","7","0"
"2024/2025","Male","disabled","NABTEB","University","ward","Bantaje","North East","Taraba","Wukari","Bantaje","","12","11","7","0","0","0","1","4","7","0"
"2024/2025","Male","disabled","NECO","College of Education","ward","Alim-Gora","North East","Taraba","Ardo Kola","Alim-Gora","","71","63","41","12","8","0","8","22","29","4"
"2024/2025","Male","disabled","NECO","College of Education","ward","Ardo Kola","North East","Taraba","Ardo Kola","Ardo Kola","","16","14","10","6","4","0","2","4","5","2"
"2024/2025","Male","disabled","NECO","College of Education","ward","Akate","North East","Taraba","Donga","Akate","","12","11","9","5","3","0","1","2","4","2"
"2024/2025","Male","disabled","NECO","College of Education","ward","Asibiti","North East","Taraba","Donga","Asibiti","","55","50","35","6","4","0","5","15","29","2"
"2024/2025","Male","disabled","NECO","College of Education","ward","Bikadarko","North East","Taraba","Donga","Bikadarko","","23","21","18","6","4","0","2","3","12","2"
"2024/2025","Male","disabled","NECO","College of Education","ward","Abbare Yelwa","North East","Taraba","Jalingo","Abbare Yelwa","","44","39","29","12","8","0","5","10","18","4"
"2024/2025","Male","disabled","NECO","College of Education","ward","Barade","North East","Taraba","Jalingo","Barade","","19","17","13","5","4","0","2","4","7","2"
"2024/2025","Male","disabled","NECO","College of Education","ward","Kachalla Sembe","North East","Taraba","Jalingo","Kachalla Sembe","","47","42","32","11","8","0","5","10","20","4"
"2024/2025","Male","disabled","NECO","College of Education","ward","Gembu 'A'","North East","Taraba","Sardauna","Gembu 'A'","","40","36","24","12","8","0","4","12","13","4"
"2024/2025","Male","disabled","NECO","College of Education","ward","Gembu 'B'","North East","Taraba","Sardauna","Gembu 'B'","","60","55","34","11","8","0","5","21","23","4"
"2024/2025","Male","disabled","NECO","College of Education","ward","Kabri","North East","Taraba","Sardauna","Kabri","","48","44","28","6","4","0","4","16","22","2"
"2024/2025","Male","disabled","NECO","College of Education","ward","Akwana","North East","Taraba","Wukari","Akwana","","19","17","13","5","4","0","2","4","7","2"
"2024/2025","Male","disabled","NECO","College of Education","ward","Avyi","North East","Taraba","Wukari","Avyi","","88","78","59","12","8","0","10","19","47","4"
"2024/2025","Male","disabled","NECO","College of Education","ward","Bantaje","North East","Taraba","Wukari","Bantaje","","30","27","17","12","8","0","3","10","6","4"
"2024/2025","Male","disabled","NECO","Polytechnic","ward","Alim-Gora","North East","Taraba","Ardo Kola","Alim-Gora","","34","31","24","12","8","0","3","7","13","4"
"2024/2025","Male","disabled","NECO","Polytechnic","ward","Ardo Kola","North East","Taraba","Ardo Kola","Ardo Kola","","70","62","47","12","8","0","8","15","35","4"
"2024/2025","Male","disabled","NECO","Polytechnic","ward","Iware","North East","Taraba","Ardo Kola","Iware","","36","33","28","11","8","0","3","5","17","4"
"2024/2025","Male","disabled","NECO","Polytechnic","ward","Akate","North East","Taraba","Donga","Akate","","53","47","35","17","12","0","6","12","17","6"
"2024/2025","Male","disabled","NECO","Polytechnic","ward","Asibiti","North East","Taraba","Donga","Asibiti","","36","33","20","6","4","0","3","13","14","2"
"2024/2025","Male","disabled","NECO","Polytechnic","ward","Bikadarko","North East","Taraba","Donga","Bikadarko","","79","71","51","18","12","0","8","20","34","6"
"2024/2025","Male","disabled","NECO","Polytechnic","ward","Barade","North East","Taraba","Jalingo","Barade","","45","40","29","6","4","0","5","11","23","2"
"2024/2025","Male","disabled","NECO","Polytechnic","ward","Gembu 'B'","North East","Taraba","Sardauna","Gembu 'B'","","34","31","21","0","0","0","3","10","21","0"
"2024/2025","Male","disabled","NECO","Polytechnic","ward","Kabri","North East","Taraba","Sardauna","Kabri","","51","46","32","12","8","0","5","14","21","4"
"2024/2025","Male","disabled","NECO","Polytechnic","ward","Akwana","North East","Taraba","Wukari","Akwana","","55","49","32","12","8","0","6","17","20","4"
"2024/2025","Male","disabled","NECO","Polytechnic","ward","Avyi","North East","Taraba","Wukari","Avyi","","56","49","37","12","8","0","7","12","25","4"
"2024/2025","Male","disabled","NECO","Polytechnic","ward","Bantaje","North East","Taraba","Wukari","Bantaje","","12","11","6","5","3","0","1","5","1","2"
"2024/2025","Male","disabled","NECO","University","ward","Ardo Kola","North East","Taraba","Ardo Kola","Ardo Kola","","27","24","18","6","4","0","3","6","12","2"
"2024/2025","Male","disabled","NECO","University","ward","Iware","North East","Taraba","Ardo Kola","Iware","","25","23","12","0","0","0","2","11","12","0"
"2024/2025","Male","disabled","NECO","University","ward","Abbare Yelwa","North East","Taraba","Jalingo","Abbare Yelwa","","48","44","29","6","4","0","4","15","23","2"
"2024/2025","Male","disabled","NECO","University","ward","Barade","North East","Taraba","Jalingo","Barade","","63","57","36","12","8","0","6","21","24","4"
"2024/2025","Male","disabled","NECO","University","ward","Kachalla Sembe","North East","Taraba","Jalingo","Kachalla Sembe","","82","72","56","12","8","0","10","16","44","4"
"2024/2025","Male","disabled","NECO","University","ward","Gembu 'A'","North East","Taraba","Sardauna","Gembu 'A'","","33","29","21","12","8","0","4","8","10","4"
"2024/2025","Male","disabled","NECO","University","ward","Akwana","North East","Taraba","Wukari","Akwana","","12","11","6","0","0","0","1","5","6","0"
"2024/2025","Male","disabled","NECO","University","ward","Bantaje","North East","Taraba","Wukari","Bantaje","","17","15","11","6","4","0","2","4","5","2"
"2024/2025","Male","disabled","WAEC","College of Education","ward","Alim-Gora","North East","Taraba","Ardo Kola","Alim-Gora","","91","80","60","10","8","0","11","20","50","2"
"2024/2025","Male","disabled","WAEC","College of Education","ward","Ardo Kola","North East","Taraba","Ardo Kola","Ardo Kola","","21","19","13","5","4","0","2","6","9","1"
"2024/2025","Male","disabled","WAEC","College of Education","ward","Akate","North East","Taraba","Donga","Akate","","21","19","13","6","4","0","2","6","8","2"
"2024/2025","Male","disabled","WAEC","College of Education","ward","Asibiti","North East","Taraba","Donga","Asibiti","","68","60","41","11","8","0","8","19","30","3"
"2024/2025","Male","disabled","WAEC","College of Education","ward","Bikadarko","North East","Taraba","Donga","Bikadarko","","32","29","21","6","4","0","3","8","15","2"
"2024/2025","Male","disabled","WAEC","College of Education","ward","Abbare Yelwa","North East","Taraba","Jalingo","Abbare Yelwa","","65","57","41","12","8","0","8","16","29","4"
"2024/2025","Male","disabled","WAEC","College of Education","ward","Barade","North East","Taraba","Jalingo","Barade","","31","28","20","6","4","0","3","8","14","2"
"2024/2025","Male","disabled","WAEC","College of Education","ward","Kachalla Sembe","North East","Taraba","Jalingo","Kachalla Sembe","","67","61","42","10","8","0","6","19","32","2"
"2024/2025","Male","disabled","WAEC","College of Education","ward","Gembu 'A'","North East","Taraba","Sardauna","Gembu 'A'","","65","57","41","10","8","0","8","16","31","2"
"2024/2025","Male","disabled","WAEC","College of Education","ward","Gembu 'B'","North East","Taraba","Sardauna","Gembu 'B'","","96","85","63","22","16","0","11","22","41","6"
"2024/2025","Male","disabled","WAEC","College of Education","ward","Kabri","North East","Taraba","Sardauna","Kabri","","62","55","38","5","4","0","7","17","33","1"
"2024/2025","Male","disabled","WAEC","College of Education","ward","Akwana","North East","Taraba","Wukari","Akwana","","28","25","17","5","4","0","3","8","12","1"
"2024/2025","Male","disabled","WAEC","College of Education","ward","Avyi","North East","Taraba","Wukari","Avyi","","116","103","77","24","16","0","13","26","53","8"
"2024/2025","Male","disabled","WAEC","College of Education","ward","Bantaje","North East","Taraba","Wukari","Bantaje","","42","37","28","10","8","0","5","9","18","2"
"2024/2025","Male","disabled","WAEC","Polytechnic","ward","Alim-Gora","North East","Taraba","Ardo Kola","Alim-Gora","","45","40","31","10","8","0","5","9","21","2"
"2024/2025","Male","disabled","WAEC","Polytechnic","ward","Ardo Kola","North East","Taraba","Ardo Kola","Ardo Kola","","87","76","52","11","8","0","11","24","41","3"
"2024/2025","Male","disabled","WAEC","Polytechnic","ward","Iware","North East","Taraba","Ardo Kola","Iware","","49","44","38","12","8","0","5","6","26","4"
"2024/2025","Male","disabled","WAEC","Polytechnic","ward","Akate","North East","Taraba","Donga","Akate","","82","74","56","18","12","0","8","18","38","6"
"2024/2025","Male","disabled","WAEC","Polytechnic","ward","Asibiti","North East","Taraba","Donga","Asibiti","","49","45","35","10","8","0","4","10","25","2"
"2024/2025","Male","disabled","WAEC","Polytechnic","ward","Bikadarko","North East","Taraba","Donga","Bikadarko","","114","102","70","15","12","0","12","32","55","3"
"2024/2025","Male","disabled","WAEC","Polytechnic","ward","Barade","North East","Taraba","Jalingo","Barade","","58","51","39","12","8","0","7","12","27","4"
"2024/2025","Male","disabled","WAEC","Polytechnic","ward","Gembu 'B'","North East","Taraba","Sardauna","Gembu 'B'","","43","38","27","5","4","0","5","11","22","1"
"2024/2025","Male","disabled","WAEC","Polytechnic","ward","Kabri","North East","Taraba","Sardauna","Kabri","","72","63","49","12","8","0","9","14","37","4"
"2024/2025","Male","disabled","WAEC","Polytechnic","ward","Akwana","North East","Taraba","Wukari","Akwana","","76","68","49","17","12","0","8","19","32","5"
"2024/2025","Male","disabled","WAEC","Polytechnic","ward","Avyi","North East","Taraba","Wukari","Avyi","","71","63","49","17","12","0","8","14","32","5"
"2024/2025","Male","disabled","WAEC","Polytechnic","ward","Bantaje","North East","Taraba","Wukari","Bantaje","","25","22","17","5","4","0","3","5","12","1"
"2024/2025","Male","disabled","WAEC","University","ward","Ardo Kola","North East","Taraba","Ardo Kola","Ardo Kola","","40","35","28","6","4","0","5","7","22","2"
"2024/2025","Male","disabled","WAEC","University","ward","Iware","North East","Taraba","Ardo Kola","Iware","","31","28","22","12","8","0","3","6","10","4"
"2024/2025","Male","disabled","WAEC","University","ward","Abbare Yelwa","North East","Taraba","Jalingo","Abbare Yelwa","","75","67","48","12","8","0","8","19","36","4"
"2024/2025","Male","disabled","WAEC","University","ward","Barade","North East","Taraba","Jalingo","Barade","","97","85","63","18","12","0","12","22","45","6"
"2024/2025","Male","disabled","WAEC","University","ward","Kachalla Sembe","North East","Taraba","Jalingo","Kachalla Sembe","","111","98","71","17","12","0","13","27","54","5"
"2024/2025","Male","disabled","WAEC","University","ward","Gembu 'A'","North East","Taraba","Sardauna","Gembu 'A'","","50","44","31","5","4","0","6","13","26","1"
"2024/2025","Male","disabled","WAEC","University","ward","Akwana","North East","Taraba","Wukari","Akwana","","21","19","14","5","4","0","2","5","9","1"
"2024/2025","Male","disabled","WAEC","University","ward","Bantaje","North East","Taraba","Wukari","Bantaje","","21","19","13","5","4","0","2","6","9","1"
