session,gender,disability_scope,exam_body,institution_type,loc_level,loc_label,zone,state,lga,ward,school,ss3_total,o_level_candidates,utme_participants,admitted_students,matriculated_students,delayed_transition_students,loss_ss3_to_olevel,loss_olevel_to_utme,loss_utme_to_admitted,loss_admitted_to_matriculated,median_time_to_matriculation_years
2022/2023,Female,all,NABTEB,College of Education,zone,North Central,North Central,,,,,3998,3199,3729,1656,1507,12,799,0,2073,149,1.8
2022/2023,Female,all,NABTEB,College of Education,zone,North East,North East,,,,,6690,5351,6162,1089,1005,7,1339,0,5073,84,1.8
2022/2023,Female,all,NABTEB,College of Education,zone,North West,North West,,,,,12479,9983,11687,1575,1463,9,2496,0,10112,112,1.8
2022/2023,Female,all,NABTEB,College of Education,zone,South East,South East,,,,,3208,2567,2983,674,607,5,641,0,2309,67,1.8
2022/2023,Female,all,NABTEB,College of Education,zone,South South,South South,,,,,3942,3154,3681,516,473,3,788,0,3165,43,1.8
2022/2023,Female,all,NABTEB,College of Education,zone,South West,South West,,,,,9614,7694,8839,2560,2335,18,1920,0,6279,225,1.8
2022/2023,Female,all,NABTEB,Polytechnic,zone,North Central,North Central,,,,,3803,3042,3488,1369,1225,12,761,0,2119,144,1.7
2022/2023,Female,all,NABTEB,Polytechnic,zone,North East,North East,,,,,5910,4729,5493,570,522,4,1181,0,4923,48,1.7
2022/2023,Female,all,NABTEB,Polytechnic,zone,North West,North West,,,,,9553,7644,8759,1081,992,7,1909,0,7678,89,1.7
2022/2023,Female,all,NABTEB,Polytechnic,zone,South East,South East,,,,,3246,2596,2972,758,685,6,650,0,2214,73,1.7
2022/2023,Female,all,NABTEB,Polytechnic,zone,South South,South South,,,,,3886,3109,3610,897,822,6,777,0,2713,75,1.7
2022/2023,Female,all,NABTEB,Polytechnic,zone,South West,South West,,,,,9069,7256,8504,2811,2554,21,1813,0,5693,257,1.7
2022/2023,Female,all,NABTEB,University,zone,North Central,North Central,,,,,3882,3107,3576,7111,6428,55,775,0,0,683,1.6
2022/2023,Female,all,NABTEB,University,zone,North East,North East,,,,,5524,4419,5088,4186,3938,20,1105,0,902,248,1.6000000000000003
2022/2023,Female,all,NABTEB,University,zone,North West,North West,,,,,12928,10343,11885,4707,4355,28,2585,0,7178,352,1.6
2022/2023,Female,all,NABTEB,University,zone,South East,South East,,,,,3459,2767,3197,7489,6726,61,692,0,0,763,1.6
2022/2023,Female,all,NABTEB,University,zone,South South,South South,,,,,3573,2859,3275,7752,6996,60,714,0,0,756,1.6
2022/2023,Female,all,NABTEB,University,zone,South West,South West,,,,,9461,7568,8674,8604,7795,65,1893,0,70,809,1.6
2022/2023,Female,all,NECO,College of Education,zone,North Central,North Central,,,,,7459,5966,6908,3113,2847,21,1493,0,3795,266,1.8
2022/2023,Female,all,NECO,College of Education,zone,North East,North East,,,,,12464,9970,11365,1991,1835,12,2494,0,9374,156,1.8
2022/2023,Female,all,NECO,College of Education,zone,North West,North West,,,,,23043,18437,21334,2864,2621,19,4606,0,18470,243,1.8
2022/2023,Female,all,NECO,College of Education,zone,South East,South East,,,,,6019,4815,5586,1452,1345,9,1204,0,4134,107,1.8
2022/2023,Female,all,NECO,College of Education,zone,South South,South South,,,,,7348,5878,6746,1000,925,6,1470,0,5746,75,1.8
2022/2023,Female,all,NECO,College of Education,zone,South West,South West,,,,,17852,14280,16369,4851,4401,36,3572,0,11518,450,1.8
2022/2023,Female,all,NECO,Polytechnic,zone,North Central,North Central,,,,,7106,5685,6494,2562,2369,15,1421,0,3932,193,1.6
2022/2023,Female,all,NECO,Polytechnic,zone,North East,North East,,,,,11182,8945,10409,1046,967,6,2237,0,9363,79,1.6000000000000003
2022/2023,Female,all,NECO,Polytechnic,zone,North West,North West,,,,,17989,14391,16447,2009,1840,14,3598,0,14438,169,1.6
2022/2023,Female,all,NECO,Polytechnic,zone,South East,South East,,,,,5969,4775,5439,1597,1472,10,1194,0,3842,125,1.6000000000000003
2022/2023,Female,all,NECO,Polytechnic,zone,South South,South South,,,,,7259,5806,6710,1791,1656,11,1453,0,4919,135,1.6
2022/2023,Female,all,NECO,Polytechnic,zone,South West,South West,,,,,17085,13665,15883,5442,4979,37,3420,0,10441,463,1.6
2022/2023,Female,all,NECO,University,zone,North Central,North Central,,,,,7256,5804,6672,13392,12361,82,1452,0,0,1031,1.5
2022/2023,Female,all,NECO,University,zone,North East,North East,,,,,10212,8171,9349,7484,6885,48,2041,0,1865,599,1.5
2022/2023,Female,all,NECO,University,zone,North West,North West,,,,,24201,19358,22187,8657,7914,59,4843,0,13530,743,1.5
2022/2023,Female,all,NECO,University,zone,South East,South East,,,,,6553,5241,6034,16476,15252,98,1312,0,0,1224,1.5
2022/2023,Female,all,NECO,University,zone,South South,South South,,,,,6736,5390,6123,15090,13948,91,1346,0,0,1142,1.5
2022/2023,Female,all,NECO,University,zone,South West,South West,,,,,17637,14109,16005,16288,14785,120,3528,0,0,1503,1.5
2022/2023,Female,all,WAEC,College of Education,zone,North Central,North Central,,,,,9838,7869,9084,4314,3996,25,1969,0,4770,318,1.8
2022/2023,Female,all,WAEC,College of Education,zone,North East,North East,,,,,16275,13021,14922,2642,2428,17,3254,0,12280,214,1.8
2022/2023,Female,all,WAEC,College of Education,zone,North West,North West,,,,,30383,24304,28230,3909,3601,25,6079,0,24321,308,1.8
2022/2023,Female,all,WAEC,College of Education,zone,South East,South East,,,,,7994,6396,7404,1913,1763,12,1598,0,5491,150,1.8
2022/2023,Female,all,WAEC,College of Education,zone,South South,South South,,,,,9754,7802,9025,1401,1293,9,1952,0,7624,108,1.8
2022/2023,Female,all,WAEC,College of Education,zone,South West,South West,,,,,23345,18676,21423,6310,5875,35,4669,0,15113,435,1.8
2022/2023,Female,all,WAEC,Polytechnic,zone,North Central,North Central,,,,,9393,7514,8576,3545,3289,20,1879,0,5031,256,1.6
2022/2023,Female,all,WAEC,Polytechnic,zone,North East,North East,,,,,14707,11764,13611,1405,1290,9,2943,0,12206,115,1.6000000000000003
2022/2023,Female,all,WAEC,Polytechnic,zone,North West,North West,,,,,23364,18691,21257,2734,2531,16,4673,0,18523,203,1.6
2022/2023,Female,all,WAEC,Polytechnic,zone,South East,South East,,,,,7869,6296,7165,2092,1927,13,1573,0,5073,165,1.6000000000000003
2022/2023,Female,all,WAEC,Polytechnic,zone,South South,South South,,,,,9502,7602,8761,2401,2206,16,1900,0,6360,195,1.6
2022/2023,Female,all,WAEC,Polytechnic,zone,South West,South West,,,,,22355,17883,20890,7086,6628,37,4472,0,13804,458,1.6
2022/2023,Female,all,WAEC,University,zone,North Central,North Central,,,,,9514,7611,8742,18608,17212,112,1903,0,0,1396,1.5
2022/2023,Female,all,WAEC,University,zone,North East,North East,,,,,13659,10929,12496,10005,9190,65,2730,0,2491,815,1.5
2022/2023,Female,all,WAEC,University,zone,North West,North West,,,,,31954,25563,29238,11952,11040,73,6391,0,17286,912,1.5
2022/2023,Female,all,WAEC,University,zone,South East,South East,,,,,8608,6887,7910,21406,19769,131,1721,0,0,1637,1.5
2022/2023,Female,all,WAEC,University,zone,South South,South South,,,,,8841,7072,8043,20682,19142,123,1769,0,0,1540,1.5
2022/2023,Female,all,WAEC,University,zone,South West,South West,,,,,23348,18682,21197,21043,19617,114,4666,0,154,1426,1.5
2022/2023,Female,disabled,NABTEB,College of Education,zone,North Central,North Central,,,,,363,292,328,233,214,2,71,0,95,19,1.8
2022/2023,Female,disabled,NABTEB,College of Education,zone,North East,North East,,,,,607,487,543,122,111,1,120,0,421,11,1.8
2022/2023,Female,disabled,NABTEB,College of Education,zone,North West,North West,,,,,1176,947,1070,198,181,1,229,0,872,17,1.8
2022/2023,Female,disabled,NABTEB,College of Education,zone,South East,South East,,,,,286,229,257,100,91,1,57,0,157,9,1.8
2022/2023,Female,disabled,NABTEB,College of Education,zone,South South,South South,,,,,361,290,315,75,67,1,71,0,240,8,1.8
2022/2023,Female,disabled,NABTEB,College of Education,zone,South West,South West,,,,,877,705,774,355,322,3,172,0,419,33,1.8
2022/2023,Female,disabled,NABTEB,Polytechnic,zone,North Central,North Central,,,,,346,278,307,197,180,1,68,0,110,17,1.7
2022/2023,Female,disabled,NABTEB,Polytechnic,zone,North East,North East,,,,,541,434,497,76,70,0,107,0,421,6,1.7
2022/2023,Female,disabled,NABTEB,Polytechnic,zone,North West,North West,,,,,841,677,752,132,121,1,164,0,620,11,1.7
2022/2023,Female,disabled,NABTEB,Polytechnic,zone,South East,South East,,,,,307,246,271,111,101,1,61,0,160,10,1.7
2022/2023,Female,disabled,NABTEB,Polytechnic,zone,South South,South South,,,,,353,283,309,131,118,1,70,0,178,13,1.7
2022/2023,Female,disabled,NABTEB,Polytechnic,zone,South West,South West,,,,,809,651,731,393,357,3,158,0,338,36,1.7
2022/2023,Female,disabled,NABTEB,University,zone,North Central,North Central,,,,,357,286,321,998,911,7,71,0,0,87,1.6
2022/2023,Female,disabled,NABTEB,University,zone,North East,North East,,,,,515,413,462,518,475,3,102,0,0,43,1.6000000000000003
2022/2023,Female,disabled,NABTEB,University,zone,North West,North West,,,,,1179,949,1081,612,553,5,230,0,469,59,1.6
2022/2023,Female,disabled,NABTEB,University,zone,South East,South East,,,,,312,251,279,1096,1021,6,61,0,0,75,1.6
2022/2023,Female,disabled,NABTEB,University,zone,South South,South South,,,,,330,265,287,1135,1031,8,65,0,0,104,1.6
2022/2023,Female,disabled,NABTEB,University,zone,South West,South West,,,,,843,679,740,1218,1117,8,164,0,0,101,1.6
2022/2023,Female,disabled,NECO,College of Education,zone,North Central,North Central,,,,,574,460,538,244,221,2,114,0,294,23,1.8
2022/2023,Female,disabled,NECO,College of Education,zone,North East,North East,,,,,951,762,873,182,170,1,189,0,691,12,1.8
2022/2023,Female,disabled,NECO,College of Education,zone,North West,North West,,,,,1764,1416,1650,246,225,2,348,0,1404,21,1.8
2022/2023,Female,disabled,NECO,College of Education,zone,South East,South East,,,,,458,367,434,108,101,1,91,0,326,7,1.8
2022/2023,Female,disabled,NECO,College of Education,zone,South South,South South,,,,,566,453,536,76,71,0,113,0,460,5,1.8
2022/2023,Female,disabled,NECO,College of Education,zone,South West,South West,,,,,1408,1128,1329,355,317,3,280,0,974,38,1.8
2022/2023,Female,disabled,NECO,Polytechnic,zone,North Central,North Central,,,,,563,452,522,198,180,1,111,0,324,18,1.6
2022/2023,Female,disabled,NECO,Polytechnic,zone,North East,North East,,,,,882,706,827,85,80,0,176,0,742,5,1.6000000000000003
2022/2023,Female,disabled,NECO,Polytechnic,zone,North West,North West,,,,,1404,1126,1295,160,145,1,278,0,1135,15,1.6
2022/2023,Female,disabled,NECO,Polytechnic,zone,South East,South East,,,,,477,383,443,115,108,1,94,0,328,7,1.6000000000000003
2022/2023,Female,disabled,NECO,Polytechnic,zone,South South,South South,,,,,553,444,516,129,120,1,109,0,387,9,1.6
2022/2023,Female,disabled,NECO,Polytechnic,zone,South West,South West,,,,,1346,1077,1268,396,359,3,269,0,872,37,1.6
2022/2023,Female,disabled,NECO,University,zone,North Central,North Central,,,,,557,446,516,1060,962,8,111,0,0,98,1.5
2022/2023,Female,disabled,NECO,University,zone,North East,North East,,,,,797,639,722,620,577,3,158,0,102,43,1.5
2022/2023,Female,disabled,NECO,University,zone,North West,North West,,,,,1867,1496,1704,706,646,5,371,0,998,60,1.5
2022/2023,Female,disabled,NECO,University,zone,South East,South East,,,,,509,409,473,1177,1093,7,100,0,0,84,1.5
2022/2023,Female,disabled,NECO,University,zone,South South,South South,,,,,530,425,501,1111,1033,6,105,0,0,78,1.5
2022/2023,Female,disabled,NECO,University,zone,South West,South West,,,,,1355,1086,1261,1190,1063,10,269,0,71,127,1.5
2022/2023,Female,disabled,WAEC,College of Education,zone,North Central,North Central,,,,,754,601,704,276,259,1,153,0,428,17,1.8
2022/2023,Female,disabled,WAEC,College of Education,zone,North East,North East,,,,,1250,998,1158,186,170,1,252,0,972,16,1.8
2022/2023,Female,disabled,WAEC,College of Education,zone,North West,North West,,,,,2329,1859,2174,263,244,2,470,0,1911,19,1.8
2022/2023,Female,disabled,WAEC,College of Education,zone,South East,South East,,,,,598,477,560,116,108,1,121,0,444,8,1.8
2022/2023,Female,disabled,WAEC,College of Education,zone,South South,South South,,,,,743,593,699,88,81,1,150,0,611,7,1.8
2022/2023,Female,disabled,WAEC,College of Education,zone,South West,South West,,,,,1824,1456,1672,396,378,1,368,0,1276,18,1.8
2022/2023,Female,disabled,WAEC,Polytechnic,zone,North Central,North Central,,,,,739,590,677,218,204,1,149,0,459,14,1.6
2022/2023,Female,disabled,WAEC,Polytechnic,zone,North East,North East,,,,,1136,906,1056,100,90,1,230,0,956,10,1.6000000000000003
2022/2023,Female,disabled,WAEC,Polytechnic,zone,North West,North West,,,,,1838,1461,1681,188,176,1,377,0,1493,12,1.6
2022/2023,Female,disabled,WAEC,Polytechnic,zone,South East,South East,,,,,618,492,568,131,119,1,126,0,437,12,1.6000000000000003
2022/2023,Female,disabled,WAEC,Polytechnic,zone,South South,South South,,,,,733,585,676,147,136,1,148,0,529,11,1.6
2022/2023,Female,disabled,WAEC,Polytechnic,zone,South West,South West,,,,,1747,1391,1624,439,417,2,356,0,1185,22,1.6
2022/2023,Female,disabled,WAEC,University,zone,North Central,North Central,,,,,726,579,668,1191,1117,6,147,0,0,74,1.5
2022/2023,Female,disabled,WAEC,University,zone,North East,North East,,,,,1052,839,973,717,653,5,213,0,256,64,1.5
2022/2023,Female,disabled,WAEC,University,zone,North West,North West,,,,,2473,1968,2276,773,722,4,505,0,1503,51,1.5
2022/2023,Female,disabled,WAEC,University,zone,South East,South East,,,,,670,533,612,1393,1263,10,137,0,0,130,1.5
2022/2023,Female,disabled,WAEC,University,zone,South South,South South,,,,,698,556,639,1276,1190,7,142,0,0,86,1.5
2022/2023,Female,disabled,WAEC,University,zone,South West,South West,,,,,1773,1412,1624,1293,1222,6,361,0,331,71,1.5
2022/2023,Male,all,NABTEB,College of Education,zone,North Central,North Central,,,,,4099,3279,3778,1557,1423,11,820,0,2221,134,1.8
2022/2023,Male,all,NABTEB,College of Education,zone,North East,North East,,,,,6960,5567,6408,980,910,6,1393,0,5428,70,1.8
2022/2023,Male,all,NABTEB,College of Education,zone,North West,North West,,,,,13532,10826,12629,1438,1320,9,2706,0,11191,118,1.8
2022/2023,Male,all,NABTEB,College of Education,zone,South East,South East,,,,,2899,2319,2702,666,601,5,580,0,2036,65,1.8
2022/2023,Male,all,NABTEB,College of Education,zone,South South,South South,,,,,3675,2940,3420,509,459,4,735,0,2911,50,1.8
2022/2023,Male,all,NABTEB,College of Education,zone,South West,South West,,,,,8394,6717,7719,2531,2323,17,1677,0,5188,208,1.8
2022/2023,Male,all,NABTEB,Polytechnic,zone,North Central,North Central,,,,,3931,3145,3644,1324,1184,11,786,0,2320,140,1.7
2022/2023,Male,all,NABTEB,Polytechnic,zone,North East,North East,,,,,6274,5019,5800,515,474,3,1255,0,5285,41,1.7
2022/2023,Male,all,NABTEB,Polytechnic,zone,North West,North West,,,,,10368,8299,9492,1023,938,7,2069,0,8469,85,1.7
2022/2023,Male,all,NABTEB,Polytechnic,zone,South East,South East,,,,,2870,2296,2634,732,663,6,574,0,1902,69,1.7
2022/2023,Male,all,NABTEB,Polytechnic,zone,South South,South South,,,,,3625,2901,3356,867,789,6,724,0,2489,78,1.7
2022/2023,Male,all,NABTEB,Polytechnic,zone,South West,South West,,,,,7769,6216,7323,2743,2468,22,1553,0,4580,275,1.7
2022/2023,Male,all,NABTEB,University,zone,North Central,North Central,,,,,3973,3181,3668,6777,6117,53,792,0,0,660,1.6
2022/2023,Male,all,NABTEB,University,zone,North East,North East,,,,,5730,4584,5279,3686,3329,29,1146,0,1593,357,1.6000000000000003
2022/2023,Male,all,NABTEB,University,zone,North West,North West,,,,,14075,11262,12872,4313,3979,27,2813,0,8559,334,1.6
2022/2023,Male,all,NABTEB,University,zone,South East,South East,,,,,3093,2475,2869,7279,6555,58,618,0,0,724,1.6
2022/2023,Male,all,NABTEB,University,zone,South South,South South,,,,,3403,2722,3129,7679,6917,61,681,0,0,762,1.6
2022/2023,Male,all,NABTEB,University,zone,South West,South West,,,,,8190,6550,7496,8276,7497,62,1640,0,0,779,1.6
2022/2023,Male,all,NECO,College of Education,zone,North Central,North Central,,,,,7615,6091,7028,3044,2789,20,1524,0,3984,255,1.8
2022/2023,Male,all,NECO,College of Education,zone,North East,North East,,,,,12898,10318,11805,1902,1746,12,2580,0,9903,156,1.8
2022/2023,Male,all,NECO,College of Education,zone,North West,North West,,,,,25491,20392,23673,2797,2545,20,5099,0,20876,252,1.8
2022/2023,Male,all,NECO,College of Education,zone,South East,South East,,,,,5439,4352,5023,1437,1324,9,1087,0,3586,113,1.8
2022/2023,Male,all,NECO,College of Education,zone,South South,South South,,,,,6976,5580,6432,1014,933,6,1396,0,5418,81,1.8
2022/2023,Male,all,NECO,College of Education,zone,South West,South West,,,,,15674,12539,14381,4878,4410,37,3135,0,9503,468,1.8
2022/2023,Male,all,NECO,Polytechnic,zone,North Central,North Central,,,,,7383,5907,6770,2562,2354,17,1476,0,4208,208,1.6
2022/2023,Male,all,NECO,Polytechnic,zone,North East,North East,,,,,12045,9636,11183,1041,955,7,2409,0,10142,86,1.6000000000000003
2022/2023,Male,all,NECO,Polytechnic,zone,North West,North West,,,,,19551,15641,17862,1969,1804,13,3910,0,15893,165,1.6
2022/2023,Male,all,NECO,Polytechnic,zone,South East,South East,,,,,5323,4259,4860,1593,1481,9,1064,0,3267,112,1.6000000000000003
2022/2023,Male,all,NECO,Polytechnic,zone,South South,South South,,,,,6732,5385,6221,1769,1635,11,1347,0,4452,134,1.6
2022/2023,Male,all,NECO,Polytechnic,zone,South West,South West,,,,,14569,11655,13559,5307,4805,40,2914,0,8252,502,1.6
2022/2023,Male,all,NECO,University,zone,North Central,North Central,,,,,7483,5986,6854,13231,12196,83,1497,0,0,1035,1.5
2022/2023,Male,all,NECO,University,zone,North East,North East,,,,,10634,8510,9767,7182,6589,47,2124,0,2585,593,1.5
2022/2023,Male,all,NECO,University,zone,North West,North West,,,,,26359,21085,24143,8365,7613,60,5274,0,15778,752,1.5
2022/2023,Male,all,NECO,University,zone,South East,South East,,,,,5762,4610,5284,16231,15047,95,1152,0,0,1184,1.5
2022/2023,Male,all,NECO,University,zone,South South,South South,,,,,6349,5080,5781,15156,14010,92,1269,0,0,1146,1.5
2022/2023,Male,all,NECO,University,zone,South West,South West,,,,,15309,12245,13908,16049,14633,113,3064,0,0,1416,1.5
2022/2023,Male,all,WAEC,College of Education,zone,North Central,North Central,,,,,10097,8077,9345,4265,3952,25,2020,0,5080,313,1.8
2022/2023,Male,all,WAEC,College of Education,zone,North East,North East,,,,,16920,13536,15475,2554,2341,17,3384,0,12921,213,1.8
2022/2023,Male,all,WAEC,College of Education,zone,North West,North West,,,,,33400,26717,31075,3842,3560,23,6683,0,27233,282,1.8
2022/2023,Male,all,WAEC,College of Education,zone,South East,South East,,,,,7169,5734,6649,1919,1776,11,1435,0,4730,143,1.8
2022/2023,Male,all,WAEC,College of Education,zone,South South,South South,,,,,9134,7307,8425,1411,1300,9,1827,0,7014,111,1.8
2022/2023,Male,all,WAEC,College of Education,zone,South West,South West,,,,,20595,16476,18909,6310,5901,33,4119,0,12599,409,1.8
2022/2023,Male,all,WAEC,Polytechnic,zone,North Central,North Central,,,,,9580,7664,8770,3501,3252,20,1916,0,5269,249,1.6
2022/2023,Male,all,WAEC,Polytechnic,zone,North East,North East,,,,,15669,12535,14523,1394,1285,9,3134,0,13129,109,1.6000000000000003
2022/2023,Male,all,WAEC,Polytechnic,zone,North West,North West,,,,,25559,20450,23410,2700,2491,17,5109,0,20710,209,1.6
2022/2023,Male,all,WAEC,Polytechnic,zone,South East,South East,,,,,6960,5568,6338,2042,1881,13,1392,0,4296,161,1.6000000000000003
2022/2023,Male,all,WAEC,Polytechnic,zone,South South,South South,,,,,8796,7037,8133,2378,2186,15,1759,0,5755,192,1.6
2022/2023,Male,all,WAEC,Polytechnic,zone,South West,South West,,,,,19321,15458,17931,6898,6430,37,3863,0,11033,468,1.6
2022/2023,Male,all,WAEC,University,zone,North Central,North Central,,,,,9876,7899,9057,18448,17048,112,1977,0,0,1400,1.5
2022/2023,Male,all,WAEC,University,zone,North East,North East,,,,,14232,11385,13013,9888,9105,63,2847,0,3125,783,1.5
2022/2023,Male,all,WAEC,University,zone,North West,North West,,,,,34991,27990,31904,11790,10901,71,7001,0,20114,889,1.5
2022/2023,Male,all,WAEC,University,zone,South East,South East,,,,,7564,6051,6952,21025,19364,133,1513,0,0,1661,1.5
2022/2023,Male,all,WAEC,University,zone,South South,South South,,,,,8407,6725,7632,20550,18943,129,1682,0,0,1607,1.5
2022/2023,Male,all,WAEC,University,zone,South West,South West,,,,,20150,16120,18345,20724,19379,108,4030,0,0,1345,1.5
2022/2023,Male,disabled,NABTEB,College of Education,zone,North Central,North Central,,,,,358,288,327,189,172,1,70,0,138,17,1.8
2022/2023,Male,disabled,NABTEB,College of Education,zone,North East,North East,,,,,607,488,549,75,69,0,119,0,474,6,1.8
2022/2023,Male,disabled,NABTEB,College of Education,zone,North West,North West,,,,,1225,987,1115,143,131,1,238,0,972,12,1.8
2022/2023,Male,disabled,NABTEB,College of Education,zone,South East,South East,,,,,246,198,220,95,84,1,48,0,125,11,1.8
2022/2023,Male,disabled,NABTEB,College of Education,zone,South South,South South,,,,,327,263,293,67,60,1,64,0,226,7,1.8
2022/2023,Male,disabled,NABTEB,College of Education,zone,South West,South West,,,,,736,593,653,334,304,2,143,0,319,30,1.8
2022/2023,Male,disabled,NABTEB,Polytechnic,zone,North Central,North Central,,,,,346,278,312,163,149,1,68,0,149,14,1.7
2022/2023,Male,disabled,NABTEB,Polytechnic,zone,North East,North East,,,,,553,444,503,42,39,0,109,0,461,3,1.7
2022/2023,Male,disabled,NABTEB,Polytechnic,zone,North West,North West,,,,,907,731,822,108,97,1,176,0,714,11,1.7
2022/2023,Male,disabled,NABTEB,Polytechnic,zone,South East,South East,,,,,260,210,231,98,90,1,50,0,133,8,1.7
2022/2023,Male,disabled,NABTEB,Polytechnic,zone,South South,South South,,,,,320,257,284,122,111,1,63,0,162,11,1.7
2022/2023,Male,disabled,NABTEB,Polytechnic,zone,South West,South West,,,,,684,551,616,364,327,3,133,0,252,37,1.7
2022/2023,Male,disabled,NABTEB,University,zone,North Central,North Central,,,,,354,285,318,812,745,5,69,0,0,67,1.6
2022/2023,Male,disabled,NABTEB,University,zone,North East,North East,,,,,525,422,476,249,234,1,103,0,227,15,1.6000000000000003
2022/2023,Male,disabled,NABTEB,University,zone,North West,North West,,,,,1242,1000,1129,449,404,4,242,0,680,45,1.6
2022/2023,Male,disabled,NABTEB,University,zone,South East,South East,,,,,266,214,239,992,912,6,52,0,0,80,1.6
2022/2023,Male,disabled,NABTEB,University,zone,South South,South South,,,,,301,242,265,1043,945,8,59,0,0,98,1.6
2022/2023,Male,disabled,NABTEB,University,zone,South West,South West,,,,,710,572,633,1071,976,8,138,0,0,95,1.6
2022/2023,Male,disabled,NECO,College of Education,zone,North Central,North Central,,,,,598,479,555,236,213,2,119,0,319,23,1.8
2022/2023,Male,disabled,NECO,College of Education,zone,North East,North East,,,,,1004,805,912,152,141,1,199,0,760,11,1.8
2022/2023,Male,disabled,NECO,College of Education,zone,North West,North West,,,,,1951,1566,1814,218,199,2,385,0,1596,19,1.8
2022/2023,Male,disabled,NECO,College of Education,zone,South East,South East,,,,,419,336,392,102,95,1,83,0,290,7,1.8
2022/2023,Male,disabled,NECO,College of Education,zone,South South,South South,,,,,529,424,496,76,71,0,105,0,420,5,1.8
2022/2023,Male,disabled,NECO,College of Education,zone,South West,South West,,,,,1240,993,1146,360,324,3,247,0,786,36,1.8
2022/2023,Male,disabled,NECO,Polytechnic,zone,North Central,North Central,,,,,583,468,542,193,176,1,115,0,349,17,1.6
2022/2023,Male,disabled,NECO,Polytechnic,zone,North East,North East,,,,,946,758,885,83,78,0,188,0,802,5,1.6000000000000003
2022/2023,Male,disabled,NECO,Polytechnic,zone,North West,North West,,,,,1536,1232,1416,152,139,1,304,0,1264,13,1.6
2022/2023,Male,disabled,NECO,Polytechnic,zone,South East,South East,,,,,420,337,387,112,104,1,83,0,275,8,1.6000000000000003
2022/2023,Male,disabled,NECO,Polytechnic,zone,South South,South South,,,,,523,419,484,130,121,1,104,0,354,9,1.6
2022/2023,Male,disabled,NECO,Polytechnic,zone,South West,South West,,,,,1164,932,1091,388,350,3,232,0,703,38,1.6
2022/2023,Male,disabled,NECO,University,zone,North Central,North Central,,,,,574,459,525,983,897,7,115,0,0,86,1.5
2022/2023,Male,disabled,NECO,University,zone,North East,North East,,,,,836,671,767,589,547,3,165,0,178,42,1.5
2022/2023,Male,disabled,NECO,University,zone,North West,North West,,,,,2059,1649,1902,670,614,4,410,0,1232,56,1.5
2022/2023,Male,disabled,NECO,University,zone,South East,South East,,,,,454,364,420,1205,1115,7,90,0,0,90,1.5
2022/2023,Male,disabled,NECO,University,zone,South South,South South,,,,,508,408,474,1094,1022,6,100,0,0,72,1.5
2022/2023,Male,disabled,NECO,University,zone,South West,South West,,,,,1176,941,1097,1210,1089,10,235,0,0,121,1.5
2022/2023,Male,disabled,WAEC,College of Education,zone,North Central,North Central,,,,,781,623,723,258,243,1,158,0,465,15,1.8
2022/2023,Male,disabled,WAEC,College of Education,zone,North East,North East,,,,,1298,1035,1204,174,159,1,263,0,1030,15,1.8
2022/2023,Male,disabled,WAEC,College of Education,zone,North West,North West,,,,,2584,2061,2414,246,229,1,523,0,2168,17,1.8
2022/2023,Male,disabled,WAEC,College of Education,zone,South East,South East,,,,,552,439,518,124,114,1,113,0,394,10,1.8
2022/2023,Male,disabled,WAEC,College of Education,zone,South South,South South,,,,,701,559,651,86,79,1,142,0,565,7,1.8
2022/2023,Male,disabled,WAEC,College of Education,zone,South West,South West,,,,,1617,1290,1494,396,374,2,327,0,1098,22,1.8
2022/2023,Male,disabled,WAEC,Polytechnic,zone,North Central,North Central,,,,,772,615,711,219,203,1,157,0,492,16,1.6
2022/2023,Male,disabled,WAEC,Polytechnic,zone,North East,North East,,,,,1234,983,1146,91,82,1,251,0,1055,9,1.6000000000000003
2022/2023,Male,disabled,WAEC,Polytechnic,zone,North West,North West,,,,,2016,1601,1847,181,169,1,415,0,1666,12,1.6
2022/2023,Male,disabled,WAEC,Polytechnic,zone,South East,South East,,,,,556,442,512,138,126,1,114,0,374,12,1.6000000000000003
2022/2023,Male,disabled,WAEC,Polytechnic,zone,South South,South South,,,,,681,543,638,149,137,1,138,0,489,12,1.6
2022/2023,Male,disabled,WAEC,Polytechnic,zone,South West,South West,,,,,1528,1218,1425,443,419,2,310,0,982,24,1.6
2022/2023,Male,disabled,WAEC,University,zone,North Central,North Central,,,,,756,603,700,1161,1076,7,153,0,0,85,1.5
2022/2023,Male,disabled,WAEC,University,zone,North East,North East,,,,,1106,883,1018,702,638,5,223,0,316,64,1.5
2022/2023,Male,disabled,WAEC,University,zone,North West,North West,,,,,2747,2185,2507,773,726,4,562,0,1734,47,1.5
2022/2023,Male,disabled,WAEC,University,zone,South East,South East,,,,,594,473,545,1330,1214,9,121,0,0,116,1.5
2022/2023,Male,disabled,WAEC,University,zone,South South,South South,,,,,677,539,618,1295,1177,9,138,0,0,118,1.5
2022/2023,Male,disabled,WAEC,University,zone,South West,South West,,,,,1543,1229,1409,1297,1230,5,314,0,112,67,1.5
2023/2024,Female,all,NABTEB,College of Education,zone,North Central,North Central,,,,,4239,3392,3952,1069,979,7,847,0,2883,90,1.6
2023/2024,Female,all,NABTEB,College of Education,zone,North East,North East,,,,,7030,5623,6452,536,493,3,1407,0,5916,43,1.6
2023/2024,Female,all,NABTEB,College of Education,zone,North West,North West,,,,,13219,10576,12220,1207,1137,6,2643,0,11013,70,1.6
2023/2024,Female,all,NABTEB,College of Education,zone,South East,South East,,,,,3440,2752,3218,451,406,4,688,0,2767,45,1.6
2023/2024,Female,all,NABTEB,College of Education,zone,South South,South South,,,,,4201,3363,3903,338,308,2,838,0,3565,30,1.6
2023/2024,Female,all,NABTEB,College of Education,zone,South West,South West,,,,,10321,8260,9436,1653,1507,12,2061,0,7783,146,1.6
2023/2024,Female,all,NABTEB,Polytechnic,zone,North Central,North Central,,,,,4084,3267,3765,1481,1341,11,817,0,2284,140,1.5
2023/2024,Female,all,NABTEB,Polytechnic,zone,North East,North East,,,,,6346,5077,5897,600,551,4,1269,0,5297,49,1.5
2023/2024,Female,all,NABTEB,Polytechnic,zone,North West,North West,,,,,10170,8135,9380,1114,1019,8,2035,0,8266,95,1.5
2023/2024,Female,all,NABTEB,Polytechnic,zone,South East,South East,,,,,3476,2780,3200,1001,910,7,696,0,2199,91,1.5
2023/2024,Female,all,NABTEB,Polytechnic,zone,South South,South South,,,,,4141,3313,3861,859,785,6,828,0,3002,74,1.5
2023/2024,Female,all,NABTEB,Polytechnic,zone,South West,South West,,,,,9664,7735,9103,2937,2645,23,1929,0,6166,292,1.5
2023/2024,Female,all,NABTEB,University,zone,North Central,North Central,,,,,4145,3318,3819,4728,4297,34,827,0,0,431,1.4
2023/2024,Female,all,NABTEB,University,zone,North East,North East,,,,,5900,4719,5468,2917,2758,13,1181,0,2551,159,1.3999999999999997
2023/2024,Female,all,NABTEB,University,zone,North West,North West,,,,,13704,10965,12581,3048,2798,20,2739,0,9533,250,1.4
2023/2024,Female,all,NABTEB,University,zone,South East,South East,,,,,3709,2967,3402,6310,5688,50,742,0,0,622,1.4
2023/2024,Female,all,NABTEB,University,zone,South South,South South,,,,,3826,3062,3498,6718,6096,50,764,0,0,622,1.4
2023/2024,Female,all,NABTEB,University,zone,South West,South West,,,,,10000,8000,9170,7437,6808,50,2000,0,1733,629,1.4
2023/2024,Female,all,NECO,College of Education,zone,North Central,North Central,,,,,7830,6263,7207,1968,1800,13,1567,0,5239,168,1.6
2023/2024,Female,all,NECO,College of Education,zone,North East,North East,,,,,12904,10322,11792,996,920,6,2582,0,10796,76,1.6
2023/2024,Female,all,NECO,College of Education,zone,North West,North West,,,,,24265,19408,22507,2201,2008,15,4857,0,20306,193,1.6
2023/2024,Female,all,NECO,College of Education,zone,South East,South East,,,,,6353,5082,5888,939,873,5,1271,0,4949,66,1.6
2023/2024,Female,all,NECO,College of Education,zone,South South,South South,,,,,7786,6228,7168,657,610,4,1558,0,6511,47,1.6
2023/2024,Female,all,NECO,College of Education,zone,South West,South West,,,,,18880,15101,17339,3095,2797,24,3779,0,14244,298,1.6
2023/2024,Female,all,NECO,Polytechnic,zone,North Central,North Central,,,,,7552,6042,6937,2742,2511,18,1510,0,4195,231,1.4
2023/2024,Female,all,NECO,Polytechnic,zone,North East,North East,,,,,11774,9421,10895,1055,975,6,2353,0,9840,80,1.3999999999999997
2023/2024,Female,all,NECO,Polytechnic,zone,North West,North West,,,,,18819,15056,17204,2082,1909,14,3763,0,15122,173,1.4
2023/2024,Female,all,NECO,Polytechnic,zone,South East,South East,,,,,6380,5104,5786,2132,1974,13,1276,0,3654,158,1.3999999999999997
2023/2024,Female,all,NECO,Polytechnic,zone,South South,South South,,,,,7659,6126,7072,1669,1546,10,1533,0,5403,123,1.4
2023/2024,Female,all,NECO,Polytechnic,zone,South West,South West,,,,,17815,14249,16575,5432,4939,39,3566,0,11143,493,1.4
2023/2024,Female,all,NECO,University,zone,North Central,North Central,,,,,7608,6086,7000,8841,8132,57,1522,0,0,709,1.3
2023/2024,Female,all,NECO,University,zone,North East,North East,,,,,10968,8775,10104,5217,4802,33,2193,0,4887,415,1.3
2023/2024,Female,all,NECO,University,zone,North West,North West,,,,,25479,20381,23353,5614,5130,39,5098,0,17739,484,1.3
2023/2024,Female,all,NECO,University,zone,South East,South East,,,,,6786,5427,6256,13720,12677,83,1359,0,0,1043,1.3000000000000005
2023/2024,Female,all,NECO,University,zone,South South,South South,,,,,6988,5590,6380,12943,12018,74,1398,0,0,925,1.3
2023/2024,Female,all,NECO,University,zone,South West,South West,,,,,18463,14767,16719,14020,12670,108,3696,0,2699,1350,1.3
2023/2024,Female,all,WAEC,College of Education,zone,North Central,North Central,,,,,10528,8423,9716,2817,2617,16,2105,0,6899,200,1.6
2023/2024,Female,all,WAEC,College of Education,zone,North East,North East,,,,,17618,14096,16153,1370,1264,8,3522,0,14783,106,1.6
2023/2024,Female,all,WAEC,College of Education,zone,North West,North West,,,,,32792,26237,30411,3142,2898,20,6555,0,27269,244,1.6
2023/2024,Female,all,WAEC,College of Education,zone,South East,South East,,,,,8458,6768,7862,1254,1154,8,1690,0,6608,100,1.6
2023/2024,Female,all,WAEC,College of Education,zone,South South,South South,,,,,10420,8335,9630,922,850,6,2085,0,8708,72,1.6
2023/2024,Female,all,WAEC,College of Education,zone,South West,South West,,,,,25269,20219,23085,4071,3811,21,5050,0,19014,260,1.6
2023/2024,Female,all,WAEC,Polytechnic,zone,North Central,North Central,,,,,10101,8081,9246,3838,3565,22,2020,0,5408,273,1.4
2023/2024,Female,all,WAEC,Polytechnic,zone,North East,North East,,,,,15753,12602,14551,1453,1337,9,3151,0,13098,116,1.3999999999999997
2023/2024,Female,all,WAEC,Polytechnic,zone,North West,North West,,,,,25364,20292,23197,2878,2675,16,5072,0,20319,203,1.4
2023/2024,Female,all,WAEC,Polytechnic,zone,South East,South East,,,,,8566,6854,7774,2850,2632,17,1712,0,4924,218,1.3999999999999997
2023/2024,Female,all,WAEC,Polytechnic,zone,South South,South South,,,,,10286,8229,9494,2339,2156,15,2057,0,7155,183,1.4
2023/2024,Female,all,WAEC,Polytechnic,zone,South West,South West,,,,,24112,19288,22473,7334,6856,38,4824,0,15139,478,1.4
2023/2024,Female,all,WAEC,University,zone,North Central,North Central,,,,,10181,8144,9325,12293,11399,72,2037,0,0,894,1.3
2023/2024,Female,all,WAEC,University,zone,North East,North East,,,,,14571,11655,13322,7021,6398,50,2916,0,6301,623,1.3
2023/2024,Female,all,WAEC,University,zone,North West,North West,,,,,34087,27270,31213,7818,7262,44,6817,0,23395,556,1.3
2023/2024,Female,all,WAEC,University,zone,South East,South East,,,,,9174,7340,8450,18212,16756,116,1834,0,0,1456,1.3000000000000005
2023/2024,Female,all,WAEC,University,zone,South South,South South,,,,,9462,7570,8581,18110,16718,111,1892,0,0,1392,1.3
2023/2024,Female,all,WAEC,University,zone,South West,South West,,,,,24914,19930,22781,18875,17638,99,4984,0,3906,1237,1.3
2023/2024,Female,disabled,NABTEB,College of Education,zone,North Central,North Central,,,,,380,305,337,153,138,1,75,0,184,15,1.6
2023/2024,Female,disabled,NABTEB,College of Education,zone,North East,North East,,,,,636,510,570,65,59,0,126,0,505,6,1.6
2023/2024,Female,disabled,NABTEB,College of Education,zone,North West,North West,,,,,1241,999,1127,173,160,1,242,0,954,13,1.6
2023/2024,Female,disabled,NABTEB,College of Education,zone,South East,South East,,,,,303,244,270,63,57,0,59,0,207,6,1.6
2023/2024,Female,disabled,NABTEB,College of Education,zone,South South,South South,,,,,378,304,330,47,44,0,74,0,283,3,1.6
2023/2024,Female,disabled,NABTEB,College of Education,zone,South West,South West,,,,,924,744,818,227,205,2,180,0,591,22,1.6
2023/2024,Female,disabled,NABTEB,Polytechnic,zone,North Central,North Central,,,,,363,292,321,206,185,2,71,0,115,21,1.5
2023/2024,Female,disabled,NABTEB,Polytechnic,zone,North East,North East,,,,,572,459,520,84,76,1,113,0,436,8,1.5
2023/2024,Female,disabled,NABTEB,Polytechnic,zone,North West,North West,,,,,904,728,815,144,131,1,176,0,671,13,1.5
2023/2024,Female,disabled,NABTEB,Polytechnic,zone,South East,South East,,,,,323,259,280,145,130,1,64,0,135,15,1.5
2023/2024,Female,disabled,NABTEB,Polytechnic,zone,South South,South South,,,,,369,296,328,120,111,1,73,0,208,9,1.5
2023/2024,Female,disabled,NABTEB,Polytechnic,zone,South West,South West,,,,,858,691,777,396,358,3,167,0,381,38,1.5
2023/2024,Female,disabled,NABTEB,University,zone,North Central,North Central,,,,,371,299,326,671,603,5,72,0,0,68,1.4
2023/2024,Female,disabled,NABTEB,University,zone,North East,North East,,,,,554,445,498,366,336,2,109,0,132,30,1.3999999999999997
2023/2024,Female,disabled,NABTEB,University,zone,North West,North West,,,,,1249,1006,1141,423,384,3,243,0,718,39,1.4
2023/2024,Female,disabled,NABTEB,University,zone,South East,South East,,,,,327,263,293,905,834,6,64,0,0,71,1.4
2023/2024,Female,disabled,NABTEB,University,zone,South South,South South,,,,,348,280,304,943,860,7,68,0,0,83,1.4
2023/2024,Female,disabled,NABTEB,University,zone,South West,South West,,,,,889,716,778,1051,954,8,173,0,0,97,1.4
2023/2024,Female,disabled,NECO,College of Education,zone,North Central,North Central,,,,,616,494,579,147,140,1,122,0,432,7,1.6
2023/2024,Female,disabled,NECO,College of Education,zone,North East,North East,,,,,987,791,900,87,80,1,196,0,813,7,1.6
2023/2024,Female,disabled,NECO,College of Education,zone,North West,North West,,,,,1862,1495,1743,173,160,1,367,0,1570,13,1.6
2023/2024,Female,disabled,NECO,College of Education,zone,South East,South East,,,,,480,385,458,70,66,0,95,0,388,4,1.6
2023/2024,Female,disabled,NECO,College of Education,zone,South South,South South,,,,,600,481,559,50,46,0,119,0,509,4,1.6
2023/2024,Female,disabled,NECO,College of Education,zone,South West,South West,,,,,1485,1190,1385,227,210,1,295,0,1158,17,1.6
2023/2024,Female,disabled,NECO,Polytechnic,zone,North Central,North Central,,,,,595,477,551,206,192,1,118,0,345,14,1.4
2023/2024,Female,disabled,NECO,Polytechnic,zone,North East,North East,,,,,925,742,869,89,83,0,183,0,780,6,1.3999999999999997
2023/2024,Female,disabled,NECO,Polytechnic,zone,North West,North West,,,,,1467,1178,1344,167,154,1,289,0,1177,13,1.4
2023/2024,Female,disabled,NECO,Polytechnic,zone,South East,South East,,,,,507,407,467,156,146,1,100,0,311,10,1.3999999999999997
2023/2024,Female,disabled,NECO,Polytechnic,zone,South South,South South,,,,,591,474,559,123,113,1,117,0,436,10,1.4
2023/2024,Female,disabled,NECO,Polytechnic,zone,South West,South West,,,,,1390,1113,1313,400,368,3,277,0,913,32,1.4
2023/2024,Female,disabled,NECO,University,zone,North Central,North Central,,,,,584,469,546,677,639,3,115,0,0,38,1.3
2023/2024,Female,disabled,NECO,University,zone,North East,North East,,,,,848,680,787,453,424,2,168,0,334,29,1.3
2023/2024,Female,disabled,NECO,University,zone,North West,North West,,,,,1980,1585,1806,446,413,3,395,0,1360,33,1.3
2023/2024,Female,disabled,NECO,University,zone,South East,South East,,,,,526,422,483,987,914,6,104,0,0,73,1.3000000000000005
2023/2024,Female,disabled,NECO,University,zone,South South,South South,,,,,558,448,518,947,875,6,110,0,0,72,1.3
2023/2024,Female,disabled,NECO,University,zone,South West,South West,,,,,1441,1154,1347,1046,970,6,287,0,301,76,1.3
2023/2024,Female,disabled,WAEC,College of Education,zone,North Central,North Central,,,,,822,654,762,178,162,1,168,0,584,16,1.6
2023/2024,Female,disabled,WAEC,College of Education,zone,North East,North East,,,,,1343,1072,1226,94,87,1,271,0,1132,7,1.6
2023/2024,Female,disabled,WAEC,College of Education,zone,North West,North West,,,,,2481,1978,2323,206,189,1,503,0,2117,17,1.6
2023/2024,Female,disabled,WAEC,College of Education,zone,South East,South East,,,,,644,513,608,83,77,0,131,0,525,6,1.6
2023/2024,Female,disabled,WAEC,College of Education,zone,South South,South South,,,,,797,636,744,57,53,0,161,0,687,4,1.6
2023/2024,Female,disabled,WAEC,College of Education,zone,South West,South West,,,,,1969,1570,1808,260,244,1,399,0,1548,16,1.6
2023/2024,Female,disabled,WAEC,Polytechnic,zone,North Central,North Central,,,,,798,636,736,246,228,1,162,0,490,18,1.4
2023/2024,Female,disabled,WAEC,Polytechnic,zone,North East,North East,,,,,1225,976,1142,99,90,1,249,0,1043,9,1.3999999999999997
2023/2024,Female,disabled,WAEC,Polytechnic,zone,North West,North West,,,,,1996,1585,1849,203,186,1,411,0,1646,17,1.4
2023/2024,Female,disabled,WAEC,Polytechnic,zone,South East,South East,,,,,679,541,622,184,170,1,138,0,438,14,1.3999999999999997
2023/2024,Female,disabled,WAEC,Polytechnic,zone,South South,South South,,,,,784,625,735,147,136,1,159,0,588,11,1.4
2023/2024,Female,disabled,WAEC,Polytechnic,zone,South West,South West,,,,,1885,1501,1754,460,431,2,384,0,1294,29,1.4
2023/2024,Female,disabled,WAEC,University,zone,North Central,North Central,,,,,772,615,720,782,716,5,157,0,0,66,1.3
2023/2024,Female,disabled,WAEC,University,zone,North East,North East,,,,,1139,908,1057,493,448,4,231,0,564,45,1.3
2023/2024,Female,disabled,WAEC,University,zone,North West,North West,,,,,2651,2111,2417,516,474,3,540,0,1901,42,1.3
2023/2024,Female,disabled,WAEC,University,zone,South East,South East,,,,,718,572,667,1193,1085,9,146,0,0,108,1.3000000000000005
2023/2024,Female,disabled,WAEC,University,zone,South South,South South,,,,,756,601,691,1185,1098,7,155,0,0,87,1.3
2023/2024,Female,disabled,WAEC,University,zone,South West,South West,,,,,1914,1525,1754,1162,1078,7,389,0,592,84,1.3
2023/2024,Male,all,NABTEB,College of Education,zone,North Central,North Central,,,,,4327,3461,4021,1009,915,8,866,0,3012,94,1.6
2023/2024,Male,all,NABTEB,College of Education,zone,North East,North East,,,,,7293,5836,6707,488,448,3,1457,0,6219,40,1.6
2023/2024,Male,all,NABTEB,College of Education,zone,North West,North West,,,,,14439,11554,13438,1141,1048,7,2885,0,12297,93,1.6
2023/2024,Male,all,NABTEB,College of Education,zone,South East,South East,,,,,3086,2469,2878,444,401,3,617,0,2434,43,1.6
2023/2024,Male,all,NABTEB,College of Education,zone,South South,South South,,,,,3912,3130,3630,334,300,3,782,0,3296,34,1.6
2023/2024,Male,all,NABTEB,College of Education,zone,South West,South West,,,,,8960,7167,8250,1612,1474,11,1793,0,6638,138,1.6
2023/2024,Male,all,NABTEB,Polytechnic,zone,North Central,North Central,,,,,4153,3323,3834,1386,1256,10,830,0,2448,130,1.5
2023/2024,Male,all,NABTEB,Polytechnic,zone,North East,North East,,,,,6755,5404,6276,532,482,4,1351,0,5744,50,1.5
2023/2024,Male,all,NABTEB,Polytechnic,zone,North West,North West,,,,,11055,8844,10139,1032,930,8,2211,0,9107,102,1.5
2023/2024,Male,all,NABTEB,Polytechnic,zone,South East,South East,,,,,3051,2441,2808,997,904,7,610,0,1811,93,1.5
2023/2024,Male,all,NABTEB,Polytechnic,zone,South South,South South,,,,,3828,3064,3590,843,766,6,764,0,2747,77,1.5
2023/2024,Male,all,NABTEB,Polytechnic,zone,South West,South West,,,,,8278,6622,7805,2831,2561,22,1656,0,4974,270,1.5
2023/2024,Male,all,NABTEB,University,zone,North Central,North Central,,,,,4264,3412,3941,4474,4036,35,852,0,0,438,1.4
2023/2024,Male,all,NABTEB,University,zone,North East,North East,,,,,6191,4955,5672,2552,2384,13,1236,0,3120,168,1.3999999999999997
2023/2024,Male,all,NABTEB,University,zone,North West,North West,,,,,15058,12045,13870,2784,2551,19,3013,0,11086,233,1.4
2023/2024,Male,all,NABTEB,University,zone,South East,South East,,,,,3245,2597,3002,6244,5651,47,648,0,0,593,1.4
2023/2024,Male,all,NABTEB,University,zone,South South,South South,,,,,3645,2917,3334,6808,6139,54,728,0,0,669,1.4
2023/2024,Male,all,NABTEB,University,zone,South West,South West,,,,,8677,6943,7936,7279,6632,52,1734,0,657,647,1.4
2023/2024,Male,all,NECO,College of Education,zone,North Central,North Central,,,,,8001,6400,7352,1972,1791,14,1601,0,5380,181,1.6
2023/2024,Male,all,NECO,College of Education,zone,North East,North East,,,,,13428,10743,12296,940,862,6,2685,0,11356,78,1.6
2023/2024,Male,all,NECO,College of Education,zone,North West,North West,,,,,26705,21363,24688,2176,1982,16,5342,0,22512,194,1.6
2023/2024,Male,all,NECO,College of Education,zone,South East,South East,,,,,5716,4572,5295,944,875,6,1144,0,4351,69,1.6
2023/2024,Male,all,NECO,College of Education,zone,South South,South South,,,,,7201,5760,6628,654,604,4,1441,0,5974,50,1.6
2023/2024,Male,all,NECO,College of Education,zone,South West,South West,,,,,16511,13209,15110,3109,2812,24,3302,0,12001,297,1.6
2023/2024,Male,all,NECO,Polytechnic,zone,North Central,North Central,,,,,7755,6205,7121,2731,2514,17,1550,0,4390,217,1.4
2023/2024,Male,all,NECO,Polytechnic,zone,North East,North East,,,,,12610,10086,11678,1071,994,6,2524,0,10607,77,1.3999999999999997
2023/2024,Male,all,NECO,Polytechnic,zone,North West,North West,,,,,20588,16471,18857,2036,1860,14,4117,0,16821,176,1.4
2023/2024,Male,all,NECO,Polytechnic,zone,South East,South East,,,,,5624,4500,5132,2114,1946,13,1124,0,3018,168,1.3999999999999997
2023/2024,Male,all,NECO,Polytechnic,zone,South South,South South,,,,,7187,5748,6658,1663,1537,10,1439,0,4995,126,1.4
2023/2024,Male,all,NECO,Polytechnic,zone,South West,South West,,,,,15443,12354,14382,5413,4923,39,3089,0,8969,490,1.4
2023/2024,Male,all,NECO,University,zone,North Central,North Central,,,,,7889,6310,7242,8684,7949,59,1579,0,0,735,1.3
2023/2024,Male,all,NECO,University,zone,North East,North East,,,,,11425,9141,10476,4966,4537,34,2284,0,5510,429,1.3
2023/2024,Male,all,NECO,University,zone,North West,North West,,,,,27889,22312,25630,5522,5022,40,5577,0,20108,500,1.3
2023/2024,Male,all,NECO,University,zone,South East,South East,,,,,6065,4852,5569,13615,12617,80,1213,0,0,998,1.3000000000000005
2023/2024,Male,all,NECO,University,zone,South South,South South,,,,,6724,5379,6099,13150,12129,82,1345,0,0,1021,1.3
2023/2024,Male,all,NECO,University,zone,South West,South West,,,,,16191,12953,14739,14286,12955,106,3238,0,453,1331,1.3
2023/2024,Male,all,WAEC,College of Education,zone,North Central,North Central,,,,,10785,8627,9942,2816,2617,16,2158,0,7126,199,1.6
2023/2024,Male,all,WAEC,College of Education,zone,North East,North East,,,,,18263,14609,16726,1319,1210,9,3654,0,15407,109,1.6
2023/2024,Male,all,WAEC,College of Education,zone,North West,North West,,,,,36099,28878,33436,3094,2850,20,7221,0,30342,244,1.6
2023/2024,Male,all,WAEC,College of Education,zone,South East,South East,,,,,7684,6146,7117,1268,1167,8,1538,0,5849,101,1.6
2023/2024,Male,all,WAEC,College of Education,zone,South South,South South,,,,,9588,7669,8852,904,832,6,1919,0,7948,72,1.6
2023/2024,Male,all,WAEC,College of Education,zone,South West,South West,,,,,22238,17789,20391,4122,3847,22,4449,0,16269,275,1.6
2023/2024,Male,all,WAEC,Polytechnic,zone,North Central,North Central,,,,,10356,8285,9526,3800,3512,23,2071,0,5726,288,1.4
2023/2024,Male,all,WAEC,Polytechnic,zone,North East,North East,,,,,16730,13385,15522,1439,1319,10,3345,0,14083,120,1.3999999999999997
2023/2024,Male,all,WAEC,Polytechnic,zone,North West,North West,,,,,27593,22078,25196,2822,2614,17,5515,0,22374,208,1.4
2023/2024,Male,all,WAEC,Polytechnic,zone,South East,South East,,,,,7560,6048,6869,2830,2605,18,1512,0,4039,225,1.3999999999999997
2023/2024,Male,all,WAEC,Polytechnic,zone,South South,South South,,,,,9675,7740,8922,2320,2127,15,1935,0,6602,193,1.4
2023/2024,Male,all,WAEC,Polytechnic,zone,South West,South West,,,,,20574,16460,19170,7103,6642,37,4114,0,12067,461,1.4
2023/2024,Male,all,WAEC,University,zone,North Central,North Central,,,,,10642,8513,9738,12385,11481,72,2129,0,0,904,1.3
2023/2024,Male,all,WAEC,University,zone,North East,North East,,,,,15213,12167,13922,6852,6284,45,3046,0,7070,568,1.3
2023/2024,Male,all,WAEC,University,zone,North West,North West,,,,,37031,29619,33886,7606,7037,46,7412,0,26280,569,1.3
2023/2024,Male,all,WAEC,University,zone,South East,South East,,,,,8086,6469,7439,18053,16673,110,1617,0,0,1380,1.3000000000000005
2023/2024,Male,all,WAEC,University,zone,South South,South South,,,,,9025,7220,8209,18253,16803,116,1805,0,0,1450,1.3
2023/2024,Male,all,WAEC,University,zone,South West,South West,,,,,21491,17193,19511,18385,17156,98,4298,0,1126,1229,1.3
2023/2024,Male,disabled,NABTEB,College of Education,zone,North Central,North Central,,,,,377,303,341,130,117,1,74,0,211,13,1.6
2023/2024,Male,disabled,NABTEB,College of Education,zone,North East,North East,,,,,641,515,582,40,36,0,126,0,542,4,1.6
2023/2024,Male,disabled,NABTEB,College of Education,zone,North West,North West,,,,,1298,1047,1204,126,115,1,251,0,1078,11,1.6
2023/2024,Male,disabled,NABTEB,College of Education,zone,South East,South East,,,,,261,210,236,58,52,0,51,0,178,6,1.6
2023/2024,Male,disabled,NABTEB,College of Education,zone,South South,South South,,,,,339,273,302,44,41,0,66,0,258,3,1.6
2023/2024,Male,disabled,NABTEB,College of Education,zone,South West,South West,,,,,784,632,700,215,194,2,152,0,485,21,1.6
2023/2024,Male,disabled,NABTEB,Polytechnic,zone,North Central,North Central,,,,,361,291,323,177,158,2,70,0,146,19,1.5
2023/2024,Male,disabled,NABTEB,Polytechnic,zone,North East,North East,,,,,585,470,543,40,37,0,115,0,503,3,1.5
2023/2024,Male,disabled,NABTEB,Polytechnic,zone,North West,North West,,,,,961,775,867,111,102,1,186,0,756,9,1.5
2023/2024,Male,disabled,NABTEB,Polytechnic,zone,South East,South East,,,,,272,219,239,134,120,1,53,0,105,14,1.5
2023/2024,Male,disabled,NABTEB,Polytechnic,zone,South South,South South,,,,,334,269,297,113,104,1,65,0,184,9,1.5
2023/2024,Male,disabled,NABTEB,Polytechnic,zone,South West,South West,,,,,728,587,668,386,348,3,141,0,282,38,1.5
2023/2024,Male,disabled,NABTEB,University,zone,North Central,North Central,,,,,370,298,325,563,497,5,72,0,0,66,1.4
2023/2024,Male,disabled,NABTEB,University,zone,North East,North East,,,,,562,451,503,199,183,1,111,0,304,16,1.3999999999999997
2023/2024,Male,disabled,NABTEB,University,zone,North West,North West,,,,,1332,1074,1224,303,277,2,258,0,921,26,1.4
2023/2024,Male,disabled,NABTEB,University,zone,South East,South East,,,,,279,224,249,826,752,6,55,0,0,74,1.4
2023/2024,Male,disabled,NABTEB,University,zone,South South,South South,,,,,318,256,275,887,807,6,62,0,0,80,1.4
2023/2024,Male,disabled,NABTEB,University,zone,South West,South West,,,,,762,614,672,1015,921,8,148,0,0,94,1.4
2023/2024,Male,disabled,NECO,College of Education,zone,North Central,North Central,,,,,630,505,578,145,137,1,125,0,433,8,1.6
2023/2024,Male,disabled,NECO,College of Education,zone,North East,North East,,,,,1035,829,952,76,71,0,206,0,876,5,1.6
2023/2024,Male,disabled,NECO,College of Education,zone,North West,North West,,,,,2044,1641,1898,165,152,1,403,0,1733,13,1.6
2023/2024,Male,disabled,NECO,College of Education,zone,South East,South East,,,,,448,359,421,70,66,0,89,0,351,4,1.6
2023/2024,Male,disabled,NECO,College of Education,zone,South South,South South,,,,,565,453,525,50,45,0,112,0,475,5,1.6
2023/2024,Male,disabled,NECO,College of Education,zone,South West,South West,,,,,1285,1029,1205,227,209,1,256,0,978,18,1.6
2023/2024,Male,disabled,NECO,Polytechnic,zone,North Central,North Central,,,,,618,496,576,208,193,1,122,0,368,15,1.4
2023/2024,Male,disabled,NECO,Polytechnic,zone,North East,North East,,,,,989,793,917,82,77,0,196,0,835,5,1.3999999999999997
2023/2024,Male,disabled,NECO,Polytechnic,zone,North West,North West,,,,,1596,1281,1464,146,135,1,315,0,1318,11,1.4
2023/2024,Male,disabled,NECO,Polytechnic,zone,South East,South East,,,,,446,358,423,154,146,1,88,0,269,8,1.3999999999999997
2023/2024,Male,disabled,NECO,Polytechnic,zone,South South,South South,,,,,548,439,514,123,114,1,109,0,391,9,1.4
2023/2024,Male,disabled,NECO,Polytechnic,zone,South West,South West,,,,,1208,968,1132,401,370,2,240,0,731,31,1.4
2023/2024,Male,disabled,NECO,University,zone,North Central,North Central,,,,,608,487,563,643,612,2,121,0,0,31,1.3
2023/2024,Male,disabled,NECO,University,zone,North East,North East,,,,,903,724,824,369,344,2,179,0,455,25,1.3
2023/2024,Male,disabled,NECO,University,zone,North West,North West,,,,,2197,1756,2004,400,373,2,441,0,1604,27,1.3
2023/2024,Male,disabled,NECO,University,zone,South East,South East,,,,,472,379,431,1009,946,5,93,0,0,63,1.3000000000000005
2023/2024,Male,disabled,NECO,University,zone,South South,South South,,,,,541,433,497,945,868,6,108,0,0,77,1.3
2023/2024,Male,disabled,NECO,University,zone,South West,South West,,,,,1236,990,1138,1038,959,6,246,0,100,79,1.3
2023/2024,Male,disabled,WAEC,College of Education,zone,North Central,North Central,,,,,848,676,790,179,164,1,172,0,611,15,1.6
2023/2024,Male,disabled,WAEC,College of Education,zone,North East,North East,,,,,1409,1124,1286,89,82,1,285,0,1197,7,1.6
2023/2024,Male,disabled,WAEC,College of Education,zone,North West,North West,,,,,2771,2209,2552,194,178,1,562,0,2358,16,1.6
2023/2024,Male,disabled,WAEC,College of Education,zone,South East,South East,,,,,586,467,549,79,72,1,119,0,470,7,1.6
2023/2024,Male,disabled,WAEC,College of Education,zone,South South,South South,,,,,745,595,700,57,53,0,150,0,643,4,1.6
2023/2024,Male,disabled,WAEC,College of Education,zone,South West,South West,,,,,1756,1400,1622,257,238,2,356,0,1365,19,1.6
2023/2024,Male,disabled,WAEC,Polytechnic,zone,North Central,North Central,,,,,830,660,768,236,219,1,170,0,532,17,1.4
2023/2024,Male,disabled,WAEC,Polytechnic,zone,North East,North East,,,,,1317,1049,1230,98,90,1,268,0,1132,8,1.3999999999999997
2023/2024,Male,disabled,WAEC,Polytechnic,zone,North West,North West,,,,,2192,1741,2010,186,172,1,451,0,1824,14,1.4
2023/2024,Male,disabled,WAEC,Polytechnic,zone,South East,South East,,,,,607,483,552,181,166,1,124,0,371,15,1.3999999999999997
2023/2024,Male,disabled,WAEC,Polytechnic,zone,South South,South South,,,,,752,599,700,150,136,1,153,0,550,14,1.4
2023/2024,Male,disabled,WAEC,Polytechnic,zone,South West,South West,,,,,1646,1309,1531,441,410,2,337,0,1090,31,1.4
2023/2024,Male,disabled,WAEC,University,zone,North Central,North Central,,,,,813,647,754,777,718,5,166,0,0,59,1.3
2023/2024,Male,disabled,WAEC,University,zone,North East,North East,,,,,1194,951,1106,482,438,4,243,0,624,44,1.3
2023/2024,Male,disabled,WAEC,University,zone,North West,North West,,,,,2927,2331,2709,503,462,3,596,0,2206,41,1.3
2023/2024,Male,disabled,WAEC,University,zone,South East,South East,,,,,639,509,588,1172,1074,8,130,0,0,98,1.3000000000000005
2023/2024,Male,disabled,WAEC,University,zone,South South,South South,,,,,720,573,663,1172,1085,7,147,0,0,87,1.3
2023/2024,Male,disabled,WAEC,University,zone,South West,South West,,,,,1664,1325,1515,1109,1026,7,339,0,406,83,1.3
2024/2025,Female,all,NABTEB,College of Education,zone,North Central,North Central,,,,,11335,9068,6348,3036,2793,13.350512,2267,2720,3312,243,1.5
2024/2025,Female,all,NABTEB,College of Education,zone,North East,North East,,,,,11224,8979,6285,3006,2765,17.925332,2245,2694,3279,241,1.5
2024/2025,Female,all,NABTEB,College of Education,zone,North West,North West,,,,,18365,14692,10285,4918,4525,35.534015,3673,4407,5367,393,1.5
2024/2025,Female,all,NABTEB,College of Education,zone,South East,South East,,,,,7071,5657,3960,1894,1742,8.829975,1414,1697,2066,152,1.5
2024/2025,Female,all,NABTEB,College of Education,zone,South South,South South,,,,,10154,8123,5686,2719,2502,12.557383,2031,2437,2967,217,1.5
2024/2025,Female,all,NABTEB,College of Education,zone,South West,South West,,,,,16620,13296,9307,4451,4095,30.35304,3324,3989,4856,356,1.5
2024/2025,Female,all,NABTEB,Polytechnic,zone,North Central,North Central,,,,,10196,8157,5710,2730,2512,12.008525,2039,2447,2980,218,1.4
2024/2025,Female,all,NABTEB,Polytechnic,zone,North East,North East,,,,,11201,8961,6273,3000,2760,17.889144,2240,2688,3273,240,1.4
2024/2025,Female,all,NABTEB,Polytechnic,zone,North West,North West,,,,,14050,11240,7868,3762,3461,27.183537,2810,3372,4106,301,1.4
2024/2025,Female,all,NABTEB,Polytechnic,zone,South East,South East,,,,,6456,5164,3615,1729,1590,8.060971,1292,1549,1886,139,1.4
2024/2025,Female,all,NABTEB,Polytechnic,zone,South South,South South,,,,,9964,7971,5580,2668,2455,12.322158,1993,2391,2912,213,1.4
2024/2025,Female,all,NABTEB,Polytechnic,zone,South West,South West,,,,,15684,12547,8783,4200,3864,28.643137,3137,3764,4583,336,1.4
2024/2025,Female,all,NABTEB,University,zone,North Central,North Central,,,,,10334,8267,5787,2767,2546,12.171373,2067,2480,3020,221,1.2
2024/2025,Female,all,NABTEB,University,zone,North East,North East,,,,,9519,7615,5331,2549,2345,15.202153,1904,2284,2782,204,1.2
2024/2025,Female,all,NABTEB,University,zone,North West,North West,,,,,19439,15551,10886,5206,4789,37.611834,3888,4665,5680,417,1.2
2024/2025,Female,all,NABTEB,University,zone,South East,South East,,,,,8057,6445,4512,2158,1985,10.060382,1612,1933,2354,173,1.2
2024/2025,Female,all,NABTEB,University,zone,South South,South South,,,,,9105,7285,5099,2439,2243,11.260631,1820,2186,2660,196,1.2
2024/2025,Female,all,NABTEB,University,zone,South West,South West,,,,,16526,13221,9255,4426,4072,30.181145,3305,3966,4829,354,1.2
2024/2025,Female,all,NECO,College of Education,zone,North Central,North Central,,,,,19416,15533,10873,5200,4783,22.868067,3883,4660,5673,417,1.4
2024/2025,Female,all,NECO,College of Education,zone,North East,North East,,,,,20765,16612,11629,5561,5116,33.163674,4153,4983,6068,445,1.4
2024/2025,Female,all,NECO,College of Education,zone,North West,North West,,,,,33244,26595,18617,8903,8190,64.321906,6649,7978,9714,713,1.4
2024/2025,Female,all,NECO,College of Education,zone,South East,South East,,,,,12964,10371,7260,3472,3194,16.188288,2593,3111,3788,278,1.4
2024/2025,Female,all,NECO,College of Education,zone,South South,South South,,,,,18418,14735,10314,4933,4537,22.777596,3683,4421,5381,396,1.4
2024/2025,Female,all,NECO,College of Education,zone,South West,South West,,,,,30548,24438,17106,8181,7526,55.787469,6110,7332,8925,655,1.4
2024/2025,Female,all,NECO,Polytechnic,zone,North Central,North Central,,,,,18748,14998,10499,5021,4619,22.080969,3750,4499,5478,402,1.3
2024/2025,Female,all,NECO,Polytechnic,zone,North East,North East,,,,,41293,33034,23124,11057,10173,65.947369,8259,9910,12067,884,2.08394704178734
2024/2025,Female,all,NECO,Polytechnic,zone,North West,North West,,,,,52975,42379,29666,14187,13052,102.497676,10596,12713,15479,1135,2.0806264806528034
2024/2025,Female,all,NECO,Polytechnic,zone,South East,South East,,,,,30993,24794,17355,8299,7636,38.700502,6199,7439,9056,663,2.0843220338983053
2024/2025,Female,all,NECO,Polytechnic,zone,South South,South South,,,,,18308,14647,10253,4904,4510,22.64189,3661,4394,5349,394,1.3
2024/2025,Female,all,NECO,Polytechnic,zone,South West,South West,,,,,28721,22977,16084,7691,7076,52.452103,5744,6893,8393,615,1.3
2024/2025,Female,all,NECO,University,zone,North Central,North Central,,,,,19319,15455,10819,5174,4759,22.753471,3864,4636,5645,415,1.2
2024/2025,Female,all,NECO,University,zone,North East,North East,,,,,17333,13866,9706,4642,4270,27.681128,3467,4160,5064,372,1.2
2024/2025,Female,all,NECO,University,zone,North West,North West,,,,,36025,28820,20174,9647,8875,69.701918,7205,8646,10527,772,1.2
2024/2025,Female,all,NECO,University,zone,South East,South East,,,,,14776,11821,8274,3957,3640,18.450064,2955,3547,4317,317,1.2
2024/2025,Female,all,NECO,University,zone,South South,South South,,,,,16750,13401,9380,4486,4127,20.714856,3349,4021,4894,359,1.2
2024/2025,Female,all,NECO,University,zone,South West,South West,,,,,29940,23952,16766,8018,7376,54.677691,5988,7186,8748,642,1.2
2024/2025,Female,all,WAEC,College of Education,zone,North Central,North Central,,,,,26483,21187,14830,7092,6525,31.191405,5296,6357,7738,567,1.4
2024/2025,Female,all,WAEC,College of Education,zone,North East,North East,,,,,27888,22310,15618,7468,6870,44.538901,5578,6692,8150,598,1.4
2024/2025,Female,all,WAEC,College of Education,zone,North West,North West,,,,,45562,36449,25515,12202,11225,88.154998,9113,10934,13313,977,1.4
2024/2025,Female,all,WAEC,College of Education,zone,South East,South East,,,,,17555,14044,9831,4701,4325,21.921137,3511,4213,5130,376,1.4
2024/2025,Female,all,WAEC,College of Education,zone,South South,South South,,,,,25092,20074,14052,6721,6181,31.031573,5018,6022,7331,540,1.4
2024/2025,Female,all,WAEC,College of Education,zone,South West,South West,,,,,41362,33090,23162,11076,10189,75.537301,8272,9928,12086,887,1.4
2024/2025,Female,all,WAEC,Polytechnic,zone,North Central,North Central,,,,,25231,20185,14129,6757,6216,29.716726,5046,6056,7372,541,1.3
2024/2025,Female,all,WAEC,Polytechnic,zone,North East,North East,,,,,28318,22654,15859,7584,6977,45.226481,5664,6795,8275,607,1.3
2024/2025,Female,all,WAEC,Polytechnic,zone,North West,North West,,,,,35049,28039,19627,9386,8635,67.814089,7010,8412,10241,751,1.3
2024/2025,Female,all,WAEC,Polytechnic,zone,South East,South East,,,,,15691,12553,8787,4202,3866,19.593015,3138,3766,4585,336,1.3
2024/2025,Female,all,WAEC,Polytechnic,zone,South South,South South,,,,,24856,19885,13920,6658,6123,30.739049,4971,5965,7262,535,1.3
2024/2025,Female,all,WAEC,Polytechnic,zone,South West,South West,,,,,39068,31255,21878,10462,9624,71.348491,7813,9377,11416,838,1.3
2024/2025,Female,all,WAEC,University,zone,North Central,North Central,,,,,25928,20742,14519,6943,6388,30.536997,5186,6223,7576,555,1.2
2024/2025,Female,all,WAEC,University,zone,North East,North East,,,,,23613,18890,13223,6324,5817,37.711352,4723,5667,6899,507,1.2
2024/2025,Female,all,WAEC,University,zone,North West,North West,,,,,48855,39084,27359,13083,12036,94.527176,9771,11725,14276,1047,1.2
2024/2025,Female,all,WAEC,University,zone,South East,South East,,,,,20352,16282,11397,5449,5014,25.41332,4070,4885,5948,435,1.2
2024/2025,Female,all,WAEC,University,zone,South South,South South,,,,,22790,18233,12763,6104,5615,28.18475,4557,5470,6659,489,1.2
2024/2025,Female,all,WAEC,University,zone,South West,South West,,,,,40637,32510,22757,10882,10011,74.213408,8127,9753,11875,871,1.2
2024/2025,Female,disabled,NABTEB,College of Education,zone,North Central,North Central,,,,,955,764,535,256,235,1.124857,191,229,279,21,1.5
2024/2025,Female,disabled,NABTEB,College of Education,zone,North East,North East,,,,,912,730,511,244,224,1.806405,182,219,267,20,1.5
2024/2025,Female,disabled,NABTEB,College of Education,zone,North West,North West,,,,,1656,1325,927,443,408,3.658046,331,398,484,35,1.5
2024/2025,Female,disabled,NABTEB,College of Education,zone,South East,South East,,,,,462,369,258,124,114,0.910742,93,111,134,10,1.5
2024/2025,Female,disabled,NABTEB,College of Education,zone,South South,South South,,,,,842,674,472,225,208,1.148982,168,202,247,17,1.5
2024/2025,Female,disabled,NABTEB,College of Education,zone,South West,South West,,,,,1516,1213,849,406,374,2.77143,303,364,443,32,1.5
2024/2025,Female,disabled,NABTEB,Polytechnic,zone,North Central,North Central,,,,,935,748,523,250,230,1.100731,187,225,273,20,1.4
2024/2025,Female,disabled,NABTEB,Polytechnic,zone,North East,North East,,,,,904,723,506,242,223,1.791327,181,217,264,19,1.4
2024/2025,Female,disabled,NABTEB,Polytechnic,zone,North West,North West,,,,,1164,931,652,312,287,2.572394,233,279,340,25,1.4
2024/2025,Female,disabled,NABTEB,Polytechnic,zone,South East,South East,,,,,439,351,246,117,108,0.865506,88,105,129,9,1.4
2024/2025,Female,disabled,NABTEB,Polytechnic,zone,South South,South South,,,,,816,653,457,218,201,1.112794,163,196,239,17,1.4
2024/2025,Female,disabled,NABTEB,Polytechnic,zone,South West,South West,,,,,1403,1122,786,376,345,2.563347,281,336,410,31,1.4
2024/2025,Female,disabled,NABTEB,University,zone,North Central,North Central,,,,,945,756,529,253,233,1.112794,189,227,276,20,1.2
2024/2025,Female,disabled,NABTEB,University,zone,North East,North East,,,,,796,637,446,213,196,1.577212,159,191,233,17,1.2
2024/2025,Female,disabled,NABTEB,University,zone,North West,North West,,,,,1670,1335,935,447,411,3.688203,335,400,488,36,1.2
2024/2025,Female,disabled,NABTEB,University,zone,South East,South East,,,,,518,414,290,139,128,1.022323,104,124,151,11,1.2
2024/2025,Female,disabled,NABTEB,University,zone,South South,South South,,,,,761,609,426,204,187,1.037401,152,183,222,17,1.2
2024/2025,Female,disabled,NABTEB,University,zone,South West,South West,,,,,1469,1175,823,393,362,2.683975,294,352,430,31,1.2
2024/2025,Female,disabled,NECO,College of Education,zone,North Central,North Central,,,,,1516,1213,849,406,373,1.785296,303,364,443,33,1.4
2024/2025,Female,disabled,NECO,College of Education,zone,North East,North East,,,,,1449,1160,812,388,357,2.870948,289,348,424,31,1.4
2024/2025,Female,disabled,NECO,College of Education,zone,North West,North West,,,,,2448,1958,1371,656,603,5.407154,490,587,715,53,1.4
2024/2025,Female,disabled,NECO,College of Education,zone,South East,South East,,,,,735,588,412,197,181,1.450553,147,176,215,16,1.4
2024/2025,Female,disabled,NECO,College of Education,zone,South South,South South,,,,,1278,1023,716,342,315,1.743076,255,307,374,27,1.4
2024/2025,Female,disabled,NECO,College of Education,zone,South West,South West,,,,,2386,1909,1336,639,588,4.360705,477,573,697,51,1.4
2024/2025,Female,disabled,NECO,Polytechnic,zone,North Central,North Central,,,,,1493,1194,836,400,368,1.758154,299,358,436,32,1.3
2024/2025,Female,disabled,NECO,Polytechnic,zone,North East,North East,,,,,1460,1168,818,391,360,2.892058,292,350,427,31,1.3
2024/2025,Female,disabled,NECO,Polytechnic,zone,North West,North West,,,,,1979,1583,1109,530,488,4.372768,396,474,579,42,1.3
2024/2025,Female,disabled,NECO,Polytechnic,zone,South East,South East,,,,,685,548,383,183,169,1.351034,137,165,200,14,1.3
2024/2025,Female,disabled,NECO,Polytechnic,zone,South South,South South,,,,,1256,1005,703,336,309,1.712919,251,302,367,27,1.3
2024/2025,Female,disabled,NECO,Polytechnic,zone,South West,South West,,,,,2253,1802,1261,603,555,4.116433,451,541,658,48,1.3
2024/2025,Female,disabled,NECO,University,zone,North Central,North Central,,,,,1465,1172,820,392,361,1.724981,293,352,428,31,1.2
2024/2025,Female,disabled,NECO,University,zone,North East,North East,,,,,1229,983,688,329,303,2.433671,246,295,359,26,1.2
2024/2025,Female,disabled,NECO,University,zone,North West,North West,,,,,2689,2151,1506,720,662,5.940933,538,645,786,58,1.2
2024/2025,Female,disabled,NECO,University,zone,South East,South East,,,,,850,680,476,228,209,1.67673,170,204,248,19,1.2
2024/2025,Female,disabled,NECO,University,zone,South South,South South,,,,,1201,961,673,321,296,1.637526,240,288,352,25,1.2
2024/2025,Female,disabled,NECO,University,zone,South West,South West,,,,,2294,1835,1285,614,565,4.191826,459,550,671,49,1.2
2024/2025,Female,disabled,WAEC,College of Education,zone,North Central,North Central,,,,,2062,1649,1154,552,508,2.42764,413,495,602,44,1.4
2024/2025,Female,disabled,WAEC,College of Education,zone,North East,North East,,,,,1940,1552,1086,520,478,3.842004,388,466,566,42,1.4
2024/2025,Female,disabled,WAEC,College of Education,zone,North West,North West,,,,,3374,2699,1890,904,831,7.454815,675,809,986,73,1.4
2024/2025,Female,disabled,WAEC,College of Education,zone,South East,South East,,,,,996,797,558,267,245,1.966238,199,239,291,22,1.4
2024/2025,Female,disabled,WAEC,College of Education,zone,South South,South South,,,,,1745,1396,977,467,430,2.379389,349,419,510,37,1.4
2024/2025,Female,disabled,WAEC,College of Education,zone,South West,South West,,,,,3210,2568,1798,860,791,5.86554,642,770,938,69,1.4
2024/2025,Female,disabled,WAEC,Polytechnic,zone,North Central,North Central,,,,,2021,1617,1132,541,498,2.379389,404,485,591,43,1.3
2024/2025,Female,disabled,WAEC,Polytechnic,zone,North East,North East,,,,,1996,1597,1118,535,492,3.953585,399,479,583,43,1.3
2024/2025,Female,disabled,WAEC,Polytechnic,zone,North West,North West,,,,,2671,2137,1496,715,658,5.901729,534,641,781,57,1.3
2024/2025,Female,disabled,WAEC,Polytechnic,zone,South East,South East,,,,,914,731,512,245,225,1.80339,183,219,267,20,1.3
2024/2025,Female,disabled,WAEC,Polytechnic,zone,South South,South South,,,,,1720,1376,963,461,424,2.346216,344,413,502,37,1.3
2024/2025,Female,disabled,WAEC,Polytechnic,zone,South West,South West,,,,,3099,2480,1736,830,763,5.663488,619,744,906,67,1.3
2024/2025,Female,disabled,WAEC,University,zone,North Central,North Central,,,,,1969,1576,1103,527,485,2.319075,393,473,576,42,1.2
2024/2025,Female,disabled,WAEC,University,zone,North East,North East,,,,,1643,1314,920,440,405,3.253942,329,394,480,35,1.2
2024/2025,Female,disabled,WAEC,University,zone,North West,North West,,,,,3616,2893,2025,968,891,7.988594,723,868,1057,77,1.2
2024/2025,Female,disabled,WAEC,University,zone,South East,South East,,,,,1183,946,662,317,291,2.334153,237,284,345,26,1.2
2024/2025,Female,disabled,WAEC,University,zone,South South,South South,,,,,1661,1329,930,445,409,2.264792,332,399,485,36,1.2
2024/2025,Female,disabled,WAEC,University,zone,South West,South West,,,,,3086,2469,1728,827,760,5.639363,617,741,901,67,1.2
2024/2025,Male,all,NABTEB,College of Education,zone,North Central,North Central,,,,,10885,8708,6095,2915,2682,12.819749,2177,2613,3180,233,1.5
2024/2025,Male,all,NABTEB,College of Education,zone,North East,North East,,,,,33921,27136,18996,9083,8357,54.174069,6785,8140,9913,726,2.0872314049586778
2024/2025,Male,all,NABTEB,College of Education,zone,North West,North West,,,,,51902,41522,29065,13900,12788,100.422873,10380,12457,15165,1112,2.079067951054413
2024/2025,Male,all,NABTEB,College of Education,zone,South East,South East,,,,,24247,19398,13578,6492,5974,30.277647,4849,5820,7086,518,2.0877745435300348
2024/2025,Male,all,NABTEB,College of Education,zone,South South,South South,,,,,9320,7456,5219,2496,2296,11.526013,1864,2237,2723,200,1.5
2024/2025,Male,all,NABTEB,College of Education,zone,South West,South West,,,,,14474,11579,8105,3876,3566,26.432627,2895,3474,4229,310,1.5
2024/2025,Male,all,NABTEB,Polytechnic,zone,North Central,North Central,,,,,10541,8433,5903,2823,2597,12.415645,2108,2530,3080,226,1.4
2024/2025,Male,all,NABTEB,Polytechnic,zone,North East,North East,,,,,10914,8731,6112,2923,2689,17.430757,2183,2619,3189,234,1.4
2024/2025,Male,all,NABTEB,Polytechnic,zone,North West,North West,,,,,14162,11329,7931,3792,3489,27.400667,2833,3398,4139,303,1.4
2024/2025,Male,all,NABTEB,Polytechnic,zone,South East,South East,,,,,4990,3992,2794,1336,1229,6.23044,998,1198,1458,107,1.4
2024/2025,Male,all,NABTEB,Polytechnic,zone,South South,South South,,,,,9237,7390,5173,2474,2276,11.423479,1847,2217,2699,198,1.4
2024/2025,Male,all,NABTEB,Polytechnic,zone,South West,South West,,,,,13249,10599,7419,3548,3264,24.194976,2650,3180,3871,284,1.4
2024/2025,Male,all,NABTEB,University,zone,North Central,North Central,,,,,10700,8560,5992,2865,2636,12.602618,2140,2568,3127,229,1.2
2024/2025,Male,all,NABTEB,University,zone,North East,North East,,,,,9064,7251,5076,2427,2233,14.475369,1813,2175,2649,194,1.2
2024/2025,Male,all,NABTEB,University,zone,North West,North West,,,,,19589,15671,10970,5246,4826,37.901341,3918,4701,5724,420,1.2
2024/2025,Male,all,NABTEB,University,zone,South East,South East,,,,,6318,5054,3538,1692,1557,7.889076,1264,1516,1846,135,1.2
2024/2025,Male,all,NABTEB,University,zone,South South,South South,,,,,8586,6869,4808,2299,2115,10.618286,1717,2061,2509,184,1.2
2024/2025,Male,all,NABTEB,University,zone,South West,South West,,,,,14173,11338,7937,3796,3492,25.883769,2835,3401,4141,304,1.2
2024/2025,Male,all,NECO,College of Education,zone,North Central,North Central,,,,,19972,15978,11184,5348,4920,23.522475,3994,4794,5836,428,1.4
2024/2025,Male,all,NECO,College of Education,zone,North East,North East,,,,,19804,15843,11091,5304,4879,31.628682,3961,4752,5787,425,1.4
2024/2025,Male,all,NECO,College of Education,zone,North West,North West,,,,,33956,27165,19016,9094,8366,65.700082,6791,8149,9922,728,1.4
2024/2025,Male,all,NECO,College of Education,zone,South East,South East,,,,,10503,8403,5882,2813,2588,13.115288,2100,2521,3069,225,1.4
2024/2025,Male,all,NECO,College of Education,zone,South South,South South,,,,,17428,13943,9760,4667,4294,21.553221,3485,4183,5093,373,1.4
2024/2025,Male,all,NECO,College of Education,zone,South West,South West,,,,,26801,21441,15008,7177,6603,48.944842,5360,6433,7831,574,1.4
2024/2025,Male,all,NECO,Polytechnic,zone,North Central,North Central,,,,,19286,15429,10800,5165,4751,22.714267,3857,4629,5635,414,1.3
2024/2025,Male,all,NECO,Polytechnic,zone,North East,North East,,,,,20286,16228,11360,5432,4998,32.397685,4058,4868,5928,434,1.3
2024/2025,Male,all,NECO,Polytechnic,zone,North West,North West,,,,,26567,21253,14877,7115,6545,51.402639,5314,6376,7762,570,1.3
2024/2025,Male,all,NECO,Polytechnic,zone,South East,South East,,,,,9317,7454,5217,2495,2296,11.634578,1863,2237,2722,199,1.3
2024/2025,Male,all,NECO,Polytechnic,zone,South South,South South,,,,,17033,13627,9539,4562,4196,21.064678,3406,4088,4977,366,1.3
2024/2025,Male,all,NECO,Polytechnic,zone,South West,South West,,,,,24671,19736,13815,6607,6078,45.054586,4935,5921,7208,529,1.3
2024/2025,Male,all,NECO,University,zone,North Central,North Central,,,,,19880,15904,11133,5324,4898,23.41391,3976,4771,5809,426,1.2
2024/2025,Male,all,NECO,University,zone,North East,North East,,,,,16545,13236,9265,4431,4076,26.42358,3309,3971,4834,355,1.2
2024/2025,Male,all,NECO,University,zone,North West,North West,,,,,36396,29116,20381,9747,8967,70.419655,7280,8735,10634,780,1.2
2024/2025,Male,all,NECO,University,zone,South East,South East,,,,,11525,9220,6454,3086,2839,14.390929,2305,2766,3368,247,1.2
2024/2025,Male,all,NECO,University,zone,South South,South South,,,,,16014,12811,8968,4289,3945,19.804114,3203,3843,4679,344,1.2
2024/2025,Male,all,NECO,University,zone,South West,South West,,,,,26178,20942,14660,7010,6449,47.807922,5236,6282,7650,561,1.2
2024/2025,Male,all,WAEC,College of Education,zone,North Central,North Central,,,,,27423,21939,15357,7345,6757,32.298167,5484,6582,8012,588,1.4
2024/2025,Male,all,WAEC,College of Education,zone,North East,North East,,,,,26515,21212,14849,7101,6532,42.346486,5303,6363,7748,569,1.4
2024/2025,Male,all,WAEC,College of Education,zone,North West,North West,,,,,46475,37180,26026,12446,11450,89.922199,9295,11154,13580,996,1.4
2024/2025,Male,all,WAEC,College of Education,zone,South East,South East,,,,,14167,11334,7933,3794,3490,17.690107,2833,3401,4139,304,1.4
2024/2025,Male,all,WAEC,College of Education,zone,South South,South South,,,,,23320,18656,13059,6246,5744,28.839157,4664,5597,6813,502,1.4
2024/2025,Male,all,WAEC,College of Education,zone,South West,South West,,,,,36203,28963,20274,9695,8919,66.116248,7240,8689,10579,776,1.4
2024/2025,Male,all,WAEC,Polytechnic,zone,North Central,North Central,,,,,26153,20922,14645,7004,6443,30.802379,5231,6277,7641,561,1.3
2024/2025,Male,all,WAEC,Polytechnic,zone,North East,North East,,,,,27537,22029,15421,7374,6784,43.977981,5508,6608,8047,590,1.3
2024/2025,Male,all,WAEC,Polytechnic,zone,North West,North West,,,,,35415,28332,19832,9484,8725,68.522779,7083,8500,10348,759,1.3
2024/2025,Male,all,WAEC,Polytechnic,zone,South East,South East,,,,,12621,10097,7068,3380,3109,15.760058,2524,3029,3688,271,1.3
2024/2025,Male,all,WAEC,Polytechnic,zone,South South,South South,,,,,23237,18590,13013,6224,5725,28.736623,4647,5577,6789,499,1.3
2024/2025,Male,all,WAEC,Polytechnic,zone,South West,South West,,,,,33584,26867,18807,8994,8274,61.333345,6717,8060,9813,720,1.3
2024/2025,Male,all,WAEC,University,zone,North Central,North Central,,,,,26947,21558,15090,7217,6640,31.737247,5389,6468,7873,577,1.2
2024/2025,Male,all,WAEC,University,zone,North East,North East,,,,,35945,28756,20130,9625,8856,57.406901,7189,8626,10505,769,2.083036454018227
2024/2025,Male,all,WAEC,University,zone,North West,North West,,,,,67568,54054,37838,18096,16647,130.733693,13514,16216,19742,1449,2.06860192658162
2024/2025,Male,all,WAEC,University,zone,South East,South East,,,,,25436,20349,14244,6811,6266,31.761372,5087,6105,7433,545,2.078871010287523
2024/2025,Male,all,WAEC,University,zone,South South,South South,,,,,21700,17361,12153,5812,5346,26.836731,4339,5208,6341,466,1.2
2024/2025,Male,all,WAEC,University,zone,South West,South West,,,,,35526,28421,19894,9514,8752,64.879811,7105,8527,10380,762,1.2
2024/2025,Male,disabled,NABTEB,College of Education,zone,North Central,North Central,,,,,965,772,541,259,238,1.13692,193,231,282,21,1.5
2024/2025,Male,disabled,NABTEB,College of Education,zone,North East,North East,,,,,926,741,518,248,228,1.833547,185,223,270,20,1.5
2024/2025,Male,disabled,NABTEB,College of Education,zone,North West,North West,,,,,1725,1380,966,462,425,3.811847,345,414,504,37,1.5
2024/2025,Male,disabled,NABTEB,College of Education,zone,South East,South East,,,,,402,322,225,108,99,0.79313,80,97,117,9,1.5
2024/2025,Male,disabled,NABTEB,College of Education,zone,South South,South South,,,,,754,603,422,202,186,1.028354,151,181,220,16,1.5
2024/2025,Male,disabled,NABTEB,College of Education,zone,South West,South West,,,,,1269,1015,711,340,313,2.319075,254,304,371,27,1.5
2024/2025,Male,disabled,NABTEB,Polytechnic,zone,North Central,North Central,,,,,924,740,518,248,228,1.088668,184,222,270,20,1.4
2024/2025,Male,disabled,NABTEB,Polytechnic,zone,North East,North East,,,,,930,744,521,249,229,1.842594,186,223,272,20,1.4
2024/2025,Male,disabled,NABTEB,Polytechnic,zone,North West,North West,,,,,1244,995,696,333,306,2.747304,249,299,363,27,1.4
2024/2025,Male,disabled,NABTEB,Polytechnic,zone,South East,South East,,,,,371,297,208,99,91,0.732816,74,89,109,8,1.4
2024/2025,Male,disabled,NABTEB,Polytechnic,zone,South South,South South,,,,,743,594,416,199,183,1.013276,149,178,217,16,1.4
2024/2025,Male,disabled,NABTEB,Polytechnic,zone,South West,South West,,,,,1175,940,658,315,289,2.14718,235,282,343,26,1.4
2024/2025,Male,disabled,NABTEB,University,zone,North Central,North Central,,,,,935,748,523,250,230,1.100731,187,225,273,20,1.2
2024/2025,Male,disabled,NABTEB,University,zone,North East,North East,,,,,807,646,452,216,199,1.598322,161,194,236,17,1.2
2024/2025,Male,disabled,NABTEB,University,zone,North West,North West,,,,,1777,1422,995,476,438,3.926444,355,427,519,38,1.2
2024/2025,Male,disabled,NABTEB,University,zone,South East,South East,,,,,446,357,250,119,110,0.880585,89,107,131,9,1.2
2024/2025,Male,disabled,NABTEB,University,zone,South South,South South,,,,,694,555,389,186,171,0.94693,139,166,203,15,1.2
2024/2025,Male,disabled,NABTEB,University,zone,South West,South West,,,,,1233,986,690,330,304,2.252729,247,296,360,26,1.2
2024/2025,Male,disabled,NECO,College of Education,zone,North Central,North Central,,,,,1557,1246,872,417,383,1.833547,311,374,455,34,1.4
2024/2025,Male,disabled,NECO,College of Education,zone,North East,North East,,,,,1497,1197,838,401,369,2.964435,300,359,437,32,1.4
2024/2025,Male,disabled,NECO,College of Education,zone,North West,North West,,,,,2725,2180,1526,730,671,6.019341,545,654,796,59,1.4
2024/2025,Male,disabled,NECO,College of Education,zone,South East,South East,,,,,669,536,375,179,165,1.320877,133,161,196,14,1.4
2024/2025,Male,disabled,NECO,College of Education,zone,South South,South South,,,,,1216,973,681,326,300,1.658636,243,292,355,26,1.4
2024/2025,Male,disabled,NECO,College of Education,zone,South West,South West,,,,,2101,1681,1176,563,517,3.838989,420,505,613,46,1.4
2024/2025,Male,disabled,NECO,Polytechnic,zone,North Central,North Central,,,,,1544,1235,865,414,380,1.818468,309,370,451,34,1.3
2024/2025,Male,disabled,NECO,Polytechnic,zone,North East,North East,,,,,1576,1261,883,422,388,3.121251,315,378,461,34,1.3
2024/2025,Male,disabled,NECO,Polytechnic,zone,North West,North West,,,,,2183,1746,1222,585,538,4.822107,437,524,637,47,1.3
2024/2025,Male,disabled,NECO,Polytechnic,zone,South East,South East,,,,,616,493,345,165,152,1.215328,123,148,180,13,1.3
2024/2025,Male,disabled,NECO,Polytechnic,zone,South South,South South,,,,,1190,952,666,318,293,1.622448,238,286,348,25,1.3
2024/2025,Male,disabled,NECO,Polytechnic,zone,South West,South West,,,,,1927,1542,1079,516,475,3.52234,385,463,563,41,1.3
2024/2025,Male,disabled,NECO,University,zone,North Central,North Central,,,,,1514,1211,848,405,373,1.78228,303,363,443,32,1.2
2024/2025,Male,disabled,NECO,University,zone,North East,North East,,,,,1270,1016,711,340,313,2.515095,254,305,371,27,1.2
2024/2025,Male,disabled,NECO,University,zone,North West,North West,,,,,2947,2358,1650,789,726,6.5109,589,708,861,63,1.2
2024/2025,Male,disabled,NECO,University,zone,South East,South East,,,,,757,605,424,203,186,1.492772,152,181,221,17,1.2
2024/2025,Male,disabled,NECO,University,zone,South South,South South,,,,,1157,925,648,310,285,1.577212,232,277,338,25,1.2
2024/2025,Male,disabled,NECO,University,zone,South West,South West,,,,,2025,1620,1134,542,499,3.700266,405,486,592,43,1.2
2024/2025,Male,disabled,WAEC,College of Education,zone,North Central,North Central,,,,,2146,1717,1202,575,529,2.527158,429,515,627,46,1.4
2024/2025,Male,disabled,WAEC,College of Education,zone,North East,North East,,,,,2039,1631,1142,546,502,4.038025,408,489,596,44,1.4
2024/2025,Male,disabled,WAEC,College of Education,zone,North West,North West,,,,,3733,2987,2091,1000,920,8.247945,746,896,1091,80,1.4
2024/2025,Male,disabled,WAEC,College of Education,zone,South East,South East,,,,,909,728,509,243,224,1.794343,181,219,266,19,1.4
2024/2025,Male,disabled,WAEC,College of Education,zone,South South,South South,,,,,1623,1298,909,435,400,2.213525,325,389,474,35,1.4
2024/2025,Male,disabled,WAEC,College of Education,zone,South West,South West,,,,,2824,2259,1581,756,696,5.159866,565,678,825,60,1.4
2024/2025,Male,disabled,WAEC,Polytechnic,zone,North Central,North Central,,,,,2097,1678,1175,562,517,2.46986,419,503,613,45,1.3
2024/2025,Male,disabled,WAEC,Polytechnic,zone,North East,North East,,,,,2133,1706,1195,571,525,4.224998,427,511,624,46,1.3
2024/2025,Male,disabled,WAEC,Polytechnic,zone,North West,North West,,,,,2916,2333,1633,781,718,6.441539,583,700,852,63,1.3
2024/2025,Male,disabled,WAEC,Polytechnic,zone,South East,South East,,,,,827,661,463,221,204,1.631495,166,198,242,17,1.3
2024/2025,Male,disabled,WAEC,Polytechnic,zone,South South,South South,,,,,1628,1302,911,436,401,2.219557,326,391,475,35,1.3
2024/2025,Male,disabled,WAEC,Polytechnic,zone,South West,South West,,,,,2680,2144,1501,718,660,4.8975,536,643,783,58,1.3
2024/2025,Male,disabled,WAEC,University,zone,North Central,North Central,,,,,2059,1647,1153,551,507,2.424624,412,494,602,44,1.2
2024/2025,Male,disabled,WAEC,University,zone,North East,North East,,,,,1759,1407,985,471,433,3.483136,352,422,514,38,1.2
2024/2025,Male,disabled,WAEC,University,zone,North West,North West,,,,,4013,3211,2248,1075,989,8.866164,802,963,1173,86,1.2
2024/2025,Male,disabled,WAEC,University,zone,South East,South East,,,,,1033,827,579,277,255,2.038614,206,248,302,22,1.2
2024/2025,Male,disabled,WAEC,University,zone,South South,South South,,,,,1579,1263,884,423,389,2.153211,316,379,461,34,1.2
2024/2025,Male,disabled,WAEC,University,zone,South West,South West,,,,,2743,2194,1536,735,676,5.012097,549,658,801,59,1.2
2022/2023,Female,all,NABTEB,College of Education,state,Benue,North Central,Benue,,,,671,537,634,134,121,1,134,0,500,13,1.658340902210112
2022/2023,Female,all,NABTEB,College of Education,state,Abuja Federal Capital Territory,North Central,Abuja Federal Capital Territory,,,,723,579,661,94,89,0,144,0,567,5,1.658340902210112
2022/2023,Female,all,NABTEB,College of Education,state,Kogi,North Central,Kogi,,,,298,238,281,180,165,1,60,0,101,15,1.658340902210112
2022/2023,Female,all,NABTEB,College of Education,state,Kwara,North Central,Kwara,,,,946,757,883,280,259,2,189,0,603,21,1.658340902210112
2022/2023,Female,all,NABTEB,College of Education,state,Nasarawa,North Central,Nasarawa,,,,178,142,165,284,259,2,36,0,0,25,1.658340902210112
2022/2023,Female,all,NABTEB,College of Education,state,Niger,North Central,Niger,,,,643,515,597,108,97,1,128,0,489,11,1.658340902210112
2022/2023,Female,all,NABTEB,College of Education,state,Plateau,North Central,Plateau,,,,415,332,383,534,469,5,83,0,0,65,1.658340902210112
2022/2023,Female,all,NABTEB,College of Education,state,Adamawa,North East,Adamawa,,,,1996,1596,1829,106,99,1,400,0,1723,7,1.658340902210112
2022/2023,Female,all,NABTEB,College of Education,state,Bauchi,North East,Bauchi,,,,1608,1287,1480,222,203,2,321,0,1258,19,1.658340902210112
2022/2023,Female,all,NABTEB,College of Education,state,Borno,North East,Borno,,,,1059,846,975,42,39,0,213,0,933,3,1.658340902210112
2022/2023,Female,all,NABTEB,College of Education,state,Gombe,North East,Gombe,,,,779,623,731,380,341,3,156,0,351,39,1.658340902210112
2022/2023,Female,all,NABTEB,College of Education,state,Taraba,North East,Taraba,,,,226,181,210,25,23,0,45,0,185,2,1.658340902210112
2022/2023,Female,all,NABTEB,College of Education,state,Yobe,North East,Yobe,,,,753,602,691,314,295,2,151,0,377,19,1.658340902210112
2022/2023,Female,all,NABTEB,College of Education,state,Jigawa,North West,Jigawa,,,,1450,1160,1385,99,92,1,290,0,1286,7,1.658340902210112
2022/2023,Female,all,NABTEB,College of Education,state,Kaduna,North West,Kaduna,,,,2666,2133,2515,490,448,3,533,0,2025,42,1.658340902210112
2022/2023,Female,all,NABTEB,College of Education,state,Kano,North West,Kano,,,,5099,4080,4698,566,530,3,1019,0,4132,36,1.658340902210112
2022/2023,Female,all,NABTEB,College of Education,state,Katsina,North West,Katsina,,,,937,749,876,289,269,2,188,0,587,20,1.658340902210112
2022/2023,Female,all,NABTEB,College of Education,state,Kebbi,North West,Kebbi,,,,720,576,673,20,19,0,144,0,653,1,1.658340902210112
2022/2023,Female,all,NABTEB,College of Education,state,Sokoto,North West,Sokoto,,,,698,558,641,49,45,0,140,0,592,4,1.658340902210112
2022/2023,Female,all,NABTEB,College of Education,state,Zamfara,North West,Zamfara,,,,920,736,838,54,50,0,184,0,784,4,1.658340902210112
2022/2023,Female,all,NABTEB,College of Education,state,Abia,South East,Abia,,,,2,1,1,58,53,0,1,0,0,5,1.658340902210112
2022/2023,Female,all,NABTEB,College of Education,state,Anambra,South East,Anambra,,,,0,0,0,195,177,1,0,0,0,18,1.658340902210112
2022/2023,Female,all,NABTEB,College of Education,state,Ebonyi,South East,Ebonyi,,,,251,201,222,33,30,0,50,0,189,3,1.658340902210112
2022/2023,Female,all,NABTEB,College of Education,state,Enugu,South East,Enugu,,,,1005,804,933,175,156,2,201,0,758,19,1.658340902210112
2022/2023,Female,all,NABTEB,College of Education,state,Imo,South East,Imo,,,,1756,1407,1605,221,192,2,349,0,1384,29,1.658340902210112
2022/2023,Female,all,NABTEB,College of Education,state,Akwa Ibom,South South,Akwa Ibom,,,,983,786,915,170,157,1,197,0,745,13,1.658340902210112
2022/2023,Female,all,NABTEB,College of Education,state,Bayelsa,South South,Bayelsa,,,,1189,952,1090,8,7,0,237,0,1082,1,1.658340902210112
2022/2023,Female,all,NABTEB,College of Education,state,Cross River,South South,Cross River,,,,1,1,1,79,73,0,0,0,0,6,1.658340902210112
2022/2023,Female,all,NABTEB,College of Education,state,Delta,South South,Delta,,,,126,101,116,132,122,1,25,0,0,10,1.658340902210112
2022/2023,Female,all,NABTEB,College of Education,state,Edo,South South,Edo,,,,734,588,685,68,60,1,146,0,617,8,1.658340902210112
2022/2023,Female,all,NABTEB,College of Education,state,Rivers,South South,Rivers,,,,1066,853,1007,57,52,0,213,0,950,5,1.658340902210112
2022/2023,Female,all,NABTEB,College of Education,state,Ekiti,South West,Ekiti,,,,1535,1229,1418,391,358,3,306,0,1027,33,1.658340902210112
2022/2023,Female,all,NABTEB,College of Education,state,Lagos,South West,Lagos,,,,2078,1661,1894,128,115,1,417,0,1766,13,1.658340902210112
2022/2023,Female,all,NABTEB,College of Education,state,Ogun,South West,Ogun,,,,2457,1968,2303,385,352,3,489,0,1918,33,1.658340902210112
2022/2023,Female,all,NABTEB,College of Education,state,Ondo,South West,Ondo,,,,402,322,365,300,268,3,80,0,65,32,1.658340902210112
2022/2023,Female,all,NABTEB,College of Education,state,Osun,South West,Osun,,,,40,32,37,580,526,4,8,0,0,54,1.658340902210112
2022/2023,Female,all,NABTEB,College of Education,state,Oyo,South West,Oyo,,,,3302,2642,3088,780,723,5,660,0,2308,57,1.658340902210112
2022/2023,Female,all,NABTEB,Polytechnic,state,Benue,North Central,Benue,,,,671,537,623,196,178,1,134,0,427,18,1.658340902210112
2022/2023,Female,all,NABTEB,Polytechnic,state,Abuja Federal Capital Territory,North Central,Abuja Federal Capital Territory,,,,582,466,539,19,17,0,116,0,520,2,1.658340902210112
2022/2023,Female,all,NABTEB,Polytechnic,state,Kogi,North Central,Kogi,,,,272,217,248,404,361,3,55,0,0,43,1.658340902210112
2022/2023,Female,all,NABTEB,Polytechnic,state,Kwara,North Central,Kwara,,,,1397,1119,1279,261,243,1,278,0,1018,18,1.658340902210112
2022/2023,Female,all,NABTEB,Polytechnic,state,Nasarawa,North Central,Nasarawa,,,,150,120,138,89,79,1,30,0,49,10,1.658340902210112
2022/2023,Female,all,NABTEB,Polytechnic,state,Niger,North Central,Niger,,,,507,405,466,146,128,1,102,0,320,18,1.658340902210112
2022/2023,Female,all,NABTEB,Polytechnic,state,Plateau,North Central,Plateau,,,,411,328,374,233,204,2,83,0,141,29,1.658340902210112
2022/2023,Female,all,NABTEB,Polytechnic,state,Adamawa,North East,Adamawa,,,,1868,1494,1751,42,38,0,374,0,1709,4,1.658340902210112
2022/2023,Female,all,NABTEB,Polytechnic,state,Bauchi,North East,Bauchi,,,,762,610,706,201,178,2,152,0,505,23,1.658340902210112
2022/2023,Female,all,NABTEB,Polytechnic,state,Borno,North East,Borno,,,,1184,947,1098,97,89,1,237,0,1001,8,1.658340902210112
2022/2023,Female,all,NABTEB,Polytechnic,state,Gombe,North East,Gombe,,,,667,534,612,55,50,0,133,0,557,5,1.658340902210112
2022/2023,Female,all,NABTEB,Polytechnic,state,Taraba,North East,Taraba,,,,205,164,191,68,65,0,41,0,123,3,1.658340902210112
2022/2023,Female,all,NABTEB,Polytechnic,state,Yobe,North East,Yobe,,,,888,710,817,107,96,1,178,0,710,11,1.658340902210112
2022/2023,Female,all,NABTEB,Polytechnic,state,Jigawa,North West,Jigawa,,,,1255,1004,1126,81,76,0,251,0,1045,5,1.658340902210112
2022/2023,Female,all,NABTEB,Polytechnic,state,Kaduna,North West,Kaduna,,,,1061,848,972,395,353,3,213,0,577,42,1.658340902210112
2022/2023,Female,all,NABTEB,Polytechnic,state,Kano,North West,Kano,,,,4028,3222,3723,272,252,2,806,0,3451,20,1.658340902210112
2022/2023,Female,all,NABTEB,Polytechnic,state,Katsina,North West,Katsina,,,,821,658,756,249,226,2,163,0,507,23,1.658340902210112
2022/2023,Female,all,NABTEB,Polytechnic,state,Kebbi,North West,Kebbi,,,,847,677,774,54,49,0,170,0,720,5,1.658340902210112
2022/2023,Female,all,NABTEB,Polytechnic,state,Sokoto,North West,Sokoto,,,,520,416,484,12,11,0,104,0,472,1,1.658340902210112
2022/2023,Female,all,NABTEB,Polytechnic,state,Zamfara,North West,Zamfara,,,,685,548,644,13,12,0,137,0,631,1,1.658340902210112
2022/2023,Female,all,NABTEB,Polytechnic,state,Abia,South East,Abia,,,,1,1,1,110,97,1,0,0,0,13,1.658340902210112
2022/2023,Female,all,NABTEB,Polytechnic,state,Anambra,South East,Anambra,,,,0,0,0,162,147,1,0,0,0,15,1.658340902210112
2022/2023,Female,all,NABTEB,Polytechnic,state,Ebonyi,South East,Ebonyi,,,,375,299,351,141,129,1,76,0,210,12,1.658340902210112
2022/2023,Female,all,NABTEB,Polytechnic,state,Enugu,South East,Enugu,,,,1451,1162,1341,120,110,1,289,0,1221,10,1.658340902210112
2022/2023,Female,all,NABTEB,Polytechnic,state,Imo,South East,Imo,,,,1920,1536,1767,229,207,2,384,0,1538,22,1.658340902210112
2022/2023,Female,all,NABTEB,Polytechnic,state,Akwa Ibom,South South,Akwa Ibom,,,,950,761,873,209,191,1,189,0,664,18,1.658340902210112
2022/2023,Female,all,NABTEB,Polytechnic,state,Bayelsa,South South,Bayelsa,,,,894,715,812,32,29,0,179,0,780,3,1.658340902210112
2022/2023,Female,all,NABTEB,Polytechnic,state,Cross River,South South,Cross River,,,,1,1,1,80,76,0,0,0,0,4,1.658340902210112
2022/2023,Female,all,NABTEB,Polytechnic,state,Delta,South South,Delta,,,,184,147,171,281,257,2,37,0,0,24,1.658340902210112
2022/2023,Female,all,NABTEB,Polytechnic,state,Edo,South South,Edo,,,,460,368,437,229,212,1,92,0,208,17,1.658340902210112
2022/2023,Female,all,NABTEB,Polytechnic,state,Rivers,South South,Rivers,,,,1202,962,1094,91,81,1,240,0,1003,10,1.658340902210112
2022/2023,Female,all,NABTEB,Polytechnic,state,Ekiti,South West,Ekiti,,,,716,573,663,611,571,3,143,0,52,40,1.658340902210112
2022/2023,Female,all,NABTEB,Polytechnic,state,Lagos,South West,Lagos,,,,4345,3476,4004,167,152,1,869,0,3837,15,1.658340902210112
2022/2023,Female,all,NABTEB,Polytechnic,state,Ogun,South West,Ogun,,,,1776,1421,1640,613,534,6,355,0,1027,79,1.658340902210112
2022/2023,Female,all,NABTEB,Polytechnic,state,Ondo,South West,Ondo,,,,479,383,453,279,252,2,96,0,174,27,1.658340902210112
2022/2023,Female,all,NABTEB,Polytechnic,state,Osun,South West,Osun,,,,55,44,50,524,475,4,11,0,0,49,1.658340902210112
2022/2023,Female,all,NABTEB,Polytechnic,state,Oyo,South West,Oyo,,,,1434,1149,1326,617,587,2,285,0,709,30,1.658340902210112
2022/2023,Female,all,NABTEB,University,state,Benue,North Central,Benue,,,,600,481,555,1661,1405,20,119,0,0,256,1.658340902210112
2022/2023,Female,all,NABTEB,University,state,Abuja Federal Capital Territory,North Central,Abuja Federal Capital Territory,,,,452,362,414,99,96,0,90,0,315,3,1.658340902210112
2022/2023,Female,all,NABTEB,University,state,Kogi,North Central,Kogi,,,,369,295,335,1674,1529,12,74,0,0,145,1.658340902210112
2022/2023,Female,all,NABTEB,University,state,Kwara,North Central,Kwara,,,,1154,924,1080,1449,1370,6,230,0,0,79,1.658340902210112
2022/2023,Female,all,NABTEB,University,state,Nasarawa,North Central,Nasarawa,,,,163,130,150,728,657,6,33,0,0,71,1.658340902210112
2022/2023,Female,all,NABTEB,University,state,Niger,North Central,Niger,,,,517,414,474,600,540,5,103,0,0,60,1.658340902210112
2022/2023,Female,all,NABTEB,University,state,Plateau,North Central,Plateau,,,,542,433,500,720,632,7,109,0,0,88,1.658340902210112
2022/2023,Female,all,NABTEB,University,state,Adamawa,North East,Adamawa,,,,2335,1869,2156,781,746,3,466,0,1375,35,1.658340902210112
2022/2023,Female,all,NABTEB,University,state,Bauchi,North East,Bauchi,,,,1256,1005,1163,576,528,4,251,0,587,48,1.658340902210112
2022/2023,Female,all,NABTEB,University,state,Borno,North East,Borno,,,,1241,993,1159,1026,973,4,248,0,133,53,1.658340902210112
2022/2023,Female,all,NABTEB,University,state,Gombe,North East,Gombe,,,,455,363,406,481,432,4,92,0,0,49,1.658340902210112
2022/2023,Female,all,NABTEB,University,state,Taraba,North East,Taraba,,,,112,90,103,752,735,1,22,0,0,17,1.658340902210112
2022/2023,Female,all,NABTEB,University,state,Yobe,North East,Yobe,,,,699,560,645,531,499,3,139,0,114,32,1.658340902210112
2022/2023,Female,all,NABTEB,University,state,Jigawa,North West,Jigawa,,,,1250,999,1142,318,298,2,251,0,824,20,1.658340902210112
2022/2023,Female,all,NABTEB,University,state,Kaduna,North West,Kaduna,,,,3110,2489,2885,1717,1594,10,621,0,1168,123,1.658340902210112
2022/2023,Female,all,NABTEB,University,state,Kano,North West,Kano,,,,5346,4279,4923,1174,1066,9,1067,0,3749,108,1.658340902210112
2022/2023,Female,all,NABTEB,University,state,Katsina,North West,Katsina,,,,787,630,728,614,563,4,157,0,114,51,1.658340902210112
2022/2023,Female,all,NABTEB,University,state,Kebbi,North West,Kebbi,,,,1170,934,1077,407,367,3,236,0,670,40,1.658340902210112
2022/2023,Female,all,NABTEB,University,state,Sokoto,North West,Sokoto,,,,923,738,846,348,318,2,185,0,498,30,1.658340902210112
2022/2023,Female,all,NABTEB,University,state,Zamfara,North West,Zamfara,,,,585,468,543,183,179,0,117,0,360,4,1.658340902210112
2022/2023,Female,all,NABTEB,University,state,Abia,South East,Abia,,,,1,1,1,1219,1090,10,0,0,0,129,1.658340902210112
2022/2023,Female,all,NABTEB,University,state,Anambra,South East,Anambra,,,,0,0,0,1921,1719,16,0,0,0,202,1.658340902210112
2022/2023,Female,all,NABTEB,University,state,Ebonyi,South East,Ebonyi,,,,723,578,672,748,693,4,145,0,0,55,1.658340902210112
2022/2023,Female,all,NABTEB,University,state,Enugu,South East,Enugu,,,,808,646,733,1354,1218,11,162,0,0,136,1.658340902210112
2022/2023,Female,all,NABTEB,University,state,Imo,South East,Imo,,,,1678,1341,1580,2310,2001,25,337,0,0,309,1.658340902210112
2022/2023,Female,all,NABTEB,University,state,Akwa Ibom,South South,Akwa Ibom,,,,1201,961,1128,1660,1475,15,240,0,0,185,1.658340902210112
2022/2023,Female,all,NABTEB,University,state,Bayelsa,South South,Bayelsa,,,,409,327,380,735,654,6,82,0,0,81,1.658340902210112
2022/2023,Female,all,NABTEB,University,state,Cross River,South South,Cross River,,,,1,1,1,879,831,4,0,0,0,48,1.658340902210112
2022/2023,Female,all,NABTEB,University,state,Delta,South South,Delta,,,,126,100,117,1848,1726,10,26,0,0,122,1.658340902210112
2022/2023,Female,all,NABTEB,University,state,Edo,South South,Edo,,,,758,607,698,1278,1119,13,151,0,0,159,1.658340902210112
2022/2023,Female,all,NABTEB,University,state,Rivers,South South,Rivers,,,,1116,893,1051,1373,1232,11,223,0,0,141,1.658340902210112
2022/2023,Female,all,NABTEB,University,state,Ekiti,South West,Ekiti,,,,1198,957,1091,480,442,3,241,0,611,38,1.658340902210112
2022/2023,Female,all,NABTEB,University,state,Lagos,South West,Lagos,,,,3818,3056,3563,754,681,6,762,0,2809,73,1.658340902210112
2022/2023,Female,all,NABTEB,University,state,Ogun,South West,Ogun,,,,1391,1114,1266,2022,1824,16,277,0,0,198,1.658340902210112
2022/2023,Female,all,NABTEB,University,state,Ondo,South West,Ondo,,,,401,321,374,1409,1254,12,80,0,0,155,1.658340902210112
2022/2023,Female,all,NABTEB,University,state,Osun,South West,Osun,,,,52,42,48,1973,1794,14,10,0,0,179,1.658340902210112
2022/2023,Female,all,NABTEB,University,state,Oyo,South West,Oyo,,,,2673,2139,2435,1980,1807,14,534,0,455,173,1.658340902210112
2022/2023,Female,all,NECO,College of Education,state,Benue,North Central,Benue,,,,1231,985,1145,246,225,2,246,0,899,21,1.658340902210112
2022/2023,Female,all,NECO,College of Education,state,Abuja Federal Capital Territory,North Central,Abuja Federal Capital Territory,,,,1325,1060,1225,164,145,2,265,0,1061,19,1.658340902210112
2022/2023,Female,all,NECO,College of Education,state,Kogi,North Central,Kogi,,,,546,437,507,356,330,2,109,0,151,26,1.658340902210112
2022/2023,Female,all,NECO,College of Education,state,Kwara,North Central,Kwara,,,,1836,1469,1685,559,515,4,367,0,1126,44,1.658340902210112
2022/2023,Female,all,NECO,College of Education,state,Nasarawa,North Central,Nasarawa,,,,342,274,318,649,596,4,68,0,0,53,1.658340902210112
2022/2023,Female,all,NECO,College of Education,state,Niger,North Central,Niger,,,,1227,981,1129,184,167,1,246,0,945,17,1.658340902210112
2022/2023,Female,all,NECO,College of Education,state,Plateau,North Central,Plateau,,,,751,601,689,982,928,4,150,0,0,54,1.658340902210112
2022/2023,Female,all,NECO,College of Education,state,Adamawa,North East,Adamawa,,,,3763,3012,3411,206,196,1,751,0,3205,10,1.658340902210112
2022/2023,Female,all,NECO,College of Education,state,Bauchi,North East,Bauchi,,,,2958,2367,2730,392,364,2,591,0,2338,28,1.658340902210112
2022/2023,Female,all,NECO,College of Education,state,Borno,North East,Borno,,,,2008,1605,1811,72,68,0,403,0,1739,4,1.658340902210112
2022/2023,Female,all,NECO,College of Education,state,Gombe,North East,Gombe,,,,1450,1159,1334,750,697,4,291,0,584,53,1.658340902210112
2022/2023,Female,all,NECO,College of Education,state,Taraba,North East,Taraba,,,,422,337,389,47,42,0,85,0,342,5,1.658340902210112
2022/2023,Female,all,NECO,College of Education,state,Yobe,North East,Yobe,,,,1390,1112,1265,519,462,5,278,0,746,57,1.658340902210112
2022/2023,Female,all,NECO,College of Education,state,Jigawa,North West,Jigawa,,,,2660,2128,2461,178,166,1,532,0,2283,12,1.658340902210112
2022/2023,Female,all,NECO,College of Education,state,Kaduna,North West,Kaduna,,,,4863,3890,4470,801,725,6,973,0,3669,76,1.658340902210112
2022/2023,Female,all,NECO,College of Education,state,Kano,North West,Kano,,,,9667,7736,8857,1093,974,10,1931,0,7764,119,1.658340902210112
2022/2023,Female,all,NECO,College of Education,state,Katsina,North West,Katsina,,,,1719,1376,1590,542,497,4,343,0,1048,45,1.658340902210112
2022/2023,Female,all,NECO,College of Education,state,Kebbi,North West,Kebbi,,,,1324,1060,1230,38,33,0,264,0,1192,5,1.658340902210112
2022/2023,Female,all,NECO,College of Education,state,Sokoto,North West,Sokoto,,,,1300,1040,1205,91,86,0,260,0,1114,5,1.658340902210112
2022/2023,Female,all,NECO,College of Education,state,Zamfara,North West,Zamfara,,,,1690,1351,1540,98,91,1,339,0,1442,7,1.658340902210112
2022/2023,Female,all,NECO,College of Education,state,Abia,South East,Abia,,,,3,2,3,122,116,0,1,0,0,6,1.658340902210112
2022/2023,Female,all,NECO,College of Education,state,Anambra,South East,Anambra,,,,1,1,1,442,402,3,0,0,0,40,1.658340902210112
2022/2023,Female,all,NECO,College of Education,state,Ebonyi,South East,Ebonyi,,,,488,391,445,79,73,0,97,0,366,6,1.658340902210112
2022/2023,Female,all,NECO,College of Education,state,Enugu,South East,Enugu,,,,1894,1515,1733,371,345,2,379,0,1362,26,1.658340902210112
2022/2023,Female,all,NECO,College of Education,state,Imo,South East,Imo,,,,3258,2606,2973,437,403,3,652,0,2536,34,1.658340902210112
2022/2023,Female,all,NECO,College of Education,state,Akwa Ibom,South South,Akwa Ibom,,,,1862,1488,1698,317,293,2,374,0,1381,24,1.658340902210112
2022/2023,Female,all,NECO,College of Education,state,Bayelsa,South South,Bayelsa,,,,2234,1787,2029,14,13,0,447,0,2015,1,1.658340902210112
2022/2023,Female,all,NECO,College of Education,state,Cross River,South South,Cross River,,,,2,1,2,173,159,1,1,0,0,14,1.658340902210112
2022/2023,Female,all,NECO,College of Education,state,Delta,South South,Delta,,,,238,190,217,265,245,2,48,0,0,20,1.658340902210112
2022/2023,Female,all,NECO,College of Education,state,Edo,South South,Edo,,,,1357,1086,1246,119,108,1,271,0,1127,11,1.658340902210112
2022/2023,Female,all,NECO,College of Education,state,Rivers,South South,Rivers,,,,1969,1575,1785,121,114,1,394,0,1664,7,1.658340902210112
2022/2023,Female,all,NECO,College of Education,state,Ekiti,South West,Ekiti,,,,2853,2283,2669,762,690,6,570,0,1907,72,1.658340902210112
2022/2023,Female,all,NECO,College of Education,state,Lagos,South West,Lagos,,,,3825,3060,3512,223,202,2,765,0,3289,21,1.658340902210112
2022/2023,Female,all,NECO,College of Education,state,Ogun,South West,Ogun,,,,4677,3741,4347,688,623,5,936,0,3659,65,1.658340902210112
2022/2023,Female,all,NECO,College of Education,state,Ondo,South West,Ondo,,,,750,600,679,625,576,4,150,0,54,49,1.658340902210112
2022/2023,Female,all,NECO,College of Education,state,Osun,South West,Osun,,,,73,59,66,1040,982,5,14,0,0,58,1.658340902210112
2022/2023,Female,all,NECO,College of Education,state,Oyo,South West,Oyo,,,,6065,4849,5632,1563,1385,14,1216,0,4069,178,1.658340902210112
2022/2023,Female,all,NECO,Polytechnic,state,Benue,North Central,Benue,,,,1285,1028,1171,357,329,2,257,0,814,28,1.658340902210112
2022/2023,Female,all,NECO,Polytechnic,state,Abuja Federal Capital Territory,North Central,Abuja Federal Capital Territory,,,,1129,904,1032,32,29,0,225,0,1000,3,1.658340902210112
2022/2023,Female,all,NECO,Polytechnic,state,Kogi,North Central,Kogi,,,,523,419,480,779,729,4,104,0,0,50,1.658340902210112
2022/2023,Female,all,NECO,Polytechnic,state,Kwara,North Central,Kwara,,,,2532,2026,2337,548,518,2,506,0,1789,30,1.658340902210112
2022/2023,Female,all,NECO,Polytechnic,state,Nasarawa,North Central,Nasarawa,,,,276,221,252,189,174,1,55,0,63,15,1.658340902210112
2022/2023,Female,all,NECO,Polytechnic,state,Niger,North Central,Niger,,,,936,748,866,238,213,2,188,0,628,25,1.658340902210112
2022/2023,Female,all,NECO,Polytechnic,state,Plateau,North Central,Plateau,,,,749,600,683,443,419,2,149,0,240,24,1.658340902210112
2022/2023,Female,all,NECO,Polytechnic,state,Adamawa,North East,Adamawa,,,,3581,2864,3323,74,71,0,717,0,3249,3,1.658340902210112
2022/2023,Female,all,NECO,Polytechnic,state,Bauchi,North East,Bauchi,,,,1434,1147,1337,359,337,2,287,0,978,22,1.658340902210112
2022/2023,Female,all,NECO,Polytechnic,state,Borno,North East,Borno,,,,2269,1815,2113,162,155,1,454,0,1951,7,1.658340902210112
2022/2023,Female,all,NECO,Polytechnic,state,Gombe,North East,Gombe,,,,1263,1010,1168,118,109,1,253,0,1050,9,1.658340902210112
2022/2023,Female,all,NECO,Polytechnic,state,Taraba,North East,Taraba,,,,382,306,354,127,112,1,76,0,227,15,1.658340902210112
2022/2023,Female,all,NECO,Polytechnic,state,Yobe,North East,Yobe,,,,1679,1343,1555,193,174,2,336,0,1362,19,1.658340902210112
2022/2023,Female,all,NECO,Polytechnic,state,Jigawa,North West,Jigawa,,,,2369,1895,2149,160,150,1,474,0,1989,10,1.658340902210112
2022/2023,Female,all,NECO,Polytechnic,state,Kaduna,North West,Kaduna,,,,2057,1646,1877,725,662,5,411,0,1152,63,1.658340902210112
2022/2023,Female,all,NECO,Polytechnic,state,Kano,North West,Kano,,,,7555,6043,6894,472,421,4,1512,0,6422,51,1.658340902210112
2022/2023,Female,all,NECO,Polytechnic,state,Katsina,North West,Katsina,,,,1539,1231,1420,454,414,3,308,0,966,40,1.658340902210112
2022/2023,Female,all,NECO,Polytechnic,state,Kebbi,North West,Kebbi,,,,1595,1276,1456,110,100,1,319,0,1346,10,1.658340902210112
2022/2023,Female,all,NECO,Polytechnic,state,Sokoto,North West,Sokoto,,,,945,757,875,23,21,0,188,0,852,2,1.658340902210112
2022/2023,Female,all,NECO,Polytechnic,state,Zamfara,North West,Zamfara,,,,1316,1053,1223,24,22,0,263,0,1199,2,1.658340902210112
2022/2023,Female,all,NECO,Polytechnic,state,Abia,South East,Abia,,,,2,2,2,248,236,1,0,0,0,12,1.658340902210112
2022/2023,Female,all,NECO,Polytechnic,state,Anambra,South East,Anambra,,,,0,0,0,333,299,3,0,0,0,34,1.658340902210112
2022/2023,Female,all,NECO,Polytechnic,state,Ebonyi,South East,Ebonyi,,,,740,592,690,328,298,2,148,0,362,30,1.658340902210112
2022/2023,Female,all,NECO,Polytechnic,state,Enugu,South East,Enugu,,,,2612,2090,2409,251,234,1,522,0,2158,17,1.658340902210112
2022/2023,Female,all,NECO,Polytechnic,state,Imo,South East,Imo,,,,3370,2696,3136,432,394,3,674,0,2704,38,1.658340902210112
2022/2023,Female,all,NECO,Polytechnic,state,Akwa Ibom,South South,Akwa Ibom,,,,1720,1375,1567,362,338,2,345,0,1205,24,1.658340902210112
2022/2023,Female,all,NECO,Polytechnic,state,Bayelsa,South South,Bayelsa,,,,1594,1275,1470,56,52,0,319,0,1414,4,1.658340902210112
2022/2023,Female,all,NECO,Polytechnic,state,Cross River,South South,Cross River,,,,2,2,2,184,168,1,0,0,0,16,1.658340902210112
2022/2023,Female,all,NECO,Polytechnic,state,Delta,South South,Delta,,,,345,276,319,567,531,3,69,0,0,36,1.658340902210112
2022/2023,Female,all,NECO,Polytechnic,state,Edo,South South,Edo,,,,872,697,795,393,354,3,175,0,402,39,1.658340902210112
2022/2023,Female,all,NECO,Polytechnic,state,Rivers,South South,Rivers,,,,2351,1881,2148,218,200,1,470,0,1930,18,1.658340902210112
2022/2023,Female,all,NECO,Polytechnic,state,Ekiti,South West,Ekiti,,,,1320,1057,1212,1160,1053,9,263,0,52,107,1.658340902210112
2022/2023,Female,all,NECO,Polytechnic,state,Lagos,South West,Lagos,,,,8246,6595,7528,316,286,2,1651,0,7212,30,1.658340902210112
2022/2023,Female,all,NECO,Polytechnic,state,Ogun,South West,Ogun,,,,3364,2690,3108,1106,1015,7,674,0,2002,91,1.658340902210112
2022/2023,Female,all,NECO,Polytechnic,state,Ondo,South West,Ondo,,,,913,731,846,598,552,4,182,0,248,46,1.658340902210112
2022/2023,Female,all,NECO,Polytechnic,state,Osun,South West,Osun,,,,103,82,93,999,946,4,21,0,0,53,1.658340902210112
2022/2023,Female,all,NECO,Polytechnic,state,Oyo,South West,Oyo,,,,2629,2103,2416,1227,1072,12,526,0,1189,155,1.658340902210112
2022/2023,Female,all,NECO,University,state,Benue,North Central,Benue,,,,1144,915,1051,3227,2970,21,229,0,0,257,1.658340902210112
2022/2023,Female,all,NECO,University,state,Abuja Federal Capital Territory,North Central,Abuja Federal Capital Territory,,,,817,654,752,169,149,2,163,0,583,20,1.658340902210112
2022/2023,Female,all,NECO,University,state,Kogi,North Central,Kogi,,,,698,559,635,3379,3170,17,139,0,0,209,1.658340902210112
2022/2023,Female,all,NECO,University,state,Kwara,North Central,Kwara,,,,2220,1775,2053,2994,2790,16,445,0,0,204,1.658340902210112
2022/2023,Female,all,NECO,University,state,Nasarawa,North Central,Nasarawa,,,,294,235,268,1458,1354,8,59,0,0,104,1.658340902210112
2022/2023,Female,all,NECO,University,state,Niger,North Central,Niger,,,,939,751,867,980,887,7,188,0,0,93,1.658340902210112
2022/2023,Female,all,NECO,University,state,Plateau,North Central,Plateau,,,,1037,829,958,1346,1262,7,208,0,0,84,1.658340902210112
2022/2023,Female,all,NECO,University,state,Adamawa,North East,Adamawa,,,,4344,3475,3985,1458,1365,7,869,0,2527,93,1.658340902210112
2022/2023,Female,all,NECO,University,state,Bauchi,North East,Bauchi,,,,2359,1887,2170,974,910,5,472,0,1196,64,1.658340902210112
2022/2023,Female,all,NECO,University,state,Borno,North East,Borno,,,,2216,1774,2021,1629,1526,8,442,0,392,103,1.658340902210112
2022/2023,Female,all,NECO,University,state,Gombe,North East,Gombe,,,,823,658,749,1028,958,6,165,0,0,70,1.658340902210112
2022/2023,Female,all,NECO,University,state,Taraba,North East,Taraba,,,,213,170,190,1505,1322,15,43,0,0,183,1.658340902210112
2022/2023,Female,all,NECO,University,state,Yobe,North East,Yobe,,,,1312,1050,1213,889,789,8,262,0,324,100,1.658340902210112
2022/2023,Female,all,NECO,University,state,Jigawa,North West,Jigawa,,,,2398,1918,2206,656,615,3,480,0,1550,41,1.658340902210112
2022/2023,Female,all,NECO,University,state,Kaduna,North West,Kaduna,,,,5871,4697,5366,2959,2694,21,1174,0,2407,265,1.658340902210112
2022/2023,Female,all,NECO,University,state,Kano,North West,Kano,,,,9802,7840,9201,2109,1900,17,1962,0,7092,209,1.658340902210112
2022/2023,Female,all,NECO,University,state,Katsina,North West,Katsina,,,,1444,1155,1307,1060,967,7,289,0,247,93,1.658340902210112
2022/2023,Female,all,NECO,University,state,Kebbi,North West,Kebbi,,,,2180,1744,2005,806,719,7,436,0,1199,87,1.658340902210112
2022/2023,Female,all,NECO,University,state,Sokoto,North West,Sokoto,,,,1764,1411,1613,652,601,4,353,0,961,51,1.658340902210112
2022/2023,Female,all,NECO,University,state,Zamfara,North West,Zamfara,,,,1087,869,997,330,307,2,218,0,667,23,1.658340902210112
2022/2023,Female,all,NECO,University,state,Abia,South East,Abia,,,,2,2,2,2853,2692,13,0,0,0,161,1.658340902210112
2022/2023,Female,all,NECO,University,state,Anambra,South East,Anambra,,,,1,0,1,4280,3884,32,1,0,0,396,1.658340902210112
2022/2023,Female,all,NECO,University,state,Ebonyi,South East,Ebonyi,,,,1306,1044,1199,1606,1474,11,262,0,0,132,1.658340902210112
2022/2023,Female,all,NECO,University,state,Enugu,South East,Enugu,,,,1603,1282,1459,3018,2848,14,321,0,0,170,1.658340902210112
2022/2023,Female,all,NECO,University,state,Imo,South East,Imo,,,,3224,2579,2981,4791,4435,28,645,0,0,356,1.658340902210112
2022/2023,Female,all,NECO,University,state,Akwa Ibom,South South,Akwa Ibom,,,,2305,1845,2135,3126,2902,18,460,0,0,224,1.658340902210112
2022/2023,Female,all,NECO,University,state,Bayelsa,South South,Bayelsa,,,,757,606,707,1296,1225,6,151,0,0,71,1.658340902210112
2022/2023,Female,all,NECO,University,state,Cross River,South South,Cross River,,,,2,1,1,2029,1844,15,1,0,0,185,1.658340902210112
2022/2023,Female,all,NECO,University,state,Delta,South South,Delta,,,,235,188,216,3380,3144,19,47,0,0,236,1.658340902210112
2022/2023,Female,all,NECO,University,state,Edo,South South,Edo,,,,1434,1147,1320,2159,1967,15,287,0,0,192,1.658340902210112
2022/2023,Female,all,NECO,University,state,Rivers,South South,Rivers,,,,2068,1655,1913,3122,2906,17,413,0,0,216,1.658340902210112
2022/2023,Female,all,NECO,University,state,Ekiti,South West,Ekiti,,,,2219,1775,1992,879,795,7,444,0,1113,84,1.658340902210112
2022/2023,Female,all,NECO,University,state,Lagos,South West,Lagos,,,,7158,5727,6572,1425,1262,13,1431,0,5147,163,1.658340902210112
2022/2023,Female,all,NECO,University,state,Ogun,South West,Ogun,,,,2555,2044,2283,3453,3193,21,511,0,0,260,1.658340902210112
2022/2023,Female,all,NECO,University,state,Ondo,South West,Ondo,,,,741,593,680,2784,2580,16,148,0,0,204,1.658340902210112
2022/2023,Female,all,NECO,University,state,Osun,South West,Osun,,,,98,79,91,3694,3482,17,19,0,0,212,1.658340902210112
2022/2023,Female,all,NECO,University,state,Oyo,South West,Oyo,,,,5033,4026,4594,4035,3561,38,1007,0,559,474,1.658340902210112
2022/2023,Female,all,WAEC,College of Education,state,Benue,North Central,Benue,,,,1613,1290,1481,338,315,2,323,0,1143,23,1.658340902210112
2022/2023,Female,all,WAEC,College of Education,state,Abuja Federal Capital Territory,North Central,Abuja Federal Capital Territory,,,,1742,1393,1611,242,225,1,349,0,1369,17,1.658340902210112
2022/2023,Female,all,WAEC,College of Education,state,Kogi,North Central,Kogi,,,,738,590,679,486,446,3,148,0,193,40,1.658340902210112
2022/2023,Female,all,WAEC,College of Education,state,Kwara,North Central,Kwara,,,,2388,1910,2187,745,680,5,478,0,1442,65,1.658340902210112
2022/2023,Female,all,WAEC,College of Education,state,Nasarawa,North Central,Nasarawa,,,,441,353,405,848,780,5,88,0,0,68,1.658340902210112
2022/2023,Female,all,WAEC,College of Education,state,Niger,North Central,Niger,,,,1596,1277,1455,259,246,1,319,0,1196,13,1.658340902210112
2022/2023,Female,all,WAEC,College of Education,state,Plateau,North Central,Plateau,,,,1034,827,969,1386,1264,10,207,0,0,122,1.658340902210112
2022/2023,Female,all,WAEC,College of Education,state,Adamawa,North East,Adamawa,,,,4796,3836,4392,249,222,2,960,0,4143,27,1.658340902210112
2022/2023,Female,all,WAEC,College of Education,state,Bauchi,North East,Bauchi,,,,3915,3133,3590,545,501,4,782,0,3045,44,1.658340902210112
2022/2023,Female,all,WAEC,College of Education,state,Borno,North East,Borno,,,,2568,2055,2356,100,90,1,513,0,2256,10,1.658340902210112
2022/2023,Female,all,WAEC,College of Education,state,Gombe,North East,Gombe,,,,1909,1528,1781,941,863,6,381,0,840,78,1.658340902210112
2022/2023,Female,all,WAEC,College of Education,state,Taraba,North East,Taraba,,,,550,440,505,62,59,0,110,0,443,3,1.658340902210112
2022/2023,Female,all,WAEC,College of Education,state,Yobe,North East,Yobe,,,,1842,1474,1693,731,679,4,368,0,962,52,1.658340902210112
2022/2023,Female,all,WAEC,College of Education,state,Jigawa,North West,Jigawa,,,,3578,2862,3350,266,241,2,716,0,3084,25,1.658340902210112
2022/2023,Female,all,WAEC,College of Education,state,Kaduna,North West,Kaduna,,,,6457,5165,5958,1204,1116,7,1292,0,4754,88,1.658340902210112
2022/2023,Female,all,WAEC,College of Education,state,Kano,North West,Kano,,,,12725,10177,11672,1436,1346,7,2548,0,10236,90,1.658340902210112
2022/2023,Female,all,WAEC,College of Education,state,Katsina,North West,Katsina,,,,2241,1792,2065,671,618,4,449,0,1394,53,1.658340902210112
2022/2023,Female,all,WAEC,College of Education,state,Kebbi,North West,Kebbi,,,,1711,1369,1580,47,44,0,342,0,1533,3,1.658340902210112
2022/2023,Female,all,WAEC,College of Education,state,Sokoto,North West,Sokoto,,,,1669,1336,1535,119,109,1,333,0,1416,10,1.658340902210112
2022/2023,Female,all,WAEC,College of Education,state,Zamfara,North West,Zamfara,,,,2275,1820,2097,134,122,1,455,0,1963,12,1.658340902210112
2022/2023,Female,all,WAEC,College of Education,state,Abia,South East,Abia,,,,4,3,3,162,146,1,1,0,0,16,1.658340902210112
2022/2023,Female,all,WAEC,College of Education,state,Anambra,South East,Anambra,,,,1,1,1,575,537,3,0,0,0,38,1.658340902210112
2022/2023,Female,all,WAEC,College of Education,state,Ebonyi,South East,Ebonyi,,,,642,513,582,97,89,1,129,0,485,8,1.658340902210112
2022/2023,Female,all,WAEC,College of Education,state,Enugu,South East,Enugu,,,,2509,2007,2312,482,439,3,502,0,1830,43,1.658340902210112
2022/2023,Female,all,WAEC,College of Education,state,Imo,South East,Imo,,,,4389,3511,4023,610,573,3,878,0,3413,37,1.658340902210112
2022/2023,Female,all,WAEC,College of Education,state,Akwa Ibom,South South,Akwa Ibom,,,,2522,2018,2352,435,400,3,504,0,1917,35,1.658340902210112
2022/2023,Female,all,WAEC,College of Education,state,Bayelsa,South South,Bayelsa,,,,2940,2352,2703,21,19,0,588,0,2682,2,1.658340902210112
2022/2023,Female,all,WAEC,College of Education,state,Cross River,South South,Cross River,,,,2,2,2,235,217,1,0,0,0,18,1.658340902210112
2022/2023,Female,all,WAEC,College of Education,state,Delta,South South,Delta,,,,313,250,283,375,342,3,63,0,0,33,1.658340902210112
2022/2023,Female,all,WAEC,College of Education,state,Edo,South South,Edo,,,,1814,1451,1671,184,174,1,363,0,1487,10,1.658340902210112
2022/2023,Female,all,WAEC,College of Education,state,Rivers,South South,Rivers,,,,2597,2076,2400,147,135,1,521,0,2253,12,1.658340902210112
2022/2023,Female,all,WAEC,College of Education,state,Ekiti,South West,Ekiti,,,,3817,3054,3572,958,898,5,763,0,2614,60,1.658340902210112
2022/2023,Female,all,WAEC,College of Education,state,Lagos,South West,Lagos,,,,5018,4013,4689,312,293,2,1005,0,4377,19,1.658340902210112
2022/2023,Female,all,WAEC,College of Education,state,Ogun,South West,Ogun,,,,6151,4920,5701,992,920,6,1231,0,4709,72,1.658340902210112
2022/2023,Female,all,WAEC,College of Education,state,Ondo,South West,Ondo,,,,962,770,867,729,672,5,192,0,138,57,1.658340902210112
2022/2023,Female,all,WAEC,College of Education,state,Osun,South West,Osun,,,,96,77,87,1330,1214,9,19,0,0,116,1.658340902210112
2022/2023,Female,all,WAEC,College of Education,state,Oyo,South West,Oyo,,,,7819,6256,7225,1946,1829,9,1563,0,5279,117,1.658340902210112
2022/2023,Female,all,WAEC,Polytechnic,state,Benue,North Central,Benue,,,,1668,1334,1523,496,466,2,334,0,1027,30,1.658340902210112
2022/2023,Female,all,WAEC,Polytechnic,state,Abuja Federal Capital Territory,North Central,Abuja Federal Capital Territory,,,,1531,1224,1414,48,45,0,307,0,1366,3,1.658340902210112
2022/2023,Female,all,WAEC,Polytechnic,state,Kogi,North Central,Kogi,,,,678,542,623,1064,972,7,136,0,0,92,1.658340902210112
2022/2023,Female,all,WAEC,Polytechnic,state,Kwara,North Central,Kwara,,,,3341,2672,3028,715,649,5,669,0,2313,66,1.658340902210112
2022/2023,Female,all,WAEC,Polytechnic,state,Nasarawa,North Central,Nasarawa,,,,380,304,353,267,245,2,76,0,86,22,1.658340902210112
2022/2023,Female,all,WAEC,Polytechnic,state,Niger,North Central,Niger,,,,1216,973,1113,333,312,2,243,0,780,21,1.658340902210112
2022/2023,Female,all,WAEC,Polytechnic,state,Plateau,North Central,Plateau,,,,983,787,897,592,546,4,196,0,305,46,1.658340902210112
2022/2023,Female,all,WAEC,Polytechnic,state,Adamawa,North East,Adamawa,,,,4627,3700,4300,95,84,1,927,0,4205,11,1.658340902210112
2022/2023,Female,all,WAEC,Polytechnic,state,Bauchi,North East,Bauchi,,,,1894,1515,1747,463,427,3,379,0,1284,36,1.658340902210112
2022/2023,Female,all,WAEC,Polytechnic,state,Borno,North East,Borno,,,,3022,2418,2809,243,218,2,604,0,2566,25,1.658340902210112
2022/2023,Female,all,WAEC,Polytechnic,state,Gombe,North East,Gombe,,,,1646,1316,1506,141,131,1,330,0,1365,10,1.658340902210112
2022/2023,Female,all,WAEC,Polytechnic,state,Taraba,North East,Taraba,,,,507,405,467,173,162,1,102,0,294,11,1.658340902210112
2022/2023,Female,all,WAEC,Polytechnic,state,Yobe,North East,Yobe,,,,2204,1763,2026,272,256,1,441,0,1754,16,1.658340902210112
2022/2023,Female,all,WAEC,Polytechnic,state,Jigawa,North West,Jigawa,,,,2961,2369,2697,227,205,2,592,0,2470,22,1.658340902210112
2022/2023,Female,all,WAEC,Polytechnic,state,Kaduna,North West,Kaduna,,,,2630,2103,2394,1096,1012,7,527,0,1298,84,1.658340902210112
2022/2023,Female,all,WAEC,Polytechnic,state,Kano,North West,Kano,,,,10145,8118,9222,667,623,4,2027,0,8555,44,1.658340902210112
2022/2023,Female,all,WAEC,Polytechnic,state,Katsina,North West,Katsina,,,,2023,1618,1869,611,572,3,405,0,1258,39,1.658340902210112
2022/2023,Female,all,WAEC,Polytechnic,state,Kebbi,North West,Kebbi,,,,2076,1661,1899,141,133,1,415,0,1758,8,1.658340902210112
2022/2023,Female,all,WAEC,Polytechnic,state,Sokoto,North West,Sokoto,,,,1241,993,1137,30,28,0,248,0,1107,2,1.658340902210112
2022/2023,Female,all,WAEC,Polytechnic,state,Zamfara,North West,Zamfara,,,,1688,1350,1546,31,28,0,338,0,1515,3,1.658340902210112
2022/2023,Female,all,WAEC,Polytechnic,state,Abia,South East,Abia,,,,3,2,3,322,292,2,1,0,0,30,1.658340902210112
2022/2023,Female,all,WAEC,Polytechnic,state,Anambra,South East,Anambra,,,,1,0,1,444,416,2,1,0,0,28,1.658340902210112
2022/2023,Female,all,WAEC,Polytechnic,state,Ebonyi,South East,Ebonyi,,,,920,736,858,420,386,3,184,0,438,34,1.658340902210112
2022/2023,Female,all,WAEC,Polytechnic,state,Enugu,South East,Enugu,,,,3502,2801,3208,325,295,2,701,0,2883,30,1.658340902210112
2022/2023,Female,all,WAEC,Polytechnic,state,Imo,South East,Imo,,,,4578,3663,4182,581,547,3,915,0,3601,34,1.658340902210112
2022/2023,Female,all,WAEC,Polytechnic,state,Akwa Ibom,South South,Akwa Ibom,,,,2259,1807,2048,464,426,3,452,0,1584,38,1.658340902210112
2022/2023,Female,all,WAEC,Polytechnic,state,Bayelsa,South South,Bayelsa,,,,2156,1724,1990,85,78,1,432,0,1905,7,1.658340902210112
2022/2023,Female,all,WAEC,Polytechnic,state,Cross River,South South,Cross River,,,,3,2,3,242,222,2,1,0,0,20,1.658340902210112
2022/2023,Female,all,WAEC,Polytechnic,state,Delta,South South,Delta,,,,446,357,413,787,713,6,89,0,0,74,1.658340902210112
2022/2023,Female,all,WAEC,Polytechnic,state,Edo,South South,Edo,,,,1128,902,1027,567,523,4,226,0,460,44,1.658340902210112
2022/2023,Female,all,WAEC,Polytechnic,state,Rivers,South South,Rivers,,,,3017,2414,2738,251,235,1,603,0,2487,16,1.658340902210112
2022/2023,Female,all,WAEC,Polytechnic,state,Ekiti,South West,Ekiti,,,,1754,1403,1595,1463,1367,8,351,0,132,96,1.658340902210112
2022/2023,Female,all,WAEC,Polytechnic,state,Lagos,South West,Lagos,,,,10735,8588,9963,428,403,2,2147,0,9535,25,1.658340902210112
2022/2023,Female,all,WAEC,Polytechnic,state,Ogun,South West,Ogun,,,,4308,3444,3964,1470,1374,8,864,0,2494,96,1.658340902210112
2022/2023,Female,all,WAEC,Polytechnic,state,Ondo,South West,Ondo,,,,1191,953,1107,735,686,4,238,0,372,49,1.658340902210112
2022/2023,Female,all,WAEC,Polytechnic,state,Osun,South West,Osun,,,,136,109,125,1284,1175,9,27,0,0,109,1.658340902210112
2022/2023,Female,all,WAEC,Polytechnic,state,Oyo,South West,Oyo,,,,3502,2802,3194,1605,1529,6,700,0,1589,76,1.658340902210112
2022/2023,Female,all,WAEC,University,state,Benue,North Central,Benue,,,,1483,1186,1355,4455,4217,19,297,0,0,238,1.658340902210112
2022/2023,Female,all,WAEC,University,state,Abuja Federal Capital Territory,North Central,Abuja Federal Capital Territory,,,,1084,868,987,251,233,1,216,0,736,18,1.658340902210112
2022/2023,Female,all,WAEC,University,state,Kogi,North Central,Kogi,,,,912,730,843,4807,4383,34,182,0,0,424,1.658340902210112
2022/2023,Female,all,WAEC,University,state,Kwara,North Central,Kwara,,,,2944,2355,2726,4045,3673,30,589,0,0,372,1.658340902210112
2022/2023,Female,all,WAEC,University,state,Nasarawa,North Central,Nasarawa,,,,383,306,349,1920,1765,12,77,0,0,155,1.658340902210112
2022/2023,Female,all,WAEC,University,state,Niger,North Central,Niger,,,,1264,1012,1171,1470,1379,7,252,0,0,91,1.658340902210112
2022/2023,Female,all,WAEC,University,state,Plateau,North Central,Plateau,,,,1331,1065,1220,1765,1628,11,266,0,0,137,1.658340902210112
2022/2023,Female,all,WAEC,University,state,Adamawa,North East,Adamawa,,,,5947,4760,5449,1853,1667,15,1187,0,3596,186,1.658340902210112
2022/2023,Female,all,WAEC,University,state,Bauchi,North East,Bauchi,,,,3156,2525,2873,1327,1213,9,631,0,1546,114,1.658340902210112
2022/2023,Female,all,WAEC,University,state,Borno,North East,Borno,,,,2982,2386,2725,2291,2074,17,596,0,434,217,1.658340902210112
2022/2023,Female,all,WAEC,University,state,Gombe,North East,Gombe,,,,1094,876,991,1246,1156,7,218,0,0,90,1.658340902210112
2022/2023,Female,all,WAEC,University,state,Taraba,North East,Taraba,,,,275,220,251,1995,1876,10,55,0,0,119,1.658340902210112
2022/2023,Female,all,WAEC,University,state,Yobe,North East,Yobe,,,,1731,1385,1593,1272,1195,6,346,0,321,77,1.658340902210112
2022/2023,Female,all,WAEC,University,state,Jigawa,North West,Jigawa,,,,3117,2493,2838,939,846,7,624,0,1899,93,1.658340902210112
2022/2023,Female,all,WAEC,University,state,Kaduna,North West,Kaduna,,,,7835,6268,7190,4459,4103,28,1567,0,2731,356,1.658340902210112
2022/2023,Female,all,WAEC,University,state,Kano,North West,Kano,,,,12965,10370,11955,2703,2585,9,2595,0,9252,118,1.658340902210112
2022/2023,Female,all,WAEC,University,state,Katsina,North West,Katsina,,,,1915,1532,1740,1506,1406,8,383,0,234,100,1.658340902210112
2022/2023,Female,all,WAEC,University,state,Kebbi,North West,Kebbi,,,,2847,2278,2619,1028,969,5,569,0,1591,59,1.658340902210112
2022/2023,Female,all,WAEC,University,state,Sokoto,North West,Sokoto,,,,2343,1875,2154,904,826,6,468,0,1250,78,1.658340902210112
2022/2023,Female,all,WAEC,University,state,Zamfara,North West,Zamfara,,,,1431,1144,1313,438,392,4,287,0,875,46,1.658340902210112
2022/2023,Female,all,WAEC,University,state,Abia,South East,Abia,,,,3,3,3,3840,3498,27,0,0,0,342,1.658340902210112
2022/2023,Female,all,WAEC,University,state,Anambra,South East,Anambra,,,,1,1,1,5360,5018,27,0,0,0,342,1.658340902210112
2022/2023,Female,all,WAEC,University,state,Ebonyi,South East,Ebonyi,,,,1796,1437,1643,2155,1983,14,359,0,0,172,1.658340902210112
2022/2023,Female,all,WAEC,University,state,Enugu,South East,Enugu,,,,2015,1612,1880,3909,3579,26,403,0,0,330,1.658340902210112
2022/2023,Female,all,WAEC,University,state,Imo,South East,Imo,,,,4089,3270,3753,5978,5591,31,819,0,0,387,1.658340902210112
2022/2023,Female,all,WAEC,University,state,Akwa Ibom,South South,Akwa Ibom,,,,3019,2415,2758,4057,3756,24,604,0,0,301,1.658340902210112
2022/2023,Female,all,WAEC,University,state,Bayelsa,South South,Bayelsa,,,,1022,818,960,2099,1951,12,204,0,0,148,1.658340902210112
2022/2023,Female,all,WAEC,University,state,Cross River,South South,Cross River,,,,2,2,2,2727,2493,19,0,0,0,234,1.658340902210112
2022/2023,Female,all,WAEC,University,state,Delta,South South,Delta,,,,313,250,287,4735,4298,35,63,0,0,437,1.658340902210112
2022/2023,Female,all,WAEC,University,state,Edo,South South,Edo,,,,1863,1490,1709,3383,3209,14,373,0,0,174,1.658340902210112
2022/2023,Female,all,WAEC,University,state,Rivers,South South,Rivers,,,,2678,2142,2484,3638,3355,23,536,0,0,283,1.658340902210112
2022/2023,Female,all,WAEC,University,state,Ekiti,South West,Ekiti,,,,2874,2300,2612,1108,1026,7,574,0,1504,82,1.658340902210112
2022/2023,Female,all,WAEC,University,state,Lagos,South West,Lagos,,,,9320,7457,8454,1818,1722,8,1863,0,6636,96,1.658340902210112
2022/2023,Female,all,WAEC,University,state,Ogun,South West,Ogun,,,,3498,2800,3151,4955,4595,29,698,0,0,360,1.658340902210112
2022/2023,Female,all,WAEC,University,state,Ondo,South West,Ondo,,,,984,788,907,3362,3113,20,196,0,0,249,1.658340902210112
2022/2023,Female,all,WAEC,University,state,Osun,South West,Osun,,,,132,105,123,4856,4435,34,27,0,0,421,1.658340902210112
2022/2023,Female,all,WAEC,University,state,Oyo,South West,Oyo,,,,6692,5354,6108,5247,4935,25,1338,0,861,312,1.658340902210112
2022/2023,Female,disabled,NABTEB,College of Education,state,Benue,North Central,Benue,,,,63,50,55,19,17,0,13,0,36,2,1.658340902210112
2022/2023,Female,disabled,NABTEB,College of Education,state,Abuja Federal Capital Territory,North Central,Abuja Federal Capital Territory,,,,68,55,62,13,12,0,13,0,49,1,1.658340902210112
2022/2023,Female,disabled,NABTEB,College of Education,state,Kogi,North Central,Kogi,,,,28,22,25,26,23,0,6,0,0,3,1.658340902210112
2022/2023,Female,disabled,NABTEB,College of Education,state,Kwara,North Central,Kwara,,,,85,68,73,38,37,0,17,0,35,1,1.658340902210112
2022/2023,Female,disabled,NABTEB,College of Education,state,Nasarawa,North Central,Nasarawa,,,,15,12,13,37,33,0,3,0,0,4,1.658340902210112
2022/2023,Female,disabled,NABTEB,College of Education,state,Niger,North Central,Niger,,,,54,43,50,15,14,0,11,0,35,1,1.658340902210112
2022/2023,Female,disabled,NABTEB,College of Education,state,Plateau,North Central,Plateau,,,,39,31,35,78,69,1,8,0,0,9,1.658340902210112
2022/2023,Female,disabled,NABTEB,College of Education,state,Adamawa,North East,Adamawa,,,,186,149,166,8,7,0,37,0,158,1,1.658340902210112
2022/2023,Female,disabled,NABTEB,College of Education,state,Bauchi,North East,Bauchi,,,,147,118,129,25,22,0,29,0,104,3,1.658340902210112
2022/2023,Female,disabled,NABTEB,College of Education,state,Borno,North East,Borno,,,,96,77,87,4,3,0,19,0,83,1,1.658340902210112
2022/2023,Female,disabled,NABTEB,College of Education,state,Gombe,North East,Gombe,,,,68,54,61,48,45,0,14,0,13,3,1.658340902210112
2022/2023,Female,disabled,NABTEB,College of Education,state,Taraba,North East,Taraba,,,,19,16,18,3,2,0,3,0,15,1,1.658340902210112
2022/2023,Female,disabled,NABTEB,College of Education,state,Yobe,North East,Yobe,,,,73,58,66,40,33,1,15,0,26,7,1.658340902210112
2022/2023,Female,disabled,NABTEB,College of Education,state,Jigawa,North West,Jigawa,,,,135,109,127,12,11,0,26,0,115,1,1.658340902210112
2022/2023,Female,disabled,NABTEB,College of Education,state,Kaduna,North West,Kaduna,,,,265,213,237,63,57,0,52,0,174,6,1.658340902210112
2022/2023,Female,disabled,NABTEB,College of Education,state,Kano,North West,Kano,,,,469,379,435,64,56,1,90,0,371,8,1.658340902210112
2022/2023,Female,disabled,NABTEB,College of Education,state,Katsina,North West,Katsina,,,,90,72,78,35,34,0,18,0,43,1,1.658340902210112
2022/2023,Female,disabled,NABTEB,College of Education,state,Kebbi,North West,Kebbi,,,,71,57,64,3,2,0,14,0,61,1,1.658340902210112
2022/2023,Female,disabled,NABTEB,College of Education,state,Sokoto,North West,Sokoto,,,,64,51,58,6,5,0,13,0,52,1,1.658340902210112
2022/2023,Female,disabled,NABTEB,College of Education,state,Zamfara,North West,Zamfara,,,,83,66,75,7,6,0,17,0,68,1,1.658340902210112
2022/2023,Female,disabled,NABTEB,College of Education,state,Abia,South East,Abia,,,,0,0,0,9,8,0,0,0,0,1,1.658340902210112
2022/2023,Female,disabled,NABTEB,College of Education,state,Anambra,South East,Anambra,,,,0,0,0,29,26,0,0,0,0,3,1.658340902210112
2022/2023,Female,disabled,NABTEB,College of Education,state,Ebonyi,South East,Ebonyi,,,,21,17,18,5,4,0,4,0,13,1,1.658340902210112
2022/2023,Female,disabled,NABTEB,College of Education,state,Enugu,South East,Enugu,,,,90,73,80,26,24,0,17,0,54,2,1.658340902210112
2022/2023,Female,disabled,NABTEB,College of Education,state,Imo,South East,Imo,,,,139,112,120,32,28,0,27,0,88,4,1.658340902210112
2022/2023,Female,disabled,NABTEB,College of Education,state,Akwa Ibom,South South,Akwa Ibom,,,,94,75,76,24,23,0,19,0,52,1,1.658340902210112
2022/2023,Female,disabled,NABTEB,College of Education,state,Bayelsa,South South,Bayelsa,,,,106,85,97,1,0,0,21,0,96,1,1.658340902210112
2022/2023,Female,disabled,NABTEB,College of Education,state,Cross River,South South,Cross River,,,,0,0,0,11,10,0,0,0,0,1,1.658340902210112
2022/2023,Female,disabled,NABTEB,College of Education,state,Delta,South South,Delta,,,,12,10,11,21,18,0,2,0,0,3,1.658340902210112
2022/2023,Female,disabled,NABTEB,College of Education,state,Edo,South South,Edo,,,,67,54,58,9,8,0,13,0,49,1,1.658340902210112
2022/2023,Female,disabled,NABTEB,College of Education,state,Rivers,South South,Rivers,,,,99,80,82,8,7,0,19,0,74,1,1.658340902210112
2022/2023,Female,disabled,NABTEB,College of Education,state,Ekiti,South West,Ekiti,,,,139,111,125,53,51,0,28,0,72,2,1.658340902210112
2022/2023,Female,disabled,NABTEB,College of Education,state,Lagos,South West,Lagos,,,,209,169,177,17,16,0,40,0,160,1,1.658340902210112
2022/2023,Female,disabled,NABTEB,College of Education,state,Ogun,South West,Ogun,,,,234,188,211,54,47,1,46,0,157,7,1.658340902210112
2022/2023,Female,disabled,NABTEB,College of Education,state,Ondo,South West,Ondo,,,,37,29,32,42,38,0,8,0,0,4,1.658340902210112
2022/2023,Female,disabled,NABTEB,College of Education,state,Osun,South West,Osun,,,,4,3,3,78,71,1,1,0,0,7,1.658340902210112
2022/2023,Female,disabled,NABTEB,College of Education,state,Oyo,South West,Oyo,,,,272,219,237,111,100,1,53,0,126,11,1.658340902210112
2022/2023,Female,disabled,NABTEB,Polytechnic,state,Benue,North Central,Benue,,,,60,49,52,31,28,0,11,0,21,3,1.658340902210112
2022/2023,Female,disabled,NABTEB,Polytechnic,state,Abuja Federal Capital Territory,North Central,Abuja Federal Capital Territory,,,,51,41,47,3,2,0,10,0,44,1,1.658340902210112
2022/2023,Female,disabled,NABTEB,Polytechnic,state,Kogi,North Central,Kogi,,,,26,21,24,62,55,1,5,0,0,7,1.658340902210112
2022/2023,Female,disabled,NABTEB,Polytechnic,state,Kwara,North Central,Kwara,,,,124,100,109,41,38,0,24,0,68,3,1.658340902210112
2022/2023,Female,disabled,NABTEB,Polytechnic,state,Nasarawa,North Central,Nasarawa,,,,13,11,11,11,10,0,2,0,0,1,1.658340902210112
2022/2023,Female,disabled,NABTEB,Polytechnic,state,Niger,North Central,Niger,,,,48,39,43,17,16,0,9,0,26,1,1.658340902210112
2022/2023,Female,disabled,NABTEB,Polytechnic,state,Plateau,North Central,Plateau,,,,38,30,34,35,32,0,8,0,0,3,1.658340902210112
2022/2023,Female,disabled,NABTEB,Polytechnic,state,Adamawa,North East,Adamawa,,,,175,141,162,6,5,0,34,0,156,1,1.658340902210112
2022/2023,Female,disabled,NABTEB,Polytechnic,state,Bauchi,North East,Bauchi,,,,76,61,68,26,24,0,15,0,42,2,1.658340902210112
2022/2023,Female,disabled,NABTEB,Polytechnic,state,Borno,North East,Borno,,,,103,82,91,13,12,0,21,0,78,1,1.658340902210112
2022/2023,Female,disabled,NABTEB,Polytechnic,state,Gombe,North East,Gombe,,,,61,49,54,6,5,0,12,0,48,1,1.658340902210112
2022/2023,Female,disabled,NABTEB,Polytechnic,state,Taraba,North East,Taraba,,,,19,15,18,9,8,0,4,0,9,1,1.658340902210112
2022/2023,Female,disabled,NABTEB,Polytechnic,state,Yobe,North East,Yobe,,,,78,62,72,15,13,0,16,0,57,2,1.658340902210112
2022/2023,Female,disabled,NABTEB,Polytechnic,state,Jigawa,North West,Jigawa,,,,125,100,114,10,9,0,25,0,104,1,1.658340902210112
2022/2023,Female,disabled,NABTEB,Polytechnic,state,Kaduna,North West,Kaduna,,,,95,76,89,59,52,1,19,0,30,7,1.658340902210112
2022/2023,Female,disabled,NABTEB,Polytechnic,state,Kano,North West,Kano,,,,351,283,316,27,24,0,68,0,289,3,1.658340902210112
2022/2023,Female,disabled,NABTEB,Polytechnic,state,Katsina,North West,Katsina,,,,64,52,55,29,28,0,12,0,26,1,1.658340902210112
2022/2023,Female,disabled,NABTEB,Polytechnic,state,Kebbi,North West,Kebbi,,,,76,61,68,8,7,0,15,0,60,1,1.658340902210112
2022/2023,Female,disabled,NABTEB,Polytechnic,state,Sokoto,North West,Sokoto,,,,42,33,37,1,0,0,9,0,36,1,1.658340902210112
2022/2023,Female,disabled,NABTEB,Polytechnic,state,Zamfara,North West,Zamfara,,,,63,51,55,2,1,0,12,0,53,1,1.658340902210112
2022/2023,Female,disabled,NABTEB,Polytechnic,state,Abia,South East,Abia,,,,0,0,0,17,16,0,0,0,0,1,1.658340902210112
2022/2023,Female,disabled,NABTEB,Polytechnic,state,Anambra,South East,Anambra,,,,0,0,0,22,20,0,0,0,0,2,1.658340902210112
2022/2023,Female,disabled,NABTEB,Polytechnic,state,Ebonyi,South East,Ebonyi,,,,35,28,31,19,18,0,7,0,12,1,1.658340902210112
2022/2023,Female,disabled,NABTEB,Polytechnic,state,Enugu,South East,Enugu,,,,136,110,125,18,16,0,26,0,107,2,1.658340902210112
2022/2023,Female,disabled,NABTEB,Polytechnic,state,Imo,South East,Imo,,,,191,154,169,35,30,0,37,0,134,5,1.658340902210112
2022/2023,Female,disabled,NABTEB,Polytechnic,state,Akwa Ibom,South South,Akwa Ibom,,,,92,74,76,27,26,0,18,0,49,1,1.658340902210112
2022/2023,Female,disabled,NABTEB,Polytechnic,state,Bayelsa,South South,Bayelsa,,,,80,64,74,5,4,0,16,0,69,1,1.658340902210112
2022/2023,Female,disabled,NABTEB,Polytechnic,state,Cross River,South South,Cross River,,,,0,0,0,12,11,0,0,0,0,1,1.658340902210112
2022/2023,Female,disabled,NABTEB,Polytechnic,state,Delta,South South,Delta,,,,16,13,15,39,35,0,3,0,0,4,1.658340902210112
2022/2023,Female,disabled,NABTEB,Polytechnic,state,Edo,South South,Edo,,,,43,35,37,34,29,0,8,0,3,5,1.658340902210112
2022/2023,Female,disabled,NABTEB,Polytechnic,state,Rivers,South South,Rivers,,,,100,81,85,14,13,0,19,0,71,1,1.658340902210112
2022/2023,Female,disabled,NABTEB,Polytechnic,state,Ekiti,South West,Ekiti,,,,61,49,51,82,80,0,12,0,0,2,1.658340902210112
2022/2023,Female,disabled,NABTEB,Polytechnic,state,Lagos,South West,Lagos,,,,366,297,325,23,21,0,69,0,302,2,1.658340902210112
2022/2023,Female,disabled,NABTEB,Polytechnic,state,Ogun,South West,Ogun,,,,163,131,150,85,75,1,32,0,65,10,1.658340902210112
2022/2023,Female,disabled,NABTEB,Polytechnic,state,Ondo,South West,Ondo,,,,43,34,39,38,34,0,9,0,1,4,1.658340902210112
2022/2023,Female,disabled,NABTEB,Polytechnic,state,Osun,South West,Osun,,,,5,4,5,73,69,0,1,0,0,4,1.658340902210112
2022/2023,Female,disabled,NABTEB,Polytechnic,state,Oyo,South West,Oyo,,,,134,108,117,92,84,1,26,0,25,8,1.658340902210112
2022/2023,Female,disabled,NABTEB,University,state,Benue,North Central,Benue,,,,55,45,47,237,208,2,10,0,0,29,1.658340902210112
2022/2023,Female,disabled,NABTEB,University,state,Abuja Federal Capital Territory,North Central,Abuja Federal Capital Territory,,,,41,33,39,15,13,0,8,0,24,2,1.658340902210112
2022/2023,Female,disabled,NABTEB,University,state,Kogi,North Central,Kogi,,,,34,27,30,226,197,2,7,0,0,29,1.658340902210112
2022/2023,Female,disabled,NABTEB,University,state,Kwara,North Central,Kwara,,,,107,86,96,236,226,1,21,0,0,10,1.658340902210112
2022/2023,Female,disabled,NABTEB,University,state,Nasarawa,North Central,Nasarawa,,,,15,12,13,94,86,1,3,0,0,8,1.658340902210112
2022/2023,Female,disabled,NABTEB,University,state,Niger,North Central,Niger,,,,50,40,46,77,76,0,10,0,0,1,1.658340902210112
2022/2023,Female,disabled,NABTEB,University,state,Plateau,North Central,Plateau,,,,47,38,43,100,91,1,9,0,0,9,1.658340902210112
2022/2023,Female,disabled,NABTEB,University,state,Adamawa,North East,Adamawa,,,,215,172,192,92,86,0,43,0,100,6,1.658340902210112
2022/2023,Female,disabled,NABTEB,University,state,Bauchi,North East,Bauchi,,,,113,91,100,77,69,1,22,0,23,8,1.658340902210112
2022/2023,Female,disabled,NABTEB,University,state,Borno,North East,Borno,,,,118,95,104,107,106,0,23,0,0,1,1.658340902210112
2022/2023,Female,disabled,NABTEB,University,state,Gombe,North East,Gombe,,,,42,34,38,72,68,0,8,0,0,4,1.658340902210112
2022/2023,Female,disabled,NABTEB,University,state,Taraba,North East,Taraba,,,,10,8,9,85,76,1,2,0,0,9,1.658340902210112
2022/2023,Female,disabled,NABTEB,University,state,Yobe,North East,Yobe,,,,69,55,63,70,59,1,14,0,0,11,1.658340902210112
2022/2023,Female,disabled,NABTEB,University,state,Jigawa,North West,Jigawa,,,,119,95,109,31,30,0,24,0,78,1,1.658340902210112
2022/2023,Female,disabled,NABTEB,University,state,Kaduna,North West,Kaduna,,,,284,229,263,250,228,2,55,0,13,22,1.658340902210112
2022/2023,Female,disabled,NABTEB,University,state,Kano,North West,Kano,,,,464,375,435,153,135,1,89,0,282,18,1.658340902210112
2022/2023,Female,disabled,NABTEB,University,state,Katsina,North West,Katsina,,,,71,57,65,78,75,0,14,0,0,3,1.658340902210112
2022/2023,Female,disabled,NABTEB,University,state,Kebbi,North West,Kebbi,,,,101,82,91,56,50,0,19,0,35,6,1.658340902210112
2022/2023,Female,disabled,NABTEB,University,state,Sokoto,North West,Sokoto,,,,86,69,79,39,35,0,17,0,40,4,1.658340902210112
2022/2023,Female,disabled,NABTEB,University,state,Zamfara,North West,Zamfara,,,,59,47,52,27,23,0,12,0,25,4,1.658340902210112
2022/2023,Female,disabled,NABTEB,University,state,Abia,South East,Abia,,,,0,0,0,195,178,1,0,0,0,17,1.658340902210112
2022/2023,Female,disabled,NABTEB,University,state,Anambra,South East,Anambra,,,,0,0,0,285,255,2,0,0,0,30,1.658340902210112
2022/2023,Female,disabled,NABTEB,University,state,Ebonyi,South East,Ebonyi,,,,66,53,59,105,103,0,13,0,0,2,1.658340902210112
2022/2023,Female,disabled,NABTEB,University,state,Enugu,South East,Enugu,,,,72,58,64,200,183,1,14,0,0,17,1.658340902210112
2022/2023,Female,disabled,NABTEB,University,state,Imo,South East,Imo,,,,151,121,133,320,301,2,30,0,0,19,1.658340902210112
2022/2023,Female,disabled,NABTEB,University,state,Akwa Ibom,South South,Akwa Ibom,,,,110,89,100,216,210,0,21,0,0,6,1.658340902210112
2022/2023,Female,disabled,NABTEB,University,state,Bayelsa,South South,Bayelsa,,,,40,32,37,131,105,2,8,0,0,26,1.658340902210112
2022/2023,Female,disabled,NABTEB,University,state,Cross River,South South,Cross River,,,,0,0,0,130,122,1,0,0,0,8,1.658340902210112
2022/2023,Female,disabled,NABTEB,University,state,Delta,South South,Delta,,,,11,9,10,290,260,2,2,0,0,30,1.658340902210112
2022/2023,Female,disabled,NABTEB,University,state,Edo,South South,Edo,,,,66,53,57,182,163,2,13,0,0,19,1.658340902210112
2022/2023,Female,disabled,NABTEB,University,state,Rivers,South South,Rivers,,,,107,86,95,195,174,2,21,0,0,21,1.658340902210112
2022/2023,Female,disabled,NABTEB,University,state,Ekiti,South West,Ekiti,,,,107,86,90,62,60,0,21,0,28,2,1.658340902210112
2022/2023,Female,disabled,NABTEB,University,state,Lagos,South West,Lagos,,,,349,282,302,115,102,1,67,0,187,13,1.658340902210112
2022/2023,Female,disabled,NABTEB,University,state,Ogun,South West,Ogun,,,,133,107,116,290,257,3,26,0,0,33,1.658340902210112
2022/2023,Female,disabled,NABTEB,University,state,Ondo,South West,Ondo,,,,34,27,32,168,150,1,7,0,0,18,1.658340902210112
2022/2023,Female,disabled,NABTEB,University,state,Osun,South West,Osun,,,,4,4,4,291,275,1,0,0,0,16,1.658340902210112
2022/2023,Female,disabled,NABTEB,University,state,Oyo,South West,Oyo,,,,232,187,209,283,267,1,45,0,0,16,1.658340902210112
2022/2023,Female,disabled,NECO,College of Education,state,Benue,North Central,Benue,,,,97,78,93,18,16,0,19,0,75,2,1.658340902210112
2022/2023,Female,disabled,NECO,College of Education,state,Abuja Federal Capital Territory,North Central,Abuja Federal Capital Territory,,,,104,83,97,14,12,0,21,0,83,2,1.658340902210112
2022/2023,Female,disabled,NECO,College of Education,state,Kogi,North Central,Kogi,,,,41,33,39,30,29,0,8,0,9,1,1.658340902210112
2022/2023,Female,disabled,NECO,College of Education,state,Kwara,North Central,Kwara,,,,141,113,133,42,39,0,28,0,91,3,1.658340902210112
2022/2023,Female,disabled,NECO,College of Education,state,Nasarawa,North Central,Nasarawa,,,,27,21,25,53,49,0,6,0,0,4,1.658340902210112
2022/2023,Female,disabled,NECO,College of Education,state,Niger,North Central,Niger,,,,94,76,86,14,13,0,18,0,72,1,1.658340902210112
2022/2023,Female,disabled,NECO,College of Education,state,Plateau,North Central,Plateau,,,,58,46,54,72,66,0,12,0,0,6,1.658340902210112
2022/2023,Female,disabled,NECO,College of Education,state,Adamawa,North East,Adamawa,,,,285,228,256,21,20,0,57,0,235,1,1.658340902210112
2022/2023,Female,disabled,NECO,College of Education,state,Bauchi,North East,Bauchi,,,,225,180,209,36,32,0,45,0,173,4,1.658340902210112
2022/2023,Female,disabled,NECO,College of Education,state,Borno,North East,Borno,,,,157,126,143,7,6,0,31,0,136,1,1.658340902210112
2022/2023,Female,disabled,NECO,College of Education,state,Gombe,North East,Gombe,,,,110,88,103,66,59,1,22,0,37,7,1.658340902210112
2022/2023,Female,disabled,NECO,College of Education,state,Taraba,North East,Taraba,,,,32,26,30,4,3,0,6,0,26,1,1.658340902210112
2022/2023,Female,disabled,NECO,College of Education,state,Yobe,North East,Yobe,,,,109,87,97,47,46,0,22,0,50,1,1.658340902210112
2022/2023,Female,disabled,NECO,College of Education,state,Jigawa,North West,Jigawa,,,,197,158,177,15,14,0,39,0,162,1,1.658340902210112
2022/2023,Female,disabled,NECO,College of Education,state,Kaduna,North West,Kaduna,,,,392,314,371,66,64,0,78,0,305,2,1.658340902210112
2022/2023,Female,disabled,NECO,College of Education,state,Kano,North West,Kano,,,,725,582,660,99,88,1,143,0,561,11,1.658340902210112
2022/2023,Female,disabled,NECO,College of Education,state,Katsina,North West,Katsina,,,,134,108,123,48,41,1,26,0,75,7,1.658340902210112
2022/2023,Female,disabled,NECO,College of Education,state,Kebbi,North West,Kebbi,,,,100,80,92,3,2,0,20,0,89,1,1.658340902210112
2022/2023,Female,disabled,NECO,College of Education,state,Sokoto,North West,Sokoto,,,,101,81,96,9,8,0,20,0,87,1,1.658340902210112
2022/2023,Female,disabled,NECO,College of Education,state,Zamfara,North West,Zamfara,,,,125,101,120,8,7,0,24,0,112,1,1.658340902210112
2022/2023,Female,disabled,NECO,College of Education,state,Abia,South East,Abia,,,,0,0,0,9,8,0,0,0,0,1,1.658340902210112
2022/2023,Female,disabled,NECO,College of Education,state,Anambra,South East,Anambra,,,,0,0,0,32,29,0,0,0,0,3,1.658340902210112
2022/2023,Female,disabled,NECO,College of Education,state,Ebonyi,South East,Ebonyi,,,,37,29,34,6,5,0,8,0,28,1,1.658340902210112
2022/2023,Female,disabled,NECO,College of Education,state,Enugu,South East,Enugu,,,,141,113,128,28,26,0,28,0,100,2,1.658340902210112
2022/2023,Female,disabled,NECO,College of Education,state,Imo,South East,Imo,,,,238,191,224,32,31,0,47,0,192,1,1.658340902210112
2022/2023,Female,disabled,NECO,College of Education,state,Akwa Ibom,South South,Akwa Ibom,,,,140,113,129,25,22,0,27,0,104,3,1.658340902210112
2022/2023,Female,disabled,NECO,College of Education,state,Bayelsa,South South,Bayelsa,,,,173,138,159,1,0,0,35,0,158,1,1.658340902210112
2022/2023,Female,disabled,NECO,College of Education,state,Cross River,South South,Cross River,,,,0,0,0,12,11,0,0,0,0,1,1.658340902210112
2022/2023,Female,disabled,NECO,College of Education,state,Delta,South South,Delta,,,,17,14,17,21,20,0,3,0,0,1,1.658340902210112
2022/2023,Female,disabled,NECO,College of Education,state,Edo,South South,Edo,,,,107,86,99,9,8,0,21,0,90,1,1.658340902210112
2022/2023,Female,disabled,NECO,College of Education,state,Rivers,South South,Rivers,,,,153,122,148,9,8,0,31,0,139,1,1.658340902210112
2022/2023,Female,disabled,NECO,College of Education,state,Ekiti,South West,Ekiti,,,,233,187,226,51,43,1,46,0,175,8,1.658340902210112
2022/2023,Female,disabled,NECO,College of Education,state,Lagos,South West,Lagos,,,,339,270,329,16,15,0,69,0,313,1,1.658340902210112
2022/2023,Female,disabled,NECO,College of Education,state,Ogun,South West,Ogun,,,,357,285,341,57,51,0,72,0,284,6,1.658340902210112
2022/2023,Female,disabled,NECO,College of Education,state,Ondo,South West,Ondo,,,,59,48,55,44,40,0,11,0,11,4,1.658340902210112
2022/2023,Female,disabled,NECO,College of Education,state,Osun,South West,Osun,,,,5,4,5,83,74,1,1,0,0,9,1.658340902210112
2022/2023,Female,disabled,NECO,College of Education,state,Oyo,South West,Oyo,,,,458,367,439,107,98,1,91,0,332,9,1.658340902210112
2022/2023,Female,disabled,NECO,Polytechnic,state,Benue,North Central,Benue,,,,96,77,92,31,27,0,19,0,61,4,1.658340902210112
2022/2023,Female,disabled,NECO,Polytechnic,state,Abuja Federal Capital Territory,North Central,Abuja Federal Capital Territory,,,,92,73,84,2,1,0,19,0,82,1,1.658340902210112
2022/2023,Female,disabled,NECO,Polytechnic,state,Kogi,North Central,Kogi,,,,41,33,38,61,58,0,8,0,0,3,1.658340902210112
2022/2023,Female,disabled,NECO,Polytechnic,state,Kwara,North Central,Kwara,,,,203,163,191,41,38,0,40,0,150,3,1.658340902210112
2022/2023,Female,disabled,NECO,Polytechnic,state,Nasarawa,North Central,Nasarawa,,,,22,18,20,15,13,0,4,0,5,2,1.658340902210112
2022/2023,Female,disabled,NECO,Polytechnic,state,Niger,North Central,Niger,,,,74,59,69,18,16,0,15,0,51,2,1.658340902210112
2022/2023,Female,disabled,NECO,Polytechnic,state,Plateau,North Central,Plateau,,,,62,49,56,31,29,0,13,0,25,2,1.658340902210112
2022/2023,Female,disabled,NECO,Polytechnic,state,Adamawa,North East,Adamawa,,,,285,228,259,5,4,0,57,0,254,1,1.658340902210112
2022/2023,Female,disabled,NECO,Polytechnic,state,Bauchi,North East,Bauchi,,,,114,92,107,36,32,0,22,0,71,4,1.658340902210112
2022/2023,Female,disabled,NECO,Polytechnic,state,Borno,North East,Borno,,,,180,144,170,11,10,0,36,0,159,1,1.658340902210112
2022/2023,Female,disabled,NECO,Polytechnic,state,Gombe,North East,Gombe,,,,102,82,98,10,9,0,20,0,88,1,1.658340902210112
2022/2023,Female,disabled,NECO,Polytechnic,state,Taraba,North East,Taraba,,,,30,24,28,10,9,0,6,0,18,1,1.658340902210112
2022/2023,Female,disabled,NECO,Polytechnic,state,Yobe,North East,Yobe,,,,128,102,121,17,16,0,26,0,104,1,1.658340902210112
2022/2023,Female,disabled,NECO,Polytechnic,state,Jigawa,North West,Jigawa,,,,180,145,165,14,13,0,35,0,151,1,1.658340902210112
2022/2023,Female,disabled,NECO,Polytechnic,state,Kaduna,North West,Kaduna,,,,157,125,143,59,57,0,32,0,84,2,1.658340902210112
2022/2023,Female,disabled,NECO,Polytechnic,state,Kano,North West,Kano,,,,610,490,561,37,33,0,120,0,524,4,1.658340902210112
2022/2023,Female,disabled,NECO,Polytechnic,state,Katsina,North West,Katsina,,,,116,93,107,37,32,0,23,0,70,5,1.658340902210112
2022/2023,Female,disabled,NECO,Polytechnic,state,Kebbi,North West,Kebbi,,,,126,101,119,9,8,0,25,0,110,1,1.658340902210112
2022/2023,Female,disabled,NECO,Polytechnic,state,Sokoto,North West,Sokoto,,,,73,59,67,2,1,0,14,0,65,1,1.658340902210112
2022/2023,Female,disabled,NECO,Polytechnic,state,Zamfara,North West,Zamfara,,,,106,84,100,2,1,0,22,0,98,1,1.658340902210112
2022/2023,Female,disabled,NECO,Polytechnic,state,Abia,South East,Abia,,,,0,0,0,18,17,0,0,0,0,1,1.658340902210112
2022/2023,Female,disabled,NECO,Polytechnic,state,Anambra,South East,Anambra,,,,0,0,0,25,22,0,0,0,0,3,1.658340902210112
2022/2023,Female,disabled,NECO,Polytechnic,state,Ebonyi,South East,Ebonyi,,,,59,47,56,24,22,0,12,0,32,2,1.658340902210112
2022/2023,Female,disabled,NECO,Polytechnic,state,Enugu,South East,Enugu,,,,209,169,195,19,17,0,40,0,176,2,1.658340902210112
2022/2023,Female,disabled,NECO,Polytechnic,state,Imo,South East,Imo,,,,271,218,261,30,29,0,53,0,231,1,1.658340902210112
2022/2023,Female,disabled,NECO,Polytechnic,state,Akwa Ibom,South South,Akwa Ibom,,,,129,103,122,29,26,0,26,0,93,3,1.658340902210112
2022/2023,Female,disabled,NECO,Polytechnic,state,Bayelsa,South South,Bayelsa,,,,126,101,110,4,3,0,25,0,106,1,1.658340902210112
2022/2023,Female,disabled,NECO,Polytechnic,state,Cross River,South South,Cross River,,,,0,0,0,13,12,0,0,0,0,1,1.658340902210112
2022/2023,Female,disabled,NECO,Polytechnic,state,Delta,South South,Delta,,,,27,22,25,39,38,0,5,0,0,1,1.658340902210112
2022/2023,Female,disabled,NECO,Polytechnic,state,Edo,South South,Edo,,,,66,53,62,29,27,0,13,0,33,2,1.658340902210112
2022/2023,Female,disabled,NECO,Polytechnic,state,Rivers,South South,Rivers,,,,174,140,158,15,13,0,34,0,143,2,1.658340902210112
2022/2023,Female,disabled,NECO,Polytechnic,state,Ekiti,South West,Ekiti,,,,102,81,92,80,68,1,21,0,12,12,1.658340902210112
2022/2023,Female,disabled,NECO,Polytechnic,state,Lagos,South West,Lagos,,,,628,502,583,23,21,0,126,0,560,2,1.658340902210112
2022/2023,Female,disabled,NECO,Polytechnic,state,Ogun,South West,Ogun,,,,274,220,252,82,74,1,54,0,170,8,1.658340902210112
2022/2023,Female,disabled,NECO,Polytechnic,state,Ondo,South West,Ondo,,,,70,56,68,43,39,0,14,0,25,4,1.658340902210112
2022/2023,Female,disabled,NECO,Polytechnic,state,Osun,South West,Osun,,,,8,7,8,72,64,1,1,0,0,8,1.658340902210112
2022/2023,Female,disabled,NECO,Polytechnic,state,Oyo,South West,Oyo,,,,222,177,203,97,89,1,45,0,106,8,1.658340902210112
2022/2023,Female,disabled,NECO,University,state,Benue,North Central,Benue,,,,86,69,80,254,222,3,17,0,0,32,1.658340902210112
2022/2023,Female,disabled,NECO,University,state,Abuja Federal Capital Territory,North Central,Abuja Federal Capital Territory,,,,59,47,51,15,13,0,12,0,36,2,1.658340902210112
2022/2023,Female,disabled,NECO,University,state,Kogi,North Central,Kogi,,,,54,43,51,280,270,1,11,0,0,10,1.658340902210112
2022/2023,Female,disabled,NECO,University,state,Kwara,North Central,Kwara,,,,176,141,165,233,217,1,35,0,0,16,1.658340902210112
2022/2023,Female,disabled,NECO,University,state,Nasarawa,North Central,Nasarawa,,,,23,18,21,118,104,1,5,0,0,14,1.658340902210112
2022/2023,Female,disabled,NECO,University,state,Niger,North Central,Niger,,,,73,59,69,79,70,1,14,0,0,9,1.658340902210112
2022/2023,Female,disabled,NECO,University,state,Plateau,North Central,Plateau,,,,78,63,72,95,86,1,15,0,0,9,1.658340902210112
2022/2023,Female,disabled,NECO,University,state,Adamawa,North East,Adamawa,,,,325,261,305,117,112,0,64,0,188,5,1.658340902210112
2022/2023,Female,disabled,NECO,University,state,Bauchi,North East,Bauchi,,,,184,148,165,85,77,1,36,0,80,8,1.658340902210112
2022/2023,Female,disabled,NECO,University,state,Borno,North East,Borno,,,,177,142,162,145,130,1,35,0,17,15,1.658340902210112
2022/2023,Female,disabled,NECO,University,state,Gombe,North East,Gombe,,,,67,53,58,87,76,1,14,0,0,11,1.658340902210112
2022/2023,Female,disabled,NECO,University,state,Taraba,North East,Taraba,,,,16,13,14,121,118,0,3,0,0,3,1.658340902210112
2022/2023,Female,disabled,NECO,University,state,Yobe,North East,Yobe,,,,104,84,95,70,68,0,20,0,25,2,1.658340902210112
2022/2023,Female,disabled,NECO,University,state,Jigawa,North West,Jigawa,,,,189,151,172,61,56,0,38,0,111,5,1.658340902210112
2022/2023,Female,disabled,NECO,University,state,Kaduna,North West,Kaduna,,,,434,348,396,222,212,1,86,0,174,10,1.658340902210112
2022/2023,Female,disabled,NECO,University,state,Kano,North West,Kano,,,,777,621,721,177,157,2,156,0,544,20,1.658340902210112
2022/2023,Female,disabled,NECO,University,state,Katsina,North West,Katsina,,,,115,92,103,90,79,1,23,0,13,11,1.658340902210112
2022/2023,Female,disabled,NECO,University,state,Kebbi,North West,Kebbi,,,,165,133,155,58,52,0,32,0,97,6,1.658340902210112
2022/2023,Female,disabled,NECO,University,state,Sokoto,North West,Sokoto,,,,135,108,121,56,51,0,27,0,65,5,1.658340902210112
2022/2023,Female,disabled,NECO,University,state,Zamfara,North West,Zamfara,,,,84,68,78,26,25,0,16,0,52,1,1.658340902210112
2022/2023,Female,disabled,NECO,University,state,Abia,South East,Abia,,,,0,0,0,210,194,1,0,0,0,16,1.658340902210112
2022/2023,Female,disabled,NECO,University,state,Anambra,South East,Anambra,,,,0,0,0,302,273,2,0,0,0,29,1.658340902210112
2022/2023,Female,disabled,NECO,University,state,Ebonyi,South East,Ebonyi,,,,103,83,96,118,110,1,20,0,0,8,1.658340902210112
2022/2023,Female,disabled,NECO,University,state,Enugu,South East,Enugu,,,,121,97,113,221,206,1,24,0,0,15,1.658340902210112
2022/2023,Female,disabled,NECO,University,state,Imo,South East,Imo,,,,255,205,233,307,297,1,50,0,0,10,1.658340902210112
2022/2023,Female,disabled,NECO,University,state,Akwa Ibom,South South,Akwa Ibom,,,,186,149,179,229,208,2,37,0,0,21,1.658340902210112
2022/2023,Female,disabled,NECO,University,state,Bayelsa,South South,Bayelsa,,,,61,49,59,104,98,0,12,0,0,6,1.658340902210112
2022/2023,Female,disabled,NECO,University,state,Cross River,South South,Cross River,,,,0,0,0,142,129,1,0,0,0,13,1.658340902210112
2022/2023,Female,disabled,NECO,University,state,Delta,South South,Delta,,,,18,15,17,230,229,0,3,0,0,1,1.658340902210112
2022/2023,Female,disabled,NECO,University,state,Edo,South South,Edo,,,,107,86,104,164,149,1,21,0,0,15,1.658340902210112
2022/2023,Female,disabled,NECO,University,state,Rivers,South South,Rivers,,,,165,132,161,240,221,2,33,0,0,19,1.658340902210112
2022/2023,Female,disabled,NECO,University,state,Ekiti,South West,Ekiti,,,,169,135,158,63,54,1,34,0,95,9,1.658340902210112
2022/2023,Female,disabled,NECO,University,state,Lagos,South West,Lagos,,,,538,431,506,103,92,1,107,0,403,11,1.658340902210112
2022/2023,Female,disabled,NECO,University,state,Ogun,South West,Ogun,,,,192,154,172,294,264,2,38,0,0,30,1.658340902210112
2022/2023,Female,disabled,NECO,University,state,Ondo,South West,Ondo,,,,60,48,55,188,174,1,12,0,0,14,1.658340902210112
2022/2023,Female,disabled,NECO,University,state,Osun,South West,Osun,,,,7,6,7,263,240,2,1,0,0,23,1.658340902210112
2022/2023,Female,disabled,NECO,University,state,Oyo,South West,Oyo,,,,392,314,379,294,255,3,78,0,85,39,1.658340902210112
2022/2023,Female,disabled,WAEC,College of Education,state,Benue,North Central,Benue,,,,126,101,116,22,21,0,25,0,94,1,1.658340902210112
2022/2023,Female,disabled,WAEC,College of Education,state,Abuja Federal Capital Territory,North Central,Abuja Federal Capital Territory,,,,137,109,127,15,14,0,28,0,112,1,1.658340902210112
2022/2023,Female,disabled,WAEC,College of Education,state,Kogi,North Central,Kogi,,,,56,45,50,29,27,0,11,0,21,2,1.658340902210112
2022/2023,Female,disabled,WAEC,College of Education,state,Kwara,North Central,Kwara,,,,179,142,168,51,45,0,37,0,117,6,1.658340902210112
2022/2023,Female,disabled,WAEC,College of Education,state,Nasarawa,North Central,Nasarawa,,,,35,28,33,55,51,0,7,0,0,4,1.658340902210112
2022/2023,Female,disabled,WAEC,College of Education,state,Niger,North Central,Niger,,,,121,96,111,17,15,0,25,0,94,2,1.658340902210112
2022/2023,Female,disabled,WAEC,College of Education,state,Plateau,North Central,Plateau,,,,79,63,76,84,82,0,16,0,0,2,1.658340902210112
2022/2023,Female,disabled,WAEC,College of Education,state,Adamawa,North East,Adamawa,,,,383,305,350,19,17,0,78,0,331,2,1.658340902210112
2022/2023,Female,disabled,WAEC,College of Education,state,Bauchi,North East,Bauchi,,,,297,237,282,37,35,0,60,0,245,2,1.658340902210112
2022/2023,Female,disabled,WAEC,College of Education,state,Borno,North East,Borno,,,,200,160,184,7,6,0,40,0,177,1,1.658340902210112
2022/2023,Female,disabled,WAEC,College of Education,state,Gombe,North East,Gombe,,,,142,114,132,57,53,0,28,0,75,4,1.658340902210112
2022/2023,Female,disabled,WAEC,College of Education,state,Taraba,North East,Taraba,,,,42,33,39,5,4,0,9,0,34,1,1.658340902210112
2022/2023,Female,disabled,WAEC,College of Education,state,Yobe,North East,Yobe,,,,141,113,130,53,48,0,28,0,77,5,1.658340902210112
2022/2023,Female,disabled,WAEC,College of Education,state,Jigawa,North West,Jigawa,,,,260,207,247,18,16,0,53,0,229,2,1.658340902210112
2022/2023,Female,disabled,WAEC,College of Education,state,Kaduna,North West,Kaduna,,,,526,420,484,82,74,1,106,0,402,8,1.658340902210112
2022/2023,Female,disabled,WAEC,College of Education,state,Kano,North West,Kano,,,,964,770,870,97,94,0,194,0,773,3,1.658340902210112
2022/2023,Female,disabled,WAEC,College of Education,state,Katsina,North West,Katsina,,,,179,143,169,44,41,0,36,0,125,3,1.658340902210112
2022/2023,Female,disabled,WAEC,College of Education,state,Kebbi,North West,Kebbi,,,,126,100,117,3,2,0,26,0,114,1,1.658340902210112
2022/2023,Female,disabled,WAEC,College of Education,state,Sokoto,North West,Sokoto,,,,127,102,119,8,7,0,25,0,111,1,1.658340902210112
2022/2023,Female,disabled,WAEC,College of Education,state,Zamfara,North West,Zamfara,,,,171,136,159,9,8,0,35,0,150,1,1.658340902210112
2022/2023,Female,disabled,WAEC,College of Education,state,Abia,South East,Abia,,,,0,0,0,9,8,0,0,0,0,1,1.658340902210112
2022/2023,Female,disabled,WAEC,College of Education,state,Anambra,South East,Anambra,,,,0,0,0,35,33,0,0,0,0,2,1.658340902210112
2022/2023,Female,disabled,WAEC,College of Education,state,Ebonyi,South East,Ebonyi,,,,48,38,44,6,5,0,10,0,38,1,1.658340902210112
2022/2023,Female,disabled,WAEC,College of Education,state,Enugu,South East,Enugu,,,,188,150,175,29,27,0,38,0,146,2,1.658340902210112
2022/2023,Female,disabled,WAEC,College of Education,state,Imo,South East,Imo,,,,327,261,298,40,36,0,66,0,258,4,1.658340902210112
2022/2023,Female,disabled,WAEC,College of Education,state,Akwa Ibom,South South,Akwa Ibom,,,,186,149,175,25,22,0,37,0,150,3,1.658340902210112
2022/2023,Female,disabled,WAEC,College of Education,state,Bayelsa,South South,Bayelsa,,,,223,179,209,1,0,0,44,0,208,1,1.658340902210112
2022/2023,Female,disabled,WAEC,College of Education,state,Cross River,South South,Cross River,,,,0,0,0,16,15,0,0,0,0,1,1.658340902210112
2022/2023,Female,disabled,WAEC,College of Education,state,Delta,South South,Delta,,,,23,18,21,22,19,0,5,0,0,3,1.658340902210112
2022/2023,Female,disabled,WAEC,College of Education,state,Edo,South South,Edo,,,,144,115,134,12,11,0,29,0,122,1,1.658340902210112
2022/2023,Female,disabled,WAEC,College of Education,state,Rivers,South South,Rivers,,,,200,159,189,9,8,0,41,0,180,1,1.658340902210112
2022/2023,Female,disabled,WAEC,College of Education,state,Ekiti,South West,Ekiti,,,,306,244,287,66,63,0,62,0,221,3,1.658340902210112
2022/2023,Female,disabled,WAEC,College of Education,state,Lagos,South West,Lagos,,,,436,348,399,20,18,0,88,0,379,2,1.658340902210112
2022/2023,Female,disabled,WAEC,College of Education,state,Ogun,South West,Ogun,,,,461,368,432,56,55,0,93,0,376,1,1.658340902210112
2022/2023,Female,disabled,WAEC,College of Education,state,Ondo,South West,Ondo,,,,75,60,68,47,45,0,15,0,21,2,1.658340902210112
2022/2023,Female,disabled,WAEC,College of Education,state,Osun,South West,Osun,,,,7,6,6,82,78,0,1,0,0,4,1.658340902210112
2022/2023,Female,disabled,WAEC,College of Education,state,Oyo,South West,Oyo,,,,599,477,554,126,119,1,122,0,428,7,1.658340902210112
2022/2023,Female,disabled,WAEC,Polytechnic,state,Benue,North Central,Benue,,,,129,103,119,32,31,0,26,0,87,1,1.658340902210112
2022/2023,Female,disabled,WAEC,Polytechnic,state,Abuja Federal Capital Territory,North Central,Abuja Federal Capital Territory,,,,124,99,113,3,2,0,25,0,110,1,1.658340902210112
2022/2023,Female,disabled,WAEC,Polytechnic,state,Kogi,North Central,Kogi,,,,52,41,48,62,57,0,11,0,0,5,1.658340902210112
2022/2023,Female,disabled,WAEC,Polytechnic,state,Kwara,North Central,Kwara,,,,262,209,241,45,40,0,53,0,196,5,1.658340902210112
2022/2023,Female,disabled,WAEC,Polytechnic,state,Nasarawa,North Central,Nasarawa,,,,30,24,28,16,15,0,6,0,12,1,1.658340902210112
2022/2023,Female,disabled,WAEC,Polytechnic,state,Niger,North Central,Niger,,,,97,77,90,22,19,0,20,0,68,3,1.658340902210112
2022/2023,Female,disabled,WAEC,Polytechnic,state,Plateau,North Central,Plateau,,,,79,63,71,36,34,0,16,0,35,2,1.658340902210112
2022/2023,Female,disabled,WAEC,Polytechnic,state,Adamawa,North East,Adamawa,,,,360,287,343,7,6,0,73,0,336,1,1.658340902210112
2022/2023,Female,disabled,WAEC,Polytechnic,state,Bauchi,North East,Bauchi,,,,147,118,138,31,30,0,29,0,107,1,1.658340902210112
2022/2023,Female,disabled,WAEC,Polytechnic,state,Borno,North East,Borno,,,,229,183,214,17,15,0,46,0,197,2,1.658340902210112
2022/2023,Female,disabled,WAEC,Polytechnic,state,Gombe,North East,Gombe,,,,130,104,121,9,8,0,26,0,112,1,1.658340902210112
2022/2023,Female,disabled,WAEC,Polytechnic,state,Taraba,North East,Taraba,,,,40,32,37,14,12,0,8,0,23,2,1.658340902210112
2022/2023,Female,disabled,WAEC,Polytechnic,state,Yobe,North East,Yobe,,,,163,130,146,20,18,0,33,0,126,2,1.658340902210112
2022/2023,Female,disabled,WAEC,Polytechnic,state,Jigawa,North West,Jigawa,,,,235,187,218,18,16,0,48,0,200,2,1.658340902210112
2022/2023,Female,disabled,WAEC,Polytechnic,state,Kaduna,North West,Kaduna,,,,193,153,173,67,60,1,40,0,106,7,1.658340902210112
2022/2023,Female,disabled,WAEC,Polytechnic,state,Kano,North West,Kano,,,,814,645,747,46,45,0,169,0,701,1,1.658340902210112
2022/2023,Female,disabled,WAEC,Polytechnic,state,Katsina,North West,Katsina,,,,153,122,146,39,37,0,31,0,107,2,1.658340902210112
2022/2023,Female,disabled,WAEC,Polytechnic,state,Kebbi,North West,Kebbi,,,,166,132,152,9,8,0,34,0,143,1,1.658340902210112
2022/2023,Female,disabled,WAEC,Polytechnic,state,Sokoto,North West,Sokoto,,,,103,82,93,2,1,0,21,0,91,1,1.658340902210112
2022/2023,Female,disabled,WAEC,Polytechnic,state,Zamfara,North West,Zamfara,,,,133,106,121,2,1,0,27,0,119,1,1.658340902210112
2022/2023,Female,disabled,WAEC,Polytechnic,state,Abia,South East,Abia,,,,0,0,0,19,18,0,0,0,0,1,1.658340902210112
2022/2023,Female,disabled,WAEC,Polytechnic,state,Anambra,South East,Anambra,,,,0,0,0,31,29,0,0,0,0,2,1.658340902210112
2022/2023,Female,disabled,WAEC,Polytechnic,state,Ebonyi,South East,Ebonyi,,,,72,58,67,26,22,0,14,0,41,4,1.658340902210112
2022/2023,Female,disabled,WAEC,Polytechnic,state,Enugu,South East,Enugu,,,,279,222,257,20,18,0,57,0,237,2,1.658340902210112
2022/2023,Female,disabled,WAEC,Polytechnic,state,Imo,South East,Imo,,,,358,285,339,36,32,0,73,0,303,4,1.658340902210112
2022/2023,Female,disabled,WAEC,Polytechnic,state,Akwa Ibom,South South,Akwa Ibom,,,,170,136,156,25,22,0,34,0,131,3,1.658340902210112
2022/2023,Female,disabled,WAEC,Polytechnic,state,Bayelsa,South South,Bayelsa,,,,168,134,152,5,4,0,34,0,147,1,1.658340902210112
2022/2023,Female,disabled,WAEC,Polytechnic,state,Cross River,South South,Cross River,,,,0,0,0,14,13,0,0,0,0,1,1.658340902210112
2022/2023,Female,disabled,WAEC,Polytechnic,state,Delta,South South,Delta,,,,36,29,33,56,48,1,7,0,0,8,1.658340902210112
2022/2023,Female,disabled,WAEC,Polytechnic,state,Edo,South South,Edo,,,,88,70,80,34,32,0,18,0,46,2,1.658340902210112
2022/2023,Female,disabled,WAEC,Polytechnic,state,Rivers,South South,Rivers,,,,233,185,214,17,16,0,48,0,197,1,1.658340902210112
2022/2023,Female,disabled,WAEC,Polytechnic,state,Ekiti,South West,Ekiti,,,,131,105,118,96,89,1,26,0,22,7,1.658340902210112
2022/2023,Female,disabled,WAEC,Polytechnic,state,Lagos,South West,Lagos,,,,803,639,743,27,25,0,164,0,716,2,1.658340902210112
2022/2023,Female,disabled,WAEC,Polytechnic,state,Ogun,South West,Ogun,,,,342,273,312,88,85,0,69,0,224,3,1.658340902210112
2022/2023,Female,disabled,WAEC,Polytechnic,state,Ondo,South West,Ondo,,,,90,72,84,45,43,0,18,0,39,2,1.658340902210112
2022/2023,Female,disabled,WAEC,Polytechnic,state,Osun,South West,Osun,,,,11,9,10,79,75,0,2,0,0,4,1.658340902210112
2022/2023,Female,disabled,WAEC,Polytechnic,state,Oyo,South West,Oyo,,,,300,238,268,103,96,1,62,0,165,7,1.658340902210112
2022/2023,Female,disabled,WAEC,University,state,Benue,North Central,Benue,,,,117,93,108,295,291,0,24,0,0,4,1.658340902210112
2022/2023,Female,disabled,WAEC,University,state,Abuja Federal Capital Territory,North Central,Abuja Federal Capital Territory,,,,75,60,71,14,13,0,15,0,57,1,1.658340902210112
2022/2023,Female,disabled,WAEC,University,state,Kogi,North Central,Kogi,,,,71,57,65,312,286,2,14,0,0,26,1.658340902210112
2022/2023,Female,disabled,WAEC,University,state,Kwara,North Central,Kwara,,,,225,179,204,271,245,2,46,0,0,26,1.658340902210112
2022/2023,Female,disabled,WAEC,University,state,Nasarawa,North Central,Nasarawa,,,,29,23,27,117,107,1,6,0,0,10,1.658340902210112
2022/2023,Female,disabled,WAEC,University,state,Niger,North Central,Niger,,,,97,77,88,97,86,1,20,0,0,11,1.658340902210112
2022/2023,Female,disabled,WAEC,University,state,Plateau,North Central,Plateau,,,,102,81,94,116,111,0,21,0,0,5,1.658340902210112
2022/2023,Female,disabled,WAEC,University,state,Adamawa,North East,Adamawa,,,,448,358,414,124,108,1,90,0,290,16,1.658340902210112
2022/2023,Female,disabled,WAEC,University,state,Bauchi,North East,Bauchi,,,,244,194,225,95,90,0,50,0,130,5,1.658340902210112
2022/2023,Female,disabled,WAEC,University,state,Borno,North East,Borno,,,,222,178,210,158,143,1,44,0,52,15,1.658340902210112
2022/2023,Female,disabled,WAEC,University,state,Gombe,North East,Gombe,,,,86,68,76,87,82,0,18,0,0,5,1.658340902210112
2022/2023,Female,disabled,WAEC,University,state,Taraba,North East,Taraba,,,,22,17,20,172,155,1,5,0,0,17,1.658340902210112
2022/2023,Female,disabled,WAEC,University,state,Yobe,North East,Yobe,,,,136,108,128,90,82,1,28,0,38,8,1.658340902210112
2022/2023,Female,disabled,WAEC,University,state,Jigawa,North West,Jigawa,,,,244,194,220,65,58,1,50,0,155,7,1.658340902210112
2022/2023,Female,disabled,WAEC,University,state,Kaduna,North West,Kaduna,,,,580,461,535,283,256,2,119,0,252,27,1.658340902210112
2022/2023,Female,disabled,WAEC,University,state,Kano,North West,Kano,,,,1013,803,948,173,170,0,210,0,775,3,1.658340902210112
2022/2023,Female,disabled,WAEC,University,state,Katsina,North West,Katsina,,,,152,121,142,100,92,1,31,0,42,8,1.658340902210112
2022/2023,Female,disabled,WAEC,University,state,Kebbi,North West,Kebbi,,,,226,180,208,71,68,0,46,0,137,3,1.658340902210112
2022/2023,Female,disabled,WAEC,University,state,Sokoto,North West,Sokoto,,,,182,145,169,58,55,0,37,0,111,3,1.658340902210112
2022/2023,Female,disabled,WAEC,University,state,Zamfara,North West,Zamfara,,,,110,88,100,25,24,0,22,0,75,1,1.658340902210112
2022/2023,Female,disabled,WAEC,University,state,Abia,South East,Abia,,,,0,0,0,246,226,2,0,0,0,20,1.658340902210112
2022/2023,Female,disabled,WAEC,University,state,Anambra,South East,Anambra,,,,0,0,0,343,322,2,0,0,0,21,1.658340902210112
2022/2023,Female,disabled,WAEC,University,state,Ebonyi,South East,Ebonyi,,,,139,110,128,134,117,1,29,0,0,17,1.658340902210112
2022/2023,Female,disabled,WAEC,University,state,Enugu,South East,Enugu,,,,155,123,144,268,245,2,32,0,0,23,1.658340902210112
2022/2023,Female,disabled,WAEC,University,state,Imo,South East,Imo,,,,330,262,303,407,369,3,68,0,0,38,1.658340902210112
2022/2023,Female,disabled,WAEC,University,state,Akwa Ibom,South South,Akwa Ibom,,,,238,189,223,263,235,2,49,0,0,28,1.658340902210112
2022/2023,Female,disabled,WAEC,University,state,Bayelsa,South South,Bayelsa,,,,78,62,74,110,109,0,16,0,0,1,1.658340902210112
2022/2023,Female,disabled,WAEC,University,state,Cross River,South South,Cross River,,,,0,0,0,181,170,1,0,0,0,11,1.658340902210112
2022/2023,Female,disabled,WAEC,University,state,Delta,South South,Delta,,,,25,20,23,297,257,3,5,0,0,40,1.658340902210112
2022/2023,Female,disabled,WAEC,University,state,Edo,South South,Edo,,,,146,117,134,209,200,1,29,0,0,9,1.658340902210112
2022/2023,Female,disabled,WAEC,University,state,Rivers,South South,Rivers,,,,214,170,198,209,208,0,44,0,0,1,1.658340902210112
2022/2023,Female,disabled,WAEC,University,state,Ekiti,South West,Ekiti,,,,216,172,199,74,70,0,44,0,125,4,1.658340902210112
2022/2023,Female,disabled,WAEC,University,state,Lagos,South West,Lagos,,,,695,553,651,112,107,0,142,0,539,5,1.658340902210112
2022/2023,Female,disabled,WAEC,University,state,Ogun,South West,Ogun,,,,258,206,234,279,274,0,52,0,0,5,1.658340902210112
2022/2023,Female,disabled,WAEC,University,state,Ondo,South West,Ondo,,,,78,62,70,220,213,1,16,0,0,7,1.658340902210112
2022/2023,Female,disabled,WAEC,University,state,Osun,South West,Osun,,,,10,8,9,281,245,3,2,0,0,36,1.658340902210112
2022/2023,Female,disabled,WAEC,University,state,Oyo,South West,Oyo,,,,524,417,476,322,304,1,107,0,154,18,1.658340902210112
2022/2023,Male,all,NABTEB,College of Education,state,Benue,North Central,Benue,,,,826,661,752,125,111,1,165,0,627,14,1.658340902210112
2022/2023,Male,all,NABTEB,College of Education,state,Abuja Federal Capital Territory,North Central,Abuja Federal Capital Territory,,,,571,457,524,91,88,0,114,0,433,3,1.658340902210112
2022/2023,Male,all,NABTEB,College of Education,state,Kogi,North Central,Kogi,,,,310,248,286,167,156,1,62,0,119,11,1.658340902210112
2022/2023,Male,all,NABTEB,College of Education,state,Kwara,North Central,Kwara,,,,993,794,898,257,242,1,199,0,641,15,1.658340902210112
2022/2023,Male,all,NABTEB,College of Education,state,Nasarawa,North Central,Nasarawa,,,,175,140,163,276,254,2,35,0,0,22,1.658340902210112
2022/2023,Male,all,NABTEB,College of Education,state,Niger,North Central,Niger,,,,731,585,676,96,83,1,146,0,580,13,1.658340902210112
2022/2023,Male,all,NABTEB,College of Education,state,Plateau,North Central,Plateau,,,,379,304,350,535,476,5,75,0,0,59,1.658340902210112
2022/2023,Male,all,NABTEB,College of Education,state,Adamawa,North East,Adamawa,,,,1903,1522,1724,85,83,0,381,0,1639,2,1.658340902210112
2022/2023,Male,all,NABTEB,College of Education,state,Bauchi,North East,Bauchi,,,,1905,1525,1785,212,189,2,380,0,1573,23,1.658340902210112
2022/2023,Male,all,NABTEB,College of Education,state,Borno,North East,Borno,,,,1016,812,930,38,34,0,204,0,892,4,1.658340902210112
2022/2023,Male,all,NABTEB,College of Education,state,Gombe,North East,Gombe,,,,988,790,926,360,332,2,198,0,566,28,1.658340902210112
2022/2023,Male,all,NABTEB,College of Education,state,Taraba,North East,Taraba,,,,267,213,248,23,21,0,54,0,225,2,1.658340902210112
2022/2023,Male,all,NABTEB,College of Education,state,Yobe,North East,Yobe,,,,715,572,651,270,261,1,143,0,381,9,1.658340902210112
2022/2023,Male,all,NABTEB,College of Education,state,Jigawa,North West,Jigawa,,,,1557,1246,1471,85,81,0,311,0,1386,4,1.658340902210112
2022/2023,Male,all,NABTEB,College of Education,state,Kaduna,North West,Kaduna,,,,2745,2195,2527,427,388,3,550,0,2100,39,1.658340902210112
2022/2023,Male,all,NABTEB,College of Education,state,Kano,North West,Kano,,,,4757,3804,4457,597,547,4,953,0,3860,50,1.658340902210112
2022/2023,Male,all,NABTEB,College of Education,state,Katsina,North West,Katsina,,,,1083,867,997,252,231,2,216,0,745,21,1.658340902210112
2022/2023,Male,all,NABTEB,College of Education,state,Kebbi,North West,Kebbi,,,,981,785,915,18,17,0,196,0,897,1,1.658340902210112
2022/2023,Male,all,NABTEB,College of Education,state,Sokoto,North West,Sokoto,,,,835,668,783,45,41,0,167,0,738,4,1.658340902210112
2022/2023,Male,all,NABTEB,College of Education,state,Zamfara,North West,Zamfara,,,,1675,1340,1533,49,43,0,335,0,1484,6,1.658340902210112
2022/2023,Male,all,NABTEB,College of Education,state,Abia,South East,Abia,,,,2,2,2,58,53,0,0,0,0,5,1.658340902210112
2022/2023,Male,all,NABTEB,College of Education,state,Anambra,South East,Anambra,,,,4,3,4,197,179,1,1,0,0,18,1.658340902210112
2022/2023,Male,all,NABTEB,College of Education,state,Ebonyi,South East,Ebonyi,,,,214,171,194,33,29,0,43,0,161,4,1.658340902210112
2022/2023,Male,all,NABTEB,College of Education,state,Enugu,South East,Enugu,,,,808,646,742,157,144,1,162,0,585,13,1.658340902210112
2022/2023,Male,all,NABTEB,College of Education,state,Imo,South East,Imo,,,,1706,1364,1581,224,194,2,342,0,1357,30,1.658340902210112
2022/2023,Male,all,NABTEB,College of Education,state,Akwa Ibom,South South,Akwa Ibom,,,,912,730,845,177,157,2,182,0,668,20,1.658340902210112
2022/2023,Male,all,NABTEB,College of Education,state,Bayelsa,South South,Bayelsa,,,,1172,937,1082,8,7,0,235,0,1074,1,1.658340902210112
2022/2023,Male,all,NABTEB,College of Education,state,Cross River,South South,Cross River,,,,1,1,1,79,73,0,0,0,0,6,1.658340902210112
2022/2023,Male,all,NABTEB,College of Education,state,Delta,South South,Delta,,,,119,96,109,130,120,1,23,0,0,10,1.658340902210112
2022/2023,Male,all,NABTEB,College of Education,state,Edo,South South,Edo,,,,601,482,553,66,58,1,119,0,487,8,1.658340902210112
2022/2023,Male,all,NABTEB,College of Education,state,Rivers,South South,Rivers,,,,1024,820,951,56,50,0,204,0,895,6,1.658340902210112
2022/2023,Male,all,NABTEB,College of Education,state,Ekiti,South West,Ekiti,,,,1004,803,931,405,366,3,201,0,526,39,1.658340902210112
2022/2023,Male,all,NABTEB,College of Education,state,Lagos,South West,Lagos,,,,1866,1492,1761,127,116,1,374,0,1634,11,1.658340902210112
2022/2023,Male,all,NABTEB,College of Education,state,Ogun,South West,Ogun,,,,1972,1578,1805,373,343,2,394,0,1432,30,1.658340902210112
2022/2023,Male,all,NABTEB,College of Education,state,Ondo,South West,Ondo,,,,425,340,387,306,282,2,85,0,81,24,1.658340902210112
2022/2023,Male,all,NABTEB,College of Education,state,Osun,South West,Osun,,,,33,26,30,523,464,5,7,0,0,59,1.658340902210112
2022/2023,Male,all,NABTEB,College of Education,state,Oyo,South West,Oyo,,,,3136,2511,2919,777,733,4,625,0,2142,44,1.658340902210112
2022/2023,Male,all,NABTEB,Polytechnic,state,Benue,North Central,Benue,,,,818,654,757,180,154,2,164,0,577,26,1.658340902210112
2022/2023,Male,all,NABTEB,Polytechnic,state,Abuja Federal Capital Territory,North Central,Abuja Federal Capital Territory,,,,467,374,439,17,15,0,93,0,422,2,1.658340902210112
2022/2023,Male,all,NABTEB,Polytechnic,state,Kogi,North Central,Kogi,,,,288,230,269,375,334,3,58,0,0,41,1.658340902210112
2022/2023,Male,all,NABTEB,Polytechnic,state,Kwara,North Central,Kwara,,,,1433,1148,1330,271,246,2,285,0,1059,25,1.658340902210112
2022/2023,Male,all,NABTEB,Polytechnic,state,Nasarawa,North Central,Nasarawa,,,,150,120,139,87,80,1,30,0,52,7,1.658340902210112
2022/2023,Male,all,NABTEB,Polytechnic,state,Niger,North Central,Niger,,,,578,462,530,136,126,1,116,0,394,10,1.658340902210112
2022/2023,Male,all,NABTEB,Polytechnic,state,Plateau,North Central,Plateau,,,,386,308,361,246,220,2,78,0,115,26,1.658340902210112
2022/2023,Male,all,NABTEB,Polytechnic,state,Adamawa,North East,Adamawa,,,,1831,1464,1673,35,34,0,367,0,1638,1,1.658340902210112
2022/2023,Male,all,NABTEB,Polytechnic,state,Bauchi,North East,Bauchi,,,,938,752,862,188,174,1,186,0,674,14,1.658340902210112
2022/2023,Male,all,NABTEB,Polytechnic,state,Borno,North East,Borno,,,,1149,919,1077,94,86,1,230,0,983,8,1.658340902210112
2022/2023,Male,all,NABTEB,Polytechnic,state,Gombe,North East,Gombe,,,,880,703,802,47,44,0,177,0,755,3,1.658340902210112
2022/2023,Male,all,NABTEB,Polytechnic,state,Taraba,North East,Taraba,,,,241,193,222,58,53,0,48,0,164,5,1.658340902210112
2022/2023,Male,all,NABTEB,Polytechnic,state,Yobe,North East,Yobe,,,,865,692,803,104,92,1,173,0,699,12,1.658340902210112
2022/2023,Male,all,NABTEB,Polytechnic,state,Jigawa,North West,Jigawa,,,,1394,1116,1253,81,74,1,278,0,1172,7,1.658340902210112
2022/2023,Male,all,NABTEB,Polytechnic,state,Kaduna,North West,Kaduna,,,,1082,866,995,397,364,3,216,0,598,33,1.658340902210112
2022/2023,Male,all,NABTEB,Polytechnic,state,Kano,North West,Kano,,,,3746,2998,3416,240,224,1,748,0,3176,16,1.658340902210112
2022/2023,Male,all,NABTEB,Polytechnic,state,Katsina,North West,Katsina,,,,932,746,856,211,189,2,186,0,645,22,1.658340902210112
2022/2023,Male,all,NABTEB,Polytechnic,state,Kebbi,North West,Kebbi,,,,1141,912,1047,51,46,0,229,0,996,5,1.658340902210112
2022/2023,Male,all,NABTEB,Polytechnic,state,Sokoto,North West,Sokoto,,,,615,492,566,13,12,0,123,0,553,1,1.658340902210112
2022/2023,Male,all,NABTEB,Polytechnic,state,Zamfara,North West,Zamfara,,,,1287,1030,1215,13,12,0,257,0,1202,1,1.658340902210112
2022/2023,Male,all,NABTEB,Polytechnic,state,Abia,South East,Abia,,,,1,1,1,103,91,1,0,0,0,12,1.658340902210112
2022/2023,Male,all,NABTEB,Polytechnic,state,Anambra,South East,Anambra,,,,3,3,3,158,144,1,0,0,0,14,1.658340902210112
2022/2023,Male,all,NABTEB,Polytechnic,state,Ebonyi,South East,Ebonyi,,,,305,244,285,145,133,1,61,0,140,12,1.658340902210112
2022/2023,Male,all,NABTEB,Polytechnic,state,Enugu,South East,Enugu,,,,1119,896,1046,119,109,1,223,0,927,10,1.658340902210112
2022/2023,Male,all,NABTEB,Polytechnic,state,Imo,South East,Imo,,,,1813,1451,1676,210,187,2,362,0,1466,23,1.658340902210112
2022/2023,Male,all,NABTEB,Polytechnic,state,Akwa Ibom,South South,Akwa Ibom,,,,824,660,771,201,184,1,164,0,570,17,1.658340902210112
2022/2023,Male,all,NABTEB,Polytechnic,state,Bayelsa,South South,Bayelsa,,,,875,701,813,32,29,0,174,0,781,3,1.658340902210112
2022/2023,Male,all,NABTEB,Polytechnic,state,Cross River,South South,Cross River,,,,1,1,1,76,71,0,0,0,0,5,1.658340902210112
2022/2023,Male,all,NABTEB,Polytechnic,state,Delta,South South,Delta,,,,176,140,160,263,238,2,36,0,0,25,1.658340902210112
2022/2023,Male,all,NABTEB,Polytechnic,state,Edo,South South,Edo,,,,400,320,366,217,197,2,80,0,149,20,1.658340902210112
2022/2023,Male,all,NABTEB,Polytechnic,state,Rivers,South South,Rivers,,,,1181,946,1076,93,83,1,235,0,983,10,1.658340902210112
2022/2023,Male,all,NABTEB,Polytechnic,state,Ekiti,South West,Ekiti,,,,472,377,439,611,538,6,95,0,0,73,1.658340902210112
2022/2023,Male,all,NABTEB,Polytechnic,state,Lagos,South West,Lagos,,,,3759,3008,3520,162,149,1,751,0,3358,13,1.658340902210112
2022/2023,Male,all,NABTEB,Polytechnic,state,Ogun,South West,Ogun,,,,1424,1139,1333,591,520,6,285,0,742,71,1.658340902210112
2022/2023,Male,all,NABTEB,Polytechnic,state,Ondo,South West,Ondo,,,,477,382,440,275,248,2,95,0,165,27,1.658340902210112
2022/2023,Male,all,NABTEB,Polytechnic,state,Osun,South West,Osun,,,,47,37,43,503,446,5,10,0,0,57,1.658340902210112
2022/2023,Male,all,NABTEB,Polytechnic,state,Oyo,South West,Oyo,,,,1370,1096,1271,603,562,3,274,0,668,41,1.658340902210112
2022/2023,Male,all,NABTEB,University,state,Benue,North Central,Benue,,,,717,575,665,1619,1424,16,142,0,0,195,1.658340902210112
2022/2023,Male,all,NABTEB,University,state,Abuja Federal Capital Territory,North Central,Abuja Federal Capital Territory,,,,352,282,321,95,90,0,70,0,226,5,1.658340902210112
2022/2023,Male,all,NABTEB,University,state,Kogi,North Central,Kogi,,,,383,306,351,1659,1509,12,77,0,0,150,1.658340902210112
2022/2023,Male,all,NABTEB,University,state,Kwara,North Central,Kwara,,,,1203,963,1129,1438,1321,9,240,0,0,117,1.658340902210112
2022/2023,Male,all,NABTEB,University,state,Nasarawa,North Central,Nasarawa,,,,159,127,146,677,609,5,32,0,0,68,1.658340902210112
2022/2023,Male,all,NABTEB,University,state,Niger,North Central,Niger,,,,584,467,540,510,461,4,117,0,30,49,1.658340902210112
2022/2023,Male,all,NABTEB,University,state,Plateau,North Central,Plateau,,,,509,407,469,703,619,7,102,0,0,84,1.658340902210112
2022/2023,Male,all,NABTEB,University,state,Adamawa,North East,Adamawa,,,,2279,1824,2126,704,639,5,455,0,1422,65,1.658340902210112
2022/2023,Male,all,NABTEB,University,state,Bauchi,North East,Bauchi,,,,1462,1169,1340,507,439,5,293,0,833,68,1.658340902210112
2022/2023,Male,all,NABTEB,University,state,Borno,North East,Borno,,,,1176,940,1071,884,832,4,236,0,187,52,1.658340902210112
2022/2023,Male,all,NABTEB,University,state,Gombe,North East,Gombe,,,,577,462,541,431,391,3,115,0,110,40,1.658340902210112
2022/2023,Male,all,NABTEB,University,state,Taraba,North East,Taraba,,,,138,110,124,701,633,5,28,0,0,68,1.658340902210112
2022/2023,Male,all,NABTEB,University,state,Yobe,North East,Yobe,,,,636,509,589,442,397,4,127,0,147,45,1.658340902210112
2022/2023,Male,all,NABTEB,University,state,Jigawa,North West,Jigawa,,,,1517,1213,1388,333,308,2,304,0,1055,25,1.658340902210112
2022/2023,Male,all,NABTEB,University,state,Kaduna,North West,Kaduna,,,,3206,2565,2920,1626,1487,11,641,0,1294,139,1.658340902210112
2022/2023,Male,all,NABTEB,University,state,Kano,North West,Kano,,,,4882,3907,4497,1049,920,10,975,0,3448,129,1.658340902210112
2022/2023,Male,all,NABTEB,University,state,Katsina,North West,Katsina,,,,882,706,819,488,454,3,176,0,331,34,1.658340902210112
2022/2023,Male,all,NABTEB,University,state,Kebbi,North West,Kebbi,,,,1560,1247,1437,377,343,3,313,0,1060,34,1.658340902210112
2022/2023,Male,all,NABTEB,University,state,Sokoto,North West,Sokoto,,,,1089,872,990,315,302,1,217,0,675,13,1.658340902210112
2022/2023,Male,all,NABTEB,University,state,Zamfara,North West,Zamfara,,,,1063,851,970,161,154,1,212,0,809,7,1.658340902210112
2022/2023,Male,all,NABTEB,University,state,Abia,South East,Abia,,,,2,1,2,1237,1128,9,1,0,0,109,1.658340902210112
2022/2023,Male,all,NABTEB,University,state,Anambra,South East,Anambra,,,,4,3,4,1917,1731,15,1,0,0,186,1.658340902210112
2022/2023,Male,all,NABTEB,University,state,Ebonyi,South East,Ebonyi,,,,573,458,531,721,665,4,115,0,0,56,1.658340902210112
2022/2023,Male,all,NABTEB,University,state,Enugu,South East,Enugu,,,,669,535,615,1311,1168,11,134,0,0,143,1.658340902210112
2022/2023,Male,all,NABTEB,University,state,Imo,South East,Imo,,,,1593,1276,1480,2099,1801,24,317,0,0,298,1.658340902210112
2022/2023,Male,all,NABTEB,University,state,Akwa Ibom,South South,Akwa Ibom,,,,1084,867,1001,1676,1528,12,217,0,0,148,1.658340902210112
2022/2023,Male,all,NABTEB,University,state,Bayelsa,South South,Bayelsa,,,,410,328,385,746,654,7,82,0,0,92,1.658340902210112
2022/2023,Male,all,NABTEB,University,state,Cross River,South South,Cross River,,,,1,1,1,937,892,4,0,0,0,45,1.658340902210112
2022/2023,Male,all,NABTEB,University,state,Delta,South South,Delta,,,,117,94,110,1661,1539,10,23,0,0,122,1.658340902210112
2022/2023,Male,all,NABTEB,University,state,Edo,South South,Edo,,,,645,515,596,1209,1032,14,130,0,0,177,1.658340902210112
2022/2023,Male,all,NABTEB,University,state,Rivers,South South,Rivers,,,,1149,919,1074,1425,1267,13,230,0,0,158,1.658340902210112
2022/2023,Male,all,NABTEB,University,state,Ekiti,South West,Ekiti,,,,793,634,740,462,434,2,159,0,278,28,1.658340902210112
2022/2023,Male,all,NABTEB,University,state,Lagos,South West,Lagos,,,,3475,2780,3186,773,699,6,695,0,2413,74,1.658340902210112
2022/2023,Male,all,NABTEB,University,state,Ogun,South West,Ogun,,,,1051,841,972,1822,1594,18,210,0,0,228,1.658340902210112
2022/2023,Male,all,NABTEB,University,state,Ondo,South West,Ondo,,,,387,309,356,1308,1170,11,78,0,0,138,1.658340902210112
2022/2023,Male,all,NABTEB,University,state,Osun,South West,Osun,,,,45,36,42,1909,1708,16,9,0,0,201,1.658340902210112
2022/2023,Male,all,NABTEB,University,state,Oyo,South West,Oyo,,,,2583,2067,2369,1844,1710,11,516,0,525,134,1.658340902210112
2022/2023,Male,all,NECO,College of Education,state,Benue,North Central,Benue,,,,1524,1219,1410,244,224,2,305,0,1166,20,1.658340902210112
2022/2023,Male,all,NECO,College of Education,state,Abuja Federal Capital Territory,North Central,Abuja Federal Capital Territory,,,,1059,847,973,165,146,2,212,0,808,19,1.658340902210112
2022/2023,Male,all,NECO,College of Education,state,Kogi,North Central,Kogi,,,,566,453,526,342,315,2,113,0,184,27,1.658340902210112
2022/2023,Male,all,NECO,College of Education,state,Kwara,North Central,Kwara,,,,1851,1480,1684,570,529,3,371,0,1114,41,1.658340902210112
2022/2023,Male,all,NECO,College of Education,state,Nasarawa,North Central,Nasarawa,,,,328,262,303,631,578,4,66,0,0,53,1.658340902210112
2022/2023,Male,all,NECO,College of Education,state,Niger,North Central,Niger,,,,1393,1114,1274,173,157,1,279,0,1101,16,1.658340902210112
2022/2023,Male,all,NECO,College of Education,state,Plateau,North Central,Plateau,,,,696,557,643,955,904,4,139,0,0,51,1.658340902210112
2022/2023,Male,all,NECO,College of Education,state,Adamawa,North East,Adamawa,,,,3543,2833,3249,181,169,1,710,0,3068,12,1.658340902210112
2022/2023,Male,all,NECO,College of Education,state,Bauchi,North East,Bauchi,,,,3470,2777,3153,395,366,2,693,0,2758,29,1.658340902210112
2022/2023,Male,all,NECO,College of Education,state,Borno,North East,Borno,,,,1943,1555,1779,68,64,0,388,0,1711,4,1.658340902210112
2022/2023,Male,all,NECO,College of Education,state,Gombe,North East,Gombe,,,,1851,1481,1716,711,658,4,370,0,1005,53,1.658340902210112
2022/2023,Male,all,NECO,College of Education,state,Taraba,North East,Taraba,,,,485,388,451,45,41,0,97,0,406,4,1.658340902210112
2022/2023,Male,all,NECO,College of Education,state,Yobe,North East,Yobe,,,,1332,1065,1217,512,449,5,267,0,705,63,1.658340902210112
2022/2023,Male,all,NECO,College of Education,state,Jigawa,North West,Jigawa,,,,2949,2360,2767,170,156,1,589,0,2597,14,1.658340902210112
2022/2023,Male,all,NECO,College of Education,state,Kaduna,North West,Kaduna,,,,5124,4098,4768,811,740,6,1026,0,3957,71,1.658340902210112
2022/2023,Male,all,NECO,College of Education,state,Kano,North West,Kano,,,,9189,7350,8413,1081,962,10,1839,0,7332,119,1.658340902210112
2022/2023,Male,all,NECO,College of Education,state,Katsina,North West,Katsina,,,,2035,1628,1871,517,466,4,407,0,1354,51,1.658340902210112
2022/2023,Male,all,NECO,College of Education,state,Kebbi,North West,Kebbi,,,,1839,1472,1708,38,33,0,367,0,1670,5,1.658340902210112
2022/2023,Male,all,NECO,College of Education,state,Sokoto,North West,Sokoto,,,,1549,1239,1429,88,80,1,310,0,1341,8,1.658340902210112
2022/2023,Male,all,NECO,College of Education,state,Zamfara,North West,Zamfara,,,,3140,2512,2886,95,89,0,628,0,2791,6,1.658340902210112
2022/2023,Male,all,NECO,College of Education,state,Abia,South East,Abia,,,,4,3,4,125,116,1,1,0,0,9,1.658340902210112
2022/2023,Male,all,NECO,College of Education,state,Anambra,South East,Anambra,,,,8,6,7,420,382,3,2,0,0,38,1.658340902210112
2022/2023,Male,all,NECO,College of Education,state,Ebonyi,South East,Ebonyi,,,,407,326,368,78,71,1,81,0,290,7,1.658340902210112
2022/2023,Male,all,NECO,College of Education,state,Enugu,South East,Enugu,,,,1529,1224,1404,378,351,2,305,0,1026,27,1.658340902210112
2022/2023,Male,all,NECO,College of Education,state,Imo,South East,Imo,,,,3265,2612,2969,425,392,3,653,0,2544,33,1.658340902210112
2022/2023,Male,all,NECO,College of Education,state,Akwa Ibom,South South,Akwa Ibom,,,,1727,1380,1572,319,299,2,347,0,1253,20,1.658340902210112
2022/2023,Male,all,NECO,College of Education,state,Bayelsa,South South,Bayelsa,,,,2226,1780,2037,14,13,0,446,0,2023,1,1.658340902210112
2022/2023,Male,all,NECO,College of Education,state,Cross River,South South,Cross River,,,,1,1,1,177,160,1,0,0,0,17,1.658340902210112
2022/2023,Male,all,NECO,College of Education,state,Delta,South South,Delta,,,,227,182,206,262,244,1,45,0,0,18,1.658340902210112
2022/2023,Male,all,NECO,College of Education,state,Edo,South South,Edo,,,,1140,912,1054,120,108,1,228,0,934,12,1.658340902210112
2022/2023,Male,all,NECO,College of Education,state,Rivers,South South,Rivers,,,,1950,1560,1773,128,119,1,390,0,1645,9,1.658340902210112
2022/2023,Male,all,NECO,College of Education,state,Ekiti,South West,Ekiti,,,,1907,1526,1765,788,717,6,381,0,977,71,1.658340902210112
2022/2023,Male,all,NECO,College of Education,state,Lagos,South West,Lagos,,,,3466,2773,3170,218,192,2,693,0,2952,26,1.658340902210112
2022/2023,Male,all,NECO,College of Education,state,Ogun,South West,Ogun,,,,3766,3012,3493,687,624,5,754,0,2806,63,1.658340902210112
2022/2023,Male,all,NECO,College of Education,state,Ondo,South West,Ondo,,,,793,634,727,640,592,4,159,0,87,48,1.658340902210112
2022/2023,Male,all,NECO,College of Education,state,Osun,South West,Osun,,,,60,48,56,1052,984,5,12,0,0,68,1.658340902210112
2022/2023,Male,all,NECO,College of Education,state,Oyo,South West,Oyo,,,,5730,4584,5287,1551,1367,15,1146,0,3736,184,1.658340902210112
2022/2023,Male,all,NECO,Polytechnic,state,Benue,North Central,Benue,,,,1554,1243,1420,350,319,2,311,0,1070,31,1.658340902210112
2022/2023,Male,all,NECO,Polytechnic,state,Abuja Federal Capital Territory,North Central,Abuja Federal Capital Territory,,,,904,723,845,33,29,0,181,0,812,4,1.658340902210112
2022/2023,Male,all,NECO,Polytechnic,state,Kogi,North Central,Kogi,,,,543,434,497,781,723,5,109,0,0,58,1.658340902210112
2022/2023,Male,all,NECO,Polytechnic,state,Kwara,North Central,Kwara,,,,2585,2067,2376,544,500,4,518,0,1832,44,1.658340902210112
2022/2023,Male,all,NECO,Polytechnic,state,Nasarawa,North Central,Nasarawa,,,,288,231,264,187,173,1,57,0,77,14,1.658340902210112
2022/2023,Male,all,NECO,Polytechnic,state,Niger,North Central,Niger,,,,1063,851,969,221,205,1,212,0,748,16,1.658340902210112
2022/2023,Male,all,NECO,Polytechnic,state,Plateau,North Central,Plateau,,,,731,585,676,480,453,2,146,0,196,27,1.658340902210112
2022/2023,Male,all,NECO,Polytechnic,state,Adamawa,North East,Adamawa,,,,3560,2848,3331,71,66,0,712,0,3260,5,1.658340902210112
2022/2023,Male,all,NECO,Polytechnic,state,Bauchi,North East,Bauchi,,,,1813,1450,1684,378,348,2,363,0,1306,30,1.658340902210112
2022/2023,Male,all,NECO,Polytechnic,state,Borno,North East,Borno,,,,2203,1762,2057,165,157,1,441,0,1892,8,1.658340902210112
2022/2023,Male,all,NECO,Polytechnic,state,Gombe,North East,Gombe,,,,1687,1349,1539,113,103,1,338,0,1426,10,1.658340902210112
2022/2023,Male,all,NECO,Polytechnic,state,Taraba,North East,Taraba,,,,461,369,424,125,112,1,92,0,299,13,1.658340902210112
2022/2023,Male,all,NECO,Polytechnic,state,Yobe,North East,Yobe,,,,1653,1323,1531,197,180,1,330,0,1334,17,1.658340902210112
2022/2023,Male,all,NECO,Polytechnic,state,Jigawa,North West,Jigawa,,,,2692,2154,2468,157,148,1,538,0,2311,9,1.658340902210112
2022/2023,Male,all,NECO,Polytechnic,state,Kaduna,North West,Kaduna,,,,2065,1652,1916,734,674,5,413,0,1182,60,1.658340902210112
2022/2023,Male,all,NECO,Polytechnic,state,Kano,North West,Kano,,,,6787,5431,6112,449,401,4,1356,0,5663,48,1.658340902210112
2022/2023,Male,all,NECO,Polytechnic,state,Katsina,North West,Katsina,,,,1838,1471,1704,443,401,3,367,0,1261,42,1.658340902210112
2022/2023,Male,all,NECO,Polytechnic,state,Kebbi,North West,Kebbi,,,,2125,1700,1949,106,94,1,425,0,1843,12,1.658340902210112
2022/2023,Male,all,NECO,Polytechnic,state,Sokoto,North West,Sokoto,,,,1130,904,1044,23,21,0,226,0,1021,2,1.658340902210112
2022/2023,Male,all,NECO,Polytechnic,state,Zamfara,North West,Zamfara,,,,2428,1941,2214,23,22,0,487,0,2191,1,1.658340902210112
2022/2023,Male,all,NECO,Polytechnic,state,Abia,South East,Abia,,,,3,2,3,236,223,1,1,0,0,13,1.658340902210112
2022/2023,Male,all,NECO,Polytechnic,state,Anambra,South East,Anambra,,,,6,5,5,357,326,2,1,0,0,31,1.658340902210112
2022/2023,Male,all,NECO,Polytechnic,state,Ebonyi,South East,Ebonyi,,,,598,479,557,330,305,2,119,0,227,25,1.658340902210112
2022/2023,Male,all,NECO,Polytechnic,state,Enugu,South East,Enugu,,,,2035,1628,1874,249,236,1,407,0,1625,13,1.658340902210112
2022/2023,Male,all,NECO,Polytechnic,state,Imo,South East,Imo,,,,3316,2654,3075,425,386,3,662,0,2650,39,1.658340902210112
2022/2023,Male,all,NECO,Polytechnic,state,Akwa Ibom,South South,Akwa Ibom,,,,1517,1213,1390,340,317,2,304,0,1050,23,1.658340902210112
2022/2023,Male,all,NECO,Polytechnic,state,Bayelsa,South South,Bayelsa,,,,1602,1282,1481,57,52,0,320,0,1424,5,1.658340902210112
2022/2023,Male,all,NECO,Polytechnic,state,Cross River,South South,Cross River,,,,2,1,1,181,165,1,1,0,0,16,1.658340902210112
2022/2023,Male,all,NECO,Polytechnic,state,Delta,South South,Delta,,,,324,259,299,555,524,2,65,0,0,31,1.658340902210112
2022/2023,Male,all,NECO,Polytechnic,state,Edo,South South,Edo,,,,740,592,683,401,364,3,148,0,282,37,1.658340902210112
2022/2023,Male,all,NECO,Polytechnic,state,Rivers,South South,Rivers,,,,2231,1784,2047,217,200,1,447,0,1830,17,1.658340902210112
2022/2023,Male,all,NECO,Polytechnic,state,Ekiti,South West,Ekiti,,,,864,692,780,1128,1026,8,172,0,0,102,1.658340902210112
2022/2023,Male,all,NECO,Polytechnic,state,Lagos,South West,Lagos,,,,7065,5651,6533,304,269,3,1414,0,6229,35,1.658340902210112
2022/2023,Male,all,NECO,Polytechnic,state,Ogun,South West,Ogun,,,,2647,2117,2424,1051,961,7,530,0,1373,90,1.658340902210112
2022/2023,Male,all,NECO,Polytechnic,state,Ondo,South West,Ondo,,,,888,710,823,578,529,4,178,0,245,49,1.658340902210112
2022/2023,Male,all,NECO,Polytechnic,state,Osun,South West,Osun,,,,89,71,81,969,900,6,18,0,0,69,1.658340902210112
2022/2023,Male,all,NECO,Polytechnic,state,Oyo,South West,Oyo,,,,2634,2108,2398,1340,1191,12,526,0,1058,149,1.658340902210112
2022/2023,Male,all,NECO,University,state,Benue,North Central,Benue,,,,1328,1063,1210,3050,2817,19,265,0,0,233,1.658340902210112
2022/2023,Male,all,NECO,University,state,Abuja Federal Capital Territory,North Central,Abuja Federal Capital Territory,,,,660,528,603,167,147,2,132,0,436,20,1.658340902210112
2022/2023,Male,all,NECO,University,state,Kogi,North Central,Kogi,,,,721,576,659,3368,3110,21,145,0,0,258,1.658340902210112
2022/2023,Male,all,NECO,University,state,Kwara,North Central,Kwara,,,,2289,1831,2096,2940,2714,18,458,0,0,226,1.658340902210112
2022/2023,Male,all,NECO,University,state,Nasarawa,North Central,Nasarawa,,,,293,234,267,1409,1308,8,59,0,0,101,1.658340902210112
2022/2023,Male,all,NECO,University,state,Niger,North Central,Niger,,,,1092,873,1007,940,851,7,219,0,67,89,1.658340902210112
2022/2023,Male,all,NECO,University,state,Plateau,North Central,Plateau,,,,992,793,908,1421,1342,6,199,0,0,79,1.658340902210112
2022/2023,Male,all,NECO,University,state,Adamawa,North East,Adamawa,,,,4184,3348,3839,1364,1272,7,836,0,2475,92,1.658340902210112
2022/2023,Male,all,NECO,University,state,Bauchi,North East,Bauchi,,,,2801,2240,2575,987,934,4,561,0,1588,53,1.658340902210112
2022/2023,Male,all,NECO,University,state,Borno,North East,Borno,,,,2107,1686,1937,1615,1503,9,421,0,322,112,1.658340902210112
2022/2023,Male,all,NECO,University,state,Gombe,North East,Gombe,,,,1051,841,961,874,804,6,210,0,87,70,1.658340902210112
2022/2023,Male,all,NECO,University,state,Taraba,North East,Taraba,,,,265,212,242,1568,1378,15,53,0,0,190,1.658340902210112
2022/2023,Male,all,NECO,University,state,Yobe,North East,Yobe,,,,1190,953,1096,824,725,8,237,0,272,99,1.658340902210112
2022/2023,Male,all,NECO,University,state,Jigawa,North West,Jigawa,,,,2782,2225,2539,612,568,4,557,0,1927,44,1.658340902210112
2022/2023,Male,all,NECO,University,state,Kaduna,North West,Kaduna,,,,6113,4891,5590,2892,2644,20,1222,0,2698,248,1.658340902210112
2022/2023,Male,all,NECO,University,state,Kano,North West,Kano,,,,9022,7217,8380,2027,1824,16,1805,0,6353,203,1.658340902210112
2022/2023,Male,all,NECO,University,state,Katsina,North West,Katsina,,,,1622,1297,1488,1040,930,9,325,0,448,110,1.658340902210112
2022/2023,Male,all,NECO,University,state,Kebbi,North West,Kebbi,,,,2937,2350,2677,777,699,6,587,0,1900,78,1.658340902210112
2022/2023,Male,all,NECO,University,state,Sokoto,North West,Sokoto,,,,2062,1649,1886,622,565,5,413,0,1264,57,1.658340902210112
2022/2023,Male,all,NECO,University,state,Zamfara,North West,Zamfara,,,,2013,1609,1857,330,306,2,404,0,1527,24,1.658340902210112
2022/2023,Male,all,NECO,University,state,Abia,South East,Abia,,,,3,3,3,2868,2686,15,0,0,0,182,1.658340902210112
2022/2023,Male,all,NECO,University,state,Anambra,South East,Anambra,,,,7,6,7,4252,3893,29,1,0,0,359,1.658340902210112
2022/2023,Male,all,NECO,University,state,Ebonyi,South East,Ebonyi,,,,1028,823,942,1550,1425,10,205,0,0,125,1.658340902210112
2022/2023,Male,all,NECO,University,state,Enugu,South East,Enugu,,,,1281,1025,1188,3165,2978,15,256,0,0,187,1.658340902210112
2022/2023,Male,all,NECO,University,state,Imo,South East,Imo,,,,3079,2463,2794,4456,4149,25,616,0,0,307,1.658340902210112
2022/2023,Male,all,NECO,University,state,Akwa Ibom,South South,Akwa Ibom,,,,2069,1655,1916,3116,2889,18,414,0,0,227,1.658340902210112
2022/2023,Male,all,NECO,University,state,Bayelsa,South South,Bayelsa,,,,797,638,746,1409,1285,10,159,0,0,124,1.658340902210112
2022/2023,Male,all,NECO,University,state,Cross River,South South,Cross River,,,,1,1,1,2043,1875,13,0,0,0,168,1.658340902210112
2022/2023,Male,all,NECO,University,state,Delta,South South,Delta,,,,223,179,205,3337,3113,18,44,0,0,224,1.658340902210112
2022/2023,Male,all,NECO,University,state,Edo,South South,Edo,,,,1200,960,1095,2169,1980,15,240,0,0,189,1.658340902210112
2022/2023,Male,all,NECO,University,state,Rivers,South South,Rivers,,,,2052,1642,1918,3101,2896,16,410,0,0,205,1.658340902210112
2022/2023,Male,all,NECO,University,state,Ekiti,South West,Ekiti,,,,1461,1169,1344,889,804,7,292,0,455,85,1.658340902210112
2022/2023,Male,all,NECO,University,state,Lagos,South West,Lagos,,,,6529,5222,5986,1429,1288,11,1307,0,4557,141,1.658340902210112
2022/2023,Male,all,NECO,University,state,Ogun,South West,Ogun,,,,1931,1544,1745,3204,2996,17,387,0,0,208,1.658340902210112
2022/2023,Male,all,NECO,University,state,Ondo,South West,Ondo,,,,722,577,659,2670,2469,16,145,0,0,201,1.658340902210112
2022/2023,Male,all,NECO,University,state,Osun,South West,Osun,,,,86,68,79,3638,3366,22,18,0,0,272,1.658340902210112
2022/2023,Male,all,NECO,University,state,Oyo,South West,Oyo,,,,4880,3902,4421,4035,3610,34,978,0,386,425,1.658340902210112
2022/2023,Male,all,WAEC,College of Education,state,Benue,North Central,Benue,,,,2004,1603,1847,338,315,2,401,0,1509,23,1.658340902210112
2022/2023,Male,all,WAEC,College of Education,state,Abuja Federal Capital Territory,North Central,Abuja Federal Capital Territory,,,,1392,1113,1275,235,220,1,279,0,1040,15,1.658340902210112
2022/2023,Male,all,WAEC,College of Education,state,Kogi,North Central,Kogi,,,,761,608,708,469,428,3,153,0,239,41,1.658340902210112
2022/2023,Male,all,WAEC,College of Education,state,Kwara,North Central,Kwara,,,,2423,1939,2242,736,670,5,484,0,1506,66,1.658340902210112
2022/2023,Male,all,WAEC,College of Education,state,Nasarawa,North Central,Nasarawa,,,,434,347,403,833,772,5,87,0,0,61,1.658340902210112
2022/2023,Male,all,WAEC,College of Education,state,Niger,North Central,Niger,,,,1825,1460,1684,261,245,1,365,0,1423,16,1.658340902210112
2022/2023,Male,all,WAEC,College of Education,state,Plateau,North Central,Plateau,,,,959,767,883,1391,1279,9,192,0,0,112,1.658340902210112
2022/2023,Male,all,WAEC,College of Education,state,Adamawa,North East,Adamawa,,,,4523,3619,4120,229,202,2,904,0,3891,27,1.658340902210112
2022/2023,Male,all,WAEC,College of Education,state,Bauchi,North East,Bauchi,,,,4579,3663,4197,517,477,3,916,0,3680,40,1.658340902210112
2022/2023,Male,all,WAEC,College of Education,state,Borno,North East,Borno,,,,2513,2010,2287,98,89,1,503,0,2189,9,1.658340902210112
2022/2023,Male,all,WAEC,College of Education,state,Gombe,North East,Gombe,,,,2434,1948,2265,918,844,6,486,0,1347,74,1.658340902210112
2022/2023,Male,all,WAEC,College of Education,state,Taraba,North East,Taraba,,,,646,517,591,61,56,0,129,0,530,5,1.658340902210112
2022/2023,Male,all,WAEC,College of Education,state,Yobe,North East,Yobe,,,,1762,1409,1624,734,687,4,353,0,890,47,1.658340902210112
2022/2023,Male,all,WAEC,College of Education,state,Jigawa,North West,Jigawa,,,,4035,3228,3757,255,234,2,807,0,3502,21,1.658340902210112
2022/2023,Male,all,WAEC,College of Education,state,Kaduna,North West,Kaduna,,,,6803,5442,6373,1250,1167,7,1361,0,5123,83,1.658340902210112
2022/2023,Male,all,WAEC,College of Education,state,Kano,North West,Kano,,,,11720,9375,10780,1419,1337,7,2345,0,9361,82,1.658340902210112
2022/2023,Male,all,WAEC,College of Education,state,Katsina,North West,Katsina,,,,2645,2115,2437,655,610,4,530,0,1782,45,1.658340902210112
2022/2023,Male,all,WAEC,College of Education,state,Kebbi,North West,Kebbi,,,,2338,1871,2147,46,43,0,467,0,2101,3,1.658340902210112
2022/2023,Male,all,WAEC,College of Education,state,Sokoto,North West,Sokoto,,,,2012,1609,1855,114,103,1,403,0,1741,11,1.658340902210112
2022/2023,Male,all,WAEC,College of Education,state,Zamfara,North West,Zamfara,,,,4163,3330,3824,129,119,1,833,0,3695,10,1.658340902210112
2022/2023,Male,all,WAEC,College of Education,state,Abia,South East,Abia,,,,5,4,5,170,155,1,1,0,0,15,1.658340902210112
2022/2023,Male,all,WAEC,College of Education,state,Anambra,South East,Anambra,,,,10,8,9,544,506,3,2,0,0,38,1.658340902210112
2022/2023,Male,all,WAEC,College of Education,state,Ebonyi,South East,Ebonyi,,,,530,424,480,102,96,0,106,0,378,6,1.658340902210112
2022/2023,Male,all,WAEC,College of Education,state,Enugu,South East,Enugu,,,,1993,1594,1820,472,437,3,399,0,1348,35,1.658340902210112
2022/2023,Male,all,WAEC,College of Education,state,Imo,South East,Imo,,,,4363,3490,4028,619,579,3,873,0,3409,40,1.658340902210112
2022/2023,Male,all,WAEC,College of Education,state,Akwa Ibom,South South,Akwa Ibom,,,,2267,1814,2075,432,395,3,453,0,1643,37,1.658340902210112
2022/2023,Male,all,WAEC,College of Education,state,Bayelsa,South South,Bayelsa,,,,2902,2321,2641,22,20,0,581,0,2619,2,1.658340902210112
2022/2023,Male,all,WAEC,College of Education,state,Cross River,South South,Cross River,,,,2,1,2,234,217,1,1,0,0,17,1.658340902210112
2022/2023,Male,all,WAEC,College of Education,state,Delta,South South,Delta,,,,296,237,270,370,338,3,59,0,0,32,1.658340902210112
2022/2023,Male,all,WAEC,College of Education,state,Edo,South South,Edo,,,,1531,1224,1420,186,175,1,307,0,1234,11,1.658340902210112
2022/2023,Male,all,WAEC,College of Education,state,Rivers,South South,Rivers,,,,2545,2036,2334,152,139,1,509,0,2182,13,1.658340902210112
2022/2023,Male,all,WAEC,College of Education,state,Ekiti,South West,Ekiti,,,,2511,2008,2342,980,913,5,503,0,1362,67,1.658340902210112
2022/2023,Male,all,WAEC,College of Education,state,Lagos,South West,Lagos,,,,4629,3703,4243,297,282,1,926,0,3946,15,1.658340902210112
2022/2023,Male,all,WAEC,College of Education,state,Ogun,South West,Ogun,,,,4971,3977,4585,968,904,5,994,0,3617,64,1.658340902210112
2022/2023,Male,all,WAEC,College of Education,state,Ondo,South West,Ondo,,,,1022,818,937,806,744,5,204,0,131,62,1.658340902210112
2022/2023,Male,all,WAEC,College of Education,state,Osun,South West,Osun,,,,79,63,71,1250,1143,9,16,0,0,107,1.658340902210112
2022/2023,Male,all,WAEC,College of Education,state,Oyo,South West,Oyo,,,,7520,6016,7047,1959,1853,8,1504,0,5088,106,1.658340902210112
2022/2023,Male,all,WAEC,Polytechnic,state,Benue,North Central,Benue,,,,2029,1623,1855,478,445,3,406,0,1377,33,1.658340902210112
2022/2023,Male,all,WAEC,Polytechnic,state,Abuja Federal Capital Territory,North Central,Abuja Federal Capital Territory,,,,1163,930,1069,46,44,0,233,0,1023,2,1.658340902210112
2022/2023,Male,all,WAEC,Polytechnic,state,Kogi,North Central,Kogi,,,,696,557,642,1060,987,6,139,0,0,73,1.658340902210112
2022/2023,Male,all,WAEC,Polytechnic,state,Kwara,North Central,Kwara,,,,3402,2722,3119,715,654,5,680,0,2404,61,1.658340902210112
2022/2023,Male,all,WAEC,Polytechnic,state,Nasarawa,North Central,Nasarawa,,,,378,302,346,253,236,1,76,0,93,17,1.658340902210112
2022/2023,Male,all,WAEC,Polytechnic,state,Niger,North Central,Niger,,,,1413,1131,1302,333,311,2,282,0,969,22,1.658340902210112
2022/2023,Male,all,WAEC,Polytechnic,state,Plateau,North Central,Plateau,,,,913,730,839,619,563,4,183,0,220,56,1.658340902210112
2022/2023,Male,all,WAEC,Polytechnic,state,Adamawa,North East,Adamawa,,,,4657,3726,4320,92,84,1,931,0,4228,8,1.658340902210112
2022/2023,Male,all,WAEC,Polytechnic,state,Bauchi,North East,Bauchi,,,,2270,1817,2116,499,457,3,453,0,1617,42,1.658340902210112
2022/2023,Male,all,WAEC,Polytechnic,state,Borno,North East,Borno,,,,2852,2281,2640,232,209,2,571,0,2408,23,1.658340902210112
2022/2023,Male,all,WAEC,Polytechnic,state,Gombe,North East,Gombe,,,,2165,1733,1979,137,125,1,432,0,1842,12,1.658340902210112
2022/2023,Male,all,WAEC,Polytechnic,state,Taraba,North East,Taraba,,,,617,494,571,172,162,1,123,0,399,10,1.658340902210112
2022/2023,Male,all,WAEC,Polytechnic,state,Yobe,North East,Yobe,,,,2154,1723,1980,276,260,1,431,0,1704,16,1.658340902210112
2022/2023,Male,all,WAEC,Polytechnic,state,Jigawa,North West,Jigawa,,,,3475,2780,3164,230,209,2,695,0,2934,21,1.658340902210112
2022/2023,Male,all,WAEC,Polytechnic,state,Kaduna,North West,Kaduna,,,,2678,2142,2492,1078,1005,6,536,0,1414,73,1.658340902210112
2022/2023,Male,all,WAEC,Polytechnic,state,Kano,North West,Kano,,,,9049,7241,8285,646,605,3,1808,0,7639,41,1.658340902210112
2022/2023,Male,all,WAEC,Polytechnic,state,Katsina,North West,Katsina,,,,2389,1912,2206,574,536,3,477,0,1632,38,1.658340902210112
2022/2023,Male,all,WAEC,Polytechnic,state,Kebbi,North West,Kebbi,,,,2823,2259,2599,142,133,1,564,0,2457,9,1.658340902210112
2022/2023,Male,all,WAEC,Polytechnic,state,Sokoto,North West,Sokoto,,,,1486,1189,1373,30,27,0,297,0,1343,3,1.658340902210112
2022/2023,Male,all,WAEC,Polytechnic,state,Zamfara,North West,Zamfara,,,,3122,2500,2879,31,28,0,622,0,2848,3,1.658340902210112
2022/2023,Male,all,WAEC,Polytechnic,state,Abia,South East,Abia,,,,4,3,3,320,293,2,1,0,0,27,1.658340902210112
2022/2023,Male,all,WAEC,Polytechnic,state,Anambra,South East,Anambra,,,,7,6,7,427,398,2,1,0,0,29,1.658340902210112
2022/2023,Male,all,WAEC,Polytechnic,state,Ebonyi,South East,Ebonyi,,,,745,597,690,398,370,2,148,0,292,28,1.658340902210112
2022/2023,Male,all,WAEC,Polytechnic,state,Enugu,South East,Enugu,,,,2731,2184,2523,323,291,3,547,0,2200,32,1.658340902210112
2022/2023,Male,all,WAEC,Polytechnic,state,Imo,South East,Imo,,,,4391,3513,4015,568,529,3,878,0,3447,39,1.658340902210112
2022/2023,Male,all,WAEC,Polytechnic,state,Akwa Ibom,South South,Akwa Ibom,,,,1940,1553,1793,450,408,3,387,0,1343,42,1.658340902210112
2022/2023,Male,all,WAEC,Polytechnic,state,Bayelsa,South South,Bayelsa,,,,2108,1687,1941,85,79,0,421,0,1856,6,1.658340902210112
2022/2023,Male,all,WAEC,Polytechnic,state,Cross River,South South,Cross River,,,,2,2,2,233,214,2,0,0,0,19,1.658340902210112
2022/2023,Male,all,WAEC,Polytechnic,state,Delta,South South,Delta,,,,423,338,393,781,712,6,85,0,0,69,1.658340902210112
2022/2023,Male,all,WAEC,Polytechnic,state,Edo,South South,Edo,,,,946,757,868,564,531,3,189,0,304,33,1.658340902210112
2022/2023,Male,all,WAEC,Polytechnic,state,Rivers,South South,Rivers,,,,3013,2410,2752,259,240,2,603,0,2493,19,1.658340902210112
2022/2023,Male,all,WAEC,Polytechnic,state,Ekiti,South West,Ekiti,,,,1188,950,1078,1460,1364,8,238,0,0,96,1.658340902210112
2022/2023,Male,all,WAEC,Polytechnic,state,Lagos,South West,Lagos,,,,9383,7507,8606,402,378,2,1876,0,8204,24,1.658340902210112
2022/2023,Male,all,WAEC,Polytechnic,state,Ogun,South West,Ogun,,,,3384,2707,3115,1422,1349,6,677,0,1693,73,1.658340902210112
2022/2023,Male,all,WAEC,Polytechnic,state,Ondo,South West,Ondo,,,,1210,968,1115,707,652,4,242,0,408,55,1.658340902210112
2022/2023,Male,all,WAEC,Polytechnic,state,Osun,South West,Osun,,,,117,93,107,1279,1171,9,24,0,0,108,1.658340902210112
2022/2023,Male,all,WAEC,Polytechnic,state,Oyo,South West,Oyo,,,,3456,2764,3156,1697,1580,9,692,0,1459,117,1.658340902210112
2022/2023,Male,all,WAEC,University,state,Benue,North Central,Benue,,,,1800,1439,1676,4474,4174,24,361,0,0,300,1.658340902210112
2022/2023,Male,all,WAEC,University,state,Abuja Federal Capital Territory,North Central,Abuja Federal Capital Territory,,,,862,689,786,244,228,1,173,0,542,16,1.658340902210112
2022/2023,Male,all,WAEC,University,state,Kogi,North Central,Kogi,,,,951,761,862,4453,4091,29,190,0,0,362,1.658340902210112
2022/2023,Male,all,WAEC,University,state,Kwara,North Central,Kwara,,,,3033,2426,2801,3995,3643,28,607,0,0,352,1.658340902210112
2022/2023,Male,all,WAEC,University,state,Nasarawa,North Central,Nasarawa,,,,379,303,344,1880,1733,12,76,0,0,147,1.658340902210112
2022/2023,Male,all,WAEC,University,state,Niger,North Central,Niger,,,,1449,1159,1335,1461,1365,8,290,0,0,96,1.658340902210112
2022/2023,Male,all,WAEC,University,state,Plateau,North Central,Plateau,,,,1301,1040,1186,1867,1713,12,261,0,0,154,1.658340902210112
2022/2023,Male,all,WAEC,University,state,Adamawa,North East,Adamawa,,,,5683,4546,5208,1829,1661,13,1137,0,3379,168,1.658340902210112
2022/2023,Male,all,WAEC,University,state,Bauchi,North East,Bauchi,,,,3699,2958,3391,1353,1244,9,741,0,2038,109,1.658340902210112
2022/2023,Male,all,WAEC,University,state,Borno,North East,Borno,,,,2896,2317,2648,2378,2130,20,579,0,270,248,1.658340902210112
2022/2023,Male,all,WAEC,University,state,Gombe,North East,Gombe,,,,1442,1154,1303,1193,1092,8,288,0,110,101,1.658340902210112
2022/2023,Male,all,WAEC,University,state,Taraba,North East,Taraba,,,,335,268,307,1986,1882,8,67,0,0,104,1.658340902210112
2022/2023,Male,all,WAEC,University,state,Yobe,North East,Yobe,,,,1569,1255,1436,1177,1120,5,314,0,259,57,1.658340902210112
2022/2023,Male,all,WAEC,University,state,Jigawa,North West,Jigawa,,,,3690,2952,3356,955,872,7,738,0,2401,83,1.658340902210112
2022/2023,Male,all,WAEC,University,state,Kaduna,North West,Kaduna,,,,7940,6352,7154,4356,4047,25,1588,0,2798,309,1.658340902210112
2022/2023,Male,all,WAEC,University,state,Kano,North West,Kano,,,,11895,9514,11024,2750,2571,14,2381,0,8274,179,1.658340902210112
2022/2023,Male,all,WAEC,University,state,Katsina,North West,Katsina,,,,2196,1756,1994,1444,1340,8,440,0,550,104,1.658340902210112
2022/2023,Male,all,WAEC,University,state,Kebbi,North West,Kebbi,,,,4007,3205,3691,1033,977,4,802,0,2658,56,1.658340902210112
2022/2023,Male,all,WAEC,University,state,Sokoto,North West,Sokoto,,,,2743,2194,2513,860,793,5,549,0,1653,67,1.658340902210112
2022/2023,Male,all,WAEC,University,state,Zamfara,North West,Zamfara,,,,2649,2119,2436,430,384,4,530,0,2006,46,1.658340902210112
2022/2023,Male,all,WAEC,University,state,Abia,South East,Abia,,,,4,3,4,3708,3374,27,1,0,0,334,1.658340902210112
2022/2023,Male,all,WAEC,University,state,Anambra,South East,Anambra,,,,10,8,9,5408,5043,29,2,0,0,365,1.658340902210112
2022/2023,Male,all,WAEC,University,state,Ebonyi,South East,Ebonyi,,,,1383,1107,1274,2078,1909,14,276,0,0,169,1.658340902210112
2022/2023,Male,all,WAEC,University,state,Enugu,South East,Enugu,,,,1657,1326,1505,3799,3440,29,331,0,0,359,1.658340902210112
2022/2023,Male,all,WAEC,University,state,Imo,South East,Imo,,,,3858,3086,3575,5989,5603,31,772,0,0,393,1.658340902210112
2022/2023,Male,all,WAEC,University,state,Akwa Ibom,South South,Akwa Ibom,,,,2729,2184,2501,4037,3708,26,545,0,0,329,1.658340902210112
2022/2023,Male,all,WAEC,University,state,Bayelsa,South South,Bayelsa,,,,1057,846,971,2030,1880,12,211,0,0,150,1.658340902210112
2022/2023,Male,all,WAEC,University,state,Cross River,South South,Cross River,,,,2,1,2,2727,2499,18,1,0,0,228,1.658340902210112
2022/2023,Male,all,WAEC,University,state,Delta,South South,Delta,,,,300,240,276,4816,4374,35,60,0,0,442,1.658340902210112
2022/2023,Male,all,WAEC,University,state,Edo,South South,Edo,,,,1575,1260,1442,3284,3096,15,315,0,0,188,1.658340902210112
2022/2023,Male,all,WAEC,University,state,Rivers,South South,Rivers,,,,2737,2189,2527,3662,3359,24,548,0,0,303,1.658340902210112
2022/2023,Male,all,WAEC,University,state,Ekiti,South West,Ekiti,,,,1867,1493,1683,1060,986,6,374,0,623,74,1.658340902210112
2022/2023,Male,all,WAEC,University,state,Lagos,South West,Lagos,,,,8613,6892,7879,1885,1785,8,1721,0,5994,100,1.658340902210112
2022/2023,Male,all,WAEC,University,state,Ogun,South West,Ogun,,,,2645,2116,2415,4717,4358,29,529,0,0,359,1.658340902210112
2022/2023,Male,all,WAEC,University,state,Ondo,South West,Ondo,,,,951,761,881,3255,3019,19,190,0,0,236,1.658340902210112
2022/2023,Male,all,WAEC,University,state,Osun,South West,Osun,,,,111,89,103,4641,4270,30,22,0,0,371,1.658340902210112
2022/2023,Male,all,WAEC,University,state,Oyo,South West,Oyo,,,,6477,5179,5895,5208,4939,22,1298,0,687,269,1.658340902210112
2022/2023,Male,disabled,NABTEB,College of Education,state,Benue,North Central,Benue,,,,76,62,69,15,13,0,14,0,54,2,1.658340902210112
2022/2023,Male,disabled,NABTEB,College of Education,state,Abuja Federal Capital Territory,North Central,Abuja Federal Capital Territory,,,,52,42,48,11,9,0,10,0,37,2,1.658340902210112
2022/2023,Male,disabled,NABTEB,College of Education,state,Kogi,North Central,Kogi,,,,27,22,26,22,20,0,5,0,4,2,1.658340902210112
2022/2023,Male,disabled,NABTEB,College of Education,state,Kwara,North Central,Kwara,,,,84,68,75,31,30,0,16,0,44,1,1.658340902210112
2022/2023,Male,disabled,NABTEB,College of Education,state,Nasarawa,North Central,Nasarawa,,,,14,12,13,31,28,0,2,0,0,3,1.658340902210112
2022/2023,Male,disabled,NABTEB,College of Education,state,Niger,North Central,Niger,,,,60,48,55,10,9,0,12,0,45,1,1.658340902210112
2022/2023,Male,disabled,NABTEB,College of Education,state,Plateau,North Central,Plateau,,,,33,27,30,75,65,1,6,0,0,10,1.658340902210112
2022/2023,Male,disabled,NABTEB,College of Education,state,Adamawa,North East,Adamawa,,,,165,133,148,0,0,0,32,0,148,0,1.658340902210112
2022/2023,Male,disabled,NABTEB,College of Education,state,Bauchi,North East,Bauchi,,,,162,130,146,14,13,0,32,0,132,1,1.658340902210112
2022/2023,Male,disabled,NABTEB,College of Education,state,Borno,North East,Borno,,,,90,72,81,3,2,0,18,0,78,1,1.658340902210112
2022/2023,Male,disabled,NABTEB,College of Education,state,Gombe,North East,Gombe,,,,85,69,77,39,37,0,16,0,38,2,1.658340902210112
2022/2023,Male,disabled,NABTEB,College of Education,state,Taraba,North East,Taraba,,,,23,18,20,2,1,0,5,0,18,1,1.658340902210112
2022/2023,Male,disabled,NABTEB,College of Education,state,Yobe,North East,Yobe,,,,67,53,63,24,20,0,14,0,39,4,1.658340902210112
2022/2023,Male,disabled,NABTEB,College of Education,state,Jigawa,North West,Jigawa,,,,142,114,132,9,8,0,28,0,123,1,1.658340902210112
2022/2023,Male,disabled,NABTEB,College of Education,state,Kaduna,North West,Kaduna,,,,259,209,230,42,38,0,50,0,188,4,1.658340902210112
2022/2023,Male,disabled,NABTEB,College of Education,state,Kano,North West,Kano,,,,427,345,392,57,51,0,82,0,335,6,1.658340902210112
2022/2023,Male,disabled,NABTEB,College of Education,state,Katsina,North West,Katsina,,,,100,80,88,20,19,0,20,0,68,1,1.658340902210112
2022/2023,Male,disabled,NABTEB,College of Education,state,Kebbi,North West,Kebbi,,,,90,72,79,2,1,0,18,0,77,1,1.658340902210112
2022/2023,Male,disabled,NABTEB,College of Education,state,Sokoto,North West,Sokoto,,,,73,58,68,4,3,0,15,0,64,1,1.658340902210112
2022/2023,Male,disabled,NABTEB,College of Education,state,Zamfara,North West,Zamfara,,,,144,116,132,5,4,0,28,0,127,1,1.658340902210112
2022/2023,Male,disabled,NABTEB,College of Education,state,Abia,South East,Abia,,,,0,0,0,9,7,0,0,0,0,2,1.658340902210112
2022/2023,Male,disabled,NABTEB,College of Education,state,Anambra,South East,Anambra,,,,0,0,0,29,26,0,0,0,0,3,1.658340902210112
2022/2023,Male,disabled,NABTEB,College of Education,state,Ebonyi,South East,Ebonyi,,,,17,13,15,4,3,0,4,0,11,1,1.658340902210112
2022/2023,Male,disabled,NABTEB,College of Education,state,Enugu,South East,Enugu,,,,69,56,61,23,21,0,13,0,38,2,1.658340902210112
2022/2023,Male,disabled,NABTEB,College of Education,state,Imo,South East,Imo,,,,136,109,118,30,26,0,27,0,88,4,1.658340902210112
2022/2023,Male,disabled,NABTEB,College of Education,state,Akwa Ibom,South South,Akwa Ibom,,,,81,66,70,24,23,0,15,0,46,1,1.658340902210112
2022/2023,Male,disabled,NABTEB,College of Education,state,Bayelsa,South South,Bayelsa,,,,101,81,91,1,0,0,20,0,90,1,1.658340902210112
2022/2023,Male,disabled,NABTEB,College of Education,state,Cross River,South South,Cross River,,,,0,0,0,11,10,0,0,0,0,1,1.658340902210112
2022/2023,Male,disabled,NABTEB,College of Education,state,Delta,South South,Delta,,,,11,9,9,16,14,0,2,0,0,2,1.658340902210112
2022/2023,Male,disabled,NABTEB,College of Education,state,Edo,South South,Edo,,,,54,44,48,9,7,0,10,0,39,2,1.658340902210112
2022/2023,Male,disabled,NABTEB,College of Education,state,Rivers,South South,Rivers,,,,94,76,85,8,7,0,18,0,77,1,1.658340902210112
2022/2023,Male,disabled,NABTEB,College of Education,state,Ekiti,South West,Ekiti,,,,85,68,75,51,50,0,17,0,24,1,1.658340902210112
2022/2023,Male,disabled,NABTEB,College of Education,state,Lagos,South West,Lagos,,,,186,150,167,17,16,0,36,0,150,1,1.658340902210112
2022/2023,Male,disabled,NABTEB,College of Education,state,Ogun,South West,Ogun,,,,175,141,155,48,42,0,34,0,107,6,1.658340902210112
2022/2023,Male,disabled,NABTEB,College of Education,state,Ondo,South West,Ondo,,,,37,30,33,42,38,0,7,0,0,4,1.658340902210112
2022/2023,Male,disabled,NABTEB,College of Education,state,Osun,South West,Osun,,,,3,2,3,59,54,0,1,0,0,5,1.658340902210112
2022/2023,Male,disabled,NABTEB,College of Education,state,Oyo,South West,Oyo,,,,252,203,223,110,101,1,49,0,113,9,1.658340902210112
2022/2023,Male,disabled,NABTEB,Polytechnic,state,Benue,North Central,Benue,,,,70,56,62,18,15,0,14,0,44,3,1.658340902210112
2022/2023,Male,disabled,NABTEB,Polytechnic,state,Abuja Federal Capital Territory,North Central,Abuja Federal Capital Territory,,,,39,32,37,2,1,0,7,0,35,1,1.658340902210112
2022/2023,Male,disabled,NABTEB,Polytechnic,state,Kogi,North Central,Kogi,,,,26,21,23,43,38,0,5,0,0,5,1.658340902210112
2022/2023,Male,disabled,NABTEB,Polytechnic,state,Kwara,North Central,Kwara,,,,124,100,111,32,30,0,24,0,79,2,1.658340902210112
2022/2023,Male,disabled,NABTEB,Polytechnic,state,Nasarawa,North Central,Nasarawa,,,,13,10,12,12,11,0,3,0,0,1,1.658340902210112
2022/2023,Male,disabled,NABTEB,Polytechnic,state,Niger,North Central,Niger,,,,54,43,49,18,17,0,11,0,31,1,1.658340902210112
2022/2023,Male,disabled,NABTEB,Polytechnic,state,Plateau,North Central,Plateau,,,,34,27,31,35,32,0,7,0,0,3,1.658340902210112
2022/2023,Male,disabled,NABTEB,Polytechnic,state,Adamawa,North East,Adamawa,,,,163,131,152,2,1,0,32,0,150,1,1.658340902210112
2022/2023,Male,disabled,NABTEB,Polytechnic,state,Bauchi,North East,Bauchi,,,,87,70,78,16,15,0,17,0,62,1,1.658340902210112
2022/2023,Male,disabled,NABTEB,Polytechnic,state,Borno,North East,Borno,,,,99,80,89,11,10,0,19,0,78,1,1.658340902210112
2022/2023,Male,disabled,NABTEB,Polytechnic,state,Gombe,North East,Gombe,,,,77,62,69,4,3,0,15,0,65,1,1.658340902210112
2022/2023,Male,disabled,NABTEB,Polytechnic,state,Taraba,North East,Taraba,,,,22,18,20,4,3,0,4,0,16,1,1.658340902210112
2022/2023,Male,disabled,NABTEB,Polytechnic,state,Yobe,North East,Yobe,,,,73,59,65,8,7,0,14,0,57,1,1.658340902210112
2022/2023,Male,disabled,NABTEB,Polytechnic,state,Jigawa,North West,Jigawa,,,,134,108,120,6,5,0,26,0,114,1,1.658340902210112
2022/2023,Male,disabled,NABTEB,Polytechnic,state,Kaduna,North West,Kaduna,,,,93,75,86,42,37,0,18,0,44,5,1.658340902210112
2022/2023,Male,disabled,NABTEB,Polytechnic,state,Kano,North West,Kano,,,,321,260,280,25,21,0,61,0,255,4,1.658340902210112
2022/2023,Male,disabled,NABTEB,Polytechnic,state,Katsina,North West,Katsina,,,,75,61,69,25,23,0,14,0,44,2,1.658340902210112
2022/2023,Male,disabled,NABTEB,Polytechnic,state,Kebbi,North West,Kebbi,,,,102,82,92,5,4,0,20,0,87,1,1.658340902210112
2022/2023,Male,disabled,NABTEB,Polytechnic,state,Sokoto,North West,Sokoto,,,,50,41,48,1,0,0,9,0,47,1,1.658340902210112
2022/2023,Male,disabled,NABTEB,Polytechnic,state,Zamfara,North West,Zamfara,,,,117,94,106,1,0,0,23,0,105,1,1.658340902210112
2022/2023,Male,disabled,NABTEB,Polytechnic,state,Abia,South East,Abia,,,,0,0,0,15,14,0,0,0,0,1,1.658340902210112
2022/2023,Male,disabled,NABTEB,Polytechnic,state,Anambra,South East,Anambra,,,,0,0,0,22,20,0,0,0,0,2,1.658340902210112
2022/2023,Male,disabled,NABTEB,Polytechnic,state,Ebonyi,South East,Ebonyi,,,,27,22,24,20,19,0,5,0,4,1,1.658340902210112
2022/2023,Male,disabled,NABTEB,Polytechnic,state,Enugu,South East,Enugu,,,,101,82,94,15,14,0,19,0,79,1,1.658340902210112
2022/2023,Male,disabled,NABTEB,Polytechnic,state,Imo,South East,Imo,,,,175,141,156,26,22,0,34,0,130,4,1.658340902210112
2022/2023,Male,disabled,NABTEB,Polytechnic,state,Akwa Ibom,South South,Akwa Ibom,,,,79,63,66,27,26,0,16,0,39,1,1.658340902210112
2022/2023,Male,disabled,NABTEB,Polytechnic,state,Bayelsa,South South,Bayelsa,,,,77,61,69,4,3,0,16,0,65,1,1.658340902210112
2022/2023,Male,disabled,NABTEB,Polytechnic,state,Cross River,South South,Cross River,,,,0,0,0,11,10,0,0,0,0,1,1.658340902210112
2022/2023,Male,disabled,NABTEB,Polytechnic,state,Delta,South South,Delta,,,,16,13,14,37,33,0,3,0,0,4,1.658340902210112
2022/2023,Male,disabled,NABTEB,Polytechnic,state,Edo,South South,Edo,,,,35,28,32,28,25,0,7,0,4,3,1.658340902210112
2022/2023,Male,disabled,NABTEB,Polytechnic,state,Rivers,South South,Rivers,,,,95,77,83,13,12,0,18,0,70,1,1.658340902210112
2022/2023,Male,disabled,NABTEB,Polytechnic,state,Ekiti,South West,Ekiti,,,,40,32,35,72,70,0,8,0,0,2,1.658340902210112
2022/2023,Male,disabled,NABTEB,Polytechnic,state,Lagos,South West,Lagos,,,,319,259,283,23,21,0,60,0,260,2,1.658340902210112
2022/2023,Male,disabled,NABTEB,Polytechnic,state,Ogun,South West,Ogun,,,,126,101,113,73,63,1,25,0,40,10,1.658340902210112
2022/2023,Male,disabled,NABTEB,Polytechnic,state,Ondo,South West,Ondo,,,,41,33,37,38,34,0,8,0,0,4,1.658340902210112
2022/2023,Male,disabled,NABTEB,Polytechnic,state,Osun,South West,Osun,,,,4,4,4,65,59,0,0,0,0,6,1.658340902210112
2022/2023,Male,disabled,NABTEB,Polytechnic,state,Oyo,South West,Oyo,,,,122,98,107,77,70,1,24,0,30,7,1.658340902210112
2022/2023,Male,disabled,NABTEB,University,state,Benue,North Central,Benue,,,,65,52,58,213,184,2,13,0,0,29,1.658340902210112
2022/2023,Male,disabled,NABTEB,University,state,Abuja Federal Capital Territory,North Central,Abuja Federal Capital Territory,,,,31,25,28,11,9,0,6,0,17,2,1.658340902210112
2022/2023,Male,disabled,NABTEB,University,state,Kogi,North Central,Kogi,,,,34,28,31,202,176,2,6,0,0,26,1.658340902210112
2022/2023,Male,disabled,NABTEB,University,state,Kwara,North Central,Kwara,,,,107,86,93,149,143,0,21,0,0,6,1.658340902210112
2022/2023,Male,disabled,NABTEB,University,state,Nasarawa,North Central,Nasarawa,,,,14,11,12,88,87,0,3,0,0,1,1.658340902210112
2022/2023,Male,disabled,NABTEB,University,state,Niger,North Central,Niger,,,,54,43,49,51,50,0,11,0,0,1,1.658340902210112
2022/2023,Male,disabled,NABTEB,University,state,Plateau,North Central,Plateau,,,,43,34,39,92,83,1,9,0,0,9,1.658340902210112
2022/2023,Male,disabled,NABTEB,University,state,Adamawa,North East,Adamawa,,,,197,159,185,54,51,0,38,0,131,3,1.658340902210112
2022/2023,Male,disabled,NABTEB,University,state,Bauchi,North East,Bauchi,,,,132,106,118,26,23,0,26,0,92,3,1.658340902210112
2022/2023,Male,disabled,NABTEB,University,state,Borno,North East,Borno,,,,109,87,97,83,81,0,22,0,14,2,1.658340902210112
2022/2023,Male,disabled,NABTEB,University,state,Gombe,North East,Gombe,,,,53,42,46,25,24,0,11,0,21,1,1.658340902210112
2022/2023,Male,disabled,NABTEB,University,state,Taraba,North East,Taraba,,,,13,10,11,14,13,0,3,0,0,1,1.658340902210112
2022/2023,Male,disabled,NABTEB,University,state,Yobe,North East,Yobe,,,,63,51,59,34,30,0,12,0,25,4,1.658340902210112
2022/2023,Male,disabled,NABTEB,University,state,Jigawa,North West,Jigawa,,,,138,111,125,30,29,0,27,0,95,1,1.658340902210112
2022/2023,Male,disabled,NABTEB,University,state,Kaduna,North West,Kaduna,,,,281,226,253,177,155,2,55,0,76,22,1.658340902210112
2022/2023,Male,disabled,NABTEB,University,state,Kano,North West,Kano,,,,413,334,370,91,81,1,79,0,279,10,1.658340902210112
2022/2023,Male,disabled,NABTEB,University,state,Katsina,North West,Katsina,,,,77,62,72,44,42,0,15,0,28,2,1.658340902210112
2022/2023,Male,disabled,NABTEB,University,state,Kebbi,North West,Kebbi,,,,132,106,122,46,41,0,26,0,76,5,1.658340902210112
2022/2023,Male,disabled,NABTEB,University,state,Sokoto,North West,Sokoto,,,,100,80,91,33,29,0,20,0,58,4,1.658340902210112
2022/2023,Male,disabled,NABTEB,University,state,Zamfara,North West,Zamfara,,,,98,79,88,20,17,0,19,0,68,3,1.658340902210112
2022/2023,Male,disabled,NABTEB,University,state,Abia,South East,Abia,,,,0,0,0,184,166,1,0,0,0,18,1.658340902210112
2022/2023,Male,disabled,NABTEB,University,state,Anambra,South East,Anambra,,,,0,0,0,285,255,2,0,0,0,30,1.658340902210112
2022/2023,Male,disabled,NABTEB,University,state,Ebonyi,South East,Ebonyi,,,,50,41,45,98,95,0,9,0,0,3,1.658340902210112
2022/2023,Male,disabled,NABTEB,University,state,Enugu,South East,Enugu,,,,55,44,50,171,157,1,11,0,0,14,1.658340902210112
2022/2023,Male,disabled,NABTEB,University,state,Imo,South East,Imo,,,,138,111,121,241,214,2,27,0,0,27,1.658340902210112
2022/2023,Male,disabled,NABTEB,University,state,Akwa Ibom,South South,Akwa Ibom,,,,96,78,84,216,208,1,18,0,0,8,1.658340902210112
2022/2023,Male,disabled,NABTEB,University,state,Bayelsa,South South,Bayelsa,,,,37,30,34,104,84,2,7,0,0,20,1.658340902210112
2022/2023,Male,disabled,NABTEB,University,state,Cross River,South South,Cross River,,,,0,0,0,130,122,1,0,0,0,8,1.658340902210112
2022/2023,Male,disabled,NABTEB,University,state,Delta,South South,Delta,,,,11,8,10,223,199,2,3,0,0,24,1.658340902210112
2022/2023,Male,disabled,NABTEB,University,state,Edo,South South,Edo,,,,54,43,49,164,146,1,11,0,0,18,1.658340902210112
2022/2023,Male,disabled,NABTEB,University,state,Rivers,South South,Rivers,,,,105,85,94,197,176,2,20,0,0,21,1.658340902210112
2022/2023,Male,disabled,NABTEB,University,state,Ekiti,South West,Ekiti,,,,69,55,62,53,50,0,14,0,9,3,1.658340902210112
2022/2023,Male,disabled,NABTEB,University,state,Lagos,South West,Lagos,,,,306,247,268,105,94,1,59,0,163,11,1.658340902210112
2022/2023,Male,disabled,NABTEB,University,state,Ogun,South West,Ogun,,,,100,80,89,197,174,2,20,0,0,23,1.658340902210112
2022/2023,Male,disabled,NABTEB,University,state,Ondo,South West,Ondo,,,,33,26,29,168,150,1,7,0,0,18,1.658340902210112
2022/2023,Male,disabled,NABTEB,University,state,Osun,South West,Osun,,,,4,3,3,259,243,1,1,0,0,16,1.658340902210112
2022/2023,Male,disabled,NABTEB,University,state,Oyo,South West,Oyo,,,,222,179,208,263,245,1,43,0,0,18,1.658340902210112
2022/2023,Male,disabled,NECO,College of Education,state,Benue,North Central,Benue,,,,119,95,113,18,16,0,24,0,95,2,1.658340902210112
2022/2023,Male,disabled,NECO,College of Education,state,Abuja Federal Capital Territory,North Central,Abuja Federal Capital Territory,,,,85,68,75,13,11,0,17,0,62,2,1.658340902210112
2022/2023,Male,disabled,NECO,College of Education,state,Kogi,North Central,Kogi,,,,45,36,42,27,25,0,9,0,15,2,1.658340902210112
2022/2023,Male,disabled,NECO,College of Education,state,Kwara,North Central,Kwara,,,,144,115,132,42,38,0,29,0,90,4,1.658340902210112
2022/2023,Male,disabled,NECO,College of Education,state,Nasarawa,North Central,Nasarawa,,,,26,21,25,52,47,0,5,0,0,5,1.658340902210112
2022/2023,Male,disabled,NECO,College of Education,state,Niger,North Central,Niger,,,,107,86,100,14,13,0,21,0,86,1,1.658340902210112
2022/2023,Male,disabled,NECO,College of Education,state,Plateau,North Central,Plateau,,,,55,44,51,72,66,0,11,0,0,6,1.658340902210112
2022/2023,Male,disabled,NECO,College of Education,state,Adamawa,North East,Adamawa,,,,282,226,258,17,16,0,56,0,241,1,1.658340902210112
2022/2023,Male,disabled,NECO,College of Education,state,Bauchi,North East,Bauchi,,,,261,210,237,34,31,0,51,0,203,3,1.658340902210112
2022/2023,Male,disabled,NECO,College of Education,state,Borno,North East,Borno,,,,152,122,135,5,4,0,30,0,130,1,1.658340902210112
2022/2023,Male,disabled,NECO,College of Education,state,Gombe,North East,Gombe,,,,142,114,132,58,52,0,28,0,74,6,1.658340902210112
2022/2023,Male,disabled,NECO,College of Education,state,Taraba,North East,Taraba,,,,39,31,35,3,2,0,8,0,32,1,1.658340902210112
2022/2023,Male,disabled,NECO,College of Education,state,Yobe,North East,Yobe,,,,106,85,97,39,38,0,21,0,58,1,1.658340902210112
2022/2023,Male,disabled,NECO,College of Education,state,Jigawa,North West,Jigawa,,,,216,174,207,14,13,0,42,0,193,1,1.658340902210112
2022/2023,Male,disabled,NECO,College of Education,state,Kaduna,North West,Kaduna,,,,402,323,364,64,60,0,79,0,300,4,1.658340902210112
2022/2023,Male,disabled,NECO,College of Education,state,Kano,North West,Kano,,,,689,551,640,89,80,1,138,0,551,9,1.658340902210112
2022/2023,Male,disabled,NECO,College of Education,state,Katsina,North West,Katsina,,,,165,132,151,44,38,0,33,0,107,6,1.658340902210112
2022/2023,Male,disabled,NECO,College of Education,state,Kebbi,North West,Kebbi,,,,136,109,125,3,2,0,27,0,122,1,1.658340902210112
2022/2023,Male,disabled,NECO,College of Education,state,Sokoto,North West,Sokoto,,,,119,96,112,6,5,0,23,0,106,1,1.658340902210112
2022/2023,Male,disabled,NECO,College of Education,state,Zamfara,North West,Zamfara,,,,236,189,218,6,5,0,47,0,212,1,1.658340902210112
2022/2023,Male,disabled,NECO,College of Education,state,Abia,South East,Abia,,,,0,0,0,9,8,0,0,0,0,1,1.658340902210112
2022/2023,Male,disabled,NECO,College of Education,state,Anambra,South East,Anambra,,,,1,0,1,28,25,0,1,0,0,3,1.658340902210112
2022/2023,Male,disabled,NECO,College of Education,state,Ebonyi,South East,Ebonyi,,,,31,25,28,6,5,0,6,0,22,1,1.658340902210112
2022/2023,Male,disabled,NECO,College of Education,state,Enugu,South East,Enugu,,,,115,92,106,27,25,0,23,0,79,2,1.658340902210112
2022/2023,Male,disabled,NECO,College of Education,state,Imo,South East,Imo,,,,239,192,214,28,27,0,47,0,186,1,1.658340902210112
2022/2023,Male,disabled,NECO,College of Education,state,Akwa Ibom,South South,Akwa Ibom,,,,130,104,121,24,21,0,26,0,97,3,1.658340902210112
2022/2023,Male,disabled,NECO,College of Education,state,Bayelsa,South South,Bayelsa,,,,174,140,161,1,0,0,34,0,160,1,1.658340902210112
2022/2023,Male,disabled,NECO,College of Education,state,Cross River,South South,Cross River,,,,0,0,0,12,11,0,0,0,0,1,1.658340902210112
2022/2023,Male,disabled,NECO,College of Education,state,Delta,South South,Delta,,,,16,13,16,21,20,0,3,0,0,1,1.658340902210112
2022/2023,Male,disabled,NECO,College of Education,state,Edo,South South,Edo,,,,88,70,80,9,8,0,18,0,71,1,1.658340902210112
2022/2023,Male,disabled,NECO,College of Education,state,Rivers,South South,Rivers,,,,146,117,135,10,9,0,29,0,125,1,1.658340902210112
2022/2023,Male,disabled,NECO,College of Education,state,Ekiti,South West,Ekiti,,,,156,125,144,56,47,1,31,0,88,9,1.658340902210112
2022/2023,Male,disabled,NECO,College of Education,state,Lagos,South West,Lagos,,,,307,245,283,16,15,0,62,0,267,1,1.658340902210112
2022/2023,Male,disabled,NECO,College of Education,state,Ogun,South West,Ogun,,,,293,234,276,55,50,0,59,0,221,5,1.658340902210112
2022/2023,Male,disabled,NECO,College of Education,state,Ondo,South West,Ondo,,,,60,48,54,44,40,0,12,0,10,4,1.658340902210112
2022/2023,Male,disabled,NECO,College of Education,state,Osun,South West,Osun,,,,4,4,4,88,80,1,0,0,0,8,1.658340902210112
2022/2023,Male,disabled,NECO,College of Education,state,Oyo,South West,Oyo,,,,446,358,422,111,100,1,88,0,311,11,1.658340902210112
2022/2023,Male,disabled,NECO,Polytechnic,state,Benue,North Central,Benue,,,,117,94,107,25,22,0,23,0,82,3,1.658340902210112
2022/2023,Male,disabled,NECO,Polytechnic,state,Abuja Federal Capital Territory,North Central,Abuja Federal Capital Territory,,,,74,60,68,3,2,0,14,0,65,1,1.658340902210112
2022/2023,Male,disabled,NECO,Polytechnic,state,Kogi,North Central,Kogi,,,,42,34,40,65,61,0,8,0,0,4,1.658340902210112
2022/2023,Male,disabled,NECO,Polytechnic,state,Kwara,North Central,Kwara,,,,206,166,195,39,36,0,40,0,156,3,1.658340902210112
2022/2023,Male,disabled,NECO,Polytechnic,state,Nasarawa,North Central,Nasarawa,,,,22,18,21,15,13,0,4,0,6,2,1.658340902210112
2022/2023,Male,disabled,NECO,Polytechnic,state,Niger,North Central,Niger,,,,88,70,81,18,16,0,18,0,63,2,1.658340902210112
2022/2023,Male,disabled,NECO,Polytechnic,state,Plateau,North Central,Plateau,,,,59,47,55,33,30,0,12,0,22,3,1.658340902210112
2022/2023,Male,disabled,NECO,Polytechnic,state,Adamawa,North East,Adamawa,,,,286,228,266,6,5,0,58,0,260,1,1.658340902210112
2022/2023,Male,disabled,NECO,Polytechnic,state,Bauchi,North East,Bauchi,,,,146,117,133,27,25,0,29,0,106,2,1.658340902210112
2022/2023,Male,disabled,NECO,Polytechnic,state,Borno,North East,Borno,,,,173,139,165,12,11,0,34,0,153,1,1.658340902210112
2022/2023,Male,disabled,NECO,Polytechnic,state,Gombe,North East,Gombe,,,,139,111,127,10,9,0,28,0,117,1,1.658340902210112
2022/2023,Male,disabled,NECO,Polytechnic,state,Taraba,North East,Taraba,,,,36,29,34,10,9,0,7,0,24,1,1.658340902210112
2022/2023,Male,disabled,NECO,Polytechnic,state,Yobe,North East,Yobe,,,,123,99,115,16,15,0,24,0,99,1,1.658340902210112
2022/2023,Male,disabled,NECO,Polytechnic,state,Jigawa,North West,Jigawa,,,,205,165,183,11,10,0,40,0,172,1,1.658340902210112
2022/2023,Male,disabled,NECO,Polytechnic,state,Kaduna,North West,Kaduna,,,,154,124,141,59,57,0,30,0,82,2,1.658340902210112
2022/2023,Male,disabled,NECO,Polytechnic,state,Kano,North West,Kano,,,,552,444,509,40,36,0,108,0,469,4,1.658340902210112
2022/2023,Male,disabled,NECO,Polytechnic,state,Katsina,North West,Katsina,,,,137,110,135,32,28,0,27,0,103,4,1.658340902210112
2022/2023,Male,disabled,NECO,Polytechnic,state,Kebbi,North West,Kebbi,,,,173,139,163,8,7,0,34,0,155,1,1.658340902210112
2022/2023,Male,disabled,NECO,Polytechnic,state,Sokoto,North West,Sokoto,,,,90,72,82,2,1,0,18,0,80,1,1.658340902210112
2022/2023,Male,disabled,NECO,Polytechnic,state,Zamfara,North West,Zamfara,,,,195,156,179,2,1,0,39,0,177,1,1.658340902210112
2022/2023,Male,disabled,NECO,Polytechnic,state,Abia,South East,Abia,,,,0,0,0,17,16,0,0,0,0,1,1.658340902210112
2022/2023,Male,disabled,NECO,Polytechnic,state,Anambra,South East,Anambra,,,,0,0,0,24,21,0,0,0,0,3,1.658340902210112
2022/2023,Male,disabled,NECO,Polytechnic,state,Ebonyi,South East,Ebonyi,,,,47,38,42,23,22,0,9,0,19,1,1.658340902210112
2022/2023,Male,disabled,NECO,Polytechnic,state,Enugu,South East,Enugu,,,,164,132,155,18,16,0,32,0,137,2,1.658340902210112
2022/2023,Male,disabled,NECO,Polytechnic,state,Imo,South East,Imo,,,,260,210,254,30,29,0,50,0,224,1,1.658340902210112
2022/2023,Male,disabled,NECO,Polytechnic,state,Akwa Ibom,South South,Akwa Ibom,,,,112,90,102,28,25,0,22,0,74,3,1.658340902210112
2022/2023,Male,disabled,NECO,Polytechnic,state,Bayelsa,South South,Bayelsa,,,,127,102,117,4,3,0,25,0,113,1,1.658340902210112
2022/2023,Male,disabled,NECO,Polytechnic,state,Cross River,South South,Cross River,,,,0,0,0,14,12,0,0,0,0,2,1.658340902210112
2022/2023,Male,disabled,NECO,Polytechnic,state,Delta,South South,Delta,,,,26,21,24,38,37,0,5,0,0,1,1.658340902210112
2022/2023,Male,disabled,NECO,Polytechnic,state,Edo,South South,Edo,,,,58,46,53,29,27,0,12,0,24,2,1.658340902210112
2022/2023,Male,disabled,NECO,Polytechnic,state,Rivers,South South,Rivers,,,,173,139,161,15,14,0,34,0,146,1,1.658340902210112
2022/2023,Male,disabled,NECO,Polytechnic,state,Ekiti,South West,Ekiti,,,,68,54,59,88,77,1,14,0,0,11,1.658340902210112
2022/2023,Male,disabled,NECO,Polytechnic,state,Lagos,South West,Lagos,,,,548,437,507,21,19,0,111,0,486,2,1.658340902210112
2022/2023,Male,disabled,NECO,Polytechnic,state,Ogun,South West,Ogun,,,,217,174,205,86,77,1,43,0,119,9,1.658340902210112
2022/2023,Male,disabled,NECO,Polytechnic,state,Ondo,South West,Ondo,,,,70,56,66,41,37,0,14,0,25,4,1.658340902210112
2022/2023,Male,disabled,NECO,Polytechnic,state,Osun,South West,Osun,,,,7,6,7,68,62,0,1,0,0,6,1.658340902210112
2022/2023,Male,disabled,NECO,Polytechnic,state,Oyo,South West,Oyo,,,,214,171,199,97,87,1,43,0,102,10,1.658340902210112
2022/2023,Male,disabled,NECO,University,state,Benue,North Central,Benue,,,,103,82,94,226,198,2,21,0,0,28,1.658340902210112
2022/2023,Male,disabled,NECO,University,state,Abuja Federal Capital Territory,North Central,Abuja Federal Capital Territory,,,,44,36,40,14,13,0,8,0,26,1,1.658340902210112
2022/2023,Male,disabled,NECO,University,state,Kogi,North Central,Kogi,,,,57,45,52,248,244,0,12,0,0,4,1.658340902210112
2022/2023,Male,disabled,NECO,University,state,Kwara,North Central,Kwara,,,,178,142,162,187,174,1,36,0,0,13,1.658340902210112
2022/2023,Male,disabled,NECO,University,state,Nasarawa,North Central,Nasarawa,,,,23,18,21,116,104,1,5,0,0,12,1.658340902210112
2022/2023,Male,disabled,NECO,University,state,Niger,North Central,Niger,,,,86,69,78,75,67,1,17,0,3,8,1.658340902210112
2022/2023,Male,disabled,NECO,University,state,Plateau,North Central,Plateau,,,,76,61,70,99,90,1,15,0,0,9,1.658340902210112
2022/2023,Male,disabled,NECO,University,state,Adamawa,North East,Adamawa,,,,324,259,297,123,118,0,65,0,174,5,1.658340902210112
2022/2023,Male,disabled,NECO,University,state,Bauchi,North East,Bauchi,,,,221,177,206,85,77,1,44,0,121,8,1.658340902210112
2022/2023,Male,disabled,NECO,University,state,Borno,North East,Borno,,,,165,133,156,139,124,1,32,0,17,15,1.658340902210112
2022/2023,Male,disabled,NECO,University,state,Gombe,North East,Gombe,,,,85,69,79,60,52,1,16,0,19,8,1.658340902210112
2022/2023,Male,disabled,NECO,University,state,Taraba,North East,Taraba,,,,20,16,18,125,118,1,4,0,0,7,1.658340902210112
2022/2023,Male,disabled,NECO,University,state,Yobe,North East,Yobe,,,,95,76,84,61,59,0,19,0,23,2,1.658340902210112
2022/2023,Male,disabled,NECO,University,state,Jigawa,North West,Jigawa,,,,224,179,204,48,44,0,45,0,156,4,1.658340902210112
2022/2023,Male,disabled,NECO,University,state,Kaduna,North West,Kaduna,,,,467,373,440,225,215,1,94,0,215,10,1.658340902210112
2022/2023,Male,disabled,NECO,University,state,Kano,North West,Kano,,,,720,574,666,169,150,2,146,0,497,19,1.658340902210112
2022/2023,Male,disabled,NECO,University,state,Katsina,North West,Katsina,,,,130,104,116,84,74,1,26,0,32,10,1.658340902210112
2022/2023,Male,disabled,NECO,University,state,Kebbi,North West,Kebbi,,,,229,183,215,58,52,0,46,0,157,6,1.658340902210112
2022/2023,Male,disabled,NECO,University,state,Sokoto,North West,Sokoto,,,,158,127,144,53,48,0,31,0,91,5,1.658340902210112
2022/2023,Male,disabled,NECO,University,state,Zamfara,North West,Zamfara,,,,152,123,144,26,25,0,29,0,118,1,1.658340902210112
2022/2023,Male,disabled,NECO,University,state,Abia,South East,Abia,,,,0,0,0,199,182,1,0,0,0,17,1.658340902210112
2022/2023,Male,disabled,NECO,University,state,Anambra,South East,Anambra,,,,1,0,1,319,291,2,1,0,0,28,1.658340902210112
2022/2023,Male,disabled,NECO,University,state,Ebonyi,South East,Ebonyi,,,,80,65,75,119,110,1,15,0,0,9,1.658340902210112
2022/2023,Male,disabled,NECO,University,state,Enugu,South East,Enugu,,,,101,81,94,225,209,1,20,0,0,16,1.658340902210112
2022/2023,Male,disabled,NECO,University,state,Imo,South East,Imo,,,,251,201,234,351,333,1,50,0,0,18,1.658340902210112
2022/2023,Male,disabled,NECO,University,state,Akwa Ibom,South South,Akwa Ibom,,,,165,133,158,214,191,2,32,0,0,23,1.658340902210112
2022/2023,Male,disabled,NECO,University,state,Bayelsa,South South,Bayelsa,,,,64,51,62,101,100,0,13,0,0,1,1.658340902210112
2022/2023,Male,disabled,NECO,University,state,Cross River,South South,Cross River,,,,0,0,0,148,136,1,0,0,0,12,1.658340902210112
2022/2023,Male,disabled,NECO,University,state,Delta,South South,Delta,,,,18,14,17,244,243,0,4,0,0,1,1.658340902210112
2022/2023,Male,disabled,NECO,University,state,Edo,South South,Edo,,,,93,75,88,164,149,1,18,0,0,15,1.658340902210112
2022/2023,Male,disabled,NECO,University,state,Rivers,South South,Rivers,,,,168,134,157,221,202,2,34,0,0,19,1.658340902210112
2022/2023,Male,disabled,NECO,University,state,Ekiti,South West,Ekiti,,,,110,88,105,67,58,1,22,0,38,9,1.658340902210112
2022/2023,Male,disabled,NECO,University,state,Lagos,South West,Lagos,,,,478,382,452,103,92,1,96,0,349,11,1.658340902210112
2022/2023,Male,disabled,NECO,University,state,Ogun,South West,Ogun,,,,149,120,133,271,244,2,29,0,0,27,1.658340902210112
2022/2023,Male,disabled,NECO,University,state,Ondo,South West,Ondo,,,,58,46,55,198,183,1,12,0,0,15,1.658340902210112
2022/2023,Male,disabled,NECO,University,state,Osun,South West,Osun,,,,7,5,6,288,265,2,2,0,0,23,1.658340902210112
2022/2023,Male,disabled,NECO,University,state,Oyo,South West,Oyo,,,,390,311,359,291,260,2,79,0,68,31,1.658340902210112
2022/2023,Male,disabled,WAEC,College of Education,state,Benue,North Central,Benue,,,,163,129,150,21,20,0,34,0,129,1,1.658340902210112
2022/2023,Male,disabled,WAEC,College of Education,state,Abuja Federal Capital Territory,North Central,Abuja Federal Capital Territory,,,,109,87,100,13,12,0,22,0,87,1,1.658340902210112
2022/2023,Male,disabled,WAEC,College of Education,state,Kogi,North Central,Kogi,,,,56,44,51,26,24,0,12,0,25,2,1.658340902210112
2022/2023,Male,disabled,WAEC,College of Education,state,Kwara,North Central,Kwara,,,,193,153,180,48,42,0,40,0,132,6,1.658340902210112
2022/2023,Male,disabled,WAEC,College of Education,state,Nasarawa,North Central,Nasarawa,,,,34,27,31,55,51,0,7,0,0,4,1.658340902210112
2022/2023,Male,disabled,WAEC,College of Education,state,Niger,North Central,Niger,,,,137,109,127,16,14,0,28,0,111,2,1.658340902210112
2022/2023,Male,disabled,WAEC,College of Education,state,Plateau,North Central,Plateau,,,,74,59,68,82,78,0,15,0,0,4,1.658340902210112
2022/2023,Male,disabled,WAEC,College of Education,state,Adamawa,North East,Adamawa,,,,357,285,324,19,17,0,72,0,305,2,1.658340902210112
2022/2023,Male,disabled,WAEC,College of Education,state,Bauchi,North East,Bauchi,,,,348,277,329,37,35,0,71,0,292,2,1.658340902210112
2022/2023,Male,disabled,WAEC,College of Education,state,Borno,North East,Borno,,,,200,159,185,7,6,0,41,0,178,1,1.658340902210112
2022/2023,Male,disabled,WAEC,College of Education,state,Gombe,North East,Gombe,,,,179,143,169,57,53,0,36,0,112,4,1.658340902210112
2022/2023,Male,disabled,WAEC,College of Education,state,Taraba,North East,Taraba,,,,49,39,46,4,3,0,10,0,42,1,1.658340902210112
2022/2023,Male,disabled,WAEC,College of Education,state,Yobe,North East,Yobe,,,,134,107,125,43,40,0,27,0,82,3,1.658340902210112
2022/2023,Male,disabled,WAEC,College of Education,state,Jigawa,North West,Jigawa,,,,295,235,279,15,14,0,60,0,264,1,1.658340902210112
2022/2023,Male,disabled,WAEC,College of Education,state,Kaduna,North West,Kaduna,,,,548,437,517,82,74,1,111,0,435,8,1.658340902210112
2022/2023,Male,disabled,WAEC,College of Education,state,Kano,North West,Kano,,,,887,709,829,89,86,0,178,0,740,3,1.658340902210112
2022/2023,Male,disabled,WAEC,College of Education,state,Katsina,North West,Katsina,,,,215,171,195,42,39,0,44,0,153,3,1.658340902210112
2022/2023,Male,disabled,WAEC,College of Education,state,Kebbi,North West,Kebbi,,,,175,140,166,3,2,0,35,0,163,1,1.658340902210112
2022/2023,Male,disabled,WAEC,College of Education,state,Sokoto,North West,Sokoto,,,,157,125,147,7,6,0,32,0,140,1,1.658340902210112
2022/2023,Male,disabled,WAEC,College of Education,state,Zamfara,North West,Zamfara,,,,320,255,290,9,8,0,65,0,281,1,1.658340902210112
2022/2023,Male,disabled,WAEC,College of Education,state,Abia,South East,Abia,,,,0,0,0,10,9,0,0,0,0,1,1.658340902210112
2022/2023,Male,disabled,WAEC,College of Education,state,Anambra,South East,Anambra,,,,1,1,1,36,34,0,0,0,0,2,1.658340902210112
2022/2023,Male,disabled,WAEC,College of Education,state,Ebonyi,South East,Ebonyi,,,,40,32,36,7,6,0,8,0,29,1,1.658340902210112
2022/2023,Male,disabled,WAEC,College of Education,state,Enugu,South East,Enugu,,,,151,121,140,32,29,0,30,0,108,3,1.658340902210112
2022/2023,Male,disabled,WAEC,College of Education,state,Imo,South East,Imo,,,,327,260,302,41,37,0,67,0,261,4,1.658340902210112
2022/2023,Male,disabled,WAEC,College of Education,state,Akwa Ibom,South South,Akwa Ibom,,,,171,136,158,26,23,0,35,0,132,3,1.658340902210112
2022/2023,Male,disabled,WAEC,College of Education,state,Bayelsa,South South,Bayelsa,,,,225,180,204,1,0,0,45,0,203,1,1.658340902210112
2022/2023,Male,disabled,WAEC,College of Education,state,Cross River,South South,Cross River,,,,0,0,0,16,14,0,0,0,0,2,1.658340902210112
2022/2023,Male,disabled,WAEC,College of Education,state,Delta,South South,Delta,,,,21,17,20,21,18,0,4,0,0,3,1.658340902210112
2022/2023,Male,disabled,WAEC,College of Education,state,Edo,South South,Edo,,,,124,99,116,11,10,0,25,0,105,1,1.658340902210112
2022/2023,Male,disabled,WAEC,College of Education,state,Rivers,South South,Rivers,,,,191,153,177,9,8,0,38,0,168,1,1.658340902210112
2022/2023,Male,disabled,WAEC,College of Education,state,Ekiti,South West,Ekiti,,,,204,162,192,66,62,0,42,0,126,4,1.658340902210112
2022/2023,Male,disabled,WAEC,College of Education,state,Lagos,South West,Lagos,,,,412,327,388,19,18,0,85,0,369,1,1.658340902210112
2022/2023,Male,disabled,WAEC,College of Education,state,Ogun,South West,Ogun,,,,377,300,348,58,56,0,77,0,290,2,1.658340902210112
2022/2023,Male,disabled,WAEC,College of Education,state,Ondo,South West,Ondo,,,,79,64,73,53,50,0,15,0,20,3,1.658340902210112
2022/2023,Male,disabled,WAEC,College of Education,state,Osun,South West,Osun,,,,6,4,5,73,69,0,2,0,0,4,1.658340902210112
2022/2023,Male,disabled,WAEC,College of Education,state,Oyo,South West,Oyo,,,,582,465,540,123,116,1,117,0,417,7,1.658340902210112
2022/2023,Male,disabled,WAEC,Polytechnic,state,Benue,North Central,Benue,,,,157,125,147,28,27,0,32,0,119,1,1.658340902210112
2022/2023,Male,disabled,WAEC,Polytechnic,state,Abuja Federal Capital Territory,North Central,Abuja Federal Capital Territory,,,,101,80,94,3,2,0,21,0,91,1,1.658340902210112
2022/2023,Male,disabled,WAEC,Polytechnic,state,Kogi,North Central,Kogi,,,,56,45,51,65,61,0,11,0,0,4,1.658340902210112
2022/2023,Male,disabled,WAEC,Polytechnic,state,Kwara,North Central,Kwara,,,,269,214,246,46,41,0,55,0,200,5,1.658340902210112
2022/2023,Male,disabled,WAEC,Polytechnic,state,Nasarawa,North Central,Nasarawa,,,,31,24,28,17,16,0,7,0,11,1,1.658340902210112
2022/2023,Male,disabled,WAEC,Polytechnic,state,Niger,North Central,Niger,,,,113,90,105,20,17,0,23,0,85,3,1.658340902210112
2022/2023,Male,disabled,WAEC,Polytechnic,state,Plateau,North Central,Plateau,,,,73,59,68,39,36,0,14,0,29,3,1.658340902210112
2022/2023,Male,disabled,WAEC,Polytechnic,state,Adamawa,North East,Adamawa,,,,365,291,346,7,6,0,74,0,339,1,1.658340902210112
2022/2023,Male,disabled,WAEC,Polytechnic,state,Bauchi,North East,Bauchi,,,,183,146,170,31,29,0,37,0,139,2,1.658340902210112
2022/2023,Male,disabled,WAEC,Polytechnic,state,Borno,North East,Borno,,,,222,176,207,16,14,0,46,0,191,2,1.658340902210112
2022/2023,Male,disabled,WAEC,Polytechnic,state,Gombe,North East,Gombe,,,,175,139,160,8,7,0,36,0,152,1,1.658340902210112
2022/2023,Male,disabled,WAEC,Polytechnic,state,Taraba,North East,Taraba,,,,49,39,45,11,10,0,10,0,34,1,1.658340902210112
2022/2023,Male,disabled,WAEC,Polytechnic,state,Yobe,North East,Yobe,,,,165,131,149,17,16,0,34,0,132,1,1.658340902210112
2022/2023,Male,disabled,WAEC,Polytechnic,state,Jigawa,North West,Jigawa,,,,265,212,243,16,14,0,53,0,227,2,1.658340902210112
2022/2023,Male,disabled,WAEC,Polytechnic,state,Kaduna,North West,Kaduna,,,,207,164,191,67,61,0,43,0,124,6,1.658340902210112
2022/2023,Male,disabled,WAEC,Polytechnic,state,Kano,North West,Kano,,,,739,585,685,46,44,0,154,0,639,2,1.658340902210112
2022/2023,Male,disabled,WAEC,Polytechnic,state,Katsina,North West,Katsina,,,,178,142,163,41,38,0,36,0,122,3,1.658340902210112
2022/2023,Male,disabled,WAEC,Polytechnic,state,Kebbi,North West,Kebbi,,,,226,180,204,9,8,0,46,0,195,1,1.658340902210112
2022/2023,Male,disabled,WAEC,Polytechnic,state,Sokoto,North West,Sokoto,,,,119,95,111,2,1,0,24,0,109,1,1.658340902210112
2022/2023,Male,disabled,WAEC,Polytechnic,state,Zamfara,North West,Zamfara,,,,256,203,236,2,1,0,53,0,234,1,1.658340902210112
2022/2023,Male,disabled,WAEC,Polytechnic,state,Abia,South East,Abia,,,,0,0,0,22,20,0,0,0,0,2,1.658340902210112
2022/2023,Male,disabled,WAEC,Polytechnic,state,Anambra,South East,Anambra,,,,1,0,1,26,25,0,1,0,0,1,1.658340902210112
2022/2023,Male,disabled,WAEC,Polytechnic,state,Ebonyi,South East,Ebonyi,,,,60,48,56,29,25,0,12,0,27,4,1.658340902210112
2022/2023,Male,disabled,WAEC,Polytechnic,state,Enugu,South East,Enugu,,,,221,176,203,21,20,0,45,0,182,1,1.658340902210112
2022/2023,Male,disabled,WAEC,Polytechnic,state,Imo,South East,Imo,,,,347,276,324,38,34,0,71,0,286,4,1.658340902210112
2022/2023,Male,disabled,WAEC,Polytechnic,state,Akwa Ibom,South South,Akwa Ibom,,,,147,117,137,26,23,0,30,0,111,3,1.658340902210112
2022/2023,Male,disabled,WAEC,Polytechnic,state,Bayelsa,South South,Bayelsa,,,,164,131,152,5,4,0,33,0,147,1,1.658340902210112
2022/2023,Male,disabled,WAEC,Polytechnic,state,Cross River,South South,Cross River,,,,0,0,0,15,14,0,0,0,0,1,1.658340902210112
2022/2023,Male,disabled,WAEC,Polytechnic,state,Delta,South South,Delta,,,,34,27,31,49,42,1,7,0,0,7,1.658340902210112
2022/2023,Male,disabled,WAEC,Polytechnic,state,Edo,South South,Edo,,,,75,60,70,35,34,0,15,0,35,1,1.658340902210112
2022/2023,Male,disabled,WAEC,Polytechnic,state,Rivers,South South,Rivers,,,,231,183,214,17,16,0,48,0,197,1,1.658340902210112
2022/2023,Male,disabled,WAEC,Polytechnic,state,Ekiti,South West,Ekiti,,,,90,72,82,96,89,1,18,0,0,7,1.658340902210112
2022/2023,Male,disabled,WAEC,Polytechnic,state,Lagos,South West,Lagos,,,,720,574,666,25,23,0,146,0,641,2,1.658340902210112
2022/2023,Male,disabled,WAEC,Polytechnic,state,Ogun,South West,Ogun,,,,268,214,250,85,84,0,54,0,165,1,1.658340902210112
2022/2023,Male,disabled,WAEC,Polytechnic,state,Ondo,South West,Ondo,,,,94,75,87,49,47,0,19,0,38,2,1.658340902210112
2022/2023,Male,disabled,WAEC,Polytechnic,state,Osun,South West,Osun,,,,10,8,9,87,80,1,2,0,0,7,1.658340902210112
2022/2023,Male,disabled,WAEC,Polytechnic,state,Oyo,South West,Oyo,,,,279,222,250,102,96,0,57,0,148,6,1.658340902210112
2022/2023,Male,disabled,WAEC,University,state,Benue,North Central,Benue,,,,139,111,130,254,253,0,28,0,0,1,1.658340902210112
2022/2023,Male,disabled,WAEC,University,state,Abuja Federal Capital Territory,North Central,Abuja Federal Capital Territory,,,,60,48,56,15,14,0,12,0,41,1,1.658340902210112
2022/2023,Male,disabled,WAEC,University,state,Kogi,North Central,Kogi,,,,74,59,68,280,251,2,15,0,0,29,1.658340902210112
2022/2023,Male,disabled,WAEC,University,state,Kwara,North Central,Kwara,,,,233,185,219,274,238,3,48,0,0,36,1.658340902210112
2022/2023,Male,disabled,WAEC,University,state,Nasarawa,North Central,Nasarawa,,,,29,23,27,113,103,1,6,0,0,10,1.658340902210112
2022/2023,Male,disabled,WAEC,University,state,Niger,North Central,Niger,,,,112,89,100,97,86,1,23,0,3,11,1.658340902210112
2022/2023,Male,disabled,WAEC,University,state,Plateau,North Central,Plateau,,,,101,81,94,123,114,1,20,0,0,9,1.658340902210112
2022/2023,Male,disabled,WAEC,University,state,Adamawa,North East,Adamawa,,,,433,347,392,130,114,1,86,0,262,16,1.658340902210112
2022/2023,Male,disabled,WAEC,University,state,Bauchi,North East,Bauchi,,,,294,235,271,90,86,0,59,0,181,4,1.658340902210112
2022/2023,Male,disabled,WAEC,University,state,Borno,North East,Borno,,,,219,175,200,154,138,1,44,0,46,16,1.658340902210112
2022/2023,Male,disabled,WAEC,University,state,Gombe,North East,Gombe,,,,111,88,103,87,82,0,23,0,16,5,1.658340902210112
2022/2023,Male,disabled,WAEC,University,state,Taraba,North East,Taraba,,,,26,21,24,163,145,1,5,0,0,18,1.658340902210112
2022/2023,Male,disabled,WAEC,University,state,Yobe,North East,Yobe,,,,125,99,117,85,78,1,26,0,32,7,1.658340902210112
2022/2023,Male,disabled,WAEC,University,state,Jigawa,North West,Jigawa,,,,308,244,280,69,62,1,64,0,211,7,1.658340902210112
2022/2023,Male,disabled,WAEC,University,state,Kaduna,North West,Kaduna,,,,610,486,556,283,259,2,124,0,273,24,1.658340902210112
2022/2023,Male,disabled,WAEC,University,state,Kano,North West,Kano,,,,937,745,858,181,176,0,192,0,677,5,1.658340902210112
2022/2023,Male,disabled,WAEC,University,state,Katsina,North West,Katsina,,,,172,137,160,95,90,0,35,0,65,5,1.658340902210112
2022/2023,Male,disabled,WAEC,University,state,Kebbi,North West,Kebbi,,,,317,252,287,66,65,0,65,0,221,1,1.658340902210112
2022/2023,Male,disabled,WAEC,University,state,Sokoto,North West,Sokoto,,,,216,172,194,58,55,0,44,0,136,3,1.658340902210112
2022/2023,Male,disabled,WAEC,University,state,Zamfara,North West,Zamfara,,,,204,163,193,26,24,0,41,0,167,2,1.658340902210112
2022/2023,Male,disabled,WAEC,University,state,Abia,South East,Abia,,,,0,0,0,224,212,1,0,0,0,12,1.658340902210112
2022/2023,Male,disabled,WAEC,University,state,Anambra,South East,Anambra,,,,1,1,1,316,306,1,0,0,0,10,1.658340902210112
2022/2023,Male,disabled,WAEC,University,state,Ebonyi,South East,Ebonyi,,,,110,87,103,134,117,1,23,0,0,17,1.658340902210112
2022/2023,Male,disabled,WAEC,University,state,Enugu,South East,Enugu,,,,127,101,116,239,219,2,26,0,0,20,1.658340902210112
2022/2023,Male,disabled,WAEC,University,state,Imo,South East,Imo,,,,318,253,294,425,373,4,65,0,0,52,1.658340902210112
2022/2023,Male,disabled,WAEC,University,state,Akwa Ibom,South South,Akwa Ibom,,,,224,177,212,275,248,2,47,0,0,27,1.658340902210112
2022/2023,Male,disabled,WAEC,University,state,Bayelsa,South South,Bayelsa,,,,83,66,78,113,112,0,17,0,0,1,1.658340902210112
2022/2023,Male,disabled,WAEC,University,state,Cross River,South South,Cross River,,,,0,0,0,177,157,2,0,0,0,20,1.658340902210112
2022/2023,Male,disabled,WAEC,University,state,Delta,South South,Delta,,,,24,20,22,297,257,3,4,0,0,40,1.658340902210112
2022/2023,Male,disabled,WAEC,University,state,Edo,South South,Edo,,,,121,96,111,195,184,1,25,0,0,11,1.658340902210112
2022/2023,Male,disabled,WAEC,University,state,Rivers,South South,Rivers,,,,227,181,210,243,219,2,46,0,0,24,1.658340902210112
2022/2023,Male,disabled,WAEC,University,state,Ekiti,South West,Ekiti,,,,144,114,131,71,66,0,30,0,60,5,1.658340902210112
2022/2023,Male,disabled,WAEC,University,state,Lagos,South West,Lagos,,,,628,500,576,108,107,0,128,0,468,1,1.658340902210112
2022/2023,Male,disabled,WAEC,University,state,Ogun,South West,Ogun,,,,198,158,182,283,274,1,40,0,0,9,1.658340902210112
2022/2023,Male,disabled,WAEC,University,state,Ondo,South West,Ondo,,,,77,61,71,242,220,2,16,0,0,22,1.658340902210112
2022/2023,Male,disabled,WAEC,University,state,Osun,South West,Osun,,,,9,7,8,275,256,2,2,0,0,19,1.658340902210112
2022/2023,Male,disabled,WAEC,University,state,Oyo,South West,Oyo,,,,516,411,473,334,314,2,105,0,139,20,1.658340902210112
2023/2024,Female,all,NABTEB,College of Education,state,Benue,North Central,Benue,,,,693,554,645,71,64,1,139,0,574,7,1.458340902210112
2023/2024,Female,all,NABTEB,College of Education,state,Abuja Federal Capital Territory,North Central,Abuja Federal Capital Territory,,,,757,606,698,41,38,0,151,0,657,3,1.458340902210112
2023/2024,Female,all,NABTEB,College of Education,state,Kogi,North Central,Kogi,,,,315,253,291,138,125,1,62,0,153,13,1.458340902210112
2023/2024,Female,all,NABTEB,College of Education,state,Kwara,North Central,Kwara,,,,1020,816,964,241,225,1,204,0,723,16,1.458340902210112
2023/2024,Female,all,NABTEB,College of Education,state,Nasarawa,North Central,Nasarawa,,,,190,152,177,150,138,1,38,0,27,12,1.458340902210112
2023/2024,Female,all,NABTEB,College of Education,state,Niger,North Central,Niger,,,,685,548,639,57,52,0,137,0,582,5,1.458340902210112
2023/2024,Female,all,NABTEB,College of Education,state,Plateau,North Central,Plateau,,,,445,356,411,359,321,3,89,0,52,38,1.458340902210112
2023/2024,Female,all,NABTEB,College of Education,state,Adamawa,North East,Adamawa,,,,2085,1667,1907,55,52,0,418,0,1852,3,1.458340902210112
2023/2024,Female,all,NABTEB,College of Education,state,Bauchi,North East,Bauchi,,,,1696,1356,1536,86,79,1,340,0,1450,7,1.458340902210112
2023/2024,Female,all,NABTEB,College of Education,state,Borno,North East,Borno,,,,1137,909,1051,26,25,0,228,0,1025,1,1.458340902210112
2023/2024,Female,all,NABTEB,College of Education,state,Gombe,North East,Gombe,,,,834,667,777,224,211,1,167,0,553,13,1.458340902210112
2023/2024,Female,all,NABTEB,College of Education,state,Taraba,North East,Taraba,,,,237,189,219,15,14,0,48,0,204,1,1.458340902210112
2023/2024,Female,all,NABTEB,College of Education,state,Yobe,North East,Yobe,,,,782,626,726,117,105,1,156,0,609,12,1.458340902210112
2023/2024,Female,all,NABTEB,College of Education,state,Jigawa,North West,Jigawa,,,,1507,1205,1391,36,34,0,302,0,1355,2,1.458340902210112
2023/2024,Female,all,NABTEB,College of Education,state,Kaduna,North West,Kaduna,,,,2810,2249,2612,578,535,3,561,0,2034,43,1.458340902210112
2023/2024,Female,all,NABTEB,College of Education,state,Kano,North West,Kano,,,,5631,4505,5112,349,324,2,1126,0,4763,25,1.458340902210112
2023/2024,Female,all,NABTEB,College of Education,state,Katsina,North West,Katsina,,,,967,774,880,209,200,1,193,0,671,9,1.458340902210112
2023/2024,Female,all,NABTEB,College of Education,state,Kebbi,North West,Kebbi,,,,738,590,677,9,8,0,148,0,668,1,1.458340902210112
2023/2024,Female,all,NABTEB,College of Education,state,Sokoto,North West,Sokoto,,,,752,602,699,21,20,0,150,0,678,1,1.458340902210112
2023/2024,Female,all,NABTEB,College of Education,state,Zamfara,North West,Zamfara,,,,983,787,901,21,19,0,196,0,880,2,1.458340902210112
2023/2024,Female,all,NABTEB,College of Education,state,Abia,South East,Abia,,,,2,1,2,37,34,0,1,0,0,3,1.458340902210112
2023/2024,Female,all,NABTEB,College of Education,state,Anambra,South East,Anambra,,,,0,0,0,131,117,1,0,0,0,14,1.458340902210112
2023/2024,Female,all,NABTEB,College of Education,state,Ebonyi,South East,Ebonyi,,,,268,215,244,24,22,0,53,0,220,2,1.458340902210112
2023/2024,Female,all,NABTEB,College of Education,state,Enugu,South East,Enugu,,,,1081,865,1000,127,114,1,216,0,873,13,1.458340902210112
2023/2024,Female,all,NABTEB,College of Education,state,Imo,South East,Imo,,,,1864,1491,1727,138,121,1,373,0,1589,17,1.458340902210112
2023/2024,Female,all,NABTEB,College of Education,state,Akwa Ibom,South South,Akwa Ibom,,,,1054,843,978,115,106,1,211,0,863,9,1.458340902210112
2023/2024,Female,all,NABTEB,College of Education,state,Bayelsa,South South,Bayelsa,,,,1254,1004,1146,7,6,0,250,0,1139,1,1.458340902210112
2023/2024,Female,all,NABTEB,College of Education,state,Cross River,South South,Cross River,,,,1,1,1,38,36,0,0,0,0,2,1.458340902210112
2023/2024,Female,all,NABTEB,College of Education,state,Delta,South South,Delta,,,,137,110,127,90,84,0,27,0,37,6,1.458340902210112
2023/2024,Female,all,NABTEB,College of Education,state,Edo,South South,Edo,,,,785,628,724,49,43,0,157,0,675,6,1.458340902210112
2023/2024,Female,all,NABTEB,College of Education,state,Rivers,South South,Rivers,,,,1121,898,1045,45,39,0,223,0,1000,6,1.458340902210112
2023/2024,Female,all,NABTEB,College of Education,state,Ekiti,South West,Ekiti,,,,1674,1340,1551,85,78,1,334,0,1466,7,1.458340902210112
2023/2024,Female,all,NABTEB,College of Education,state,Lagos,South West,Lagos,,,,2183,1744,1992,136,122,1,439,0,1856,14,1.458340902210112
2023/2024,Female,all,NABTEB,College of Education,state,Ogun,South West,Ogun,,,,2639,2114,2434,316,288,2,525,0,2118,28,1.458340902210112
2023/2024,Female,all,NABTEB,College of Education,state,Ondo,South West,Ondo,,,,420,336,382,191,167,2,84,0,191,24,1.458340902210112
2023/2024,Female,all,NABTEB,College of Education,state,Osun,South West,Osun,,,,43,35,39,387,349,3,8,0,0,38,1.458340902210112
2023/2024,Female,all,NABTEB,College of Education,state,Oyo,South West,Oyo,,,,3501,2802,3290,545,514,2,699,0,2745,31,1.458340902210112
2023/2024,Female,all,NABTEB,Polytechnic,state,Benue,North Central,Benue,,,,720,575,657,244,217,2,145,0,413,27,1.458340902210112
2023/2024,Female,all,NABTEB,Polytechnic,state,Abuja Federal Capital Territory,North Central,Abuja Federal Capital Territory,,,,630,504,584,30,27,0,126,0,554,3,1.458340902210112
2023/2024,Female,all,NABTEB,Polytechnic,state,Kogi,North Central,Kogi,,,,291,233,268,431,392,3,58,0,0,39,1.458340902210112
2023/2024,Female,all,NABTEB,Polytechnic,state,Kwara,North Central,Kwara,,,,1475,1181,1367,308,290,1,294,0,1059,18,1.458340902210112
2023/2024,Female,all,NABTEB,Polytechnic,state,Nasarawa,North Central,Nasarawa,,,,164,131,152,98,89,1,33,0,54,9,1.458340902210112
2023/2024,Female,all,NABTEB,Polytechnic,state,Niger,North Central,Niger,,,,551,441,511,131,120,1,110,0,380,11,1.458340902210112
2023/2024,Female,all,NABTEB,Polytechnic,state,Plateau,North Central,Plateau,,,,439,351,408,212,187,2,88,0,196,25,1.458340902210112
2023/2024,Female,all,NABTEB,Polytechnic,state,Adamawa,North East,Adamawa,,,,2044,1636,1882,135,121,1,408,0,1747,14,1.458340902210112
2023/2024,Female,all,NABTEB,Polytechnic,state,Bauchi,North East,Bauchi,,,,815,653,765,120,111,1,162,0,645,9,1.458340902210112
2023/2024,Female,all,NABTEB,Polytechnic,state,Borno,North East,Borno,,,,1258,1006,1159,130,121,1,252,0,1029,9,1.458340902210112
2023/2024,Female,all,NABTEB,Polytechnic,state,Gombe,North East,Gombe,,,,715,572,664,66,62,0,143,0,598,4,1.458340902210112
2023/2024,Female,all,NABTEB,Polytechnic,state,Taraba,North East,Taraba,,,,222,177,206,83,77,0,45,0,123,6,1.458340902210112
2023/2024,Female,all,NABTEB,Polytechnic,state,Yobe,North East,Yobe,,,,952,761,881,68,62,0,191,0,813,6,1.458340902210112
2023/2024,Female,all,NABTEB,Polytechnic,state,Jigawa,North West,Jigawa,,,,1313,1050,1192,84,82,0,263,0,1108,2,1.458340902210112
2023/2024,Female,all,NABTEB,Polytechnic,state,Kaduna,North West,Kaduna,,,,1156,925,1057,477,432,4,231,0,580,45,1.458340902210112
2023/2024,Female,all,NABTEB,Polytechnic,state,Kano,North West,Kano,,,,4389,3511,4072,286,258,2,878,0,3786,28,1.458340902210112
2023/2024,Female,all,NABTEB,Polytechnic,state,Katsina,North West,Katsina,,,,879,703,820,217,196,2,176,0,603,21,1.458340902210112
2023/2024,Female,all,NABTEB,Polytechnic,state,Kebbi,North West,Kebbi,,,,908,726,843,35,32,0,182,0,808,3,1.458340902210112
2023/2024,Female,all,NABTEB,Polytechnic,state,Sokoto,North West,Sokoto,,,,532,425,492,10,9,0,107,0,482,1,1.458340902210112
2023/2024,Female,all,NABTEB,Polytechnic,state,Zamfara,North West,Zamfara,,,,718,575,679,11,10,0,143,0,668,1,1.458340902210112
2023/2024,Female,all,NABTEB,Polytechnic,state,Abia,South East,Abia,,,,1,1,1,132,119,1,0,0,0,13,1.458340902210112
2023/2024,Female,all,NABTEB,Polytechnic,state,Anambra,South East,Anambra,,,,0,0,0,213,195,1,0,0,0,18,1.458340902210112
2023/2024,Female,all,NABTEB,Polytechnic,state,Ebonyi,South East,Ebonyi,,,,418,335,395,127,119,1,83,0,268,8,1.458340902210112
2023/2024,Female,all,NABTEB,Polytechnic,state,Enugu,South East,Enugu,,,,1520,1215,1409,246,225,2,305,0,1163,21,1.458340902210112
2023/2024,Female,all,NABTEB,Polytechnic,state,Imo,South East,Imo,,,,2017,1614,1862,284,250,3,403,0,1578,34,1.458340902210112
2023/2024,Female,all,NABTEB,Polytechnic,state,Akwa Ibom,South South,Akwa Ibom,,,,980,785,901,181,165,1,195,0,720,16,1.458340902210112
2023/2024,Female,all,NABTEB,Polytechnic,state,Bayelsa,South South,Bayelsa,,,,943,755,888,24,21,0,188,0,864,3,1.458340902210112
2023/2024,Female,all,NABTEB,Polytechnic,state,Cross River,South South,Cross River,,,,1,1,1,74,69,0,0,0,0,5,1.458340902210112
2023/2024,Female,all,NABTEB,Polytechnic,state,Delta,South South,Delta,,,,188,151,175,208,191,1,37,0,0,17,1.458340902210112
2023/2024,Female,all,NABTEB,Polytechnic,state,Edo,South South,Edo,,,,495,396,457,283,267,1,99,0,174,16,1.458340902210112
2023/2024,Female,all,NABTEB,Polytechnic,state,Rivers,South South,Rivers,,,,1327,1062,1229,97,86,1,265,0,1132,11,1.458340902210112
2023/2024,Female,all,NABTEB,Polytechnic,state,Ekiti,South West,Ekiti,,,,752,602,699,246,234,1,150,0,453,12,1.458340902210112
2023/2024,Female,all,NABTEB,Polytechnic,state,Lagos,South West,Lagos,,,,4599,3682,4259,236,215,2,917,0,4023,21,1.458340902210112
2023/2024,Female,all,NABTEB,Polytechnic,state,Ogun,South West,Ogun,,,,1913,1531,1786,687,613,6,382,0,1099,74,1.458340902210112
2023/2024,Female,all,NABTEB,Polytechnic,state,Ondo,South West,Ondo,,,,518,415,486,385,340,4,103,0,101,45,1.458340902210112
2023/2024,Female,all,NABTEB,Polytechnic,state,Osun,South West,Osun,,,,59,47,54,646,570,6,12,0,0,76,1.458340902210112
2023/2024,Female,all,NABTEB,Polytechnic,state,Oyo,South West,Oyo,,,,1499,1200,1398,700,635,5,299,0,698,65,1.458340902210112
2023/2024,Female,all,NABTEB,University,state,Benue,North Central,Benue,,,,656,525,609,936,832,8,131,0,0,104,1.458340902210112
2023/2024,Female,all,NABTEB,University,state,Abuja Federal Capital Territory,North Central,Abuja Federal Capital Territory,,,,483,386,443,136,124,1,97,0,307,12,1.458340902210112
2023/2024,Female,all,NABTEB,University,state,Kogi,North Central,Kogi,,,,403,323,371,1485,1367,9,80,0,0,118,1.458340902210112
2023/2024,Female,all,NABTEB,University,state,Kwara,North Central,Kwara,,,,1264,1012,1171,1033,984,4,252,0,138,49,1.458340902210112
2023/2024,Female,all,NABTEB,University,state,Nasarawa,North Central,Nasarawa,,,,170,136,157,476,428,4,34,0,0,48,1.458340902210112
2023/2024,Female,all,NABTEB,University,state,Niger,North Central,Niger,,,,536,429,492,327,299,2,107,0,165,28,1.458340902210112
2023/2024,Female,all,NABTEB,University,state,Plateau,North Central,Plateau,,,,578,463,530,271,240,2,115,0,259,31,1.458340902210112
2023/2024,Female,all,NABTEB,University,state,Adamawa,North East,Adamawa,,,,2516,2014,2306,544,523,2,502,0,1762,21,1.458340902210112
2023/2024,Female,all,NABTEB,University,state,Bauchi,North East,Bauchi,,,,1366,1092,1270,398,356,3,274,0,872,42,1.458340902210112
2023/2024,Female,all,NABTEB,University,state,Borno,North East,Borno,,,,1280,1024,1193,652,647,0,256,0,541,5,1.458340902210112
2023/2024,Female,all,NABTEB,University,state,Gombe,North East,Gombe,,,,474,379,434,381,354,2,95,0,53,27,1.458340902210112
2023/2024,Female,all,NABTEB,University,state,Taraba,North East,Taraba,,,,119,95,110,588,551,3,24,0,0,37,1.458340902210112
2023/2024,Female,all,NABTEB,University,state,Yobe,North East,Yobe,,,,735,589,693,270,253,1,146,0,423,17,1.458340902210112
2023/2024,Female,all,NABTEB,University,state,Jigawa,North West,Jigawa,,,,1373,1098,1277,277,256,2,275,0,1000,21,1.458340902210112
2023/2024,Female,all,NABTEB,University,state,Kaduna,North West,Kaduna,,,,3278,2624,2999,687,632,4,654,0,2312,55,1.458340902210112
2023/2024,Female,all,NABTEB,University,state,Kano,North West,Kano,,,,5471,4376,5036,916,842,6,1095,0,4120,74,1.458340902210112
2023/2024,Female,all,NABTEB,University,state,Katsina,North West,Katsina,,,,831,665,767,559,528,2,166,0,208,31,1.458340902210112
2023/2024,Female,all,NABTEB,University,state,Kebbi,North West,Kebbi,,,,1239,991,1141,231,208,2,248,0,910,23,1.458340902210112
2023/2024,Female,all,NABTEB,University,state,Sokoto,North West,Sokoto,,,,998,799,917,238,218,2,199,0,679,20,1.458340902210112
2023/2024,Female,all,NABTEB,University,state,Zamfara,North West,Zamfara,,,,630,505,576,156,141,1,125,0,420,15,1.458340902210112
2023/2024,Female,all,NABTEB,University,state,Abia,South East,Abia,,,,1,1,1,978,880,8,0,0,0,98,1.458340902210112
2023/2024,Female,all,NABTEB,University,state,Anambra,South East,Anambra,,,,0,0,0,1622,1446,14,0,0,0,176,1.458340902210112
2023/2024,Female,all,NABTEB,University,state,Ebonyi,South East,Ebonyi,,,,772,618,705,618,566,4,154,0,87,52,1.458340902210112
2023/2024,Female,all,NABTEB,University,state,Enugu,South East,Enugu,,,,882,706,817,1207,1099,9,176,0,0,108,1.458340902210112
2023/2024,Female,all,NABTEB,University,state,Imo,South East,Imo,,,,1774,1419,1644,1931,1715,17,355,0,0,216,1.458340902210112
2023/2024,Female,all,NABTEB,University,state,Akwa Ibom,South South,Akwa Ibom,,,,1293,1036,1182,1329,1200,10,257,0,0,129,1.458340902210112
2023/2024,Female,all,NABTEB,University,state,Bayelsa,South South,Bayelsa,,,,450,360,420,520,460,5,90,0,0,60,1.458340902210112
2023/2024,Female,all,NABTEB,University,state,Cross River,South South,Cross River,,,,1,1,1,708,659,4,0,0,0,49,1.458340902210112
2023/2024,Female,all,NABTEB,University,state,Delta,South South,Delta,,,,138,110,128,1881,1722,13,28,0,0,159,1.458340902210112
2023/2024,Female,all,NABTEB,University,state,Edo,South South,Edo,,,,804,643,742,1096,961,11,161,0,0,135,1.458340902210112
2023/2024,Female,all,NABTEB,University,state,Rivers,South South,Rivers,,,,1169,936,1091,1192,1118,6,233,0,0,74,1.458340902210112
2023/2024,Female,all,NABTEB,University,state,Ekiti,South West,Ekiti,,,,1260,1008,1136,803,765,3,252,0,333,38,1.458340902210112
2023/2024,Female,all,NABTEB,University,state,Lagos,South West,Lagos,,,,4107,3285,3816,729,668,5,822,0,3087,61,1.458340902210112
2023/2024,Female,all,NABTEB,University,state,Ogun,South West,Ogun,,,,1456,1167,1327,1623,1457,13,289,0,0,166,1.458340902210112
2023/2024,Female,all,NABTEB,University,state,Ondo,South West,Ondo,,,,425,340,393,979,877,8,85,0,0,102,1.458340902210112
2023/2024,Female,all,NABTEB,University,state,Osun,South West,Osun,,,,55,44,52,1599,1453,12,11,0,0,146,1.458340902210112
2023/2024,Female,all,NABTEB,University,state,Oyo,South West,Oyo,,,,2862,2288,2627,1656,1534,10,574,0,971,122,1.458340902210112
2023/2024,Female,all,NECO,College of Education,state,Benue,North Central,Benue,,,,1252,1002,1156,131,120,1,250,0,1025,11,1.458340902210112
2023/2024,Female,all,NECO,College of Education,state,Abuja Federal Capital Territory,North Central,Abuja Federal Capital Territory,,,,1426,1141,1327,71,63,1,285,0,1256,8,1.458340902210112
2023/2024,Female,all,NECO,College of Education,state,Kogi,North Central,Kogi,,,,589,471,545,278,261,1,118,0,267,17,1.458340902210112
2023/2024,Female,all,NECO,College of Education,state,Kwara,North Central,Kwara,,,,1900,1520,1723,471,439,3,380,0,1252,32,1.458340902210112
2023/2024,Female,all,NECO,College of Education,state,Nasarawa,North Central,Nasarawa,,,,351,281,324,325,297,2,70,0,0,28,1.458340902210112
2023/2024,Female,all,NECO,College of Education,state,Niger,North Central,Niger,,,,1269,1015,1156,98,88,1,254,0,1058,10,1.458340902210112
2023/2024,Female,all,NECO,College of Education,state,Plateau,North Central,Plateau,,,,793,634,722,603,564,3,159,0,119,39,1.458340902210112
2023/2024,Female,all,NECO,College of Education,state,Adamawa,North East,Adamawa,,,,3818,3055,3460,101,96,0,763,0,3359,5,1.458340902210112
2023/2024,Female,all,NECO,College of Education,state,Bauchi,North East,Bauchi,,,,3092,2475,2831,151,141,1,617,0,2680,10,1.458340902210112
2023/2024,Female,all,NECO,College of Education,state,Borno,North East,Borno,,,,2071,1655,1881,46,43,0,416,0,1835,3,1.458340902210112
2023/2024,Female,all,NECO,College of Education,state,Gombe,North East,Gombe,,,,1506,1204,1395,476,434,3,302,0,919,42,1.458340902210112
2023/2024,Female,all,NECO,College of Education,state,Taraba,North East,Taraba,,,,443,354,409,31,28,0,89,0,378,3,1.458340902210112
2023/2024,Female,all,NECO,College of Education,state,Yobe,North East,Yobe,,,,1470,1176,1347,196,178,1,294,0,1151,18,1.458340902210112
2023/2024,Female,all,NECO,College of Education,state,Jigawa,North West,Jigawa,,,,2858,2285,2679,70,65,0,573,0,2609,5,1.458340902210112
2023/2024,Female,all,NECO,College of Education,state,Kaduna,North West,Kaduna,,,,5214,4171,4820,1007,934,6,1043,0,3813,73,1.458340902210112
2023/2024,Female,all,NECO,College of Education,state,Kano,North West,Kano,,,,10022,8015,9178,606,535,6,2007,0,8572,71,1.458340902210112
2023/2024,Female,all,NECO,College of Education,state,Katsina,North West,Katsina,,,,1785,1427,1648,390,350,3,358,0,1258,40,1.458340902210112
2023/2024,Female,all,NECO,College of Education,state,Kebbi,North West,Kebbi,,,,1372,1098,1264,18,16,0,274,0,1246,2,1.458340902210112
2023/2024,Female,all,NECO,College of Education,state,Sokoto,North West,Sokoto,,,,1356,1085,1243,37,34,0,271,0,1206,3,1.458340902210112
2023/2024,Female,all,NECO,College of Education,state,Zamfara,North West,Zamfara,,,,1806,1444,1650,38,35,0,362,0,1612,3,1.458340902210112
2023/2024,Female,all,NECO,College of Education,state,Abia,South East,Abia,,,,3,2,3,79,74,0,1,0,0,5,1.458340902210112
2023/2024,Female,all,NECO,College of Education,state,Anambra,South East,Anambra,,,,1,1,1,288,261,2,0,0,0,27,1.458340902210112
2023/2024,Female,all,NECO,College of Education,state,Ebonyi,South East,Ebonyi,,,,494,395,445,53,50,0,99,0,392,3,1.458340902210112
2023/2024,Female,all,NECO,College of Education,state,Enugu,South East,Enugu,,,,2012,1610,1838,266,250,1,402,0,1572,16,1.458340902210112
2023/2024,Female,all,NECO,College of Education,state,Imo,South East,Imo,,,,3387,2710,3077,255,237,1,677,0,2822,18,1.458340902210112
2023/2024,Female,all,NECO,College of Education,state,Akwa Ibom,South South,Akwa Ibom,,,,1972,1578,1809,212,196,1,394,0,1597,16,1.458340902210112
2023/2024,Female,all,NECO,College of Education,state,Bayelsa,South South,Bayelsa,,,,2324,1859,2116,13,12,0,465,0,2103,1,1.458340902210112
2023/2024,Female,all,NECO,College of Education,state,Cross River,South South,Cross River,,,,2,2,2,86,79,1,0,0,0,7,1.458340902210112
2023/2024,Female,all,NECO,College of Education,state,Delta,South South,Delta,,,,252,201,229,172,163,1,51,0,57,9,1.458340902210112
2023/2024,Female,all,NECO,College of Education,state,Edo,South South,Edo,,,,1473,1178,1342,85,77,1,295,0,1257,8,1.458340902210112
2023/2024,Female,all,NECO,College of Education,state,Rivers,South South,Rivers,,,,2064,1652,1908,102,95,1,412,0,1806,7,1.458340902210112
2023/2024,Female,all,NECO,College of Education,state,Ekiti,South West,Ekiti,,,,3124,2498,2931,167,151,1,626,0,2764,16,1.458340902210112
2023/2024,Female,all,NECO,College of Education,state,Lagos,South West,Lagos,,,,4001,3200,3700,243,215,2,801,0,3457,28,1.458340902210112
2023/2024,Female,all,NECO,College of Education,state,Ogun,South West,Ogun,,,,4866,3891,4500,561,512,4,975,0,3939,49,1.458340902210112
2023/2024,Female,all,NECO,College of Education,state,Ondo,South West,Ondo,,,,770,616,698,374,348,2,154,0,324,26,1.458340902210112
2023/2024,Female,all,NECO,College of Education,state,Osun,South West,Osun,,,,78,62,71,695,639,4,16,0,0,56,1.458340902210112
2023/2024,Female,all,NECO,College of Education,state,Oyo,South West,Oyo,,,,6299,5039,5877,1062,934,10,1260,0,4815,128,1.458340902210112
2023/2024,Female,all,NECO,Polytechnic,state,Benue,North Central,Benue,,,,1350,1079,1241,446,406,3,271,0,795,40,1.458340902210112
2023/2024,Female,all,NECO,Polytechnic,state,Abuja Federal Capital Territory,North Central,Abuja Federal Capital Territory,,,,1186,948,1082,51,46,0,238,0,1031,5,1.458340902210112
2023/2024,Female,all,NECO,Polytechnic,state,Kogi,North Central,Kogi,,,,533,426,490,857,797,5,107,0,0,60,1.458340902210112
2023/2024,Female,all,NECO,Polytechnic,state,Kwara,North Central,Kwara,,,,2732,2186,2522,609,568,3,546,0,1913,41,1.458340902210112
2023/2024,Female,all,NECO,Polytechnic,state,Nasarawa,North Central,Nasarawa,,,,302,242,277,205,183,2,60,0,72,22,1.458340902210112
2023/2024,Female,all,NECO,Polytechnic,state,Niger,North Central,Niger,,,,1005,804,928,224,204,2,201,0,704,20,1.458340902210112
2023/2024,Female,all,NECO,Polytechnic,state,Plateau,North Central,Plateau,,,,799,639,745,382,359,2,160,0,363,23,1.458340902210112
2023/2024,Female,all,NECO,Polytechnic,state,Adamawa,North East,Adamawa,,,,3775,3019,3507,243,234,1,756,0,3264,9,1.458340902210112
2023/2024,Female,all,NECO,Polytechnic,state,Bauchi,North East,Bauchi,,,,1515,1214,1404,196,186,1,301,0,1208,10,1.458340902210112
2023/2024,Female,all,NECO,Polytechnic,state,Borno,North East,Borno,,,,2391,1913,2218,214,200,1,478,0,2004,14,1.458340902210112
2023/2024,Female,all,NECO,Polytechnic,state,Gombe,North East,Gombe,,,,1319,1055,1199,131,121,1,264,0,1068,10,1.458340902210112
2023/2024,Female,all,NECO,Polytechnic,state,Taraba,North East,Taraba,,,,401,321,366,152,136,1,80,0,214,16,1.458340902210112
2023/2024,Female,all,NECO,Polytechnic,state,Yobe,North East,Yobe,,,,1792,1433,1666,115,102,1,359,0,1551,13,1.458340902210112
2023/2024,Female,all,NECO,Polytechnic,state,Jigawa,North West,Jigawa,,,,2429,1943,2202,172,160,1,486,0,2030,12,1.458340902210112
2023/2024,Female,all,NECO,Polytechnic,state,Kaduna,North West,Kaduna,,,,2145,1717,1970,804,722,7,428,0,1166,82,1.458340902210112
2023/2024,Female,all,NECO,Polytechnic,state,Kano,North West,Kano,,,,7902,6320,7244,527,475,4,1582,0,6717,52,1.458340902210112
2023/2024,Female,all,NECO,Polytechnic,state,Katsina,North West,Katsina,,,,1667,1334,1536,413,376,3,333,0,1123,37,1.458340902210112
2023/2024,Female,all,NECO,Polytechnic,state,Kebbi,North West,Kebbi,,,,1667,1334,1533,68,61,1,333,0,1465,7,1.458340902210112
2023/2024,Female,all,NECO,Polytechnic,state,Sokoto,North West,Sokoto,,,,997,798,914,19,18,0,199,0,895,1,1.458340902210112
2023/2024,Female,all,NECO,Polytechnic,state,Zamfara,North West,Zamfara,,,,1327,1062,1236,20,18,0,265,0,1216,2,1.458340902210112
2023/2024,Female,all,NECO,Polytechnic,state,Abia,South East,Abia,,,,2,2,2,280,263,1,0,0,0,17,1.458340902210112
2023/2024,Female,all,NECO,Polytechnic,state,Anambra,South East,Anambra,,,,0,0,0,489,445,4,0,0,0,44,1.458340902210112
2023/2024,Female,all,NECO,Polytechnic,state,Ebonyi,South East,Ebonyi,,,,755,604,703,272,249,2,151,0,431,23,1.458340902210112
2023/2024,Female,all,NECO,Polytechnic,state,Enugu,South East,Enugu,,,,2784,2227,2554,523,491,3,557,0,2031,32,1.458340902210112
2023/2024,Female,all,NECO,Polytechnic,state,Imo,South East,Imo,,,,3752,3001,3452,571,526,4,751,0,2881,45,1.458340902210112
2023/2024,Female,all,NECO,Polytechnic,state,Akwa Ibom,South South,Akwa Ibom,,,,1846,1477,1698,332,308,2,369,0,1366,24,1.458340902210112
2023/2024,Female,all,NECO,Polytechnic,state,Bayelsa,South South,Bayelsa,,,,1724,1379,1590,42,39,0,345,0,1548,3,1.458340902210112
2023/2024,Female,all,NECO,Polytechnic,state,Cross River,South South,Cross River,,,,2,2,2,164,151,1,0,0,0,13,1.458340902210112
2023/2024,Female,all,NECO,Polytechnic,state,Delta,South South,Delta,,,,357,285,328,394,371,2,72,0,0,23,1.458340902210112
2023/2024,Female,all,NECO,Polytechnic,state,Edo,South South,Edo,,,,908,726,830,522,469,4,182,0,308,53,1.458340902210112
2023/2024,Female,all,NECO,Polytechnic,state,Rivers,South South,Rivers,,,,2446,1956,2233,200,183,1,490,0,2033,17,1.458340902210112
2023/2024,Female,all,NECO,Polytechnic,state,Ekiti,South West,Ekiti,,,,1378,1101,1253,448,401,4,277,0,805,47,1.458340902210112
2023/2024,Female,all,NECO,Polytechnic,state,Lagos,South West,Lagos,,,,8512,6808,7811,419,379,3,1704,0,7392,40,1.458340902210112
2023/2024,Female,all,NECO,Polytechnic,state,Ogun,South West,Ogun,,,,3596,2875,3325,1262,1144,9,721,0,2063,118,1.458340902210112
2023/2024,Female,all,NECO,Polytechnic,state,Ondo,South West,Ondo,,,,932,746,866,765,702,5,186,0,101,63,1.458340902210112
2023/2024,Female,all,NECO,Polytechnic,state,Osun,South West,Osun,,,,109,87,99,1159,1084,6,22,0,0,75,1.458340902210112
2023/2024,Female,all,NECO,Polytechnic,state,Oyo,South West,Oyo,,,,2763,2211,2503,1378,1210,13,552,0,1125,168,1.458340902210112
2023/2024,Female,all,NECO,University,state,Benue,North Central,Benue,,,,1234,988,1117,1792,1648,12,246,0,0,144,1.458340902210112
2023/2024,Female,all,NECO,University,state,Abuja Federal Capital Territory,North Central,Abuja Federal Capital Territory,,,,843,674,772,213,188,2,169,0,559,25,1.458340902210112
2023/2024,Female,all,NECO,University,state,Kogi,North Central,Kogi,,,,738,590,678,2817,2636,14,148,0,0,181,1.458340902210112
2023/2024,Female,all,NECO,University,state,Kwara,North Central,Kwara,,,,2274,1818,2082,2010,1839,14,456,0,72,171,1.458340902210112
2023/2024,Female,all,NECO,University,state,Nasarawa,North Central,Nasarawa,,,,318,255,291,1013,938,6,63,0,0,75,1.458340902210112
2023/2024,Female,all,NECO,University,state,Niger,North Central,Niger,,,,998,798,927,590,532,5,200,0,337,58,1.458340902210112
2023/2024,Female,all,NECO,University,state,Plateau,North Central,Plateau,,,,1070,856,992,508,478,2,214,0,484,30,1.458340902210112
2023/2024,Female,all,NECO,University,state,Adamawa,North East,Adamawa,,,,4657,3726,4343,939,876,5,931,0,3404,63,1.458340902210112
2023/2024,Female,all,NECO,University,state,Bauchi,North East,Bauchi,,,,2535,2028,2320,648,610,3,507,0,1672,38,1.458340902210112
2023/2024,Female,all,NECO,University,state,Borno,North East,Borno,,,,2370,1897,2188,1120,1028,7,473,0,1068,92,1.458340902210112
2023/2024,Female,all,NECO,University,state,Gombe,North East,Gombe,,,,888,710,808,820,751,6,178,0,0,69,1.458340902210112
2023/2024,Female,all,NECO,University,state,Taraba,North East,Taraba,,,,220,176,204,1243,1105,11,44,0,0,138,1.458340902210112
2023/2024,Female,all,NECO,University,state,Yobe,North East,Yobe,,,,1386,1109,1265,474,429,4,277,0,791,45,1.458340902210112
2023/2024,Female,all,NECO,University,state,Jigawa,North West,Jigawa,,,,2472,1977,2284,509,482,2,495,0,1775,27,1.458340902210112
2023/2024,Female,all,NECO,University,state,Kaduna,North West,Kaduna,,,,6161,4928,5614,1205,1114,7,1233,0,4409,91,1.458340902210112
2023/2024,Female,all,NECO,University,state,Kano,North West,Kano,,,,10447,8356,9676,1693,1507,15,2091,0,7983,186,1.458340902210112
2023/2024,Female,all,NECO,University,state,Katsina,North West,Katsina,,,,1505,1204,1370,1010,916,8,301,0,360,94,1.458340902210112
2023/2024,Female,all,NECO,University,state,Kebbi,North West,Kebbi,,,,2294,1835,2115,456,409,4,459,0,1659,47,1.458340902210112
2023/2024,Female,all,NECO,University,state,Sokoto,North West,Sokoto,,,,1862,1490,1708,442,401,3,372,0,1266,41,1.458340902210112
2023/2024,Female,all,NECO,University,state,Zamfara,North West,Zamfara,,,,1180,944,1087,290,271,2,236,0,797,19,1.458340902210112
2023/2024,Female,all,NECO,University,state,Abia,South East,Abia,,,,3,2,2,2205,2065,11,1,0,0,140,1.458340902210112
2023/2024,Female,all,NECO,University,state,Anambra,South East,Anambra,,,,1,0,1,3488,3156,27,1,0,0,332,1.458340902210112
2023/2024,Female,all,NECO,University,state,Ebonyi,South East,Ebonyi,,,,1411,1128,1289,1359,1252,9,283,0,0,107,1.458340902210112
2023/2024,Female,all,NECO,University,state,Enugu,South East,Enugu,,,,1625,1299,1495,2525,2327,16,326,0,0,198,1.458340902210112
2023/2024,Female,all,NECO,University,state,Imo,South East,Imo,,,,3332,2666,3140,4181,3912,22,666,0,0,269,1.458340902210112
2023/2024,Female,all,NECO,University,state,Akwa Ibom,South South,Akwa Ibom,,,,2382,1906,2201,2383,2237,12,476,0,0,146,1.458340902210112
2023/2024,Female,all,NECO,University,state,Bayelsa,South South,Bayelsa,,,,820,656,771,903,841,5,164,0,0,62,1.458340902210112
2023/2024,Female,all,NECO,University,state,Cross River,South South,Cross River,,,,2,1,2,1508,1376,11,1,0,0,132,1.458340902210112
2023/2024,Female,all,NECO,University,state,Delta,South South,Delta,,,,249,200,231,3602,3417,15,49,0,0,185,1.458340902210112
2023/2024,Female,all,NECO,University,state,Edo,South South,Edo,,,,1457,1165,1357,1905,1743,13,292,0,0,162,1.458340902210112
2023/2024,Female,all,NECO,University,state,Rivers,South South,Rivers,,,,2179,1743,2012,2755,2546,17,436,0,0,209,1.458340902210112
2023/2024,Female,all,NECO,University,state,Ekiti,South West,Ekiti,,,,2299,1837,2090,1468,1332,11,462,0,622,136,1.458340902210112
2023/2024,Female,all,NECO,University,state,Lagos,South West,Lagos,,,,7485,5988,6773,1277,1138,11,1497,0,5496,139,1.458340902210112
2023/2024,Female,all,NECO,University,state,Ogun,South West,Ogun,,,,2729,2184,2466,2944,2692,20,545,0,0,252,1.458340902210112
2023/2024,Female,all,NECO,University,state,Ondo,South West,Ondo,,,,793,634,731,2046,1872,14,159,0,0,174,1.458340902210112
2023/2024,Female,all,NECO,University,state,Osun,South West,Osun,,,,102,81,94,2975,2746,18,21,0,0,229,1.458340902210112
2023/2024,Female,all,NECO,University,state,Oyo,South West,Oyo,,,,5340,4271,4823,3403,2992,33,1069,0,1420,411,1.458340902210112
2023/2024,Female,all,WAEC,College of Education,state,Benue,North Central,Benue,,,,1722,1378,1596,190,180,1,344,0,1406,10,1.458340902210112
2023/2024,Female,all,WAEC,College of Education,state,Abuja Federal Capital Territory,North Central,Abuja Federal Capital Territory,,,,1895,1516,1736,102,95,1,379,0,1634,7,1.458340902210112
2023/2024,Female,all,WAEC,College of Education,state,Kogi,North Central,Kogi,,,,789,631,735,387,356,2,158,0,348,31,1.458340902210112
2023/2024,Female,all,WAEC,College of Education,state,Kwara,North Central,Kwara,,,,2512,2010,2292,642,582,5,502,0,1650,60,1.458340902210112
2023/2024,Female,all,WAEC,College of Education,state,Nasarawa,North Central,Nasarawa,,,,463,370,428,450,415,3,93,0,0,35,1.458340902210112
2023/2024,Female,all,WAEC,College of Education,state,Niger,North Central,Niger,,,,1716,1373,1576,150,141,1,343,0,1426,9,1.458340902210112
2023/2024,Female,all,WAEC,College of Education,state,Plateau,North Central,Plateau,,,,1097,878,1004,851,783,5,219,0,153,68,1.458340902210112
2023/2024,Female,all,WAEC,College of Education,state,Adamawa,North East,Adamawa,,,,5328,4262,4913,133,119,1,1066,0,4780,14,1.458340902210112
2023/2024,Female,all,WAEC,College of Education,state,Bauchi,North East,Bauchi,,,,4217,3372,3859,217,199,1,845,0,3642,18,1.458340902210112
2023/2024,Female,all,WAEC,College of Education,state,Borno,North East,Borno,,,,2851,2282,2609,68,62,0,569,0,2541,6,1.458340902210112
2023/2024,Female,all,WAEC,College of Education,state,Gombe,North East,Gombe,,,,2065,1653,1918,624,574,4,412,0,1294,50,1.458340902210112
2023/2024,Female,all,WAEC,College of Education,state,Taraba,North East,Taraba,,,,592,474,545,41,38,0,118,0,504,3,1.458340902210112
2023/2024,Female,all,WAEC,College of Education,state,Yobe,North East,Yobe,,,,1982,1587,1815,285,268,1,395,0,1530,17,1.458340902210112
2023/2024,Female,all,WAEC,College of Education,state,Jigawa,North West,Jigawa,,,,3873,3099,3622,108,99,1,774,0,3514,9,1.458340902210112
2023/2024,Female,all,WAEC,College of Education,state,Kaduna,North West,Kaduna,,,,6920,5536,6416,1504,1381,10,1384,0,4912,123,1.458340902210112
2023/2024,Female,all,WAEC,College of Education,state,Kano,North West,Kano,,,,13538,10833,12370,848,799,4,2705,0,11522,49,1.458340902210112
2023/2024,Female,all,WAEC,College of Education,state,Katsina,North West,Katsina,,,,2419,1935,2212,539,495,4,484,0,1673,44,1.458340902210112
2023/2024,Female,all,WAEC,College of Education,state,Kebbi,North West,Kebbi,,,,1853,1483,1742,24,22,0,370,0,1718,2,1.458340902210112
2023/2024,Female,all,WAEC,College of Education,state,Sokoto,North West,Sokoto,,,,1860,1488,1712,52,48,0,372,0,1660,4,1.458340902210112
2023/2024,Female,all,WAEC,College of Education,state,Zamfara,North West,Zamfara,,,,2444,1955,2222,52,48,0,489,0,2170,4,1.458340902210112
2023/2024,Female,all,WAEC,College of Education,state,Abia,South East,Abia,,,,4,3,4,106,96,1,1,0,0,10,1.458340902210112
2023/2024,Female,all,WAEC,College of Education,state,Anambra,South East,Anambra,,,,1,1,1,360,336,2,0,0,0,24,1.458340902210112
2023/2024,Female,all,WAEC,College of Education,state,Ebonyi,South East,Ebonyi,,,,672,538,621,75,69,0,134,0,546,6,1.458340902210112
2023/2024,Female,all,WAEC,College of Education,state,Enugu,South East,Enugu,,,,2651,2121,2439,346,315,2,530,0,2093,31,1.458340902210112
2023/2024,Female,all,WAEC,College of Education,state,Imo,South East,Imo,,,,4576,3661,4220,370,345,2,915,0,3850,25,1.458340902210112
2023/2024,Female,all,WAEC,College of Education,state,Akwa Ibom,South South,Akwa Ibom,,,,2660,2127,2435,271,248,2,533,0,2164,23,1.458340902210112
2023/2024,Female,all,WAEC,College of Education,state,Bayelsa,South South,Bayelsa,,,,3115,2491,2856,20,18,0,624,0,2836,2,1.458340902210112
2023/2024,Female,all,WAEC,College of Education,state,Cross River,South South,Cross River,,,,3,2,2,118,108,1,1,0,0,10,1.458340902210112
2023/2024,Female,all,WAEC,College of Education,state,Delta,South South,Delta,,,,334,267,307,250,227,2,67,0,57,23,1.458340902210112
2023/2024,Female,all,WAEC,College of Education,state,Edo,South South,Edo,,,,1935,1548,1783,132,124,1,387,0,1651,8,1.458340902210112
2023/2024,Female,all,WAEC,College of Education,state,Rivers,South South,Rivers,,,,2783,2225,2576,121,112,1,558,0,2455,9,1.458340902210112
2023/2024,Female,all,WAEC,College of Education,state,Ekiti,South West,Ekiti,,,,4088,3271,3782,209,197,1,817,0,3573,12,1.458340902210112
2023/2024,Female,all,WAEC,College of Education,state,Lagos,South West,Lagos,,,,5333,4268,4924,331,312,2,1065,0,4593,19,1.458340902210112
2023/2024,Female,all,WAEC,College of Education,state,Ogun,South West,Ogun,,,,6553,5241,6075,795,744,4,1312,0,5280,51,1.458340902210112
2023/2024,Female,all,WAEC,College of Education,state,Ondo,South West,Ondo,,,,1035,828,933,469,437,3,207,0,464,32,1.458340902210112
2023/2024,Female,all,WAEC,College of Education,state,Osun,South West,Osun,,,,104,83,95,897,821,6,21,0,0,76,1.458340902210112
2023/2024,Female,all,WAEC,College of Education,state,Oyo,South West,Oyo,,,,8571,6860,7930,1380,1300,6,1711,0,6550,80,1.458340902210112
2023/2024,Female,all,WAEC,Polytechnic,state,Benue,North Central,Benue,,,,1787,1430,1642,616,581,3,357,0,1026,35,1.458340902210112
2023/2024,Female,all,WAEC,Polytechnic,state,Abuja Federal Capital Territory,North Central,Abuja Federal Capital Territory,,,,1579,1263,1460,77,72,0,316,0,1383,5,1.458340902210112
2023/2024,Female,all,WAEC,Polytechnic,state,Kogi,North Central,Kogi,,,,727,582,671,1236,1135,8,145,0,0,101,1.458340902210112
2023/2024,Female,all,WAEC,Polytechnic,state,Kwara,North Central,Kwara,,,,3668,2934,3371,816,744,6,734,0,2555,72,1.458340902210112
2023/2024,Female,all,WAEC,Polytechnic,state,Nasarawa,North Central,Nasarawa,,,,395,316,361,277,258,2,79,0,84,19,1.458340902210112
2023/2024,Female,all,WAEC,Polytechnic,state,Niger,North Central,Niger,,,,1331,1064,1215,325,302,2,267,0,890,23,1.458340902210112
2023/2024,Female,all,WAEC,Polytechnic,state,Plateau,North Central,Plateau,,,,1094,875,1001,512,474,3,219,0,489,38,1.458340902210112
2023/2024,Female,all,WAEC,Polytechnic,state,Adamawa,North East,Adamawa,,,,5084,4066,4714,325,290,3,1018,0,4389,35,1.458340902210112
2023/2024,Female,all,WAEC,Polytechnic,state,Bauchi,North East,Bauchi,,,,2035,1627,1906,279,254,2,408,0,1627,25,1.458340902210112
2023/2024,Female,all,WAEC,Polytechnic,state,Borno,North East,Borno,,,,3185,2549,2942,306,276,2,636,0,2636,30,1.458340902210112
2023/2024,Female,all,WAEC,Polytechnic,state,Gombe,North East,Gombe,,,,1752,1402,1599,166,152,1,350,0,1433,14,1.458340902210112
2023/2024,Female,all,WAEC,Polytechnic,state,Taraba,North East,Taraba,,,,540,432,494,210,199,1,108,0,284,11,1.458340902210112
2023/2024,Female,all,WAEC,Polytechnic,state,Yobe,North East,Yobe,,,,2386,1910,2182,164,154,1,476,0,2018,10,1.458340902210112
2023/2024,Female,all,WAEC,Polytechnic,state,Jigawa,North West,Jigawa,,,,3349,2680,3007,248,223,2,669,0,2759,25,1.458340902210112
2023/2024,Female,all,WAEC,Polytechnic,state,Kaduna,North West,Kaduna,,,,2942,2353,2716,1304,1214,7,589,0,1412,90,1.458340902210112
2023/2024,Female,all,WAEC,Polytechnic,state,Kano,North West,Kano,,,,10833,8668,9871,721,696,2,2165,0,9150,25,1.458340902210112
2023/2024,Female,all,WAEC,Polytechnic,state,Katsina,North West,Katsina,,,,2175,1740,2032,537,500,3,435,0,1495,37,1.458340902210112
2023/2024,Female,all,WAEC,Polytechnic,state,Kebbi,North West,Kebbi,,,,2236,1789,2027,87,82,0,447,0,1940,5,1.458340902210112
2023/2024,Female,all,WAEC,Polytechnic,state,Sokoto,North West,Sokoto,,,,1323,1058,1224,25,23,0,265,0,1199,2,1.458340902210112
2023/2024,Female,all,WAEC,Polytechnic,state,Zamfara,North West,Zamfara,,,,1791,1433,1669,28,25,0,358,0,1641,3,1.458340902210112
2023/2024,Female,all,WAEC,Polytechnic,state,Abia,South East,Abia,,,,3,2,3,384,351,3,1,0,0,33,1.458340902210112
2023/2024,Female,all,WAEC,Polytechnic,state,Anambra,South East,Anambra,,,,1,1,1,643,600,3,0,0,0,43,1.458340902210112
2023/2024,Female,all,WAEC,Polytechnic,state,Ebonyi,South East,Ebonyi,,,,1020,816,943,372,341,2,204,0,571,31,1.458340902210112
2023/2024,Female,all,WAEC,Polytechnic,state,Enugu,South East,Enugu,,,,3760,3008,3438,683,628,4,752,0,2755,55,1.458340902210112
2023/2024,Female,all,WAEC,Polytechnic,state,Imo,South East,Imo,,,,4894,3915,4454,765,716,4,979,0,3689,49,1.458340902210112
2023/2024,Female,all,WAEC,Polytechnic,state,Akwa Ibom,South South,Akwa Ibom,,,,2451,1962,2263,437,404,3,489,0,1826,33,1.458340902210112
2023/2024,Female,all,WAEC,Polytechnic,state,Bayelsa,South South,Bayelsa,,,,2346,1877,2133,64,59,0,469,0,2069,5,1.458340902210112
2023/2024,Female,all,WAEC,Polytechnic,state,Cross River,South South,Cross River,,,,3,2,3,217,199,1,1,0,0,18,1.458340902210112
2023/2024,Female,all,WAEC,Polytechnic,state,Delta,South South,Delta,,,,485,388,448,595,541,4,97,0,0,54,1.458340902210112
2023/2024,Female,all,WAEC,Polytechnic,state,Edo,South South,Edo,,,,1204,963,1112,791,747,4,241,0,321,44,1.458340902210112
2023/2024,Female,all,WAEC,Polytechnic,state,Rivers,South South,Rivers,,,,3316,2653,3000,251,233,1,663,0,2749,18,1.458340902210112
2023/2024,Female,all,WAEC,Polytechnic,state,Ekiti,South West,Ekiti,,,,1871,1497,1676,566,525,3,374,0,1110,41,1.458340902210112
2023/2024,Female,all,WAEC,Polytechnic,state,Lagos,South West,Lagos,,,,11520,9215,10663,583,548,3,2305,0,10080,35,1.458340902210112
2023/2024,Female,all,WAEC,Polytechnic,state,Ogun,South West,Ogun,,,,4648,3719,4272,1746,1626,10,929,0,2526,120,1.458340902210112
2023/2024,Female,all,WAEC,Polytechnic,state,Ondo,South West,Ondo,,,,1299,1039,1207,990,929,5,260,0,217,61,1.458340902210112
2023/2024,Female,all,WAEC,Polytechnic,state,Osun,South West,Osun,,,,149,119,137,1609,1481,10,30,0,0,128,1.458340902210112
2023/2024,Female,all,WAEC,Polytechnic,state,Oyo,South West,Oyo,,,,3744,2996,3409,1793,1706,7,748,0,1616,87,1.458340902210112
2023/2024,Female,all,WAEC,University,state,Benue,North Central,Benue,,,,1621,1297,1488,2533,2380,12,324,0,0,153,1.458340902210112
2023/2024,Female,all,WAEC,University,state,Abuja Federal Capital Territory,North Central,Abuja Federal Capital Territory,,,,1193,955,1091,317,300,1,238,0,774,17,1.458340902210112
2023/2024,Female,all,WAEC,University,state,Kogi,North Central,Kogi,,,,972,778,880,3830,3504,26,194,0,0,326,1.458340902210112
2023/2024,Female,all,WAEC,University,state,Kwara,North Central,Kwara,,,,3124,2499,2880,2760,2519,19,625,0,120,241,1.458340902210112
2023/2024,Female,all,WAEC,University,state,Nasarawa,North Central,Nasarawa,,,,422,338,386,1356,1254,8,84,0,0,102,1.458340902210112
2023/2024,Female,all,WAEC,University,state,Niger,North Central,Niger,,,,1326,1060,1217,859,804,4,266,0,358,55,1.458340902210112
2023/2024,Female,all,WAEC,University,state,Plateau,North Central,Plateau,,,,1406,1125,1290,681,626,4,281,0,609,55,1.458340902210112
2023/2024,Female,all,WAEC,University,state,Adamawa,North East,Adamawa,,,,6100,4879,5540,1220,1089,10,1221,0,4320,131,1.458340902210112
2023/2024,Female,all,WAEC,University,state,Bauchi,North East,Bauchi,,,,3322,2656,3053,866,794,6,666,0,2187,72,1.458340902210112
2023/2024,Female,all,WAEC,University,state,Borno,North East,Borno,,,,3205,2565,2927,1623,1448,14,640,0,1304,175,1.458340902210112
2023/2024,Female,all,WAEC,University,state,Gombe,North East,Gombe,,,,1183,947,1085,1014,935,6,236,0,71,79,1.458340902210112
2023/2024,Female,all,WAEC,University,state,Taraba,North East,Taraba,,,,304,243,278,1674,1554,10,61,0,0,120,1.458340902210112
2023/2024,Female,all,WAEC,University,state,Yobe,North East,Yobe,,,,1817,1453,1664,655,615,3,364,0,1009,40,1.458340902210112
2023/2024,Female,all,WAEC,University,state,Jigawa,North West,Jigawa,,,,3222,2579,2950,738,669,6,643,0,2212,69,1.458340902210112
2023/2024,Female,all,WAEC,University,state,Kaduna,North West,Kaduna,,,,8282,6626,7591,1857,1723,11,1656,0,5734,134,1.458340902210112
2023/2024,Female,all,WAEC,University,state,Kano,North West,Kano,,,,14094,11278,13182,2309,2200,9,2816,0,10873,109,1.458340902210112
2023/2024,Female,all,WAEC,University,state,Katsina,North West,Katsina,,,,2065,1652,1884,1424,1321,8,413,0,460,103,1.458340902210112
2023/2024,Female,all,WAEC,University,state,Kebbi,North West,Kebbi,,,,3096,2477,2831,593,562,2,619,0,2238,31,1.458340902210112
2023/2024,Female,all,WAEC,University,state,Sokoto,North West,Sokoto,,,,2459,1967,2260,589,545,4,492,0,1671,44,1.458340902210112
2023/2024,Female,all,WAEC,University,state,Zamfara,North West,Zamfara,,,,1551,1240,1414,379,342,3,311,0,1035,37,1.458340902210112
2023/2024,Female,all,WAEC,University,state,Abia,South East,Abia,,,,3,3,3,2998,2734,21,0,0,0,264,1.458340902210112
2023/2024,Female,all,WAEC,University,state,Anambra,South East,Anambra,,,,1,1,1,4593,4327,21,0,0,0,266,1.458340902210112
2023/2024,Female,all,WAEC,University,state,Ebonyi,South East,Ebonyi,,,,1896,1517,1744,1831,1663,13,379,0,0,168,1.458340902210112
2023/2024,Female,all,WAEC,University,state,Enugu,South East,Enugu,,,,2206,1766,2050,3316,3035,22,440,0,0,281,1.458340902210112
2023/2024,Female,all,WAEC,University,state,Imo,South East,Imo,,,,4491,3592,4104,5370,4963,33,899,0,0,407,1.458340902210112
2023/2024,Female,all,WAEC,University,state,Akwa Ibom,South South,Akwa Ibom,,,,3267,2612,3007,3392,3102,23,655,0,0,290,1.458340902210112
2023/2024,Female,all,WAEC,University,state,Bayelsa,South South,Bayelsa,,,,1073,858,1004,1331,1238,7,215,0,0,93,1.458340902210112
2023/2024,Female,all,WAEC,University,state,Cross River,South South,Cross River,,,,2,2,2,2148,1972,14,0,0,0,176,1.458340902210112
2023/2024,Female,all,WAEC,University,state,Delta,South South,Delta,,,,334,267,305,5018,4558,37,67,0,0,460,1.458340902210112
2023/2024,Female,all,WAEC,University,state,Edo,South South,Edo,,,,2034,1627,1859,2963,2812,12,407,0,0,151,1.458340902210112
2023/2024,Female,all,WAEC,University,state,Rivers,South South,Rivers,,,,2826,2260,2599,3214,2953,21,566,0,0,261,1.458340902210112
2023/2024,Female,all,WAEC,University,state,Ekiti,South West,Ekiti,,,,3023,2420,2794,1954,1813,11,603,0,840,141,1.458340902210112
2023/2024,Female,all,WAEC,University,state,Lagos,South West,Lagos,,,,10325,8261,9481,1801,1707,8,2064,0,7680,94,1.458340902210112
2023/2024,Female,all,WAEC,University,state,Ogun,South West,Ogun,,,,3727,2980,3372,4193,3887,24,747,0,0,306,1.458340902210112
2023/2024,Female,all,WAEC,University,state,Ondo,South West,Ondo,,,,1073,858,989,2576,2391,15,215,0,0,185,1.458340902210112
2023/2024,Female,all,WAEC,University,state,Osun,South West,Osun,,,,136,109,127,3933,3633,24,27,0,0,300,1.458340902210112
2023/2024,Female,all,WAEC,University,state,Oyo,South West,Oyo,,,,7097,5676,6485,4505,4248,21,1421,0,1980,257,1.458340902210112
2023/2024,Female,disabled,NABTEB,College of Education,state,Benue,North Central,Benue,,,,63,51,56,10,9,0,12,0,46,1,1.458340902210112
2023/2024,Female,disabled,NABTEB,College of Education,state,Abuja Federal Capital Territory,North Central,Abuja Federal Capital Territory,,,,73,59,66,6,5,0,14,0,60,1,1.458340902210112
2023/2024,Female,disabled,NABTEB,College of Education,state,Kogi,North Central,Kogi,,,,29,23,26,22,19,0,6,0,4,3,1.458340902210112
2023/2024,Female,disabled,NABTEB,College of Education,state,Kwara,North Central,Kwara,,,,86,69,80,32,30,0,17,0,48,2,1.458340902210112
2023/2024,Female,disabled,NABTEB,College of Education,state,Nasarawa,North Central,Nasarawa,,,,16,13,14,19,18,0,3,0,0,1,1.458340902210112
2023/2024,Female,disabled,NABTEB,College of Education,state,Niger,North Central,Niger,,,,57,46,50,9,8,0,11,0,41,1,1.458340902210112
2023/2024,Female,disabled,NABTEB,College of Education,state,Plateau,North Central,Plateau,,,,42,33,36,48,42,0,9,0,0,6,1.458340902210112
2023/2024,Female,disabled,NABTEB,College of Education,state,Adamawa,North East,Adamawa,,,,191,153,176,6,5,0,38,0,170,1,1.458340902210112
2023/2024,Female,disabled,NABTEB,College of Education,state,Bauchi,North East,Bauchi,,,,153,122,137,9,8,0,31,0,128,1,1.458340902210112
2023/2024,Female,disabled,NABTEB,College of Education,state,Borno,North East,Borno,,,,102,82,91,4,3,0,20,0,87,1,1.458340902210112
2023/2024,Female,disabled,NABTEB,College of Education,state,Gombe,North East,Gombe,,,,71,57,63,32,28,0,14,0,31,4,1.458340902210112
2023/2024,Female,disabled,NABTEB,College of Education,state,Taraba,North East,Taraba,,,,21,17,19,2,1,0,4,0,17,1,1.458340902210112
2023/2024,Female,disabled,NABTEB,College of Education,state,Yobe,North East,Yobe,,,,78,63,67,15,13,0,15,0,52,2,1.458340902210112
2023/2024,Female,disabled,NABTEB,College of Education,state,Jigawa,North West,Jigawa,,,,136,109,123,5,4,0,27,0,118,1,1.458340902210112
2023/2024,Female,disabled,NABTEB,College of Education,state,Kaduna,North West,Kaduna,,,,282,228,257,86,81,0,54,0,171,5,1.458340902210112
2023/2024,Female,disabled,NABTEB,College of Education,state,Kano,North West,Kano,,,,513,414,456,49,44,0,99,0,407,5,1.458340902210112
2023/2024,Female,disabled,NABTEB,College of Education,state,Katsina,North West,Katsina,,,,97,78,86,27,24,0,19,0,59,3,1.458340902210112
2023/2024,Female,disabled,NABTEB,College of Education,state,Kebbi,North West,Kebbi,,,,74,59,66,1,0,0,15,0,65,1,1.458340902210112
2023/2024,Female,disabled,NABTEB,College of Education,state,Sokoto,North West,Sokoto,,,,67,54,62,3,2,0,13,0,59,1,1.458340902210112
2023/2024,Female,disabled,NABTEB,College of Education,state,Zamfara,North West,Zamfara,,,,87,70,80,3,2,0,17,0,77,1,1.458340902210112
2023/2024,Female,disabled,NABTEB,College of Education,state,Abia,South East,Abia,,,,0,0,0,5,4,0,0,0,0,1,1.458340902210112
2023/2024,Female,disabled,NABTEB,College of Education,state,Anambra,South East,Anambra,,,,0,0,0,18,16,0,0,0,0,2,1.458340902210112
2023/2024,Female,disabled,NABTEB,College of Education,state,Ebonyi,South East,Ebonyi,,,,23,19,20,4,3,0,4,0,16,1,1.458340902210112
2023/2024,Female,disabled,NABTEB,College of Education,state,Enugu,South East,Enugu,,,,90,73,78,18,16,0,17,0,60,2,1.458340902210112
2023/2024,Female,disabled,NABTEB,College of Education,state,Imo,South East,Imo,,,,144,116,127,20,17,0,28,0,107,3,1.458340902210112
2023/2024,Female,disabled,NABTEB,College of Education,state,Akwa Ibom,South South,Akwa Ibom,,,,96,77,86,16,15,0,19,0,70,1,1.458340902210112
2023/2024,Female,disabled,NABTEB,College of Education,state,Bayelsa,South South,Bayelsa,,,,101,81,84,1,0,0,20,0,83,1,1.458340902210112
2023/2024,Female,disabled,NABTEB,College of Education,state,Cross River,South South,Cross River,,,,0,0,0,5,4,0,0,0,0,1,1.458340902210112
2023/2024,Female,disabled,NABTEB,College of Education,state,Delta,South South,Delta,,,,13,10,11,13,12,0,3,0,0,1,1.458340902210112
2023/2024,Female,disabled,NABTEB,College of Education,state,Edo,South South,Edo,,,,71,57,63,7,6,0,14,0,56,1,1.458340902210112
2023/2024,Female,disabled,NABTEB,College of Education,state,Rivers,South South,Rivers,,,,107,86,91,6,5,0,21,0,85,1,1.458340902210112
2023/2024,Female,disabled,NABTEB,College of Education,state,Ekiti,South West,Ekiti,,,,144,116,132,11,10,0,28,0,121,1,1.458340902210112
2023/2024,Female,disabled,NABTEB,College of Education,state,Lagos,South West,Lagos,,,,226,183,200,19,17,0,43,0,181,2,1.458340902210112
2023/2024,Female,disabled,NABTEB,College of Education,state,Ogun,South West,Ogun,,,,236,191,210,44,39,0,45,0,166,5,1.458340902210112
2023/2024,Female,disabled,NABTEB,College of Education,state,Ondo,South West,Ondo,,,,39,31,34,27,25,0,8,0,7,2,1.458340902210112
2023/2024,Female,disabled,NABTEB,College of Education,state,Osun,South West,Osun,,,,4,3,3,54,48,0,1,0,0,6,1.458340902210112
2023/2024,Female,disabled,NABTEB,College of Education,state,Oyo,South West,Oyo,,,,277,223,242,71,66,0,54,0,171,5,1.458340902210112
2023/2024,Female,disabled,NABTEB,Polytechnic,state,Benue,North Central,Benue,,,,63,50,55,36,32,0,13,0,19,4,1.458340902210112
2023/2024,Female,disabled,NABTEB,Polytechnic,state,Abuja Federal Capital Territory,North Central,Abuja Federal Capital Territory,,,,53,43,48,4,3,0,10,0,44,1,1.458340902210112
2023/2024,Female,disabled,NABTEB,Polytechnic,state,Kogi,North Central,Kogi,,,,27,22,25,60,52,1,5,0,0,8,1.458340902210112
2023/2024,Female,disabled,NABTEB,Polytechnic,state,Kwara,North Central,Kwara,,,,127,102,112,43,42,0,25,0,69,1,1.458340902210112
2023/2024,Female,disabled,NABTEB,Polytechnic,state,Nasarawa,North Central,Nasarawa,,,,15,12,13,13,12,0,3,0,0,1,1.458340902210112
2023/2024,Female,disabled,NABTEB,Polytechnic,state,Niger,North Central,Niger,,,,51,41,43,19,16,0,10,0,24,3,1.458340902210112
2023/2024,Female,disabled,NABTEB,Polytechnic,state,Plateau,North Central,Plateau,,,,40,32,35,28,25,0,8,0,7,3,1.458340902210112
2023/2024,Female,disabled,NABTEB,Polytechnic,state,Adamawa,North East,Adamawa,,,,186,149,176,16,15,0,37,0,160,1,1.458340902210112
2023/2024,Female,disabled,NABTEB,Polytechnic,state,Bauchi,North East,Bauchi,,,,78,63,70,18,16,0,15,0,52,2,1.458340902210112
2023/2024,Female,disabled,NABTEB,Polytechnic,state,Borno,North East,Borno,,,,110,88,100,21,18,0,22,0,79,3,1.458340902210112
2023/2024,Female,disabled,NABTEB,Polytechnic,state,Gombe,North East,Gombe,,,,63,50,55,10,9,0,13,0,45,1,1.458340902210112
2023/2024,Female,disabled,NABTEB,Polytechnic,state,Taraba,North East,Taraba,,,,20,16,18,9,8,0,4,0,9,1,1.458340902210112
2023/2024,Female,disabled,NABTEB,Polytechnic,state,Yobe,North East,Yobe,,,,85,68,74,10,9,0,17,0,64,1,1.458340902210112
2023/2024,Female,disabled,NABTEB,Polytechnic,state,Jigawa,North West,Jigawa,,,,129,104,112,10,9,0,25,0,102,1,1.458340902210112
2023/2024,Female,disabled,NABTEB,Polytechnic,state,Kaduna,North West,Kaduna,,,,99,80,93,73,68,0,19,0,20,5,1.458340902210112
2023/2024,Female,disabled,NABTEB,Polytechnic,state,Kano,North West,Kano,,,,392,317,343,34,30,0,75,0,309,4,1.458340902210112
2023/2024,Female,disabled,NABTEB,Polytechnic,state,Katsina,North West,Katsina,,,,71,57,65,30,27,0,14,0,35,3,1.458340902210112
2023/2024,Female,disabled,NABTEB,Polytechnic,state,Kebbi,North West,Kebbi,,,,83,66,77,5,4,0,17,0,72,1,1.458340902210112
2023/2024,Female,disabled,NABTEB,Polytechnic,state,Sokoto,North West,Sokoto,,,,44,36,39,1,0,0,8,0,38,1,1.458340902210112
2023/2024,Female,disabled,NABTEB,Polytechnic,state,Zamfara,North West,Zamfara,,,,67,54,63,1,0,0,13,0,62,1,1.458340902210112
2023/2024,Female,disabled,NABTEB,Polytechnic,state,Abia,South East,Abia,,,,0,0,0,17,15,0,0,0,0,2,1.458340902210112
2023/2024,Female,disabled,NABTEB,Polytechnic,state,Anambra,South East,Anambra,,,,0,0,0,31,29,0,0,0,0,2,1.458340902210112
2023/2024,Female,disabled,NABTEB,Polytechnic,state,Ebonyi,South East,Ebonyi,,,,38,31,34,18,17,0,7,0,16,1,1.458340902210112
2023/2024,Female,disabled,NABTEB,Polytechnic,state,Enugu,South East,Enugu,,,,139,112,123,34,31,0,27,0,89,3,1.458340902210112
2023/2024,Female,disabled,NABTEB,Polytechnic,state,Imo,South East,Imo,,,,190,153,167,45,39,0,37,0,122,6,1.458340902210112
2023/2024,Female,disabled,NABTEB,Polytechnic,state,Akwa Ibom,South South,Akwa Ibom,,,,95,76,82,26,25,0,19,0,56,1,1.458340902210112
2023/2024,Female,disabled,NABTEB,Polytechnic,state,Bayelsa,South South,Bayelsa,,,,81,65,71,3,2,0,16,0,68,1,1.458340902210112
2023/2024,Female,disabled,NABTEB,Polytechnic,state,Cross River,South South,Cross River,,,,0,0,0,11,10,0,0,0,0,1,1.458340902210112
2023/2024,Female,disabled,NABTEB,Polytechnic,state,Delta,South South,Delta,,,,17,13,15,29,26,0,4,0,0,3,1.458340902210112
2023/2024,Female,disabled,NABTEB,Polytechnic,state,Edo,South South,Edo,,,,48,39,43,42,37,0,9,0,1,5,1.458340902210112
2023/2024,Female,disabled,NABTEB,Polytechnic,state,Rivers,South South,Rivers,,,,108,87,96,13,11,0,21,0,83,2,1.458340902210112
2023/2024,Female,disabled,NABTEB,Polytechnic,state,Ekiti,South West,Ekiti,,,,65,52,58,35,32,0,13,0,23,3,1.458340902210112
2023/2024,Female,disabled,NABTEB,Polytechnic,state,Lagos,South West,Lagos,,,,389,314,353,32,28,0,75,0,321,4,1.458340902210112
2023/2024,Female,disabled,NABTEB,Polytechnic,state,Ogun,South West,Ogun,,,,172,139,150,95,83,1,33,0,55,12,1.458340902210112
2023/2024,Female,disabled,NABTEB,Polytechnic,state,Ondo,South West,Ondo,,,,46,37,41,49,47,0,9,0,0,2,1.458340902210112
2023/2024,Female,disabled,NABTEB,Polytechnic,state,Osun,South West,Osun,,,,5,4,5,83,75,1,1,0,0,8,1.458340902210112
2023/2024,Female,disabled,NABTEB,Polytechnic,state,Oyo,South West,Oyo,,,,136,110,118,98,88,1,26,0,20,10,1.458340902210112
2023/2024,Female,disabled,NABTEB,University,state,Benue,North Central,Benue,,,,58,47,53,142,129,1,11,0,0,13,1.458340902210112
2023/2024,Female,disabled,NABTEB,University,state,Abuja Federal Capital Territory,North Central,Abuja Federal Capital Territory,,,,42,34,37,19,17,0,8,0,18,2,1.458340902210112
2023/2024,Female,disabled,NABTEB,University,state,Kogi,North Central,Kogi,,,,36,29,33,222,190,3,7,0,0,32,1.458340902210112
2023/2024,Female,disabled,NABTEB,University,state,Kwara,North Central,Kwara,,,,115,93,105,141,132,1,22,0,0,9,1.458340902210112
2023/2024,Female,disabled,NABTEB,University,state,Nasarawa,North Central,Nasarawa,,,,15,12,13,65,60,0,3,0,0,5,1.458340902210112
2023/2024,Female,disabled,NABTEB,University,state,Niger,North Central,Niger,,,,50,40,42,47,41,0,10,0,0,6,1.458340902210112
2023/2024,Female,disabled,NABTEB,University,state,Plateau,North Central,Plateau,,,,50,40,43,38,34,0,10,0,5,4,1.458340902210112
2023/2024,Female,disabled,NABTEB,University,state,Adamawa,North East,Adamawa,,,,228,183,206,55,54,0,45,0,151,1,1.458340902210112
2023/2024,Female,disabled,NABTEB,University,state,Bauchi,North East,Bauchi,,,,121,97,113,49,44,0,24,0,64,5,1.458340902210112
2023/2024,Female,disabled,NABTEB,University,state,Borno,North East,Borno,,,,125,100,109,95,84,1,25,0,14,11,1.458340902210112
2023/2024,Female,disabled,NABTEB,University,state,Gombe,North East,Gombe,,,,43,34,38,56,49,1,9,0,0,7,1.458340902210112
2023/2024,Female,disabled,NABTEB,University,state,Taraba,North East,Taraba,,,,11,9,10,70,67,0,2,0,0,3,1.458340902210112
2023/2024,Female,disabled,NABTEB,University,state,Yobe,North East,Yobe,,,,74,59,66,35,32,0,15,0,31,3,1.458340902210112
2023/2024,Female,disabled,NABTEB,University,state,Jigawa,North West,Jigawa,,,,128,103,117,33,31,0,25,0,84,2,1.458340902210112
2023/2024,Female,disabled,NABTEB,University,state,Kaduna,North West,Kaduna,,,,300,242,275,105,97,1,58,0,170,8,1.458340902210112
2023/2024,Female,disabled,NABTEB,University,state,Kano,North West,Kano,,,,495,400,453,137,121,1,95,0,316,16,1.458340902210112
2023/2024,Female,disabled,NABTEB,University,state,Katsina,North West,Katsina,,,,77,62,72,79,71,1,15,0,0,8,1.458340902210112
2023/2024,Female,disabled,NABTEB,University,state,Kebbi,North West,Kebbi,,,,107,86,99,32,28,0,21,0,67,4,1.458340902210112
2023/2024,Female,disabled,NABTEB,University,state,Sokoto,North West,Sokoto,,,,89,72,83,31,28,0,17,0,52,3,1.458340902210112
2023/2024,Female,disabled,NABTEB,University,state,Zamfara,North West,Zamfara,,,,61,49,53,20,19,0,12,0,33,1,1.458340902210112
2023/2024,Female,disabled,NABTEB,University,state,Abia,South East,Abia,,,,0,0,0,142,126,1,0,0,0,16,1.458340902210112
2023/2024,Female,disabled,NABTEB,University,state,Anambra,South East,Anambra,,,,0,0,0,228,211,1,0,0,0,17,1.458340902210112
2023/2024,Female,disabled,NABTEB,University,state,Ebonyi,South East,Ebonyi,,,,69,55,60,88,87,0,14,0,0,1,1.458340902210112
2023/2024,Female,disabled,NABTEB,University,state,Enugu,South East,Enugu,,,,75,60,67,165,152,1,15,0,0,13,1.458340902210112
2023/2024,Female,disabled,NABTEB,University,state,Imo,South East,Imo,,,,152,122,138,275,237,3,30,0,0,38,1.458340902210112
2023/2024,Female,disabled,NABTEB,University,state,Akwa Ibom,South South,Akwa Ibom,,,,115,93,103,179,177,0,22,0,0,2,1.458340902210112
2023/2024,Female,disabled,NABTEB,University,state,Bayelsa,South South,Bayelsa,,,,40,32,33,68,64,0,8,0,0,4,1.458340902210112
2023/2024,Female,disabled,NABTEB,University,state,Cross River,South South,Cross River,,,,0,0,0,100,90,1,0,0,0,10,1.458340902210112
2023/2024,Female,disabled,NABTEB,University,state,Delta,South South,Delta,,,,12,9,10,250,229,2,3,0,0,21,1.458340902210112
2023/2024,Female,disabled,NABTEB,University,state,Edo,South South,Edo,,,,72,58,64,163,143,2,14,0,0,20,1.458340902210112
2023/2024,Female,disabled,NABTEB,University,state,Rivers,South South,Rivers,,,,116,94,104,176,150,2,22,0,0,26,1.458340902210112
2023/2024,Female,disabled,NABTEB,University,state,Ekiti,South West,Ekiti,,,,115,92,100,113,102,1,23,0,0,11,1.458340902210112
2023/2024,Female,disabled,NABTEB,University,state,Lagos,South West,Lagos,,,,372,301,322,108,96,1,71,0,214,12,1.458340902210112
2023/2024,Female,disabled,NABTEB,University,state,Ogun,South West,Ogun,,,,137,111,121,226,206,2,26,0,0,20,1.458340902210112
2023/2024,Female,disabled,NABTEB,University,state,Ondo,South West,Ondo,,,,35,28,32,127,120,1,7,0,0,7,1.458340902210112
2023/2024,Female,disabled,NABTEB,University,state,Osun,South West,Osun,,,,5,4,4,219,199,2,1,0,0,20,1.458340902210112
2023/2024,Female,disabled,NABTEB,University,state,Oyo,South West,Oyo,,,,241,194,214,238,217,2,47,0,0,21,1.458340902210112
2023/2024,Female,disabled,NECO,College of Education,state,Benue,North Central,Benue,,,,105,84,99,10,9,0,21,0,89,1,1.458340902210112
2023/2024,Female,disabled,NECO,College of Education,state,Abuja Federal Capital Territory,North Central,Abuja Federal Capital Territory,,,,113,90,105,5,4,0,23,0,100,1,1.458340902210112
2023/2024,Female,disabled,NECO,College of Education,state,Kogi,North Central,Kogi,,,,45,36,43,23,22,0,9,0,20,1,1.458340902210112
2023/2024,Female,disabled,NECO,College of Education,state,Kwara,North Central,Kwara,,,,149,120,140,36,35,0,29,0,104,1,1.458340902210112
2023/2024,Female,disabled,NECO,College of Education,state,Nasarawa,North Central,Nasarawa,,,,27,22,25,24,23,0,5,0,1,1,1.458340902210112
2023/2024,Female,disabled,NECO,College of Education,state,Niger,North Central,Niger,,,,95,76,89,7,6,0,19,0,82,1,1.458340902210112
2023/2024,Female,disabled,NECO,College of Education,state,Plateau,North Central,Plateau,,,,64,51,60,44,43,0,13,0,16,1,1.458340902210112
2023/2024,Female,disabled,NECO,College of Education,state,Adamawa,North East,Adamawa,,,,297,239,265,9,8,0,58,0,256,1,1.458340902210112
2023/2024,Female,disabled,NECO,College of Education,state,Bauchi,North East,Bauchi,,,,238,190,216,15,13,0,48,0,201,2,1.458340902210112
2023/2024,Female,disabled,NECO,College of Education,state,Borno,North East,Borno,,,,163,130,147,4,3,0,33,0,143,1,1.458340902210112
2023/2024,Female,disabled,NECO,College of Education,state,Gombe,North East,Gombe,,,,110,88,102,38,35,0,22,0,64,3,1.458340902210112
2023/2024,Female,disabled,NECO,College of Education,state,Taraba,North East,Taraba,,,,34,27,31,3,2,0,7,0,28,1,1.458340902210112
2023/2024,Female,disabled,NECO,College of Education,state,Yobe,North East,Yobe,,,,113,90,106,16,15,0,23,0,90,1,1.458340902210112
2023/2024,Female,disabled,NECO,College of Education,state,Jigawa,North West,Jigawa,,,,216,173,206,6,5,0,43,0,200,1,1.458340902210112
2023/2024,Female,disabled,NECO,College of Education,state,Kaduna,North West,Kaduna,,,,428,343,401,80,71,1,85,0,321,9,1.458340902210112
2023/2024,Female,disabled,NECO,College of Education,state,Kano,North West,Kano,,,,757,606,707,46,43,0,151,0,661,3,1.458340902210112
2023/2024,Female,disabled,NECO,College of Education,state,Katsina,North West,Katsina,,,,138,111,126,32,28,0,27,0,94,4,1.458340902210112
2023/2024,Female,disabled,NECO,College of Education,state,Kebbi,North West,Kebbi,,,,103,83,102,1,0,0,20,0,101,1,1.458340902210112
2023/2024,Female,disabled,NECO,College of Education,state,Sokoto,North West,Sokoto,,,,98,79,88,3,2,0,19,0,85,1,1.458340902210112
2023/2024,Female,disabled,NECO,College of Education,state,Zamfara,North West,Zamfara,,,,138,111,125,3,2,0,27,0,122,1,1.458340902210112
2023/2024,Female,disabled,NECO,College of Education,state,Abia,South East,Abia,,,,0,0,0,6,5,0,0,0,0,1,1.458340902210112
2023/2024,Female,disabled,NECO,College of Education,state,Anambra,South East,Anambra,,,,0,0,0,20,19,0,0,0,0,1,1.458340902210112
2023/2024,Female,disabled,NECO,College of Education,state,Ebonyi,South East,Ebonyi,,,,37,29,34,4,3,0,8,0,30,1,1.458340902210112
2023/2024,Female,disabled,NECO,College of Education,state,Enugu,South East,Enugu,,,,149,119,134,19,18,0,30,0,115,1,1.458340902210112
2023/2024,Female,disabled,NECO,College of Education,state,Imo,South East,Imo,,,,249,200,224,20,19,0,49,0,204,1,1.458340902210112
2023/2024,Female,disabled,NECO,College of Education,state,Akwa Ibom,South South,Akwa Ibom,,,,148,119,139,15,14,0,29,0,124,1,1.458340902210112
2023/2024,Female,disabled,NECO,College of Education,state,Bayelsa,South South,Bayelsa,,,,183,146,168,1,0,0,37,0,167,1,1.458340902210112
2023/2024,Female,disabled,NECO,College of Education,state,Cross River,South South,Cross River,,,,0,0,0,6,5,0,0,0,0,1,1.458340902210112
2023/2024,Female,disabled,NECO,College of Education,state,Delta,South South,Delta,,,,19,15,17,14,13,0,4,0,3,1,1.458340902210112
2023/2024,Female,disabled,NECO,College of Education,state,Edo,South South,Edo,,,,117,94,105,7,6,0,23,0,98,1,1.458340902210112
2023/2024,Female,disabled,NECO,College of Education,state,Rivers,South South,Rivers,,,,157,126,149,8,7,0,31,0,141,1,1.458340902210112
2023/2024,Female,disabled,NECO,College of Education,state,Ekiti,South West,Ekiti,,,,251,201,236,12,11,0,50,0,224,1,1.458340902210112
2023/2024,Female,disabled,NECO,College of Education,state,Lagos,South West,Lagos,,,,353,282,319,16,14,0,71,0,303,2,1.458340902210112
2023/2024,Female,disabled,NECO,College of Education,state,Ogun,South West,Ogun,,,,381,305,355,43,40,0,76,0,312,3,1.458340902210112
2023/2024,Female,disabled,NECO,College of Education,state,Ondo,South West,Ondo,,,,60,48,57,29,27,0,12,0,28,2,1.458340902210112
2023/2024,Female,disabled,NECO,College of Education,state,Osun,South West,Osun,,,,6,5,5,52,51,0,1,0,0,1,1.458340902210112
2023/2024,Female,disabled,NECO,College of Education,state,Oyo,South West,Oyo,,,,461,371,446,73,69,0,90,0,373,4,1.458340902210112
2023/2024,Female,disabled,NECO,Polytechnic,state,Benue,North Central,Benue,,,,101,81,93,35,32,0,20,0,58,3,1.458340902210112
2023/2024,Female,disabled,NECO,Polytechnic,state,Abuja Federal Capital Territory,North Central,Abuja Federal Capital Territory,,,,97,78,90,4,3,0,19,0,86,1,1.458340902210112
2023/2024,Female,disabled,NECO,Polytechnic,state,Kogi,North Central,Kogi,,,,42,33,38,69,67,0,9,0,0,2,1.458340902210112
2023/2024,Female,disabled,NECO,Polytechnic,state,Kwara,North Central,Kwara,,,,217,174,202,45,42,0,43,0,157,3,1.458340902210112
2023/2024,Female,disabled,NECO,Polytechnic,state,Nasarawa,North Central,Nasarawa,,,,23,19,22,15,14,0,4,0,7,1,1.458340902210112
2023/2024,Female,disabled,NECO,Polytechnic,state,Niger,North Central,Niger,,,,80,64,76,16,15,0,16,0,60,1,1.458340902210112
2023/2024,Female,disabled,NECO,Polytechnic,state,Plateau,North Central,Plateau,,,,63,51,59,27,26,0,12,0,32,1,1.458340902210112
2023/2024,Female,disabled,NECO,Polytechnic,state,Adamawa,North East,Adamawa,,,,298,238,272,21,19,0,60,0,251,2,1.458340902210112
2023/2024,Female,disabled,NECO,Polytechnic,state,Bauchi,North East,Bauchi,,,,124,100,113,19,17,0,24,0,94,2,1.458340902210112
2023/2024,Female,disabled,NECO,Polytechnic,state,Borno,North East,Borno,,,,192,154,179,15,14,0,38,0,164,1,1.458340902210112
2023/2024,Female,disabled,NECO,Polytechnic,state,Gombe,North East,Gombe,,,,107,86,101,11,10,0,21,0,90,1,1.458340902210112
2023/2024,Female,disabled,NECO,Polytechnic,state,Taraba,North East,Taraba,,,,32,25,31,13,12,0,7,0,18,1,1.458340902210112
2023/2024,Female,disabled,NECO,Polytechnic,state,Yobe,North East,Yobe,,,,130,104,122,10,9,0,26,0,112,1,1.458340902210112
2023/2024,Female,disabled,NECO,Polytechnic,state,Jigawa,North West,Jigawa,,,,187,150,169,16,15,0,37,0,153,1,1.458340902210112
2023/2024,Female,disabled,NECO,Polytechnic,state,Kaduna,North West,Kaduna,,,,165,133,150,59,54,0,32,0,91,5,1.458340902210112
2023/2024,Female,disabled,NECO,Polytechnic,state,Kano,North West,Kano,,,,637,513,585,45,42,0,124,0,540,3,1.458340902210112
2023/2024,Female,disabled,NECO,Polytechnic,state,Katsina,North West,Katsina,,,,123,98,112,32,28,0,25,0,80,4,1.458340902210112
2023/2024,Female,disabled,NECO,Polytechnic,state,Kebbi,North West,Kebbi,,,,134,107,121,5,4,0,27,0,116,1,1.458340902210112
2023/2024,Female,disabled,NECO,Polytechnic,state,Sokoto,North West,Sokoto,,,,81,65,74,2,1,0,16,0,72,1,1.458340902210112
2023/2024,Female,disabled,NECO,Polytechnic,state,Zamfara,North West,Zamfara,,,,104,83,100,2,1,0,21,0,98,1,1.458340902210112
2023/2024,Female,disabled,NECO,Polytechnic,state,Abia,South East,Abia,,,,0,0,0,21,19,0,0,0,0,2,1.458340902210112
2023/2024,Female,disabled,NECO,Polytechnic,state,Anambra,South East,Anambra,,,,0,0,0,33,31,0,0,0,0,2,1.458340902210112
2023/2024,Female,disabled,NECO,Polytechnic,state,Ebonyi,South East,Ebonyi,,,,60,48,56,19,17,0,12,0,37,2,1.458340902210112
2023/2024,Female,disabled,NECO,Polytechnic,state,Enugu,South East,Enugu,,,,229,184,217,39,38,0,45,0,178,1,1.458340902210112
2023/2024,Female,disabled,NECO,Polytechnic,state,Imo,South East,Imo,,,,300,241,275,44,41,0,59,0,231,3,1.458340902210112
2023/2024,Female,disabled,NECO,Polytechnic,state,Akwa Ibom,South South,Akwa Ibom,,,,140,113,130,23,21,0,27,0,107,2,1.458340902210112
2023/2024,Female,disabled,NECO,Polytechnic,state,Bayelsa,South South,Bayelsa,,,,138,111,132,3,2,0,27,0,129,1,1.458340902210112
2023/2024,Female,disabled,NECO,Polytechnic,state,Cross River,South South,Cross River,,,,0,0,0,12,11,0,0,0,0,1,1.458340902210112
2023/2024,Female,disabled,NECO,Polytechnic,state,Delta,South South,Delta,,,,29,23,27,29,27,0,6,0,0,2,1.458340902210112
2023/2024,Female,disabled,NECO,Polytechnic,state,Edo,South South,Edo,,,,68,55,66,39,36,0,13,0,27,3,1.458340902210112
2023/2024,Female,disabled,NECO,Polytechnic,state,Rivers,South South,Rivers,,,,185,149,174,15,14,0,36,0,159,1,1.458340902210112
2023/2024,Female,disabled,NECO,Polytechnic,state,Ekiti,South West,Ekiti,,,,104,83,93,35,31,0,21,0,58,4,1.458340902210112
2023/2024,Female,disabled,NECO,Polytechnic,state,Lagos,South West,Lagos,,,,657,524,617,32,29,0,133,0,585,3,1.458340902210112
2023/2024,Female,disabled,NECO,Polytechnic,state,Ogun,South West,Ogun,,,,274,219,260,93,88,0,55,0,167,5,1.458340902210112
2023/2024,Female,disabled,NECO,Polytechnic,state,Ondo,South West,Ondo,,,,72,57,67,53,49,0,15,0,14,4,1.458340902210112
2023/2024,Female,disabled,NECO,Polytechnic,state,Osun,South West,Osun,,,,9,7,8,84,80,0,2,0,0,4,1.458340902210112
2023/2024,Female,disabled,NECO,Polytechnic,state,Oyo,South West,Oyo,,,,219,176,208,103,94,1,43,0,105,9,1.458340902210112
2023/2024,Female,disabled,NECO,University,state,Benue,North Central,Benue,,,,95,76,89,130,122,1,19,0,0,8,1.458340902210112
2023/2024,Female,disabled,NECO,University,state,Abuja Federal Capital Territory,North Central,Abuja Federal Capital Territory,,,,60,48,53,18,16,0,12,0,35,2,1.458340902210112
2023/2024,Female,disabled,NECO,University,state,Kogi,North Central,Kogi,,,,56,45,52,213,207,0,11,0,0,6,1.458340902210112
2023/2024,Female,disabled,NECO,University,state,Kwara,North Central,Kwara,,,,180,145,168,151,142,1,35,0,17,9,1.458340902210112
2023/2024,Female,disabled,NECO,University,state,Nasarawa,North Central,Nasarawa,,,,24,19,22,74,72,0,5,0,0,2,1.458340902210112
2023/2024,Female,disabled,NECO,University,state,Niger,North Central,Niger,,,,78,63,74,46,42,0,15,0,28,4,1.458340902210112
2023/2024,Female,disabled,NECO,University,state,Plateau,North Central,Plateau,,,,83,67,79,38,37,0,16,0,41,1,1.458340902210112
2023/2024,Female,disabled,NECO,University,state,Adamawa,North East,Adamawa,,,,347,278,321,88,79,1,69,0,233,9,1.458340902210112
2023/2024,Female,disabled,NECO,University,state,Bauchi,North East,Bauchi,,,,197,158,182,57,51,0,39,0,125,6,1.458340902210112
2023/2024,Female,disabled,NECO,University,state,Borno,North East,Borno,,,,180,145,167,86,85,0,35,0,81,1,1.458340902210112
2023/2024,Female,disabled,NECO,University,state,Gombe,North East,Gombe,,,,69,55,62,63,58,0,14,0,0,5,1.458340902210112
2023/2024,Female,disabled,NECO,University,state,Taraba,North East,Taraba,,,,17,14,16,115,111,0,3,0,0,4,1.458340902210112
2023/2024,Female,disabled,NECO,University,state,Yobe,North East,Yobe,,,,113,91,105,42,39,0,22,0,63,3,1.458340902210112
2023/2024,Female,disabled,NECO,University,state,Jigawa,North West,Jigawa,,,,202,162,188,44,40,0,40,0,144,4,1.458340902210112
2023/2024,Female,disabled,NECO,University,state,Kaduna,North West,Kaduna,,,,464,372,412,97,87,1,92,0,315,10,1.458340902210112
2023/2024,Female,disabled,NECO,University,state,Kano,North West,Kano,,,,833,665,777,133,124,1,168,0,644,9,1.458340902210112
2023/2024,Female,disabled,NECO,University,state,Katsina,North West,Katsina,,,,116,93,105,87,78,1,23,0,18,9,1.458340902210112
2023/2024,Female,disabled,NECO,University,state,Kebbi,North West,Kebbi,,,,177,142,162,32,29,0,35,0,130,3,1.458340902210112
2023/2024,Female,disabled,NECO,University,state,Sokoto,North West,Sokoto,,,,145,116,134,35,33,0,29,0,99,2,1.458340902210112
2023/2024,Female,disabled,NECO,University,state,Zamfara,North West,Zamfara,,,,88,71,81,22,21,0,17,0,59,1,1.458340902210112
2023/2024,Female,disabled,NECO,University,state,Abia,South East,Abia,,,,0,0,0,168,156,1,0,0,0,12,1.458340902210112
2023/2024,Female,disabled,NECO,University,state,Anambra,South East,Anambra,,,,0,0,0,239,224,1,0,0,0,15,1.458340902210112
2023/2024,Female,disabled,NECO,University,state,Ebonyi,South East,Ebonyi,,,,109,87,98,101,89,1,22,0,0,12,1.458340902210112
2023/2024,Female,disabled,NECO,University,state,Enugu,South East,Enugu,,,,123,99,115,191,178,1,24,0,0,13,1.458340902210112
2023/2024,Female,disabled,NECO,University,state,Imo,South East,Imo,,,,268,215,247,275,269,0,53,0,0,6,1.458340902210112
2023/2024,Female,disabled,NECO,University,state,Akwa Ibom,South South,Akwa Ibom,,,,186,150,176,161,146,1,36,0,15,15,1.458340902210112
2023/2024,Female,disabled,NECO,University,state,Bayelsa,South South,Bayelsa,,,,66,53,63,75,67,1,13,0,0,8,1.458340902210112
2023/2024,Female,disabled,NECO,University,state,Cross River,South South,Cross River,,,,0,0,0,115,103,1,0,0,0,12,1.458340902210112
2023/2024,Female,disabled,NECO,University,state,Delta,South South,Delta,,,,20,16,18,266,249,1,4,0,0,17,1.458340902210112
2023/2024,Female,disabled,NECO,University,state,Edo,South South,Edo,,,,114,92,108,135,128,1,22,0,0,7,1.458340902210112
2023/2024,Female,disabled,NECO,University,state,Rivers,South South,Rivers,,,,175,141,167,205,194,1,34,0,0,11,1.458340902210112
2023/2024,Female,disabled,NECO,University,state,Ekiti,South West,Ekiti,,,,175,140,160,117,105,1,35,0,43,12,1.458340902210112
2023/2024,Female,disabled,NECO,University,state,Lagos,South West,Lagos,,,,575,460,540,97,86,1,115,0,443,11,1.458340902210112
2023/2024,Female,disabled,NECO,University,state,Ogun,South West,Ogun,,,,208,167,202,215,211,0,41,0,0,4,1.458340902210112
2023/2024,Female,disabled,NECO,University,state,Ondo,South West,Ondo,,,,62,50,57,144,134,1,12,0,0,10,1.458340902210112
2023/2024,Female,disabled,NECO,University,state,Osun,South West,Osun,,,,8,6,7,226,215,1,2,0,0,11,1.458340902210112
2023/2024,Female,disabled,NECO,University,state,Oyo,South West,Oyo,,,,450,360,430,247,232,1,90,0,183,15,1.458340902210112
2023/2024,Female,disabled,WAEC,College of Education,state,Benue,North Central,Benue,,,,138,110,128,12,11,0,28,0,116,1,1.458340902210112
2023/2024,Female,disabled,WAEC,College of Education,state,Abuja Federal Capital Territory,North Central,Abuja Federal Capital Territory,,,,150,119,139,6,5,0,31,0,133,1,1.458340902210112
2023/2024,Female,disabled,WAEC,College of Education,state,Kogi,North Central,Kogi,,,,61,49,56,23,22,0,12,0,33,1,1.458340902210112
2023/2024,Female,disabled,WAEC,College of Education,state,Kwara,North Central,Kwara,,,,191,152,172,44,38,0,39,0,128,6,1.458340902210112
2023/2024,Female,disabled,WAEC,College of Education,state,Nasarawa,North Central,Nasarawa,,,,37,30,35,32,27,0,7,0,3,5,1.458340902210112
2023/2024,Female,disabled,WAEC,College of Education,state,Niger,North Central,Niger,,,,133,106,124,9,8,0,27,0,115,1,1.458340902210112
2023/2024,Female,disabled,WAEC,College of Education,state,Plateau,North Central,Plateau,,,,84,67,78,54,48,0,17,0,24,6,1.458340902210112
2023/2024,Female,disabled,WAEC,College of Education,state,Adamawa,North East,Adamawa,,,,416,332,380,10,9,0,84,0,370,1,1.458340902210112
2023/2024,Female,disabled,WAEC,College of Education,state,Bauchi,North East,Bauchi,,,,314,251,287,15,14,0,63,0,272,1,1.458340902210112
2023/2024,Female,disabled,WAEC,College of Education,state,Borno,North East,Borno,,,,221,176,202,5,4,0,45,0,197,1,1.458340902210112
2023/2024,Female,disabled,WAEC,College of Education,state,Gombe,North East,Gombe,,,,156,125,145,36,33,0,31,0,109,3,1.458340902210112
2023/2024,Female,disabled,WAEC,College of Education,state,Taraba,North East,Taraba,,,,46,36,41,3,2,0,10,0,38,1,1.458340902210112
2023/2024,Female,disabled,WAEC,College of Education,state,Yobe,North East,Yobe,,,,151,121,141,20,19,0,30,0,121,1,1.458340902210112
2023/2024,Female,disabled,WAEC,College of Education,state,Jigawa,North West,Jigawa,,,,286,227,272,7,6,0,59,0,265,1,1.458340902210112
2023/2024,Female,disabled,WAEC,College of Education,state,Kaduna,North West,Kaduna,,,,533,425,499,95,88,1,108,0,404,7,1.458340902210112
2023/2024,Female,disabled,WAEC,College of Education,state,Kano,North West,Kano,,,,982,785,905,61,56,0,197,0,844,5,1.458340902210112
2023/2024,Female,disabled,WAEC,College of Education,state,Katsina,North West,Katsina,,,,191,152,175,35,34,0,39,0,140,1,1.458340902210112
2023/2024,Female,disabled,WAEC,College of Education,state,Kebbi,North West,Kebbi,,,,136,109,129,1,0,0,27,0,128,1,1.458340902210112
2023/2024,Female,disabled,WAEC,College of Education,state,Sokoto,North West,Sokoto,,,,144,114,132,3,2,0,30,0,129,1,1.458340902210112
2023/2024,Female,disabled,WAEC,College of Education,state,Zamfara,North West,Zamfara,,,,183,146,170,3,2,0,37,0,167,1,1.458340902210112
2023/2024,Female,disabled,WAEC,College of Education,state,Abia,South East,Abia,,,,0,0,0,7,6,0,0,0,0,1,1.458340902210112
2023/2024,Female,disabled,WAEC,College of Education,state,Anambra,South East,Anambra,,,,0,0,0,24,23,0,0,0,0,1,1.458340902210112
2023/2024,Female,disabled,WAEC,College of Education,state,Ebonyi,South East,Ebonyi,,,,48,39,46,5,4,0,9,0,41,1,1.458340902210112
2023/2024,Female,disabled,WAEC,College of Education,state,Enugu,South East,Enugu,,,,200,160,186,24,22,0,40,0,162,2,1.458340902210112
2023/2024,Female,disabled,WAEC,College of Education,state,Imo,South East,Imo,,,,349,279,331,23,22,0,70,0,308,1,1.458340902210112
2023/2024,Female,disabled,WAEC,College of Education,state,Akwa Ibom,South South,Akwa Ibom,,,,205,163,188,17,15,0,42,0,171,2,1.458340902210112
2023/2024,Female,disabled,WAEC,College of Education,state,Bayelsa,South South,Bayelsa,,,,246,196,228,1,0,0,50,0,227,1,1.458340902210112
2023/2024,Female,disabled,WAEC,College of Education,state,Cross River,South South,Cross River,,,,0,0,0,8,7,0,0,0,0,1,1.458340902210112
2023/2024,Female,disabled,WAEC,College of Education,state,Delta,South South,Delta,,,,24,20,23,14,13,0,4,0,9,1,1.458340902210112
2023/2024,Female,disabled,WAEC,College of Education,state,Edo,South South,Edo,,,,148,118,135,8,7,0,30,0,127,1,1.458340902210112
2023/2024,Female,disabled,WAEC,College of Education,state,Rivers,South South,Rivers,,,,209,167,197,7,6,0,42,0,190,1,1.458340902210112
2023/2024,Female,disabled,WAEC,College of Education,state,Ekiti,South West,Ekiti,,,,331,263,311,14,13,0,68,0,297,1,1.458340902210112
2023/2024,Female,disabled,WAEC,College of Education,state,Lagos,South West,Lagos,,,,461,367,427,21,20,0,94,0,406,1,1.458340902210112
2023/2024,Female,disabled,WAEC,College of Education,state,Ogun,South West,Ogun,,,,497,396,459,48,45,0,101,0,411,3,1.458340902210112
2023/2024,Female,disabled,WAEC,College of Education,state,Ondo,South West,Ondo,,,,79,63,72,28,25,0,16,0,44,3,1.458340902210112
2023/2024,Female,disabled,WAEC,College of Education,state,Osun,South West,Osun,,,,7,6,7,56,50,0,1,0,0,6,1.458340902210112
2023/2024,Female,disabled,WAEC,College of Education,state,Oyo,South West,Oyo,,,,660,526,605,98,89,1,134,0,507,9,1.458340902210112
2023/2024,Female,disabled,WAEC,Polytechnic,state,Benue,North Central,Benue,,,,134,107,123,37,35,0,27,0,86,2,1.458340902210112
2023/2024,Female,disabled,WAEC,Polytechnic,state,Abuja Federal Capital Territory,North Central,Abuja Federal Capital Territory,,,,128,102,119,5,4,0,26,0,114,1,1.458340902210112
2023/2024,Female,disabled,WAEC,Polytechnic,state,Kogi,North Central,Kogi,,,,57,46,54,76,70,0,11,0,0,6,1.458340902210112
2023/2024,Female,disabled,WAEC,Polytechnic,state,Kwara,North Central,Kwara,,,,295,235,273,56,50,0,60,0,217,6,1.458340902210112
2023/2024,Female,disabled,WAEC,Polytechnic,state,Nasarawa,North Central,Nasarawa,,,,31,25,29,17,16,0,6,0,12,1,1.458340902210112
2023/2024,Female,disabled,WAEC,Polytechnic,state,Niger,North Central,Niger,,,,106,84,99,19,18,0,22,0,80,1,1.458340902210112
2023/2024,Female,disabled,WAEC,Polytechnic,state,Plateau,North Central,Plateau,,,,86,69,78,34,31,0,17,0,44,3,1.458340902210112
2023/2024,Female,disabled,WAEC,Polytechnic,state,Adamawa,North East,Adamawa,,,,404,322,379,24,22,0,82,0,355,2,1.458340902210112
2023/2024,Female,disabled,WAEC,Polytechnic,state,Bauchi,North East,Bauchi,,,,159,128,151,17,16,0,31,0,134,1,1.458340902210112
2023/2024,Female,disabled,WAEC,Polytechnic,state,Borno,North East,Borno,,,,240,191,223,20,17,0,49,0,203,3,1.458340902210112
2023/2024,Female,disabled,WAEC,Polytechnic,state,Gombe,North East,Gombe,,,,143,114,134,11,10,0,29,0,123,1,1.458340902210112
2023/2024,Female,disabled,WAEC,Polytechnic,state,Taraba,North East,Taraba,,,,43,34,39,15,14,0,9,0,24,1,1.458340902210112
2023/2024,Female,disabled,WAEC,Polytechnic,state,Yobe,North East,Yobe,,,,176,140,163,11,10,0,36,0,152,1,1.458340902210112
2023/2024,Female,disabled,WAEC,Polytechnic,state,Jigawa,North West,Jigawa,,,,254,202,235,18,16,0,52,0,217,2,1.458340902210112
2023/2024,Female,disabled,WAEC,Polytechnic,state,Kaduna,North West,Kaduna,,,,218,174,206,95,87,1,44,0,111,8,1.458340902210112
2023/2024,Female,disabled,WAEC,Polytechnic,state,Kano,North West,Kano,,,,872,693,809,58,55,0,179,0,751,3,1.458340902210112
2023/2024,Female,disabled,WAEC,Polytechnic,state,Katsina,North West,Katsina,,,,167,132,159,38,36,0,35,0,121,2,1.458340902210112
2023/2024,Female,disabled,WAEC,Polytechnic,state,Kebbi,North West,Kebbi,,,,179,142,163,6,5,0,37,0,157,1,1.458340902210112
2023/2024,Female,disabled,WAEC,Polytechnic,state,Sokoto,North West,Sokoto,,,,107,85,97,2,1,0,22,0,95,1,1.458340902210112
2023/2024,Female,disabled,WAEC,Polytechnic,state,Zamfara,North West,Zamfara,,,,149,118,139,2,1,0,31,0,137,1,1.458340902210112
2023/2024,Female,disabled,WAEC,Polytechnic,state,Abia,South East,Abia,,,,0,0,0,25,23,0,0,0,0,2,1.458340902210112
2023/2024,Female,disabled,WAEC,Polytechnic,state,Anambra,South East,Anambra,,,,0,0,0,45,41,0,0,0,0,4,1.458340902210112
2023/2024,Female,disabled,WAEC,Polytechnic,state,Ebonyi,South East,Ebonyi,,,,82,65,77,25,23,0,17,0,52,2,1.458340902210112
2023/2024,Female,disabled,WAEC,Polytechnic,state,Enugu,South East,Enugu,,,,304,242,278,45,41,0,62,0,233,4,1.458340902210112
2023/2024,Female,disabled,WAEC,Polytechnic,state,Imo,South East,Imo,,,,389,310,366,43,41,0,79,0,323,2,1.458340902210112
2023/2024,Female,disabled,WAEC,Polytechnic,state,Akwa Ibom,South South,Akwa Ibom,,,,185,148,171,27,24,0,37,0,144,3,1.458340902210112
2023/2024,Female,disabled,WAEC,Polytechnic,state,Bayelsa,South South,Bayelsa,,,,181,145,169,4,3,0,36,0,165,1,1.458340902210112
2023/2024,Female,disabled,WAEC,Polytechnic,state,Cross River,South South,Cross River,,,,0,0,0,13,12,0,0,0,0,1,1.458340902210112
2023/2024,Female,disabled,WAEC,Polytechnic,state,Delta,South South,Delta,,,,39,31,36,39,35,0,8,0,0,4,1.458340902210112
2023/2024,Female,disabled,WAEC,Polytechnic,state,Edo,South South,Edo,,,,92,73,89,45,44,0,19,0,44,1,1.458340902210112
2023/2024,Female,disabled,WAEC,Polytechnic,state,Rivers,South South,Rivers,,,,252,200,227,16,15,0,52,0,211,1,1.458340902210112
2023/2024,Female,disabled,WAEC,Polytechnic,state,Ekiti,South West,Ekiti,,,,140,112,129,35,34,0,28,0,94,1,1.458340902210112
2023/2024,Female,disabled,WAEC,Polytechnic,state,Lagos,South West,Lagos,,,,855,680,790,36,35,0,175,0,754,1,1.458340902210112
2023/2024,Female,disabled,WAEC,Polytechnic,state,Ogun,South West,Ogun,,,,379,302,345,102,98,0,77,0,243,4,1.458340902210112
2023/2024,Female,disabled,WAEC,Polytechnic,state,Ondo,South West,Ondo,,,,103,82,96,65,59,0,21,0,31,6,1.458340902210112
2023/2024,Female,disabled,WAEC,Polytechnic,state,Osun,South West,Osun,,,,12,10,11,106,96,1,2,0,0,10,1.458340902210112
2023/2024,Female,disabled,WAEC,Polytechnic,state,Oyo,South West,Oyo,,,,310,246,282,119,110,1,64,0,163,9,1.458340902210112
2023/2024,Female,disabled,WAEC,University,state,Benue,North Central,Benue,,,,126,100,117,150,138,1,26,0,0,12,1.458340902210112
2023/2024,Female,disabled,WAEC,University,state,Abuja Federal Capital Territory,North Central,Abuja Federal Capital Territory,,,,84,67,79,21,20,0,17,0,58,1,1.458340902210112
2023/2024,Female,disabled,WAEC,University,state,Kogi,North Central,Kogi,,,,74,59,67,234,213,2,15,0,0,21,1.458340902210112
2023/2024,Female,disabled,WAEC,University,state,Kwara,North Central,Kwara,,,,237,188,219,175,157,1,49,0,44,18,1.458340902210112
2023/2024,Female,disabled,WAEC,University,state,Nasarawa,North Central,Nasarawa,,,,32,26,30,90,78,1,6,0,0,12,1.458340902210112
2023/2024,Female,disabled,WAEC,University,state,Niger,North Central,Niger,,,,104,83,97,56,54,0,21,0,41,2,1.458340902210112
2023/2024,Female,disabled,WAEC,University,state,Plateau,North Central,Plateau,,,,107,85,100,44,40,0,22,0,56,4,1.458340902210112
2023/2024,Female,disabled,WAEC,University,state,Adamawa,North East,Adamawa,,,,466,372,431,90,81,1,94,0,341,9,1.458340902210112
2023/2024,Female,disabled,WAEC,University,state,Bauchi,North East,Bauchi,,,,263,209,246,60,59,0,54,0,186,1,1.458340902210112
2023/2024,Female,disabled,WAEC,University,state,Borno,North East,Borno,,,,247,197,234,108,93,1,50,0,126,15,1.458340902210112
2023/2024,Female,disabled,WAEC,University,state,Gombe,North East,Gombe,,,,97,77,90,66,62,0,20,0,24,4,1.458340902210112
2023/2024,Female,disabled,WAEC,University,state,Taraba,North East,Taraba,,,,23,18,21,117,101,1,5,0,0,16,1.458340902210112
2023/2024,Female,disabled,WAEC,University,state,Yobe,North East,Yobe,,,,144,115,135,48,45,0,29,0,87,3,1.458340902210112
2023/2024,Female,disabled,WAEC,University,state,Jigawa,North West,Jigawa,,,,255,203,227,53,49,0,52,0,174,4,1.458340902210112
2023/2024,Female,disabled,WAEC,University,state,Kaduna,North West,Kaduna,,,,623,495,571,114,106,1,128,0,457,8,1.458340902210112
2023/2024,Female,disabled,WAEC,University,state,Kano,North West,Kano,,,,1104,878,1024,145,134,1,226,0,879,11,1.458340902210112
2023/2024,Female,disabled,WAEC,University,state,Katsina,North West,Katsina,,,,164,131,149,90,86,0,33,0,59,4,1.458340902210112
2023/2024,Female,disabled,WAEC,University,state,Kebbi,North West,Kebbi,,,,240,191,215,40,39,0,49,0,175,1,1.458340902210112
2023/2024,Female,disabled,WAEC,University,state,Sokoto,North West,Sokoto,,,,196,156,185,43,39,0,40,0,142,4,1.458340902210112
2023/2024,Female,disabled,WAEC,University,state,Zamfara,North West,Zamfara,,,,116,93,105,23,19,0,23,0,82,4,1.458340902210112
2023/2024,Female,disabled,WAEC,University,state,Abia,South East,Abia,,,,0,0,0,187,173,1,0,0,0,14,1.458340902210112
2023/2024,Female,disabled,WAEC,University,state,Anambra,South East,Anambra,,,,0,0,0,313,274,3,0,0,0,39,1.458340902210112
2023/2024,Female,disabled,WAEC,University,state,Ebonyi,South East,Ebonyi,,,,151,120,141,120,107,1,31,0,21,13,1.458340902210112
2023/2024,Female,disabled,WAEC,University,state,Enugu,South East,Enugu,,,,172,137,166,232,208,2,35,0,0,24,1.458340902210112
2023/2024,Female,disabled,WAEC,University,state,Imo,South East,Imo,,,,365,290,339,345,330,1,75,0,0,15,1.458340902210112
2023/2024,Female,disabled,WAEC,University,state,Akwa Ibom,South South,Akwa Ibom,,,,262,207,242,233,199,3,55,0,9,34,1.458340902210112
2023/2024,Female,disabled,WAEC,University,state,Bayelsa,South South,Bayelsa,,,,88,71,85,95,86,1,17,0,0,9,1.458340902210112
2023/2024,Female,disabled,WAEC,University,state,Cross River,South South,Cross River,,,,0,0,0,146,137,1,0,0,0,9,1.458340902210112
2023/2024,Female,disabled,WAEC,University,state,Delta,South South,Delta,,,,26,21,24,336,305,2,5,0,0,31,1.458340902210112
2023/2024,Female,disabled,WAEC,University,state,Edo,South South,Edo,,,,157,125,143,180,174,0,32,0,0,6,1.458340902210112
2023/2024,Female,disabled,WAEC,University,state,Rivers,South South,Rivers,,,,229,182,211,195,194,0,47,0,16,1,1.458340902210112
2023/2024,Female,disabled,WAEC,University,state,Ekiti,South West,Ekiti,,,,233,186,214,114,113,0,47,0,100,1,1.458340902210112
2023/2024,Female,disabled,WAEC,University,state,Lagos,South West,Lagos,,,,758,604,705,106,104,0,154,0,599,2,1.458340902210112
2023/2024,Female,disabled,WAEC,University,state,Ogun,South West,Ogun,,,,285,227,263,252,222,2,58,0,11,30,1.458340902210112
2023/2024,Female,disabled,WAEC,University,state,Ondo,South West,Ondo,,,,85,68,79,182,164,1,17,0,0,18,1.458340902210112
2023/2024,Female,disabled,WAEC,University,state,Osun,South West,Osun,,,,10,8,10,232,211,2,2,0,0,21,1.458340902210112
2023/2024,Female,disabled,WAEC,University,state,Oyo,South West,Oyo,,,,580,462,522,292,260,3,118,0,230,32,1.458340902210112
2023/2024,Male,all,NABTEB,College of Education,state,Benue,North Central,Benue,,,,860,689,804,71,62,1,171,0,733,9,1.458340902210112
2023/2024,Male,all,NABTEB,College of Education,state,Abuja Federal Capital Territory,North Central,Abuja Federal Capital Territory,,,,611,489,562,36,34,0,122,0,526,2,1.458340902210112
2023/2024,Male,all,NABTEB,College of Education,state,Kogi,North Central,Kogi,,,,320,256,297,127,115,1,64,0,170,12,1.458340902210112
2023/2024,Male,all,NABTEB,College of Education,state,Kwara,North Central,Kwara,,,,1033,827,946,226,208,1,206,0,720,18,1.458340902210112
2023/2024,Male,all,NABTEB,College of Education,state,Nasarawa,North Central,Nasarawa,,,,185,148,170,145,131,1,37,0,25,14,1.458340902210112
2023/2024,Male,all,NABTEB,College of Education,state,Niger,North Central,Niger,,,,773,618,725,55,51,0,155,0,670,4,1.458340902210112
2023/2024,Male,all,NABTEB,College of Education,state,Plateau,North Central,Plateau,,,,407,325,379,340,302,3,82,0,39,38,1.458340902210112
2023/2024,Male,all,NABTEB,College of Education,state,Adamawa,North East,Adamawa,,,,1951,1561,1790,45,44,0,390,0,1745,1,1.458340902210112
2023/2024,Male,all,NABTEB,College of Education,state,Bauchi,North East,Bauchi,,,,1972,1578,1828,81,73,1,394,0,1747,8,1.458340902210112
2023/2024,Male,all,NABTEB,College of Education,state,Borno,North East,Borno,,,,1113,890,1024,24,22,0,223,0,1000,2,1.458340902210112
2023/2024,Male,all,NABTEB,College of Education,state,Gombe,North East,Gombe,,,,1043,835,964,219,202,1,208,0,745,17,1.458340902210112
2023/2024,Male,all,NABTEB,College of Education,state,Taraba,North East,Taraba,,,,280,224,259,14,13,0,56,0,245,1,1.458340902210112
2023/2024,Male,all,NABTEB,College of Education,state,Yobe,North East,Yobe,,,,754,603,694,104,94,1,151,0,590,10,1.458340902210112
2023/2024,Male,all,NABTEB,College of Education,state,Jigawa,North West,Jigawa,,,,1695,1357,1605,36,33,0,338,0,1569,3,1.458340902210112
2023/2024,Male,all,NABTEB,College of Education,state,Kaduna,North West,Kaduna,,,,2937,2350,2738,571,517,4,587,0,2167,54,1.458340902210112
2023/2024,Male,all,NABTEB,College of Education,state,Kano,North West,Kano,,,,5143,4115,4658,313,288,2,1028,0,4345,25,1.458340902210112
2023/2024,Male,all,NABTEB,College of Education,state,Katsina,North West,Katsina,,,,1132,906,1044,190,179,1,226,0,854,11,1.458340902210112
2023/2024,Male,all,NABTEB,College of Education,state,Kebbi,North West,Kebbi,,,,1039,831,963,9,8,0,208,0,954,1,1.458340902210112
2023/2024,Male,all,NABTEB,College of Education,state,Sokoto,North West,Sokoto,,,,890,712,830,20,18,0,178,0,810,2,1.458340902210112
2023/2024,Male,all,NABTEB,College of Education,state,Zamfara,North West,Zamfara,,,,1772,1418,1628,19,17,0,354,0,1609,2,1.458340902210112
2023/2024,Male,all,NABTEB,College of Education,state,Abia,South East,Abia,,,,2,2,2,38,35,0,0,0,0,3,1.458340902210112
2023/2024,Male,all,NABTEB,College of Education,state,Anambra,South East,Anambra,,,,4,4,4,128,118,1,0,0,0,10,1.458340902210112
2023/2024,Male,all,NABTEB,College of Education,state,Ebonyi,South East,Ebonyi,,,,225,180,206,25,23,0,45,0,181,2,1.458340902210112
2023/2024,Male,all,NABTEB,College of Education,state,Enugu,South East,Enugu,,,,849,679,779,119,108,1,170,0,660,11,1.458340902210112
2023/2024,Male,all,NABTEB,College of Education,state,Imo,South East,Imo,,,,1850,1480,1721,134,115,2,370,0,1587,19,1.458340902210112
2023/2024,Male,all,NABTEB,College of Education,state,Akwa Ibom,South South,Akwa Ibom,,,,970,776,902,110,100,1,194,0,792,10,1.458340902210112
2023/2024,Male,all,NABTEB,College of Education,state,Bayelsa,South South,Bayelsa,,,,1248,998,1155,7,6,0,250,0,1148,1,1.458340902210112
2023/2024,Male,all,NABTEB,College of Education,state,Cross River,South South,Cross River,,,,1,1,1,39,37,0,0,0,0,2,1.458340902210112
2023/2024,Male,all,NABTEB,College of Education,state,Delta,South South,Delta,,,,128,103,118,84,77,1,25,0,34,7,1.458340902210112
2023/2024,Male,all,NABTEB,College of Education,state,Edo,South South,Edo,,,,648,519,599,47,41,0,129,0,552,6,1.458340902210112
2023/2024,Male,all,NABTEB,College of Education,state,Rivers,South South,Rivers,,,,1078,863,989,45,41,0,215,0,944,4,1.458340902210112
2023/2024,Male,all,NABTEB,College of Education,state,Ekiti,South West,Ekiti,,,,1083,866,1016,85,77,1,217,0,931,8,1.458340902210112
2023/2024,Male,all,NABTEB,College of Education,state,Lagos,South West,Lagos,,,,1928,1541,1755,128,120,1,387,0,1627,8,1.458340902210112
2023/2024,Male,all,NABTEB,College of Education,state,Ogun,South West,Ogun,,,,2109,1687,1974,316,280,3,422,0,1658,36,1.458340902210112
2023/2024,Male,all,NABTEB,College of Education,state,Ondo,South West,Ondo,,,,445,356,408,198,177,2,89,0,210,21,1.458340902210112
2023/2024,Male,all,NABTEB,College of Education,state,Osun,South West,Osun,,,,36,29,33,360,345,1,7,0,0,15,1.458340902210112
2023/2024,Male,all,NABTEB,College of Education,state,Oyo,South West,Oyo,,,,3323,2658,3055,511,473,3,665,0,2544,38,1.458340902210112
2023/2024,Male,all,NABTEB,Polytechnic,state,Benue,North Central,Benue,,,,876,700,802,222,195,2,176,0,580,27,1.458340902210112
2023/2024,Male,all,NABTEB,Polytechnic,state,Abuja Federal Capital Territory,North Central,Abuja Federal Capital Territory,,,,501,401,468,28,26,0,100,0,440,2,1.458340902210112
2023/2024,Male,all,NABTEB,Polytechnic,state,Kogi,North Central,Kogi,,,,302,242,278,427,384,3,60,0,0,43,1.458340902210112
2023/2024,Male,all,NABTEB,Polytechnic,state,Kwara,North Central,Kwara,,,,1468,1176,1350,274,254,2,292,0,1076,20,1.458340902210112
2023/2024,Male,all,NABTEB,Polytechnic,state,Nasarawa,North Central,Nasarawa,,,,161,129,151,98,89,1,32,0,53,9,1.458340902210112
2023/2024,Male,all,NABTEB,Polytechnic,state,Niger,North Central,Niger,,,,609,487,563,119,110,1,122,0,444,9,1.458340902210112
2023/2024,Male,all,NABTEB,Polytechnic,state,Plateau,North Central,Plateau,,,,408,326,380,202,177,2,82,0,178,25,1.458340902210112
2023/2024,Male,all,NABTEB,Polytechnic,state,Adamawa,North East,Adamawa,,,,2020,1616,1892,131,114,1,404,0,1761,17,1.458340902210112
2023/2024,Male,all,NABTEB,Polytechnic,state,Bauchi,North East,Bauchi,,,,995,797,924,103,96,1,198,0,821,7,1.458340902210112
2023/2024,Male,all,NABTEB,Polytechnic,state,Borno,North East,Borno,,,,1227,981,1147,110,100,1,246,0,1037,10,1.458340902210112
2023/2024,Male,all,NABTEB,Polytechnic,state,Gombe,North East,Gombe,,,,947,757,865,57,52,0,190,0,808,5,1.458340902210112
2023/2024,Male,all,NABTEB,Polytechnic,state,Taraba,North East,Taraba,,,,261,209,238,73,69,0,52,0,165,4,1.458340902210112
2023/2024,Male,all,NABTEB,Polytechnic,state,Yobe,North East,Yobe,,,,936,749,870,60,54,0,187,0,810,6,1.458340902210112
2023/2024,Male,all,NABTEB,Polytechnic,state,Jigawa,North West,Jigawa,,,,1479,1184,1351,84,81,0,295,0,1267,3,1.458340902210112
2023/2024,Male,all,NABTEB,Polytechnic,state,Kaduna,North West,Kaduna,,,,1137,910,1036,430,379,4,227,0,606,51,1.458340902210112
2023/2024,Male,all,NABTEB,Polytechnic,state,Kano,North West,Kano,,,,3913,3129,3664,250,219,2,784,0,3414,31,1.458340902210112
2023/2024,Male,all,NABTEB,Polytechnic,state,Katsina,North West,Katsina,,,,1033,826,949,192,175,1,207,0,757,17,1.458340902210112
2023/2024,Male,all,NABTEB,Polytechnic,state,Kebbi,North West,Kebbi,,,,1243,994,1136,33,29,0,249,0,1103,4,1.458340902210112
2023/2024,Male,all,NABTEB,Polytechnic,state,Sokoto,North West,Sokoto,,,,640,512,586,9,8,0,128,0,577,1,1.458340902210112
2023/2024,Male,all,NABTEB,Polytechnic,state,Zamfara,North West,Zamfara,,,,1354,1084,1268,11,10,0,270,0,1257,1,1.458340902210112
2023/2024,Male,all,NABTEB,Polytechnic,state,Abia,South East,Abia,,,,2,1,1,131,119,1,1,0,0,12,1.458340902210112
2023/2024,Male,all,NABTEB,Polytechnic,state,Anambra,South East,Anambra,,,,3,3,3,226,204,2,0,0,0,22,1.458340902210112
2023/2024,Male,all,NABTEB,Polytechnic,state,Ebonyi,South East,Ebonyi,,,,325,260,306,127,118,1,65,0,179,9,1.458340902210112
2023/2024,Male,all,NABTEB,Polytechnic,state,Enugu,South East,Enugu,,,,1188,950,1096,239,215,2,238,0,857,24,1.458340902210112
2023/2024,Male,all,NABTEB,Polytechnic,state,Imo,South East,Imo,,,,1943,1556,1790,278,250,2,387,0,1512,28,1.458340902210112
2023/2024,Male,all,NABTEB,Polytechnic,state,Akwa Ibom,South South,Akwa Ibom,,,,874,700,810,183,165,1,174,0,627,18,1.458340902210112
2023/2024,Male,all,NABTEB,Polytechnic,state,Bayelsa,South South,Bayelsa,,,,923,739,858,22,20,0,184,0,836,2,1.458340902210112
2023/2024,Male,all,NABTEB,Polytechnic,state,Cross River,South South,Cross River,,,,1,1,1,76,71,0,0,0,0,5,1.458340902210112
2023/2024,Male,all,NABTEB,Polytechnic,state,Delta,South South,Delta,,,,181,145,168,197,182,1,36,0,0,15,1.458340902210112
2023/2024,Male,all,NABTEB,Polytechnic,state,Edo,South South,Edo,,,,416,333,390,294,262,3,83,0,96,32,1.458340902210112
2023/2024,Male,all,NABTEB,Polytechnic,state,Rivers,South South,Rivers,,,,1274,1020,1181,92,83,1,254,0,1089,9,1.458340902210112
2023/2024,Male,all,NABTEB,Polytechnic,state,Ekiti,South West,Ekiti,,,,495,396,454,235,220,1,99,0,219,15,1.458340902210112
2023/2024,Male,all,NABTEB,Polytechnic,state,Lagos,South West,Lagos,,,,4021,3217,3763,223,204,2,804,0,3540,19,1.458340902210112
2023/2024,Male,all,NABTEB,Polytechnic,state,Ogun,South West,Ogun,,,,1500,1199,1415,694,606,7,301,0,721,88,1.458340902210112
2023/2024,Male,all,NABTEB,Polytechnic,state,Ondo,South West,Ondo,,,,519,415,483,371,329,3,104,0,112,42,1.458340902210112
2023/2024,Male,all,NABTEB,Polytechnic,state,Osun,South West,Osun,,,,49,39,45,604,548,4,10,0,0,56,1.458340902210112
2023/2024,Male,all,NABTEB,Polytechnic,state,Oyo,South West,Oyo,,,,1458,1168,1347,703,661,3,290,0,644,42,1.458340902210112
2023/2024,Male,all,NABTEB,University,state,Benue,North Central,Benue,,,,797,638,738,913,774,11,159,0,0,139,1.458340902210112
2023/2024,Male,all,NABTEB,University,state,Abuja Federal Capital Territory,North Central,Abuja Federal Capital Territory,,,,371,297,344,116,110,0,74,0,228,6,1.458340902210112
2023/2024,Male,all,NABTEB,University,state,Kogi,North Central,Kogi,,,,410,328,380,1302,1190,9,82,0,0,112,1.458340902210112
2023/2024,Male,all,NABTEB,University,state,Kwara,North Central,Kwara,,,,1318,1055,1215,1021,951,6,263,0,194,70,1.458340902210112
2023/2024,Male,all,NABTEB,University,state,Nasarawa,North Central,Nasarawa,,,,166,132,152,453,405,4,34,0,0,48,1.458340902210112
2023/2024,Male,all,NABTEB,University,state,Niger,North Central,Niger,,,,632,506,584,319,294,2,126,0,265,25,1.458340902210112
2023/2024,Male,all,NABTEB,University,state,Plateau,North Central,Plateau,,,,548,439,505,266,234,3,109,0,239,32,1.458340902210112
2023/2024,Male,all,NABTEB,University,state,Adamawa,North East,Adamawa,,,,2447,1960,2244,439,425,1,487,0,1805,14,1.458340902210112
2023/2024,Male,all,NABTEB,University,state,Bauchi,North East,Bauchi,,,,1572,1256,1441,330,287,3,316,0,1111,43,1.458340902210112
2023/2024,Male,all,NABTEB,University,state,Borno,North East,Borno,,,,1242,994,1134,594,567,2,248,0,540,27,1.458340902210112
2023/2024,Male,all,NABTEB,University,state,Gombe,North East,Gombe,,,,620,496,573,363,322,3,124,0,210,41,1.458340902210112
2023/2024,Male,all,NABTEB,University,state,Taraba,North East,Taraba,,,,149,119,136,577,551,2,30,0,0,26,1.458340902210112
2023/2024,Male,all,NABTEB,University,state,Yobe,North East,Yobe,,,,685,549,627,239,226,1,136,0,388,13,1.458340902210112
2023/2024,Male,all,NABTEB,University,state,Jigawa,North West,Jigawa,,,,1619,1295,1484,255,235,2,324,0,1229,20,1.458340902210112
2023/2024,Male,all,NABTEB,University,state,Kaduna,North West,Kaduna,,,,3418,2734,3150,632,559,6,684,0,2518,73,1.458340902210112
2023/2024,Male,all,NABTEB,University,state,Kano,North West,Kano,,,,5087,4068,4801,825,749,6,1019,0,3976,76,1.458340902210112
2023/2024,Male,all,NABTEB,University,state,Katsina,North West,Katsina,,,,959,767,893,495,467,2,192,0,398,28,1.458340902210112
2023/2024,Male,all,NABTEB,University,state,Kebbi,North West,Kebbi,,,,1672,1337,1542,211,193,1,335,0,1331,18,1.458340902210112
2023/2024,Male,all,NABTEB,University,state,Sokoto,North West,Sokoto,,,,1179,943,1078,211,197,1,236,0,867,14,1.458340902210112
2023/2024,Male,all,NABTEB,University,state,Zamfara,North West,Zamfara,,,,1162,930,1049,154,142,1,232,0,895,12,1.458340902210112
2023/2024,Male,all,NABTEB,University,state,Abia,South East,Abia,,,,2,1,2,1002,901,8,1,0,0,101,1.458340902210112
2023/2024,Male,all,NABTEB,University,state,Anambra,South East,Anambra,,,,4,3,4,1629,1467,13,1,0,0,162,1.458340902210112
2023/2024,Male,all,NABTEB,University,state,Ebonyi,South East,Ebonyi,,,,590,472,547,584,544,3,118,0,0,40,1.458340902210112
2023/2024,Male,all,NABTEB,University,state,Enugu,South East,Enugu,,,,728,583,680,1232,1136,8,145,0,0,96,1.458340902210112
2023/2024,Male,all,NABTEB,University,state,Imo,South East,Imo,,,,1707,1366,1573,1866,1624,19,341,0,0,242,1.458340902210112
2023/2024,Male,all,NABTEB,University,state,Akwa Ibom,South South,Akwa Ibom,,,,1188,951,1108,1359,1236,10,237,0,0,123,1.458340902210112
2023/2024,Male,all,NABTEB,University,state,Bayelsa,South South,Bayelsa,,,,456,365,422,549,480,6,91,0,0,69,1.458340902210112
2023/2024,Male,all,NABTEB,University,state,Cross River,South South,Cross River,,,,1,1,1,720,693,2,0,0,0,27,1.458340902210112
2023/2024,Male,all,NABTEB,University,state,Delta,South South,Delta,,,,130,104,120,1733,1562,14,26,0,0,171,1.458340902210112
2023/2024,Male,all,NABTEB,University,state,Edo,South South,Edo,,,,684,548,636,1101,961,11,136,0,0,140,1.458340902210112
2023/2024,Male,all,NABTEB,University,state,Rivers,South South,Rivers,,,,1195,957,1112,1297,1155,11,238,0,0,142,1.458340902210112
2023/2024,Male,all,NABTEB,University,state,Ekiti,South West,Ekiti,,,,828,662,763,828,782,4,166,0,0,46,1.458340902210112
2023/2024,Male,all,NABTEB,University,state,Lagos,South West,Lagos,,,,3758,3005,3462,735,655,6,753,0,2727,80,1.458340902210112
2023/2024,Male,all,NABTEB,University,state,Ogun,South West,Ogun,,,,1111,891,999,1500,1342,13,220,0,0,158,1.458340902210112
2023/2024,Male,all,NABTEB,University,state,Ondo,South West,Ondo,,,,417,333,384,914,823,7,84,0,0,91,1.458340902210112
2023/2024,Male,all,NABTEB,University,state,Osun,South West,Osun,,,,47,38,44,1567,1412,12,9,0,0,155,1.458340902210112
2023/2024,Male,all,NABTEB,University,state,Oyo,South West,Oyo,,,,2770,2217,2562,1618,1534,7,553,0,944,84,1.458340902210112
2023/2024,Male,all,NECO,College of Education,state,Benue,North Central,Benue,,,,1579,1263,1453,134,120,1,316,0,1319,14,1.458340902210112
2023/2024,Male,all,NECO,College of Education,state,Abuja Federal Capital Territory,North Central,Abuja Federal Capital Territory,,,,1108,886,1019,66,58,1,222,0,953,8,1.458340902210112
2023/2024,Male,all,NECO,College of Education,state,Kogi,North Central,Kogi,,,,612,489,566,284,260,2,123,0,282,24,1.458340902210112
2023/2024,Male,all,NECO,College of Education,state,Kwara,North Central,Kwara,,,,1924,1538,1758,493,455,3,386,0,1265,38,1.458340902210112
2023/2024,Male,all,NECO,College of Education,state,Nasarawa,North Central,Nasarawa,,,,342,273,315,330,304,2,69,0,0,26,1.458340902210112
2023/2024,Male,all,NECO,College of Education,state,Niger,North Central,Niger,,,,1434,1148,1314,98,88,1,286,0,1216,10,1.458340902210112
2023/2024,Male,all,NECO,College of Education,state,Plateau,North Central,Plateau,,,,747,598,675,618,578,3,149,0,57,40,1.458340902210112
2023/2024,Male,all,NECO,College of Education,state,Adamawa,North East,Adamawa,,,,3715,2973,3380,93,86,1,742,0,3287,7,1.458340902210112
2023/2024,Male,all,NECO,College of Education,state,Bauchi,North East,Bauchi,,,,3628,2902,3316,154,142,1,726,0,3162,12,1.458340902210112
2023/2024,Male,all,NECO,College of Education,state,Borno,North East,Borno,,,,2026,1621,1849,45,41,0,405,0,1804,4,1.458340902210112
2023/2024,Male,all,NECO,College of Education,state,Gombe,North East,Gombe,,,,1913,1531,1791,454,420,3,382,0,1337,34,1.458340902210112
2023/2024,Male,all,NECO,College of Education,state,Taraba,North East,Taraba,,,,509,407,472,27,24,0,102,0,445,3,1.458340902210112
2023/2024,Male,all,NECO,College of Education,state,Yobe,North East,Yobe,,,,1392,1114,1268,189,169,2,278,0,1079,20,1.458340902210112
2023/2024,Male,all,NECO,College of Education,state,Jigawa,North West,Jigawa,,,,3221,2576,2998,70,65,0,645,0,2928,5,1.458340902210112
2023/2024,Male,all,NECO,College of Education,state,Kaduna,North West,Kaduna,,,,5427,4343,4954,994,914,6,1084,0,3960,80,1.458340902210112
2023/2024,Male,all,NECO,College of Education,state,Kano,North West,Kano,,,,9518,7613,8704,621,553,5,1905,0,8083,68,1.458340902210112
2023/2024,Male,all,NECO,College of Education,state,Katsina,North West,Katsina,,,,2139,1711,1971,385,350,3,428,0,1586,35,1.458340902210112
2023/2024,Male,all,NECO,College of Education,state,Kebbi,North West,Kebbi,,,,1882,1505,1738,18,16,0,377,0,1720,2,1.458340902210112
2023/2024,Male,all,NECO,College of Education,state,Sokoto,North West,Sokoto,,,,1608,1287,1479,36,33,0,321,0,1443,3,1.458340902210112
2023/2024,Male,all,NECO,College of Education,state,Zamfara,North West,Zamfara,,,,3249,2599,2991,37,34,0,650,0,2954,3,1.458340902210112
2023/2024,Male,all,NECO,College of Education,state,Abia,South East,Abia,,,,4,3,4,81,77,0,1,0,0,4,1.458340902210112
2023/2024,Male,all,NECO,College of Education,state,Anambra,South East,Anambra,,,,8,7,8,278,252,2,1,0,0,26,1.458340902210112
2023/2024,Male,all,NECO,College of Education,state,Ebonyi,South East,Ebonyi,,,,410,328,377,55,51,0,82,0,322,4,1.458340902210112
2023/2024,Male,all,NECO,College of Education,state,Enugu,South East,Enugu,,,,1589,1271,1470,267,250,1,318,0,1203,17,1.458340902210112
2023/2024,Male,all,NECO,College of Education,state,Imo,South East,Imo,,,,3365,2692,3069,259,239,2,673,0,2810,20,1.458340902210112
2023/2024,Male,all,NECO,College of Education,state,Akwa Ibom,South South,Akwa Ibom,,,,1757,1405,1619,205,191,1,352,0,1414,14,1.458340902210112
2023/2024,Male,all,NECO,College of Education,state,Bayelsa,South South,Bayelsa,,,,2306,1846,2110,13,12,0,460,0,2097,1,1.458340902210112
2023/2024,Male,all,NECO,College of Education,state,Cross River,South South,Cross River,,,,2,1,1,92,83,1,1,0,0,9,1.458340902210112
2023/2024,Male,all,NECO,College of Education,state,Delta,South South,Delta,,,,233,186,213,172,161,1,47,0,41,11,1.458340902210112
2023/2024,Male,all,NECO,College of Education,state,Edo,South South,Edo,,,,1217,974,1104,83,75,1,243,0,1021,8,1.458340902210112
2023/2024,Male,all,NECO,College of Education,state,Rivers,South South,Rivers,,,,1953,1562,1778,99,92,1,391,0,1679,7,1.458340902210112
2023/2024,Male,all,NECO,College of Education,state,Ekiti,South West,Ekiti,,,,2018,1615,1856,167,150,1,403,0,1689,17,1.458340902210112
2023/2024,Male,all,NECO,College of Education,state,Lagos,South West,Lagos,,,,3666,2932,3409,242,217,2,734,0,3167,25,1.458340902210112
2023/2024,Male,all,NECO,College of Education,state,Ogun,South West,Ogun,,,,3846,3077,3552,552,498,4,769,0,3000,54,1.458340902210112
2023/2024,Male,all,NECO,College of Education,state,Ondo,South West,Ondo,,,,811,649,734,397,369,2,162,0,337,28,1.458340902210112
2023/2024,Male,all,NECO,College of Education,state,Osun,South West,Osun,,,,66,53,60,692,639,4,13,0,0,53,1.458340902210112
2023/2024,Male,all,NECO,College of Education,state,Oyo,South West,Oyo,,,,6070,4855,5621,1069,945,10,1215,0,4552,124,1.458340902210112
2023/2024,Male,all,NECO,Polytechnic,state,Benue,North Central,Benue,,,,1623,1298,1496,441,406,3,325,0,1055,35,1.458340902210112
2023/2024,Male,all,NECO,Polytechnic,state,Abuja Federal Capital Territory,North Central,Abuja Federal Capital Territory,,,,969,776,894,54,49,0,193,0,840,5,1.458340902210112
2023/2024,Male,all,NECO,Polytechnic,state,Kogi,North Central,Kogi,,,,552,442,505,834,778,4,110,0,0,56,1.458340902210112
2023/2024,Male,all,NECO,Polytechnic,state,Kwara,North Central,Kwara,,,,2771,2216,2576,603,564,3,555,0,1973,39,1.458340902210112
2023/2024,Male,all,NECO,Polytechnic,state,Nasarawa,North Central,Nasarawa,,,,296,237,275,206,190,1,59,0,69,16,1.458340902210112
2023/2024,Male,all,NECO,Polytechnic,state,Niger,North Central,Niger,,,,1140,912,1049,217,196,2,228,0,832,21,1.458340902210112
2023/2024,Male,all,NECO,Polytechnic,state,Plateau,North Central,Plateau,,,,747,597,682,374,348,2,150,0,308,26,1.458340902210112
2023/2024,Male,all,NECO,Polytechnic,state,Adamawa,North East,Adamawa,,,,3652,2922,3409,248,240,1,730,0,3161,8,1.458340902210112
2023/2024,Male,all,NECO,Polytechnic,state,Bauchi,North East,Bauchi,,,,1856,1486,1731,215,200,1,370,0,1516,15,1.458340902210112
2023/2024,Male,all,NECO,Polytechnic,state,Borno,North East,Borno,,,,2334,1867,2174,213,200,1,467,0,1961,13,1.458340902210112
2023/2024,Male,all,NECO,Polytechnic,state,Gombe,North East,Gombe,,,,1783,1426,1636,138,127,1,357,0,1498,11,1.458340902210112
2023/2024,Male,all,NECO,Polytechnic,state,Taraba,North East,Taraba,,,,494,395,453,151,135,1,99,0,302,16,1.458340902210112
2023/2024,Male,all,NECO,Polytechnic,state,Yobe,North East,Yobe,,,,1729,1382,1584,113,103,1,347,0,1471,10,1.458340902210112
2023/2024,Male,all,NECO,Polytechnic,state,Jigawa,North West,Jigawa,,,,2709,2169,2450,154,144,1,540,0,2296,10,1.458340902210112
2023/2024,Male,all,NECO,Polytechnic,state,Kaduna,North West,Kaduna,,,,2190,1752,2040,814,766,4,438,0,1226,48,1.458340902210112
2023/2024,Male,all,NECO,Polytechnic,state,Kano,North West,Kano,,,,7294,5835,6720,508,447,5,1459,0,6212,61,1.458340902210112
2023/2024,Male,all,NECO,Polytechnic,state,Katsina,North West,Katsina,,,,1903,1523,1776,390,357,3,380,0,1386,33,1.458340902210112
2023/2024,Male,all,NECO,Polytechnic,state,Kebbi,North West,Kebbi,,,,2280,1824,2084,68,61,1,456,0,2016,7,1.458340902210112
2023/2024,Male,all,NECO,Polytechnic,state,Sokoto,North West,Sokoto,,,,1201,961,1110,19,18,0,240,0,1091,1,1.458340902210112
2023/2024,Male,all,NECO,Polytechnic,state,Zamfara,North West,Zamfara,,,,2563,2050,2355,20,19,0,513,0,2335,1,1.458340902210112
2023/2024,Male,all,NECO,Polytechnic,state,Abia,South East,Abia,,,,3,2,3,282,265,1,1,0,0,17,1.458340902210112
2023/2024,Male,all,NECO,Polytechnic,state,Anambra,South East,Anambra,,,,6,5,6,501,452,4,1,0,0,49,1.458340902210112
2023/2024,Male,all,NECO,Polytechnic,state,Ebonyi,South East,Ebonyi,,,,617,494,573,276,254,2,123,0,297,22,1.458340902210112
2023/2024,Male,all,NECO,Polytechnic,state,Enugu,South East,Enugu,,,,2163,1731,1977,516,478,3,432,0,1461,38,1.458340902210112
2023/2024,Male,all,NECO,Polytechnic,state,Imo,South East,Imo,,,,3513,2809,3233,537,489,4,704,0,2696,48,1.458340902210112
2023/2024,Male,all,NECO,Polytechnic,state,Akwa Ibom,South South,Akwa Ibom,,,,1622,1297,1493,325,306,2,325,0,1168,19,1.458340902210112
2023/2024,Male,all,NECO,Polytechnic,state,Bayelsa,South South,Bayelsa,,,,1706,1364,1566,41,38,0,342,0,1525,3,1.458340902210112
2023/2024,Male,all,NECO,Polytechnic,state,Cross River,South South,Cross River,,,,2,1,2,166,152,1,1,0,0,14,1.458340902210112
2023/2024,Male,all,NECO,Polytechnic,state,Delta,South South,Delta,,,,344,275,318,397,370,2,69,0,0,27,1.458340902210112
2023/2024,Male,all,NECO,Polytechnic,state,Edo,South South,Edo,,,,769,615,715,507,454,4,154,0,208,53,1.458340902210112
2023/2024,Male,all,NECO,Polytechnic,state,Rivers,South South,Rivers,,,,2424,1939,2208,202,187,1,485,0,2006,15,1.458340902210112
2023/2024,Male,all,NECO,Polytechnic,state,Ekiti,South West,Ekiti,,,,910,728,836,439,391,4,182,0,397,48,1.458340902210112
2023/2024,Male,all,NECO,Polytechnic,state,Lagos,South West,Lagos,,,,7409,5927,6809,413,371,3,1482,0,6396,42,1.458340902210112
2023/2024,Male,all,NECO,Polytechnic,state,Ogun,South West,Ogun,,,,2859,2287,2622,1229,1124,8,572,0,1393,105,1.458340902210112
2023/2024,Male,all,NECO,Polytechnic,state,Ondo,South West,Ondo,,,,961,769,889,758,695,5,192,0,131,63,1.458340902210112
2023/2024,Male,all,NECO,Polytechnic,state,Osun,South West,Osun,,,,94,75,86,1200,1124,6,19,0,0,76,1.458340902210112
2023/2024,Male,all,NECO,Polytechnic,state,Oyo,South West,Oyo,,,,2700,2159,2476,1422,1245,14,541,0,1054,177,1.458340902210112
2023/2024,Male,all,NECO,University,state,Benue,North Central,Benue,,,,1436,1149,1322,1709,1557,12,287,0,0,152,1.458340902210112
2023/2024,Male,all,NECO,University,state,Abuja Federal Capital Territory,North Central,Abuja Federal Capital Territory,,,,669,535,613,204,178,2,134,0,409,26,1.458340902210112
2023/2024,Male,all,NECO,University,state,Kogi,North Central,Kogi,,,,765,611,697,2659,2434,18,154,0,0,225,1.458340902210112
2023/2024,Male,all,NECO,University,state,Kwara,North Central,Kwara,,,,2413,1931,2215,2084,1909,14,482,0,131,175,1.458340902210112
2023/2024,Male,all,NECO,University,state,Nasarawa,North Central,Nasarawa,,,,310,248,281,980,902,6,62,0,0,78,1.458340902210112
2023/2024,Male,all,NECO,University,state,Niger,North Central,Niger,,,,1161,928,1060,557,505,4,233,0,503,52,1.458340902210112
2023/2024,Male,all,NECO,University,state,Plateau,North Central,Plateau,,,,1051,841,972,532,501,2,210,0,440,31,1.458340902210112
2023/2024,Male,all,NECO,University,state,Adamawa,North East,Adamawa,,,,4546,3637,4158,910,838,6,909,0,3248,72,1.458340902210112
2023/2024,Male,all,NECO,University,state,Bauchi,North East,Bauchi,,,,2972,2377,2762,637,593,4,595,0,2125,44,1.458340902210112
2023/2024,Male,all,NECO,University,state,Borno,North East,Borno,,,,2256,1804,2058,1048,973,6,452,0,1010,75,1.458340902210112
2023/2024,Male,all,NECO,University,state,Gombe,North East,Gombe,,,,1154,924,1043,771,707,5,230,0,272,64,1.458340902210112
2023/2024,Male,all,NECO,University,state,Taraba,North East,Taraba,,,,273,219,247,1143,1016,10,54,0,0,127,1.458340902210112
2023/2024,Male,all,NECO,University,state,Yobe,North East,Yobe,,,,1242,994,1153,446,394,4,248,0,707,52,1.458340902210112
2023/2024,Male,all,NECO,University,state,Jigawa,North West,Jigawa,,,,2983,2386,2717,529,489,3,597,0,2188,40,1.458340902210112
2023/2024,Male,all,NECO,University,state,Kaduna,North West,Kaduna,,,,6310,5048,5859,1202,1087,9,1262,0,4657,115,1.458340902210112
2023/2024,Male,all,NECO,University,state,Kano,North West,Kano,,,,9554,7645,8828,1607,1437,14,1909,0,7221,170,1.458340902210112
2023/2024,Male,all,NECO,University,state,Katsina,North West,Katsina,,,,1742,1393,1579,979,874,8,349,0,600,105,1.458340902210112
2023/2024,Male,all,NECO,University,state,Kebbi,North West,Kebbi,,,,3142,2514,2884,450,402,4,628,0,2434,48,1.458340902210112
2023/2024,Male,all,NECO,University,state,Sokoto,North West,Sokoto,,,,2183,1747,2025,430,396,3,436,0,1595,34,1.458340902210112
2023/2024,Male,all,NECO,University,state,Zamfara,North West,Zamfara,,,,2139,1711,1959,282,267,1,428,0,1677,15,1.458340902210112
2023/2024,Male,all,NECO,University,state,Abia,South East,Abia,,,,3,3,3,2258,2127,10,0,0,0,131,1.458340902210112
2023/2024,Male,all,NECO,University,state,Anambra,South East,Anambra,,,,8,6,7,3380,3062,25,2,0,0,318,1.458340902210112
2023/2024,Male,all,NECO,University,state,Ebonyi,South East,Ebonyi,,,,1125,899,1034,1376,1274,8,226,0,0,102,1.458340902210112
2023/2024,Male,all,NECO,University,state,Enugu,South East,Enugu,,,,1355,1084,1255,2669,2506,13,271,0,0,163,1.458340902210112
2023/2024,Male,all,NECO,University,state,Imo,South East,Imo,,,,3188,2551,2923,3764,3468,24,637,0,0,296,1.458340902210112
2023/2024,Male,all,NECO,University,state,Akwa Ibom,South South,Akwa Ibom,,,,2201,1761,2003,2380,2193,15,440,0,0,187,1.458340902210112
2023/2024,Male,all,NECO,University,state,Bayelsa,South South,Bayelsa,,,,830,663,769,929,859,6,167,0,0,70,1.458340902210112
2023/2024,Male,all,NECO,University,state,Cross River,South South,Cross River,,,,1,1,1,1624,1471,12,0,0,0,153,1.458340902210112
2023/2024,Male,all,NECO,University,state,Delta,South South,Delta,,,,239,191,220,3495,3327,13,48,0,0,168,1.458340902210112
2023/2024,Male,all,NECO,University,state,Edo,South South,Edo,,,,1258,1007,1162,1894,1715,14,251,0,0,179,1.458340902210112
2023/2024,Male,all,NECO,University,state,Rivers,South South,Rivers,,,,2229,1782,2063,2871,2658,17,447,0,0,213,1.458340902210112
2023/2024,Male,all,NECO,University,state,Ekiti,South West,Ekiti,,,,1497,1197,1362,1507,1349,13,300,0,0,158,1.458340902210112
2023/2024,Male,all,NECO,University,state,Lagos,South West,Lagos,,,,7049,5641,6499,1374,1228,12,1408,0,5125,146,1.458340902210112
2023/2024,Male,all,NECO,University,state,Ogun,South West,Ogun,,,,2079,1662,1880,2825,2606,18,417,0,0,219,1.458340902210112
2023/2024,Male,all,NECO,University,state,Ondo,South West,Ondo,,,,790,632,730,1994,1834,13,158,0,0,160,1.458340902210112
2023/2024,Male,all,NECO,University,state,Osun,South West,Osun,,,,87,70,81,3027,2832,16,17,0,0,195,1.458340902210112
2023/2024,Male,all,NECO,University,state,Oyo,South West,Oyo,,,,5245,4197,4746,3473,3071,32,1048,0,1273,402,1.458340902210112
2023/2024,Male,all,WAEC,College of Education,state,Benue,North Central,Benue,,,,2134,1707,1958,190,179,1,427,0,1768,11,1.458340902210112
2023/2024,Male,all,WAEC,College of Education,state,Abuja Federal Capital Territory,North Central,Abuja Federal Capital Territory,,,,1494,1195,1369,99,93,0,299,0,1270,6,1.458340902210112
2023/2024,Male,all,WAEC,College of Education,state,Kogi,North Central,Kogi,,,,809,647,755,384,353,2,162,0,371,31,1.458340902210112
2023/2024,Male,all,WAEC,College of Education,state,Kwara,North Central,Kwara,,,,2553,2043,2318,661,606,4,510,0,1657,55,1.458340902210112
2023/2024,Male,all,WAEC,College of Education,state,Nasarawa,North Central,Nasarawa,,,,464,371,429,446,413,3,93,0,0,33,1.458340902210112
2023/2024,Male,all,WAEC,College of Education,state,Niger,North Central,Niger,,,,1956,1564,1797,147,137,1,392,0,1650,10,1.458340902210112
2023/2024,Male,all,WAEC,College of Education,state,Plateau,North Central,Plateau,,,,1017,813,936,896,825,6,204,0,40,71,1.458340902210112
2023/2024,Male,all,WAEC,College of Education,state,Adamawa,North East,Adamawa,,,,4963,3967,4548,120,106,1,996,0,4428,14,1.458340902210112
2023/2024,Male,all,WAEC,College of Education,state,Bauchi,North East,Bauchi,,,,4940,3951,4542,213,196,1,989,0,4329,17,1.458340902210112
2023/2024,Male,all,WAEC,College of Education,state,Borno,North East,Borno,,,,2762,2211,2527,67,61,0,551,0,2460,6,1.458340902210112
2023/2024,Male,all,WAEC,College of Education,state,Gombe,North East,Gombe,,,,2585,2068,2382,587,536,4,517,0,1795,51,1.458340902210112
2023/2024,Male,all,WAEC,College of Education,state,Taraba,North East,Taraba,,,,706,564,653,39,37,0,142,0,614,2,1.458340902210112
2023/2024,Male,all,WAEC,College of Education,state,Yobe,North East,Yobe,,,,1895,1516,1729,280,262,1,379,0,1449,18,1.458340902210112
2023/2024,Male,all,WAEC,College of Education,state,Jigawa,North West,Jigawa,,,,4300,3440,4013,105,95,1,860,0,3908,10,1.458340902210112
2023/2024,Male,all,WAEC,College of Education,state,Kaduna,North West,Kaduna,,,,7403,5921,6781,1549,1425,10,1482,0,5232,124,1.458340902210112
2023/2024,Male,all,WAEC,College of Education,state,Kano,North West,Kano,,,,12578,10065,11465,816,770,4,2513,0,10649,46,1.458340902210112
2023/2024,Male,all,WAEC,College of Education,state,Katsina,North West,Katsina,,,,2890,2311,2670,533,492,3,579,0,2137,41,1.458340902210112
2023/2024,Male,all,WAEC,College of Education,state,Kebbi,North West,Kebbi,,,,2532,2025,2357,23,21,0,507,0,2334,2,1.458340902210112
2023/2024,Male,all,WAEC,College of Education,state,Sokoto,North West,Sokoto,,,,2204,1763,2030,51,47,0,441,0,1979,4,1.458340902210112
2023/2024,Male,all,WAEC,College of Education,state,Zamfara,North West,Zamfara,,,,4465,3572,4106,51,47,0,893,0,4055,4,1.458340902210112
2023/2024,Male,all,WAEC,College of Education,state,Abia,South East,Abia,,,,6,5,5,113,101,1,1,0,0,12,1.458340902210112
2023/2024,Male,all,WAEC,College of Education,state,Anambra,South East,Anambra,,,,11,9,10,350,328,2,2,0,0,22,1.458340902210112
2023/2024,Male,all,WAEC,College of Education,state,Ebonyi,South East,Ebonyi,,,,569,455,510,73,66,1,114,0,437,7,1.458340902210112
2023/2024,Male,all,WAEC,College of Education,state,Enugu,South East,Enugu,,,,2104,1683,1923,339,310,2,421,0,1584,29,1.458340902210112
2023/2024,Male,all,WAEC,College of Education,state,Imo,South East,Imo,,,,4602,3681,4258,383,359,2,921,0,3875,24,1.458340902210112
2023/2024,Male,all,WAEC,College of Education,state,Akwa Ibom,South South,Akwa Ibom,,,,2296,1837,2101,259,236,2,459,0,1842,23,1.458340902210112
2023/2024,Male,all,WAEC,College of Education,state,Bayelsa,South South,Bayelsa,,,,3089,2471,2820,20,18,0,618,0,2800,2,1.458340902210112
2023/2024,Male,all,WAEC,College of Education,state,Cross River,South South,Cross River,,,,2,2,2,124,114,1,0,0,0,10,1.458340902210112
2023/2024,Male,all,WAEC,College of Education,state,Delta,South South,Delta,,,,310,248,281,237,213,2,62,0,44,24,1.458340902210112
2023/2024,Male,all,WAEC,College of Education,state,Edo,South South,Edo,,,,1569,1255,1444,125,119,0,314,0,1319,6,1.458340902210112
2023/2024,Male,all,WAEC,College of Education,state,Rivers,South South,Rivers,,,,2694,2155,2484,119,109,1,539,0,2365,10,1.458340902210112
2023/2024,Male,all,WAEC,College of Education,state,Ekiti,South West,Ekiti,,,,2720,2176,2513,210,195,1,544,0,2303,15,1.458340902210112
2023/2024,Male,all,WAEC,College of Education,state,Lagos,South West,Lagos,,,,4950,3960,4603,342,321,2,990,0,4261,21,1.458340902210112
2023/2024,Male,all,WAEC,College of Education,state,Ogun,South West,Ogun,,,,5269,4216,4822,803,753,4,1053,0,4019,50,1.458340902210112
2023/2024,Male,all,WAEC,College of Education,state,Ondo,South West,Ondo,,,,1090,872,1000,498,458,3,218,0,502,40,1.458340902210112
2023/2024,Male,all,WAEC,College of Education,state,Osun,South West,Osun,,,,87,69,80,876,801,6,18,0,0,75,1.458340902210112
2023/2024,Male,all,WAEC,College of Education,state,Oyo,South West,Oyo,,,,8133,6506,7557,1374,1300,6,1627,0,6183,74,1.458340902210112
2023/2024,Male,all,WAEC,Polytechnic,state,Benue,North Central,Benue,,,,2192,1754,2001,614,571,3,438,0,1387,43,1.458340902210112
2023/2024,Male,all,WAEC,Polytechnic,state,Abuja Federal Capital Territory,North Central,Abuja Federal Capital Territory,,,,1253,1003,1170,77,72,0,250,0,1093,5,1.458340902210112
2023/2024,Male,all,WAEC,Polytechnic,state,Kogi,North Central,Kogi,,,,749,599,687,1165,1068,8,150,0,0,97,1.458340902210112
2023/2024,Male,all,WAEC,Polytechnic,state,Kwara,North Central,Kwara,,,,3739,2991,3472,827,742,7,748,0,2645,85,1.458340902210112
2023/2024,Male,all,WAEC,Polytechnic,state,Nasarawa,North Central,Nasarawa,,,,395,316,366,272,254,1,79,0,94,18,1.458340902210112
2023/2024,Male,all,WAEC,Polytechnic,state,Niger,North Central,Niger,,,,1486,1189,1368,308,286,2,297,0,1060,22,1.458340902210112
2023/2024,Male,all,WAEC,Polytechnic,state,Plateau,North Central,Plateau,,,,1023,818,942,529,489,3,205,0,413,40,1.458340902210112
2023/2024,Male,all,WAEC,Polytechnic,state,Adamawa,North East,Adamawa,,,,4970,3978,4610,317,287,2,992,0,4293,30,1.458340902210112
2023/2024,Male,all,WAEC,Polytechnic,state,Bauchi,North East,Bauchi,,,,2575,2061,2375,283,253,2,514,0,2092,30,1.458340902210112
2023/2024,Male,all,WAEC,Polytechnic,state,Borno,North East,Borno,,,,3012,2409,2781,295,269,2,603,0,2486,26,1.458340902210112
2023/2024,Male,all,WAEC,Polytechnic,state,Gombe,North East,Gombe,,,,2324,1860,2131,169,155,1,464,0,1962,14,1.458340902210112
2023/2024,Male,all,WAEC,Polytechnic,state,Taraba,North East,Taraba,,,,641,513,595,202,185,1,128,0,393,17,1.458340902210112
2023/2024,Male,all,WAEC,Polytechnic,state,Yobe,North East,Yobe,,,,2334,1867,2160,168,158,1,467,0,1992,10,1.458340902210112
2023/2024,Male,all,WAEC,Polytechnic,state,Jigawa,North West,Jigawa,,,,3750,3000,3429,253,226,2,750,0,3176,27,1.458340902210112
2023/2024,Male,all,WAEC,Polytechnic,state,Kaduna,North West,Kaduna,,,,2947,2358,2749,1307,1212,8,589,0,1442,95,1.458340902210112
2023/2024,Male,all,WAEC,Polytechnic,state,Kano,North West,Kano,,,,9733,7788,8870,684,644,3,1945,0,8186,40,1.458340902210112
2023/2024,Male,all,WAEC,Polytechnic,state,Katsina,North West,Katsina,,,,2525,2021,2304,502,467,3,504,0,1802,35,1.458340902210112
2023/2024,Male,all,WAEC,Polytechnic,state,Kebbi,North West,Kebbi,,,,3056,2446,2783,88,83,0,610,0,2695,5,1.458340902210112
2023/2024,Male,all,WAEC,Polytechnic,state,Sokoto,North West,Sokoto,,,,1584,1268,1444,25,23,0,316,0,1419,2,1.458340902210112
2023/2024,Male,all,WAEC,Polytechnic,state,Zamfara,North West,Zamfara,,,,3419,2735,3174,27,25,0,684,0,3147,2,1.458340902210112
2023/2024,Male,all,WAEC,Polytechnic,state,Abia,South East,Abia,,,,4,3,4,389,353,3,1,0,0,36,1.458340902210112
2023/2024,Male,all,WAEC,Polytechnic,state,Anambra,South East,Anambra,,,,8,7,8,641,599,3,1,0,0,42,1.458340902210112
2023/2024,Male,all,WAEC,Polytechnic,state,Ebonyi,South East,Ebonyi,,,,822,657,754,358,328,2,165,0,396,30,1.458340902210112
2023/2024,Male,all,WAEC,Polytechnic,state,Enugu,South East,Enugu,,,,2939,2351,2695,677,617,5,588,0,2018,60,1.458340902210112
2023/2024,Male,all,WAEC,Polytechnic,state,Imo,South East,Imo,,,,4766,3812,4342,763,712,4,954,0,3579,51,1.458340902210112
2023/2024,Male,all,WAEC,Polytechnic,state,Akwa Ibom,South South,Akwa Ibom,,,,2179,1743,2007,425,385,3,436,0,1582,40,1.458340902210112
2023/2024,Male,all,WAEC,Polytechnic,state,Bayelsa,South South,Bayelsa,,,,2330,1864,2136,65,60,0,466,0,2071,5,1.458340902210112
2023/2024,Male,all,WAEC,Polytechnic,state,Cross River,South South,Cross River,,,,2,2,2,217,198,2,0,0,0,19,1.458340902210112
2023/2024,Male,all,WAEC,Polytechnic,state,Delta,South South,Delta,,,,465,372,426,578,525,4,93,0,0,53,1.458340902210112
2023/2024,Male,all,WAEC,Polytechnic,state,Edo,South South,Edo,,,,1041,833,953,778,722,4,208,0,175,56,1.458340902210112
2023/2024,Male,all,WAEC,Polytechnic,state,Rivers,South South,Rivers,,,,3309,2647,3035,254,236,1,662,0,2781,18,1.458340902210112
2023/2024,Male,all,WAEC,Polytechnic,state,Ekiti,South West,Ekiti,,,,1266,1012,1144,591,551,3,254,0,553,40,1.458340902210112
2023/2024,Male,all,WAEC,Polytechnic,state,Lagos,South West,Lagos,,,,9933,7947,9115,555,517,3,1986,0,8560,38,1.458340902210112
2023/2024,Male,all,WAEC,Polytechnic,state,Ogun,South West,Ogun,,,,3707,2964,3447,1703,1621,7,743,0,1744,82,1.458340902210112
2023/2024,Male,all,WAEC,Polytechnic,state,Ondo,South West,Ondo,,,,1245,996,1158,935,873,5,249,0,223,62,1.458340902210112
2023/2024,Male,all,WAEC,Polytechnic,state,Osun,South West,Osun,,,,127,102,116,1556,1426,10,25,0,0,130,1.458340902210112
2023/2024,Male,all,WAEC,Polytechnic,state,Oyo,South West,Oyo,,,,3656,2924,3379,1801,1716,7,732,0,1578,85,1.458340902210112
2023/2024,Male,all,WAEC,University,state,Benue,North Central,Benue,,,,1918,1534,1767,2467,2331,11,384,0,0,136,1.458340902210112
2023/2024,Male,all,WAEC,University,state,Abuja Federal Capital Territory,North Central,Abuja Federal Capital Territory,,,,932,746,839,305,287,1,186,0,534,18,1.458340902210112
2023/2024,Male,all,WAEC,University,state,Kogi,North Central,Kogi,,,,1036,829,945,3849,3536,25,207,0,0,313,1.458340902210112
2023/2024,Male,all,WAEC,University,state,Kwara,North Central,Kwara,,,,3234,2587,2968,2776,2548,18,647,0,192,228,1.458340902210112
2023/2024,Male,all,WAEC,University,state,Nasarawa,North Central,Nasarawa,,,,431,345,390,1337,1238,8,86,0,0,99,1.458340902210112
2023/2024,Male,all,WAEC,University,state,Niger,North Central,Niger,,,,1591,1273,1459,903,836,5,318,0,556,67,1.458340902210112
2023/2024,Male,all,WAEC,University,state,Plateau,North Central,Plateau,,,,1360,1088,1253,710,652,5,272,0,543,58,1.458340902210112
2023/2024,Male,all,WAEC,University,state,Adamawa,North East,Adamawa,,,,5976,4779,5471,1197,1077,10,1197,0,4274,120,1.458340902210112
2023/2024,Male,all,WAEC,University,state,Bauchi,North East,Bauchi,,,,3910,3127,3545,846,787,5,783,0,2699,59,1.458340902210112
2023/2024,Male,all,WAEC,University,state,Borno,North East,Borno,,,,3036,2428,2793,1565,1411,12,608,0,1228,154,1.458340902210112
2023/2024,Male,all,WAEC,University,state,Gombe,North East,Gombe,,,,1552,1241,1423,1018,948,6,311,0,405,70,1.458340902210112
2023/2024,Male,all,WAEC,University,state,Taraba,North East,Taraba,,,,364,292,330,1644,1542,8,72,0,0,102,1.458340902210112
2023/2024,Male,all,WAEC,University,state,Yobe,North East,Yobe,,,,1676,1341,1547,631,581,4,335,0,916,50,1.458340902210112
2023/2024,Male,all,WAEC,University,state,Jigawa,North West,Jigawa,,,,3891,3112,3549,767,698,6,779,0,2782,69,1.458340902210112
2023/2024,Male,all,WAEC,University,state,Kaduna,North West,Kaduna,,,,8425,6739,7671,1835,1710,10,1686,0,5836,125,1.458340902210112
2023/2024,Male,all,WAEC,University,state,Kano,North West,Kano,,,,12815,10248,11874,2146,2001,12,2567,0,9728,145,1.458340902210112
2023/2024,Male,all,WAEC,University,state,Katsina,North West,Katsina,,,,2309,1847,2115,1299,1199,8,462,0,816,100,1.458340902210112
2023/2024,Male,all,WAEC,University,state,Kebbi,North West,Kebbi,,,,4180,3345,3859,585,550,3,835,0,3274,35,1.458340902210112
2023/2024,Male,all,WAEC,University,state,Sokoto,North West,Sokoto,,,,2904,2323,2661,570,525,4,581,0,2091,45,1.458340902210112
2023/2024,Male,all,WAEC,University,state,Zamfara,North West,Zamfara,,,,2805,2244,2565,372,339,3,561,0,2193,33,1.458340902210112
2023/2024,Male,all,WAEC,University,state,Abia,South East,Abia,,,,5,4,4,2936,2680,20,1,0,0,256,1.458340902210112
2023/2024,Male,all,WAEC,University,state,Anambra,South East,Anambra,,,,10,8,10,4529,4244,23,2,0,0,285,1.458340902210112
2023/2024,Male,all,WAEC,University,state,Ebonyi,South East,Ebonyi,,,,1474,1179,1356,1745,1613,11,295,0,0,132,1.458340902210112
2023/2024,Male,all,WAEC,University,state,Enugu,South East,Enugu,,,,1800,1440,1664,3449,3143,24,360,0,0,306,1.458340902210112
2023/2024,Male,all,WAEC,University,state,Imo,South East,Imo,,,,4218,3375,3912,5511,5134,30,843,0,0,379,1.458340902210112
2023/2024,Male,all,WAEC,University,state,Akwa Ibom,South South,Akwa Ibom,,,,2957,2366,2716,3279,3024,20,591,0,0,255,1.458340902210112
2023/2024,Male,all,WAEC,University,state,Bayelsa,South South,Bayelsa,,,,1110,888,1042,1384,1289,8,222,0,0,95,1.458340902210112
2023/2024,Male,all,WAEC,University,state,Cross River,South South,Cross River,,,,2,1,2,2197,2021,14,1,0,0,176,1.458340902210112
2023/2024,Male,all,WAEC,University,state,Delta,South South,Delta,,,,317,254,296,4977,4463,41,63,0,0,514,1.458340902210112
2023/2024,Male,all,WAEC,University,state,Edo,South South,Edo,,,,1743,1394,1595,2986,2796,15,349,0,0,190,1.458340902210112
2023/2024,Male,all,WAEC,University,state,Rivers,South South,Rivers,,,,2882,2306,2664,3361,3085,22,576,0,0,276,1.458340902210112
2023/2024,Male,all,WAEC,University,state,Ekiti,South West,Ekiti,,,,2030,1623,1874,1991,1826,13,407,0,0,165,1.458340902210112
2023/2024,Male,all,WAEC,University,state,Lagos,South West,Lagos,,,,9221,7378,8366,1766,1672,8,1843,0,6600,94,1.458340902210112
2023/2024,Male,all,WAEC,University,state,Ogun,South West,Ogun,,,,2848,2280,2591,4074,3801,22,568,0,0,273,1.458340902210112
2023/2024,Male,all,WAEC,University,state,Ondo,South West,Ondo,,,,1040,832,948,2377,2219,13,208,0,0,158,1.458340902210112
2023/2024,Male,all,WAEC,University,state,Osun,South West,Osun,,,,116,93,107,3786,3460,26,23,0,0,326,1.458340902210112
2023/2024,Male,all,WAEC,University,state,Oyo,South West,Oyo,,,,6871,5495,6265,4463,4209,20,1376,0,1802,254,1.458340902210112
2023/2024,Male,disabled,NABTEB,College of Education,state,Benue,North Central,Benue,,,,76,61,70,10,9,0,15,0,60,1,1.458340902210112
2023/2024,Male,disabled,NABTEB,College of Education,state,Abuja Federal Capital Territory,North Central,Abuja Federal Capital Territory,,,,56,45,51,4,3,0,11,0,47,1,1.458340902210112
2023/2024,Male,disabled,NABTEB,College of Education,state,Kogi,North Central,Kogi,,,,29,23,27,17,15,0,6,0,10,2,1.458340902210112
2023/2024,Male,disabled,NABTEB,College of Education,state,Kwara,North Central,Kwara,,,,85,68,74,25,24,0,17,0,49,1,1.458340902210112
2023/2024,Male,disabled,NABTEB,College of Education,state,Nasarawa,North Central,Nasarawa,,,,16,12,14,18,17,0,4,0,0,1,1.458340902210112
2023/2024,Male,disabled,NABTEB,College of Education,state,Niger,North Central,Niger,,,,63,51,56,8,7,0,12,0,48,1,1.458340902210112
2023/2024,Male,disabled,NABTEB,College of Education,state,Plateau,North Central,Plateau,,,,37,30,33,48,42,0,7,0,0,6,1.458340902210112
2023/2024,Male,disabled,NABTEB,College of Education,state,Adamawa,North East,Adamawa,,,,175,141,163,2,1,0,34,0,161,1,1.458340902210112
2023/2024,Male,disabled,NABTEB,College of Education,state,Bauchi,North East,Bauchi,,,,172,138,157,4,3,0,34,0,153,1,1.458340902210112
2023/2024,Male,disabled,NABTEB,College of Education,state,Borno,North East,Borno,,,,97,78,88,2,1,0,19,0,86,1,1.458340902210112
2023/2024,Male,disabled,NABTEB,College of Education,state,Gombe,North East,Gombe,,,,89,71,81,29,26,0,18,0,52,3,1.458340902210112
2023/2024,Male,disabled,NABTEB,College of Education,state,Taraba,North East,Taraba,,,,24,19,22,1,0,0,5,0,21,1,1.458340902210112
2023/2024,Male,disabled,NABTEB,College of Education,state,Yobe,North East,Yobe,,,,71,57,63,10,9,0,14,0,53,1,1.458340902210112
2023/2024,Male,disabled,NABTEB,College of Education,state,Jigawa,North West,Jigawa,,,,148,119,134,4,3,0,29,0,130,1,1.458340902210112
2023/2024,Male,disabled,NABTEB,College of Education,state,Kaduna,North West,Kaduna,,,,272,219,255,72,67,0,53,0,183,5,1.458340902210112
2023/2024,Male,disabled,NABTEB,College of Education,state,Kano,North West,Kano,,,,456,368,413,37,33,0,88,0,376,4,1.458340902210112
2023/2024,Male,disabled,NABTEB,College of Education,state,Katsina,North West,Katsina,,,,108,87,96,17,15,0,21,0,79,2,1.458340902210112
2023/2024,Male,disabled,NABTEB,College of Education,state,Kebbi,North West,Kebbi,,,,97,78,89,1,0,0,19,0,88,1,1.458340902210112
2023/2024,Male,disabled,NABTEB,College of Education,state,Sokoto,North West,Sokoto,,,,78,63,73,2,1,0,15,0,71,1,1.458340902210112
2023/2024,Male,disabled,NABTEB,College of Education,state,Zamfara,North West,Zamfara,,,,154,124,147,2,1,0,30,0,145,1,1.458340902210112
2023/2024,Male,disabled,NABTEB,College of Education,state,Abia,South East,Abia,,,,0,0,0,5,4,0,0,0,0,1,1.458340902210112
2023/2024,Male,disabled,NABTEB,College of Education,state,Anambra,South East,Anambra,,,,0,0,0,18,16,0,0,0,0,2,1.458340902210112
2023/2024,Male,disabled,NABTEB,College of Education,state,Ebonyi,South East,Ebonyi,,,,19,15,17,3,2,0,4,0,14,1,1.458340902210112
2023/2024,Male,disabled,NABTEB,College of Education,state,Enugu,South East,Enugu,,,,69,56,62,14,13,0,13,0,48,1,1.458340902210112
2023/2024,Male,disabled,NABTEB,College of Education,state,Imo,South East,Imo,,,,136,110,119,17,14,0,26,0,102,3,1.458340902210112
2023/2024,Male,disabled,NABTEB,College of Education,state,Akwa Ibom,South South,Akwa Ibom,,,,85,68,76,15,14,0,17,0,61,1,1.458340902210112
2023/2024,Male,disabled,NABTEB,College of Education,state,Bayelsa,South South,Bayelsa,,,,100,80,88,1,0,0,20,0,87,1,1.458340902210112
2023/2024,Male,disabled,NABTEB,College of Education,state,Cross River,South South,Cross River,,,,0,0,0,5,4,0,0,0,0,1,1.458340902210112
2023/2024,Male,disabled,NABTEB,College of Education,state,Delta,South South,Delta,,,,11,9,10,11,10,0,2,0,0,1,1.458340902210112
2023/2024,Male,disabled,NABTEB,College of Education,state,Edo,South South,Edo,,,,57,46,50,7,6,0,11,0,43,1,1.458340902210112
2023/2024,Male,disabled,NABTEB,College of Education,state,Rivers,South South,Rivers,,,,101,81,88,6,5,0,20,0,82,1,1.458340902210112
2023/2024,Male,disabled,NABTEB,College of Education,state,Ekiti,South West,Ekiti,,,,93,75,85,10,9,0,18,0,75,1,1.458340902210112
2023/2024,Male,disabled,NABTEB,College of Education,state,Lagos,South West,Lagos,,,,201,163,175,19,17,0,38,0,156,2,1.458340902210112
2023/2024,Male,disabled,NABTEB,College of Education,state,Ogun,South West,Ogun,,,,181,146,165,39,34,0,35,0,126,5,1.458340902210112
2023/2024,Male,disabled,NABTEB,College of Education,state,Ondo,South West,Ondo,,,,39,31,35,26,25,0,8,0,9,1,1.458340902210112
2023/2024,Male,disabled,NABTEB,College of Education,state,Osun,South West,Osun,,,,3,3,3,47,42,0,0,0,0,5,1.458340902210112
2023/2024,Male,disabled,NABTEB,College of Education,state,Oyo,South West,Oyo,,,,256,206,223,72,66,0,50,0,151,6,1.458340902210112
2023/2024,Male,disabled,NABTEB,Polytechnic,state,Benue,North Central,Benue,,,,72,58,64,25,22,0,14,0,39,3,1.458340902210112
2023/2024,Male,disabled,NABTEB,Polytechnic,state,Abuja Federal Capital Territory,North Central,Abuja Federal Capital Territory,,,,42,34,38,4,3,0,8,0,34,1,1.458340902210112
2023/2024,Male,disabled,NABTEB,Polytechnic,state,Kogi,North Central,Kogi,,,,27,22,25,60,52,1,5,0,0,8,1.458340902210112
2023/2024,Male,disabled,NABTEB,Polytechnic,state,Kwara,North Central,Kwara,,,,125,101,114,32,30,0,24,0,82,2,1.458340902210112
2023/2024,Male,disabled,NABTEB,Polytechnic,state,Nasarawa,North Central,Nasarawa,,,,14,12,12,13,12,0,2,0,0,1,1.458340902210112
2023/2024,Male,disabled,NABTEB,Polytechnic,state,Niger,North Central,Niger,,,,56,45,49,17,14,0,11,0,32,3,1.458340902210112
2023/2024,Male,disabled,NABTEB,Polytechnic,state,Plateau,North Central,Plateau,,,,37,30,33,26,23,0,7,0,7,3,1.458340902210112
2023/2024,Male,disabled,NABTEB,Polytechnic,state,Adamawa,North East,Adamawa,,,,175,141,166,6,5,0,34,0,160,1,1.458340902210112
2023/2024,Male,disabled,NABTEB,Polytechnic,state,Bauchi,North East,Bauchi,,,,93,75,85,5,4,0,18,0,80,1,1.458340902210112
2023/2024,Male,disabled,NABTEB,Polytechnic,state,Borno,North East,Borno,,,,100,80,92,13,11,0,20,0,79,2,1.458340902210112
2023/2024,Male,disabled,NABTEB,Polytechnic,state,Gombe,North East,Gombe,,,,81,65,75,5,4,0,16,0,70,1,1.458340902210112
2023/2024,Male,disabled,NABTEB,Polytechnic,state,Taraba,North East,Taraba,,,,23,19,22,7,6,0,4,0,15,1,1.458340902210112
2023/2024,Male,disabled,NABTEB,Polytechnic,state,Yobe,North East,Yobe,,,,79,63,70,3,2,0,16,0,67,1,1.458340902210112
2023/2024,Male,disabled,NABTEB,Polytechnic,state,Jigawa,North West,Jigawa,,,,143,115,125,8,7,0,28,0,117,1,1.458340902210112
2023/2024,Male,disabled,NABTEB,Polytechnic,state,Kaduna,North West,Kaduna,,,,97,78,89,47,42,0,19,0,42,5,1.458340902210112
2023/2024,Male,disabled,NABTEB,Polytechnic,state,Kano,North West,Kano,,,,341,276,315,20,18,0,65,0,295,2,1.458340902210112
2023/2024,Male,disabled,NABTEB,Polytechnic,state,Katsina,North West,Katsina,,,,81,66,73,22,19,0,15,0,51,3,1.458340902210112
2023/2024,Male,disabled,NABTEB,Polytechnic,state,Kebbi,North West,Kebbi,,,,110,88,101,4,3,0,22,0,97,1,1.458340902210112
2023/2024,Male,disabled,NABTEB,Polytechnic,state,Sokoto,North West,Sokoto,,,,53,43,46,1,0,0,10,0,45,1,1.458340902210112
2023/2024,Male,disabled,NABTEB,Polytechnic,state,Zamfara,North West,Zamfara,,,,122,99,113,1,0,0,23,0,112,1,1.458340902210112
2023/2024,Male,disabled,NABTEB,Polytechnic,state,Abia,South East,Abia,,,,0,0,0,18,16,0,0,0,0,2,1.458340902210112
2023/2024,Male,disabled,NABTEB,Polytechnic,state,Anambra,South East,Anambra,,,,0,0,0,31,29,0,0,0,0,2,1.458340902210112
2023/2024,Male,disabled,NABTEB,Polytechnic,state,Ebonyi,South East,Ebonyi,,,,29,23,26,17,16,0,6,0,9,1,1.458340902210112
2023/2024,Male,disabled,NABTEB,Polytechnic,state,Enugu,South East,Enugu,,,,105,85,94,29,27,0,20,0,65,2,1.458340902210112
2023/2024,Male,disabled,NABTEB,Polytechnic,state,Imo,South East,Imo,,,,172,139,154,37,32,0,33,0,117,5,1.458340902210112
2023/2024,Male,disabled,NABTEB,Polytechnic,state,Akwa Ibom,South South,Akwa Ibom,,,,80,64,71,26,25,0,16,0,45,1,1.458340902210112
2023/2024,Male,disabled,NABTEB,Polytechnic,state,Bayelsa,South South,Bayelsa,,,,77,62,70,3,2,0,15,0,67,1,1.458340902210112
2023/2024,Male,disabled,NABTEB,Polytechnic,state,Cross River,South South,Cross River,,,,0,0,0,11,10,0,0,0,0,1,1.458340902210112
2023/2024,Male,disabled,NABTEB,Polytechnic,state,Delta,South South,Delta,,,,16,13,14,24,22,0,3,0,0,2,1.458340902210112
2023/2024,Male,disabled,NABTEB,Polytechnic,state,Edo,South South,Edo,,,,38,31,33,39,35,0,7,0,0,4,1.458340902210112
2023/2024,Male,disabled,NABTEB,Polytechnic,state,Rivers,South South,Rivers,,,,106,86,93,12,11,0,20,0,81,1,1.458340902210112
2023/2024,Male,disabled,NABTEB,Polytechnic,state,Ekiti,South West,Ekiti,,,,42,34,37,29,26,0,8,0,8,3,1.458340902210112
2023/2024,Male,disabled,NABTEB,Polytechnic,state,Lagos,South West,Lagos,,,,340,275,321,32,28,0,65,0,289,4,1.458340902210112
2023/2024,Male,disabled,NABTEB,Polytechnic,state,Ogun,South West,Ogun,,,,130,105,114,95,83,1,25,0,19,12,1.458340902210112
2023/2024,Male,disabled,NABTEB,Polytechnic,state,Ondo,South West,Ondo,,,,45,36,40,50,47,0,9,0,0,3,1.458340902210112
2023/2024,Male,disabled,NABTEB,Polytechnic,state,Osun,South West,Osun,,,,5,4,4,79,71,1,1,0,0,8,1.458340902210112
2023/2024,Male,disabled,NABTEB,Polytechnic,state,Oyo,South West,Oyo,,,,129,104,115,95,88,1,25,0,20,7,1.458340902210112
2023/2024,Male,disabled,NABTEB,University,state,Benue,North Central,Benue,,,,67,54,58,106,93,1,13,0,0,13,1.458340902210112
2023/2024,Male,disabled,NABTEB,University,state,Abuja Federal Capital Territory,North Central,Abuja Federal Capital Territory,,,,32,26,28,12,11,0,6,0,16,1,1.458340902210112
2023/2024,Male,disabled,NABTEB,University,state,Kogi,North Central,Kogi,,,,37,30,33,168,144,2,7,0,0,24,1.458340902210112
2023/2024,Male,disabled,NABTEB,University,state,Kwara,North Central,Kwara,,,,115,93,100,131,119,1,22,0,0,12,1.458340902210112
2023/2024,Male,disabled,NABTEB,University,state,Nasarawa,North Central,Nasarawa,,,,15,12,12,63,58,0,3,0,0,5,1.458340902210112
2023/2024,Male,disabled,NABTEB,University,state,Niger,North Central,Niger,,,,55,44,48,42,35,1,11,0,6,7,1.458340902210112
2023/2024,Male,disabled,NABTEB,University,state,Plateau,North Central,Plateau,,,,46,37,42,35,31,0,9,0,7,4,1.458340902210112
2023/2024,Male,disabled,NABTEB,University,state,Adamawa,North East,Adamawa,,,,215,173,198,22,21,0,42,0,176,1,1.458340902210112
2023/2024,Male,disabled,NABTEB,University,state,Bauchi,North East,Bauchi,,,,139,112,124,23,20,0,27,0,101,3,1.458340902210112
2023/2024,Male,disabled,NABTEB,University,state,Borno,North East,Borno,,,,116,94,100,65,58,1,22,0,35,7,1.458340902210112
2023/2024,Male,disabled,NABTEB,University,state,Gombe,North East,Gombe,,,,53,42,47,41,36,0,11,0,6,5,1.458340902210112
2023/2024,Male,disabled,NABTEB,University,state,Taraba,North East,Taraba,,,,13,11,12,40,39,0,2,0,0,1,1.458340902210112
2023/2024,Male,disabled,NABTEB,University,state,Yobe,North East,Yobe,,,,67,54,60,16,15,0,13,0,44,1,1.458340902210112
2023/2024,Male,disabled,NABTEB,University,state,Jigawa,North West,Jigawa,,,,148,119,140,26,24,0,29,0,114,2,1.458340902210112
2023/2024,Male,disabled,NABTEB,University,state,Kaduna,North West,Kaduna,,,,302,244,271,68,65,0,58,0,203,3,1.458340902210112
2023/2024,Male,disabled,NABTEB,University,state,Kano,North West,Kano,,,,444,359,417,94,85,1,85,0,323,9,1.458340902210112
2023/2024,Male,disabled,NABTEB,University,state,Katsina,North West,Katsina,,,,87,70,82,45,40,0,17,0,37,5,1.458340902210112
2023/2024,Male,disabled,NABTEB,University,state,Kebbi,North West,Kebbi,,,,143,115,130,27,24,0,28,0,103,3,1.458340902210112
2023/2024,Male,disabled,NABTEB,University,state,Sokoto,North West,Sokoto,,,,104,84,96,19,17,0,20,0,77,2,1.458340902210112
2023/2024,Male,disabled,NABTEB,University,state,Zamfara,North West,Zamfara,,,,103,83,91,20,19,0,20,0,71,1,1.458340902210112
2023/2024,Male,disabled,NABTEB,University,state,Abia,South East,Abia,,,,0,0,0,128,113,1,0,0,0,15,1.458340902210112
2023/2024,Male,disabled,NABTEB,University,state,Anambra,South East,Anambra,,,,0,0,0,228,211,1,0,0,0,17,1.458340902210112
2023/2024,Male,disabled,NABTEB,University,state,Ebonyi,South East,Ebonyi,,,,53,42,46,79,76,0,11,0,0,3,1.458340902210112
2023/2024,Male,disabled,NABTEB,University,state,Enugu,South East,Enugu,,,,59,47,54,133,122,1,12,0,0,11,1.458340902210112
2023/2024,Male,disabled,NABTEB,University,state,Imo,South East,Imo,,,,143,115,129,258,223,3,28,0,0,35,1.458340902210112
2023/2024,Male,disabled,NABTEB,University,state,Akwa Ibom,South South,Akwa Ibom,,,,102,82,89,174,169,0,20,0,0,5,1.458340902210112
2023/2024,Male,disabled,NABTEB,University,state,Bayelsa,South South,Bayelsa,,,,38,30,31,63,61,0,8,0,0,2,1.458340902210112
2023/2024,Male,disabled,NABTEB,University,state,Cross River,South South,Cross River,,,,0,0,0,100,90,1,0,0,0,10,1.458340902210112
2023/2024,Male,disabled,NABTEB,University,state,Delta,South South,Delta,,,,11,9,10,219,201,1,2,0,0,18,1.458340902210112
2023/2024,Male,disabled,NABTEB,University,state,Edo,South South,Edo,,,,58,46,51,141,124,1,12,0,0,17,1.458340902210112
2023/2024,Male,disabled,NABTEB,University,state,Rivers,South South,Rivers,,,,111,89,98,176,150,2,22,0,0,26,1.458340902210112
2023/2024,Male,disabled,NABTEB,University,state,Ekiti,South West,Ekiti,,,,72,58,65,113,101,1,14,0,0,12,1.458340902210112
2023/2024,Male,disabled,NABTEB,University,state,Lagos,South West,Lagos,,,,330,267,291,104,92,1,63,0,187,12,1.458340902210112
2023/2024,Male,disabled,NABTEB,University,state,Ogun,South West,Ogun,,,,105,84,92,210,191,2,21,0,0,19,1.458340902210112
2023/2024,Male,disabled,NABTEB,University,state,Ondo,South West,Ondo,,,,36,29,33,129,120,1,7,0,0,9,1.458340902210112
2023/2024,Male,disabled,NABTEB,University,state,Osun,South West,Osun,,,,4,3,4,219,199,2,1,0,0,20,1.458340902210112
2023/2024,Male,disabled,NABTEB,University,state,Oyo,South West,Oyo,,,,235,189,209,219,202,1,46,0,0,17,1.458340902210112
2023/2024,Male,disabled,NECO,College of Education,state,Benue,North Central,Benue,,,,128,102,116,9,8,0,26,0,107,1,1.458340902210112
2023/2024,Male,disabled,NECO,College of Education,state,Abuja Federal Capital Territory,North Central,Abuja Federal Capital Territory,,,,90,72,81,5,4,0,18,0,76,1,1.458340902210112
2023/2024,Male,disabled,NECO,College of Education,state,Kogi,North Central,Kogi,,,,47,37,42,21,20,0,10,0,21,1,1.458340902210112
2023/2024,Male,disabled,NECO,College of Education,state,Kwara,North Central,Kwara,,,,154,123,137,35,33,0,31,0,102,2,1.458340902210112
2023/2024,Male,disabled,NECO,College of Education,state,Nasarawa,North Central,Nasarawa,,,,27,22,25,25,24,0,5,0,0,1,1.458340902210112
2023/2024,Male,disabled,NECO,College of Education,state,Niger,North Central,Niger,,,,109,88,100,7,6,0,21,0,93,1,1.458340902210112
2023/2024,Male,disabled,NECO,College of Education,state,Plateau,North Central,Plateau,,,,58,46,55,44,43,0,12,0,11,1,1.458340902210112
2023/2024,Male,disabled,NECO,College of Education,state,Adamawa,North East,Adamawa,,,,290,232,264,8,7,0,58,0,256,1,1.458340902210112
2023/2024,Male,disabled,NECO,College of Education,state,Bauchi,North East,Bauchi,,,,277,222,253,14,12,0,55,0,239,2,1.458340902210112
2023/2024,Male,disabled,NECO,College of Education,state,Borno,North East,Borno,,,,158,127,149,4,3,0,31,0,145,1,1.458340902210112
2023/2024,Male,disabled,NECO,College of Education,state,Gombe,North East,Gombe,,,,145,116,137,35,33,0,29,0,102,2,1.458340902210112
2023/2024,Male,disabled,NECO,College of Education,state,Taraba,North East,Taraba,,,,40,32,37,2,1,0,8,0,35,1,1.458340902210112
2023/2024,Male,disabled,NECO,College of Education,state,Yobe,North East,Yobe,,,,107,86,97,14,13,0,21,0,83,1,1.458340902210112
2023/2024,Male,disabled,NECO,College of Education,state,Jigawa,North West,Jigawa,,,,229,184,213,5,4,0,45,0,208,1,1.458340902210112
2023/2024,Male,disabled,NECO,College of Education,state,Kaduna,North West,Kaduna,,,,440,353,405,74,67,1,87,0,331,7,1.458340902210112
2023/2024,Male,disabled,NECO,College of Education,state,Kano,North West,Kano,,,,716,574,664,43,41,0,142,0,621,2,1.458340902210112
2023/2024,Male,disabled,NECO,College of Education,state,Katsina,North West,Katsina,,,,164,132,152,33,30,0,32,0,119,3,1.458340902210112
2023/2024,Male,disabled,NECO,College of Education,state,Kebbi,North West,Kebbi,,,,140,113,132,1,0,0,27,0,131,1,1.458340902210112
2023/2024,Male,disabled,NECO,College of Education,state,Sokoto,North West,Sokoto,,,,123,99,113,2,1,0,24,0,111,1,1.458340902210112
2023/2024,Male,disabled,NECO,College of Education,state,Zamfara,North West,Zamfara,,,,253,202,233,3,2,0,51,0,230,1,1.458340902210112
2023/2024,Male,disabled,NECO,College of Education,state,Abia,South East,Abia,,,,0,0,0,6,5,0,0,0,0,1,1.458340902210112
2023/2024,Male,disabled,NECO,College of Education,state,Anambra,South East,Anambra,,,,1,1,1,19,17,0,0,0,0,2,1.458340902210112
2023/2024,Male,disabled,NECO,College of Education,state,Ebonyi,South East,Ebonyi,,,,31,25,29,4,3,0,6,0,25,1,1.458340902210112
2023/2024,Male,disabled,NECO,College of Education,state,Enugu,South East,Enugu,,,,125,100,117,20,19,0,25,0,97,1,1.458340902210112
2023/2024,Male,disabled,NECO,College of Education,state,Imo,South East,Imo,,,,257,206,233,20,19,0,51,0,213,1,1.458340902210112
2023/2024,Male,disabled,NECO,College of Education,state,Akwa Ibom,South South,Akwa Ibom,,,,138,110,129,14,13,0,28,0,115,1,1.458340902210112
2023/2024,Male,disabled,NECO,College of Education,state,Bayelsa,South South,Bayelsa,,,,188,151,171,1,0,0,37,0,170,1,1.458340902210112
2023/2024,Male,disabled,NECO,College of Education,state,Cross River,South South,Cross River,,,,0,0,0,6,5,0,0,0,0,1,1.458340902210112
2023/2024,Male,disabled,NECO,College of Education,state,Delta,South South,Delta,,,,17,14,16,14,13,0,3,0,2,1,1.458340902210112
2023/2024,Male,disabled,NECO,College of Education,state,Edo,South South,Edo,,,,98,78,89,6,5,0,20,0,83,1,1.458340902210112
2023/2024,Male,disabled,NECO,College of Education,state,Rivers,South South,Rivers,,,,153,122,143,8,7,0,31,0,135,1,1.458340902210112
2023/2024,Male,disabled,NECO,College of Education,state,Ekiti,South West,Ekiti,,,,163,130,152,13,11,0,33,0,139,2,1.458340902210112
2023/2024,Male,disabled,NECO,College of Education,state,Lagos,South West,Lagos,,,,311,249,300,18,15,0,62,0,282,3,1.458340902210112
2023/2024,Male,disabled,NECO,College of Education,state,Ogun,South West,Ogun,,,,298,238,282,43,40,0,60,0,239,3,1.458340902210112
2023/2024,Male,disabled,NECO,College of Education,state,Ondo,South West,Ondo,,,,62,50,58,28,26,0,12,0,30,2,1.458340902210112
2023/2024,Male,disabled,NECO,College of Education,state,Osun,South West,Osun,,,,5,4,4,50,49,0,1,0,0,1,1.458340902210112
2023/2024,Male,disabled,NECO,College of Education,state,Oyo,South West,Oyo,,,,456,366,433,74,69,0,90,0,359,5,1.458340902210112
2023/2024,Male,disabled,NECO,Polytechnic,state,Benue,North Central,Benue,,,,126,101,119,35,32,0,25,0,84,3,1.458340902210112
2023/2024,Male,disabled,NECO,Polytechnic,state,Abuja Federal Capital Territory,North Central,Abuja Federal Capital Territory,,,,80,64,74,4,3,0,16,0,70,1,1.458340902210112
2023/2024,Male,disabled,NECO,Polytechnic,state,Kogi,North Central,Kogi,,,,43,35,41,66,63,0,8,0,0,3,1.458340902210112
2023/2024,Male,disabled,NECO,Polytechnic,state,Kwara,North Central,Kwara,,,,218,175,208,46,43,0,43,0,162,3,1.458340902210112
2023/2024,Male,disabled,NECO,Polytechnic,state,Nasarawa,North Central,Nasarawa,,,,24,19,23,16,15,0,5,0,7,1,1.458340902210112
2023/2024,Male,disabled,NECO,Polytechnic,state,Niger,North Central,Niger,,,,90,72,85,16,15,0,18,0,69,1,1.458340902210112
2023/2024,Male,disabled,NECO,Polytechnic,state,Plateau,North Central,Plateau,,,,59,48,53,27,26,0,11,0,26,1,1.458340902210112
2023/2024,Male,disabled,NECO,Polytechnic,state,Adamawa,North East,Adamawa,,,,291,233,270,21,19,0,58,0,249,2,1.458340902210112
2023/2024,Male,disabled,NECO,Polytechnic,state,Bauchi,North East,Bauchi,,,,151,121,142,18,16,0,30,0,124,2,1.458340902210112
2023/2024,Male,disabled,NECO,Polytechnic,state,Borno,North East,Borno,,,,185,148,168,12,11,0,37,0,156,1,1.458340902210112
2023/2024,Male,disabled,NECO,Polytechnic,state,Gombe,North East,Gombe,,,,139,111,132,11,10,0,28,0,121,1,1.458340902210112
2023/2024,Male,disabled,NECO,Polytechnic,state,Taraba,North East,Taraba,,,,40,32,37,12,11,0,8,0,25,1,1.458340902210112
2023/2024,Male,disabled,NECO,Polytechnic,state,Yobe,North East,Yobe,,,,127,102,117,9,8,0,25,0,108,1,1.458340902210112
2023/2024,Male,disabled,NECO,Polytechnic,state,Jigawa,North West,Jigawa,,,,217,175,199,10,9,0,42,0,189,1,1.458340902210112
2023/2024,Male,disabled,NECO,Polytechnic,state,Kaduna,North West,Kaduna,,,,168,135,152,66,61,0,33,0,86,5,1.458340902210112
2023/2024,Male,disabled,NECO,Polytechnic,state,Kano,North West,Kano,,,,575,462,523,37,34,0,113,0,486,3,1.458340902210112
2023/2024,Male,disabled,NECO,Polytechnic,state,Katsina,North West,Katsina,,,,139,111,130,28,25,0,28,0,102,3,1.458340902210112
2023/2024,Male,disabled,NECO,Polytechnic,state,Kebbi,North West,Kebbi,,,,183,147,171,5,4,0,36,0,166,1,1.458340902210112
2023/2024,Male,disabled,NECO,Polytechnic,state,Sokoto,North West,Sokoto,,,,92,73,86,1,0,0,19,0,85,1,1.458340902210112
2023/2024,Male,disabled,NECO,Polytechnic,state,Zamfara,North West,Zamfara,,,,200,160,182,2,1,0,40,0,180,1,1.458340902210112
2023/2024,Male,disabled,NECO,Polytechnic,state,Abia,South East,Abia,,,,0,0,0,20,19,0,0,0,0,1,1.458340902210112
2023/2024,Male,disabled,NECO,Polytechnic,state,Anambra,South East,Anambra,,,,0,0,0,33,31,0,0,0,0,2,1.458340902210112
2023/2024,Male,disabled,NECO,Polytechnic,state,Ebonyi,South East,Ebonyi,,,,49,40,48,19,17,0,9,0,29,2,1.458340902210112
2023/2024,Male,disabled,NECO,Polytechnic,state,Enugu,South East,Enugu,,,,171,137,162,38,37,0,34,0,124,1,1.458340902210112
2023/2024,Male,disabled,NECO,Polytechnic,state,Imo,South East,Imo,,,,279,225,268,44,41,0,54,0,224,3,1.458340902210112
2023/2024,Male,disabled,NECO,Polytechnic,state,Akwa Ibom,South South,Akwa Ibom,,,,118,94,109,24,22,0,24,0,85,2,1.458340902210112
2023/2024,Male,disabled,NECO,Polytechnic,state,Bayelsa,South South,Bayelsa,,,,136,109,126,3,2,0,27,0,123,1,1.458340902210112
2023/2024,Male,disabled,NECO,Polytechnic,state,Cross River,South South,Cross River,,,,0,0,0,12,11,0,0,0,0,1,1.458340902210112
2023/2024,Male,disabled,NECO,Polytechnic,state,Delta,South South,Delta,,,,27,21,25,29,27,0,6,0,0,2,1.458340902210112
2023/2024,Male,disabled,NECO,Polytechnic,state,Edo,South South,Edo,,,,61,49,58,39,37,0,12,0,19,2,1.458340902210112
2023/2024,Male,disabled,NECO,Polytechnic,state,Rivers,South South,Rivers,,,,181,145,164,15,14,0,36,0,149,1,1.458340902210112
2023/2024,Male,disabled,NECO,Polytechnic,state,Ekiti,South West,Ekiti,,,,70,56,66,35,31,0,14,0,31,4,1.458340902210112
2023/2024,Male,disabled,NECO,Polytechnic,state,Lagos,South West,Lagos,,,,576,459,531,31,28,0,117,0,500,3,1.458340902210112
2023/2024,Male,disabled,NECO,Polytechnic,state,Ogun,South West,Ogun,,,,222,178,200,93,87,0,44,0,107,6,1.458340902210112
2023/2024,Male,disabled,NECO,Polytechnic,state,Ondo,South West,Ondo,,,,72,58,68,55,52,0,14,0,13,3,1.458340902210112
2023/2024,Male,disabled,NECO,Polytechnic,state,Osun,South West,Osun,,,,8,6,7,87,84,0,2,0,0,3,1.458340902210112
2023/2024,Male,disabled,NECO,Polytechnic,state,Oyo,South West,Oyo,,,,224,180,210,103,94,1,44,0,107,9,1.458340902210112
2023/2024,Male,disabled,NECO,University,state,Benue,North Central,Benue,,,,109,88,103,130,121,1,21,0,0,9,1.458340902210112
2023/2024,Male,disabled,NECO,University,state,Abuja Federal Capital Territory,North Central,Abuja Federal Capital Territory,,,,48,39,44,15,13,0,9,0,29,2,1.458340902210112
2023/2024,Male,disabled,NECO,University,state,Kogi,North Central,Kogi,,,,59,47,54,202,200,0,12,0,0,2,1.458340902210112
2023/2024,Male,disabled,NECO,University,state,Kwara,North Central,Kwara,,,,192,153,178,156,149,1,39,0,22,7,1.458340902210112
2023/2024,Male,disabled,NECO,University,state,Nasarawa,North Central,Nasarawa,,,,24,19,22,75,72,0,5,0,0,3,1.458340902210112
2023/2024,Male,disabled,NECO,University,state,Niger,North Central,Niger,,,,93,75,89,39,37,0,18,0,50,2,1.458340902210112
2023/2024,Male,disabled,NECO,University,state,Plateau,North Central,Plateau,,,,80,64,73,38,36,0,16,0,35,2,1.458340902210112
2023/2024,Male,disabled,NECO,University,state,Adamawa,North East,Adamawa,,,,348,279,314,74,68,0,69,0,240,6,1.458340902210112
2023/2024,Male,disabled,NECO,University,state,Bauchi,North East,Bauchi,,,,241,193,219,44,39,0,48,0,175,5,1.458340902210112
2023/2024,Male,disabled,NECO,University,state,Borno,North East,Borno,,,,178,143,163,75,74,0,35,0,88,1,1.458340902210112
2023/2024,Male,disabled,NECO,University,state,Gombe,North East,Gombe,,,,90,72,79,60,55,0,18,0,19,5,1.458340902210112
2023/2024,Male,disabled,NECO,University,state,Taraba,North East,Taraba,,,,21,17,20,82,77,0,4,0,0,5,1.458340902210112
2023/2024,Male,disabled,NECO,University,state,Yobe,North East,Yobe,,,,101,81,94,32,29,0,20,0,62,3,1.458340902210112
2023/2024,Male,disabled,NECO,University,state,Jigawa,North West,Jigawa,,,,240,192,219,39,36,0,48,0,180,3,1.458340902210112
2023/2024,Male,disabled,NECO,University,state,Kaduna,North West,Kaduna,,,,497,397,463,93,84,1,100,0,370,9,1.458340902210112
2023/2024,Male,disabled,NECO,University,state,Kano,North West,Kano,,,,759,606,686,109,105,0,153,0,577,4,1.458340902210112
2023/2024,Male,disabled,NECO,University,state,Katsina,North West,Katsina,,,,140,112,128,76,67,1,28,0,52,9,1.458340902210112
2023/2024,Male,disabled,NECO,University,state,Kebbi,North West,Kebbi,,,,242,194,220,31,28,0,48,0,189,3,1.458340902210112
2023/2024,Male,disabled,NECO,University,state,Sokoto,North West,Sokoto,,,,169,135,154,31,30,0,34,0,123,1,1.458340902210112
2023/2024,Male,disabled,NECO,University,state,Zamfara,North West,Zamfara,,,,166,133,151,20,19,0,33,0,131,1,1.458340902210112
2023/2024,Male,disabled,NECO,University,state,Abia,South East,Abia,,,,0,0,0,163,156,1,0,0,0,7,1.458340902210112
2023/2024,Male,disabled,NECO,University,state,Anambra,South East,Anambra,,,,1,0,1,250,236,1,1,0,0,14,1.458340902210112
2023/2024,Male,disabled,NECO,University,state,Ebonyi,South East,Ebonyi,,,,86,69,78,102,91,1,17,0,0,11,1.458340902210112
2023/2024,Male,disabled,NECO,University,state,Enugu,South East,Enugu,,,,103,83,94,200,191,1,20,0,0,9,1.458340902210112
2023/2024,Male,disabled,NECO,University,state,Imo,South East,Imo,,,,268,215,250,295,283,1,53,0,0,12,1.458340902210112
2023/2024,Male,disabled,NECO,University,state,Akwa Ibom,South South,Akwa Ibom,,,,177,142,164,163,148,1,35,0,1,15,1.458340902210112
2023/2024,Male,disabled,NECO,University,state,Bayelsa,South South,Bayelsa,,,,68,55,65,68,61,1,13,0,0,7,1.458340902210112
2023/2024,Male,disabled,NECO,University,state,Cross River,South South,Cross River,,,,0,0,0,108,96,1,0,0,0,12,1.458340902210112
2023/2024,Male,disabled,NECO,University,state,Delta,South South,Delta,,,,19,15,18,263,246,1,4,0,0,17,1.458340902210112
2023/2024,Male,disabled,NECO,University,state,Edo,South South,Edo,,,,99,79,91,140,129,1,20,0,0,11,1.458340902210112
2023/2024,Male,disabled,NECO,University,state,Rivers,South South,Rivers,,,,178,142,169,214,199,1,36,0,0,15,1.458340902210112
2023/2024,Male,disabled,NECO,University,state,Ekiti,South West,Ekiti,,,,115,92,105,117,105,1,23,0,0,12,1.458340902210112
2023/2024,Male,disabled,NECO,University,state,Lagos,South West,Lagos,,,,518,415,482,97,86,1,103,0,385,11,1.458340902210112
2023/2024,Male,disabled,NECO,University,state,Ogun,South West,Ogun,,,,160,128,145,218,208,1,32,0,0,10,1.458340902210112
2023/2024,Male,disabled,NECO,University,state,Ondo,South West,Ondo,,,,60,48,55,131,124,1,12,0,0,7,1.458340902210112
2023/2024,Male,disabled,NECO,University,state,Osun,South West,Osun,,,,7,5,6,230,215,1,2,0,0,15,1.458340902210112
2023/2024,Male,disabled,NECO,University,state,Oyo,South West,Oyo,,,,419,336,398,250,236,1,83,0,148,14,1.458340902210112
2023/2024,Male,disabled,WAEC,College of Education,state,Benue,North Central,Benue,,,,171,136,157,12,11,0,35,0,145,1,1.458340902210112
2023/2024,Male,disabled,WAEC,College of Education,state,Abuja Federal Capital Territory,North Central,Abuja Federal Capital Territory,,,,116,92,108,6,5,0,24,0,102,1,1.458340902210112
2023/2024,Male,disabled,WAEC,College of Education,state,Kogi,North Central,Kogi,,,,64,51,59,22,19,0,13,0,37,3,1.458340902210112
2023/2024,Male,disabled,WAEC,College of Education,state,Kwara,North Central,Kwara,,,,201,160,187,48,42,0,41,0,139,6,1.458340902210112
2023/2024,Male,disabled,WAEC,College of Education,state,Nasarawa,North Central,Nasarawa,,,,37,29,34,31,27,0,8,0,3,4,1.458340902210112
2023/2024,Male,disabled,WAEC,College of Education,state,Niger,North Central,Niger,,,,155,122,143,9,8,0,33,0,134,1,1.458340902210112
2023/2024,Male,disabled,WAEC,College of Education,state,Plateau,North Central,Plateau,,,,79,63,73,54,50,0,16,0,19,4,1.458340902210112
2023/2024,Male,disabled,WAEC,College of Education,state,Adamawa,North East,Adamawa,,,,392,312,355,9,8,0,80,0,346,1,1.458340902210112
2023/2024,Male,disabled,WAEC,College of Education,state,Bauchi,North East,Bauchi,,,,368,294,336,14,13,0,74,0,322,1,1.458340902210112
2023/2024,Male,disabled,WAEC,College of Education,state,Borno,North East,Borno,,,,220,175,200,4,3,0,45,0,196,1,1.458340902210112
2023/2024,Male,disabled,WAEC,College of Education,state,Gombe,North East,Gombe,,,,202,161,186,37,35,0,41,0,149,2,1.458340902210112
2023/2024,Male,disabled,WAEC,College of Education,state,Taraba,North East,Taraba,,,,54,43,49,3,2,0,11,0,46,1,1.458340902210112
2023/2024,Male,disabled,WAEC,College of Education,state,Yobe,North East,Yobe,,,,147,117,137,18,17,0,30,0,119,1,1.458340902210112
2023/2024,Male,disabled,WAEC,College of Education,state,Jigawa,North West,Jigawa,,,,320,255,296,7,6,0,65,0,289,1,1.458340902210112
2023/2024,Male,disabled,WAEC,College of Education,state,Kaduna,North West,Kaduna,,,,577,460,525,89,82,1,117,0,436,7,1.458340902210112
2023/2024,Male,disabled,WAEC,College of Education,state,Kano,North West,Kano,,,,949,757,871,49,45,0,192,0,822,4,1.458340902210112
2023/2024,Male,disabled,WAEC,College of Education,state,Katsina,North West,Katsina,,,,231,184,211,36,35,0,47,0,175,1,1.458340902210112
2023/2024,Male,disabled,WAEC,College of Education,state,Kebbi,North West,Kebbi,,,,187,149,172,1,0,0,38,0,171,1,1.458340902210112
2023/2024,Male,disabled,WAEC,College of Education,state,Sokoto,North West,Sokoto,,,,172,137,158,3,2,0,35,0,155,1,1.458340902210112
2023/2024,Male,disabled,WAEC,College of Education,state,Zamfara,North West,Zamfara,,,,341,271,311,3,2,0,70,0,308,1,1.458340902210112
2023/2024,Male,disabled,WAEC,College of Education,state,Abia,South East,Abia,,,,0,0,0,7,6,0,0,0,0,1,1.458340902210112
2023/2024,Male,disabled,WAEC,College of Education,state,Anambra,South East,Anambra,,,,1,1,1,23,21,0,0,0,0,2,1.458340902210112
2023/2024,Male,disabled,WAEC,College of Education,state,Ebonyi,South East,Ebonyi,,,,41,33,38,4,3,0,8,0,34,1,1.458340902210112
2023/2024,Male,disabled,WAEC,College of Education,state,Enugu,South East,Enugu,,,,160,128,147,22,19,0,32,0,125,3,1.458340902210112
2023/2024,Male,disabled,WAEC,College of Education,state,Imo,South East,Imo,,,,342,273,314,23,22,0,69,0,291,1,1.458340902210112
2023/2024,Male,disabled,WAEC,College of Education,state,Akwa Ibom,South South,Akwa Ibom,,,,180,144,168,16,14,0,36,0,152,2,1.458340902210112
2023/2024,Male,disabled,WAEC,College of Education,state,Bayelsa,South South,Bayelsa,,,,240,192,224,1,0,0,48,0,223,1,1.458340902210112
2023/2024,Male,disabled,WAEC,College of Education,state,Cross River,South South,Cross River,,,,0,0,0,8,7,0,0,0,0,1,1.458340902210112
2023/2024,Male,disabled,WAEC,College of Education,state,Delta,South South,Delta,,,,23,19,21,15,13,0,4,0,6,2,1.458340902210112
2023/2024,Male,disabled,WAEC,College of Education,state,Edo,South South,Edo,,,,122,97,113,7,6,0,25,0,106,1,1.458340902210112
2023/2024,Male,disabled,WAEC,College of Education,state,Rivers,South South,Rivers,,,,213,170,201,7,6,0,43,0,194,1,1.458340902210112
2023/2024,Male,disabled,WAEC,College of Education,state,Ekiti,South West,Ekiti,,,,222,177,208,14,13,0,45,0,194,1,1.458340902210112
2023/2024,Male,disabled,WAEC,College of Education,state,Lagos,South West,Lagos,,,,434,345,400,20,19,0,89,0,380,1,1.458340902210112
2023/2024,Male,disabled,WAEC,College of Education,state,Ogun,South West,Ogun,,,,405,322,374,51,48,0,83,0,323,3,1.458340902210112
2023/2024,Male,disabled,WAEC,College of Education,state,Ondo,South West,Ondo,,,,87,69,80,31,27,0,18,0,49,4,1.458340902210112
2023/2024,Male,disabled,WAEC,College of Education,state,Osun,South West,Osun,,,,6,5,6,53,44,1,1,0,0,9,1.458340902210112
2023/2024,Male,disabled,WAEC,College of Education,state,Oyo,South West,Oyo,,,,631,504,583,87,79,1,127,0,496,8,1.458340902210112
2023/2024,Male,disabled,WAEC,Polytechnic,state,Benue,North Central,Benue,,,,172,137,159,39,37,0,35,0,120,2,1.458340902210112
2023/2024,Male,disabled,WAEC,Polytechnic,state,Abuja Federal Capital Territory,North Central,Abuja Federal Capital Territory,,,,104,82,96,5,4,0,22,0,91,1,1.458340902210112
2023/2024,Male,disabled,WAEC,Polytechnic,state,Kogi,North Central,Kogi,,,,60,47,55,65,59,0,13,0,0,6,1.458340902210112
2023/2024,Male,disabled,WAEC,Polytechnic,state,Kwara,North Central,Kwara,,,,292,233,272,54,48,0,59,0,218,6,1.458340902210112
2023/2024,Male,disabled,WAEC,Polytechnic,state,Nasarawa,North Central,Nasarawa,,,,32,25,30,18,16,0,7,0,12,2,1.458340902210112
2023/2024,Male,disabled,WAEC,Polytechnic,state,Niger,North Central,Niger,,,,120,96,111,18,17,0,24,0,93,1,1.458340902210112
2023/2024,Male,disabled,WAEC,Polytechnic,state,Plateau,North Central,Plateau,,,,84,66,77,34,32,0,18,0,43,2,1.458340902210112
2023/2024,Male,disabled,WAEC,Polytechnic,state,Adamawa,North East,Adamawa,,,,398,317,371,23,21,0,81,0,348,2,1.458340902210112
2023/2024,Male,disabled,WAEC,Polytechnic,state,Bauchi,North East,Bauchi,,,,200,160,188,20,19,0,40,0,168,1,1.458340902210112
2023/2024,Male,disabled,WAEC,Polytechnic,state,Borno,North East,Borno,,,,233,185,219,20,18,0,48,0,199,2,1.458340902210112
2023/2024,Male,disabled,WAEC,Polytechnic,state,Gombe,North East,Gombe,,,,189,151,172,10,9,0,38,0,162,1,1.458340902210112
2023/2024,Male,disabled,WAEC,Polytechnic,state,Taraba,North East,Taraba,,,,51,41,48,14,12,0,10,0,34,2,1.458340902210112
2023/2024,Male,disabled,WAEC,Polytechnic,state,Yobe,North East,Yobe,,,,177,141,164,12,11,0,36,0,152,1,1.458340902210112
2023/2024,Male,disabled,WAEC,Polytechnic,state,Jigawa,North West,Jigawa,,,,293,233,270,18,16,0,60,0,252,2,1.458340902210112
2023/2024,Male,disabled,WAEC,Polytechnic,state,Kaduna,North West,Kaduna,,,,228,181,208,71,66,0,47,0,137,5,1.458340902210112
2023/2024,Male,disabled,WAEC,Polytechnic,state,Kano,North West,Kano,,,,797,632,732,45,41,0,165,0,687,4,1.458340902210112
2023/2024,Male,disabled,WAEC,Polytechnic,state,Katsina,North West,Katsina,,,,193,153,178,31,30,0,40,0,147,1,1.458340902210112
2023/2024,Male,disabled,WAEC,Polytechnic,state,Kebbi,North West,Kebbi,,,,248,197,226,6,5,0,51,0,220,1,1.458340902210112
2023/2024,Male,disabled,WAEC,Polytechnic,state,Sokoto,North West,Sokoto,,,,131,104,121,2,1,0,27,0,119,1,1.458340902210112
2023/2024,Male,disabled,WAEC,Polytechnic,state,Zamfara,North West,Zamfara,,,,271,215,250,2,1,0,56,0,248,1,1.458340902210112
2023/2024,Male,disabled,WAEC,Polytechnic,state,Abia,South East,Abia,,,,0,0,0,25,23,0,0,0,0,2,1.458340902210112
2023/2024,Male,disabled,WAEC,Polytechnic,state,Anambra,South East,Anambra,,,,1,1,1,42,38,0,0,0,0,4,1.458340902210112
2023/2024,Male,disabled,WAEC,Polytechnic,state,Ebonyi,South East,Ebonyi,,,,66,53,62,24,22,0,13,0,38,2,1.458340902210112
2023/2024,Male,disabled,WAEC,Polytechnic,state,Enugu,South East,Enugu,,,,243,193,221,46,40,0,50,0,175,6,1.458340902210112
2023/2024,Male,disabled,WAEC,Polytechnic,state,Imo,South East,Imo,,,,378,301,354,43,41,0,77,0,311,2,1.458340902210112
2023/2024,Male,disabled,WAEC,Polytechnic,state,Akwa Ibom,South South,Akwa Ibom,,,,165,132,149,25,23,0,33,0,124,2,1.458340902210112
2023/2024,Male,disabled,WAEC,Polytechnic,state,Bayelsa,South South,Bayelsa,,,,184,147,171,4,3,0,37,0,167,1,1.458340902210112
2023/2024,Male,disabled,WAEC,Polytechnic,state,Cross River,South South,Cross River,,,,0,0,0,14,13,0,0,0,0,1,1.458340902210112
2023/2024,Male,disabled,WAEC,Polytechnic,state,Delta,South South,Delta,,,,38,30,35,39,35,0,8,0,0,4,1.458340902210112
2023/2024,Male,disabled,WAEC,Polytechnic,state,Edo,South South,Edo,,,,81,65,78,51,45,0,16,0,27,6,1.458340902210112
2023/2024,Male,disabled,WAEC,Polytechnic,state,Rivers,South South,Rivers,,,,252,200,229,16,15,0,52,0,213,1,1.458340902210112
2023/2024,Male,disabled,WAEC,Polytechnic,state,Ekiti,South West,Ekiti,,,,95,76,87,33,31,0,19,0,54,2,1.458340902210112
2023/2024,Male,disabled,WAEC,Polytechnic,state,Lagos,South West,Lagos,,,,756,602,691,33,32,0,154,0,658,1,1.458340902210112
2023/2024,Male,disabled,WAEC,Polytechnic,state,Ogun,South West,Ogun,,,,307,244,285,107,101,0,63,0,178,6,1.458340902210112
2023/2024,Male,disabled,WAEC,Polytechnic,state,Ondo,South West,Ondo,,,,101,80,93,64,56,1,21,0,29,8,1.458340902210112
2023/2024,Male,disabled,WAEC,Polytechnic,state,Osun,South West,Osun,,,,11,8,10,101,91,1,3,0,0,10,1.458340902210112
2023/2024,Male,disabled,WAEC,Polytechnic,state,Oyo,South West,Oyo,,,,304,242,272,105,98,1,62,0,167,7,1.458340902210112
2023/2024,Male,disabled,WAEC,University,state,Benue,North Central,Benue,,,,152,121,141,171,160,1,31,0,0,11,1.458340902210112
2023/2024,Male,disabled,WAEC,University,state,Abuja Federal Capital Territory,North Central,Abuja Federal Capital Territory,,,,66,53,62,18,17,0,13,0,44,1,1.458340902210112
2023/2024,Male,disabled,WAEC,University,state,Kogi,North Central,Kogi,,,,80,63,72,237,220,1,17,0,0,17,1.458340902210112
2023/2024,Male,disabled,WAEC,University,state,Kwara,North Central,Kwara,,,,254,202,235,182,163,2,52,0,53,19,1.458340902210112
2023/2024,Male,disabled,WAEC,University,state,Nasarawa,North Central,Nasarawa,,,,32,26,30,81,72,1,6,0,0,9,1.458340902210112
2023/2024,Male,disabled,WAEC,University,state,Niger,North Central,Niger,,,,122,97,113,53,51,0,25,0,60,2,1.458340902210112
2023/2024,Male,disabled,WAEC,University,state,Plateau,North Central,Plateau,,,,104,83,98,44,40,0,21,0,54,4,1.458340902210112
2023/2024,Male,disabled,WAEC,University,state,Adamawa,North East,Adamawa,,,,456,364,420,90,81,1,92,0,330,9,1.458340902210112
2023/2024,Male,disabled,WAEC,University,state,Bauchi,North East,Bauchi,,,,312,249,293,64,60,0,63,0,229,4,1.458340902210112
2023/2024,Male,disabled,WAEC,University,state,Borno,North East,Borno,,,,233,187,219,99,85,1,46,0,120,14,1.458340902210112
2023/2024,Male,disabled,WAEC,University,state,Gombe,North East,Gombe,,,,128,102,115,63,61,0,26,0,52,2,1.458340902210112
2023/2024,Male,disabled,WAEC,University,state,Taraba,North East,Taraba,,,,28,22,25,125,110,1,6,0,0,15,1.458340902210112
2023/2024,Male,disabled,WAEC,University,state,Yobe,North East,Yobe,,,,135,108,128,44,40,0,27,0,84,4,1.458340902210112
2023/2024,Male,disabled,WAEC,University,state,Jigawa,North West,Jigawa,,,,315,250,290,51,47,0,65,0,239,4,1.458340902210112
2023/2024,Male,disabled,WAEC,University,state,Kaduna,North West,Kaduna,,,,634,505,590,116,106,1,129,0,474,10,1.458340902210112
2023/2024,Male,disabled,WAEC,University,state,Kano,North West,Kano,,,,1014,807,945,141,129,1,207,0,804,12,1.458340902210112
2023/2024,Male,disabled,WAEC,University,state,Katsina,North West,Katsina,,,,186,148,174,84,82,0,38,0,90,2,1.458340902210112
2023/2024,Male,disabled,WAEC,University,state,Kebbi,North West,Kebbi,,,,334,265,307,40,38,0,69,0,267,2,1.458340902210112
2023/2024,Male,disabled,WAEC,University,state,Sokoto,North West,Sokoto,,,,231,184,213,40,36,0,47,0,173,4,1.458340902210112
2023/2024,Male,disabled,WAEC,University,state,Zamfara,North West,Zamfara,,,,224,179,209,24,21,0,45,0,185,3,1.458340902210112
2023/2024,Male,disabled,WAEC,University,state,Abia,South East,Abia,,,,0,0,0,202,188,1,0,0,0,14,1.458340902210112
2023/2024,Male,disabled,WAEC,University,state,Anambra,South East,Anambra,,,,1,1,1,280,259,2,0,0,0,21,1.458340902210112
2023/2024,Male,disabled,WAEC,University,state,Ebonyi,South East,Ebonyi,,,,118,94,109,111,103,1,24,0,0,8,1.458340902210112
2023/2024,Male,disabled,WAEC,University,state,Enugu,South East,Enugu,,,,141,112,131,232,210,2,29,0,0,22,1.458340902210112
2023/2024,Male,disabled,WAEC,University,state,Imo,South East,Imo,,,,356,283,325,362,324,3,73,0,0,38,1.458340902210112
2023/2024,Male,disabled,WAEC,University,state,Akwa Ibom,South South,Akwa Ibom,,,,239,190,225,219,199,2,49,0,6,20,1.458340902210112
2023/2024,Male,disabled,WAEC,University,state,Bayelsa,South South,Bayelsa,,,,89,71,82,81,74,1,18,0,1,7,1.458340902210112
2023/2024,Male,disabled,WAEC,University,state,Cross River,South South,Cross River,,,,0,0,0,142,137,0,0,0,0,5,1.458340902210112
2023/2024,Male,disabled,WAEC,University,state,Delta,South South,Delta,,,,25,20,23,323,294,2,5,0,0,29,1.458340902210112
2023/2024,Male,disabled,WAEC,University,state,Edo,South South,Edo,,,,135,107,125,196,181,1,28,0,0,15,1.458340902210112
2023/2024,Male,disabled,WAEC,University,state,Rivers,South South,Rivers,,,,229,182,215,210,195,1,47,0,5,15,1.458340902210112
2023/2024,Male,disabled,WAEC,University,state,Ekiti,South West,Ekiti,,,,154,123,139,111,102,1,31,0,28,9,1.458340902210112
2023/2024,Male,disabled,WAEC,University,state,Lagos,South West,Lagos,,,,689,549,631,102,101,0,140,0,529,1,1.458340902210112
2023/2024,Male,disabled,WAEC,University,state,Ogun,South West,Ogun,,,,220,175,207,252,225,2,45,0,0,27,1.458340902210112
2023/2024,Male,disabled,WAEC,University,state,Ondo,South West,Ondo,,,,84,66,76,159,141,1,18,0,0,18,1.458340902210112
2023/2024,Male,disabled,WAEC,University,state,Osun,South West,Osun,,,,9,7,8,224,203,2,2,0,0,21,1.458340902210112
2023/2024,Male,disabled,WAEC,University,state,Oyo,South West,Oyo,,,,563,447,518,283,260,2,116,0,235,23,1.458340902210112
2024/2025,Female,all,NABTEB,College of Education,state,Benue,North Central,Benue,,,,1554,1243,870,416,383,2.473172,311,373,454,33,1.7895456492372577
2024/2025,Female,all,NABTEB,College of Education,state,Abuja Federal Capital Territory,North Central,Abuja Federal Capital Territory,,,,2028,1623,1136,543,500,3.228037,405,487,593,43,1.7895456492372577
2024/2025,Female,all,NABTEB,College of Education,state,Kogi,North Central,Kogi,,,,1158,926,648,310,285,1.84263,232,278,338,25,1.7895456492372577
2024/2025,Female,all,NABTEB,College of Education,state,Kwara,North Central,Kwara,,,,1763,1410,987,472,434,2.805155,353,423,515,38,1.7895456492372577
2024/2025,Female,all,NABTEB,College of Education,state,Nasarawa,North Central,Nasarawa,,,,1147,917,642,307,282,1.824828,230,275,335,25,1.7895456492372577
2024/2025,Female,all,NABTEB,College of Education,state,Niger,North Central,Niger,,,,1687,1349,945,452,416,2.684343,338,404,493,36,1.7895456492372577
2024/2025,Female,all,NABTEB,College of Education,state,Plateau,North Central,Plateau,,,,1296,1037,726,347,319,2.062936,259,311,379,28,1.7895456492372577
2024/2025,Female,all,NABTEB,College of Education,state,Adamawa,North East,Adamawa,,,,3064,2451,1716,820,755,4.875869,613,735,896,65,1.7895456492372577
2024/2025,Female,all,NABTEB,College of Education,state,Borno,North East,Borno,,,,1992,1593,1115,533,491,3.170198,399,478,582,42,1.7895456492372577
2024/2025,Female,all,NABTEB,College of Education,state,Gombe,North East,Gombe,,,,1795,1436,1005,481,442,2.856799,359,431,524,39,1.7895456492372577
2024/2025,Female,all,NABTEB,College of Education,state,Taraba,North East,Taraba,,,,1239,991,694,332,305,1.971328,248,297,362,27,1.7895456492372577
2024/2025,Female,all,NABTEB,College of Education,state,Yobe,North East,Yobe,,,,1723,1378,965,461,424,2.741855,345,413,504,37,1.7895456492372577
2024/2025,Female,all,NABTEB,College of Education,state,Kaduna,North West,Kaduna,,,,3962,3169,2219,1061,976,6.305546,793,950,1158,85,1.7895456492372577
2024/2025,Female,all,NABTEB,College of Education,state,Kano,North West,Kano,,,,6745,5396,3777,1806,1662,10.735952,1349,1619,1971,144,1.7895456492372577
2024/2025,Female,all,NABTEB,College of Education,state,Katsina,North West,Katsina,,,,1893,1514,1060,507,466,3.012188,379,454,553,41,1.7895456492372577
2024/2025,Female,all,NABTEB,College of Education,state,Kebbi,North West,Kebbi,,,,1402,1122,785,375,345,2.231186,280,337,410,30,1.7895456492372577
2024/2025,Female,all,NABTEB,College of Education,state,Sokoto,North West,Sokoto,,,,1585,1268,888,425,391,2.522969,317,380,463,34,1.7895456492372577
2024/2025,Female,all,NABTEB,College of Education,state,Zamfara,North West,Zamfara,,,,1832,1466,1026,491,451,2.915934,366,440,535,40,1.7895456492372577
2024/2025,Female,all,NABTEB,College of Education,state,Abia,South East,Abia,,,,1101,881,617,295,271,1.752924,220,264,322,24,1.7895456492372577
2024/2025,Female,all,NABTEB,College of Education,state,Anambra,South East,Anambra,,,,0,0,0,0,0,0,0,0,0,0,1.7895456492372577
2024/2025,Female,all,NABTEB,College of Education,state,Ebonyi,South East,Ebonyi,,,,849,679,475,227,209,1.350783,170,204,248,18,1.7895456492372577
2024/2025,Female,all,NABTEB,College of Education,state,Imo,South East,Imo,,,,2833,2266,1586,759,698,4.508885,567,680,827,61,1.7895456492372577
2024/2025,Female,all,NABTEB,College of Education,state,Akwa Ibom,South South,Akwa Ibom,,,,2022,1617,1132,541,498,3.217839,405,485,591,43,1.7895456492372577
2024/2025,Female,all,NABTEB,College of Education,state,Bayelsa,South South,Bayelsa,,,,2602,2081,1457,697,641,4.140894,521,624,760,56,1.7895456492372577
2024/2025,Female,all,NABTEB,College of Education,state,Cross River,South South,Cross River,,,,935,748,524,251,230,1.488714,187,224,273,21,1.7895456492372577
2024/2025,Female,all,NABTEB,College of Education,state,Delta,South South,Delta,,,,936,749,524,251,231,1.489654,187,225,273,20,1.7895456492372577
2024/2025,Female,all,NABTEB,College of Education,state,Edo,South South,Edo,,,,1900,1520,1064,509,468,3.024495,380,456,555,41,1.7895456492372577
2024/2025,Female,all,NABTEB,College of Education,state,Rivers,South South,Rivers,,,,2026,1621,1134,543,499,3.224192,405,487,591,44,1.7895456492372577
2024/2025,Female,all,NABTEB,College of Education,state,Ekiti,South West,Ekiti,,,,3156,2525,1767,845,777,5.022648,631,758,922,68,1.7895456492372577
2024/2025,Female,all,NABTEB,College of Education,state,Lagos,South West,Lagos,,,,2932,2346,1642,785,722,4.666606,586,704,857,63,1.7895456492372577
2024/2025,Female,all,NABTEB,College of Education,state,Ogun,South West,Ogun,,,,4112,3290,2303,1101,1013,6.544995,822,987,1202,88,1.7895456492372577
2024/2025,Female,all,NABTEB,College of Education,state,Ondo,South West,Ondo,,,,1273,1018,713,341,314,2.026114,255,305,372,27,1.7895456492372577
2024/2025,Female,all,NABTEB,College of Education,state,Osun,South West,Osun,,,,820,656,459,220,202,1.305553,164,197,239,18,1.7895456492372577
2024/2025,Female,all,NABTEB,College of Education,state,Oyo,South West,Oyo,,,,4871,3897,2728,1305,1200,7.753204,974,1169,1423,105,1.7895456492372577
2024/2025,Female,all,NABTEB,Polytechnic,state,Benue,North Central,Benue,,,,1612,1290,903,432,397,2.56596,322,387,471,35,1.7895456492372577
2024/2025,Female,all,NABTEB,Polytechnic,state,Abuja Federal Capital Territory,North Central,Abuja Federal Capital Territory,,,,1623,1298,909,435,400,2.58243,325,389,474,35,1.7895456492372577
2024/2025,Female,all,NABTEB,Polytechnic,state,Kogi,North Central,Kogi,,,,1047,838,586,280,258,1.666582,209,252,306,22,1.7895456492372577
2024/2025,Female,all,NABTEB,Polytechnic,state,Kwara,North Central,Kwara,,,,2593,2074,1452,694,639,4.126896,519,622,758,55,1.7895456492372577
2024/2025,Female,all,NABTEB,Polytechnic,state,Nasarawa,North Central,Nasarawa,,,,1003,803,562,269,247,1.596724,200,241,293,22,1.7895456492372577
2024/2025,Female,all,NABTEB,Polytechnic,state,Niger,North Central,Niger,,,,1308,1047,733,350,322,2.082543,261,314,383,28,1.7895456492372577
2024/2025,Female,all,NABTEB,Polytechnic,state,Plateau,North Central,Plateau,,,,1296,1037,726,347,319,2.062936,259,311,379,28,1.7895456492372577
2024/2025,Female,all,NABTEB,Polytechnic,state,Adamawa,North East,Adamawa,,,,3006,2404,1683,805,740,4.783603,602,721,878,65,1.7895456492372577
2024/2025,Female,all,NABTEB,Polytechnic,state,Borno,North East,Borno,,,,2240,1792,1254,600,552,3.565391,448,538,654,48,1.7895456492372577
2024/2025,Female,all,NABTEB,Polytechnic,state,Gombe,North East,Gombe,,,,1552,1241,869,416,382,2.469497,311,372,453,34,1.7895456492372577
2024/2025,Female,all,NABTEB,Polytechnic,state,Taraba,North East,Taraba,,,,1133,906,634,303,279,1.802838,227,272,331,24,1.7895456492372577
2024/2025,Female,all,NABTEB,Polytechnic,state,Yobe,North East,Yobe,,,,2040,1632,1143,546,503,3.247298,408,489,597,43,1.7895456492372577
2024/2025,Female,all,NABTEB,Polytechnic,state,Kaduna,North West,Kaduna,,,,1591,1273,891,426,392,2.532743,318,382,465,34,1.7895456492372577
2024/2025,Female,all,NABTEB,Polytechnic,state,Kano,North West,Kano,,,,5483,4386,3070,1468,1351,8.726089,1097,1316,1602,117,1.7895456492372577
2024/2025,Female,all,NABTEB,Polytechnic,state,Katsina,North West,Katsina,,,,1805,1444,1011,483,445,2.872234,361,433,528,38,1.7895456492372577
2024/2025,Female,all,NABTEB,Polytechnic,state,Kebbi,North West,Kebbi,,,,1610,1288,902,431,397,2.562609,322,386,471,34,1.7895456492372577
2024/2025,Female,all,NABTEB,Polytechnic,state,Sokoto,North West,Sokoto,,,,1153,922,646,309,284,1.834887,231,276,337,25,1.7895456492372577
2024/2025,Female,all,NABTEB,Polytechnic,state,Zamfara,North West,Zamfara,,,,1318,1054,738,353,325,2.097794,264,316,385,28,1.7895456492372577
2024/2025,Female,all,NABTEB,Polytechnic,state,Abia,South East,Abia,,,,551,441,308,147,136,0.876462,110,133,161,11,1.7895456492372577
2024/2025,Female,all,NABTEB,Polytechnic,state,Anambra,South East,Anambra,,,,0,0,0,0,0,0,0,0,0,0,1.7895456492372577
2024/2025,Female,all,NABTEB,Polytechnic,state,Ebonyi,South East,Ebonyi,,,,1231,985,689,330,303,1.958884,246,296,359,27,1.7895456492372577
2024/2025,Female,all,NABTEB,Polytechnic,state,Imo,South East,Imo,,,,3171,2537,1776,849,781,5.047074,634,761,927,68,1.7895456492372577
2024/2025,Female,all,NABTEB,Polytechnic,state,Akwa Ibom,South South,Akwa Ibom,,,,1893,1515,1060,507,466,3.013484,378,455,553,41,1.7895456492372577
2024/2025,Female,all,NABTEB,Polytechnic,state,Bayelsa,South South,Bayelsa,,,,1926,1541,1078,516,474,3.064861,385,463,562,42,1.7895456492372577
2024/2025,Female,all,NABTEB,Polytechnic,state,Cross River,South South,Cross River,,,,935,748,524,251,230,1.488714,187,224,273,21,1.7895456492372577
2024/2025,Female,all,NABTEB,Polytechnic,state,Delta,South South,Delta,,,,1306,1045,731,350,322,2.078845,261,314,381,28,1.7895456492372577
2024/2025,Female,all,NABTEB,Polytechnic,state,Edo,South South,Edo,,,,1184,947,663,317,292,1.883918,237,284,346,25,1.7895456492372577
2024/2025,Female,all,NABTEB,Polytechnic,state,Rivers,South South,Rivers,,,,2390,1912,1338,640,589,3.804083,478,574,698,51,1.7895456492372577
2024/2025,Female,all,NABTEB,Polytechnic,state,Ekiti,South West,Ekiti,,,,1448,1158,811,388,357,2.303996,290,347,423,31,1.7895456492372577
2024/2025,Female,all,NABTEB,Polytechnic,state,Lagos,South West,Lagos,,,,6010,4808,3365,1609,1481,9.565054,1202,1443,1756,128,1.7895456492372577
2024/2025,Female,all,NABTEB,Polytechnic,state,Ogun,South West,Ogun,,,,2907,2326,1628,779,716,4.627066,581,698,849,63,1.7895456492372577
2024/2025,Female,all,NABTEB,Polytechnic,state,Ondo,South West,Ondo,,,,1540,1232,862,412,379,2.450634,308,370,450,33,1.7895456492372577
2024/2025,Female,all,NABTEB,Polytechnic,state,Osun,South West,Osun,,,,1113,891,623,298,274,1.771822,222,268,325,24,1.7895456492372577
2024/2025,Female,all,NABTEB,Polytechnic,state,Oyo,South West,Oyo,,,,2145,1716,1201,574,528,3.413859,429,515,627,46,1.7895456492372577
2024/2025,Female,all,NABTEB,University,state,Benue,North Central,Benue,,,,1422,1137,796,381,350,2.262613,285,341,415,31,1.7895456492372577
2024/2025,Female,all,NABTEB,University,state,Abuja Federal Capital Territory,North Central,Abuja Federal Capital Territory,,,,1217,974,681,326,300,1.936822,243,293,355,26,1.7895456492372577
2024/2025,Female,all,NABTEB,University,state,Kogi,North Central,Kogi,,,,1423,1139,797,381,351,2.265144,284,342,416,30,1.7895456492372577
2024/2025,Female,all,NABTEB,University,state,Kwara,North Central,Kwara,,,,2217,1774,1241,594,546,3.528426,443,533,647,48,1.7895456492372577
2024/2025,Female,all,NABTEB,University,state,Nasarawa,North Central,Nasarawa,,,,1047,837,586,280,258,1.666147,210,251,306,22,1.7895456492372577
2024/2025,Female,all,NABTEB,University,state,Niger,North Central,Niger,,,,1321,1057,740,354,325,2.102339,264,317,386,29,1.7895456492372577
2024/2025,Female,all,NABTEB,University,state,Plateau,North Central,Plateau,,,,1695,1356,949,454,417,2.696958,339,407,495,37,1.7895456492372577
2024/2025,Female,all,NABTEB,University,state,Adamawa,North East,Adamawa,,,,3642,2913,2039,975,897,5.796156,729,874,1064,78,1.7895456492372577
2024/2025,Female,all,NABTEB,University,state,Borno,North East,Borno,,,,2376,1901,1331,636,585,3.781738,475,570,695,51,1.7895456492372577
2024/2025,Female,all,NABTEB,University,state,Gombe,North East,Gombe,,,,1051,841,589,282,259,1.673573,210,252,307,23,1.7895456492372577
2024/2025,Female,all,NABTEB,University,state,Taraba,North East,Taraba,,,,630,504,353,169,155,1.002513,126,151,184,14,1.7895456492372577
2024/2025,Female,all,NABTEB,University,state,Yobe,North East,Yobe,,,,1586,1269,888,425,391,2.523753,317,381,463,34,1.7895456492372577
2024/2025,Female,all,NABTEB,University,state,Kaduna,North West,Kaduna,,,,4659,3727,2609,1248,1148,7.415193,932,1118,1361,100,1.7895456492372577
2024/2025,Female,all,NABTEB,University,state,Kano,North West,Kano,,,,6962,5569,3899,1864,1715,11.080271,1393,1670,2035,149,1.7895456492372577
2024/2025,Female,all,NABTEB,University,state,Katsina,North West,Katsina,,,,1633,1306,914,437,402,2.598688,327,392,477,35,1.7895456492372577
2024/2025,Female,all,NABTEB,University,state,Kebbi,North West,Kebbi,,,,2233,1786,1250,598,550,3.553919,447,536,652,48,1.7895456492372577
2024/2025,Female,all,NABTEB,University,state,Sokoto,North West,Sokoto,,,,2091,1673,1171,560,515,3.327444,418,502,611,45,1.7895456492372577
2024/2025,Female,all,NABTEB,University,state,Zamfara,North West,Zamfara,,,,1152,922,645,309,284,1.834071,230,277,336,25,1.7895456492372577
2024/2025,Female,all,NABTEB,University,state,Abia,South East,Abia,,,,551,441,308,147,136,0.876462,110,133,161,11,1.7895456492372577
2024/2025,Female,all,NABTEB,University,state,Anambra,South East,Anambra,,,,0,0,0,0,0,0,0,0,0,0,1.7895456492372577
2024/2025,Female,all,NABTEB,University,state,Ebonyi,South East,Ebonyi,,,,2393,1914,1340,641,589,3.808111,479,574,699,52,1.7895456492372577
2024/2025,Female,all,NABTEB,University,state,Imo,South East,Imo,,,,2704,2163,1514,724,666,4.303034,541,649,790,58,1.7895456492372577
2024/2025,Female,all,NABTEB,University,state,Akwa Ibom,South South,Akwa Ibom,,,,2447,1958,1370,655,603,3.894958,489,588,715,52,1.7895456492372577
2024/2025,Female,all,NABTEB,University,state,Bayelsa,South South,Bayelsa,,,,902,722,505,242,222,1.435821,180,217,263,20,1.7895456492372577
2024/2025,Female,all,NABTEB,University,state,Cross River,South South,Cross River,,,,935,748,524,251,230,1.488714,187,224,273,21,1.7895456492372577
2024/2025,Female,all,NABTEB,University,state,Delta,South South,Delta,,,,929,743,520,249,229,1.478537,186,223,271,20,1.7895456492372577
2024/2025,Female,all,NABTEB,University,state,Edo,South South,Edo,,,,1994,1595,1117,534,491,3.173949,399,478,583,43,1.7895456492372577
2024/2025,Female,all,NABTEB,University,state,Rivers,South South,Rivers,,,,2100,1680,1176,563,518,3.34307,420,504,613,45,1.7895456492372577
2024/2025,Female,all,NABTEB,University,state,Ekiti,South West,Ekiti,,,,2456,1965,1376,658,605,3.909622,491,589,718,53,1.7895456492372577
2024/2025,Female,all,NABTEB,University,state,Lagos,South West,Lagos,,,,5453,4362,3053,1460,1343,8.678101,1091,1309,1593,117,1.7895456492372577
2024/2025,Female,all,NABTEB,University,state,Ogun,South West,Ogun,,,,2303,1842,1290,617,567,3.665598,461,552,673,50,1.7895456492372577
2024/2025,Female,all,NABTEB,University,state,Ondo,South West,Ondo,,,,1261,1009,706,338,311,2.006818,252,303,368,27,1.7895456492372577
2024/2025,Female,all,NABTEB,University,state,Osun,South West,Osun,,,,1094,875,612,293,269,1.740737,219,263,319,24,1.7895456492372577
2024/2025,Female,all,NABTEB,University,state,Oyo,South West,Oyo,,,,4045,3236,2265,1083,997,6.437564,809,971,1182,86,1.7895456492372577
2024/2025,Female,all,NECO,College of Education,state,Benue,North Central,Benue,,,,2756,2205,1543,738,679,4.386044,551,662,805,59,1.7895456492372577
2024/2025,Female,all,NECO,College of Education,state,Abuja Federal Capital Territory,North Central,Abuja Federal Capital Territory,,,,3667,2933,2053,982,903,5.835951,734,880,1071,79,1.7895456492372577
2024/2025,Female,all,NECO,College of Education,state,Kogi,North Central,Kogi,,,,2105,1684,1179,564,519,3.350769,421,505,615,45,1.7895456492372577
2024/2025,Female,all,NECO,College of Education,state,Kwara,North Central,Kwara,,,,3306,2645,1851,885,814,5.261438,661,794,966,71,1.7895456492372577
2024/2025,Female,all,NECO,College of Education,state,Nasarawa,North Central,Nasarawa,,,,2137,1710,1197,572,527,3.401717,427,513,625,45,1.7895456492372577
2024/2025,Female,all,NECO,College of Education,state,Niger,North Central,Niger,,,,3085,2468,1727,826,760,4.909417,617,741,901,66,1.7895456492372577
2024/2025,Female,all,NECO,College of Education,state,Plateau,North Central,Plateau,,,,2322,1857,1300,622,572,3.695305,465,557,678,50,1.7895456492372577
2024/2025,Female,all,NECO,College of Education,state,Adamawa,North East,Adamawa,,,,5665,4532,3172,1517,1396,9.015981,1133,1360,1655,121,1.7895456492372577
2024/2025,Female,all,NECO,College of Education,state,Borno,North East,Borno,,,,3826,3061,2143,1025,943,6.089435,765,918,1118,82,1.7895456492372577
2024/2025,Female,all,NECO,College of Education,state,Gombe,North East,Gombe,,,,3347,2677,1874,896,824,5.326296,670,803,978,72,1.7895456492372577
2024/2025,Female,all,NECO,College of Education,state,Taraba,North East,Taraba,,,,2228,1783,1248,597,549,3.546705,445,535,651,48,1.7895456492372577
2024/2025,Female,all,NECO,College of Education,state,Yobe,North East,Yobe,,,,3169,2535,1775,849,781,5.044044,634,760,926,68,1.7895456492372577
2024/2025,Female,all,NECO,College of Education,state,Kaduna,North West,Kaduna,,,,7310,5848,4094,1958,1801,11.634143,1462,1754,2136,157,1.7895456492372577
2024/2025,Female,all,NECO,College of Education,state,Kano,North West,Kano,,,,11880,9504,6653,3181,2927,18.907527,2376,2851,3472,254,1.7895456492372577
2024/2025,Female,all,NECO,College of Education,state,Katsina,North West,Katsina,,,,3481,2785,1950,932,858,5.540898,696,835,1018,74,1.7895456492372577
2024/2025,Female,all,NECO,College of Education,state,Kebbi,North West,Kebbi,,,,2510,2008,1406,672,618,3.994829,502,602,734,54,1.7895456492372577
2024/2025,Female,all,NECO,College of Education,state,Sokoto,North West,Sokoto,,,,2882,2306,1614,772,710,4.587217,576,692,842,62,1.7895456492372577
2024/2025,Female,all,NECO,College of Education,state,Zamfara,North West,Zamfara,,,,3333,2666,1866,893,821,5.304422,667,800,973,72,1.7895456492372577
2024/2025,Female,all,NECO,College of Education,state,Abia,South East,Abia,,,,1652,1322,925,442,407,2.629386,330,397,483,35,1.7895456492372577
2024/2025,Female,all,NECO,College of Education,state,Anambra,South East,Anambra,,,,426,341,238,114,105,0.677651,85,103,124,9,1.7895456492372577
2024/2025,Female,all,NECO,College of Education,state,Ebonyi,South East,Ebonyi,,,,1563,1250,875,419,385,2.487234,313,375,456,34,1.7895456492372577
2024/2025,Female,all,NECO,College of Education,state,Imo,South East,Imo,,,,5225,4180,2926,1399,1287,8.315892,1045,1254,1527,112,1.7895456492372577
2024/2025,Female,all,NECO,College of Education,state,Akwa Ibom,South South,Akwa Ibom,,,,3618,2894,2026,969,891,5.75856,724,868,1057,78,1.7895456492372577
2024/2025,Female,all,NECO,College of Education,state,Bayelsa,South South,Bayelsa,,,,4774,3820,2674,1279,1176,7.598857,954,1146,1395,103,1.7895456492372577
2024/2025,Female,all,NECO,College of Education,state,Cross River,South South,Cross River,,,,1871,1497,1048,501,461,2.977428,374,449,547,40,1.7895456492372577
2024/2025,Female,all,NECO,College of Education,state,Delta,South South,Delta,,,,1732,1386,970,464,427,2.756971,346,416,506,37,1.7895456492372577
2024/2025,Female,all,NECO,College of Education,state,Edo,South South,Edo,,,,3477,2782,1947,931,857,5.533763,695,835,1016,74,1.7895456492372577
2024/2025,Female,all,NECO,College of Education,state,Rivers,South South,Rivers,,,,3583,2867,2007,960,883,5.703225,716,860,1047,77,1.7895456492372577
2024/2025,Female,all,NECO,College of Education,state,Ekiti,South West,Ekiti,,,,5845,4676,3273,1565,1440,9.303278,1169,1403,1708,125,1.7895456492372577
2024/2025,Female,all,NECO,College of Education,state,Lagos,South West,Lagos,,,,5307,4245,2972,1421,1307,8.446259,1062,1273,1551,114,1.7895456492372577
2024/2025,Female,all,NECO,College of Education,state,Ogun,South West,Ogun,,,,7677,6142,4299,2056,1891,12.218659,1535,1843,2243,165,1.7895456492372577
2024/2025,Female,all,NECO,College of Education,state,Ondo,South West,Ondo,,,,2310,1848,1293,619,569,3.67595,462,555,674,50,1.7895456492372577
2024/2025,Female,all,NECO,College of Education,state,Osun,South West,Osun,,,,1465,1172,820,392,361,2.331345,293,352,428,31,1.7895456492372577
2024/2025,Female,all,NECO,College of Education,state,Oyo,South West,Oyo,,,,8977,7182,5027,2404,2212,14.288306,1795,2155,2623,192,1.7895456492372577
2024/2025,Female,all,NECO,Polytechnic,state,Benue,North Central,Benue,,,,2946,2357,1650,789,726,4.689391,589,707,861,63,1.7895456492372577
2024/2025,Female,all,NECO,Polytechnic,state,Abuja Federal Capital Territory,North Central,Abuja Federal Capital Territory,,,,3141,2513,1759,841,774,4.99921,628,754,918,67,1.7895456492372577
2024/2025,Female,all,NECO,Polytechnic,state,Kogi,North Central,Kogi,,,,1973,1578,1105,528,486,3.139512,395,473,577,42,1.7895456492372577
2024/2025,Female,all,NECO,Polytechnic,state,Kwara,North Central,Kwara,,,,4673,3738,2617,1251,1151,7.436923,935,1121,1366,100,1.7895456492372577
2024/2025,Female,all,NECO,Polytechnic,state,Nasarawa,North Central,Nasarawa,,,,1801,1441,1008,482,444,2.86617,360,433,526,38,1.7895456492372577
2024/2025,Female,all,NECO,Polytechnic,state,Niger,North Central,Niger,,,,2418,1934,1354,648,596,3.84835,484,580,706,52,1.7895456492372577
2024/2025,Female,all,NECO,Polytechnic,state,Plateau,North Central,Plateau,,,,2295,1836,1285,615,565,3.652722,459,551,670,50,1.7895456492372577
2024/2025,Female,all,NECO,Polytechnic,state,Adamawa,North East,Adamawa,,,,5434,4348,3043,1455,1339,8.649285,1086,1305,1588,116,1.7895456492372577
2024/2025,Female,all,NECO,Polytechnic,state,Bauchi,North East,Bauchi,,,,34660,27728,19409,9282,8539,55.163326,6932,8319,10127,743,1.7895456492372577
2024/2025,Female,all,NECO,Polytechnic,state,Borno,North East,Borno,,,,4053,3242,2269,1085,998,6.450012,811,973,1184,87,1.7895456492372577
2024/2025,Female,all,NECO,Polytechnic,state,Gombe,North East,Gombe,,,,2927,2341,1639,784,721,4.658288,586,702,855,63,1.7895456492372577
2024/2025,Female,all,NECO,Polytechnic,state,Taraba,North East,Taraba,,,,2133,1706,1195,571,526,3.395064,427,511,624,45,1.7895456492372577
2024/2025,Female,all,NECO,Polytechnic,state,Yobe,North East,Yobe,,,,3702,2962,2073,991,912,5.892219,740,889,1082,79,1.7895456492372577
2024/2025,Female,all,NECO,Polytechnic,state,Jigawa,North West,Jigawa,,,,36815,29452,20616,9859,9070,58.594305,7363,8836,10757,789,1.7895456492372577
2024/2025,Female,all,NECO,Polytechnic,state,Kaduna,North West,Kaduna,,,,2958,2367,1657,792,729,4.708568,591,710,865,63,1.7895456492372577
2024/2025,Female,all,NECO,Polytechnic,state,Kano,North West,Kano,,,,10355,8284,5799,2773,2551,16.481278,2071,2485,3026,222,1.7895456492372577
2024/2025,Female,all,NECO,Polytechnic,state,Katsina,North West,Katsina,,,,3224,2579,1805,863,794,5.130579,645,774,942,69,1.7895456492372577
2024/2025,Female,all,NECO,Polytechnic,state,Kebbi,North West,Kebbi,,,,3010,2408,1686,806,742,4.790836,602,722,880,64,1.7895456492372577
2024/2025,Female,all,NECO,Polytechnic,state,Sokoto,North West,Sokoto,,,,2119,1695,1186,567,522,3.371947,424,509,619,45,1.7895456492372577
2024/2025,Female,all,NECO,Polytechnic,state,Zamfara,North West,Zamfara,,,,2514,2011,1408,673,619,4.000793,503,603,735,54,1.7895456492372577
2024/2025,Female,all,NECO,Polytechnic,state,Abia,South East,Abia,,,,1101,881,617,295,271,1.752924,220,264,322,24,1.7895456492372577
2024/2025,Female,all,NECO,Polytechnic,state,Anambra,South East,Anambra,,,,0,0,0,0,0,0,0,0,0,0,1.7895456492372577
2024/2025,Female,all,NECO,Polytechnic,state,Ebonyi,South East,Ebonyi,,,,2258,1806,1264,605,556,3.59378,452,542,659,49,1.7895456492372577
2024/2025,Female,all,NECO,Polytechnic,state,Enugu,South East,Enugu,,,,35262,28209,19747,9443,8687,56.121737,7053,8462,10304,756,1.7895456492372577
2024/2025,Female,all,NECO,Polytechnic,state,Imo,South East,Imo,,,,5770,4616,3231,1545,1422,9.183939,1154,1385,1686,123,1.7895456492372577
2024/2025,Female,all,NECO,Polytechnic,state,Akwa Ibom,South South,Akwa Ibom,,,,3511,2809,1966,940,865,5.587755,702,843,1026,75,1.7895456492372577
2024/2025,Female,all,NECO,Polytechnic,state,Bayelsa,South South,Bayelsa,,,,3464,2771,1940,928,853,5.513419,693,831,1012,75,1.7895456492372577
2024/2025,Female,all,NECO,Polytechnic,state,Cross River,South South,Cross River,,,,1871,1497,1048,501,461,2.977428,374,449,547,40,1.7895456492372577
2024/2025,Female,all,NECO,Polytechnic,state,Delta,South South,Delta,,,,2445,1956,1369,655,602,3.890887,489,587,714,53,1.7895456492372577
2024/2025,Female,all,NECO,Polytechnic,state,Edo,South South,Edo,,,,2167,1734,1214,580,534,3.449261,433,520,634,46,1.7895456492372577
2024/2025,Female,all,NECO,Polytechnic,state,Rivers,South South,Rivers,,,,4398,3518,2463,1178,1083,6.99928,880,1055,1285,95,1.7895456492372577
2024/2025,Female,all,NECO,Polytechnic,state,Ekiti,South West,Ekiti,,,,2715,2172,1520,727,669,4.321161,543,652,793,58,1.7895456492372577
2024/2025,Female,all,NECO,Polytechnic,state,Lagos,South West,Lagos,,,,11140,8912,6239,2983,2745,17.730551,2228,2673,3256,238,1.7895456492372577
2024/2025,Female,all,NECO,Polytechnic,state,Ogun,South West,Ogun,,,,5320,4256,2979,1425,1311,8.467931,1064,1277,1554,114,1.7895456492372577
2024/2025,Female,all,NECO,Polytechnic,state,Ondo,South West,Ondo,,,,2843,2274,1592,761,700,4.524989,569,682,831,61,1.7895456492372577
2024/2025,Female,all,NECO,Polytechnic,state,Osun,South West,Osun,,,,2031,1625,1137,544,500,3.232798,406,488,593,44,1.7895456492372577
2024/2025,Female,all,NECO,Polytechnic,state,Oyo,South West,Oyo,,,,3800,3040,2128,1018,936,6.047408,760,912,1110,82,1.7895456492372577
2024/2025,Female,all,NECO,University,state,Benue,North Central,Benue,,,,2711,2169,1518,726,668,4.314668,542,651,792,58,1.7895456492372577
2024/2025,Female,all,NECO,University,state,Abuja Federal Capital Territory,North Central,Abuja Federal Capital Territory,,,,2314,1851,1296,620,570,3.682511,463,555,676,50,1.7895456492372577
2024/2025,Female,all,NECO,University,state,Kogi,North Central,Kogi,,,,2658,2127,1489,712,655,4.231006,531,638,777,57,1.7895456492372577
2024/2025,Female,all,NECO,University,state,Kwara,North Central,Kwara,,,,4060,3248,2273,1087,1000,6.461217,812,975,1186,87,1.7895456492372577
2024/2025,Female,all,NECO,University,state,Nasarawa,North Central,Nasarawa,,,,1944,1555,1089,521,479,3.094273,389,466,568,42,1.7895456492372577
2024/2025,Female,all,NECO,University,state,Niger,North Central,Niger,,,,2468,1974,1382,661,608,3.927534,494,592,721,53,1.7895456492372577
2024/2025,Female,all,NECO,University,state,Plateau,North Central,Plateau,,,,3154,2523,1766,845,777,5.020126,631,757,921,68,1.7895456492372577
2024/2025,Female,all,NECO,University,state,Adamawa,North East,Adamawa,,,,6705,5364,3755,1796,1652,10.672025,1341,1609,1959,144,1.7895456492372577
2024/2025,Female,all,NECO,University,state,Borno,North East,Borno,,,,4232,3386,2370,1133,1043,6.73559,846,1016,1237,90,1.7895456492372577
2024/2025,Female,all,NECO,University,state,Gombe,North East,Gombe,,,,1875,1500,1050,502,462,2.984716,375,450,548,40,1.7895456492372577
2024/2025,Female,all,NECO,University,state,Taraba,North East,Taraba,,,,1175,940,658,315,290,1.870234,235,282,343,25,1.7895456492372577
2024/2025,Female,all,NECO,University,state,Yobe,North East,Yobe,,,,2910,2328,1630,779,717,4.632073,582,698,851,62,1.7895456492372577
2024/2025,Female,all,NECO,University,state,Kaduna,North West,Kaduna,,,,8648,6918,4843,2316,2131,13.76421,1730,2075,2527,185,1.7895456492372577
2024/2025,Female,all,NECO,University,state,Kano,North West,Kano,,,,12922,10338,7237,3461,3184,20.567066,2584,3101,3776,277,1.7895456492372577
2024/2025,Female,all,NECO,University,state,Katsina,North West,Katsina,,,,2966,2373,1661,794,731,4.72026,593,712,867,63,1.7895456492372577
2024/2025,Female,all,NECO,University,state,Kebbi,North West,Kebbi,,,,4206,3364,2355,1126,1036,6.693558,842,1009,1229,90,1.7895456492372577
2024/2025,Female,all,NECO,University,state,Sokoto,North West,Sokoto,,,,3863,3090,2163,1035,952,6.14824,773,927,1128,83,1.7895456492372577
2024/2025,Female,all,NECO,University,state,Zamfara,North West,Zamfara,,,,2111,1689,1182,565,520,3.359468,422,507,617,45,1.7895456492372577
2024/2025,Female,all,NECO,University,state,Abia,South East,Abia,,,,1101,881,617,295,271,1.752924,220,264,322,24,1.7895456492372577
2024/2025,Female,all,NECO,University,state,Anambra,South East,Anambra,,,,426,341,238,114,105,0.677651,85,103,124,9,1.7895456492372577
2024/2025,Female,all,NECO,University,state,Ebonyi,South East,Ebonyi,,,,4334,3467,2427,1161,1068,6.898462,867,1040,1266,93,1.7895456492372577
2024/2025,Female,all,NECO,University,state,Imo,South East,Imo,,,,4965,3972,2780,1330,1223,7.901709,993,1192,1450,107,1.7895456492372577
2024/2025,Female,all,NECO,University,state,Akwa Ibom,South South,Akwa Ibom,,,,4532,3626,2538,1214,1117,7.21345,906,1088,1324,97,1.7895456492372577
2024/2025,Female,all,NECO,University,state,Bayelsa,South South,Bayelsa,,,,1660,1328,930,445,409,2.641777,332,398,485,36,1.7895456492372577
2024/2025,Female,all,NECO,University,state,Cross River,South South,Cross River,,,,1871,1497,1048,501,461,2.977428,374,449,547,40,1.7895456492372577
2024/2025,Female,all,NECO,University,state,Delta,South South,Delta,,,,1676,1341,939,449,413,2.668037,335,402,490,36,1.7895456492372577
2024/2025,Female,all,NECO,University,state,Edo,South South,Edo,,,,3615,2892,2025,968,891,5.754012,723,867,1057,77,1.7895456492372577
2024/2025,Female,all,NECO,University,state,Rivers,South South,Rivers,,,,3855,3084,2159,1032,950,6.135243,771,925,1127,82,1.7895456492372577
2024/2025,Female,all,NECO,University,state,Ekiti,South West,Ekiti,,,,4372,3498,2448,1171,1077,6.958753,874,1050,1277,94,1.7895456492372577
2024/2025,Female,all,NECO,University,state,Lagos,South West,Lagos,,,,9820,7856,5499,2630,2419,15.629089,1964,2357,2869,211,1.7895456492372577
2024/2025,Female,all,NECO,University,state,Ogun,South West,Ogun,,,,4167,3334,2334,1116,1027,6.632628,833,1000,1218,89,1.7895456492372577
2024/2025,Female,all,NECO,University,state,Ondo,South West,Ondo,,,,2337,1870,1309,626,576,3.719367,467,561,683,50,1.7895456492372577
2024/2025,Female,all,NECO,University,state,Osun,South West,Osun,,,,1992,1594,1116,534,491,3.170629,398,478,582,43,1.7895456492372577
2024/2025,Female,all,NECO,University,state,Oyo,South West,Oyo,,,,7384,5907,4135,1977,1819,11.752296,1477,1772,2158,158,1.7895456492372577
2024/2025,Female,all,WAEC,College of Education,state,Benue,North Central,Benue,,,,3796,3037,2126,1017,935,6.041962,759,911,1109,82,1.7895456492372577
2024/2025,Female,all,WAEC,College of Education,state,Abuja Federal Capital Territory,North Central,Abuja Federal Capital Territory,,,,5020,4016,2811,1344,1237,7.989392,1004,1205,1467,107,1.7895456492372577
2024/2025,Female,all,WAEC,College of Education,state,Kogi,North Central,Kogi,,,,2791,2233,1563,747,688,4.442263,558,670,816,59,1.7895456492372577
2024/2025,Female,all,WAEC,College of Education,state,Kwara,North Central,Kwara,,,,4416,3533,2473,1183,1088,7.028488,883,1060,1290,95,1.7895456492372577
2024/2025,Female,all,WAEC,College of Education,state,Nasarawa,North Central,Nasarawa,,,,2960,2368,1658,793,729,4.710832,592,710,865,64,1.7895456492372577
2024/2025,Female,all,WAEC,College of Education,state,Niger,North Central,Niger,,,,4256,3405,2383,1140,1049,6.774204,851,1022,1243,91,1.7895456492372577
2024/2025,Female,all,WAEC,College of Education,state,Plateau,North Central,Plateau,,,,3208,2566,1796,859,790,5.105293,642,770,937,69,1.7895456492372577
2024/2025,Female,all,WAEC,College of Education,state,Adamawa,North East,Adamawa,,,,7658,6126,4289,2051,1887,12.188489,1532,1837,2238,164,1.7895456492372577
2024/2025,Female,all,WAEC,College of Education,state,Borno,North East,Borno,,,,4957,3966,2776,1327,1221,7.889438,991,1190,1449,106,1.7895456492372577
2024/2025,Female,all,WAEC,College of Education,state,Gombe,North East,Gombe,,,,4479,3583,2508,1199,1103,7.127785,896,1075,1309,96,1.7895456492372577
2024/2025,Female,all,WAEC,College of Education,state,Taraba,North East,Taraba,,,,3054,2443,1710,818,752,4.860923,611,733,892,66,1.7895456492372577
2024/2025,Female,all,WAEC,College of Education,state,Yobe,North East,Yobe,,,,4276,3421,2395,1145,1054,6.80617,855,1026,1250,91,1.7895456492372577
2024/2025,Female,all,WAEC,College of Education,state,Kaduna,North West,Kaduna,,,,9877,7902,5531,2645,2433,15.720393,1975,2371,2886,212,1.7895456492372577
2024/2025,Female,all,WAEC,College of Education,state,Kano,North West,Kano,,,,16839,13471,9430,4510,4149,26.800844,3368,4041,4920,361,1.7895456492372577
2024/2025,Female,all,WAEC,College of Education,state,Katsina,North West,Katsina,,,,4714,3772,2640,1263,1161,7.503433,942,1132,1377,102,1.7895456492372577
2024/2025,Female,all,WAEC,College of Education,state,Kebbi,North West,Kebbi,,,,3460,2768,1938,927,852,5.506946,692,830,1011,75,1.7895456492372577
2024/2025,Female,all,WAEC,College of Education,state,Sokoto,North West,Sokoto,,,,3878,3102,2172,1039,955,6.172203,776,930,1133,84,1.7895456492372577
2024/2025,Female,all,WAEC,College of Education,state,Zamfara,North West,Zamfara,,,,4568,3654,2558,1223,1125,7.270355,914,1096,1335,98,1.7895456492372577
2024/2025,Female,all,WAEC,College of Education,state,Abia,South East,Abia,,,,2203,1762,1234,590,543,3.505849,441,528,644,47,1.7895456492372577
2024/2025,Female,all,WAEC,College of Education,state,Anambra,South East,Anambra,,,,426,341,238,114,105,0.677651,85,103,124,9,1.7895456492372577
2024/2025,Female,all,WAEC,College of Education,state,Ebonyi,South East,Ebonyi,,,,2126,1701,1191,569,524,3.384433,425,510,622,45,1.7895456492372577
2024/2025,Female,all,WAEC,College of Education,state,Imo,South East,Imo,,,,7096,5677,3974,1900,1748,11.294534,1419,1703,2074,152,1.7895456492372577
2024/2025,Female,all,WAEC,College of Education,state,Akwa Ibom,South South,Akwa Ibom,,,,4981,3985,2789,1334,1227,7.92717,996,1196,1455,107,1.7895456492372577
2024/2025,Female,all,WAEC,College of Education,state,Bayelsa,South South,Bayelsa,,,,6537,5229,3661,1751,1610,10.403871,1308,1568,1910,141,1.7895456492372577
2024/2025,Female,all,WAEC,College of Education,state,Cross River,South South,Cross River,,,,2806,2245,1571,751,691,4.466142,561,674,820,60,1.7895456492372577
2024/2025,Female,all,WAEC,College of Education,state,Delta,South South,Delta,,,,2270,1816,1271,608,559,3.612966,454,545,663,49,1.7895456492372577
2024/2025,Female,all,WAEC,College of Education,state,Edo,South South,Edo,,,,4755,3804,2663,1273,1171,7.567136,951,1141,1390,102,1.7895456492372577
2024/2025,Female,all,WAEC,College of Education,state,Rivers,South South,Rivers,,,,4977,3982,2787,1333,1226,7.921306,995,1195,1454,107,1.7895456492372577
2024/2025,Female,all,WAEC,College of Education,state,Ekiti,South West,Ekiti,,,,8045,6436,4505,2155,1982,12.804479,1609,1931,2350,173,1.7895456492372577
2024/2025,Female,all,WAEC,College of Education,state,Lagos,South West,Lagos,,,,7301,5841,4088,1955,1799,11.619722,1460,1753,2133,156,1.7895456492372577
2024/2025,Female,all,WAEC,College of Education,state,Ogun,South West,Ogun,,,,10256,8204,5743,2746,2527,16.322425,2052,2461,2997,219,1.7895456492372577
2024/2025,Female,all,WAEC,College of Education,state,Ondo,South West,Ondo,,,,3134,2507,1755,839,772,4.988101,627,752,916,67,1.7895456492372577
2024/2025,Female,all,WAEC,College of Education,state,Osun,South West,Osun,,,,1992,1594,1116,534,491,3.170629,398,478,582,43,1.7895456492372577
2024/2025,Female,all,WAEC,College of Education,state,Oyo,South West,Oyo,,,,11979,9583,6708,3208,2951,19.065441,2396,2875,3500,257,1.7895456492372577
2024/2025,Female,all,WAEC,Polytechnic,state,Benue,North Central,Benue,,,,3971,3177,2224,1063,978,6.320328,794,953,1161,85,1.7895456492372577
2024/2025,Female,all,WAEC,Polytechnic,state,Abuja Federal Capital Territory,North Central,Abuja Federal Capital Territory,,,,4118,3294,2306,1103,1014,6.553765,824,988,1203,89,1.7895456492372577
2024/2025,Female,all,WAEC,Polytechnic,state,Kogi,North Central,Kogi,,,,2669,2136,1495,715,658,4.248611,533,641,780,57,1.7895456492372577
2024/2025,Female,all,WAEC,Polytechnic,state,Kwara,North Central,Kwara,,,,6514,5211,3648,1744,1605,10.366877,1303,1563,1904,139,1.7895456492372577
2024/2025,Female,all,WAEC,Polytechnic,state,Nasarawa,North Central,Nasarawa,,,,2443,1954,1368,654,602,3.887676,489,586,714,52,1.7895456492372577
2024/2025,Female,all,WAEC,Polytechnic,state,Niger,North Central,Niger,,,,3212,2569,1798,860,791,5.111337,643,771,938,69,1.7895456492372577
2024/2025,Female,all,WAEC,Polytechnic,state,Plateau,North Central,Plateau,,,,3065,2452,1716,821,755,4.878181,613,736,895,66,1.7895456492372577
2024/2025,Female,all,WAEC,Polytechnic,state,Adamawa,North East,Adamawa,,,,7428,5942,4160,1989,1830,11.821793,1486,1782,2171,159,1.7895456492372577
2024/2025,Female,all,WAEC,Polytechnic,state,Borno,North East,Borno,,,,5796,4637,3246,1552,1428,9.225018,1159,1391,1694,124,1.7895456492372577
2024/2025,Female,all,WAEC,Polytechnic,state,Gombe,North East,Gombe,,,,4043,3234,2264,1083,996,6.434905,809,970,1181,87,1.7895456492372577
2024/2025,Female,all,WAEC,Polytechnic,state,Taraba,North East,Taraba,,,,2858,2287,1601,765,704,4.549218,571,686,836,61,1.7895456492372577
2024/2025,Female,all,WAEC,Polytechnic,state,Yobe,North East,Yobe,,,,5070,4056,2839,1358,1249,8.069778,1014,1217,1481,109,1.7895456492372577
2024/2025,Female,all,WAEC,Polytechnic,state,Kaduna,North West,Kaduna,,,,4212,3370,2359,1128,1038,6.703646,842,1011,1231,90,1.7895456492372577
2024/2025,Female,all,WAEC,Polytechnic,state,Kano,North West,Kano,,,,13403,10722,7506,3589,3302,21.331774,2681,3216,3917,287,1.7895456492372577
2024/2025,Female,all,WAEC,Polytechnic,state,Katsina,North West,Katsina,,,,4385,3508,2455,1174,1080,6.978606,877,1053,1281,94,1.7895456492372577
2024/2025,Female,all,WAEC,Polytechnic,state,Kebbi,North West,Kebbi,,,,4049,3240,2268,1084,998,6.444991,809,972,1184,86,1.7895456492372577
2024/2025,Female,all,WAEC,Polytechnic,state,Sokoto,North West,Sokoto,,,,2867,2294,1606,768,706,4.563254,573,688,838,62,1.7895456492372577
2024/2025,Female,all,WAEC,Polytechnic,state,Zamfara,North West,Zamfara,,,,3333,2666,1866,893,821,5.304422,667,800,973,72,1.7895456492372577
2024/2025,Female,all,WAEC,Polytechnic,state,Abia,South East,Abia,,,,1652,1322,925,442,407,2.629386,330,397,483,35,1.7895456492372577
2024/2025,Female,all,WAEC,Polytechnic,state,Anambra,South East,Anambra,,,,426,341,239,114,105,0.677651,85,102,125,9,1.7895456492372577
2024/2025,Female,all,WAEC,Polytechnic,state,Ebonyi,South East,Ebonyi,,,,3007,2405,1684,805,741,4.78506,602,721,879,64,1.7895456492372577
2024/2025,Female,all,WAEC,Polytechnic,state,Imo,South East,Imo,,,,7486,5989,4192,2005,1844,11.914568,1497,1797,2187,161,1.7895456492372577
2024/2025,Female,all,WAEC,Polytechnic,state,Akwa Ibom,South South,Akwa Ibom,,,,4724,3779,2645,1265,1164,7.518459,945,1134,1380,101,1.7895456492372577
2024/2025,Female,all,WAEC,Polytechnic,state,Bayelsa,South South,Bayelsa,,,,4856,3885,2719,1300,1196,7.72878,971,1166,1419,104,1.7895456492372577
2024/2025,Female,all,WAEC,Polytechnic,state,Cross River,South South,Cross River,,,,2806,2245,1571,751,691,4.466142,561,674,820,60,1.7895456492372577
2024/2025,Female,all,WAEC,Polytechnic,state,Delta,South South,Delta,,,,3374,2699,1889,903,831,5.369424,675,810,986,72,1.7895456492372577
2024/2025,Female,all,WAEC,Polytechnic,state,Edo,South South,Edo,,,,2960,2368,1658,793,729,4.711761,592,710,865,64,1.7895456492372577
2024/2025,Female,all,WAEC,Polytechnic,state,Rivers,South South,Rivers,,,,5864,4691,3284,1570,1445,9.33334,1173,1407,1714,125,1.7895456492372577
2024/2025,Female,all,WAEC,Polytechnic,state,Ekiti,South West,Ekiti,,,,3544,2835,1984,949,873,5.639957,709,851,1035,76,1.7895456492372577
2024/2025,Female,all,WAEC,Polytechnic,state,Lagos,South West,Lagos,,,,15039,12031,8422,4027,3705,23.934968,3008,3609,4395,322,1.7895456492372577
2024/2025,Female,all,WAEC,Polytechnic,state,Ogun,South West,Ogun,,,,7348,5879,4115,1968,1810,11.695359,1469,1764,2147,158,1.7895456492372577
2024/2025,Female,all,WAEC,Polytechnic,state,Ondo,South West,Ondo,,,,3810,3048,2134,1020,939,6.063871,762,914,1114,81,1.7895456492372577
2024/2025,Female,all,WAEC,Polytechnic,state,Osun,South West,Osun,,,,2812,2250,1575,753,693,4.476182,562,675,822,60,1.7895456492372577
2024/2025,Female,all,WAEC,Polytechnic,state,Oyo,South West,Oyo,,,,5270,4216,2951,1411,1298,8.38834,1054,1265,1540,113,1.7895456492372577
2024/2025,Female,all,WAEC,University,state,Benue,North Central,Benue,,,,3590,2872,2010,961,884,5.713634,718,862,1049,77,1.7895456492372577
2024/2025,Female,all,WAEC,University,state,Abuja Federal Capital Territory,North Central,Abuja Federal Capital Territory,,,,3112,2489,1743,833,767,4.952489,623,746,910,66,1.7895456492372577
2024/2025,Female,all,WAEC,University,state,Kogi,North Central,Kogi,,,,3617,2894,2026,969,891,5.756751,723,868,1057,78,1.7895456492372577
2024/2025,Female,all,WAEC,University,state,Kwara,North Central,Kwara,,,,5485,4388,3072,1469,1351,8.7303,1097,1316,1603,118,1.7895456492372577
2024/2025,Female,all,WAEC,University,state,Nasarawa,North Central,Nasarawa,,,,2542,2034,1424,681,626,4.046357,508,610,743,55,1.7895456492372577
2024/2025,Female,all,WAEC,University,state,Niger,North Central,Niger,,,,3299,2639,1847,883,813,5.249909,660,792,964,70,1.7895456492372577
2024/2025,Female,all,WAEC,University,state,Plateau,North Central,Plateau,,,,4257,3406,2384,1140,1049,6.775515,851,1022,1244,91,1.7895456492372577
2024/2025,Female,all,WAEC,University,state,Adamawa,North East,Adamawa,,,,9191,7352,5147,2461,2264,14.627606,1839,2205,2686,197,1.7895456492372577
2024/2025,Female,all,WAEC,University,state,Borno,North East,Borno,,,,5751,4601,3220,1540,1417,9.152902,1150,1381,1680,123,1.7895456492372577
2024/2025,Female,all,WAEC,University,state,Gombe,North East,Gombe,,,,2523,2018,1413,676,622,4.015153,505,605,737,54,1.7895456492372577
2024/2025,Female,all,WAEC,University,state,Taraba,North East,Taraba,,,,1577,1262,883,422,389,2.510494,315,379,461,33,1.7895456492372577
2024/2025,Female,all,WAEC,University,state,Yobe,North East,Yobe,,,,4000,3200,2240,1071,986,6.366504,800,960,1169,85,1.7895456492372577
2024/2025,Female,all,WAEC,University,state,Kaduna,North West,Kaduna,,,,11829,9463,6624,3168,2914,18.827407,2366,2839,3456,254,1.7895456492372577
2024/2025,Female,all,WAEC,University,state,Kano,North West,Kano,,,,17317,13854,9698,4638,4266,27.561549,3463,4156,5060,372,1.7895456492372577
2024/2025,Female,all,WAEC,University,state,Katsina,North West,Katsina,,,,4011,3209,2246,1074,988,6.383802,802,963,1172,86,1.7895456492372577
2024/2025,Female,all,WAEC,University,state,Kebbi,North West,Kebbi,,,,5710,4568,3197,1529,1407,9.087497,1142,1371,1668,122,1.7895456492372577
2024/2025,Female,all,WAEC,University,state,Sokoto,North West,Sokoto,,,,5261,4209,2946,1409,1296,8.373383,1052,1263,1537,113,1.7895456492372577
2024/2025,Female,all,WAEC,University,state,Zamfara,North West,Zamfara,,,,2873,2299,1609,769,708,4.573191,574,690,840,61,1.7895456492372577
2024/2025,Female,all,WAEC,University,state,Abia,South East,Abia,,,,1652,1322,925,442,407,2.629386,330,397,483,35,1.7895456492372577
2024/2025,Female,all,WAEC,University,state,Anambra,South East,Anambra,,,,426,341,239,114,105,0.677651,85,102,125,9,1.7895456492372577
2024/2025,Female,all,WAEC,University,state,Ebonyi,South East,Ebonyi,,,,5997,4798,3358,1606,1478,9.545199,1199,1440,1752,128,1.7895456492372577
2024/2025,Female,all,WAEC,University,state,Imo,South East,Imo,,,,6888,5510,3857,1845,1697,10.962196,1378,1653,2012,148,1.7895456492372577
2024/2025,Female,all,WAEC,University,state,Akwa Ibom,South South,Akwa Ibom,,,,6044,4835,3385,1619,1489,9.619967,1209,1450,1766,130,1.7895456492372577
2024/2025,Female,all,WAEC,University,state,Bayelsa,South South,Bayelsa,,,,2212,1770,1239,593,545,3.521259,442,531,646,48,1.7895456492372577
2024/2025,Female,all,WAEC,University,state,Cross River,South South,Cross River,,,,1871,1497,1048,501,461,2.977428,374,449,547,40,1.7895456492372577
2024/2025,Female,all,WAEC,University,state,Delta,South South,Delta,,,,2333,1866,1306,625,575,3.713018,467,560,681,50,1.7895456492372577
2024/2025,Female,all,WAEC,University,state,Edo,South South,Edo,,,,4925,3940,2758,1319,1213,7.838515,985,1182,1439,106,1.7895456492372577
2024/2025,Female,all,WAEC,University,state,Rivers,South South,Rivers,,,,5285,4228,2960,1415,1302,8.411314,1057,1268,1545,113,1.7895456492372577
2024/2025,Female,all,WAEC,University,state,Ekiti,South West,Ekiti,,,,5949,4759,3332,1593,1466,9.468518,1190,1427,1739,127,1.7895456492372577
2024/2025,Female,all,WAEC,University,state,Lagos,South West,Lagos,,,,13368,10694,7486,3580,3293,21.276236,2674,3208,3906,287,1.7895456492372577
2024/2025,Female,all,WAEC,University,state,Ogun,South West,Ogun,,,,5648,4518,3163,1512,1391,8.988726,1130,1355,1651,121,1.7895456492372577
2024/2025,Female,all,WAEC,University,state,Ondo,South West,Ondo,,,,3161,2529,1770,847,779,5.031517,632,759,923,68,1.7895456492372577
2024/2025,Female,all,WAEC,University,state,Osun,South West,Osun,,,,2715,2172,1520,727,669,4.320759,543,652,793,58,1.7895456492372577
2024/2025,Female,all,WAEC,University,state,Oyo,South West,Oyo,,,,9988,7990,5593,2675,2461,15.896563,1998,2397,2918,214,1.7895456492372577
2024/2025,Female,disabled,NABTEB,College of Education,state,Benue,North Central,Benue,,,,141,113,79,38,35,0.224834,28,34,41,3,1.7895456492372577
2024/2025,Female,disabled,NABTEB,College of Education,state,Abuja Federal Capital Territory,North Central,Abuja Federal Capital Territory,,,,189,152,106,51,47,0.301567,37,46,55,4,1.7895456492372577
2024/2025,Female,disabled,NABTEB,College of Education,state,Kogi,North Central,Kogi,,,,107,85,60,29,26,0.170179,22,25,31,3,1.7895456492372577
2024/2025,Female,disabled,NABTEB,College of Education,state,Kwara,North Central,Kwara,,,,155,124,87,41,38,0.246763,31,37,46,3,1.7895456492372577
2024/2025,Female,disabled,NABTEB,College of Education,state,Nasarawa,North Central,Nasarawa,,,,100,80,56,27,25,0.158681,20,24,29,2,1.7895456492372577
2024/2025,Female,disabled,NABTEB,College of Education,state,Niger,North Central,Niger,,,,139,111,78,37,34,0.221716,28,33,41,3,1.7895456492372577
2024/2025,Female,disabled,NABTEB,College of Education,state,Plateau,North Central,Plateau,,,,119,95,67,32,29,0.18926,24,28,35,3,1.7895456492372577
2024/2025,Female,disabled,NABTEB,College of Education,state,Adamawa,North East,Adamawa,,,,275,220,154,74,68,0.437669,55,66,80,6,1.7895456492372577
2024/2025,Female,disabled,NABTEB,College of Education,state,Borno,North East,Borno,,,,176,141,98,47,43,0.279808,35,43,51,4,1.7895456492372577
2024/2025,Female,disabled,NABTEB,College of Education,state,Gombe,North East,Gombe,,,,163,130,91,44,40,0.259386,33,39,47,4,1.7895456492372577
2024/2025,Female,disabled,NABTEB,College of Education,state,Taraba,North East,Taraba,,,,106,85,59,28,26,0.16849,21,26,31,2,1.7895456492372577
2024/2025,Female,disabled,NABTEB,College of Education,state,Yobe,North East,Yobe,,,,165,132,93,44,41,0.263107,33,39,49,3,1.7895456492372577
2024/2025,Female,disabled,NABTEB,College of Education,state,Kaduna,North West,Kaduna,,,,392,314,220,105,97,0.624606,78,94,115,8,1.7895456492372577
2024/2025,Female,disabled,NABTEB,College of Education,state,Kano,North West,Kano,,,,615,492,344,165,152,0.978907,123,148,179,13,1.7895456492372577
2024/2025,Female,disabled,NABTEB,College of Education,state,Katsina,North West,Katsina,,,,184,147,103,49,45,0.292631,37,44,54,4,1.7895456492372577
2024/2025,Female,disabled,NABTEB,College of Education,state,Kebbi,North West,Kebbi,,,,139,112,78,37,34,0.221935,27,34,41,3,1.7895456492372577
2024/2025,Female,disabled,NABTEB,College of Education,state,Sokoto,North West,Sokoto,,,,144,115,81,39,35,0.229361,29,34,42,4,1.7895456492372577
2024/2025,Female,disabled,NABTEB,College of Education,state,Zamfara,North West,Zamfara,,,,160,128,90,43,40,0.254732,32,38,47,3,1.7895456492372577
2024/2025,Female,disabled,NABTEB,College of Education,state,Abia,South East,Abia,,,,0,0,0,0,0,0,0,0,0,0,1.7895456492372577
2024/2025,Female,disabled,NABTEB,College of Education,state,Anambra,South East,Anambra,,,,0,0,0,0,0,0,0,0,0,0,1.7895456492372577
2024/2025,Female,disabled,NABTEB,College of Education,state,Ebonyi,South East,Ebonyi,,,,69,55,39,18,17,0.109658,14,16,21,1,1.7895456492372577
2024/2025,Female,disabled,NABTEB,College of Education,state,Imo,South East,Imo,,,,226,181,127,60,56,0.35962,45,54,67,4,1.7895456492372577
2024/2025,Female,disabled,NABTEB,College of Education,state,Akwa Ibom,South South,Akwa Ibom,,,,184,147,103,49,45,0.292808,37,44,54,4,1.7895456492372577
2024/2025,Female,disabled,NABTEB,College of Education,state,Bayelsa,South South,Bayelsa,,,,237,189,132,63,58,0.376445,48,57,69,5,1.7895456492372577
2024/2025,Female,disabled,NABTEB,College of Education,state,Cross River,South South,Cross River,,,,0,0,0,0,0,0,0,0,0,0,1.7895456492372577
2024/2025,Female,disabled,NABTEB,College of Education,state,Delta,South South,Delta,,,,91,73,51,24,22,0.144519,18,22,27,2,1.7895456492372577
2024/2025,Female,disabled,NABTEB,College of Education,state,Edo,South South,Edo,,,,173,138,97,46,43,0.275312,35,41,51,3,1.7895456492372577
2024/2025,Female,disabled,NABTEB,College of Education,state,Rivers,South South,Rivers,,,,188,150,105,50,46,0.298644,38,45,55,4,1.7895456492372577
2024/2025,Female,disabled,NABTEB,College of Education,state,Ekiti,South West,Ekiti,,,,274,219,154,73,68,0.436481,55,65,81,5,1.7895456492372577
2024/2025,Female,disabled,NABTEB,College of Education,state,Lagos,South West,Lagos,,,,305,244,171,82,75,0.484953,61,73,89,7,1.7895456492372577
2024/2025,Female,disabled,NABTEB,College of Education,state,Ogun,South West,Ogun,,,,381,305,213,102,94,0.605925,76,92,111,8,1.7895456492372577
2024/2025,Female,disabled,NABTEB,College of Education,state,Ondo,South West,Ondo,,,,118,95,66,32,29,0.188139,23,29,34,3,1.7895456492372577
2024/2025,Female,disabled,NABTEB,College of Education,state,Osun,South West,Osun,,,,78,62,44,21,19,0.124338,16,18,23,2,1.7895456492372577
2024/2025,Female,disabled,NABTEB,College of Education,state,Oyo,South West,Oyo,,,,403,323,226,108,99,0.641942,80,97,118,9,1.7895456492372577
2024/2025,Female,disabled,NABTEB,Polytechnic,state,Benue,North Central,Benue,,,,141,113,79,38,35,0.224834,28,34,41,3,1.7895456492372577
2024/2025,Female,disabled,NABTEB,Polytechnic,state,Abuja Federal Capital Territory,North Central,Abuja Federal Capital Territory,,,,144,115,81,38,36,0.229361,29,34,43,2,1.7895456492372577
2024/2025,Female,disabled,NABTEB,Polytechnic,state,Kogi,North Central,Kogi,,,,100,80,56,27,25,0.158443,20,24,29,2,1.7895456492372577
2024/2025,Female,disabled,NABTEB,Polytechnic,state,Kwara,North Central,Kwara,,,,233,187,131,63,57,0.371562,46,56,68,6,1.7895456492372577
2024/2025,Female,disabled,NABTEB,Polytechnic,state,Nasarawa,North Central,Nasarawa,,,,93,75,52,25,23,0.148763,18,23,27,2,1.7895456492372577
2024/2025,Female,disabled,NABTEB,Polytechnic,state,Niger,North Central,Niger,,,,124,100,70,33,31,0.19796,24,30,37,2,1.7895456492372577
2024/2025,Female,disabled,NABTEB,Polytechnic,state,Plateau,North Central,Plateau,,,,119,95,67,32,29,0.18926,24,28,35,3,1.7895456492372577
2024/2025,Female,disabled,NABTEB,Polytechnic,state,Adamawa,North East,Adamawa,,,,275,220,154,74,68,0.437669,55,66,80,6,1.7895456492372577
2024/2025,Female,disabled,NABTEB,Polytechnic,state,Borno,North East,Borno,,,,192,154,108,51,47,0.30577,38,46,57,4,1.7895456492372577
2024/2025,Female,disabled,NABTEB,Polytechnic,state,Gombe,North East,Gombe,,,,141,112,79,38,35,0.223854,29,33,41,3,1.7895456492372577
2024/2025,Female,disabled,NABTEB,Polytechnic,state,Taraba,North East,Taraba,,,,101,80,56,27,25,0.160065,21,24,29,2,1.7895456492372577
2024/2025,Female,disabled,NABTEB,Polytechnic,state,Yobe,North East,Yobe,,,,181,145,101,48,44,0.287341,36,44,53,4,1.7895456492372577
2024/2025,Female,disabled,NABTEB,Polytechnic,state,Kaduna,North West,Kaduna,,,,141,113,79,38,35,0.224218,28,34,41,3,1.7895456492372577
2024/2025,Female,disabled,NABTEB,Polytechnic,state,Kano,North West,Kano,,,,472,377,264,126,116,0.750696,95,113,138,10,1.7895456492372577
2024/2025,Female,disabled,NABTEB,Polytechnic,state,Katsina,North West,Katsina,,,,142,114,80,38,35,0.225835,28,34,42,3,1.7895456492372577
2024/2025,Female,disabled,NABTEB,Polytechnic,state,Kebbi,North West,Kebbi,,,,149,119,83,40,37,0.236731,30,36,43,3,1.7895456492372577
2024/2025,Female,disabled,NABTEB,Polytechnic,state,Sokoto,North West,Sokoto,,,,97,77,54,26,24,0.154048,20,23,28,2,1.7895456492372577
2024/2025,Female,disabled,NABTEB,Polytechnic,state,Zamfara,North West,Zamfara,,,,119,95,67,32,29,0.188801,24,28,35,3,1.7895456492372577
2024/2025,Female,disabled,NABTEB,Polytechnic,state,Abia,South East,Abia,,,,0,0,0,0,0,0,0,0,0,0,1.7895456492372577
2024/2025,Female,disabled,NABTEB,Polytechnic,state,Anambra,South East,Anambra,,,,0,0,0,0,0,0,0,0,0,0,1.7895456492372577
2024/2025,Female,disabled,NABTEB,Polytechnic,state,Ebonyi,South East,Ebonyi,,,,110,88,61,29,27,0.174455,22,27,32,2,1.7895456492372577
2024/2025,Female,disabled,NABTEB,Polytechnic,state,Imo,South East,Imo,,,,301,241,168,81,74,0.478666,60,73,87,7,1.7895456492372577
2024/2025,Female,disabled,NABTEB,Polytechnic,state,Akwa Ibom,South South,Akwa Ibom,,,,182,146,102,49,45,0.289758,36,44,53,4,1.7895456492372577
2024/2025,Female,disabled,NABTEB,Polytechnic,state,Bayelsa,South South,Bayelsa,,,,184,148,103,49,45,0.293161,36,45,54,4,1.7895456492372577
2024/2025,Female,disabled,NABTEB,Polytechnic,state,Cross River,South South,Cross River,,,,0,0,0,0,0,0,0,0,0,0,1.7895456492372577
2024/2025,Female,disabled,NABTEB,Polytechnic,state,Delta,South South,Delta,,,,119,95,66,32,29,0.188986,24,29,34,3,1.7895456492372577
2024/2025,Female,disabled,NABTEB,Polytechnic,state,Edo,South South,Edo,,,,111,89,62,30,27,0.176986,22,27,32,3,1.7895456492372577
2024/2025,Female,disabled,NABTEB,Polytechnic,state,Rivers,South South,Rivers,,,,189,151,106,51,47,0.301543,38,45,55,4,1.7895456492372577
2024/2025,Female,disabled,NABTEB,Polytechnic,state,Ekiti,South West,Ekiti,,,,122,97,68,33,30,0.193299,25,29,35,3,1.7895456492372577
2024/2025,Female,disabled,NABTEB,Polytechnic,state,Lagos,South West,Lagos,,,,510,408,286,137,126,0.812508,102,122,149,11,1.7895456492372577
2024/2025,Female,disabled,NABTEB,Polytechnic,state,Ogun,South West,Ogun,,,,277,222,155,74,68,0.440673,55,67,81,6,1.7895456492372577
2024/2025,Female,disabled,NABTEB,Polytechnic,state,Ondo,South West,Ondo,,,,139,112,78,37,34,0.221908,27,34,41,3,1.7895456492372577
2024/2025,Female,disabled,NABTEB,Polytechnic,state,Osun,South West,Osun,,,,98,78,55,26,24,0.155423,20,23,29,2,1.7895456492372577
2024/2025,Female,disabled,NABTEB,Polytechnic,state,Oyo,South West,Oyo,,,,199,160,112,53,49,0.317568,39,48,59,4,1.7895456492372577
2024/2025,Female,disabled,NABTEB,University,state,Benue,North Central,Benue,,,,126,101,70,34,31,0.199852,25,31,36,3,1.7895456492372577
2024/2025,Female,disabled,NABTEB,University,state,Abuja Federal Capital Territory,North Central,Abuja Federal Capital Territory,,,,115,92,64,31,28,0.182639,23,28,33,3,1.7895456492372577
2024/2025,Female,disabled,NABTEB,University,state,Kogi,North Central,Kogi,,,,133,106,74,36,33,0.211257,27,32,38,3,1.7895456492372577
2024/2025,Female,disabled,NABTEB,University,state,Kwara,North Central,Kwara,,,,201,161,113,54,50,0.320508,40,48,59,4,1.7895456492372577
2024/2025,Female,disabled,NABTEB,University,state,Nasarawa,North Central,Nasarawa,,,,100,80,56,27,24,0.158681,20,24,29,3,1.7895456492372577
2024/2025,Female,disabled,NABTEB,University,state,Niger,North Central,Niger,,,,122,98,68,33,30,0.194001,24,30,35,3,1.7895456492372577
2024/2025,Female,disabled,NABTEB,University,state,Plateau,North Central,Plateau,,,,149,119,83,40,37,0.236575,30,36,43,3,1.7895456492372577
2024/2025,Female,disabled,NABTEB,University,state,Adamawa,North East,Adamawa,,,,321,257,180,86,79,0.511008,64,77,94,7,1.7895456492372577
2024/2025,Female,disabled,NABTEB,University,state,Borno,North East,Borno,,,,217,174,122,58,54,0.346155,43,52,64,4,1.7895456492372577
2024/2025,Female,disabled,NABTEB,University,state,Gombe,North East,Gombe,,,,96,77,54,26,24,0.152789,19,23,28,2,1.7895456492372577
2024/2025,Female,disabled,NABTEB,University,state,Taraba,North East,Taraba,,,,58,47,33,16,14,0.092669,11,14,17,2,1.7895456492372577
2024/2025,Female,disabled,NABTEB,University,state,Yobe,North East,Yobe,,,,157,125,88,42,38,0.24926,32,37,46,4,1.7895456492372577
2024/2025,Female,disabled,NABTEB,University,state,Kaduna,North West,Kaduna,,,,426,340,238,114,105,0.677228,86,102,124,9,1.7895456492372577
2024/2025,Female,disabled,NABTEB,University,state,Kano,North West,Kano,,,,585,468,328,157,144,0.930863,117,140,171,13,1.7895456492372577
2024/2025,Female,disabled,NABTEB,University,state,Katsina,North West,Katsina,,,,146,117,82,39,36,0.232196,29,35,43,3,1.7895456492372577
2024/2025,Female,disabled,NABTEB,University,state,Kebbi,North West,Kebbi,,,,201,161,112,54,50,0.319586,40,49,58,4,1.7895456492372577
2024/2025,Female,disabled,NABTEB,University,state,Sokoto,North West,Sokoto,,,,187,150,105,50,46,0.297827,37,45,55,4,1.7895456492372577
2024/2025,Female,disabled,NABTEB,University,state,Zamfara,North West,Zamfara,,,,111,89,62,30,28,0.176814,22,27,32,2,1.7895456492372577
2024/2025,Female,disabled,NABTEB,University,state,Abia,South East,Abia,,,,0,0,0,0,0,0,0,0,0,0,1.7895456492372577
2024/2025,Female,disabled,NABTEB,University,state,Anambra,South East,Anambra,,,,0,0,0,0,0,0,0,0,0,0,1.7895456492372577
2024/2025,Female,disabled,NABTEB,University,state,Ebonyi,South East,Ebonyi,,,,210,168,118,56,52,0.333957,42,50,62,4,1.7895456492372577
2024/2025,Female,disabled,NABTEB,University,state,Imo,South East,Imo,,,,226,181,127,60,56,0.35962,45,54,67,4,1.7895456492372577
2024/2025,Female,disabled,NABTEB,University,state,Akwa Ibom,South South,Akwa Ibom,,,,217,173,121,58,53,0.34466,44,52,63,5,1.7895456492372577
2024/2025,Female,disabled,NABTEB,University,state,Bayelsa,South South,Bayelsa,,,,88,70,49,24,22,0.139918,18,21,25,2,1.7895456492372577
2024/2025,Female,disabled,NABTEB,University,state,Cross River,South South,Cross River,,,,0,0,0,0,0,0,0,0,0,0,1.7895456492372577
2024/2025,Female,disabled,NABTEB,University,state,Delta,South South,Delta,,,,84,67,47,22,21,0.133402,17,20,25,1,1.7895456492372577
2024/2025,Female,disabled,NABTEB,University,state,Edo,South South,Edo,,,,176,140,98,47,43,0.279245,36,42,51,4,1.7895456492372577
2024/2025,Female,disabled,NABTEB,University,state,Rivers,South South,Rivers,,,,206,165,115,55,51,0.327638,41,50,60,4,1.7895456492372577
2024/2025,Female,disabled,NABTEB,University,state,Ekiti,South West,Ekiti,,,,225,180,126,60,55,0.358538,45,54,66,5,1.7895456492372577
2024/2025,Female,disabled,NABTEB,University,state,Lagos,South West,Lagos,,,,497,398,278,133,122,0.791239,99,120,145,11,1.7895456492372577
2024/2025,Female,disabled,NABTEB,University,state,Ogun,South West,Ogun,,,,216,172,121,58,53,0.343024,44,51,63,5,1.7895456492372577
2024/2025,Female,disabled,NABTEB,University,state,Ondo,South West,Ondo,,,,109,87,61,29,27,0.173667,22,26,32,2,1.7895456492372577
2024/2025,Female,disabled,NABTEB,University,state,Osun,South West,Osun,,,,98,78,55,26,24,0.155423,20,23,29,2,1.7895456492372577
2024/2025,Female,disabled,NABTEB,University,state,Oyo,South West,Oyo,,,,358,286,200,96,88,0.569355,72,86,104,8,1.7895456492372577
2024/2025,Female,disabled,NECO,College of Education,state,Benue,North Central,Benue,,,,218,174,122,58,54,0.346173,44,52,64,4,1.7895456492372577
2024/2025,Female,disabled,NECO,College of Education,state,Abuja Federal Capital Territory,North Central,Abuja Federal Capital Territory,,,,291,233,163,78,72,0.462968,58,70,85,6,1.7895456492372577
2024/2025,Female,disabled,NECO,College of Education,state,Kogi,North Central,Kogi,,,,158,127,89,42,39,0.252335,31,38,47,3,1.7895456492372577
2024/2025,Female,disabled,NECO,College of Education,state,Kwara,North Central,Kwara,,,,260,208,146,70,64,0.414108,52,62,76,6,1.7895456492372577
2024/2025,Female,disabled,NECO,College of Education,state,Nasarawa,North Central,Nasarawa,,,,162,130,91,43,40,0.257856,32,39,48,3,1.7895456492372577
2024/2025,Female,disabled,NECO,College of Education,state,Niger,North Central,Niger,,,,234,187,131,63,58,0.372166,47,56,68,5,1.7895456492372577
2024/2025,Female,disabled,NECO,College of Education,state,Plateau,North Central,Plateau,,,,187,150,105,50,46,0.298085,37,45,55,4,1.7895456492372577
2024/2025,Female,disabled,NECO,College of Education,state,Adamawa,North East,Adamawa,,,,441,353,247,118,109,0.702636,88,106,129,9,1.7895456492372577
2024/2025,Female,disabled,NECO,College of Education,state,Borno,North East,Borno,,,,297,238,166,80,73,0.473078,59,72,86,7,1.7895456492372577
2024/2025,Female,disabled,NECO,College of Education,state,Gombe,North East,Gombe,,,,248,198,139,66,61,0.394409,50,59,73,5,1.7895456492372577
2024/2025,Female,disabled,NECO,College of Education,state,Taraba,North East,Taraba,,,,175,140,98,47,43,0.278008,35,42,51,4,1.7895456492372577
2024/2025,Female,disabled,NECO,College of Education,state,Yobe,North East,Yobe,,,,252,202,141,68,62,0.401585,50,61,73,6,1.7895456492372577
2024/2025,Female,disabled,NECO,College of Education,state,Kaduna,North West,Kaduna,,,,591,473,331,158,145,0.940341,118,142,173,13,1.7895456492372577
2024/2025,Female,disabled,NECO,College of Education,state,Kano,North West,Kano,,,,917,733,513,245,226,1.459353,184,220,268,19,1.7895456492372577
2024/2025,Female,disabled,NECO,College of Education,state,Katsina,North West,Katsina,,,,274,219,153,73,67,0.435765,55,66,80,6,1.7895456492372577
2024/2025,Female,disabled,NECO,College of Education,state,Kebbi,North West,Kebbi,,,,180,144,101,48,44,0.287036,36,43,53,4,1.7895456492372577
2024/2025,Female,disabled,NECO,College of Education,state,Sokoto,North West,Sokoto,,,,213,170,119,57,52,0.338906,43,51,62,5,1.7895456492372577
2024/2025,Female,disabled,NECO,College of Education,state,Zamfara,North West,Zamfara,,,,249,199,139,67,61,0.395584,50,60,72,6,1.7895456492372577
2024/2025,Female,disabled,NECO,College of Education,state,Abia,South East,Abia,,,,0,0,0,0,0,0,0,0,0,0,1.7895456492372577
2024/2025,Female,disabled,NECO,College of Education,state,Anambra,South East,Anambra,,,,0,0,0,0,0,0,0,0,0,0,1.7895456492372577
2024/2025,Female,disabled,NECO,College of Education,state,Ebonyi,South East,Ebonyi,,,,122,98,68,33,30,0.194393,24,30,35,3,1.7895456492372577
2024/2025,Female,disabled,NECO,College of Education,state,Imo,South East,Imo,,,,393,314,220,105,97,0.624994,79,94,115,8,1.7895456492372577
2024/2025,Female,disabled,NECO,College of Education,state,Akwa Ibom,South South,Akwa Ibom,,,,272,218,152,73,67,0.433112,54,66,79,6,1.7895456492372577
2024/2025,Female,disabled,NECO,College of Education,state,Bayelsa,South South,Bayelsa,,,,370,297,207,99,91,0.589653,73,90,108,8,1.7895456492372577
2024/2025,Female,disabled,NECO,College of Education,state,Cross River,South South,Cross River,,,,0,0,0,0,0,0,0,0,0,0,1.7895456492372577
2024/2025,Female,disabled,NECO,College of Education,state,Delta,South South,Delta,,,,126,100,70,34,31,0.200103,26,30,36,3,1.7895456492372577
2024/2025,Female,disabled,NECO,College of Education,state,Edo,South South,Edo,,,,279,223,156,75,69,0.444432,56,67,81,6,1.7895456492372577
2024/2025,Female,disabled,NECO,College of Education,state,Rivers,South South,Rivers,,,,275,220,154,74,68,0.437817,55,66,80,6,1.7895456492372577
2024/2025,Female,disabled,NECO,College of Education,state,Ekiti,South West,Ekiti,,,,480,384,269,129,118,0.763842,96,115,140,11,1.7895456492372577
2024/2025,Female,disabled,NECO,College of Education,state,Lagos,South West,Lagos,,,,472,377,264,127,116,0.750826,95,113,137,11,1.7895456492372577
2024/2025,Female,disabled,NECO,College of Education,state,Ogun,South West,Ogun,,,,581,464,325,155,143,0.923911,117,139,170,12,1.7895456492372577
2024/2025,Female,disabled,NECO,College of Education,state,Ondo,South West,Ondo,,,,182,145,102,49,45,0.289445,37,43,53,4,1.7895456492372577
2024/2025,Female,disabled,NECO,College of Education,state,Osun,South West,Osun,,,,98,78,55,26,24,0.155423,20,23,29,2,1.7895456492372577
2024/2025,Female,disabled,NECO,College of Education,state,Oyo,South West,Oyo,,,,661,529,370,177,163,1.052512,132,159,193,14,1.7895456492372577
2024/2025,Female,disabled,NECO,Polytechnic,state,Benue,North Central,Benue,,,,231,185,130,62,57,0.367585,46,55,68,5,1.7895456492372577
2024/2025,Female,disabled,NECO,Polytechnic,state,Abuja Federal Capital Territory,North Central,Abuja Federal Capital Territory,,,,256,205,143,68,63,0.407752,51,62,75,5,1.7895456492372577
2024/2025,Female,disabled,NECO,Polytechnic,state,Kogi,North Central,Kogi,,,,151,121,84,41,37,0.240598,30,37,43,4,1.7895456492372577
2024/2025,Female,disabled,NECO,Polytechnic,state,Kwara,North Central,Kwara,,,,372,298,208,100,92,0.592798,74,90,108,8,1.7895456492372577
2024/2025,Female,disabled,NECO,Polytechnic,state,Nasarawa,North Central,Nasarawa,,,,143,115,80,38,35,0.228103,28,35,42,3,1.7895456492372577
2024/2025,Female,disabled,NECO,Polytechnic,state,Niger,North Central,Niger,,,,194,155,109,52,48,0.308818,39,46,57,4,1.7895456492372577
2024/2025,Female,disabled,NECO,Polytechnic,state,Plateau,North Central,Plateau,,,,184,148,103,49,45,0.293353,36,45,54,4,1.7895456492372577
2024/2025,Female,disabled,NECO,Polytechnic,state,Adamawa,North East,Adamawa,,,,437,349,245,117,108,0.695539,88,104,128,9,1.7895456492372577
2024/2025,Female,disabled,NECO,Polytechnic,state,Borno,North East,Borno,,,,312,249,175,84,77,0.496155,63,74,91,7,1.7895456492372577
2024/2025,Female,disabled,NECO,Polytechnic,state,Gombe,North East,Gombe,,,,234,187,131,63,58,0.373089,47,56,68,5,1.7895456492372577
2024/2025,Female,disabled,NECO,Polytechnic,state,Taraba,North East,Taraba,,,,169,136,95,45,42,0.269583,33,41,50,3,1.7895456492372577
2024/2025,Female,disabled,NECO,Polytechnic,state,Yobe,North East,Yobe,,,,278,223,156,75,69,0.443128,55,67,81,6,1.7895456492372577
2024/2025,Female,disabled,NECO,Polytechnic,state,Kaduna,North West,Kaduna,,,,231,185,130,62,57,0.368357,46,55,68,5,1.7895456492372577
2024/2025,Female,disabled,NECO,Polytechnic,state,Kano,North West,Kano,,,,835,668,468,224,206,1.329232,167,200,244,18,1.7895456492372577
2024/2025,Female,disabled,NECO,Polytechnic,state,Katsina,North West,Katsina,,,,238,190,133,64,59,0.378511,48,57,69,5,1.7895456492372577
2024/2025,Female,disabled,NECO,Polytechnic,state,Kebbi,North West,Kebbi,,,,240,192,134,64,59,0.381728,48,58,70,5,1.7895456492372577
2024/2025,Female,disabled,NECO,Polytechnic,state,Sokoto,North West,Sokoto,,,,170,136,95,45,42,0.27044,34,41,50,3,1.7895456492372577
2024/2025,Female,disabled,NECO,Polytechnic,state,Zamfara,North West,Zamfara,,,,205,164,115,55,51,0.326657,41,49,60,4,1.7895456492372577
2024/2025,Female,disabled,NECO,Polytechnic,state,Abia,South East,Abia,,,,0,0,0,0,0,0,0,0,0,0,1.7895456492372577
2024/2025,Female,disabled,NECO,Polytechnic,state,Anambra,South East,Anambra,,,,0,0,0,0,0,0,0,0,0,0,1.7895456492372577
2024/2025,Female,disabled,NECO,Polytechnic,state,Ebonyi,South East,Ebonyi,,,,185,148,104,49,45,0.294082,37,44,55,4,1.7895456492372577
2024/2025,Female,disabled,NECO,Polytechnic,state,Imo,South East,Imo,,,,444,355,249,119,109,0.706838,89,106,130,10,1.7895456492372577
2024/2025,Female,disabled,NECO,Polytechnic,state,Akwa Ibom,South South,Akwa Ibom,,,,253,202,142,68,62,0.402611,51,60,74,6,1.7895456492372577
2024/2025,Female,disabled,NECO,Polytechnic,state,Bayelsa,South South,Bayelsa,,,,268,214,150,72,66,0.426415,54,64,78,6,1.7895456492372577
2024/2025,Female,disabled,NECO,Polytechnic,state,Cross River,South South,Cross River,,,,0,0,0,0,0,0,0,0,0,0,1.7895456492372577
2024/2025,Female,disabled,NECO,Polytechnic,state,Delta,South South,Delta,,,,188,151,106,51,47,0.300154,37,45,55,4,1.7895456492372577
2024/2025,Female,disabled,NECO,Polytechnic,state,Edo,South South,Edo,,,,163,130,91,44,40,0.25958,33,39,47,4,1.7895456492372577
2024/2025,Female,disabled,NECO,Polytechnic,state,Rivers,South South,Rivers,,,,330,264,185,88,81,0.524801,66,79,97,7,1.7895456492372577
2024/2025,Female,disabled,NECO,Polytechnic,state,Ekiti,South West,Ekiti,,,,202,161,113,54,50,0.321125,41,48,59,4,1.7895456492372577
2024/2025,Female,disabled,NECO,Polytechnic,state,Lagos,South West,Lagos,,,,849,679,475,227,209,1.350636,170,204,248,18,1.7895456492372577
2024/2025,Female,disabled,NECO,Polytechnic,state,Ogun,South West,Ogun,,,,433,346,242,116,107,0.688551,87,104,126,9,1.7895456492372577
2024/2025,Female,disabled,NECO,Polytechnic,state,Ondo,South West,Ondo,,,,215,172,121,58,53,0.34251,43,51,63,5,1.7895456492372577
2024/2025,Female,disabled,NECO,Polytechnic,state,Osun,South West,Osun,,,,176,141,98,47,43,0.279761,35,43,51,4,1.7895456492372577
2024/2025,Female,disabled,NECO,Polytechnic,state,Oyo,South West,Oyo,,,,312,250,175,84,77,0.496768,62,75,91,7,1.7895456492372577
2024/2025,Female,disabled,NECO,University,state,Benue,North Central,Benue,,,,204,163,114,55,50,0.32476,41,49,59,5,1.7895456492372577
2024/2025,Female,disabled,NECO,University,state,Abuja Federal Capital Territory,North Central,Abuja Federal Capital Territory,,,,160,128,90,43,39,0.254845,32,38,47,4,1.7895456492372577
2024/2025,Female,disabled,NECO,University,state,Kogi,North Central,Kogi,,,,206,165,115,55,51,0.328622,41,50,60,4,1.7895456492372577
2024/2025,Female,disabled,NECO,University,state,Kwara,North Central,Kwara,,,,305,244,171,82,75,0.485017,61,73,89,7,1.7895456492372577
2024/2025,Female,disabled,NECO,University,state,Nasarawa,North Central,Nasarawa,,,,150,120,84,40,37,0.238021,30,36,44,3,1.7895456492372577
2024/2025,Female,disabled,NECO,University,state,Niger,North Central,Niger,,,,189,151,106,51,47,0.3009,38,45,55,4,1.7895456492372577
2024/2025,Female,disabled,NECO,University,state,Plateau,North Central,Plateau,,,,235,188,132,63,58,0.373789,47,56,69,5,1.7895456492372577
2024/2025,Female,disabled,NECO,University,state,Adamawa,North East,Adamawa,,,,504,403,282,135,124,0.801999,101,121,147,11,1.7895456492372577
2024/2025,Female,disabled,NECO,University,state,Borno,North East,Borno,,,,335,268,188,90,83,0.533655,67,80,98,7,1.7895456492372577
2024/2025,Female,disabled,NECO,University,state,Gombe,North East,Gombe,,,,150,120,84,40,37,0.238067,30,36,44,3,1.7895456492372577
2024/2025,Female,disabled,NECO,University,state,Taraba,North East,Taraba,,,,90,72,50,24,22,0.143216,18,22,26,2,1.7895456492372577
2024/2025,Female,disabled,NECO,University,state,Yobe,North East,Yobe,,,,235,188,132,63,58,0.373889,47,56,69,5,1.7895456492372577
2024/2025,Female,disabled,NECO,University,state,Kaduna,North West,Kaduna,,,,645,516,361,173,159,1.027282,129,155,188,14,1.7895456492372577
2024/2025,Female,disabled,NECO,University,state,Kano,North West,Kano,,,,1043,834,584,279,257,1.659538,209,250,305,22,1.7895456492372577
2024/2025,Female,disabled,NECO,University,state,Katsina,North West,Katsina,,,,242,193,135,65,59,0.384873,49,58,70,6,1.7895456492372577
2024/2025,Female,disabled,NECO,University,state,Kebbi,North West,Kebbi,,,,318,254,178,85,78,0.506012,64,76,93,7,1.7895456492372577
2024/2025,Female,disabled,NECO,University,state,Sokoto,North West,Sokoto,,,,301,241,169,81,74,0.479262,60,72,88,7,1.7895456492372577
2024/2025,Female,disabled,NECO,University,state,Zamfara,North West,Zamfara,,,,164,131,92,44,40,0.260726,33,39,48,4,1.7895456492372577
2024/2025,Female,disabled,NECO,University,state,Abia,South East,Abia,,,,0,0,0,0,0,0,0,0,0,0,1.7895456492372577
2024/2025,Female,disabled,NECO,University,state,Anambra,South East,Anambra,,,,0,0,0,0,0,0,0,0,0,0,1.7895456492372577
2024/2025,Female,disabled,NECO,University,state,Ebonyi,South East,Ebonyi,,,,332,265,186,89,82,0.52835,67,79,97,7,1.7895456492372577
2024/2025,Female,disabled,NECO,University,state,Imo,South East,Imo,,,,408,327,229,109,101,0.649795,81,98,120,8,1.7895456492372577
2024/2025,Female,disabled,NECO,University,state,Akwa Ibom,South South,Akwa Ibom,,,,360,288,202,96,89,0.573416,72,86,106,7,1.7895456492372577
2024/2025,Female,disabled,NECO,University,state,Bayelsa,South South,Bayelsa,,,,130,104,73,35,32,0.206545,26,31,38,3,1.7895456492372577
2024/2025,Female,disabled,NECO,University,state,Cross River,South South,Cross River,,,,0,0,0,0,0,0,0,0,0,0,1.7895456492372577
2024/2025,Female,disabled,NECO,University,state,Delta,South South,Delta,,,,133,106,74,36,33,0.21122,27,32,38,3,1.7895456492372577
2024/2025,Female,disabled,NECO,University,state,Edo,South South,Edo,,,,282,225,158,75,69,0.448365,57,67,83,6,1.7895456492372577
2024/2025,Female,disabled,NECO,University,state,Rivers,South South,Rivers,,,,310,248,173,83,76,0.492907,62,75,90,7,1.7895456492372577
2024/2025,Female,disabled,NECO,University,state,Ekiti,South West,Ekiti,,,,327,262,183,88,81,0.520659,65,79,95,7,1.7895456492372577
2024/2025,Female,disabled,NECO,University,state,Lagos,South West,Lagos,,,,742,593,415,199,183,1.180477,149,178,216,16,1.7895456492372577
2024/2025,Female,disabled,NECO,University,state,Ogun,South West,Ogun,,,,308,247,173,83,76,0.490749,61,74,90,7,1.7895456492372577
2024/2025,Female,disabled,NECO,University,state,Ondo,South West,Ondo,,,,188,150,105,50,46,0.299093,38,45,55,4,1.7895456492372577
2024/2025,Female,disabled,NECO,University,state,Osun,South West,Osun,,,,156,125,87,42,39,0.248677,31,38,45,3,1.7895456492372577
2024/2025,Female,disabled,NECO,University,state,Oyo,South West,Oyo,,,,580,464,325,155,143,0.923216,116,139,170,12,1.7895456492372577
2024/2025,Female,disabled,WAEC,College of Education,state,Benue,North Central,Benue,,,,300,240,168,80,74,0.478218,60,72,88,6,1.7895456492372577
2024/2025,Female,disabled,WAEC,College of Education,state,Abuja Federal Capital Territory,North Central,Abuja Federal Capital Territory,,,,390,312,218,104,96,0.620123,78,94,114,8,1.7895456492372577
2024/2025,Female,disabled,WAEC,College of Education,state,Kogi,North Central,Kogi,,,,214,171,120,57,53,0.340358,43,51,63,4,1.7895456492372577
2024/2025,Female,disabled,WAEC,College of Education,state,Kwara,North Central,Kwara,,,,337,269,189,90,83,0.536071,68,80,99,7,1.7895456492372577
2024/2025,Female,disabled,WAEC,College of Education,state,Nasarawa,North Central,Nasarawa,,,,224,179,125,60,55,0.357032,45,54,65,5,1.7895456492372577
2024/2025,Female,disabled,WAEC,College of Education,state,Niger,North Central,Niger,,,,331,265,185,88,81,0.526575,66,80,97,7,1.7895456492372577
2024/2025,Female,disabled,WAEC,College of Education,state,Plateau,North Central,Plateau,,,,253,202,141,68,62,0.402178,51,61,73,6,1.7895456492372577
2024/2025,Female,disabled,WAEC,College of Education,state,Adamawa,North East,Adamawa,,,,604,483,338,162,149,0.960506,121,145,176,13,1.7895456492372577
2024/2025,Female,disabled,WAEC,College of Education,state,Borno,North East,Borno,,,,388,310,217,104,96,0.617309,78,93,113,8,1.7895456492372577
2024/2025,Female,disabled,WAEC,College of Education,state,Gombe,North East,Gombe,,,,337,270,189,90,83,0.536538,67,81,99,7,1.7895456492372577
2024/2025,Female,disabled,WAEC,College of Education,state,Taraba,North East,Taraba,,,,233,186,130,62,57,0.370677,47,56,68,5,1.7895456492372577
2024/2025,Female,disabled,WAEC,College of Education,state,Yobe,North East,Yobe,,,,324,259,182,87,80,0.515829,65,77,95,7,1.7895456492372577
2024/2025,Female,disabled,WAEC,College of Education,state,Kaduna,North West,Kaduna,,,,798,638,447,214,197,1.269803,160,191,233,17,1.7895456492372577
2024/2025,Female,disabled,WAEC,College of Education,state,Kano,North West,Kano,,,,1275,1020,714,341,314,2.029882,255,306,373,27,1.7895456492372577
2024/2025,Female,disabled,WAEC,College of Education,state,Katsina,North West,Katsina,,,,375,301,210,101,92,0.597984,74,91,109,9,1.7895456492372577
2024/2025,Female,disabled,WAEC,College of Education,state,Kebbi,North West,Kebbi,,,,251,201,141,67,62,0.399483,50,60,74,5,1.7895456492372577
2024/2025,Female,disabled,WAEC,College of Education,state,Sokoto,North West,Sokoto,,,,295,236,165,79,73,0.468992,59,71,86,6,1.7895456492372577
2024/2025,Female,disabled,WAEC,College of Education,state,Zamfara,North West,Zamfara,,,,348,279,195,93,86,0.554417,69,84,102,7,1.7895456492372577
2024/2025,Female,disabled,WAEC,College of Education,state,Abia,South East,Abia,,,,0,0,0,0,0,0,0,0,0,0,1.7895456492372577
2024/2025,Female,disabled,WAEC,College of Education,state,Anambra,South East,Anambra,,,,0,0,0,0,0,0,0,0,0,0,1.7895456492372577
2024/2025,Female,disabled,WAEC,College of Education,state,Ebonyi,South East,Ebonyi,,,,163,130,91,44,40,0.259191,33,39,47,4,1.7895456492372577
2024/2025,Female,disabled,WAEC,College of Education,state,Imo,South East,Imo,,,,530,424,297,142,131,0.843246,106,127,155,11,1.7895456492372577
2024/2025,Female,disabled,WAEC,College of Education,state,Akwa Ibom,South South,Akwa Ibom,,,,372,297,208,100,92,0.591716,75,89,108,8,1.7895456492372577
2024/2025,Female,disabled,WAEC,College of Education,state,Bayelsa,South South,Bayelsa,,,,500,400,280,134,123,0.796198,100,120,146,11,1.7895456492372577
2024/2025,Female,disabled,WAEC,College of Education,state,Cross River,South South,Cross River,,,,0,0,0,0,0,0,0,0,0,0,1.7895456492372577
2024/2025,Female,disabled,WAEC,College of Education,state,Delta,South South,Delta,,,,168,134,94,45,41,0.266804,34,40,49,4,1.7895456492372577
2024/2025,Female,disabled,WAEC,College of Education,state,Edo,South South,Edo,,,,371,297,208,99,91,0.589953,74,89,109,8,1.7895456492372577
2024/2025,Female,disabled,WAEC,College of Education,state,Rivers,South South,Rivers,,,,383,306,214,102,94,0.608885,77,92,112,8,1.7895456492372577
2024/2025,Female,disabled,WAEC,College of Education,state,Ekiti,South West,Ekiti,,,,652,522,365,175,161,1.038201,130,157,190,14,1.7895456492372577
2024/2025,Female,disabled,WAEC,College of Education,state,Lagos,South West,Lagos,,,,613,491,344,164,151,0.976286,122,147,180,13,1.7895456492372577
2024/2025,Female,disabled,WAEC,College of Education,state,Ogun,South West,Ogun,,,,757,605,424,203,187,1.204339,152,181,221,16,1.7895456492372577
2024/2025,Female,disabled,WAEC,College of Education,state,Ondo,South West,Ondo,,,,246,196,138,66,61,0.390751,50,58,72,5,1.7895456492372577
2024/2025,Female,disabled,WAEC,College of Education,state,Osun,South West,Osun,,,,137,109,77,37,34,0.217592,28,32,40,3,1.7895456492372577
2024/2025,Female,disabled,WAEC,College of Education,state,Oyo,South West,Oyo,,,,919,735,515,246,226,1.463083,184,220,269,20,1.7895456492372577
2024/2025,Female,disabled,WAEC,Polytechnic,state,Benue,North Central,Benue,,,,309,248,173,83,76,0.492493,61,75,90,7,1.7895456492372577
2024/2025,Female,disabled,WAEC,Polytechnic,state,Abuja Federal Capital Territory,North Central,Abuja Federal Capital Territory,,,,344,275,193,92,85,0.547917,69,82,101,7,1.7895456492372577
2024/2025,Female,disabled,WAEC,Polytechnic,state,Kogi,North Central,Kogi,,,,210,168,118,56,52,0.33449,42,50,62,4,1.7895456492372577
2024/2025,Female,disabled,WAEC,Polytechnic,state,Kwara,North Central,Kwara,,,,508,406,284,136,125,0.808361,102,122,148,11,1.7895456492372577
2024/2025,Female,disabled,WAEC,Polytechnic,state,Nasarawa,North Central,Nasarawa,,,,193,154,108,52,48,0.307444,39,46,56,4,1.7895456492372577
2024/2025,Female,disabled,WAEC,Polytechnic,state,Niger,North Central,Niger,,,,264,211,148,71,65,0.419676,53,63,77,6,1.7895456492372577
2024/2025,Female,disabled,WAEC,Polytechnic,state,Plateau,North Central,Plateau,,,,238,190,133,64,58,0.37852,48,57,69,6,1.7895456492372577
2024/2025,Female,disabled,WAEC,Polytechnic,state,Adamawa,North East,Adamawa,,,,599,479,335,160,148,0.953409,120,144,175,12,1.7895456492372577
2024/2025,Female,disabled,WAEC,Polytechnic,state,Borno,North East,Borno,,,,457,365,256,122,112,0.726924,92,109,134,10,1.7895456492372577
2024/2025,Female,disabled,WAEC,Polytechnic,state,Gombe,North East,Gombe,,,,319,255,179,85,79,0.508112,64,76,94,6,1.7895456492372577
2024/2025,Female,disabled,WAEC,Polytechnic,state,Taraba,North East,Taraba,,,,222,178,125,60,55,0.353828,44,53,65,5,1.7895456492372577
2024/2025,Female,disabled,WAEC,Polytechnic,state,Yobe,North East,Yobe,,,,372,298,208,100,92,0.591991,74,90,108,8,1.7895456492372577
2024/2025,Female,disabled,WAEC,Polytechnic,state,Kaduna,North West,Kaduna,,,,306,245,171,82,75,0.48733,61,74,89,7,1.7895456492372577
2024/2025,Female,disabled,WAEC,Polytechnic,state,Kano,North West,Kano,,,,1068,854,598,286,263,1.699576,214,256,312,23,1.7895456492372577
2024/2025,Female,disabled,WAEC,Polytechnic,state,Katsina,North West,Katsina,,,,332,265,186,89,82,0.528008,67,79,97,7,1.7895456492372577
2024/2025,Female,disabled,WAEC,Polytechnic,state,Kebbi,North West,Kebbi,,,,335,268,187,90,82,0.532644,67,81,97,8,1.7895456492372577
2024/2025,Female,disabled,WAEC,Polytechnic,state,Sokoto,North West,Sokoto,,,,239,191,134,64,59,0.379986,48,57,70,5,1.7895456492372577
2024/2025,Female,disabled,WAEC,Polytechnic,state,Zamfara,North West,Zamfara,,,,269,215,151,72,66,0.428549,54,64,79,6,1.7895456492372577
2024/2025,Female,disabled,WAEC,Polytechnic,state,Abia,South East,Abia,,,,0,0,0,0,0,0,0,0,0,0,1.7895456492372577
2024/2025,Female,disabled,WAEC,Polytechnic,state,Anambra,South East,Anambra,,,,0,0,0,0,0,0,0,0,0,0,1.7895456492372577
2024/2025,Female,disabled,WAEC,Polytechnic,state,Ebonyi,South East,Ebonyi,,,,241,193,135,65,59,0.383802,48,58,70,6,1.7895456492372577
2024/2025,Female,disabled,WAEC,Polytechnic,state,Imo,South East,Imo,,,,592,474,332,159,146,0.942451,118,142,173,13,1.7895456492372577
2024/2025,Female,disabled,WAEC,Polytechnic,state,Akwa Ibom,South South,Akwa Ibom,,,,356,285,200,95,88,0.567316,71,85,105,7,1.7895456492372577
2024/2025,Female,disabled,WAEC,Polytechnic,state,Bayelsa,South South,Bayelsa,,,,360,288,202,96,89,0.572996,72,86,106,7,1.7895456492372577
2024/2025,Female,disabled,WAEC,Polytechnic,state,Cross River,South South,Cross River,,,,0,0,0,0,0,0,0,0,0,0,1.7895456492372577
2024/2025,Female,disabled,WAEC,Polytechnic,state,Delta,South South,Delta,,,,265,212,149,71,65,0.422439,53,63,78,6,1.7895456492372577
2024/2025,Female,disabled,WAEC,Polytechnic,state,Edo,South South,Edo,,,,227,182,127,61,56,0.361838,45,55,66,5,1.7895456492372577
2024/2025,Female,disabled,WAEC,Polytechnic,state,Rivers,South South,Rivers,,,,450,360,252,121,111,0.716165,90,108,131,10,1.7895456492372577
2024/2025,Female,disabled,WAEC,Polytechnic,state,Ekiti,South West,Ekiti,,,,266,213,149,71,66,0.42401,53,64,78,5,1.7895456492372577
2024/2025,Female,disabled,WAEC,Polytechnic,state,Lagos,South West,Lagos,,,,1140,912,639,305,281,1.814319,228,273,334,24,1.7895456492372577
2024/2025,Female,disabled,WAEC,Polytechnic,state,Ogun,South West,Ogun,,,,593,474,332,159,146,0.943941,119,142,173,13,1.7895456492372577
2024/2025,Female,disabled,WAEC,Polytechnic,state,Ondo,South West,Ondo,,,,294,235,165,79,72,0.467936,59,70,86,7,1.7895456492372577
2024/2025,Female,disabled,WAEC,Polytechnic,state,Osun,South West,Osun,,,,234,187,132,63,58,0.373015,47,55,69,5,1.7895456492372577
2024/2025,Female,disabled,WAEC,Polytechnic,state,Oyo,South West,Oyo,,,,449,359,251,120,111,0.714529,90,108,131,9,1.7895456492372577
2024/2025,Female,disabled,WAEC,University,state,Benue,North Central,Benue,,,,274,219,153,73,67,0.435392,55,66,80,6,1.7895456492372577
2024/2025,Female,disabled,WAEC,University,state,Abuja Federal Capital Territory,North Central,Abuja Federal Capital Territory,,,,214,171,120,57,53,0.339793,43,51,63,4,1.7895456492372577
2024/2025,Female,disabled,WAEC,University,state,Kogi,North Central,Kogi,,,,276,221,155,74,68,0.440119,55,66,81,6,1.7895456492372577
2024/2025,Female,disabled,WAEC,University,state,Kwara,North Central,Kwara,,,,430,344,240,115,106,0.683562,86,104,125,9,1.7895456492372577
2024/2025,Female,disabled,WAEC,University,state,Nasarawa,North Central,Nasarawa,,,,193,154,108,52,48,0.307444,39,46,56,4,1.7895456492372577
2024/2025,Female,disabled,WAEC,University,state,Niger,North Central,Niger,,,,249,199,139,67,61,0.395921,50,60,72,6,1.7895456492372577
2024/2025,Female,disabled,WAEC,University,state,Plateau,North Central,Plateau,,,,321,257,180,86,79,0.511003,64,77,94,7,1.7895456492372577
2024/2025,Female,disabled,WAEC,University,state,Adamawa,North East,Adamawa,,,,691,553,387,185,170,1.100087,138,166,202,15,1.7895456492372577
2024/2025,Female,disabled,WAEC,University,state,Borno,North East,Borno,,,,442,354,248,118,109,0.703848,88,106,130,9,1.7895456492372577
2024/2025,Female,disabled,WAEC,University,state,Gombe,North East,Gombe,,,,196,157,110,53,48,0.312684,39,47,57,5,1.7895456492372577
2024/2025,Female,disabled,WAEC,University,state,Taraba,North East,Taraba,,,,122,97,68,33,30,0.193763,25,29,35,3,1.7895456492372577
2024/2025,Female,disabled,WAEC,University,state,Yobe,North East,Yobe,,,,313,251,175,84,77,0.498519,62,76,91,7,1.7895456492372577
2024/2025,Female,disabled,WAEC,University,state,Kaduna,North West,Kaduna,,,,873,698,488,234,215,1.388776,175,210,254,19,1.7895456492372577
2024/2025,Female,disabled,WAEC,University,state,Kano,North West,Kano,,,,1345,1076,753,360,331,2.139984,269,323,393,29,1.7895456492372577
2024/2025,Female,disabled,WAEC,University,state,Katsina,North West,Katsina,,,,318,254,178,85,78,0.505742,64,76,93,7,1.7895456492372577
2024/2025,Female,disabled,WAEC,University,state,Kebbi,North West,Kebbi,,,,441,353,247,118,109,0.701314,88,106,129,9,1.7895456492372577
2024/2025,Female,disabled,WAEC,University,state,Sokoto,North West,Sokoto,,,,415,332,232,111,102,0.660696,83,100,121,9,1.7895456492372577
2024/2025,Female,disabled,WAEC,University,state,Zamfara,North West,Zamfara,,,,218,175,122,58,54,0.347634,43,53,64,4,1.7895456492372577
2024/2025,Female,disabled,WAEC,University,state,Abia,South East,Abia,,,,0,0,0,0,0,0,0,0,0,0,1.7895456492372577
2024/2025,Female,disabled,WAEC,University,state,Anambra,South East,Anambra,,,,0,0,0,0,0,0,0,0,0,0,1.7895456492372577
2024/2025,Female,disabled,WAEC,University,state,Ebonyi,South East,Ebonyi,,,,470,376,263,126,116,0.747666,94,113,137,10,1.7895456492372577
2024/2025,Female,disabled,WAEC,University,state,Imo,South East,Imo,,,,570,456,319,153,140,0.907729,114,137,166,13,1.7895456492372577
2024/2025,Female,disabled,WAEC,University,state,Akwa Ibom,South South,Akwa Ibom,,,,504,403,282,135,124,0.802172,101,121,147,11,1.7895456492372577
2024/2025,Female,disabled,WAEC,University,state,Bayelsa,South South,Bayelsa,,,,178,142,100,48,44,0.283167,36,42,52,4,1.7895456492372577
2024/2025,Female,disabled,WAEC,University,state,Cross River,South South,Cross River,,,,0,0,0,0,0,0,0,0,0,0,1.7895456492372577
2024/2025,Female,disabled,WAEC,University,state,Delta,South South,Delta,,,,188,151,106,50,46,0.300154,37,45,56,4,1.7895456492372577
2024/2025,Female,disabled,WAEC,University,state,Edo,South South,Edo,,,,378,303,212,101,93,0.601752,75,91,111,8,1.7895456492372577
2024/2025,Female,disabled,WAEC,University,state,Rivers,South South,Rivers,,,,426,341,239,114,105,0.678472,85,102,125,9,1.7895456492372577
2024/2025,Female,disabled,WAEC,University,state,Ekiti,South West,Ekiti,,,,455,364,254,122,112,0.723311,91,110,132,10,1.7895456492372577
2024/2025,Female,disabled,WAEC,University,state,Lagos,South West,Lagos,,,,982,786,550,263,242,1.563334,196,236,287,21,1.7895456492372577
2024/2025,Female,disabled,WAEC,University,state,Ogun,South West,Ogun,,,,436,349,244,117,107,0.693559,87,105,127,10,1.7895456492372577
2024/2025,Female,disabled,WAEC,University,state,Ondo,South West,Ondo,,,,243,194,136,65,60,0.385927,49,58,71,5,1.7895456492372577
2024/2025,Female,disabled,WAEC,University,state,Osun,South West,Osun,,,,195,156,109,52,48,0.310846,39,47,57,4,1.7895456492372577
2024/2025,Female,disabled,WAEC,University,state,Oyo,South West,Oyo,,,,794,635,445,213,196,1.263468,159,190,232,17,1.7895456492372577
2024/2025,Male,all,NABTEB,College of Education,state,Benue,North Central,Benue,,,,1906,1525,1067,510,470,3.033472,381,458,557,40,1.7895456492372577
2024/2025,Male,all,NABTEB,College of Education,state,Abuja Federal Capital Territory,North Central,Abuja Federal Capital Territory,,,,1601,1281,897,429,395,2.54845,320,384,468,34,1.7895456492372577
2024/2025,Male,all,NABTEB,College of Education,state,Kogi,North Central,Kogi,,,,1173,938,657,314,289,1.866103,235,281,343,25,1.7895456492372577
2024/2025,Male,all,NABTEB,College of Education,state,Kwara,North Central,Kwara,,,,1809,1447,1013,484,446,2.8789,362,434,529,38,1.7895456492372577
2024/2025,Male,all,NABTEB,College of Education,state,Nasarawa,North Central,Nasarawa,,,,1122,897,628,300,276,1.785158,225,269,328,24,1.7895456492372577
2024/2025,Male,all,NABTEB,College of Education,state,Niger,North Central,Niger,,,,1908,1526,1068,511,470,3.036712,382,458,557,41,1.7895456492372577
2024/2025,Male,all,NABTEB,College of Education,state,Plateau,North Central,Plateau,,,,1183,947,663,317,292,1.883139,236,284,346,25,1.7895456492372577
2024/2025,Male,all,NABTEB,College of Education,state,Adamawa,North East,Adamawa,,,,2964,2371,1660,794,730,4.717362,593,711,866,64,1.7895456492372577
2024/2025,Male,all,NABTEB,College of Education,state,Bauchi,North East,Bauchi,,,,27588,22070,15449,7388,6797,43.908004,5518,6621,8061,591,1.7895456492372577
2024/2025,Male,all,NABTEB,College of Education,state,Borno,North East,Borno,,,,1928,1543,1080,516,475,3.069237,385,463,564,41,1.7895456492372577
2024/2025,Male,all,NABTEB,College of Education,state,Gombe,North East,Gombe,,,,2291,1832,1283,613,564,3.645617,459,549,670,49,1.7895456492372577
2024/2025,Male,all,NABTEB,College of Education,state,Taraba,North East,Taraba,,,,1466,1173,821,393,361,2.33358,293,352,428,32,1.7895456492372577
2024/2025,Male,all,NABTEB,College of Education,state,Yobe,North East,Yobe,,,,1625,1300,910,435,400,2.586068,325,390,475,35,1.7895456492372577
2024/2025,Male,all,NABTEB,College of Education,state,Jigawa,North West,Jigawa,,,,29247,23398,16378,7832,7205,46.548989,5849,7020,8546,627,1.7895456492372577
2024/2025,Male,all,NABTEB,College of Education,state,Kaduna,North West,Kaduna,,,,4114,3291,2304,1102,1014,6.548067,823,987,1202,88,1.7895456492372577
2024/2025,Male,all,NABTEB,College of Education,state,Kano,North West,Kano,,,,6308,5046,3532,1689,1554,10.039306,1262,1514,1843,135,1.7895456492372577
2024/2025,Male,all,NABTEB,College of Education,state,Katsina,North West,Katsina,,,,2214,1771,1240,593,546,3.524291,443,531,647,47,1.7895456492372577
2024/2025,Male,all,NABTEB,College of Education,state,Kebbi,North West,Kebbi,,,,1954,1563,1094,523,481,3.110049,391,469,571,42,1.7895456492372577
2024/2025,Male,all,NABTEB,College of Education,state,Sokoto,North West,Sokoto,,,,1895,1516,1061,507,467,3.015924,379,455,554,40,1.7895456492372577
2024/2025,Male,all,NABTEB,College of Education,state,Zamfara,North West,Zamfara,,,,3386,2708,1896,907,834,5.388334,678,812,989,73,1.7895456492372577
2024/2025,Male,all,NABTEB,College of Education,state,Abia,South East,Abia,,,,1101,881,617,295,271,1.752924,220,264,322,24,1.7895456492372577
2024/2025,Male,all,NABTEB,College of Education,state,Anambra,South East,Anambra,,,,1703,1362,954,456,420,2.710607,341,408,498,36,1.7895456492372577
2024/2025,Male,all,NABTEB,College of Education,state,Ebonyi,South East,Ebonyi,,,,708,566,396,190,174,1.126483,142,170,206,16,1.7895456492372577
2024/2025,Male,all,NABTEB,College of Education,state,Enugu,South East,Enugu,,,,19485,15588,10912,5218,4800,31.011808,3897,4676,5694,418,1.7895456492372577
2024/2025,Male,all,NABTEB,College of Education,state,Imo,South East,Imo,,,,2828,2263,1584,757,697,4.501445,565,679,827,60,1.7895456492372577
2024/2025,Male,all,NABTEB,College of Education,state,Akwa Ibom,South South,Akwa Ibom,,,,1819,1455,1018,487,448,2.89453,364,437,531,39,1.7895456492372577
2024/2025,Male,all,NABTEB,College of Education,state,Bayelsa,South South,Bayelsa,,,,2570,2056,1439,688,633,4.090923,514,617,751,55,1.7895456492372577
2024/2025,Male,all,NABTEB,College of Education,state,Cross River,South South,Cross River,,,,935,748,524,251,230,1.488714,187,224,273,21,1.7895456492372577
2024/2025,Male,all,NABTEB,College of Education,state,Delta,South South,Delta,,,,880,704,493,236,217,1.400719,176,211,257,19,1.7895456492372577
2024/2025,Male,all,NABTEB,College of Education,state,Edo,South South,Edo,,,,1542,1234,864,413,380,2.454206,308,370,451,33,1.7895456492372577
2024/2025,Male,all,NABTEB,College of Education,state,Rivers,South South,Rivers,,,,1927,1542,1079,516,475,3.067622,385,463,563,41,1.7895456492372577
2024/2025,Male,all,NABTEB,College of Education,state,Ekiti,South West,Ekiti,,,,2108,1686,1180,564,519,3.354667,422,506,616,45,1.7895456492372577
2024/2025,Male,all,NABTEB,College of Education,state,Lagos,South West,Lagos,,,,2633,2106,1474,705,649,4.190161,527,632,769,56,1.7895456492372577
2024/2025,Male,all,NABTEB,College of Education,state,Ogun,South West,Ogun,,,,3282,2625,1838,879,808,5.222976,657,787,959,71,1.7895456492372577
2024/2025,Male,all,NABTEB,College of Education,state,Ondo,South West,Ondo,,,,1343,1074,752,360,331,2.137068,269,322,392,29,1.7895456492372577
2024/2025,Male,all,NABTEB,College of Education,state,Osun,South West,Osun,,,,645,516,361,173,159,1.025792,129,155,188,14,1.7895456492372577
2024/2025,Male,all,NABTEB,College of Education,state,Oyo,South West,Oyo,,,,4609,3687,2581,1234,1136,7.335828,922,1106,1347,98,1.7895456492372577
2024/2025,Male,all,NABTEB,Polytechnic,state,Benue,North Central,Benue,,,,1955,1564,1095,524,482,3.111985,391,469,571,42,1.7895456492372577
2024/2025,Male,all,NABTEB,Polytechnic,state,Abuja Federal Capital Territory,North Central,Abuja Federal Capital Territory,,,,1326,1061,743,355,327,2.110966,265,318,388,28,1.7895456492372577
2024/2025,Male,all,NABTEB,Polytechnic,state,Kogi,North Central,Kogi,,,,1099,879,615,294,271,1.748738,220,264,321,23,1.7895456492372577
2024/2025,Male,all,NABTEB,Polytechnic,state,Kwara,North Central,Kwara,,,,2613,2090,1463,700,644,4.158096,523,627,763,56,1.7895456492372577
2024/2025,Male,all,NABTEB,Polytechnic,state,Nasarawa,North Central,Nasarawa,,,,1009,808,565,270,249,1.606642,201,243,295,21,1.7895456492372577
2024/2025,Male,all,NABTEB,Polytechnic,state,Niger,North Central,Niger,,,,1503,1202,841,402,370,2.391361,301,361,439,32,1.7895456492372577
2024/2025,Male,all,NABTEB,Polytechnic,state,Plateau,North Central,Plateau,,,,1183,947,663,317,292,1.883139,236,284,346,25,1.7895456492372577
2024/2025,Male,all,NABTEB,Polytechnic,state,Adamawa,North East,Adamawa,,,,2937,2350,1645,787,724,4.674778,587,705,858,63,1.7895456492372577
2024/2025,Male,all,NABTEB,Polytechnic,state,Borno,North East,Borno,,,,2189,1752,1226,586,539,3.484622,437,526,640,47,1.7895456492372577
2024/2025,Male,all,NABTEB,Polytechnic,state,Gombe,North East,Gombe,,,,2096,1677,1174,561,516,3.336486,419,503,613,45,1.7895456492372577
2024/2025,Male,all,NABTEB,Polytechnic,state,Taraba,North East,Taraba,,,,1339,1071,750,359,330,2.131393,268,321,391,29,1.7895456492372577
2024/2025,Male,all,NABTEB,Polytechnic,state,Yobe,North East,Yobe,,,,1975,1580,1106,529,487,3.14344,395,474,577,42,1.7895456492372577
2024/2025,Male,all,NABTEB,Polytechnic,state,Kaduna,North West,Kaduna,,,,1662,1329,931,445,409,2.644851,333,398,486,36,1.7895456492372577
2024/2025,Male,all,NABTEB,Polytechnic,state,Kano,North West,Kano,,,,4861,3889,2722,1302,1198,7.737172,972,1167,1420,104,1.7895456492372577
2024/2025,Male,all,NABTEB,Polytechnic,state,Katsina,North West,Katsina,,,,2028,1623,1136,543,500,3.22848,405,487,593,43,1.7895456492372577
2024/2025,Male,all,NABTEB,Polytechnic,state,Kebbi,North West,Kebbi,,,,2257,1806,1264,604,556,3.592387,451,542,660,48,1.7895456492372577
2024/2025,Male,all,NABTEB,Polytechnic,state,Sokoto,North West,Sokoto,,,,1362,1089,762,365,335,2.166947,273,327,397,30,1.7895456492372577
2024/2025,Male,all,NABTEB,Polytechnic,state,Zamfara,North West,Zamfara,,,,2516,2012,1409,674,620,4.00379,504,603,735,54,1.7895456492372577
2024/2025,Male,all,NABTEB,Polytechnic,state,Abia,South East,Abia,,,,551,441,308,147,136,0.876462,110,133,161,11,1.7895456492372577
2024/2025,Male,all,NABTEB,Polytechnic,state,Anambra,South East,Anambra,,,,1277,1022,715,342,315,2.032954,255,307,373,27,1.7895456492372577
2024/2025,Male,all,NABTEB,Polytechnic,state,Ebonyi,South East,Ebonyi,,,,987,789,552,264,243,1.570098,198,237,288,21,1.7895456492372577
2024/2025,Male,all,NABTEB,Polytechnic,state,Imo,South East,Imo,,,,2945,2356,1649,789,726,4.687455,589,707,860,63,1.7895456492372577
2024/2025,Male,all,NABTEB,Polytechnic,state,Akwa Ibom,South South,Akwa Ibom,,,,1625,1300,910,435,400,2.586472,325,390,475,35,1.7895456492372577
2024/2025,Male,all,NABTEB,Polytechnic,state,Bayelsa,South South,Bayelsa,,,,1867,1494,1046,500,460,2.971583,373,448,546,40,1.7895456492372577
2024/2025,Male,all,NABTEB,Polytechnic,state,Cross River,South South,Cross River,,,,935,748,524,251,230,1.488714,187,224,273,21,1.7895456492372577
2024/2025,Male,all,NABTEB,Polytechnic,state,Delta,South South,Delta,,,,1250,1000,700,335,308,1.989911,250,300,365,27,1.7895456492372577
2024/2025,Male,all,NABTEB,Polytechnic,state,Edo,South South,Edo,,,,1018,814,570,273,251,1.620405,204,244,297,22,1.7895456492372577
2024/2025,Male,all,NABTEB,Polytechnic,state,Rivers,South South,Rivers,,,,2310,1848,1294,619,569,3.676507,462,554,675,50,1.7895456492372577
2024/2025,Male,all,NABTEB,Polytechnic,state,Ekiti,South West,Ekiti,,,,954,763,534,255,235,1.51833,191,229,279,20,1.7895456492372577
2024/2025,Male,all,NABTEB,Polytechnic,state,Lagos,South West,Lagos,,,,5142,4114,2880,1377,1267,8.18464,1028,1234,1503,110,1.7895456492372577
2024/2025,Male,all,NABTEB,Polytechnic,state,Ogun,South West,Ogun,,,,2248,1798,1259,602,554,3.577964,450,539,657,48,1.7895456492372577
2024/2025,Male,all,NABTEB,Polytechnic,state,Ondo,South West,Ondo,,,,1519,1215,850,407,374,2.416865,304,365,443,33,1.7895456492372577
2024/2025,Male,all,NABTEB,Polytechnic,state,Osun,South West,Osun,,,,957,766,536,256,236,1.523145,191,230,280,20,1.7895456492372577
2024/2025,Male,all,NABTEB,Polytechnic,state,Oyo,South West,Oyo,,,,2034,1627,1139,545,501,3.236929,407,488,594,44,1.7895456492372577
2024/2025,Male,all,NABTEB,University,state,Benue,North Central,Benue,,,,1680,1344,941,450,414,2.673024,336,403,491,36,1.7895456492372577
2024/2025,Male,all,NABTEB,University,state,Abuja Federal Capital Territory,North Central,Abuja Federal Capital Territory,,,,977,781,547,262,241,1.554555,196,234,285,21,1.7895456492372577
2024/2025,Male,all,NABTEB,University,state,Kogi,North Central,Kogi,,,,1486,1189,832,398,366,2.364904,297,357,434,32,1.7895456492372577
2024/2025,Male,all,NABTEB,University,state,Kwara,North Central,Kwara,,,,2302,1842,1289,617,567,3.664571,460,553,672,50,1.7895456492372577
2024/2025,Male,all,NABTEB,University,state,Nasarawa,North Central,Nasarawa,,,,1022,818,572,274,252,1.626477,204,246,298,22,1.7895456492372577
2024/2025,Male,all,NABTEB,University,state,Niger,North Central,Niger,,,,1530,1224,857,410,377,2.434913,306,367,447,33,1.7895456492372577
2024/2025,Male,all,NABTEB,University,state,Plateau,North Central,Plateau,,,,1602,1282,897,429,395,2.550281,320,385,468,34,1.7895456492372577
2024/2025,Male,all,NABTEB,University,state,Adamawa,North East,Adamawa,,,,3489,2791,1954,934,860,5.552481,698,837,1020,74,1.7895456492372577
2024/2025,Male,all,NABTEB,University,state,Borno,North East,Borno,,,,2251,1801,1261,603,555,3.582699,450,540,658,48,1.7895456492372577
2024/2025,Male,all,NABTEB,University,state,Gombe,North East,Gombe,,,,1380,1104,773,369,340,2.195898,276,331,404,29,1.7895456492372577
2024/2025,Male,all,NABTEB,University,state,Taraba,North East,Taraba,,,,783,627,439,210,193,1.246823,156,188,229,17,1.7895456492372577
2024/2025,Male,all,NABTEB,University,state,Yobe,North East,Yobe,,,,1416,1133,793,379,349,2.253722,283,340,414,30,1.7895456492372577
2024/2025,Male,all,NABTEB,University,state,Kaduna,North West,Kaduna,,,,4906,3925,2747,1314,1209,7.808718,981,1178,1433,105,1.7895456492372577
2024/2025,Male,all,NABTEB,University,state,Kano,North West,Kano,,,,6347,5077,3554,1700,1564,10.101364,1270,1523,1854,136,1.7895456492372577
2024/2025,Male,all,NABTEB,University,state,Katsina,North West,Katsina,,,,1813,1450,1015,485,447,2.884957,363,435,530,38,1.7895456492372577
2024/2025,Male,all,NABTEB,University,state,Kebbi,North West,Kebbi,,,,3016,2413,1689,808,743,4.799713,603,724,881,65,1.7895456492372577
2024/2025,Male,all,NABTEB,University,state,Sokoto,North West,Sokoto,,,,2458,1967,1377,658,606,3.912828,491,590,719,52,1.7895456492372577
2024/2025,Male,all,NABTEB,University,state,Zamfara,North West,Zamfara,,,,2092,1674,1172,560,515,3.329499,418,502,612,45,1.7895456492372577
2024/2025,Male,all,NABTEB,University,state,Abia,South East,Abia,,,,1101,881,617,295,271,1.752924,220,264,322,24,1.7895456492372577
2024/2025,Male,all,NABTEB,University,state,Anambra,South East,Anambra,,,,1703,1362,954,456,420,2.710607,341,408,498,36,1.7895456492372577
2024/2025,Male,all,NABTEB,University,state,Ebonyi,South East,Ebonyi,,,,1863,1491,1044,499,459,2.965741,372,447,545,40,1.7895456492372577
2024/2025,Male,all,NABTEB,University,state,Imo,South East,Imo,,,,2596,2077,1454,695,640,4.131905,519,623,759,55,1.7895456492372577
2024/2025,Male,all,NABTEB,University,state,Akwa Ibom,South South,Akwa Ibom,,,,2167,1734,1214,580,534,3.449646,433,520,634,46,1.7895456492372577
2024/2025,Male,all,NABTEB,University,state,Bayelsa,South South,Bayelsa,,,,923,738,517,247,227,1.469135,185,221,270,20,1.7895456492372577
2024/2025,Male,all,NABTEB,University,state,Cross River,South South,Cross River,,,,935,748,524,251,230,1.488714,187,224,273,21,1.7895456492372577
2024/2025,Male,all,NABTEB,University,state,Delta,South South,Delta,,,,880,704,493,236,217,1.400719,176,211,257,19,1.7895456492372577
2024/2025,Male,all,NABTEB,University,state,Edo,South South,Edo,,,,1663,1330,931,445,410,2.646924,333,399,486,35,1.7895456492372577
2024/2025,Male,all,NABTEB,University,state,Rivers,South South,Rivers,,,,2086,1669,1168,559,514,3.319874,417,501,609,45,1.7895456492372577
2024/2025,Male,all,NABTEB,University,state,Ekiti,South West,Ekiti,,,,1600,1280,896,429,394,2.547178,320,384,467,35,1.7895456492372577
2024/2025,Male,all,NABTEB,University,state,Lagos,South West,Lagos,,,,4921,3936,2756,1318,1212,7.831561,985,1180,1438,106,1.7895456492372577
2024/2025,Male,all,NABTEB,University,state,Ogun,South West,Ogun,,,,1742,1393,975,466,429,2.771733,349,418,509,37,1.7895456492372577
2024/2025,Male,all,NABTEB,University,state,Ondo,South West,Ondo,,,,1206,965,676,323,297,1.919985,241,289,353,26,1.7895456492372577
2024/2025,Male,all,NABTEB,University,state,Osun,South West,Osun,,,,937,750,525,251,231,1.492061,187,225,274,20,1.7895456492372577
2024/2025,Male,all,NABTEB,University,state,Oyo,South West,Oyo,,,,3904,3123,2186,1045,962,6.212997,781,937,1141,83,1.7895456492372577
2024/2025,Male,all,NECO,College of Education,state,Benue,North Central,Benue,,,,3453,2762,1934,925,851,5.495938,691,828,1009,74,1.7895456492372577
2024/2025,Male,all,NECO,College of Education,state,Abuja Federal Capital Territory,North Central,Abuja Federal Capital Territory,,,,2893,2314,1620,775,713,4.6042,579,694,845,62,1.7895456492372577
2024/2025,Male,all,NECO,College of Education,state,Kogi,North Central,Kogi,,,,2183,1746,1222,585,538,3.474003,437,524,637,47,1.7895456492372577
2024/2025,Male,all,NECO,College of Education,state,Kwara,North Central,Kwara,,,,3325,2660,1862,891,819,5.292638,665,798,971,72,1.7895456492372577
2024/2025,Male,all,NECO,College of Education,state,Nasarawa,North Central,Nasarawa,,,,2125,1700,1190,569,524,3.381882,425,510,621,45,1.7895456492372577
2024/2025,Male,all,NECO,College of Education,state,Niger,North Central,Niger,,,,3493,2794,1956,935,860,5.558728,699,838,1021,75,1.7895456492372577
2024/2025,Male,all,NECO,College of Education,state,Plateau,North Central,Plateau,,,,2173,1739,1217,582,535,3.45873,434,522,635,47,1.7895456492372577
2024/2025,Male,all,NECO,College of Education,state,Adamawa,North East,Adamawa,,,,5298,4238,2967,1419,1305,8.431633,1060,1271,1548,114,1.7895456492372577
2024/2025,Male,all,NECO,College of Education,state,Borno,North East,Borno,,,,3699,2959,2072,991,911,5.887511,740,887,1081,80,1.7895456492372577
2024/2025,Male,all,NECO,College of Education,state,Gombe,North East,Gombe,,,,4293,3434,2404,1150,1058,6.832867,859,1030,1254,92,1.7895456492372577
2024/2025,Male,all,NECO,College of Education,state,Taraba,North East,Taraba,,,,2673,2138,1497,716,659,4.254361,535,641,781,57,1.7895456492372577
2024/2025,Male,all,NECO,College of Education,state,Yobe,North East,Yobe,,,,2989,2391,1674,800,736,4.756703,598,717,874,64,1.7895456492372577
2024/2025,Male,all,NECO,College of Education,state,Kaduna,North West,Kaduna,,,,7675,6140,4298,2055,1891,12.215279,1535,1842,2243,164,1.7895456492372577
2024/2025,Male,all,NECO,College of Education,state,Kano,North West,Kano,,,,11207,8965,6276,3001,2761,17.836534,2242,2689,3275,240,1.7895456492372577
2024/2025,Male,all,NECO,College of Education,state,Katsina,North West,Katsina,,,,4135,3308,2316,1107,1019,6.58101,827,992,1209,88,1.7895456492372577
2024/2025,Male,all,NECO,College of Education,state,Kebbi,North West,Kebbi,,,,3451,2761,1932,924,850,5.492151,690,829,1008,74,1.7895456492372577
2024/2025,Male,all,NECO,College of Education,state,Sokoto,North West,Sokoto,,,,3413,2731,1912,914,841,5.432771,682,819,998,73,1.7895456492372577
2024/2025,Male,all,NECO,College of Education,state,Zamfara,North West,Zamfara,,,,5950,4760,3332,1593,1466,9.470042,1190,1428,1739,127,1.7895456492372577
2024/2025,Male,all,NECO,College of Education,state,Abia,South East,Abia,,,,2203,1762,1234,590,543,3.505849,441,528,644,47,1.7895456492372577
2024/2025,Male,all,NECO,College of Education,state,Anambra,South East,Anambra,,,,3406,2725,1907,912,839,5.421213,681,818,995,73,1.7895456492372577
2024/2025,Male,all,NECO,College of Education,state,Ebonyi,South East,Ebonyi,,,,1328,1062,744,356,327,2.113402,266,318,388,29,1.7895456492372577
2024/2025,Male,all,NECO,College of Education,state,Imo,South East,Imo,,,,5172,4138,2896,1385,1274,8.231567,1034,1242,1511,111,1.7895456492372577
2024/2025,Male,all,NECO,College of Education,state,Akwa Ibom,South South,Akwa Ibom,,,,3304,2643,1850,885,814,5.258346,661,793,965,71,1.7895456492372577
2024/2025,Male,all,NECO,College of Education,state,Bayelsa,South South,Bayelsa,,,,4898,3918,2743,1312,1207,7.795408,980,1175,1431,105,1.7895456492372577
2024/2025,Male,all,NECO,College of Education,state,Cross River,South South,Cross River,,,,935,748,524,251,230,1.488714,187,224,273,21,1.7895456492372577
2024/2025,Male,all,NECO,College of Education,state,Delta,South South,Delta,,,,1627,1302,911,436,401,2.590219,325,391,475,35,1.7895456492372577
2024/2025,Male,all,NECO,College of Education,state,Edo,South South,Edo,,,,2911,2329,1630,780,717,4.633101,582,699,850,63,1.7895456492372577
2024/2025,Male,all,NECO,College of Education,state,Rivers,South South,Rivers,,,,3600,2880,2016,964,887,5.72932,720,864,1052,77,1.7895456492372577
2024/2025,Male,all,NECO,College of Education,state,Ekiti,South West,Ekiti,,,,3892,3114,2180,1042,959,6.194911,778,934,1138,83,1.7895456492372577
2024/2025,Male,all,NECO,College of Education,state,Lagos,South West,Lagos,,,,4848,3879,2715,1298,1195,7.716703,969,1164,1417,103,1.7895456492372577
2024/2025,Male,all,NECO,College of Education,state,Ogun,South West,Ogun,,,,6118,4894,3426,1638,1507,9.73737,1224,1468,1788,131,1.7895456492372577
2024/2025,Male,all,NECO,College of Education,state,Ondo,South West,Ondo,,,,2388,1911,1338,640,588,3.801377,477,573,698,52,1.7895456492372577
2024/2025,Male,all,NECO,College of Education,state,Osun,South West,Osun,,,,1230,984,689,330,303,1.958329,246,295,359,27,1.7895456492372577
2024/2025,Male,all,NECO,College of Education,state,Oyo,South West,Oyo,,,,8594,6875,4813,2302,2117,13.678121,1719,2062,2511,185,1.7895456492372577
2024/2025,Male,all,NECO,Polytechnic,state,Benue,North Central,Benue,,,,3518,2815,1970,942,867,5.599432,703,845,1028,75,1.7895456492372577
2024/2025,Male,all,NECO,Polytechnic,state,Abuja Federal Capital Territory,North Central,Abuja Federal Capital Territory,,,,2455,1964,1375,658,605,3.907624,491,589,717,53,1.7895456492372577
2024/2025,Male,all,NECO,Polytechnic,state,Kogi,North Central,Kogi,,,,2002,1602,1121,536,493,3.186458,400,481,585,43,1.7895456492372577
2024/2025,Male,all,NECO,Polytechnic,state,Kwara,North Central,Kwara,,,,4806,3845,2692,1287,1184,7.649649,961,1153,1405,103,1.7895456492372577
2024/2025,Male,all,NECO,Polytechnic,state,Nasarawa,North Central,Nasarawa,,,,1813,1451,1015,486,447,2.886005,362,436,529,39,1.7895456492372577
2024/2025,Male,all,NECO,Polytechnic,state,Niger,North Central,Niger,,,,2749,2199,1539,736,677,4.374924,550,660,803,59,1.7895456492372577
2024/2025,Male,all,NECO,Polytechnic,state,Plateau,North Central,Plateau,,,,2194,1755,1229,588,541,3.49185,439,526,641,47,1.7895456492372577
2024/2025,Male,all,NECO,Polytechnic,state,Adamawa,North East,Adamawa,,,,5534,4427,3099,1482,1363,8.807792,1107,1328,1617,119,1.7895456492372577
2024/2025,Male,all,NECO,Polytechnic,state,Borno,North East,Borno,,,,3980,3184,2229,1066,981,6.334628,796,955,1163,85,1.7895456492372577
2024/2025,Male,all,NECO,Polytechnic,state,Gombe,North East,Gombe,,,,3844,3076,2153,1030,947,6.118667,768,923,1123,83,1.7895456492372577
2024/2025,Male,all,NECO,Polytechnic,state,Taraba,North East,Taraba,,,,2514,2011,1408,673,619,4.001627,503,603,735,54,1.7895456492372577
2024/2025,Male,all,NECO,Polytechnic,state,Yobe,North East,Yobe,,,,3687,2949,2065,987,908,5.867985,738,884,1078,79,1.7895456492372577
2024/2025,Male,all,NECO,Polytechnic,state,Kaduna,North West,Kaduna,,,,3086,2469,1728,827,760,4.912194,617,741,901,67,1.7895456492372577
2024/2025,Male,all,NECO,Polytechnic,state,Kano,North West,Kano,,,,9277,7422,5195,2485,2286,14.765688,1855,2227,2710,199,1.7895456492372577
2024/2025,Male,all,NECO,Polytechnic,state,Katsina,North West,Katsina,,,,3733,2987,2091,1000,920,5.941675,746,896,1091,80,1.7895456492372577
2024/2025,Male,all,NECO,Polytechnic,state,Kebbi,North West,Kebbi,,,,4167,3333,2333,1116,1027,6.631417,834,1000,1217,89,1.7895456492372577
2024/2025,Male,all,NECO,Polytechnic,state,Sokoto,North West,Sokoto,,,,2491,1993,1395,667,614,3.964177,498,598,728,53,1.7895456492372577
2024/2025,Male,all,NECO,Polytechnic,state,Zamfara,North West,Zamfara,,,,4820,3856,2699,1291,1188,7.671933,964,1157,1408,103,1.7895456492372577
2024/2025,Male,all,NECO,Polytechnic,state,Abia,South East,Abia,,,,1652,1322,925,442,407,2.629386,330,397,483,35,1.7895456492372577
2024/2025,Male,all,NECO,Polytechnic,state,Anambra,South East,Anambra,,,,2555,2044,1430,684,629,4.06591,511,614,746,55,1.7895456492372577
2024/2025,Male,all,NECO,Polytechnic,state,Ebonyi,South East,Ebonyi,,,,1816,1453,1017,486,448,2.890974,363,436,531,38,1.7895456492372577
2024/2025,Male,all,NECO,Polytechnic,state,Imo,South East,Imo,,,,5404,4323,3026,1447,1331,8.601107,1081,1297,1579,116,1.7895456492372577
2024/2025,Male,all,NECO,Polytechnic,state,Akwa Ibom,South South,Akwa Ibom,,,,2972,2378,1665,796,732,4.730681,594,713,869,64,1.7895456492372577
2024/2025,Male,all,NECO,Polytechnic,state,Bayelsa,South South,Bayelsa,,,,3420,2736,1915,916,843,5.44346,684,821,999,73,1.7895456492372577
2024/2025,Male,all,NECO,Polytechnic,state,Cross River,South South,Cross River,,,,1871,1497,1048,501,461,2.977428,374,449,547,40,1.7895456492372577
2024/2025,Male,all,NECO,Polytechnic,state,Delta,South South,Delta,,,,2340,1872,1310,627,576,3.724135,468,562,683,51,1.7895456492372577
2024/2025,Male,all,NECO,Polytechnic,state,Edo,South South,Edo,,,,1856,1485,1039,497,457,2.9537,371,446,542,40,1.7895456492372577
2024/2025,Male,all,NECO,Polytechnic,state,Rivers,South South,Rivers,,,,4316,3453,2417,1156,1063,6.868805,863,1036,1261,93,1.7895456492372577
2024/2025,Male,all,NECO,Polytechnic,state,Ekiti,South West,Ekiti,,,,1785,1428,999,478,440,2.840244,357,429,521,38,1.7895456492372577
2024/2025,Male,all,NECO,Polytechnic,state,Lagos,South West,Lagos,,,,9547,7638,5346,2557,2352,15.195184,1909,2292,2789,205,1.7895456492372577
2024/2025,Male,all,NECO,Polytechnic,state,Ogun,South West,Ogun,,,,4213,3370,2359,1128,1038,6.705239,843,1011,1231,90,1.7895456492372577
2024/2025,Male,all,NECO,Polytechnic,state,Ondo,South West,Ondo,,,,2861,2289,1602,766,705,4.553933,572,687,836,61,1.7895456492372577
2024/2025,Male,all,NECO,Polytechnic,state,Osun,South West,Osun,,,,1777,1422,995,476,438,2.828698,355,427,519,38,1.7895456492372577
2024/2025,Male,all,NECO,Polytechnic,state,Oyo,South West,Oyo,,,,3687,2950,2065,987,908,5.868209,737,885,1078,79,1.7895456492372577
2024/2025,Male,all,NECO,University,state,Benue,North Central,Benue,,,,3193,2554,1788,855,787,5.081958,639,766,933,68,1.7895456492372577
2024/2025,Male,all,NECO,University,state,Abuja Federal Capital Territory,North Central,Abuja Federal Capital Territory,,,,1753,1403,982,470,432,2.790553,350,421,512,38,1.7895456492372577
2024/2025,Male,all,NECO,University,state,Kogi,North Central,Kogi,,,,2743,2195,1536,735,676,4.365976,548,659,801,59,1.7895456492372577
2024/2025,Male,all,NECO,University,state,Kwara,North Central,Kwara,,,,4275,3420,2394,1145,1053,6.804415,855,1026,1249,92,1.7895456492372577
2024/2025,Male,all,NECO,University,state,Nasarawa,North Central,Nasarawa,,,,1876,1500,1050,502,462,2.98518,376,450,548,40,1.7895456492372577
2024/2025,Male,all,NECO,University,state,Niger,North Central,Niger,,,,2856,2285,1599,765,704,4.54517,571,686,834,61,1.7895456492372577
2024/2025,Male,all,NECO,University,state,Plateau,North Central,Plateau,,,,3017,2414,1690,808,743,4.802477,603,724,882,65,1.7895456492372577
2024/2025,Male,all,NECO,University,state,Adamawa,North East,Adamawa,,,,6530,5224,3657,1749,1609,10.392863,1306,1567,1908,140,1.7895456492372577
2024/2025,Male,all,NECO,University,state,Borno,North East,Borno,,,,4040,3232,2262,1082,995,6.42982,808,970,1180,87,1.7895456492372577
2024/2025,Male,all,NECO,University,state,Gombe,North East,Gombe,,,,2389,1911,1338,640,589,3.801959,478,573,698,51,1.7895456492372577
2024/2025,Male,all,NECO,University,state,Taraba,North East,Taraba,,,,1413,1131,791,378,348,2.249335,282,340,413,30,1.7895456492372577
2024/2025,Male,all,NECO,University,state,Yobe,North East,Yobe,,,,2691,2153,1507,721,663,4.282417,538,646,786,58,1.7895456492372577
2024/2025,Male,all,NECO,University,state,Kaduna,North West,Kaduna,,,,8916,7132,4993,2388,2196,14.189766,1784,2139,2605,192,1.7895456492372577
2024/2025,Male,all,NECO,University,state,Kano,North West,Kano,,,,11763,9410,6587,3150,2898,18.721355,2353,2823,3437,252,1.7895456492372577
2024/2025,Male,all,NECO,University,state,Katsina,North West,Katsina,,,,3423,2739,1917,917,843,5.448656,684,822,1000,74,1.7895456492372577
2024/2025,Male,all,NECO,University,state,Kebbi,North West,Kebbi,,,,5686,4548,3184,1523,1401,9.049028,1138,1364,1661,122,1.7895456492372577
2024/2025,Male,all,NECO,University,state,Sokoto,North West,Sokoto,,,,4603,3682,2578,1233,1134,7.325854,921,1104,1345,99,1.7895456492372577
2024/2025,Male,all,NECO,University,state,Zamfara,North West,Zamfara,,,,3856,3085,2159,1033,950,6.137546,771,926,1126,83,1.7895456492372577
2024/2025,Male,all,NECO,University,state,Abia,South East,Abia,,,,1652,1322,925,442,407,2.629386,330,397,483,35,1.7895456492372577
2024/2025,Male,all,NECO,University,state,Anambra,South East,Anambra,,,,2980,2384,1669,798,734,4.743561,596,715,871,64,1.7895456492372577
2024/2025,Male,all,NECO,University,state,Ebonyi,South East,Ebonyi,,,,3414,2731,1912,914,841,5.433037,683,819,998,73,1.7895456492372577
2024/2025,Male,all,NECO,University,state,Imo,South East,Imo,,,,4776,3821,2675,1279,1177,7.601613,955,1146,1396,102,1.7895456492372577
2024/2025,Male,all,NECO,University,state,Akwa Ibom,South South,Akwa Ibom,,,,4178,3342,2340,1119,1029,6.649185,836,1002,1221,90,1.7895456492372577
2024/2025,Male,all,NECO,University,state,Bayelsa,South South,Bayelsa,,,,1719,1375,962,460,423,2.735055,344,413,502,37,1.7895456492372577
2024/2025,Male,all,NECO,University,state,Cross River,South South,Cross River,,,,935,748,524,251,230,1.488714,187,224,273,21,1.7895456492372577
2024/2025,Male,all,NECO,University,state,Delta,South South,Delta,,,,1620,1296,907,434,399,2.579102,324,389,473,35,1.7895456492372577
2024/2025,Male,all,NECO,University,state,Edo,South South,Edo,,,,3106,2485,1739,832,765,4.94381,621,746,907,67,1.7895456492372577
2024/2025,Male,all,NECO,University,state,Rivers,South South,Rivers,,,,3919,3135,2194,1049,965,6.236724,784,941,1145,84,1.7895456492372577
2024/2025,Male,all,NECO,University,state,Ekiti,South West,Ekiti,,,,2860,2288,1602,766,705,4.551872,572,686,836,61,1.7895456492372577
2024/2025,Male,all,NECO,University,state,Lagos,South West,Lagos,,,,9202,7362,5153,2464,2267,14.646422,1840,2209,2689,197,1.7895456492372577
2024/2025,Male,all,NECO,University,state,Ogun,South West,Ogun,,,,3220,2576,1803,862,793,5.125327,644,773,941,69,1.7895456492372577
2024/2025,Male,all,NECO,University,state,Ondo,South West,Ondo,,,,2264,1811,1268,606,558,3.603589,453,543,662,48,1.7895456492372577
2024/2025,Male,all,NECO,University,state,Osun,South West,Osun,,,,1738,1391,973,466,428,2.766529,347,418,507,38,1.7895456492372577
2024/2025,Male,all,NECO,University,state,Oyo,South West,Oyo,,,,7130,5704,3993,1910,1757,11.348531,1426,1711,2083,153,1.7895456492372577
2024/2025,Male,all,WAEC,College of Education,state,Benue,North Central,Benue,,,,4807,3846,2692,1287,1184,7.651487,961,1154,1405,103,1.7895456492372577
2024/2025,Male,all,WAEC,College of Education,state,Abuja Federal Capital Territory,North Central,Abuja Federal Capital Territory,,,,3968,3175,2222,1063,978,6.31591,793,953,1159,85,1.7895456492372577
2024/2025,Male,all,WAEC,College of Education,state,Kogi,North Central,Kogi,,,,2964,2372,1660,794,730,4.718071,592,712,866,64,1.7895456492372577
2024/2025,Male,all,WAEC,College of Education,state,Kwara,North Central,Kwara,,,,4421,3537,2476,1184,1089,7.036997,884,1061,1292,95,1.7895456492372577
2024/2025,Male,all,WAEC,College of Education,state,Nasarawa,North Central,Nasarawa,,,,2898,2318,1623,776,714,4.611657,580,695,847,62,1.7895456492372577
2024/2025,Male,all,WAEC,College of Education,state,Niger,North Central,Niger,,,,4886,3908,2736,1308,1204,7.775884,978,1172,1428,104,1.7895456492372577
2024/2025,Male,all,WAEC,College of Education,state,Plateau,North Central,Plateau,,,,3017,2414,1690,808,743,4.802477,603,724,882,65,1.7895456492372577
2024/2025,Male,all,WAEC,College of Education,state,Adamawa,North East,Adamawa,,,,7185,5748,4024,1924,1770,11.436172,1437,1724,2100,154,1.7895456492372577
2024/2025,Male,all,WAEC,College of Education,state,Borno,North East,Borno,,,,4823,3858,2701,1292,1188,7.675976,965,1157,1409,104,1.7895456492372577
2024/2025,Male,all,WAEC,College of Education,state,Gombe,North East,Gombe,,,,5671,4536,3176,1519,1397,9.025211,1135,1360,1657,122,1.7895456492372577
2024/2025,Male,all,WAEC,College of Education,state,Taraba,North East,Taraba,,,,3594,2875,2013,963,885,5.72022,719,862,1050,78,1.7895456492372577
2024/2025,Male,all,WAEC,College of Education,state,Yobe,North East,Yobe,,,,4072,3258,2280,1090,1003,6.480748,814,978,1190,87,1.7895456492372577
2024/2025,Male,all,WAEC,College of Education,state,Kaduna,North West,Kaduna,,,,10234,8187,5731,2741,2521,16.287801,2047,2456,2990,220,1.7895456492372577
2024/2025,Male,all,WAEC,College of Education,state,Kano,North West,Kano,,,,15622,12497,8748,4184,3849,24.863048,3125,3749,4564,335,1.7895456492372577
2024/2025,Male,all,WAEC,College of Education,state,Katsina,North West,Katsina,,,,5684,4547,3183,1522,1400,9.046105,1137,1364,1661,122,1.7895456492372577
2024/2025,Male,all,WAEC,College of Education,state,Kebbi,North West,Kebbi,,,,4579,3663,2564,1226,1128,7.288344,916,1099,1338,98,1.7895456492372577
2024/2025,Male,all,WAEC,College of Education,state,Sokoto,North West,Sokoto,,,,4665,3732,2613,1249,1149,7.42513,933,1119,1364,100,1.7895456492372577
2024/2025,Male,all,WAEC,College of Education,state,Zamfara,North West,Zamfara,,,,8277,6622,4635,2217,2039,13.174147,1655,1987,2418,178,1.7895456492372577
2024/2025,Male,all,WAEC,College of Education,state,Abia,South East,Abia,,,,3304,2643,1850,885,814,5.258773,661,793,965,71,1.7895456492372577
2024/2025,Male,all,WAEC,College of Education,state,Anambra,South East,Anambra,,,,4684,3747,2622,1254,1154,7.454168,937,1125,1368,100,1.7895456492372577
2024/2025,Male,all,WAEC,College of Education,state,Ebonyi,South East,Ebonyi,,,,1766,1413,989,473,435,2.811223,353,424,516,38,1.7895456492372577
2024/2025,Male,all,WAEC,College of Education,state,Imo,South East,Imo,,,,7026,5621,3935,1882,1731,11.182928,1405,1686,2053,151,1.7895456492372577
2024/2025,Male,all,WAEC,College of Education,state,Akwa Ibom,South South,Akwa Ibom,,,,4440,3552,2487,1189,1094,7.067046,888,1065,1298,95,1.7895456492372577
2024/2025,Male,all,WAEC,College of Education,state,Bayelsa,South South,Bayelsa,,,,6394,5116,3581,1712,1575,10.177338,1278,1535,1869,137,1.7895456492372577
2024/2025,Male,all,WAEC,College of Education,state,Cross River,South South,Cross River,,,,1871,1497,1048,501,461,2.977428,374,449,547,40,1.7895456492372577
2024/2025,Male,all,WAEC,College of Education,state,Delta,South South,Delta,,,,2130,1704,1193,571,525,3.39063,426,511,622,46,1.7895456492372577
2024/2025,Male,all,WAEC,College of Education,state,Edo,South South,Edo,,,,3907,3125,2188,1046,963,6.218109,782,937,1142,83,1.7895456492372577
2024/2025,Male,all,WAEC,College of Education,state,Rivers,South South,Rivers,,,,4921,3936,2756,1318,1212,7.831423,985,1180,1438,106,1.7895456492372577
2024/2025,Male,all,WAEC,College of Education,state,Ekiti,South West,Ekiti,,,,5307,4245,2972,1421,1307,8.445905,1062,1273,1551,114,1.7895456492372577
2024/2025,Male,all,WAEC,College of Education,state,Lagos,South West,Lagos,,,,6546,5237,3666,1753,1613,10.417975,1309,1571,1913,140,1.7895456492372577
2024/2025,Male,all,WAEC,College of Education,state,Ogun,South West,Ogun,,,,8184,6547,4583,2192,2016,13.02489,1637,1964,2391,176,1.7895456492372577
2024/2025,Male,all,WAEC,College of Education,state,Ondo,South West,Ondo,,,,3322,2658,1860,890,818,5.287194,664,798,970,72,1.7895456492372577
2024/2025,Male,all,WAEC,College of Education,state,Osun,South West,Osun,,,,1641,1312,919,439,404,2.611106,329,393,480,35,1.7895456492372577
2024/2025,Male,all,WAEC,College of Education,state,Oyo,South West,Oyo,,,,11523,9218,6453,3086,2839,18.33957,2305,2765,3367,247,1.7895456492372577
2024/2025,Male,all,WAEC,Polytechnic,state,Benue,North Central,Benue,,,,4774,3819,2673,1278,1176,7.597955,955,1146,1395,102,1.7895456492372577
2024/2025,Male,all,WAEC,Polytechnic,state,Abuja Federal Capital Territory,North Central,Abuja Federal Capital Territory,,,,3344,2675,1873,895,824,5.322014,669,802,978,71,1.7895456492372577
2024/2025,Male,all,WAEC,Polytechnic,state,Kogi,North Central,Kogi,,,,2765,2212,1549,741,681,4.401186,553,663,808,60,1.7895456492372577
2024/2025,Male,all,WAEC,Polytechnic,state,Kwara,North Central,Kwara,,,,6633,5306,3714,1776,1634,10.556913,1327,1592,1938,142,1.7895456492372577
2024/2025,Male,all,WAEC,Polytechnic,state,Nasarawa,North Central,Nasarawa,,,,2480,1984,1389,664,611,3.947182,496,595,725,53,1.7895456492372577
2024/2025,Male,all,WAEC,Polytechnic,state,Niger,North Central,Niger,,,,3697,2957,2070,990,911,5.883383,740,887,1080,79,1.7895456492372577
2024/2025,Male,all,WAEC,Polytechnic,state,Plateau,North Central,Plateau,,,,2851,2281,1597,763,702,4.537513,570,684,834,61,1.7895456492372577
2024/2025,Male,all,WAEC,Polytechnic,state,Adamawa,North East,Adamawa,,,,7343,5874,4112,1966,1809,11.686944,1469,1762,2146,157,1.7895456492372577
2024/2025,Male,all,WAEC,Polytechnic,state,Borno,North East,Borno,,,,5426,4341,3039,1453,1337,8.636555,1085,1302,1586,116,1.7895456492372577
2024/2025,Male,all,WAEC,Polytechnic,state,Gombe,North East,Gombe,,,,5320,4256,2979,1425,1311,8.467354,1064,1277,1554,114,1.7895456492372577
2024/2025,Male,all,WAEC,Polytechnic,state,Taraba,North East,Taraba,,,,3414,2731,1912,914,841,5.433788,683,819,998,73,1.7895456492372577
2024/2025,Male,all,WAEC,Polytechnic,state,Yobe,North East,Yobe,,,,4979,3983,2788,1333,1227,7.924376,996,1195,1455,106,1.7895456492372577
2024/2025,Male,all,WAEC,Polytechnic,state,Kaduna,North West,Kaduna,,,,4061,3249,2274,1088,1001,6.463413,812,975,1186,87,1.7895456492372577
2024/2025,Male,all,WAEC,Polytechnic,state,Kano,North West,Kano,,,,12097,9678,6774,3240,2980,19.253848,2419,2904,3534,260,1.7895456492372577
2024/2025,Male,all,WAEC,Polytechnic,state,Katsina,North West,Katsina,,,,5110,4088,2862,1369,1259,8.133225,1022,1226,1493,110,1.7895456492372577
2024/2025,Male,all,WAEC,Polytechnic,state,Kebbi,North West,Kebbi,,,,5598,4478,3135,1499,1379,8.909949,1120,1343,1636,120,1.7895456492372577
2024/2025,Male,all,WAEC,Polytechnic,state,Sokoto,North West,Sokoto,,,,3446,2757,1930,923,849,5.484121,689,827,1007,74,1.7895456492372577
2024/2025,Male,all,WAEC,Polytechnic,state,Zamfara,North West,Zamfara,,,,6255,5004,3503,1675,1541,9.955532,1251,1501,1828,134,1.7895456492372577
2024/2025,Male,all,WAEC,Polytechnic,state,Abia,South East,Abia,,,,2203,1762,1234,590,543,3.505849,441,528,644,47,1.7895456492372577
2024/2025,Male,all,WAEC,Polytechnic,state,Anambra,South East,Anambra,,,,3406,2725,1907,912,839,5.421213,681,818,995,73,1.7895456492372577
2024/2025,Male,all,WAEC,Polytechnic,state,Ebonyi,South East,Ebonyi,,,,2499,1999,1400,669,616,3.977581,500,599,731,53,1.7895456492372577
2024/2025,Male,all,WAEC,Polytechnic,state,Imo,South East,Imo,,,,7374,5899,4129,1975,1817,11.735998,1475,1770,2154,158,1.7895456492372577
2024/2025,Male,all,WAEC,Polytechnic,state,Akwa Ibom,South South,Akwa Ibom,,,,4195,3356,2349,1123,1034,6.676635,839,1007,1226,89,1.7895456492372577
2024/2025,Male,all,WAEC,Polytechnic,state,Bayelsa,South South,Bayelsa,,,,4751,3801,2661,1272,1171,7.562212,950,1140,1389,101,1.7895456492372577
2024/2025,Male,all,WAEC,Polytechnic,state,Cross River,South South,Cross River,,,,1871,1497,1048,501,461,2.977428,374,449,547,40,1.7895456492372577
2024/2025,Male,all,WAEC,Polytechnic,state,Delta,South South,Delta,,,,3206,2565,1795,859,790,5.10262,641,770,936,69,1.7895456492372577
2024/2025,Male,all,WAEC,Polytechnic,state,Edo,South South,Edo,,,,2511,2009,1406,672,619,3.995951,502,603,734,53,1.7895456492372577
2024/2025,Male,all,WAEC,Polytechnic,state,Rivers,South South,Rivers,,,,5782,4626,3238,1548,1425,9.202865,1156,1388,1690,123,1.7895456492372577
2024/2025,Male,all,WAEC,Polytechnic,state,Ekiti,South West,Ekiti,,,,2368,1895,1326,634,583,3.769324,473,569,692,51,1.7895456492372577
2024/2025,Male,all,WAEC,Polytechnic,state,Lagos,South West,Lagos,,,,13018,10414,7290,3486,3207,20.718966,2604,3124,3804,279,1.7895456492372577
2024/2025,Male,all,WAEC,Polytechnic,state,Ogun,South West,Ogun,,,,5854,4683,3278,1568,1442,9.316727,1171,1405,1710,126,1.7895456492372577
2024/2025,Male,all,WAEC,Polytechnic,state,Ondo,South West,Ondo,,,,3846,3077,2154,1030,948,6.12176,769,923,1124,82,1.7895456492372577
2024/2025,Male,all,WAEC,Polytechnic,state,Osun,South West,Osun,,,,2402,1922,1345,643,592,3.823405,480,577,702,51,1.7895456492372577
2024/2025,Male,all,WAEC,Polytechnic,state,Oyo,South West,Oyo,,,,5098,4078,2855,1365,1256,8.113871,1020,1223,1490,109,1.7895456492372577
2024/2025,Male,all,WAEC,University,state,Benue,North Central,Benue,,,,4316,3453,2417,1156,1063,6.869922,863,1036,1261,93,1.7895456492372577
2024/2025,Male,all,WAEC,University,state,Abuja Federal Capital Territory,North Central,Abuja Federal Capital Territory,,,,2455,1964,1375,658,605,3.907624,491,589,717,53,1.7895456492372577
2024/2025,Male,all,WAEC,University,state,Kogi,North Central,Kogi,,,,3746,2997,2098,1003,923,5.962139,749,899,1095,80,1.7895456492372577
2024/2025,Male,all,WAEC,University,state,Kwara,North Central,Kwara,,,,5683,4546,3183,1522,1400,9.045136,1137,1363,1661,122,1.7895456492372577
2024/2025,Male,all,WAEC,University,state,Nasarawa,North Central,Nasarawa,,,,2524,2019,1413,676,622,4.016604,505,606,737,54,1.7895456492372577
2024/2025,Male,all,WAEC,University,state,Niger,North Central,Niger,,,,3776,3021,2115,1011,930,6.010077,755,906,1104,81,1.7895456492372577
2024/2025,Male,all,WAEC,University,state,Plateau,North Central,Plateau,,,,4156,3325,2327,1113,1024,6.614643,831,998,1214,89,1.7895456492372577
2024/2025,Male,all,WAEC,University,state,Adamawa,North East,Adamawa,,,,8812,7049,4934,2360,2171,14.024333,1763,2115,2574,189,1.7895456492372577
2024/2025,Male,all,WAEC,University,state,Bauchi,North East,Bauchi,,,,13512,10810,7567,3619,3329,21.506239,2702,3243,3948,290,1.7895456492372577
2024/2025,Male,all,WAEC,University,state,Borno,North East,Borno,,,,5566,4453,3117,1491,1371,8.858671,1113,1336,1626,120,1.7895456492372577
2024/2025,Male,all,WAEC,University,state,Gombe,North East,Gombe,,,,3302,2642,1849,884,813,5.255231,660,793,965,71,1.7895456492372577
2024/2025,Male,all,WAEC,University,state,Taraba,North East,Taraba,,,,1969,1575,1103,527,485,3.133906,394,472,576,42,1.7895456492372577
2024/2025,Male,all,WAEC,University,state,Yobe,North East,Yobe,,,,3635,2908,2035,973,895,5.784899,727,873,1062,78,1.7895456492372577
2024/2025,Male,all,WAEC,University,state,Jigawa,North West,Jigawa,,,,12911,10329,7230,3458,3181,20.549611,2582,3099,3772,277,1.7895456492372577
2024/2025,Male,all,WAEC,University,state,Kaduna,North West,Kaduna,,,,12212,9769,6839,3270,3009,19.435998,2443,2930,3569,261,1.7895456492372577
2024/2025,Male,all,WAEC,University,state,Kano,North West,Kano,,,,16142,12914,9040,4323,3977,25.691816,3228,3874,4717,346,1.7895456492372577
2024/2025,Male,all,WAEC,University,state,Katsina,North West,Katsina,,,,4569,3655,2558,1223,1126,7.271236,914,1097,1335,97,1.7895456492372577
2024/2025,Male,all,WAEC,University,state,Kebbi,North West,Kebbi,,,,7768,6214,4350,2080,1914,12.363257,1554,1864,2270,166,1.7895456492372577
2024/2025,Male,all,WAEC,University,state,Sokoto,North West,Sokoto,,,,6136,4909,3436,1643,1512,9.766665,1227,1473,1793,131,1.7895456492372577
2024/2025,Male,all,WAEC,University,state,Zamfara,North West,Zamfara,,,,5338,4270,2989,1430,1315,8.496066,1068,1281,1559,115,1.7895456492372577
2024/2025,Male,all,WAEC,University,state,Abia,South East,Abia,,,,2753,2203,1542,737,678,4.382311,550,661,805,59,1.7895456492372577
2024/2025,Male,all,WAEC,University,state,Anambra,South East,Anambra,,,,4258,3406,2384,1140,1049,6.776516,852,1022,1244,91,1.7895456492372577
2024/2025,Male,all,WAEC,University,state,Ebonyi,South East,Ebonyi,,,,4594,3675,2573,1230,1132,7.31217,919,1102,1343,98,1.7895456492372577
2024/2025,Male,all,WAEC,University,state,Enugu,South East,Enugu,,,,8529,6823,4776,2284,2101,13.574016,1706,2047,2492,183,1.7895456492372577
2024/2025,Male,all,WAEC,University,state,Imo,South East,Imo,,,,6585,5268,3688,1764,1622,10.48105,1317,1580,1924,142,1.7895456492372577
2024/2025,Male,all,WAEC,University,state,Akwa Ibom,South South,Akwa Ibom,,,,5559,4448,3113,1489,1370,8.848296,1111,1335,1624,119,1.7895456492372577
2024/2025,Male,all,WAEC,University,state,Bayelsa,South South,Bayelsa,,,,2292,1834,1284,614,565,3.647851,458,550,670,49,1.7895456492372577
2024/2025,Male,all,WAEC,University,state,Cross River,South South,Cross River,,,,1871,1497,1048,501,461,2.977428,374,449,547,40,1.7895456492372577
2024/2025,Male,all,WAEC,University,state,Delta,South South,Delta,,,,2207,1766,1236,591,544,3.512915,441,530,645,47,1.7895456492372577
2024/2025,Male,all,WAEC,University,state,Edo,South South,Edo,,,,4211,3369,2358,1128,1037,6.701871,842,1011,1230,91,1.7895456492372577
2024/2025,Male,all,WAEC,University,state,Rivers,South South,Rivers,,,,5272,4218,2952,1412,1299,8.391018,1054,1266,1540,113,1.7895456492372577
2024/2025,Male,all,WAEC,University,state,Ekiti,South West,Ekiti,,,,3892,3114,2180,1042,959,6.194911,778,934,1138,83,1.7895456492372577
2024/2025,Male,all,WAEC,University,state,Lagos,South West,Lagos,,,,12450,9960,6972,3334,3067,19.814997,2490,2988,3638,267,1.7895456492372577
2024/2025,Male,all,WAEC,University,state,Ogun,South West,Ogun,,,,4355,3484,2439,1166,1073,6.930583,871,1045,1273,93,1.7895456492372577
2024/2025,Male,all,WAEC,University,state,Ondo,South West,Ondo,,,,3073,2459,1721,823,757,4.891619,614,738,898,66,1.7895456492372577
2024/2025,Male,all,WAEC,University,state,Osun,South West,Osun,,,,2305,1844,1291,617,568,3.667982,461,553,674,49,1.7895456492372577
2024/2025,Male,all,WAEC,University,state,Oyo,South West,Oyo,,,,9843,7874,5512,2636,2425,15.665192,1969,2362,2876,211,1.7895456492372577
2024/2025,Male,disabled,NABTEB,College of Education,state,Benue,North Central,Benue,,,,175,140,98,47,43,0.278366,35,42,51,4,1.7895456492372577
2024/2025,Male,disabled,NABTEB,College of Education,state,Abuja Federal Capital Territory,North Central,Abuja Federal Capital Territory,,,,152,122,85,41,38,0.242103,30,37,44,3,1.7895456492372577
2024/2025,Male,disabled,NABTEB,College of Education,state,Kogi,North Central,Kogi,,,,107,86,60,29,26,0.170179,21,26,31,3,1.7895456492372577
2024/2025,Male,disabled,NABTEB,College of Education,state,Kwara,North Central,Kwara,,,,157,125,88,42,39,0.249599,32,37,46,3,1.7895456492372577
2024/2025,Male,disabled,NABTEB,College of Education,state,Nasarawa,North Central,Nasarawa,,,,100,80,56,27,24,0.158681,20,24,29,3,1.7895456492372577
2024/2025,Male,disabled,NABTEB,College of Education,state,Niger,North Central,Niger,,,,159,127,89,43,39,0.253389,32,38,46,4,1.7895456492372577
2024/2025,Male,disabled,NABTEB,College of Education,state,Plateau,North Central,Plateau,,,,104,83,58,28,26,0.165603,21,25,30,2,1.7895456492372577
2024/2025,Male,disabled,NABTEB,College of Education,state,Adamawa,North East,Adamawa,,,,257,206,144,69,63,0.40928,51,62,75,6,1.7895456492372577
2024/2025,Male,disabled,NABTEB,College of Education,state,Borno,North East,Borno,,,,163,130,91,44,40,0.259616,33,39,47,4,1.7895456492372577
2024/2025,Male,disabled,NABTEB,College of Education,state,Gombe,North East,Gombe,,,,201,161,112,54,50,0.319791,40,49,58,4,1.7895456492372577
2024/2025,Male,disabled,NABTEB,College of Education,state,Taraba,North East,Taraba,,,,122,97,68,33,30,0.193763,25,29,35,3,1.7895456492372577
2024/2025,Male,disabled,NABTEB,College of Education,state,Yobe,North East,Yobe,,,,155,124,86,41,38,0.245798,31,38,45,3,1.7895456492372577
2024/2025,Male,disabled,NABTEB,College of Education,state,Kaduna,North West,Kaduna,,,,392,314,220,105,97,0.624606,78,94,115,8,1.7895456492372577
2024/2025,Male,disabled,NABTEB,College of Education,state,Kano,North West,Kano,,,,545,436,305,146,134,0.866804,109,131,159,12,1.7895456492372577
2024/2025,Male,disabled,NABTEB,College of Education,state,Katsina,North West,Katsina,,,,206,165,115,55,51,0.327619,41,50,60,4,1.7895456492372577
2024/2025,Male,disabled,NABTEB,College of Education,state,Kebbi,North West,Kebbi,,,,177,141,99,47,44,0.281118,36,42,52,3,1.7895456492372577
2024/2025,Male,disabled,NABTEB,College of Education,state,Sokoto,North West,Sokoto,,,,159,127,89,43,39,0.253324,32,38,46,4,1.7895456492372577
2024/2025,Male,disabled,NABTEB,College of Education,state,Zamfara,North West,Zamfara,,,,281,224,157,75,69,0.44653,57,67,82,6,1.7895456492372577
2024/2025,Male,disabled,NABTEB,College of Education,state,Abia,South East,Abia,,,,0,0,0,0,0,0,0,0,0,0,1.7895456492372577
2024/2025,Male,disabled,NABTEB,College of Education,state,Anambra,South East,Anambra,,,,0,0,0,0,0,0,0,0,0,0,1.7895456492372577
2024/2025,Male,disabled,NABTEB,College of Education,state,Ebonyi,South East,Ebonyi,,,,56,45,32,15,14,0.08972,11,13,17,1,1.7895456492372577
2024/2025,Male,disabled,NABTEB,College of Education,state,Imo,South East,Imo,,,,215,172,120,58,53,0.342259,43,52,62,5,1.7895456492372577
2024/2025,Male,disabled,NABTEB,College of Education,state,Akwa Ibom,South South,Akwa Ibom,,,,157,126,88,42,39,0.250107,31,38,46,3,1.7895456492372577
2024/2025,Male,disabled,NABTEB,College of Education,state,Bayelsa,South South,Bayelsa,,,,230,184,129,62,57,0.366451,46,55,67,5,1.7895456492372577
2024/2025,Male,disabled,NABTEB,College of Education,state,Cross River,South South,Cross River,,,,0,0,0,0,0,0,0,0,0,0,1.7895456492372577
2024/2025,Male,disabled,NABTEB,College of Education,state,Delta,South South,Delta,,,,84,67,47,22,21,0.133402,17,20,25,1,1.7895456492372577
2024/2025,Male,disabled,NABTEB,College of Education,state,Edo,South South,Edo,,,,141,113,79,38,35,0.224182,28,34,41,3,1.7895456492372577
2024/2025,Male,disabled,NABTEB,College of Education,state,Rivers,South South,Rivers,,,,173,138,97,46,43,0.275448,35,41,51,3,1.7895456492372577
2024/2025,Male,disabled,NABTEB,College of Education,state,Ekiti,South West,Ekiti,,,,180,144,101,48,44,0.28683,36,43,53,4,1.7895456492372577
2024/2025,Male,disabled,NABTEB,College of Education,state,Lagos,South West,Lagos,,,,266,213,149,71,65,0.42327,53,64,78,6,1.7895456492372577
2024/2025,Male,disabled,NABTEB,College of Education,state,Ogun,South West,Ogun,,,,289,232,162,78,71,0.460704,57,70,84,7,1.7895456492372577
2024/2025,Male,disabled,NABTEB,College of Education,state,Ondo,South West,Ondo,,,,118,95,66,32,29,0.188139,23,29,34,3,1.7895456492372577
2024/2025,Male,disabled,NABTEB,College of Education,state,Osun,South West,Osun,,,,58,47,33,16,14,0.093254,11,14,17,2,1.7895456492372577
2024/2025,Male,disabled,NABTEB,College of Education,state,Oyo,South West,Oyo,,,,368,294,206,98,91,0.585233,74,88,108,7,1.7895456492372577
2024/2025,Male,disabled,NABTEB,Polytechnic,state,Benue,North Central,Benue,,,,161,129,91,43,40,0.256953,32,38,48,3,1.7895456492372577
2024/2025,Male,disabled,NABTEB,Polytechnic,state,Abuja Federal Capital Territory,North Central,Abuja Federal Capital Territory,,,,115,92,64,31,28,0.182639,23,28,33,3,1.7895456492372577
2024/2025,Male,disabled,NABTEB,Polytechnic,state,Kogi,North Central,Kogi,,,,100,80,56,27,24,0.158443,20,24,29,3,1.7895456492372577
2024/2025,Male,disabled,NABTEB,Polytechnic,state,Kwara,North Central,Kwara,,,,228,183,128,61,56,0.363053,45,55,67,5,1.7895456492372577
2024/2025,Male,disabled,NABTEB,Polytechnic,state,Nasarawa,North Central,Nasarawa,,,,87,70,49,23,21,0.138846,17,21,26,2,1.7895456492372577
2024/2025,Male,disabled,NABTEB,Polytechnic,state,Niger,North Central,Niger,,,,142,113,80,38,35,0.225675,29,33,42,3,1.7895456492372577
2024/2025,Male,disabled,NABTEB,Polytechnic,state,Plateau,North Central,Plateau,,,,104,83,58,28,26,0.165603,21,25,30,2,1.7895456492372577
2024/2025,Male,disabled,NABTEB,Polytechnic,state,Adamawa,North East,Adamawa,,,,257,206,144,69,63,0.40928,51,62,75,6,1.7895456492372577
2024/2025,Male,disabled,NABTEB,Polytechnic,state,Borno,North East,Borno,,,,185,148,103,50,46,0.294231,37,45,53,4,1.7895456492372577
2024/2025,Male,disabled,NABTEB,Polytechnic,state,Gombe,North East,Gombe,,,,176,141,99,47,44,0.280705,35,42,52,3,1.7895456492372577
2024/2025,Male,disabled,NABTEB,Polytechnic,state,Taraba,North East,Taraba,,,,122,97,68,33,30,0.193763,25,29,35,3,1.7895456492372577
2024/2025,Male,disabled,NABTEB,Polytechnic,state,Yobe,North East,Yobe,,,,170,136,95,45,42,0.270031,34,41,50,3,1.7895456492372577
2024/2025,Male,disabled,NABTEB,Polytechnic,state,Kaduna,North West,Kaduna,,,,134,107,75,36,33,0.212778,27,32,39,3,1.7895456492372577
2024/2025,Male,disabled,NABTEB,Polytechnic,state,Kano,North West,Kano,,,,418,334,234,112,103,0.664616,84,100,122,9,1.7895456492372577
2024/2025,Male,disabled,NABTEB,Polytechnic,state,Katsina,North West,Katsina,,,,162,129,91,43,40,0.257642,33,38,48,3,1.7895456492372577
2024/2025,Male,disabled,NABTEB,Polytechnic,state,Kebbi,North West,Kebbi,,,,203,162,114,54,50,0.322545,41,48,60,4,1.7895456492372577
2024/2025,Male,disabled,NABTEB,Polytechnic,state,Sokoto,North West,Sokoto,,,,114,91,64,30,28,0.181435,23,27,34,2,1.7895456492372577
2024/2025,Male,disabled,NABTEB,Polytechnic,state,Zamfara,North West,Zamfara,,,,220,176,123,59,54,0.350631,44,53,64,5,1.7895456492372577
2024/2025,Male,disabled,NABTEB,Polytechnic,state,Abia,South East,Abia,,,,0,0,0,0,0,0,0,0,0,0,1.7895456492372577
2024/2025,Male,disabled,NABTEB,Polytechnic,state,Anambra,South East,Anambra,,,,0,0,0,0,0,0,0,0,0,0,1.7895456492372577
2024/2025,Male,disabled,NABTEB,Polytechnic,state,Ebonyi,South East,Ebonyi,,,,88,70,49,24,22,0.139564,18,21,25,2,1.7895456492372577
2024/2025,Male,disabled,NABTEB,Polytechnic,state,Imo,South East,Imo,,,,276,221,154,74,68,0.438984,55,67,80,6,1.7895456492372577
2024/2025,Male,disabled,NABTEB,Polytechnic,state,Akwa Ibom,South South,Akwa Ibom,,,,153,123,86,41,38,0.244007,30,37,45,3,1.7895456492372577
2024/2025,Male,disabled,NABTEB,Polytechnic,state,Bayelsa,South South,Bayelsa,,,,172,137,96,46,42,0.273172,35,41,50,4,1.7895456492372577
2024/2025,Male,disabled,NABTEB,Polytechnic,state,Cross River,South South,Cross River,,,,0,0,0,0,0,0,0,0,0,0,1.7895456492372577
2024/2025,Male,disabled,NABTEB,Polytechnic,state,Delta,South South,Delta,,,,112,89,62,30,28,0.177869,23,27,32,2,1.7895456492372577
2024/2025,Male,disabled,NABTEB,Polytechnic,state,Edo,South South,Edo,,,,97,77,54,26,24,0.153388,20,23,28,2,1.7895456492372577
2024/2025,Male,disabled,NABTEB,Polytechnic,state,Rivers,South South,Rivers,,,,178,143,100,48,44,0.284146,35,43,52,4,1.7895456492372577
2024/2025,Male,disabled,NABTEB,Polytechnic,state,Ekiti,South West,Ekiti,,,,84,67,47,23,21,0.134062,17,20,24,2,1.7895456492372577
2024/2025,Male,disabled,NABTEB,Polytechnic,state,Lagos,South West,Lagos,,,,441,353,247,118,109,0.701905,88,106,129,9,1.7895456492372577
2024/2025,Male,disabled,NABTEB,Polytechnic,state,Ogun,South West,Ogun,,,,204,164,114,55,50,0.325497,40,50,59,5,1.7895456492372577
2024/2025,Male,disabled,NABTEB,Polytechnic,state,Ondo,South West,Ondo,,,,136,109,76,37,34,0.217084,27,33,39,3,1.7895456492372577
2024/2025,Male,disabled,NABTEB,Polytechnic,state,Osun,South West,Osun,,,,78,63,44,21,19,0.124338,15,19,23,2,1.7895456492372577
2024/2025,Male,disabled,NABTEB,Polytechnic,state,Oyo,South West,Oyo,,,,180,144,101,48,44,0.285811,36,43,53,4,1.7895456492372577
2024/2025,Male,disabled,NABTEB,University,state,Benue,North Central,Benue,,,,148,119,83,40,36,0.23554,29,36,43,4,1.7895456492372577
2024/2025,Male,disabled,NABTEB,University,state,Abuja Federal Capital Territory,North Central,Abuja Federal Capital Territory,,,,85,68,48,23,21,0.135917,17,20,25,2,1.7895456492372577
2024/2025,Male,disabled,NABTEB,University,state,Kogi,North Central,Kogi,,,,133,106,74,36,33,0.211257,27,32,38,3,1.7895456492372577
2024/2025,Male,disabled,NABTEB,University,state,Kwara,North Central,Kwara,,,,200,160,112,53,49,0.317672,40,48,59,4,1.7895456492372577
2024/2025,Male,disabled,NABTEB,University,state,Nasarawa,North Central,Nasarawa,,,,94,75,52,25,23,0.148763,19,23,27,2,1.7895456492372577
2024/2025,Male,disabled,NABTEB,University,state,Niger,North Central,Niger,,,,134,108,75,36,33,0.213797,26,33,39,3,1.7895456492372577
2024/2025,Male,disabled,NABTEB,University,state,Plateau,North Central,Plateau,,,,134,107,75,36,33,0.212918,27,32,39,3,1.7895456492372577
2024/2025,Male,disabled,NABTEB,University,state,Adamawa,North East,Adamawa,,,,308,246,172,82,76,0.489716,62,74,90,6,1.7895456492372577
2024/2025,Male,disabled,NABTEB,University,state,Borno,North East,Borno,,,,201,161,113,54,50,0.320193,40,48,59,4,1.7895456492372577
2024/2025,Male,disabled,NABTEB,University,state,Gombe,North East,Gombe,,,,123,98,69,33,30,0.195428,25,29,36,3,1.7895456492372577
2024/2025,Male,disabled,NABTEB,University,state,Taraba,North East,Taraba,,,,69,55,39,18,17,0.109518,14,16,21,1,1.7895456492372577
2024/2025,Male,disabled,NABTEB,University,state,Yobe,North East,Yobe,,,,141,113,79,38,35,0.225026,28,34,41,3,1.7895456492372577
2024/2025,Male,disabled,NABTEB,University,state,Kaduna,North West,Kaduna,,,,420,336,235,112,103,0.668077,84,101,123,9,1.7895456492372577
2024/2025,Male,disabled,NABTEB,University,state,Kano,North West,Kano,,,,534,428,299,143,132,0.850789,106,129,156,11,1.7895456492372577
2024/2025,Male,disabled,NABTEB,University,state,Katsina,North West,Katsina,,,,166,133,93,45,41,0.264004,33,40,48,4,1.7895456492372577
2024/2025,Male,disabled,NABTEB,University,state,Kebbi,North West,Kebbi,,,,264,211,148,71,65,0.420197,53,63,77,6,1.7895456492372577
2024/2025,Male,disabled,NABTEB,University,state,Sokoto,North West,Sokoto,,,,217,174,122,58,54,0.345753,43,52,64,4,1.7895456492372577
2024/2025,Male,disabled,NABTEB,University,state,Zamfara,North West,Zamfara,,,,192,154,108,51,47,0.305679,38,46,57,4,1.7895456492372577
2024/2025,Male,disabled,NABTEB,University,state,Abia,South East,Abia,,,,0,0,0,0,0,0,0,0,0,0,1.7895456492372577
2024/2025,Male,disabled,NABTEB,University,state,Anambra,South East,Anambra,,,,0,0,0,0,0,0,0,0,0,0,1.7895456492372577
2024/2025,Male,disabled,NABTEB,University,state,Ebonyi,South East,Ebonyi,,,,160,128,90,43,39,0.254206,32,38,47,4,1.7895456492372577
2024/2025,Male,disabled,NABTEB,University,state,Imo,South East,Imo,,,,226,181,126,60,56,0.35962,45,55,66,4,1.7895456492372577
2024/2025,Male,disabled,NABTEB,University,state,Akwa Ibom,South South,Akwa Ibom,,,,192,153,107,51,47,0.305008,39,46,56,4,1.7895456492372577
2024/2025,Male,disabled,NABTEB,University,state,Bayelsa,South South,Bayelsa,,,,84,67,47,22,21,0.133255,17,20,25,1,1.7895456492372577
2024/2025,Male,disabled,NABTEB,University,state,Cross River,South South,Cross River,,,,0,0,0,0,0,0,0,0,0,0,1.7895456492372577
2024/2025,Male,disabled,NABTEB,University,state,Delta,South South,Delta,,,,77,61,43,21,19,0.122285,16,18,22,2,1.7895456492372577
2024/2025,Male,disabled,NABTEB,University,state,Edo,South South,Edo,,,,143,115,80,38,35,0.228115,28,35,42,3,1.7895456492372577
2024/2025,Male,disabled,NABTEB,University,state,Rivers,South South,Rivers,,,,199,159,111,53,49,0.31604,40,48,58,4,1.7895456492372577
2024/2025,Male,disabled,NABTEB,University,state,Ekiti,South West,Ekiti,,,,135,108,76,36,33,0.215123,27,32,40,3,1.7895456492372577
2024/2025,Male,disabled,NABTEB,University,state,Lagos,South West,Lagos,,,,434,347,243,116,107,0.69127,87,104,127,9,1.7895456492372577
2024/2025,Male,disabled,NABTEB,University,state,Ogun,South West,Ogun,,,,162,130,91,43,40,0.257894,32,39,48,3,1.7895456492372577
2024/2025,Male,disabled,NABTEB,University,state,Ondo,South West,Ondo,,,,106,85,59,28,26,0.168843,21,26,31,2,1.7895456492372577
2024/2025,Male,disabled,NABTEB,University,state,Osun,South West,Osun,,,,78,63,44,21,19,0.124338,15,19,23,2,1.7895456492372577
2024/2025,Male,disabled,NABTEB,University,state,Oyo,South West,Oyo,,,,328,262,184,88,81,0.521719,66,78,96,7,1.7895456492372577
2024/2025,Male,disabled,NECO,College of Education,state,Benue,North Central,Benue,,,,274,219,153,73,67,0.435392,55,66,80,6,1.7895456492372577
2024/2025,Male,disabled,NECO,College of Education,state,Abuja Federal Capital Territory,North Central,Abuja Federal Capital Territory,,,,227,181,127,61,56,0.36103,46,54,66,5,1.7895456492372577
2024/2025,Male,disabled,NECO,College of Education,state,Kogi,North Central,Kogi,,,,170,136,95,45,42,0.269939,34,41,50,3,1.7895456492372577
2024/2025,Male,disabled,NECO,College of Education,state,Kwara,North Central,Kwara,,,,267,214,150,72,66,0.425453,53,64,78,6,1.7895456492372577
2024/2025,Male,disabled,NECO,College of Education,state,Nasarawa,North Central,Nasarawa,,,,162,129,91,43,40,0.257856,33,38,48,3,1.7895456492372577
2024/2025,Male,disabled,NECO,College of Education,state,Niger,North Central,Niger,,,,266,213,149,71,66,0.423635,53,64,78,5,1.7895456492372577
2024/2025,Male,disabled,NECO,College of Education,state,Plateau,North Central,Plateau,,,,169,136,95,45,42,0.269696,33,41,50,3,1.7895456492372577
2024/2025,Male,disabled,NECO,College of Education,state,Adamawa,North East,Adamawa,,,,424,339,237,113,104,0.674247,85,102,124,9,1.7895456492372577
2024/2025,Male,disabled,NECO,College of Education,state,Borno,North East,Borno,,,,281,225,157,75,69,0.447116,56,68,82,6,1.7895456492372577
2024/2025,Male,disabled,NECO,College of Education,state,Gombe,North East,Gombe,,,,317,254,178,85,78,0.504559,63,76,93,7,1.7895456492372577
2024/2025,Male,disabled,NECO,College of Education,state,Taraba,North East,Taraba,,,,206,165,116,55,51,0.328555,41,49,61,4,1.7895456492372577
2024/2025,Male,disabled,NECO,College of Education,state,Yobe,North East,Yobe,,,,233,186,130,62,57,0.370427,47,56,68,5,1.7895456492372577
2024/2025,Male,disabled,NECO,College of Education,state,Kaduna,North West,Kaduna,,,,627,501,351,168,154,0.997539,126,150,183,14,1.7895456492372577
2024/2025,Male,disabled,NECO,College of Education,state,Kano,North West,Kano,,,,855,684,479,229,211,1.361262,171,205,250,18,1.7895456492372577
2024/2025,Male,disabled,NECO,College of Education,state,Katsina,North West,Katsina,,,,328,262,184,88,81,0.521646,66,78,96,7,1.7895456492372577
2024/2025,Male,disabled,NECO,College of Education,state,Kebbi,North West,Kebbi,,,,249,199,140,67,61,0.396524,50,59,73,6,1.7895456492372577
2024/2025,Male,disabled,NECO,College of Education,state,Sokoto,North West,Sokoto,,,,254,203,142,68,63,0.403949,51,61,74,5,1.7895456492372577
2024/2025,Male,disabled,NECO,College of Education,state,Zamfara,North West,Zamfara,,,,463,371,259,124,114,0.737225,92,112,135,10,1.7895456492372577
2024/2025,Male,disabled,NECO,College of Education,state,Abia,South East,Abia,,,,0,0,0,0,0,0,0,0,0,0,1.7895456492372577
2024/2025,Male,disabled,NECO,College of Education,state,Anambra,South East,Anambra,,,,426,341,238,114,105,0.677651,85,103,124,9,1.7895456492372577
2024/2025,Male,disabled,NECO,College of Education,state,Ebonyi,South East,Ebonyi,,,,100,80,56,27,25,0.159502,20,24,29,2,1.7895456492372577
2024/2025,Male,disabled,NECO,College of Education,state,Imo,South East,Imo,,,,394,315,221,106,97,0.627474,79,94,115,9,1.7895456492372577
2024/2025,Male,disabled,NECO,College of Education,state,Akwa Ibom,South South,Akwa Ibom,,,,249,199,139,67,62,0.396511,50,60,72,5,1.7895456492372577
2024/2025,Male,disabled,NECO,College of Education,state,Bayelsa,South South,Bayelsa,,,,383,307,215,103,94,0.609641,76,92,112,9,1.7895456492372577
2024/2025,Male,disabled,NECO,College of Education,state,Cross River,South South,Cross River,,,,0,0,0,0,0,0,0,0,0,0,1.7895456492372577
2024/2025,Male,disabled,NECO,College of Education,state,Delta,South South,Delta,,,,119,95,66,32,29,0.188986,24,29,34,3,1.7895456492372577
2024/2025,Male,disabled,NECO,College of Education,state,Edo,South South,Edo,,,,230,184,129,62,57,0.365771,46,55,67,5,1.7895456492372577
2024/2025,Male,disabled,NECO,College of Education,state,Rivers,South South,Rivers,,,,286,229,160,77,70,0.455214,57,69,83,7,1.7895456492372577
2024/2025,Male,disabled,NECO,College of Education,state,Ekiti,South West,Ekiti,,,,313,251,175,84,77,0.498835,62,76,91,7,1.7895456492372577
2024/2025,Male,disabled,NECO,College of Education,state,Lagos,South West,Lagos,,,,416,333,233,111,102,0.661492,83,100,122,9,1.7895456492372577
2024/2025,Male,disabled,NECO,College of Education,state,Ogun,South West,Ogun,,,,472,378,264,126,116,0.751147,94,114,138,10,1.7895456492372577
2024/2025,Male,disabled,NECO,College of Education,state,Ondo,South West,Ondo,,,,188,150,105,50,46,0.299093,38,45,55,4,1.7895456492372577
2024/2025,Male,disabled,NECO,College of Education,state,Osun,South West,Osun,,,,78,63,44,21,19,0.124338,15,19,23,2,1.7895456492372577
2024/2025,Male,disabled,NECO,College of Education,state,Oyo,South West,Oyo,,,,667,534,373,179,164,1.061586,133,161,194,15,1.7895456492372577
2024/2025,Male,disabled,NECO,Polytechnic,state,Benue,North Central,Benue,,,,280,224,157,75,69,0.446099,56,67,82,6,1.7895456492372577
2024/2025,Male,disabled,NECO,Polytechnic,state,Abuja Federal Capital Territory,North Central,Abuja Federal Capital Territory,,,,208,167,117,56,51,0.331299,41,50,61,5,1.7895456492372577
2024/2025,Male,disabled,NECO,Polytechnic,state,Kogi,North Central,Kogi,,,,158,127,89,42,39,0.252335,31,38,47,3,1.7895456492372577
2024/2025,Male,disabled,NECO,Polytechnic,state,Kwara,North Central,Kwara,,,,371,297,207,99,91,0.589962,74,90,108,8,1.7895456492372577
2024/2025,Male,disabled,NECO,Polytechnic,state,Nasarawa,North Central,Nasarawa,,,,143,115,80,38,35,0.228103,28,35,42,3,1.7895456492372577
2024/2025,Male,disabled,NECO,Polytechnic,state,Niger,North Central,Niger,,,,221,177,124,59,55,0.352369,44,53,65,4,1.7895456492372577
2024/2025,Male,disabled,NECO,Polytechnic,state,Plateau,North Central,Plateau,,,,181,145,102,49,45,0.288622,36,43,53,4,1.7895456492372577
2024/2025,Male,disabled,NECO,Polytechnic,state,Adamawa,North East,Adamawa,,,,438,351,246,117,108,0.697905,87,105,129,9,1.7895456492372577
2024/2025,Male,disabled,NECO,Polytechnic,state,Borno,North East,Borno,,,,306,245,171,82,75,0.487501,61,74,89,7,1.7895456492372577
2024/2025,Male,disabled,NECO,Polytechnic,state,Gombe,North East,Gombe,,,,317,254,177,85,78,0.504559,63,77,92,7,1.7895456492372577
2024/2025,Male,disabled,NECO,Polytechnic,state,Taraba,North East,Taraba,,,,201,161,113,54,50,0.32013,40,48,59,4,1.7895456492372577
2024/2025,Male,disabled,NECO,Polytechnic,state,Yobe,North East,Yobe,,,,276,221,155,74,68,0.439666,55,66,81,6,1.7895456492372577
2024/2025,Male,disabled,NECO,Polytechnic,state,Kaduna,North West,Kaduna,,,,234,187,131,63,58,0.372933,47,56,68,5,1.7895456492372577
2024/2025,Male,disabled,NECO,Polytechnic,state,Kano,North West,Kano,,,,748,599,419,200,184,1.191104,149,180,219,16,1.7895456492372577
2024/2025,Male,disabled,NECO,Polytechnic,state,Katsina,North West,Katsina,,,,288,230,161,77,71,0.458031,58,69,84,6,1.7895456492372577
2024/2025,Male,disabled,NECO,Polytechnic,state,Kebbi,North West,Kebbi,,,,327,262,183,88,81,0.520807,65,79,95,7,1.7895456492372577
2024/2025,Male,disabled,NECO,Polytechnic,state,Sokoto,North West,Sokoto,,,,204,163,114,55,50,0.325213,41,49,59,5,1.7895456492372577
2024/2025,Male,disabled,NECO,Polytechnic,state,Zamfara,North West,Zamfara,,,,394,315,220,105,97,0.626341,79,95,115,8,1.7895456492372577
2024/2025,Male,disabled,NECO,Polytechnic,state,Abia,South East,Abia,,,,0,0,0,0,0,0,0,0,0,0,1.7895456492372577
2024/2025,Male,disabled,NECO,Polytechnic,state,Anambra,South East,Anambra,,,,0,0,0,0,0,0,0,0,0,0,1.7895456492372577
2024/2025,Male,disabled,NECO,Polytechnic,state,Ebonyi,South East,Ebonyi,,,,147,118,82,39,36,0.234269,29,36,43,3,1.7895456492372577
2024/2025,Male,disabled,NECO,Polytechnic,state,Imo,South East,Imo,,,,424,339,237,113,104,0.674597,85,102,124,9,1.7895456492372577
2024/2025,Male,disabled,NECO,Polytechnic,state,Akwa Ibom,South South,Akwa Ibom,,,,224,179,125,60,55,0.35686,45,54,65,5,1.7895456492372577
2024/2025,Male,disabled,NECO,Polytechnic,state,Bayelsa,South South,Bayelsa,,,,268,214,150,72,66,0.426415,54,64,78,6,1.7895456492372577
2024/2025,Male,disabled,NECO,Polytechnic,state,Cross River,South South,Cross River,,,,0,0,0,0,0,0,0,0,0,0,1.7895456492372577
2024/2025,Male,disabled,NECO,Polytechnic,state,Delta,South South,Delta,,,,188,151,106,50,46,0.300154,37,45,56,4,1.7895456492372577
2024/2025,Male,disabled,NECO,Polytechnic,state,Edo,South South,Edo,,,,148,119,83,40,37,0.235981,29,36,43,3,1.7895456492372577
2024/2025,Male,disabled,NECO,Polytechnic,state,Rivers,South South,Rivers,,,,330,264,185,88,81,0.524801,66,79,97,7,1.7895456492372577
2024/2025,Male,disabled,NECO,Polytechnic,state,Ekiti,South West,Ekiti,,,,133,107,75,36,33,0.212005,26,32,39,3,1.7895456492372577
2024/2025,Male,disabled,NECO,Polytechnic,state,Lagos,South West,Lagos,,,,728,583,408,195,179,1.159207,145,175,213,16,1.7895456492372577
2024/2025,Male,disabled,NECO,Polytechnic,state,Ogun,South West,Ogun,,,,333,267,187,89,82,0.530811,66,80,98,7,1.7895456492372577
2024/2025,Male,disabled,NECO,Polytechnic,state,Ondo,South West,Ondo,,,,218,175,122,58,54,0.347334,43,53,64,4,1.7895456492372577
2024/2025,Male,disabled,NECO,Polytechnic,state,Osun,South West,Osun,,,,137,109,76,37,34,0.217592,28,33,39,3,1.7895456492372577
2024/2025,Male,disabled,NECO,Polytechnic,state,Oyo,South West,Oyo,,,,311,249,174,83,77,0.494499,62,75,91,6,1.7895456492372577
2024/2025,Male,disabled,NECO,University,state,Benue,North Central,Benue,,,,247,197,138,66,61,0.392567,50,59,72,5,1.7895456492372577
2024/2025,Male,disabled,NECO,University,state,Abuja Federal Capital Territory,North Central,Abuja Federal Capital Territory,,,,123,98,69,33,30,0.195381,25,29,36,3,1.7895456492372577
2024/2025,Male,disabled,NECO,University,state,Kogi,North Central,Kogi,,,,214,171,120,57,53,0.340358,43,51,63,4,1.7895456492372577
2024/2025,Male,disabled,NECO,University,state,Kwara,North Central,Kwara,,,,332,265,186,89,82,0.527562,67,79,97,7,1.7895456492372577
2024/2025,Male,disabled,NECO,University,state,Nasarawa,North Central,Nasarawa,,,,137,110,77,37,34,0.218186,27,33,40,3,1.7895456492372577
2024/2025,Male,disabled,NECO,University,state,Niger,North Central,Niger,,,,222,177,124,59,54,0.352369,45,53,65,5,1.7895456492372577
2024/2025,Male,disabled,NECO,University,state,Plateau,North Central,Plateau,,,,226,181,127,60,56,0.359594,45,54,67,4,1.7895456492372577
2024/2025,Male,disabled,NECO,University,state,Adamawa,North East,Adamawa,,,,492,394,276,132,121,0.783073,98,118,144,11,1.7895456492372577
2024/2025,Male,disabled,NECO,University,state,Borno,North East,Borno,,,,323,258,181,86,79,0.513463,65,77,95,7,1.7895456492372577
2024/2025,Male,disabled,NECO,University,state,Gombe,North East,Gombe,,,,187,150,105,50,46,0.298472,37,45,55,4,1.7895456492372577
2024/2025,Male,disabled,NECO,University,state,Taraba,North East,Taraba,,,,111,89,62,30,27,0.176914,22,27,32,3,1.7895456492372577
2024/2025,Male,disabled,NECO,University,state,Yobe,North East,Yobe,,,,209,167,117,56,51,0.332346,42,50,61,5,1.7895456492372577
2024/2025,Male,disabled,NECO,University,state,Kaduna,North West,Kaduna,,,,686,549,384,184,169,1.091344,137,165,200,15,1.7895456492372577
2024/2025,Male,disabled,NECO,University,state,Kano,North West,Kano,,,,936,749,524,251,231,1.489381,187,225,273,20,1.7895456492372577
2024/2025,Male,disabled,NECO,University,state,Katsina,North West,Katsina,,,,268,214,150,72,66,0.426223,54,64,78,6,1.7895456492372577
2024/2025,Male,disabled,NECO,University,state,Kebbi,North West,Kebbi,,,,444,355,249,119,109,0.707233,89,106,130,10,1.7895456492372577
2024/2025,Male,disabled,NECO,University,state,Sokoto,North West,Sokoto,,,,363,291,204,97,90,0.578537,72,87,107,7,1.7895456492372577
2024/2025,Male,disabled,NECO,University,state,Zamfara,North West,Zamfara,,,,294,235,165,79,72,0.467508,59,70,86,7,1.7895456492372577
2024/2025,Male,disabled,NECO,University,state,Abia,South East,Abia,,,,0,0,0,0,0,0,0,0,0,0,1.7895456492372577
2024/2025,Male,disabled,NECO,University,state,Anambra,South East,Anambra,,,,426,341,239,114,105,0.677651,85,102,125,9,1.7895456492372577
2024/2025,Male,disabled,NECO,University,state,Ebonyi,South East,Ebonyi,,,,266,213,149,71,66,0.423677,53,64,78,5,1.7895456492372577
2024/2025,Male,disabled,NECO,University,state,Imo,South East,Imo,,,,394,315,221,106,97,0.627474,79,94,115,9,1.7895456492372577
2024/2025,Male,disabled,NECO,University,state,Akwa Ibom,South South,Akwa Ibom,,,,337,270,189,90,83,0.536815,67,81,99,7,1.7895456492372577
2024/2025,Male,disabled,NECO,University,state,Bayelsa,South South,Bayelsa,,,,136,109,76,36,34,0.216539,27,33,40,2,1.7895456492372577
2024/2025,Male,disabled,NECO,University,state,Cross River,South South,Cross River,,,,0,0,0,0,0,0,0,0,0,0,1.7895456492372577
2024/2025,Male,disabled,NECO,University,state,Delta,South South,Delta,,,,126,101,70,34,31,0.200103,25,31,36,3,1.7895456492372577
2024/2025,Male,disabled,NECO,University,state,Edo,South South,Edo,,,,237,190,133,63,58,0.37757,47,57,70,5,1.7895456492372577
2024/2025,Male,disabled,NECO,University,state,Rivers,South South,Rivers,,,,315,252,177,84,78,0.501605,63,75,93,6,1.7895456492372577
2024/2025,Male,disabled,NECO,University,state,Ekiti,South West,Ekiti,,,,216,172,121,58,53,0.342949,44,51,63,5,1.7895456492372577
2024/2025,Male,disabled,NECO,University,state,Lagos,South West,Lagos,,,,684,547,383,183,169,1.089017,137,164,200,14,1.7895456492372577
2024/2025,Male,disabled,NECO,University,state,Ogun,South West,Ogun,,,,244,195,137,65,60,0.388093,49,58,72,5,1.7895456492372577
2024/2025,Male,disabled,NECO,University,state,Ondo,South West,Ondo,,,,173,138,97,46,43,0.274973,35,41,51,3,1.7895456492372577
2024/2025,Male,disabled,NECO,University,state,Osun,South West,Osun,,,,137,109,76,37,34,0.217592,28,33,39,3,1.7895456492372577
2024/2025,Male,disabled,NECO,University,state,Oyo,South West,Oyo,,,,594,475,333,159,146,0.9459,119,142,174,13,1.7895456492372577
2024/2025,Male,disabled,WAEC,College of Education,state,Benue,North Central,Benue,,,,377,301,211,101,93,0.599557,76,90,110,8,1.7895456492372577
2024/2025,Male,disabled,WAEC,College of Education,state,Abuja Federal Capital Territory,North Central,Abuja Federal Capital Territory,,,,304,243,170,81,75,0.484206,61,73,89,6,1.7895456492372577
2024/2025,Male,disabled,WAEC,College of Education,state,Kogi,North Central,Kogi,,,,229,183,128,61,56,0.363831,46,55,67,5,1.7895456492372577
2024/2025,Male,disabled,WAEC,College of Education,state,Kwara,North Central,Kwara,,,,349,279,196,94,86,0.555926,70,83,102,8,1.7895456492372577
2024/2025,Male,disabled,WAEC,College of Education,state,Nasarawa,North Central,Nasarawa,,,,231,184,129,62,57,0.366949,47,55,67,5,1.7895456492372577
2024/2025,Male,disabled,WAEC,College of Education,state,Niger,North Central,Niger,,,,376,301,210,100,93,0.59784,75,91,110,7,1.7895456492372577
2024/2025,Male,disabled,WAEC,College of Education,state,Plateau,North Central,Plateau,,,,244,195,136,65,60,0.387983,49,59,71,5,1.7895456492372577
2024/2025,Male,disabled,WAEC,College of Education,state,Adamawa,North East,Adamawa,,,,562,449,315,151,138,0.894264,113,134,164,13,1.7895456492372577
2024/2025,Male,disabled,WAEC,College of Education,state,Borno,North East,Borno,,,,381,304,213,102,94,0.60577,77,91,111,8,1.7895456492372577
2024/2025,Male,disabled,WAEC,College of Education,state,Gombe,North East,Gombe,,,,440,352,246,118,108,0.699987,88,106,128,10,1.7895456492372577
2024/2025,Male,disabled,WAEC,College of Education,state,Taraba,North East,Taraba,,,,280,224,157,75,69,0.446497,56,67,82,6,1.7895456492372577
2024/2025,Male,disabled,WAEC,College of Education,state,Yobe,North East,Yobe,,,,315,252,177,84,78,0.501981,63,75,93,6,1.7895456492372577
2024/2025,Male,disabled,WAEC,College of Education,state,Kaduna,North West,Kaduna,,,,819,656,459,219,202,1.304122,163,197,240,17,1.7895456492372577
2024/2025,Male,disabled,WAEC,College of Education,state,Kano,North West,Kano,,,,1197,958,671,321,295,1.905767,239,287,350,26,1.7895456492372577
2024/2025,Male,disabled,WAEC,College of Education,state,Katsina,North West,Katsina,,,,447,358,251,120,110,0.712492,89,107,131,10,1.7895456492372577
2024/2025,Male,disabled,WAEC,College of Education,state,Kebbi,North West,Kebbi,,,,346,277,194,93,85,0.550399,69,83,101,8,1.7895456492372577
2024/2025,Male,disabled,WAEC,College of Education,state,Sokoto,North West,Sokoto,,,,357,286,200,96,88,0.568267,71,86,104,8,1.7895456492372577
2024/2025,Male,disabled,WAEC,College of Education,state,Zamfara,North West,Zamfara,,,,635,508,355,170,156,1.009938,127,153,185,14,1.7895456492372577
2024/2025,Male,disabled,WAEC,College of Education,state,Abia,South East,Abia,,,,0,0,0,0,0,0,0,0,0,0,1.7895456492372577
2024/2025,Male,disabled,WAEC,College of Education,state,Anambra,South East,Anambra,,,,426,341,239,114,105,0.677651,85,102,125,9,1.7895456492372577
2024/2025,Male,disabled,WAEC,College of Education,state,Ebonyi,South East,Ebonyi,,,,135,108,75,36,33,0.214331,27,33,39,3,1.7895456492372577
2024/2025,Male,disabled,WAEC,College of Education,state,Imo,South East,Imo,,,,530,424,297,142,130,0.843246,106,127,155,12,1.7895456492372577
2024/2025,Male,disabled,WAEC,College of Education,state,Akwa Ibom,South South,Akwa Ibom,,,,337,270,189,90,83,0.536815,67,81,99,7,1.7895456492372577
2024/2025,Male,disabled,WAEC,College of Education,state,Bayelsa,South South,Bayelsa,,,,494,395,277,132,122,0.786204,99,118,145,10,1.7895456492372577
2024/2025,Male,disabled,WAEC,College of Education,state,Cross River,South South,Cross River,,,,0,0,0,0,0,0,0,0,0,0,1.7895456492372577
2024/2025,Male,disabled,WAEC,College of Education,state,Delta,South South,Delta,,,,154,123,86,41,38,0.24457,31,37,45,3,1.7895456492372577
2024/2025,Male,disabled,WAEC,College of Education,state,Edo,South South,Edo,,,,304,243,170,81,75,0.483762,61,73,89,6,1.7895456492372577
2024/2025,Male,disabled,WAEC,College of Education,state,Rivers,South South,Rivers,,,,377,302,211,101,93,0.600187,75,91,110,8,1.7895456492372577
2024/2025,Male,disabled,WAEC,College of Education,state,Ekiti,South West,Ekiti,,,,435,348,243,116,107,0.692134,87,105,127,9,1.7895456492372577
2024/2025,Male,disabled,WAEC,College of Education,state,Lagos,South West,Lagos,,,,567,453,317,152,140,0.901842,114,136,165,12,1.7895456492372577
2024/2025,Male,disabled,WAEC,College of Education,state,Ogun,South West,Ogun,,,,623,498,349,167,154,0.991514,125,149,182,13,1.7895456492372577
2024/2025,Male,disabled,WAEC,College of Education,state,Ondo,South West,Ondo,,,,261,209,146,70,64,0.414871,52,63,76,6,1.7895456492372577
2024/2025,Male,disabled,WAEC,College of Education,state,Osun,South West,Osun,,,,117,94,66,31,29,0.186508,23,28,35,2,1.7895456492372577
2024/2025,Male,disabled,WAEC,College of Education,state,Oyo,South West,Oyo,,,,858,686,480,230,211,1.365544,172,206,250,19,1.7895456492372577
2024/2025,Male,disabled,WAEC,Polytechnic,state,Benue,North Central,Benue,,,,370,296,207,99,91,0.58885,74,89,108,8,1.7895456492372577
2024/2025,Male,disabled,WAEC,Polytechnic,state,Abuja Federal Capital Territory,North Central,Abuja Federal Capital Territory,,,,278,222,155,74,68,0.441731,56,67,81,6,1.7895456492372577
2024/2025,Male,disabled,WAEC,Polytechnic,state,Kogi,North Central,Kogi,,,,221,177,124,59,54,0.352095,44,53,65,5,1.7895456492372577
2024/2025,Male,disabled,WAEC,Polytechnic,state,Kwara,North Central,Kwara,,,,517,414,289,138,127,0.822543,103,125,151,11,1.7895456492372577
2024/2025,Male,disabled,WAEC,Polytechnic,state,Nasarawa,North Central,Nasarawa,,,,199,159,112,53,49,0.317361,40,47,59,4,1.7895456492372577
2024/2025,Male,disabled,WAEC,Polytechnic,state,Niger,North Central,Niger,,,,301,241,169,81,74,0.479064,60,72,88,7,1.7895456492372577
2024/2025,Male,disabled,WAEC,Polytechnic,state,Plateau,North Central,Plateau,,,,235,188,132,63,58,0.373789,47,56,69,5,1.7895456492372577
2024/2025,Male,disabled,WAEC,Polytechnic,state,Adamawa,North East,Adamawa,,,,589,471,330,158,145,0.936848,118,141,172,13,1.7895456492372577
2024/2025,Male,disabled,WAEC,Polytechnic,state,Borno,North East,Borno,,,,439,351,246,117,108,0.698078,88,105,129,9,1.7895456492372577
2024/2025,Male,disabled,WAEC,Polytechnic,state,Gombe,North East,Gombe,,,,420,336,235,112,103,0.668008,84,101,123,9,1.7895456492372577
2024/2025,Male,disabled,WAEC,Polytechnic,state,Taraba,North East,Taraba,,,,270,216,151,72,66,0.429648,54,65,79,6,1.7895456492372577
2024/2025,Male,disabled,WAEC,Polytechnic,state,Yobe,North East,Yobe,,,,374,299,210,100,92,0.595453,75,89,110,8,1.7895456492372577
2024/2025,Male,disabled,WAEC,Polytechnic,state,Kaduna,North West,Kaduna,,,,325,260,182,87,80,0.517073,65,78,95,7,1.7895456492372577
2024/2025,Male,disabled,WAEC,Polytechnic,state,Kano,North West,Kano,,,,967,774,542,259,238,1.539427,193,232,283,21,1.7895456492372577
2024/2025,Male,disabled,WAEC,Polytechnic,state,Katsina,North West,Katsina,,,,389,312,218,104,96,0.62025,77,94,114,8,1.7895456492372577
2024/2025,Male,disabled,WAEC,Polytechnic,state,Kebbi,North West,Kebbi,,,,454,363,254,122,112,0.722028,91,109,132,10,1.7895456492372577
2024/2025,Male,disabled,WAEC,Polytechnic,state,Sokoto,North West,Sokoto,,,,273,219,153,73,67,0.434759,54,66,80,6,1.7895456492372577
2024/2025,Male,disabled,WAEC,Polytechnic,state,Zamfara,North West,Zamfara,,,,510,408,286,137,126,0.812146,102,122,149,11,1.7895456492372577
2024/2025,Male,disabled,WAEC,Polytechnic,state,Abia,South East,Abia,,,,0,0,0,0,0,0,0,0,0,0,1.7895456492372577
2024/2025,Male,disabled,WAEC,Polytechnic,state,Anambra,South East,Anambra,,,,425,340,238,114,105,0.677651,85,102,124,9,1.7895456492372577
2024/2025,Male,disabled,WAEC,Polytechnic,state,Ebonyi,South East,Ebonyi,,,,203,163,114,55,50,0.323988,40,49,59,5,1.7895456492372577
2024/2025,Male,disabled,WAEC,Polytechnic,state,Imo,South East,Imo,,,,570,456,319,153,140,0.907729,114,137,166,13,1.7895456492372577
2024/2025,Male,disabled,WAEC,Polytechnic,state,Akwa Ibom,South South,Akwa Ibom,,,,309,247,173,83,76,0.491064,62,74,90,7,1.7895456492372577
2024/2025,Male,disabled,WAEC,Polytechnic,state,Bayelsa,South South,Bayelsa,,,,366,293,205,98,90,0.58299,73,88,107,8,1.7895456492372577
2024/2025,Male,disabled,WAEC,Polytechnic,state,Cross River,South South,Cross River,,,,0,0,0,0,0,0,0,0,0,0,1.7895456492372577
2024/2025,Male,disabled,WAEC,Polytechnic,state,Delta,South South,Delta,,,,258,207,145,69,64,0.411322,51,62,76,5,1.7895456492372577
2024/2025,Male,disabled,WAEC,Polytechnic,state,Edo,South South,Edo,,,,198,158,111,53,49,0.314642,40,47,58,4,1.7895456492372577
2024/2025,Male,disabled,WAEC,Polytechnic,state,Rivers,South South,Rivers,,,,446,357,250,120,110,0.710366,89,107,130,10,1.7895456492372577
2024/2025,Male,disabled,WAEC,Polytechnic,state,Ekiti,South West,Ekiti,,,,184,147,103,49,45,0.293066,37,44,54,4,1.7895456492372577
2024/2025,Male,disabled,WAEC,Polytechnic,state,Lagos,South West,Lagos,,,,1001,801,561,268,247,1.593112,200,240,293,21,1.7895456492372577
2024/2025,Male,disabled,WAEC,Polytechnic,state,Ogun,South West,Ogun,,,,470,376,263,126,116,0.748643,94,113,137,10,1.7895456492372577
2024/2025,Male,disabled,WAEC,Polytechnic,state,Ondo,South West,Ondo,,,,297,238,166,80,73,0.47276,59,72,86,7,1.7895456492372577
2024/2025,Male,disabled,WAEC,Polytechnic,state,Osun,South West,Osun,,,,215,172,120,57,53,0.341931,43,52,63,4,1.7895456492372577
2024/2025,Male,disabled,WAEC,Polytechnic,state,Oyo,South West,Oyo,,,,428,342,239,114,105,0.680504,86,103,125,9,1.7895456492372577
2024/2025,Male,disabled,WAEC,University,state,Benue,North Central,Benue,,,,336,269,189,90,83,0.535319,67,80,99,7,1.7895456492372577
2024/2025,Male,disabled,WAEC,University,state,Abuja Federal Capital Territory,North Central,Abuja Federal Capital Territory,,,,171,137,96,46,42,0.271835,34,41,50,4,1.7895456492372577
2024/2025,Male,disabled,WAEC,University,state,Kogi,North Central,Kogi,,,,284,227,159,76,70,0.451855,57,68,83,6,1.7895456492372577
2024/2025,Male,disabled,WAEC,University,state,Kwara,North Central,Kwara,,,,449,359,251,120,111,0.714761,90,108,131,9,1.7895456492372577
2024/2025,Male,disabled,WAEC,University,state,Nasarawa,North Central,Nasarawa,,,,193,154,108,52,48,0.307444,39,46,56,4,1.7895456492372577
2024/2025,Male,disabled,WAEC,University,state,Niger,North Central,Niger,,,,294,235,164,79,72,0.467187,59,71,85,7,1.7895456492372577
2024/2025,Male,disabled,WAEC,University,state,Plateau,North Central,Plateau,,,,315,252,176,84,77,0.501539,63,76,92,7,1.7895456492372577
2024/2025,Male,disabled,WAEC,University,state,Adamawa,North East,Adamawa,,,,681,545,381,182,168,1.083526,136,164,199,14,1.7895456492372577
2024/2025,Male,disabled,WAEC,University,state,Borno,North East,Borno,,,,433,347,242,116,107,0.689424,86,105,126,9,1.7895456492372577
2024/2025,Male,disabled,WAEC,University,state,Gombe,North East,Gombe,,,,266,213,149,71,65,0.422835,53,64,78,6,1.7895456492372577
2024/2025,Male,disabled,WAEC,University,state,Taraba,North East,Taraba,,,,153,123,86,41,38,0.24431,30,37,45,3,1.7895456492372577
2024/2025,Male,disabled,WAEC,University,state,Yobe,North East,Yobe,,,,292,233,163,78,72,0.4639,59,70,85,6,1.7895456492372577
2024/2025,Male,disabled,WAEC,University,state,Kaduna,North West,Kaduna,,,,913,730,511,244,225,1.452838,183,219,267,19,1.7895456492372577
2024/2025,Male,disabled,WAEC,University,state,Kano,North West,Kano,,,,1288,1030,721,345,317,2.0499,258,309,376,28,1.7895456492372577
2024/2025,Male,disabled,WAEC,University,state,Katsina,North West,Katsina,,,,359,288,201,96,89,0.572538,71,87,105,7,1.7895456492372577
2024/2025,Male,disabled,WAEC,University,state,Kebbi,North West,Kebbi,,,,613,491,344,164,151,0.976514,122,147,180,13,1.7895456492372577
2024/2025,Male,disabled,WAEC,University,state,Sokoto,North West,Sokoto,,,,495,396,277,132,122,0.787358,99,119,145,10,1.7895456492372577
2024/2025,Male,disabled,WAEC,University,state,Zamfara,North West,Zamfara,,,,410,328,230,110,101,0.653313,82,98,120,9,1.7895456492372577
2024/2025,Male,disabled,WAEC,University,state,Abia,South East,Abia,,,,0,0,0,0,0,0,0,0,0,0,1.7895456492372577
2024/2025,Male,disabled,WAEC,University,state,Anambra,South East,Anambra,,,,426,340,238,114,104,0.677651,86,102,124,10,1.7895456492372577
2024/2025,Male,disabled,WAEC,University,state,Ebonyi,South East,Ebonyi,,,,360,288,202,96,89,0.57321,72,86,106,7,1.7895456492372577
2024/2025,Male,disabled,WAEC,University,state,Imo,South East,Imo,,,,547,437,306,146,135,0.870527,110,131,160,11,1.7895456492372577
2024/2025,Male,disabled,WAEC,University,state,Akwa Ibom,South South,Akwa Ibom,,,,462,370,259,124,114,0.73507,92,111,135,10,1.7895456492372577
2024/2025,Male,disabled,WAEC,University,state,Bayelsa,South South,Bayelsa,,,,176,141,98,47,43,0.279835,35,43,51,4,1.7895456492372577
2024/2025,Male,disabled,WAEC,University,state,Cross River,South South,Cross River,,,,0,0,0,0,0,0,0,0,0,0,1.7895456492372577
2024/2025,Male,disabled,WAEC,University,state,Delta,South South,Delta,,,,174,140,98,47,43,0.27792,34,42,51,4,1.7895456492372577
2024/2025,Male,disabled,WAEC,University,state,Edo,South South,Edo,,,,321,257,180,86,79,0.511293,64,77,94,7,1.7895456492372577
2024/2025,Male,disabled,WAEC,University,state,Rivers,South South,Rivers,,,,426,341,239,114,105,0.678472,85,102,125,9,1.7895456492372577
2024/2025,Male,disabled,WAEC,University,state,Ekiti,South West,Ekiti,,,,300,240,168,80,74,0.477011,60,72,88,6,1.7895456492372577
2024/2025,Male,disabled,WAEC,University,state,Lagos,South West,Lagos,,,,929,743,520,249,229,1.478255,186,223,271,20,1.7895456492372577
2024/2025,Male,disabled,WAEC,University,state,Ogun,South West,Ogun,,,,337,269,189,90,83,0.535818,68,80,99,7,1.7895456492372577
2024/2025,Male,disabled,WAEC,University,state,Ondo,South West,Ondo,,,,252,201,141,67,62,0.400399,51,60,74,5,1.7895456492372577
2024/2025,Male,disabled,WAEC,University,state,Osun,South West,Osun,,,,176,141,98,47,43,0.279761,35,43,51,4,1.7895456492372577
2024/2025,Male,disabled,WAEC,University,state,Oyo,South West,Oyo,,,,782,626,438,210,193,1.245321,156,188,228,17,1.7895456492372577
