session,zone,state,lga,ward,school,gender,disability_scope,exam_body,institution_type,ss3_total,o_level_candidates,utme_participants,admitted_students,matriculated_students,delayed_transition_students,median_time_to_matriculation_years,loss_ss3_to_olevel,loss_olevel_to_utme,loss_utme_to_admitted,loss_admitted_to_matriculated
2022/2023,South South,Delta,Oshimili North,Akwukwu,"Community Secondary School, Akwukwu",Female,all,NABTEB,Polytechnic,9,7,9,15,13,0,1.7,2,0,0,2
2022/2023,South South,Delta,Oshimili North,Akwukwu,"Community Secondary School, Akwukwu",Female,all,NECO,Polytechnic,15,12,15,30,29,0,1.6,3,0,0,1
2022/2023,South South,Delta,Oshimili North,Akwukwu,"Community Secondary School, Akwukwu",Female,all,WAEC,Polytechnic,21,17,21,48,42,0,1.6,4,0,0,6
2022/2023,South South,Delta,Oshimili North,Akwukwu,"Community Secondary School, Akwukwu",Female,disabled,NABTEB,Polytechnic,1,0,1,2,1,0,1.7,1,0,0,1
2022/2023,South South,Delta,Oshimili North,Akwukwu,"Community Secondary School, Akwukwu",Female,disabled,NECO,Polytechnic,1,1,1,2,1,0,1.6,0,0,0,1
2022/2023,South South,Delta,Oshimili North,Akwukwu,"Community Secondary School, Akwukwu",Female,disabled,WAEC,Polytechnic,2,1,2,3,2,0,1.6,1,0,0,1
2022/2023,South South,Delta,Oshimili North,Akwukwu,"Community Secondary School, Akwukwu",Male,all,NABTEB,Polytechnic,8,7,8,15,13,0,1.7,1,0,0,2
2022/2023,South South,Delta,Oshimili North,Akwukwu,"Community Secondary School, Akwukwu",Male,all,NECO,Polytechnic,15,12,14,26,25,0,1.6,3,0,0,1
2022/2023,South South,Delta,Oshimili North,Akwukwu,"Community Secondary School, Akwukwu",Male,all,WAEC,Polytechnic,19,15,17,33,30,0,1.6,4,0,0,3
2022/2023,South South,Delta,Oshimili North,Akwukwu,"Community Secondary School, Akwukwu",Male,disabled,NABTEB,Polytechnic,1,1,1,2,1,0,1.7,0,0,0,1
2022/2023,South South,Delta,Oshimili North,Akwukwu,"Community Secondary School, Akwukwu",Male,disabled,NECO,Polytechnic,1,1,1,2,1,0,1.6,0,0,0,1
2022/2023,South South,Delta,Oshimili North,Akwukwu,"Community Secondary School, Akwukwu",Male,disabled,WAEC,Polytechnic,1,1,1,2,1,0,1.6,0,0,0,1
2022/2023,South South,Delta,Oshimili North,Akwukwu,"Comprehensive High School, Akwukwu",Female,all,NABTEB,College of Education,4,3,4,7,5,0,1.8,1,0,0,2
2022/2023,South South,Delta,Oshimili North,Akwukwu,"Comprehensive High School, Akwukwu",Female,all,NECO,College of Education,8,6,7,10,9,0,1.8,2,0,0,1
2022/2023,South South,Delta,Oshimili North,Akwukwu,"Comprehensive High School, Akwukwu",Female,all,WAEC,College of Education,11,9,10,15,14,0,1.8,2,0,0,1
2022/2023,South South,Delta,Oshimili North,Akwukwu,"Comprehensive High School, Akwukwu",Female,disabled,NABTEB,College of Education,1,0,1,1,0,0,1.8,1,0,0,1
2022/2023,South South,Delta,Oshimili North,Akwukwu,"Comprehensive High School, Akwukwu",Female,disabled,NECO,College of Education,1,1,1,1,0,0,1.8,0,0,0,1
2022/2023,South South,Delta,Oshimili North,Akwukwu,"Comprehensive High School, Akwukwu",Female,disabled,WAEC,College of Education,1,1,1,1,0,0,1.8,0,0,0,1
2022/2023,South South,Delta,Oshimili North,Akwukwu,"Comprehensive High School, Akwukwu",Male,all,NABTEB,College of Education,4,3,4,5,4,0,1.8,1,0,0,1
2022/2023,South South,Delta,Oshimili North,Akwukwu,"Comprehensive High School, Akwukwu",Male,all,NECO,College of Education,7,6,7,10,9,0,1.8,1,0,0,1
2022/2023,South South,Delta,Oshimili North,Akwukwu,"Comprehensive High School, Akwukwu",Male,all,WAEC,College of Education,10,8,9,14,13,0,1.8,2,0,0,1
2022/2023,South South,Delta,Oshimili North,Akwukwu,"Comprehensive High School, Akwukwu",Male,disabled,NABTEB,College of Education,1,0,0,1,0,0,1.8,1,0,0,1
2022/2023,South South,Delta,Oshimili North,Akwukwu,"Comprehensive High School, Akwukwu",Male,disabled,NECO,College of Education,1,0,1,1,0,0,1.8,1,0,0,1
2022/2023,South South,Delta,Oshimili North,Akwukwu,"Comprehensive High School, Akwukwu",Male,disabled,WAEC,College of Education,1,0,1,1,0,0,1.8,1,0,0,1
2022/2023,South South,Delta,Oshimili North,Akwukwu,"Government Secondary School, Akwukwu",Female,all,NABTEB,College of Education,8,7,7,7,5,0,1.8,1,0,0,2
2022/2023,South South,Delta,Oshimili North,Akwukwu,"Government Secondary School, Akwukwu",Female,all,NECO,College of Education,15,12,14,15,14,0,1.8,3,0,0,1
2022/2023,South South,Delta,Oshimili North,Akwukwu,"Government Secondary School, Akwukwu",Female,all,WAEC,College of Education,19,15,16,20,18,0,1.8,4,0,0,2
2022/2023,South South,Delta,Oshimili North,Akwukwu,"Government Secondary School, Akwukwu",Female,disabled,NABTEB,College of Education,1,0,1,1,0,0,1.8,1,0,0,1
2022/2023,South South,Delta,Oshimili North,Akwukwu,"Government Secondary School, Akwukwu",Female,disabled,NECO,College of Education,1,1,1,1,0,0,1.8,0,0,0,1
2022/2023,South South,Delta,Oshimili North,Akwukwu,"Government Secondary School, Akwukwu",Female,disabled,WAEC,College of Education,1,1,1,1,0,0,1.8,0,0,0,1
2022/2023,South South,Delta,Oshimili North,Akwukwu,"Government Secondary School, Akwukwu",Male,all,NABTEB,College of Education,7,5,6,7,5,0,1.8,2,0,0,2
2022/2023,South South,Delta,Oshimili North,Akwukwu,"Government Secondary School, Akwukwu",Male,all,NECO,College of Education,13,11,11,12,11,0,1.8,2,0,0,1
2022/2023,South South,Delta,Oshimili North,Akwukwu,"Government Secondary School, Akwukwu",Male,all,WAEC,College of Education,17,14,15,22,20,0,1.8,3,0,0,2
2022/2023,South South,Delta,Oshimili North,Akwukwu,"Government Secondary School, Akwukwu",Male,disabled,NABTEB,College of Education,1,0,0,0,0,0,1.8,1,0,0,0
2022/2023,South South,Delta,Oshimili North,Akwukwu,"Government Secondary School, Akwukwu",Male,disabled,NECO,College of Education,1,1,1,1,0,0,1.8,0,0,0,1
2022/2023,South South,Delta,Oshimili North,Akwukwu,"Government Secondary School, Akwukwu",Male,disabled,WAEC,College of Education,1,1,1,1,0,0,1.8,0,0,0,1
2022/2023,South South,Delta,Oshimili North,Akwukwu,"Unity College, Oshimili North",Female,all,NABTEB,College of Education,8,7,8,9,7,0,1.8,1,0,0,2
2022/2023,South South,Delta,Oshimili North,Akwukwu,"Unity College, Oshimili North",Female,all,NECO,College of Education,16,13,14,16,15,0,1.8,3,0,0,1
2022/2023,South South,Delta,Oshimili North,Akwukwu,"Unity College, Oshimili North",Female,all,WAEC,College of Education,19,15,17,25,21,0,1.8,4,0,0,4
2022/2023,South South,Delta,Oshimili North,Akwukwu,"Unity College, Oshimili North",Female,disabled,NABTEB,College of Education,1,0,1,1,0,0,1.8,1,0,0,1
2022/2023,South South,Delta,Oshimili North,Akwukwu,"Unity College, Oshimili North",Female,disabled,NECO,College of Education,1,1,1,1,0,0,1.8,0,0,0,1
2022/2023,South South,Delta,Oshimili North,Akwukwu,"Unity College, Oshimili North",Female,disabled,WAEC,College of Education,1,1,1,1,0,0,1.8,0,0,0,1
2022/2023,South South,Delta,Oshimili North,Akwukwu,"Unity College, Oshimili North",Male,all,NABTEB,College of Education,8,7,8,10,9,0,1.8,1,0,0,1
2022/2023,South South,Delta,Oshimili North,Akwukwu,"Unity College, Oshimili North",Male,all,NECO,College of Education,16,12,14,16,15,0,1.8,4,0,0,1
2022/2023,South South,Delta,Oshimili North,Akwukwu,"Unity College, Oshimili North",Male,all,WAEC,College of Education,20,16,18,25,23,0,1.8,4,0,0,2
2022/2023,South South,Delta,Oshimili North,Akwukwu,"Unity College, Oshimili North",Male,disabled,NABTEB,College of Education,1,1,1,1,0,0,1.8,0,0,0,1
2022/2023,South South,Delta,Oshimili North,Akwukwu,"Unity College, Oshimili North",Male,disabled,NECO,College of Education,1,1,1,1,0,0,1.8,0,0,0,1
2022/2023,South South,Delta,Oshimili North,Akwukwu,"Unity College, Oshimili North",Male,disabled,WAEC,College of Education,1,1,1,1,0,0,1.8,0,0,0,1
2022/2023,South South,Delta,Oshimili North,Ebu,"Community Secondary School, Ebu",Female,all,NABTEB,Polytechnic,4,3,4,7,6,0,1.7,1,0,0,1
2022/2023,South South,Delta,Oshimili North,Ebu,"Community Secondary School, Ebu",Female,all,NECO,Polytechnic,8,6,8,16,15,0,1.6,2,0,0,1
2022/2023,South South,Delta,Oshimili North,Ebu,"Community Secondary School, Ebu",Female,all,WAEC,Polytechnic,10,8,10,22,21,0,1.6,2,0,0,1
2022/2023,South South,Delta,Oshimili North,Ebu,"Community Secondary School, Ebu",Female,disabled,NABTEB,Polytechnic,1,0,0,2,1,0,1.7,1,0,0,1
2022/2023,South South,Delta,Oshimili North,Ebu,"Community Secondary School, Ebu",Female,disabled,NECO,Polytechnic,1,1,1,2,1,0,1.6,0,0,0,1
2022/2023,South South,Delta,Oshimili North,Ebu,"Community Secondary School, Ebu",Female,disabled,WAEC,Polytechnic,1,1,1,2,1,0,1.6,0,0,0,1
2022/2023,South South,Delta,Oshimili North,Ebu,"Community Secondary School, Ebu",Male,all,NABTEB,Polytechnic,4,3,3,7,6,0,1.7,1,0,0,1
2022/2023,South South,Delta,Oshimili North,Ebu,"Community Secondary School, Ebu",Male,all,NECO,Polytechnic,7,5,7,16,15,0,1.6,2,0,0,1
2022/2023,South South,Delta,Oshimili North,Ebu,"Community Secondary School, Ebu",Male,all,WAEC,Polytechnic,9,7,8,20,18,0,1.6,2,0,0,2
2022/2023,South South,Delta,Oshimili North,Ebu,"Community Secondary School, Ebu",Male,disabled,NABTEB,Polytechnic,1,0,0,2,1,0,1.7,1,0,0,1
2022/2023,South South,Delta,Oshimili North,Ebu,"Community Secondary School, Ebu",Male,disabled,NECO,Polytechnic,1,0,1,2,1,0,1.6,1,0,0,1
2022/2023,South South,Delta,Oshimili North,Ebu,"Community Secondary School, Ebu",Male,disabled,WAEC,Polytechnic,1,0,1,2,1,0,1.6,1,0,0,1
2022/2023,South South,Delta,Oshimili North,Ebu,"Comprehensive High School, Ebu",Female,all,NABTEB,Polytechnic,5,4,4,7,6,0,1.7,1,0,0,1
2022/2023,South South,Delta,Oshimili North,Ebu,"Comprehensive High School, Ebu",Female,all,NECO,Polytechnic,9,7,8,12,10,0,1.6,2,0,0,2
2022/2023,South South,Delta,Oshimili North,Ebu,"Comprehensive High School, Ebu",Female,all,WAEC,Polytechnic,11,9,10,18,16,0,1.6,2,0,0,2
2022/2023,South South,Delta,Oshimili North,Ebu,"Comprehensive High School, Ebu",Female,disabled,NABTEB,Polytechnic,1,0,0,2,1,0,1.7,1,0,0,1
2022/2023,South South,Delta,Oshimili North,Ebu,"Comprehensive High School, Ebu",Female,disabled,NECO,Polytechnic,1,1,1,2,1,0,1.6,0,0,0,1
2022/2023,South South,Delta,Oshimili North,Ebu,"Comprehensive High School, Ebu",Female,disabled,WAEC,Polytechnic,1,1,1,2,1,0,1.6,0,0,0,1
2022/2023,South South,Delta,Oshimili North,Ebu,"Comprehensive High School, Ebu",Male,all,NABTEB,Polytechnic,4,3,3,2,1,0,1.7,1,0,1,1
2022/2023,South South,Delta,Oshimili North,Ebu,"Comprehensive High School, Ebu",Male,all,NECO,Polytechnic,7,6,6,10,8,0,1.6,1,0,0,2
2022/2023,South South,Delta,Oshimili North,Ebu,"Comprehensive High School, Ebu",Male,all,WAEC,Polytechnic,9,7,8,15,14,0,1.6,2,0,0,1
2022/2023,South South,Delta,Oshimili North,Ebu,"Comprehensive High School, Ebu",Male,disabled,NABTEB,Polytechnic,1,0,0,0,0,0,1.7,1,0,0,0
2022/2023,South South,Delta,Oshimili North,Ebu,"Comprehensive High School, Ebu",Male,disabled,NECO,Polytechnic,1,0,0,0,0,0,1.6,1,0,0,0
2022/2023,South South,Delta,Oshimili North,Ebu,"Comprehensive High School, Ebu",Male,disabled,WAEC,Polytechnic,1,0,1,2,1,0,1.6,1,0,0,1
2022/2023,South South,Delta,Oshimili North,Ebu,"Government Secondary School, Ebu",Female,all,NABTEB,University,8,6,8,134,121,1,1.6,2,0,0,13
2022/2023,South South,Delta,Oshimili North,Ebu,"Government Secondary School, Ebu",Female,all,NECO,University,15,12,14,235,233,0,1.5,3,0,0,2
2022/2023,South South,Delta,Oshimili North,Ebu,"Government Secondary School, Ebu",Female,all,WAEC,University,20,16,19,316,293,2,1.5,4,0,0,23
2022/2023,South South,Delta,Oshimili North,Ebu,"Government Secondary School, Ebu",Female,disabled,NABTEB,University,1,1,1,14,13,0,1.6,0,0,0,1
2022/2023,South South,Delta,Oshimili North,Ebu,"Government Secondary School, Ebu",Female,disabled,NECO,University,1,1,1,14,13,0,1.5,0,0,0,1
2022/2023,South South,Delta,Oshimili North,Ebu,"Government Secondary School, Ebu",Female,disabled,WAEC,University,2,1,2,29,24,0,1.5,1,0,0,5
2022/2023,South South,Delta,Oshimili North,Ebu,"Government Secondary School, Ebu",Male,all,NABTEB,University,7,6,7,110,96,1,1.6,1,0,0,14
2022/2023,South South,Delta,Oshimili North,Ebu,"Government Secondary School, Ebu",Male,all,NECO,University,13,10,12,192,187,0,1.5,3,0,0,5
2022/2023,South South,Delta,Oshimili North,Ebu,"Government Secondary School, Ebu",Male,all,WAEC,University,18,14,17,297,253,4,1.5,4,0,0,44
2022/2023,South South,Delta,Oshimili North,Ebu,"Government Secondary School, Ebu",Male,disabled,NABTEB,University,1,1,1,14,13,0,1.6,0,0,0,1
2022/2023,South South,Delta,Oshimili North,Ebu,"Government Secondary School, Ebu",Male,disabled,NECO,University,1,1,1,14,13,0,1.5,0,0,0,1
2022/2023,South South,Delta,Oshimili North,Ebu,"Government Secondary School, Ebu",Male,disabled,WAEC,University,1,1,1,14,12,0,1.5,0,0,0,2
2022/2023,South South,Delta,Oshimili North,Ebu,"Unity College, Oshimili North",Female,all,NABTEB,College of Education,9,7,8,9,7,0,1.8,2,0,0,2
2022/2023,South South,Delta,Oshimili North,Ebu,"Unity College, Oshimili North",Female,all,NECO,College of Education,16,13,14,16,15,0,1.8,3,0,0,1
2022/2023,South South,Delta,Oshimili North,Ebu,"Unity College, Oshimili North",Female,all,WAEC,College of Education,22,18,20,23,21,0,1.8,4,0,0,2
2022/2023,South South,Delta,Oshimili North,Ebu,"Unity College, Oshimili North",Female,disabled,NABTEB,College of Education,1,1,1,1,0,0,1.8,0,0,0,1
2022/2023,South South,Delta,Oshimili North,Ebu,"Unity College, Oshimili North",Female,disabled,NECO,College of Education,1,1,1,1,0,0,1.8,0,0,0,1
2022/2023,South South,Delta,Oshimili North,Ebu,"Unity College, Oshimili North",Female,disabled,WAEC,College of Education,2,1,2,2,1,0,1.8,1,0,0,1
2022/2023,South South,Delta,Oshimili North,Ebu,"Unity College, Oshimili North",Male,all,NABTEB,College of Education,8,6,8,7,5,0,1.8,2,0,1,2
2022/2023,South South,Delta,Oshimili North,Ebu,"Unity College, Oshimili North",Male,all,NECO,College of Education,16,12,14,15,14,0,1.8,4,0,0,1
2022/2023,South South,Delta,Oshimili North,Ebu,"Unity College, Oshimili North",Male,all,WAEC,College of Education,19,16,17,20,18,0,1.8,3,0,0,2
2022/2023,South South,Delta,Oshimili North,Ebu,"Unity College, Oshimili North",Male,disabled,NABTEB,College of Education,1,0,0,0,0,0,1.8,1,0,0,0
2022/2023,South South,Delta,Oshimili North,Ebu,"Unity College, Oshimili North",Male,disabled,NECO,College of Education,1,1,1,1,0,0,1.8,0,0,0,1
2022/2023,South South,Delta,Oshimili North,Ebu,"Unity College, Oshimili North",Male,disabled,WAEC,College of Education,1,1,1,1,0,0,1.8,0,0,0,1
2022/2023,South South,Delta,Oshimili North,Ibusa  I,"Community Secondary School, Ibusa  I",Female,all,NABTEB,University,9,7,9,134,121,1,1.6,2,0,0,13
2022/2023,South South,Delta,Oshimili North,Ibusa  I,"Community Secondary School, Ibusa  I",Female,all,NECO,University,17,14,15,235,212,2,1.5,3,0,0,23
2022/2023,South South,Delta,Oshimili North,Ibusa  I,"Community Secondary School, Ibusa  I",Female,all,WAEC,University,19,15,18,278,253,2,1.5,4,0,0,25
2022/2023,South South,Delta,Oshimili North,Ibusa  I,"Community Secondary School, Ibusa  I",Female,disabled,NABTEB,University,1,1,1,18,15,0,1.6,0,0,0,3
2022/2023,South South,Delta,Oshimili North,Ibusa  I,"Community Secondary School, Ibusa  I",Female,disabled,NECO,University,1,1,1,14,13,0,1.5,0,0,0,1
2022/2023,South South,Delta,Oshimili North,Ibusa  I,"Community Secondary School, Ibusa  I",Female,disabled,WAEC,University,2,1,1,14,12,0,1.5,1,0,0,2
2022/2023,South South,Delta,Oshimili North,Ibusa  I,"Community Secondary School, Ibusa  I",Male,all,NABTEB,University,9,7,8,110,96,1,1.6,2,0,0,14
2022/2023,South South,Delta,Oshimili North,Ibusa  I,"Community Secondary School, Ibusa  I",Male,all,NECO,University,15,12,13,168,162,0,1.5,3,0,0,6
2022/2023,South South,Delta,Oshimili North,Ibusa  I,"Community Secondary School, Ibusa  I",Male,all,WAEC,University,19,16,17,259,233,2,1.5,3,0,0,26
2022/2023,South South,Delta,Oshimili North,Ibusa  I,"Community Secondary School, Ibusa  I",Male,disabled,NABTEB,University,1,1,1,14,13,0,1.6,0,0,0,1
2022/2023,South South,Delta,Oshimili North,Ibusa  I,"Community Secondary School, Ibusa  I",Male,disabled,NECO,University,1,1,1,14,13,0,1.5,0,0,0,1
2022/2023,South South,Delta,Oshimili North,Ibusa  I,"Community Secondary School, Ibusa  I",Male,disabled,WAEC,University,2,1,1,14,12,0,1.5,1,0,0,2
2022/2023,South South,Delta,Oshimili North,Ibusa  I,"Comprehensive High School, Ibusa  I",Female,all,NABTEB,Polytechnic,7,5,7,15,13,0,1.7,2,0,0,2
2022/2023,South South,Delta,Oshimili North,Ibusa  I,"Comprehensive High School, Ibusa  I",Female,all,NECO,Polytechnic,13,10,12,23,22,0,1.6,3,0,0,1
2022/2023,South South,Delta,Oshimili North,Ibusa  I,"Comprehensive High School, Ibusa  I",Female,all,WAEC,Polytechnic,21,17,21,44,40,0,1.6,4,0,0,4
2022/2023,South South,Delta,Oshimili North,Ibusa  I,"Comprehensive High School, Ibusa  I",Female,disabled,NABTEB,Polytechnic,1,0,1,2,1,0,1.7,1,0,0,1
2022/2023,South South,Delta,Oshimili North,Ibusa  I,"Comprehensive High School, Ibusa  I",Female,disabled,NECO,Polytechnic,1,1,1,2,1,0,1.6,0,0,0,1
2022/2023,South South,Delta,Oshimili North,Ibusa  I,"Comprehensive High School, Ibusa  I",Female,disabled,WAEC,Polytechnic,2,1,2,3,2,0,1.6,1,0,0,1
2022/2023,South South,Delta,Oshimili North,Ibusa  I,"Comprehensive High School, Ibusa  I",Male,all,NABTEB,Polytechnic,6,5,6,12,11,0,1.7,1,0,0,1
2022/2023,South South,Delta,Oshimili North,Ibusa  I,"Comprehensive High School, Ibusa  I",Male,all,NECO,Polytechnic,12,10,12,21,20,0,1.6,2,0,0,1
2022/2023,South South,Delta,Oshimili North,Ibusa  I,"Comprehensive High School, Ibusa  I",Male,all,WAEC,Polytechnic,18,14,18,39,35,0,1.6,4,0,0,4
2022/2023,South South,Delta,Oshimili North,Ibusa  I,"Comprehensive High School, Ibusa  I",Male,disabled,NABTEB,Polytechnic,1,0,0,2,1,0,1.7,1,0,0,1
2022/2023,South South,Delta,Oshimili North,Ibusa  I,"Comprehensive High School, Ibusa  I",Male,disabled,NECO,Polytechnic,1,1,1,2,1,0,1.6,0,0,0,1
2022/2023,South South,Delta,Oshimili North,Ibusa  I,"Comprehensive High School, Ibusa  I",Male,disabled,WAEC,Polytechnic,1,1,1,2,1,0,1.6,0,0,0,1
2022/2023,South South,Delta,Oshimili North,Ibusa  I,"Government Secondary School, Ibusa  I",Female,all,NABTEB,University,4,3,3,67,66,0,1.6,1,0,0,1
2022/2023,South South,Delta,Oshimili North,Ibusa  I,"Government Secondary School, Ibusa  I",Female,all,NECO,University,8,6,7,105,91,1,1.5,2,0,0,14
2022/2023,South South,Delta,Oshimili North,Ibusa  I,"Government Secondary School, Ibusa  I",Female,all,WAEC,University,10,8,8,139,126,1,1.5,2,0,0,13
2022/2023,South South,Delta,Oshimili North,Ibusa  I,"Government Secondary School, Ibusa  I",Female,disabled,NABTEB,University,1,1,1,18,15,0,1.6,0,0,0,3
2022/2023,South South,Delta,Oshimili North,Ibusa  I,"Government Secondary School, Ibusa  I",Female,disabled,NECO,University,1,1,1,14,13,0,1.5,0,0,0,1
2022/2023,South South,Delta,Oshimili North,Ibusa  I,"Government Secondary School, Ibusa  I",Female,disabled,WAEC,University,1,1,1,14,12,0,1.5,0,0,0,2
2022/2023,South South,Delta,Oshimili North,Ibusa  I,"Government Secondary School, Ibusa  I",Male,all,NABTEB,University,4,3,3,43,42,0,1.6,1,0,0,1
2022/2023,South South,Delta,Oshimili North,Ibusa  I,"Government Secondary School, Ibusa  I",Male,all,NECO,University,9,7,8,129,116,1,1.5,2,0,0,13
2022/2023,South South,Delta,Oshimili North,Ibusa  I,"Government Secondary School, Ibusa  I",Male,all,WAEC,University,11,9,10,158,147,1,1.5,2,0,0,11
2022/2023,South South,Delta,Oshimili North,Ibusa  I,"Government Secondary School, Ibusa  I",Male,disabled,NABTEB,University,1,0,1,0,0,0,1.6,1,0,1,0
2022/2023,South South,Delta,Oshimili North,Ibusa  I,"Government Secondary School, Ibusa  I",Male,disabled,NECO,University,1,1,1,14,13,0,1.5,0,0,0,1
2022/2023,South South,Delta,Oshimili North,Ibusa  I,"Government Secondary School, Ibusa  I",Male,disabled,WAEC,University,1,1,1,14,12,0,1.5,0,0,0,2
2022/2023,South South,Delta,Oshimili North,Ibusa  I,"Unity College, Oshimili North",Female,all,NABTEB,College of Education,8,6,7,5,4,0,1.8,2,0,2,1
2022/2023,South South,Delta,Oshimili North,Ibusa  I,"Unity College, Oshimili North",Female,all,NECO,College of Education,15,12,14,16,15,0,1.8,3,0,0,1
2022/2023,South South,Delta,Oshimili North,Ibusa  I,"Unity College, Oshimili North",Female,all,WAEC,College of Education,19,15,17,20,18,0,1.8,4,0,0,2
2022/2023,South South,Delta,Oshimili North,Ibusa  I,"Unity College, Oshimili North",Female,disabled,NABTEB,College of Education,1,1,1,0,0,0,1.8,0,0,1,0
2022/2023,South South,Delta,Oshimili North,Ibusa  I,"Unity College, Oshimili North",Female,disabled,NECO,College of Education,1,1,1,1,0,0,1.8,0,0,0,1
2022/2023,South South,Delta,Oshimili North,Ibusa  I,"Unity College, Oshimili North",Female,disabled,WAEC,College of Education,1,1,1,1,0,0,1.8,0,0,0,1
2022/2023,South South,Delta,Oshimili North,Ibusa  I,"Unity College, Oshimili North",Male,all,NABTEB,College of Education,8,7,7,7,5,0,1.8,1,0,0,2
2022/2023,South South,Delta,Oshimili North,Ibusa  I,"Unity College, Oshimili North",Male,all,NECO,College of Education,17,14,15,16,15,0,1.8,3,0,0,1
2022/2023,South South,Delta,Oshimili North,Ibusa  I,"Unity College, Oshimili North",Male,all,WAEC,College of Education,20,16,17,22,20,0,1.8,4,0,0,2
2022/2023,South South,Delta,Oshimili North,Ibusa  I,"Unity College, Oshimili North",Male,disabled,NABTEB,College of Education,1,0,0,0,0,0,1.8,1,0,0,0
2022/2023,South South,Delta,Oshimili North,Ibusa  I,"Unity College, Oshimili North",Male,disabled,NECO,College of Education,1,1,1,1,0,0,1.8,0,0,0,1
2022/2023,South South,Delta,Oshimili North,Ibusa  I,"Unity College, Oshimili North",Male,disabled,WAEC,College of Education,1,1,1,1,0,0,1.8,0,0,0,1
2022/2023,South South,Delta,Oshimili South,Agu,"Community Secondary School, Agu",Female,all,NABTEB,University,10,8,9,158,147,1,1.6,2,0,0,11
2022/2023,South South,Delta,Oshimili South,Agu,"Community Secondary School, Agu",Female,all,NECO,University,19,15,16,235,212,2,1.5,4,0,0,23
2022/2023,South South,Delta,Oshimili South,Agu,"Community Secondary School, Agu",Female,all,WAEC,University,21,17,20,335,293,3,1.5,4,0,0,42
2022/2023,South South,Delta,Oshimili South,Agu,"Community Secondary School, Agu",Female,disabled,NABTEB,University,1,1,1,18,15,0,1.6,0,0,0,3
2022/2023,South South,Delta,Oshimili South,Agu,"Community Secondary School, Agu",Female,disabled,NECO,University,1,1,1,14,13,0,1.5,0,0,0,1
2022/2023,South South,Delta,Oshimili South,Agu,"Community Secondary School, Agu",Female,disabled,WAEC,University,1,1,1,14,12,0,1.5,0,0,0,2
2022/2023,South South,Delta,Oshimili South,Agu,"Community Secondary School, Agu",Male,all,NABTEB,University,9,7,8,134,121,1,1.6,2,0,0,13
2022/2023,South South,Delta,Oshimili South,Agu,"Community Secondary School, Agu",Male,all,NECO,University,17,14,16,254,233,2,1.5,3,0,0,21
2022/2023,South South,Delta,Oshimili South,Agu,"Community Secondary School, Agu",Male,all,WAEC,University,21,17,19,369,339,2,1.5,4,0,0,30
2022/2023,South South,Delta,Oshimili South,Agu,"Community Secondary School, Agu",Male,disabled,NABTEB,University,1,0,1,18,15,0,1.6,1,0,0,3
2022/2023,South South,Delta,Oshimili South,Agu,"Community Secondary School, Agu",Male,disabled,NECO,University,1,1,1,14,13,0,1.5,0,0,0,1
2022/2023,South South,Delta,Oshimili South,Agu,"Community Secondary School, Agu",Male,disabled,WAEC,University,1,1,1,14,12,0,1.5,0,0,0,2
2022/2023,South South,Delta,Oshimili South,Agu,"Comprehensive High School, Agu",Female,all,NABTEB,Polytechnic,8,6,7,12,11,0,1.7,2,0,0,1
2022/2023,South South,Delta,Oshimili South,Agu,"Comprehensive High School, Agu",Female,all,NECO,Polytechnic,14,11,13,23,22,0,1.6,3,0,0,1
2022/2023,South South,Delta,Oshimili South,Agu,"Comprehensive High School, Agu",Female,all,WAEC,Polytechnic,18,14,16,32,30,0,1.6,4,0,0,2
2022/2023,South South,Delta,Oshimili South,Agu,"Comprehensive High School, Agu",Female,disabled,NABTEB,Polytechnic,1,0,1,2,1,0,1.7,1,0,0,1
2022/2023,South South,Delta,Oshimili South,Agu,"Comprehensive High School, Agu",Female,disabled,NECO,Polytechnic,1,1,1,2,1,0,1.6,0,0,0,1
2022/2023,South South,Delta,Oshimili South,Agu,"Comprehensive High School, Agu",Female,disabled,WAEC,Polytechnic,1,1,1,2,1,0,1.6,0,0,0,1
2022/2023,South South,Delta,Oshimili South,Agu,"Comprehensive High School, Agu",Male,all,NABTEB,Polytechnic,8,6,7,12,11,0,1.7,2,0,0,1
2022/2023,South South,Delta,Oshimili South,Agu,"Comprehensive High School, Agu",Male,all,NECO,Polytechnic,15,12,14,28,26,0,1.6,3,0,0,2
2022/2023,South South,Delta,Oshimili South,Agu,"Comprehensive High School, Agu",Male,all,WAEC,Polytechnic,19,15,18,37,35,0,1.6,4,0,0,2
2022/2023,South South,Delta,Oshimili South,Agu,"Comprehensive High School, Agu",Male,disabled,NABTEB,Polytechnic,1,0,1,2,1,0,1.7,1,0,0,1
2022/2023,South South,Delta,Oshimili South,Agu,"Comprehensive High School, Agu",Male,disabled,NECO,Polytechnic,1,1,1,2,1,0,1.6,0,0,0,1
2022/2023,South South,Delta,Oshimili South,Agu,"Comprehensive High School, Agu",Male,disabled,WAEC,Polytechnic,1,1,1,2,1,0,1.6,0,0,0,1
2022/2023,South South,Delta,Oshimili South,Agu,"Government Secondary School, Agu",Female,all,NABTEB,Polytechnic,6,5,5,5,4,0,1.7,1,0,0,1
2022/2023,South South,Delta,Oshimili South,Agu,"Government Secondary School, Agu",Female,all,NECO,Polytechnic,12,10,12,16,15,0,1.6,2,0,0,1
2022/2023,South South,Delta,Oshimili South,Agu,"Government Secondary School, Agu",Female,all,WAEC,Polytechnic,16,13,15,24,21,0,1.6,3,0,0,3
2022/2023,South South,Delta,Oshimili South,Agu,"Government Secondary School, Agu",Female,disabled,NABTEB,Polytechnic,1,1,1,0,0,0,1.7,0,0,1,0
2022/2023,South South,Delta,Oshimili South,Agu,"Government Secondary School, Agu",Female,disabled,NECO,Polytechnic,1,1,1,2,1,0,1.6,0,0,0,1
2022/2023,South South,Delta,Oshimili South,Agu,"Government Secondary School, Agu",Female,disabled,WAEC,Polytechnic,1,1,1,2,1,0,1.6,0,0,0,1
2022/2023,South South,Delta,Oshimili South,Agu,"Government Secondary School, Agu",Male,all,NABTEB,Polytechnic,6,4,5,5,4,0,1.7,2,0,0,1
2022/2023,South South,Delta,Oshimili South,Agu,"Government Secondary School, Agu",Male,all,NECO,Polytechnic,11,9,9,16,15,0,1.6,2,0,0,1
2022/2023,South South,Delta,Oshimili South,Agu,"Government Secondary School, Agu",Male,all,WAEC,Polytechnic,13,10,11,22,18,0,1.6,3,0,0,4
2022/2023,South South,Delta,Oshimili South,Agu,"Government Secondary School, Agu",Male,disabled,NABTEB,Polytechnic,1,0,0,0,0,0,1.7,1,0,0,0
2022/2023,South South,Delta,Oshimili South,Agu,"Government Secondary School, Agu",Male,disabled,NECO,Polytechnic,1,1,1,2,1,0,1.6,0,0,0,1
2022/2023,South South,Delta,Oshimili South,Agu,"Government Secondary School, Agu",Male,disabled,WAEC,Polytechnic,1,1,1,2,1,0,1.6,0,0,0,1
2022/2023,South South,Delta,Oshimili South,Agu,"Unity College, Asaba",Female,all,NABTEB,Polytechnic,5,4,5,7,6,0,1.7,1,0,0,1
2022/2023,South South,Delta,Oshimili South,Agu,"Unity College, Asaba",Female,all,NECO,Polytechnic,7,6,7,14,13,0,1.6,1,0,0,1
2022/2023,South South,Delta,Oshimili South,Agu,"Unity College, Asaba",Female,all,WAEC,Polytechnic,11,9,10,20,18,0,1.6,2,0,0,2
2022/2023,South South,Delta,Oshimili South,Agu,"Unity College, Asaba",Female,disabled,NABTEB,Polytechnic,1,0,1,2,1,0,1.7,1,0,0,1
2022/2023,South South,Delta,Oshimili South,Agu,"Unity College, Asaba",Female,disabled,NECO,Polytechnic,1,1,1,2,1,0,1.6,0,0,0,1
2022/2023,South South,Delta,Oshimili South,Agu,"Unity College, Asaba",Female,disabled,WAEC,Polytechnic,1,1,1,2,1,0,1.6,0,0,0,1
2022/2023,South South,Delta,Oshimili South,Agu,"Unity College, Asaba",Male,all,NABTEB,Polytechnic,5,4,5,5,4,0,1.7,1,0,0,1
2022/2023,South South,Delta,Oshimili South,Agu,"Unity College, Asaba",Male,all,NECO,Polytechnic,7,6,7,14,13,0,1.6,1,0,0,1
2022/2023,South South,Delta,Oshimili South,Agu,"Unity College, Asaba",Male,all,WAEC,Polytechnic,11,9,10,22,21,0,1.6,2,0,0,1
2022/2023,South South,Delta,Oshimili South,Agu,"Unity College, Asaba",Male,disabled,NABTEB,Polytechnic,1,0,1,0,0,0,1.7,1,0,1,0
2022/2023,South South,Delta,Oshimili South,Agu,"Unity College, Asaba",Male,disabled,NECO,Polytechnic,1,0,1,2,1,0,1.6,1,0,0,1
2022/2023,South South,Delta,Oshimili South,Agu,"Unity College, Asaba",Male,disabled,WAEC,Polytechnic,1,1,1,2,1,0,1.6,0,0,0,1
2022/2023,South South,Delta,Oshimili South,Anala-Amakom,"Community Secondary School, Anala-Amakom",Female,all,NABTEB,University,8,6,7,110,96,1,1.6,2,0,0,14
2022/2023,South South,Delta,Oshimili South,Anala-Amakom,"Community Secondary School, Anala-Amakom",Female,all,NECO,University,16,13,14,192,187,0,1.5,3,0,0,5
2022/2023,South South,Delta,Oshimili South,Anala-Amakom,"Community Secondary School, Anala-Amakom",Female,all,WAEC,University,20,16,17,254,233,2,1.5,4,0,0,21
2022/2023,South South,Delta,Oshimili South,Anala-Amakom,"Community Secondary School, Anala-Amakom",Female,disabled,NABTEB,University,1,0,1,18,15,0,1.6,1,0,0,3
2022/2023,South South,Delta,Oshimili South,Anala-Amakom,"Community Secondary School, Anala-Amakom",Female,disabled,NECO,University,1,1,1,14,13,0,1.5,0,0,0,1
2022/2023,South South,Delta,Oshimili South,Anala-Amakom,"Community Secondary School, Anala-Amakom",Female,disabled,WAEC,University,2,1,1,14,12,0,1.5,1,0,0,2
2022/2023,South South,Delta,Oshimili South,Anala-Amakom,"Community Secondary School, Anala-Amakom",Male,all,NABTEB,University,6,5,6,67,66,0,1.6,1,0,0,1
2022/2023,South South,Delta,Oshimili South,Anala-Amakom,"Community Secondary School, Anala-Amakom",Male,all,NECO,University,13,10,12,192,187,0,1.5,3,0,0,5
2022/2023,South South,Delta,Oshimili South,Anala-Amakom,"Community Secondary School, Anala-Amakom",Male,all,WAEC,University,18,14,16,254,233,2,1.5,4,0,0,21
2022/2023,South South,Delta,Oshimili South,Anala-Amakom,"Community Secondary School, Anala-Amakom",Male,disabled,NABTEB,University,1,0,0,0,0,0,1.6,1,0,0,0
2022/2023,South South,Delta,Oshimili South,Anala-Amakom,"Community Secondary School, Anala-Amakom",Male,disabled,NECO,University,1,1,1,14,13,0,1.5,0,0,0,1
2022/2023,South South,Delta,Oshimili South,Anala-Amakom,"Community Secondary School, Anala-Amakom",Male,disabled,WAEC,University,1,1,1,14,12,0,1.5,0,0,0,2
2022/2023,South South,Delta,Oshimili South,Anala-Amakom,"Comprehensive High School, Anala-Amakom",Female,all,NABTEB,Polytechnic,9,7,8,12,11,0,1.7,2,0,0,1
2022/2023,South South,Delta,Oshimili South,Anala-Amakom,"Comprehensive High School, Anala-Amakom",Female,all,NECO,Polytechnic,15,12,14,23,21,0,1.6,3,0,0,2
2022/2023,South South,Delta,Oshimili South,Anala-Amakom,"Comprehensive High School, Anala-Amakom",Female,all,WAEC,Polytechnic,23,18,20,37,33,0,1.6,5,0,0,4
2022/2023,South South,Delta,Oshimili South,Anala-Amakom,"Comprehensive High School, Anala-Amakom",Female,disabled,NABTEB,Polytechnic,1,1,1,2,1,0,1.7,0,0,0,1
2022/2023,South South,Delta,Oshimili South,Anala-Amakom,"Comprehensive High School, Anala-Amakom",Female,disabled,NECO,Polytechnic,1,1,1,2,1,0,1.6,0,0,0,1
2022/2023,South South,Delta,Oshimili South,Anala-Amakom,"Comprehensive High School, Anala-Amakom",Female,disabled,WAEC,Polytechnic,2,1,2,3,2,0,1.6,1,0,0,1
2022/2023,South South,Delta,Oshimili South,Anala-Amakom,"Comprehensive High School, Anala-Amakom",Male,all,NABTEB,Polytechnic,9,7,8,12,11,0,1.7,2,0,0,1
2022/2023,South South,Delta,Oshimili South,Anala-Amakom,"Comprehensive High School, Anala-Amakom",Male,all,NECO,Polytechnic,16,13,15,26,24,0,1.6,3,0,0,2
2022/2023,South South,Delta,Oshimili South,Anala-Amakom,"Comprehensive High School, Anala-Amakom",Male,all,WAEC,Polytechnic,20,16,18,35,33,0,1.6,4,0,0,2
2022/2023,South South,Delta,Oshimili South,Anala-Amakom,"Comprehensive High School, Anala-Amakom",Male,disabled,NABTEB,Polytechnic,1,1,1,2,1,0,1.7,0,0,0,1
2022/2023,South South,Delta,Oshimili South,Anala-Amakom,"Comprehensive High School, Anala-Amakom",Male,disabled,NECO,Polytechnic,1,1,1,2,1,0,1.6,0,0,0,1
2022/2023,South South,Delta,Oshimili South,Anala-Amakom,"Comprehensive High School, Anala-Amakom",Male,disabled,WAEC,Polytechnic,2,1,2,3,2,0,1.6,1,0,0,1
2022/2023,South South,Delta,Oshimili South,Anala-Amakom,"Government Secondary School, Anala-Amakom",Female,all,NABTEB,Polytechnic,4,4,4,7,6,0,1.7,0,0,0,1
2022/2023,South South,Delta,Oshimili South,Anala-Amakom,"Government Secondary School, Anala-Amakom",Female,all,NECO,Polytechnic,6,5,6,10,8,0,1.6,1,0,0,2
2022/2023,South South,Delta,Oshimili South,Anala-Amakom,"Government Secondary School, Anala-Amakom",Female,all,WAEC,Polytechnic,8,7,7,13,12,0,1.6,1,0,0,1
2022/2023,South South,Delta,Oshimili South,Anala-Amakom,"Government Secondary School, Anala-Amakom",Female,disabled,NABTEB,Polytechnic,1,1,1,2,1,0,1.7,0,0,0,1
2022/2023,South South,Delta,Oshimili South,Anala-Amakom,"Government Secondary School, Anala-Amakom",Female,disabled,NECO,Polytechnic,1,1,1,0,0,0,1.6,0,0,1,0
2022/2023,South South,Delta,Oshimili South,Anala-Amakom,"Government Secondary School, Anala-Amakom",Female,disabled,WAEC,Polytechnic,1,1,1,2,1,0,1.6,0,0,0,1
2022/2023,South South,Delta,Oshimili South,Anala-Amakom,"Government Secondary School, Anala-Amakom",Male,all,NABTEB,Polytechnic,4,4,4,5,4,0,1.7,0,0,0,1
2022/2023,South South,Delta,Oshimili South,Anala-Amakom,"Government Secondary School, Anala-Amakom",Male,all,NECO,Polytechnic,7,5,5,10,9,0,1.6,2,0,0,1
2022/2023,South South,Delta,Oshimili South,Anala-Amakom,"Government Secondary School, Anala-Amakom",Male,all,WAEC,Polytechnic,9,7,8,15,14,0,1.6,2,0,0,1
2022/2023,South South,Delta,Oshimili South,Anala-Amakom,"Government Secondary School, Anala-Amakom",Male,disabled,NABTEB,Polytechnic,1,0,0,0,0,0,1.7,1,0,0,0
2022/2023,South South,Delta,Oshimili South,Anala-Amakom,"Government Secondary School, Anala-Amakom",Male,disabled,NECO,Polytechnic,1,0,0,2,1,0,1.6,1,0,0,1
2022/2023,South South,Delta,Oshimili South,Anala-Amakom,"Government Secondary School, Anala-Amakom",Male,disabled,WAEC,Polytechnic,1,0,1,2,1,0,1.6,1,0,0,1
2022/2023,South South,Delta,Oshimili South,Anala-Amakom,"Unity College, Asaba",Female,all,NABTEB,Polytechnic,9,7,8,12,11,0,1.7,2,0,0,1
2022/2023,South South,Delta,Oshimili South,Anala-Amakom,"Unity College, Asaba",Female,all,NECO,Polytechnic,19,15,18,30,29,0,1.6,4,0,0,1
2022/2023,South South,Delta,Oshimili South,Anala-Amakom,"Unity College, Asaba",Female,all,WAEC,Polytechnic,21,17,19,31,28,0,1.6,4,0,0,3
2022/2023,South South,Delta,Oshimili South,Anala-Amakom,"Unity College, Asaba",Female,disabled,NABTEB,Polytechnic,1,0,1,2,1,0,1.7,1,0,0,1
2022/2023,South South,Delta,Oshimili South,Anala-Amakom,"Unity College, Asaba",Female,disabled,NECO,Polytechnic,1,1,1,2,1,0,1.6,0,0,0,1
2022/2023,South South,Delta,Oshimili South,Anala-Amakom,"Unity College, Asaba",Female,disabled,WAEC,Polytechnic,2,1,2,2,1,0,1.6,1,0,0,1
2022/2023,South South,Delta,Oshimili South,Anala-Amakom,"Unity College, Asaba",Male,all,NABTEB,Polytechnic,10,8,8,10,8,0,1.7,2,0,0,2
2022/2023,South South,Delta,Oshimili South,Anala-Amakom,"Unity College, Asaba",Male,all,NECO,Polytechnic,17,14,15,26,24,0,1.6,3,0,0,2
2022/2023,South South,Delta,Oshimili South,Anala-Amakom,"Unity College, Asaba",Male,all,WAEC,Polytechnic,21,17,18,35,33,0,1.6,4,0,0,2
2022/2023,South South,Delta,Oshimili South,Anala-Amakom,"Unity College, Asaba",Male,disabled,NABTEB,Polytechnic,1,1,0,0,0,0,1.7,0,1,0,0
2022/2023,South South,Delta,Oshimili South,Anala-Amakom,"Unity College, Asaba",Male,disabled,NECO,Polytechnic,1,1,1,2,1,0,1.6,0,0,0,1
2022/2023,South South,Delta,Oshimili South,Anala-Amakom,"Unity College, Asaba",Male,disabled,WAEC,Polytechnic,2,1,2,2,1,0,1.6,1,0,0,1
2022/2023,South South,Delta,Oshimili South,Cable Point I,"Community Secondary School, Cable Point I",Female,all,NABTEB,Polytechnic,9,7,8,10,8,0,1.7,2,0,0,2
2022/2023,South South,Delta,Oshimili South,Cable Point I,"Community Secondary School, Cable Point I",Female,all,NECO,Polytechnic,16,13,14,21,18,0,1.6,3,0,0,3
2022/2023,South South,Delta,Oshimili South,Cable Point I,"Community Secondary School, Cable Point I",Female,all,WAEC,Polytechnic,20,16,17,28,26,0,1.6,4,0,0,2
2022/2023,South South,Delta,Oshimili South,Cable Point I,"Community Secondary School, Cable Point I",Female,disabled,NABTEB,Polytechnic,1,0,1,0,0,0,1.7,1,0,1,0
2022/2023,South South,Delta,Oshimili South,Cable Point I,"Community Secondary School, Cable Point I",Female,disabled,NECO,Polytechnic,1,1,1,2,1,0,1.6,0,0,0,1
2022/2023,South South,Delta,Oshimili South,Cable Point I,"Community Secondary School, Cable Point I",Female,disabled,WAEC,Polytechnic,1,1,1,2,1,0,1.6,0,0,0,1
2022/2023,South South,Delta,Oshimili South,Cable Point I,"Community Secondary School, Cable Point I",Male,all,NABTEB,Polytechnic,8,7,7,12,11,0,1.7,1,0,0,1
2022/2023,South South,Delta,Oshimili South,Cable Point I,"Community Secondary School, Cable Point I",Male,all,NECO,Polytechnic,18,14,16,26,24,0,1.6,4,0,0,2
2022/2023,South South,Delta,Oshimili South,Cable Point I,"Community Secondary School, Cable Point I",Male,all,WAEC,Polytechnic,20,16,19,33,30,0,1.6,4,0,0,3
2022/2023,South South,Delta,Oshimili South,Cable Point I,"Community Secondary School, Cable Point I",Male,disabled,NABTEB,Polytechnic,1,0,0,2,1,0,1.7,1,0,0,1
2022/2023,South South,Delta,Oshimili South,Cable Point I,"Community Secondary School, Cable Point I",Male,disabled,NECO,Polytechnic,1,1,1,2,1,0,1.6,0,0,0,1
2022/2023,South South,Delta,Oshimili South,Cable Point I,"Community Secondary School, Cable Point I",Male,disabled,WAEC,Polytechnic,1,1,1,2,1,0,1.6,0,0,0,1
2022/2023,South South,Delta,Oshimili South,Cable Point I,"Comprehensive High School, Cable Point I",Female,all,NABTEB,Polytechnic,10,8,9,15,13,0,1.7,2,0,0,2
2022/2023,South South,Delta,Oshimili South,Cable Point I,"Comprehensive High School, Cable Point I",Female,all,NECO,Polytechnic,19,15,18,33,31,0,1.6,4,0,0,2
2022/2023,South South,Delta,Oshimili South,Cable Point I,"Comprehensive High School, Cable Point I",Female,all,WAEC,Polytechnic,24,20,24,50,44,0,1.6,4,0,0,6
2022/2023,South South,Delta,Oshimili South,Cable Point I,"Comprehensive High School, Cable Point I",Female,disabled,NABTEB,Polytechnic,1,1,1,2,1,0,1.7,0,0,0,1
2022/2023,South South,Delta,Oshimili South,Cable Point I,"Comprehensive High School, Cable Point I",Female,disabled,NECO,Polytechnic,2,1,1,2,1,0,1.6,1,0,0,1
2022/2023,South South,Delta,Oshimili South,Cable Point I,"Comprehensive High School, Cable Point I",Female,disabled,WAEC,Polytechnic,2,2,2,3,2,0,1.6,0,0,0,1
2022/2023,South South,Delta,Oshimili South,Cable Point I,"Comprehensive High School, Cable Point I",Male,all,NABTEB,Polytechnic,9,7,8,18,16,0,1.7,2,0,0,2
2022/2023,South South,Delta,Oshimili South,Cable Point I,"Comprehensive High School, Cable Point I",Male,all,NECO,Polytechnic,16,13,15,26,24,0,1.6,3,0,0,2
2022/2023,South South,Delta,Oshimili South,Cable Point I,"Comprehensive High School, Cable Point I",Male,all,WAEC,Polytechnic,21,17,21,41,38,0,1.6,4,0,0,3
2022/2023,South South,Delta,Oshimili South,Cable Point I,"Comprehensive High School, Cable Point I",Male,disabled,NABTEB,Polytechnic,1,1,1,2,1,0,1.7,0,0,0,1
2022/2023,South South,Delta,Oshimili South,Cable Point I,"Comprehensive High School, Cable Point I",Male,disabled,NECO,Polytechnic,1,1,1,2,1,0,1.6,0,0,0,1
2022/2023,South South,Delta,Oshimili South,Cable Point I,"Comprehensive High School, Cable Point I",Male,disabled,WAEC,Polytechnic,2,2,2,3,2,0,1.6,0,0,0,1
2022/2023,South South,Delta,Oshimili South,Cable Point I,"Government Secondary School, Cable Point I",Female,all,NABTEB,College of Education,6,5,6,7,5,0,1.8,1,0,0,2
2022/2023,South South,Delta,Oshimili South,Cable Point I,"Government Secondary School, Cable Point I",Female,all,NECO,College of Education,11,9,11,13,12,0,1.8,2,0,0,1
2022/2023,South South,Delta,Oshimili South,Cable Point I,"Government Secondary School, Cable Point I",Female,all,WAEC,College of Education,14,11,14,20,18,0,1.8,3,0,0,2
2022/2023,South South,Delta,Oshimili South,Cable Point I,"Government Secondary School, Cable Point I",Female,disabled,NABTEB,College of Education,1,1,1,1,0,0,1.8,0,0,0,1
2022/2023,South South,Delta,Oshimili South,Cable Point I,"Government Secondary School, Cable Point I",Female,disabled,NECO,College of Education,1,1,1,1,0,0,1.8,0,0,0,1
2022/2023,South South,Delta,Oshimili South,Cable Point I,"Government Secondary School, Cable Point I",Female,disabled,WAEC,College of Education,1,1,1,1,0,0,1.8,0,0,0,1
2022/2023,South South,Delta,Oshimili South,Cable Point I,"Government Secondary School, Cable Point I",Male,all,NABTEB,College of Education,6,5,6,9,7,0,1.8,1,0,0,2
2022/2023,South South,Delta,Oshimili South,Cable Point I,"Government Secondary School, Cable Point I",Male,all,NECO,College of Education,11,9,11,16,15,0,1.8,2,0,0,1
2022/2023,South South,Delta,Oshimili South,Cable Point I,"Government Secondary School, Cable Point I",Male,all,WAEC,College of Education,16,12,15,22,20,0,1.8,4,0,0,2
2022/2023,South South,Delta,Oshimili South,Cable Point I,"Government Secondary School, Cable Point I",Male,disabled,NABTEB,College of Education,1,0,1,1,0,0,1.8,1,0,0,1
2022/2023,South South,Delta,Oshimili South,Cable Point I,"Government Secondary School, Cable Point I",Male,disabled,NECO,College of Education,1,1,1,1,0,0,1.8,0,0,0,1
2022/2023,South South,Delta,Oshimili South,Cable Point I,"Government Secondary School, Cable Point I",Male,disabled,WAEC,College of Education,1,1,1,1,0,0,1.8,0,0,0,1
2022/2023,South South,Delta,Oshimili South,Cable Point I,"Unity College, Asaba",Female,all,NABTEB,Polytechnic,7,6,7,12,11,0,1.7,1,0,0,1
2022/2023,South South,Delta,Oshimili South,Cable Point I,"Unity College, Asaba",Female,all,NECO,Polytechnic,15,12,14,28,26,0,1.6,3,0,0,2
2022/2023,South South,Delta,Oshimili South,Cable Point I,"Unity College, Asaba",Female,all,WAEC,Polytechnic,19,15,17,33,30,0,1.6,4,0,0,3
2022/2023,South South,Delta,Oshimili South,Cable Point I,"Unity College, Asaba",Female,disabled,NABTEB,Polytechnic,1,1,1,2,1,0,1.7,0,0,0,1
2022/2023,South South,Delta,Oshimili South,Cable Point I,"Unity College, Asaba",Female,disabled,NECO,Polytechnic,1,1,1,2,1,0,1.6,0,0,0,1
2022/2023,South South,Delta,Oshimili South,Cable Point I,"Unity College, Asaba",Female,disabled,WAEC,Polytechnic,2,1,2,3,2,0,1.6,1,0,0,1
2022/2023,South South,Delta,Oshimili South,Cable Point I,"Unity College, Asaba",Male,all,NABTEB,Polytechnic,6,4,5,12,11,0,1.7,2,0,0,1
2022/2023,South South,Delta,Oshimili South,Cable Point I,"Unity College, Asaba",Male,all,NECO,Polytechnic,12,10,12,23,22,0,1.6,2,0,0,1
2022/2023,South South,Delta,Oshimili South,Cable Point I,"Unity College, Asaba",Male,all,WAEC,Polytechnic,16,13,16,33,28,0,1.6,3,0,0,5
2022/2023,South South,Delta,Oshimili South,Cable Point I,"Unity College, Asaba",Male,disabled,NABTEB,Polytechnic,1,0,0,2,1,0,1.7,1,0,0,1
2022/2023,South South,Delta,Oshimili South,Cable Point I,"Unity College, Asaba",Male,disabled,NECO,Polytechnic,1,1,1,2,1,0,1.6,0,0,0,1
2022/2023,South South,Delta,Oshimili South,Cable Point I,"Unity College, Asaba",Male,disabled,WAEC,Polytechnic,1,1,1,2,1,0,1.6,0,0,0,1
2022/2023,South South,Delta,Uvwie,Army Barracks Area,"Community Secondary School, Army Barracks Area",Female,all,NABTEB,College of Education,9,8,8,9,7,0,1.8,1,0,0,2
2022/2023,South South,Delta,Uvwie,Army Barracks Area,"Community Secondary School, Army Barracks Area",Female,all,NECO,College of Education,18,14,16,20,18,0,1.8,4,0,0,2
2022/2023,South South,Delta,Uvwie,Army Barracks Area,"Community Secondary School, Army Barracks Area",Female,all,WAEC,College of Education,23,18,20,23,21,0,1.8,5,0,0,2
2022/2023,South South,Delta,Uvwie,Army Barracks Area,"Community Secondary School, Army Barracks Area",Female,disabled,NABTEB,College of Education,1,1,1,1,0,0,1.8,0,0,0,1
2022/2023,South South,Delta,Uvwie,Army Barracks Area,"Community Secondary School, Army Barracks Area",Female,disabled,NECO,College of Education,1,1,1,1,0,0,1.8,0,0,0,1
2022/2023,South South,Delta,Uvwie,Army Barracks Area,"Community Secondary School, Army Barracks Area",Female,disabled,WAEC,College of Education,2,1,2,1,0,0,1.8,1,0,1,1
2022/2023,South South,Delta,Uvwie,Army Barracks Area,"Community Secondary School, Army Barracks Area",Male,all,NABTEB,College of Education,8,6,7,9,7,0,1.8,2,0,0,2
2022/2023,South South,Delta,Uvwie,Army Barracks Area,"Community Secondary School, Army Barracks Area",Male,all,NECO,College of Education,14,12,13,15,14,0,1.8,2,0,0,1
2022/2023,South South,Delta,Uvwie,Army Barracks Area,"Community Secondary School, Army Barracks Area",Male,all,WAEC,College of Education,18,14,16,20,18,0,1.8,4,0,0,2
2022/2023,South South,Delta,Uvwie,Army Barracks Area,"Community Secondary School, Army Barracks Area",Male,disabled,NABTEB,College of Education,1,0,0,1,0,0,1.8,1,0,0,1
2022/2023,South South,Delta,Uvwie,Army Barracks Area,"Community Secondary School, Army Barracks Area",Male,disabled,NECO,College of Education,1,1,1,1,0,0,1.8,0,0,0,1
2022/2023,South South,Delta,Uvwie,Army Barracks Area,"Community Secondary School, Army Barracks Area",Male,disabled,WAEC,College of Education,1,1,1,1,0,0,1.8,0,0,0,1
2022/2023,South South,Delta,Uvwie,Army Barracks Area,"Comprehensive High School, Army Barracks Area",Female,all,NABTEB,College of Education,7,5,6,7,6,0,1.8,2,0,0,1
2022/2023,South South,Delta,Uvwie,Army Barracks Area,"Comprehensive High School, Army Barracks Area",Female,all,NECO,College of Education,14,11,13,13,12,0,1.8,3,0,0,1
2022/2023,South South,Delta,Uvwie,Army Barracks Area,"Comprehensive High School, Army Barracks Area",Female,all,WAEC,College of Education,21,17,19,23,21,0,1.8,4,0,0,2
2022/2023,South South,Delta,Uvwie,Army Barracks Area,"Comprehensive High School, Army Barracks Area",Female,disabled,NABTEB,College of Education,1,1,1,1,0,0,1.8,0,0,0,1
2022/2023,South South,Delta,Uvwie,Army Barracks Area,"Comprehensive High School, Army Barracks Area",Female,disabled,NECO,College of Education,1,1,1,1,0,0,1.8,0,0,0,1
2022/2023,South South,Delta,Uvwie,Army Barracks Area,"Comprehensive High School, Army Barracks Area",Female,disabled,WAEC,College of Education,1,1,1,1,0,0,1.8,0,0,0,1
2022/2023,South South,Delta,Uvwie,Army Barracks Area,"Comprehensive High School, Army Barracks Area",Male,all,NABTEB,College of Education,7,5,6,5,4,0,1.8,2,0,1,1
2022/2023,South South,Delta,Uvwie,Army Barracks Area,"Comprehensive High School, Army Barracks Area",Male,all,NECO,College of Education,14,11,12,15,14,0,1.8,3,0,0,1
2022/2023,South South,Delta,Uvwie,Army Barracks Area,"Comprehensive High School, Army Barracks Area",Male,all,WAEC,College of Education,19,16,17,20,18,0,1.8,3,0,0,2
2022/2023,South South,Delta,Uvwie,Army Barracks Area,"Comprehensive High School, Army Barracks Area",Male,disabled,NABTEB,College of Education,1,0,0,0,0,0,1.8,1,0,0,0
2022/2023,South South,Delta,Uvwie,Army Barracks Area,"Comprehensive High School, Army Barracks Area",Male,disabled,NECO,College of Education,1,1,1,1,0,0,1.8,0,0,0,1
2022/2023,South South,Delta,Uvwie,Army Barracks Area,"Comprehensive High School, Army Barracks Area",Male,disabled,WAEC,College of Education,1,1,1,1,0,0,1.8,0,0,0,1
2022/2023,South South,Delta,Uvwie,Army Barracks Area,"Government Secondary School, Army Barracks Area",Female,all,NABTEB,College of Education,9,7,8,5,4,0,1.8,2,0,3,1
2022/2023,South South,Delta,Uvwie,Army Barracks Area,"Government Secondary School, Army Barracks Area",Female,all,NECO,College of Education,18,14,15,15,13,0,1.8,4,0,0,2
2022/2023,South South,Delta,Uvwie,Army Barracks Area,"Government Secondary School, Army Barracks Area",Female,all,WAEC,College of Education,22,18,19,23,21,0,1.8,4,0,0,2
2022/2023,South South,Delta,Uvwie,Army Barracks Area,"Government Secondary School, Army Barracks Area",Female,disabled,NABTEB,College of Education,1,1,1,0,0,0,1.8,0,0,1,0
2022/2023,South South,Delta,Uvwie,Army Barracks Area,"Government Secondary School, Army Barracks Area",Female,disabled,NECO,College of Education,2,1,2,1,0,0,1.8,1,0,1,1
2022/2023,South South,Delta,Uvwie,Army Barracks Area,"Government Secondary School, Army Barracks Area",Female,disabled,WAEC,College of Education,2,2,2,2,1,0,1.8,0,0,0,1
2022/2023,South South,Delta,Uvwie,Army Barracks Area,"Government Secondary School, Army Barracks Area",Male,all,NABTEB,College of Education,9,7,8,7,6,0,1.8,2,0,1,1
2022/2023,South South,Delta,Uvwie,Army Barracks Area,"Government Secondary School, Army Barracks Area",Male,all,NECO,College of Education,19,15,16,16,15,0,1.8,4,0,0,1
2022/2023,South South,Delta,Uvwie,Army Barracks Area,"Government Secondary School, Army Barracks Area",Male,all,WAEC,College of Education,22,18,19,22,20,0,1.8,4,0,0,2
2022/2023,South South,Delta,Uvwie,Army Barracks Area,"Government Secondary School, Army Barracks Area",Male,disabled,NABTEB,College of Education,1,1,1,0,0,0,1.8,0,0,1,0
2022/2023,South South,Delta,Uvwie,Army Barracks Area,"Government Secondary School, Army Barracks Area",Male,disabled,NECO,College of Education,2,1,1,1,0,0,1.8,1,0,0,1
2022/2023,South South,Delta,Uvwie,Army Barracks Area,"Government Secondary School, Army Barracks Area",Male,disabled,WAEC,College of Education,2,2,2,2,1,0,1.8,0,0,0,1
2022/2023,South South,Delta,Uvwie,Army Barracks Area,"Unity College, Uvwie",Female,all,NABTEB,College of Education,4,4,4,5,4,0,1.8,0,0,0,1
2022/2023,South South,Delta,Uvwie,Army Barracks Area,"Unity College, Uvwie",Female,all,NECO,College of Education,9,7,8,8,7,0,1.8,2,0,0,1
2022/2023,South South,Delta,Uvwie,Army Barracks Area,"Unity College, Uvwie",Female,all,WAEC,College of Education,10,8,9,11,10,0,1.8,2,0,0,1
2022/2023,South South,Delta,Uvwie,Army Barracks Area,"Unity College, Uvwie",Female,disabled,NABTEB,College of Education,1,1,1,1,0,0,1.8,0,0,0,1
2022/2023,South South,Delta,Uvwie,Army Barracks Area,"Unity College, Uvwie",Female,disabled,NECO,College of Education,1,1,1,1,0,0,1.8,0,0,0,1
2022/2023,South South,Delta,Uvwie,Army Barracks Area,"Unity College, Uvwie",Female,disabled,WAEC,College of Education,1,1,1,1,0,0,1.8,0,0,0,1
2022/2023,South South,Delta,Uvwie,Army Barracks Area,"Unity College, Uvwie",Male,all,NABTEB,College of Education,4,3,3,5,4,0,1.8,1,0,0,1
2022/2023,South South,Delta,Uvwie,Army Barracks Area,"Unity College, Uvwie",Male,all,NECO,College of Education,7,6,6,8,7,0,1.8,1,0,0,1
2022/2023,South South,Delta,Uvwie,Army Barracks Area,"Unity College, Uvwie",Male,all,WAEC,College of Education,9,7,8,11,10,0,1.8,2,0,0,1
2022/2023,South South,Delta,Uvwie,Army Barracks Area,"Unity College, Uvwie",Male,disabled,NABTEB,College of Education,1,0,0,1,0,0,1.8,1,0,0,1
2022/2023,South South,Delta,Uvwie,Army Barracks Area,"Unity College, Uvwie",Male,disabled,NECO,College of Education,1,0,1,1,0,0,1.8,1,0,0,1
2022/2023,South South,Delta,Uvwie,Army Barracks Area,"Unity College, Uvwie",Male,disabled,WAEC,College of Education,1,1,1,1,0,0,1.8,0,0,0,1
2022/2023,South South,Delta,Uvwie,Effurun I,"Community Secondary School, Effurun I",Female,all,NABTEB,Polytechnic,9,7,9,18,16,0,1.7,2,0,0,2
2022/2023,South South,Delta,Uvwie,Effurun I,"Community Secondary School, Effurun I",Female,all,NECO,Polytechnic,17,13,16,33,31,0,1.6,4,0,0,2
2022/2023,South South,Delta,Uvwie,Effurun I,"Community Secondary School, Effurun I",Female,all,WAEC,Polytechnic,20,16,19,37,35,0,1.6,4,0,0,2
2022/2023,South South,Delta,Uvwie,Effurun I,"Community Secondary School, Effurun I",Female,disabled,NABTEB,Polytechnic,1,1,1,2,1,0,1.7,0,0,0,1
2022/2023,South South,Delta,Uvwie,Effurun I,"Community Secondary School, Effurun I",Female,disabled,NECO,Polytechnic,1,1,1,2,1,0,1.6,0,0,0,1
2022/2023,South South,Delta,Uvwie,Effurun I,"Community Secondary School, Effurun I",Female,disabled,WAEC,Polytechnic,2,1,2,3,2,0,1.6,1,0,0,1
2022/2023,South South,Delta,Uvwie,Effurun I,"Community Secondary School, Effurun I",Male,all,NABTEB,Polytechnic,10,8,10,18,16,0,1.7,2,0,0,2
2022/2023,South South,Delta,Uvwie,Effurun I,"Community Secondary School, Effurun I",Male,all,NECO,Polytechnic,17,14,17,35,34,0,1.6,3,0,0,1
2022/2023,South South,Delta,Uvwie,Effurun I,"Community Secondary School, Effurun I",Male,all,WAEC,Polytechnic,24,19,24,56,50,0,1.6,5,0,0,6
2022/2023,South South,Delta,Uvwie,Effurun I,"Community Secondary School, Effurun I",Male,disabled,NABTEB,Polytechnic,1,1,1,2,1,0,1.7,0,0,0,1
2022/2023,South South,Delta,Uvwie,Effurun I,"Community Secondary School, Effurun I",Male,disabled,NECO,Polytechnic,1,1,1,2,1,0,1.6,0,0,0,1
2022/2023,South South,Delta,Uvwie,Effurun I,"Community Secondary School, Effurun I",Male,disabled,WAEC,Polytechnic,2,2,2,3,2,0,1.6,0,0,0,1
2022/2023,South South,Delta,Uvwie,Effurun I,"Comprehensive High School, Effurun I",Female,all,NABTEB,College of Education,7,5,6,7,6,0,1.8,2,0,0,1
2022/2023,South South,Delta,Uvwie,Effurun I,"Comprehensive High School, Effurun I",Female,all,NECO,College of Education,12,10,10,13,12,0,1.8,2,0,0,1
2022/2023,South South,Delta,Uvwie,Effurun I,"Comprehensive High School, Effurun I",Female,all,WAEC,College of Education,16,13,14,18,16,0,1.8,3,0,0,2
2022/2023,South South,Delta,Uvwie,Effurun I,"Comprehensive High School, Effurun I",Female,disabled,NABTEB,College of Education,1,0,1,1,0,0,1.8,1,0,0,1
2022/2023,South South,Delta,Uvwie,Effurun I,"Comprehensive High School, Effurun I",Female,disabled,NECO,College of Education,1,1,1,1,0,0,1.8,0,0,0,1
2022/2023,South South,Delta,Uvwie,Effurun I,"Comprehensive High School, Effurun I",Female,disabled,WAEC,College of Education,1,1,1,1,0,0,1.8,0,0,0,1
2022/2023,South South,Delta,Uvwie,Effurun I,"Comprehensive High School, Effurun I",Male,all,NABTEB,College of Education,5,4,4,3,2,0,1.8,1,0,1,1
2022/2023,South South,Delta,Uvwie,Effurun I,"Comprehensive High School, Effurun I",Male,all,NECO,College of Education,11,9,10,12,11,0,1.8,2,0,0,1
2022/2023,South South,Delta,Uvwie,Effurun I,"Comprehensive High School, Effurun I",Male,all,WAEC,College of Education,15,12,13,18,16,0,1.8,3,0,0,2
2022/2023,South South,Delta,Uvwie,Effurun I,"Comprehensive High School, Effurun I",Male,disabled,NABTEB,College of Education,1,0,0,0,0,0,1.8,1,0,0,0
2022/2023,South South,Delta,Uvwie,Effurun I,"Comprehensive High School, Effurun I",Male,disabled,NECO,College of Education,1,1,1,1,0,0,1.8,0,0,0,1
2022/2023,South South,Delta,Uvwie,Effurun I,"Comprehensive High School, Effurun I",Male,disabled,WAEC,College of Education,1,1,1,1,0,0,1.8,0,0,0,1
2022/2023,South South,Delta,Uvwie,Effurun I,"Government Secondary School, Effurun I",Female,all,NABTEB,University,6,5,6,105,96,1,1.6,1,0,0,9
2022/2023,South South,Delta,Uvwie,Effurun I,"Government Secondary School, Effurun I",Female,all,NECO,University,10,8,10,168,162,0,1.5,2,0,0,6
2022/2023,South South,Delta,Uvwie,Effurun I,"Government Secondary School, Effurun I",Female,all,WAEC,University,16,13,14,235,212,2,1.5,3,0,0,23
2022/2023,South South,Delta,Uvwie,Effurun I,"Government Secondary School, Effurun I",Female,disabled,NABTEB,University,1,1,1,18,15,0,1.6,0,0,0,3
2022/2023,South South,Delta,Uvwie,Effurun I,"Government Secondary School, Effurun I",Female,disabled,NECO,University,1,1,1,18,15,0,1.5,0,0,0,3
2022/2023,South South,Delta,Uvwie,Effurun I,"Government Secondary School, Effurun I",Female,disabled,WAEC,University,1,1,1,14,12,0,1.5,0,0,0,2
2022/2023,South South,Delta,Uvwie,Effurun I,"Government Secondary School, Effurun I",Male,all,NABTEB,University,7,5,6,110,96,1,1.6,2,0,0,14
2022/2023,South South,Delta,Uvwie,Effurun I,"Government Secondary School, Effurun I",Male,all,NECO,University,12,10,11,192,187,0,1.5,2,0,0,5
2022/2023,South South,Delta,Uvwie,Effurun I,"Government Secondary School, Effurun I",Male,all,WAEC,University,15,12,14,273,253,2,1.5,3,0,0,20
2022/2023,South South,Delta,Uvwie,Effurun I,"Government Secondary School, Effurun I",Male,disabled,NABTEB,University,1,0,1,18,15,0,1.6,1,0,0,3
2022/2023,South South,Delta,Uvwie,Effurun I,"Government Secondary School, Effurun I",Male,disabled,NECO,University,1,1,1,18,15,0,1.5,0,0,0,3
2022/2023,South South,Delta,Uvwie,Effurun I,"Government Secondary School, Effurun I",Male,disabled,WAEC,University,1,1,1,14,12,0,1.5,0,0,0,2
2022/2023,South South,Delta,Uvwie,Effurun I,"Unity College, Uvwie",Female,all,NABTEB,College of Education,7,6,7,9,7,0,1.8,1,0,0,2
2022/2023,South South,Delta,Uvwie,Effurun I,"Unity College, Uvwie",Female,all,NECO,College of Education,13,10,12,18,16,0,1.8,3,0,0,2
2022/2023,South South,Delta,Uvwie,Effurun I,"Unity College, Uvwie",Female,all,WAEC,College of Education,20,16,19,28,24,0,1.8,4,0,0,4
2022/2023,South South,Delta,Uvwie,Effurun I,"Unity College, Uvwie",Female,disabled,NABTEB,College of Education,1,0,1,1,0,0,1.8,1,0,0,1
2022/2023,South South,Delta,Uvwie,Effurun I,"Unity College, Uvwie",Female,disabled,NECO,College of Education,1,1,1,1,0,0,1.8,0,0,0,1
2022/2023,South South,Delta,Uvwie,Effurun I,"Unity College, Uvwie",Female,disabled,WAEC,College of Education,1,1,1,1,0,0,1.8,0,0,0,1
2022/2023,South South,Delta,Uvwie,Effurun I,"Unity College, Uvwie",Male,all,NABTEB,College of Education,8,6,7,10,9,0,1.8,2,0,0,1
2022/2023,South South,Delta,Uvwie,Effurun I,"Unity College, Uvwie",Male,all,NECO,College of Education,14,11,14,20,18,0,1.8,3,0,0,2
2022/2023,South South,Delta,Uvwie,Effurun I,"Unity College, Uvwie",Male,all,WAEC,College of Education,20,16,20,29,26,0,1.8,4,0,0,3
2022/2023,South South,Delta,Uvwie,Effurun I,"Unity College, Uvwie",Male,disabled,NABTEB,College of Education,1,0,0,1,0,0,1.8,1,0,0,1
2022/2023,South South,Delta,Uvwie,Effurun I,"Unity College, Uvwie",Male,disabled,NECO,College of Education,1,1,1,1,0,0,1.8,0,0,0,1
2022/2023,South South,Delta,Uvwie,Effurun I,"Unity College, Uvwie",Male,disabled,WAEC,College of Education,1,1,1,1,0,0,1.8,0,0,0,1
2022/2023,South South,Delta,Uvwie,Effurun II,"Community Secondary School, Effurun II",Female,all,NABTEB,Polytechnic,10,8,10,18,16,0,1.7,2,0,0,2
2022/2023,South South,Delta,Uvwie,Effurun II,"Community Secondary School, Effurun II",Female,all,NECO,Polytechnic,16,13,16,30,29,0,1.6,3,0,0,1
2022/2023,South South,Delta,Uvwie,Effurun II,"Community Secondary School, Effurun II",Female,all,WAEC,Polytechnic,22,18,22,48,44,0,1.6,4,0,0,4
2022/2023,South South,Delta,Uvwie,Effurun II,"Community Secondary School, Effurun II",Female,disabled,NABTEB,Polytechnic,1,1,1,2,1,0,1.7,0,0,0,1
2022/2023,South South,Delta,Uvwie,Effurun II,"Community Secondary School, Effurun II",Female,disabled,NECO,Polytechnic,2,1,1,2,1,0,1.6,1,0,0,1
2022/2023,South South,Delta,Uvwie,Effurun II,"Community Secondary School, Effurun II",Female,disabled,WAEC,Polytechnic,2,2,2,3,2,0,1.6,0,0,0,1
2022/2023,South South,Delta,Uvwie,Effurun II,"Community Secondary School, Effurun II",Male,all,NABTEB,Polytechnic,8,7,8,15,13,0,1.7,1,0,0,2
2022/2023,South South,Delta,Uvwie,Effurun II,"Community Secondary School, Effurun II",Male,all,NECO,Polytechnic,15,12,15,28,26,0,1.6,3,0,0,2
2022/2023,South South,Delta,Uvwie,Effurun II,"Community Secondary School, Effurun II",Male,all,WAEC,Polytechnic,21,17,20,41,38,0,1.6,4,0,0,3
2022/2023,South South,Delta,Uvwie,Effurun II,"Community Secondary School, Effurun II",Male,disabled,NABTEB,Polytechnic,1,1,1,2,1,0,1.7,0,0,0,1
2022/2023,South South,Delta,Uvwie,Effurun II,"Community Secondary School, Effurun II",Male,disabled,NECO,Polytechnic,1,1,1,2,1,0,1.6,0,0,0,1
2022/2023,South South,Delta,Uvwie,Effurun II,"Community Secondary School, Effurun II",Male,disabled,WAEC,Polytechnic,2,2,2,3,2,0,1.6,0,0,0,1
2022/2023,South South,Delta,Uvwie,Effurun II,"Comprehensive High School, Effurun II",Female,all,NABTEB,College of Education,9,7,9,10,9,0,1.8,2,0,0,1
2022/2023,South South,Delta,Uvwie,Effurun II,"Comprehensive High School, Effurun II",Female,all,NECO,College of Education,17,14,15,20,18,0,1.8,3,0,0,2
2022/2023,South South,Delta,Uvwie,Effurun II,"Comprehensive High School, Effurun II",Female,all,WAEC,College of Education,24,19,22,29,26,0,1.8,5,0,0,3
2022/2023,South South,Delta,Uvwie,Effurun II,"Comprehensive High School, Effurun II",Female,disabled,NABTEB,College of Education,1,0,0,1,0,0,1.8,1,0,0,1
2022/2023,South South,Delta,Uvwie,Effurun II,"Comprehensive High School, Effurun II",Female,disabled,NECO,College of Education,1,1,1,1,0,0,1.8,0,0,0,1
2022/2023,South South,Delta,Uvwie,Effurun II,"Comprehensive High School, Effurun II",Female,disabled,WAEC,College of Education,2,1,1,1,0,0,1.8,1,0,0,1
2022/2023,South South,Delta,Uvwie,Effurun II,"Comprehensive High School, Effurun II",Male,all,NABTEB,College of Education,8,6,7,9,7,0,1.8,2,0,0,2
2022/2023,South South,Delta,Uvwie,Effurun II,"Comprehensive High School, Effurun II",Male,all,NECO,College of Education,14,11,14,18,16,0,1.8,3,0,0,2
2022/2023,South South,Delta,Uvwie,Effurun II,"Comprehensive High School, Effurun II",Male,all,WAEC,College of Education,21,17,20,29,26,0,1.8,4,0,0,3
2022/2023,South South,Delta,Uvwie,Effurun II,"Comprehensive High School, Effurun II",Male,disabled,NABTEB,College of Education,1,0,0,1,0,0,1.8,1,0,0,1
2022/2023,South South,Delta,Uvwie,Effurun II,"Comprehensive High School, Effurun II",Male,disabled,NECO,College of Education,1,1,1,1,0,0,1.8,0,0,0,1
2022/2023,South South,Delta,Uvwie,Effurun II,"Comprehensive High School, Effurun II",Male,disabled,WAEC,College of Education,1,1,1,1,0,0,1.8,0,0,0,1
2022/2023,South South,Delta,Uvwie,Effurun II,"Government Secondary School, Effurun II",Female,all,NABTEB,Polytechnic,9,7,8,12,11,0,1.7,2,0,0,1
2022/2023,South South,Delta,Uvwie,Effurun II,"Government Secondary School, Effurun II",Female,all,NECO,Polytechnic,17,14,15,28,26,0,1.6,3,0,0,2
2022/2023,South South,Delta,Uvwie,Effurun II,"Government Secondary School, Effurun II",Female,all,WAEC,Polytechnic,21,17,20,35,33,0,1.6,4,0,0,2
2022/2023,South South,Delta,Uvwie,Effurun II,"Government Secondary School, Effurun II",Female,disabled,NABTEB,Polytechnic,1,0,0,2,1,0,1.7,1,0,0,1
2022/2023,South South,Delta,Uvwie,Effurun II,"Government Secondary School, Effurun II",Female,disabled,NECO,Polytechnic,1,1,1,2,1,0,1.6,0,0,0,1
2022/2023,South South,Delta,Uvwie,Effurun II,"Government Secondary School, Effurun II",Female,disabled,WAEC,Polytechnic,2,1,1,2,1,0,1.6,1,0,0,1
2022/2023,South South,Delta,Uvwie,Effurun II,"Government Secondary School, Effurun II",Male,all,NABTEB,Polytechnic,9,8,8,12,11,0,1.7,1,0,0,1
2022/2023,South South,Delta,Uvwie,Effurun II,"Government Secondary School, Effurun II",Male,all,NECO,Polytechnic,15,12,13,23,21,0,1.6,3,0,0,2
2022/2023,South South,Delta,Uvwie,Effurun II,"Government Secondary School, Effurun II",Male,all,WAEC,Polytechnic,21,17,19,35,30,0,1.6,4,0,0,5
2022/2023,South South,Delta,Uvwie,Effurun II,"Government Secondary School, Effurun II",Male,disabled,NABTEB,Polytechnic,1,0,0,2,1,0,1.7,1,0,0,1
2022/2023,South South,Delta,Uvwie,Effurun II,"Government Secondary School, Effurun II",Male,disabled,NECO,Polytechnic,1,1,1,2,1,0,1.6,0,0,0,1
2022/2023,South South,Delta,Uvwie,Effurun II,"Government Secondary School, Effurun II",Male,disabled,WAEC,Polytechnic,1,1,1,2,1,0,1.6,0,0,0,1
2022/2023,South South,Delta,Uvwie,Effurun II,"Unity College, Uvwie",Female,all,NABTEB,College of Education,5,4,4,7,6,0,1.8,1,0,0,1
2022/2023,South South,Delta,Uvwie,Effurun II,"Unity College, Uvwie",Female,all,NECO,College of Education,8,7,8,12,11,0,1.8,1,0,0,1
2022/2023,South South,Delta,Uvwie,Effurun II,"Unity College, Uvwie",Female,all,WAEC,College of Education,12,10,11,17,15,0,1.8,2,0,0,2
2022/2023,South South,Delta,Uvwie,Effurun II,"Unity College, Uvwie",Female,disabled,NABTEB,College of Education,1,0,0,1,0,0,1.8,1,0,0,1
2022/2023,South South,Delta,Uvwie,Effurun II,"Unity College, Uvwie",Female,disabled,NECO,College of Education,1,1,1,1,0,0,1.8,0,0,0,1
2022/2023,South South,Delta,Uvwie,Effurun II,"Unity College, Uvwie",Female,disabled,WAEC,College of Education,1,1,1,1,0,0,1.8,0,0,0,1
2022/2023,South South,Delta,Uvwie,Effurun II,"Unity College, Uvwie",Male,all,NABTEB,College of Education,5,4,5,7,6,0,1.8,1,0,0,1
2022/2023,South South,Delta,Uvwie,Effurun II,"Unity College, Uvwie",Male,all,NECO,College of Education,9,7,9,13,12,0,1.8,2,0,0,1
2022/2023,South South,Delta,Uvwie,Effurun II,"Unity College, Uvwie",Male,all,WAEC,College of Education,13,10,12,20,18,0,1.8,3,0,0,2
2022/2023,South South,Delta,Uvwie,Effurun II,"Unity College, Uvwie",Male,disabled,NABTEB,College of Education,1,0,0,1,0,0,1.8,1,0,0,1
2022/2023,South South,Delta,Uvwie,Effurun II,"Unity College, Uvwie",Male,disabled,NECO,College of Education,1,1,1,1,0,0,1.8,0,0,0,1
2022/2023,South South,Delta,Uvwie,Effurun II,"Unity College, Uvwie",Male,disabled,WAEC,College of Education,1,1,1,1,0,0,1.8,0,0,0,1
2022/2023,South South,Delta,Warri North,Ebrohimi,"Community Secondary School, Ebrohimi",Female,all,NABTEB,Polytechnic,7,6,7,12,11,0,1.7,1,0,0,1
2022/2023,South South,Delta,Warri North,Ebrohimi,"Community Secondary School, Ebrohimi",Female,all,NECO,Polytechnic,14,11,13,23,22,0,1.6,3,0,0,1
2022/2023,South South,Delta,Warri North,Ebrohimi,"Community Secondary School, Ebrohimi",Female,all,WAEC,Polytechnic,18,15,18,35,30,0,1.6,3,0,0,5
2022/2023,South South,Delta,Warri North,Ebrohimi,"Community Secondary School, Ebrohimi",Female,disabled,NABTEB,Polytechnic,1,0,0,2,1,0,1.7,1,0,0,1
2022/2023,South South,Delta,Warri North,Ebrohimi,"Community Secondary School, Ebrohimi",Female,disabled,NECO,Polytechnic,1,1,1,2,1,0,1.6,0,0,0,1
2022/2023,South South,Delta,Warri North,Ebrohimi,"Community Secondary School, Ebrohimi",Female,disabled,WAEC,Polytechnic,1,1,1,2,1,0,1.6,0,0,0,1
2022/2023,South South,Delta,Warri North,Ebrohimi,"Community Secondary School, Ebrohimi",Male,all,NABTEB,Polytechnic,6,5,6,12,11,0,1.7,1,0,0,1
2022/2023,South South,Delta,Warri North,Ebrohimi,"Community Secondary School, Ebrohimi",Male,all,NECO,Polytechnic,11,9,10,21,20,0,1.6,2,0,0,1
2022/2023,South South,Delta,Warri North,Ebrohimi,"Community Secondary School, Ebrohimi",Male,all,WAEC,Polytechnic,15,12,14,28,26,0,1.6,3,0,0,2
2022/2023,South South,Delta,Warri North,Ebrohimi,"Community Secondary School, Ebrohimi",Male,disabled,NABTEB,Polytechnic,1,0,0,2,1,0,1.7,1,0,0,1
2022/2023,South South,Delta,Warri North,Ebrohimi,"Community Secondary School, Ebrohimi",Male,disabled,NECO,Polytechnic,1,1,1,2,1,0,1.6,0,0,0,1
2022/2023,South South,Delta,Warri North,Ebrohimi,"Community Secondary School, Ebrohimi",Male,disabled,WAEC,Polytechnic,1,1,1,2,1,0,1.6,0,0,0,1
2022/2023,South South,Delta,Warri North,Ebrohimi,"Comprehensive High School, Ebrohimi",Female,all,NABTEB,Polytechnic,11,9,9,15,13,0,1.7,2,0,0,2
2022/2023,South South,Delta,Warri North,Ebrohimi,"Comprehensive High School, Ebrohimi",Female,all,NECO,Polytechnic,21,17,19,33,31,0,1.6,4,0,0,2
2022/2023,South South,Delta,Warri North,Ebrohimi,"Comprehensive High School, Ebrohimi",Female,all,WAEC,Polytechnic,24,20,23,35,30,0,1.6,4,0,0,5
2022/2023,South South,Delta,Warri North,Ebrohimi,"Comprehensive High School, Ebrohimi",Female,disabled,NABTEB,Polytechnic,1,1,1,2,1,0,1.7,0,0,0,1
2022/2023,South South,Delta,Warri North,Ebrohimi,"Comprehensive High School, Ebrohimi",Female,disabled,NECO,Polytechnic,2,2,2,4,3,0,1.6,0,0,0,1
2022/2023,South South,Delta,Warri North,Ebrohimi,"Comprehensive High School, Ebrohimi",Female,disabled,WAEC,Polytechnic,3,2,2,3,2,0,1.6,1,0,0,1
2022/2023,South South,Delta,Warri North,Ebrohimi,"Comprehensive High School, Ebrohimi",Male,all,NABTEB,Polytechnic,10,8,9,12,11,0,1.7,2,0,0,1
2022/2023,South South,Delta,Warri North,Ebrohimi,"Comprehensive High School, Ebrohimi",Male,all,NECO,Polytechnic,21,17,19,33,31,0,1.6,4,0,0,2
2022/2023,South South,Delta,Warri North,Ebrohimi,"Comprehensive High School, Ebrohimi",Male,all,WAEC,Polytechnic,26,21,22,35,33,0,1.6,5,0,0,2
2022/2023,South South,Delta,Warri North,Ebrohimi,"Comprehensive High School, Ebrohimi",Male,disabled,NABTEB,Polytechnic,1,1,1,2,1,0,1.7,0,0,0,1
2022/2023,South South,Delta,Warri North,Ebrohimi,"Comprehensive High School, Ebrohimi",Male,disabled,NECO,Polytechnic,2,2,2,2,1,0,1.6,0,0,0,1
2022/2023,South South,Delta,Warri North,Ebrohimi,"Comprehensive High School, Ebrohimi",Male,disabled,WAEC,Polytechnic,3,2,3,3,2,0,1.6,1,0,0,1
2022/2023,South South,Delta,Warri North,Ebrohimi,"Government Secondary School, Ebrohimi",Female,all,NABTEB,College of Education,5,4,4,3,2,0,1.8,1,0,1,1
2022/2023,South South,Delta,Warri North,Ebrohimi,"Government Secondary School, Ebrohimi",Female,all,NECO,College of Education,9,7,8,10,9,0,1.8,2,0,0,1
2022/2023,South South,Delta,Warri North,Ebrohimi,"Government Secondary School, Ebrohimi",Female,all,WAEC,College of Education,11,9,10,12,11,0,1.8,2,0,0,1
2022/2023,South South,Delta,Warri North,Ebrohimi,"Government Secondary School, Ebrohimi",Female,disabled,NABTEB,College of Education,1,0,0,0,0,0,1.8,1,0,0,0
2022/2023,South South,Delta,Warri North,Ebrohimi,"Government Secondary School, Ebrohimi",Female,disabled,NECO,College of Education,1,1,1,1,0,0,1.8,0,0,0,1
2022/2023,South South,Delta,Warri North,Ebrohimi,"Government Secondary School, Ebrohimi",Female,disabled,WAEC,College of Education,1,1,1,1,0,0,1.8,0,0,0,1
2022/2023,South South,Delta,Warri North,Ebrohimi,"Government Secondary School, Ebrohimi",Male,all,NABTEB,College of Education,5,4,4,3,2,0,1.8,1,0,1,1
2022/2023,South South,Delta,Warri North,Ebrohimi,"Government Secondary School, Ebrohimi",Male,all,NECO,College of Education,9,7,8,10,9,0,1.8,2,0,0,1
2022/2023,South South,Delta,Warri North,Ebrohimi,"Government Secondary School, Ebrohimi",Male,all,WAEC,College of Education,12,9,11,12,11,0,1.8,3,0,0,1
2022/2023,South South,Delta,Warri North,Ebrohimi,"Government Secondary School, Ebrohimi",Male,disabled,NABTEB,College of Education,1,0,0,0,0,0,1.8,1,0,0,0
2022/2023,South South,Delta,Warri North,Ebrohimi,"Government Secondary School, Ebrohimi",Male,disabled,NECO,College of Education,1,1,1,1,0,0,1.8,0,0,0,1
2022/2023,South South,Delta,Warri North,Ebrohimi,"Government Secondary School, Ebrohimi",Male,disabled,WAEC,College of Education,1,1,1,1,0,0,1.8,0,0,0,1
2022/2023,South South,Delta,Warri North,Ebrohimi,"Unity College, Warri North",Female,all,NABTEB,Polytechnic,8,7,8,12,11,0,1.7,1,0,0,1
2022/2023,South South,Delta,Warri North,Ebrohimi,"Unity College, Warri North",Female,all,NECO,Polytechnic,16,13,14,23,21,0,1.6,3,0,0,2
2022/2023,South South,Delta,Warri North,Ebrohimi,"Unity College, Warri North",Female,all,WAEC,Polytechnic,22,18,19,35,30,0,1.6,4,0,0,5
2022/2023,South South,Delta,Warri North,Ebrohimi,"Unity College, Warri North",Female,disabled,NABTEB,Polytechnic,1,0,0,2,1,0,1.7,1,0,0,1
2022/2023,South South,Delta,Warri North,Ebrohimi,"Unity College, Warri North",Female,disabled,NECO,Polytechnic,1,1,1,2,1,0,1.6,0,0,0,1
2022/2023,South South,Delta,Warri North,Ebrohimi,"Unity College, Warri North",Female,disabled,WAEC,Polytechnic,2,1,2,2,1,0,1.6,1,0,0,1
2022/2023,South South,Delta,Warri North,Ebrohimi,"Unity College, Warri North",Male,all,NABTEB,Polytechnic,7,6,6,10,8,0,1.7,1,0,0,2
2022/2023,South South,Delta,Warri North,Ebrohimi,"Unity College, Warri North",Male,all,NECO,Polytechnic,13,10,12,21,20,0,1.6,3,0,0,1
2022/2023,South South,Delta,Warri North,Ebrohimi,"Unity College, Warri North",Male,all,WAEC,Polytechnic,17,14,16,31,28,0,1.6,3,0,0,3
2022/2023,South South,Delta,Warri North,Ebrohimi,"Unity College, Warri North",Male,disabled,NABTEB,Polytechnic,1,0,0,2,1,0,1.7,1,0,0,1
2022/2023,South South,Delta,Warri North,Ebrohimi,"Unity College, Warri North",Male,disabled,NECO,Polytechnic,1,1,1,2,1,0,1.6,0,0,0,1
2022/2023,South South,Delta,Warri North,Ebrohimi,"Unity College, Warri North",Male,disabled,WAEC,Polytechnic,1,1,1,2,1,0,1.6,0,0,0,1
2022/2023,South South,Delta,Warri North,Eghoro,"Community Secondary School, Eghoro",Female,all,NABTEB,University,5,4,4,67,66,0,1.6,1,0,0,1
2022/2023,South South,Delta,Warri North,Eghoro,"Community Secondary School, Eghoro",Female,all,NECO,University,8,7,8,129,116,1,1.5,1,0,0,13
2022/2023,South South,Delta,Warri North,Eghoro,"Community Secondary School, Eghoro",Female,all,WAEC,University,11,9,11,177,167,1,1.5,2,0,0,10
2022/2023,South South,Delta,Warri North,Eghoro,"Community Secondary School, Eghoro",Female,disabled,NABTEB,University,1,0,0,18,15,0,1.6,1,0,0,3
2022/2023,South South,Delta,Warri North,Eghoro,"Community Secondary School, Eghoro",Female,disabled,NECO,University,1,1,1,14,12,0,1.5,0,0,0,2
2022/2023,South South,Delta,Warri North,Eghoro,"Community Secondary School, Eghoro",Female,disabled,WAEC,University,1,1,1,14,12,0,1.5,0,0,0,2
2022/2023,South South,Delta,Warri North,Eghoro,"Community Secondary School, Eghoro",Male,all,NABTEB,University,4,3,4,67,66,0,1.6,1,0,0,1
2022/2023,South South,Delta,Warri North,Eghoro,"Community Secondary School, Eghoro",Male,all,NECO,University,7,5,6,129,116,1,1.5,2,0,0,13
2022/2023,South South,Delta,Warri North,Eghoro,"Community Secondary School, Eghoro",Male,all,WAEC,University,9,7,8,158,147,1,1.5,2,0,0,11
2022/2023,South South,Delta,Warri North,Eghoro,"Community Secondary School, Eghoro",Male,disabled,NABTEB,University,1,0,0,18,15,0,1.6,1,0,0,3
2022/2023,South South,Delta,Warri North,Eghoro,"Community Secondary School, Eghoro",Male,disabled,NECO,University,1,0,1,14,12,0,1.5,1,0,0,2
2022/2023,South South,Delta,Warri North,Eghoro,"Community Secondary School, Eghoro",Male,disabled,WAEC,University,1,1,1,14,12,0,1.5,0,0,0,2
2022/2023,South South,Delta,Warri North,Eghoro,"Comprehensive High School, Eghoro",Female,all,NABTEB,University,4,3,4,67,66,0,1.6,1,0,0,1
2022/2023,South South,Delta,Warri North,Eghoro,"Comprehensive High School, Eghoro",Female,all,NECO,University,9,7,8,129,116,1,1.5,2,0,0,13
2022/2023,South South,Delta,Warri North,Eghoro,"Comprehensive High School, Eghoro",Female,all,WAEC,University,12,10,11,177,167,1,1.5,2,0,0,10
2022/2023,South South,Delta,Warri North,Eghoro,"Comprehensive High School, Eghoro",Female,disabled,NABTEB,University,1,0,0,18,15,0,1.6,1,0,0,3
2022/2023,South South,Delta,Warri North,Eghoro,"Comprehensive High School, Eghoro",Female,disabled,NECO,University,1,1,1,14,13,0,1.5,0,0,0,1
2022/2023,South South,Delta,Warri North,Eghoro,"Comprehensive High School, Eghoro",Female,disabled,WAEC,University,1,1,1,14,12,0,1.5,0,0,0,2
2022/2023,South South,Delta,Warri North,Eghoro,"Comprehensive High School, Eghoro",Male,all,NABTEB,University,5,4,4,67,66,0,1.6,1,0,0,1
2022/2023,South South,Delta,Warri North,Eghoro,"Comprehensive High School, Eghoro",Male,all,NECO,University,8,6,8,129,116,1,1.5,2,0,0,13
2022/2023,South South,Delta,Warri North,Eghoro,"Comprehensive High School, Eghoro",Male,all,WAEC,University,13,10,11,196,187,1,1.5,3,0,0,9
2022/2023,South South,Delta,Warri North,Eghoro,"Comprehensive High School, Eghoro",Male,disabled,NABTEB,University,1,0,0,18,15,0,1.6,1,0,0,3
2022/2023,South South,Delta,Warri North,Eghoro,"Comprehensive High School, Eghoro",Male,disabled,NECO,University,1,1,1,14,12,0,1.5,0,0,0,2
2022/2023,South South,Delta,Warri North,Eghoro,"Comprehensive High School, Eghoro",Male,disabled,WAEC,University,1,1,1,14,12,0,1.5,0,0,0,2
2022/2023,South South,Delta,Warri North,Eghoro,"Government Secondary School, Eghoro",Female,all,NABTEB,Polytechnic,10,8,9,10,8,0,1.7,2,0,0,2
2022/2023,South South,Delta,Warri North,Eghoro,"Government Secondary School, Eghoro",Female,all,NECO,Polytechnic,21,17,19,28,26,0,1.6,4,0,0,2
2022/2023,South South,Delta,Warri North,Eghoro,"Government Secondary School, Eghoro",Female,all,WAEC,Polytechnic,28,22,25,46,40,0,1.6,6,0,0,6
2022/2023,South South,Delta,Warri North,Eghoro,"Government Secondary School, Eghoro",Female,disabled,NABTEB,Polytechnic,1,1,1,0,0,0,1.7,0,0,1,0
2022/2023,South South,Delta,Warri North,Eghoro,"Government Secondary School, Eghoro",Female,disabled,NECO,Polytechnic,2,1,1,2,1,0,1.6,1,0,0,1
2022/2023,South South,Delta,Warri North,Eghoro,"Government Secondary School, Eghoro",Female,disabled,WAEC,Polytechnic,3,2,3,3,2,0,1.6,1,0,0,1
2022/2023,South South,Delta,Warri North,Eghoro,"Government Secondary School, Eghoro",Male,all,NABTEB,Polytechnic,11,8,9,12,11,0,1.7,3,0,0,1
2022/2023,South South,Delta,Warri North,Eghoro,"Government Secondary School, Eghoro",Male,all,NECO,Polytechnic,20,16,18,28,26,0,1.6,4,0,0,2
2022/2023,South South,Delta,Warri North,Eghoro,"Government Secondary School, Eghoro",Male,all,WAEC,Polytechnic,29,23,26,44,40,0,1.6,6,0,0,4
2022/2023,South South,Delta,Warri North,Eghoro,"Government Secondary School, Eghoro",Male,disabled,NABTEB,Polytechnic,1,1,1,2,1,0,1.7,0,0,0,1
2022/2023,South South,Delta,Warri North,Eghoro,"Government Secondary School, Eghoro",Male,disabled,NECO,Polytechnic,2,1,1,2,1,0,1.6,1,0,0,1
2022/2023,South South,Delta,Warri North,Eghoro,"Government Secondary School, Eghoro",Male,disabled,WAEC,Polytechnic,2,2,2,2,1,0,1.6,0,0,0,1
2022/2023,South South,Delta,Warri North,Eghoro,"Unity College, Warri North",Female,all,NABTEB,Polytechnic,4,3,3,7,6,0,1.7,1,0,0,1
2022/2023,South South,Delta,Warri North,Eghoro,"Unity College, Warri North",Female,all,NECO,Polytechnic,8,6,7,14,13,0,1.6,2,0,0,1
2022/2023,South South,Delta,Warri North,Eghoro,"Unity College, Warri North",Female,all,WAEC,Polytechnic,11,9,10,22,21,0,1.6,2,0,0,1
2022/2023,South South,Delta,Warri North,Eghoro,"Unity College, Warri North",Female,disabled,NABTEB,Polytechnic,1,0,0,2,1,0,1.7,1,0,0,1
2022/2023,South South,Delta,Warri North,Eghoro,"Unity College, Warri North",Female,disabled,NECO,Polytechnic,1,1,1,2,1,0,1.6,0,0,0,1
2022/2023,South South,Delta,Warri North,Eghoro,"Unity College, Warri North",Female,disabled,WAEC,Polytechnic,1,1,1,2,1,0,1.6,0,0,0,1
2022/2023,South South,Delta,Warri North,Eghoro,"Unity College, Warri North",Male,all,NABTEB,Polytechnic,4,3,3,7,6,0,1.7,1,0,0,1
2022/2023,South South,Delta,Warri North,Eghoro,"Unity College, Warri North",Male,all,NECO,Polytechnic,8,6,7,16,15,0,1.6,2,0,0,1
2022/2023,South South,Delta,Warri North,Eghoro,"Unity College, Warri North",Male,all,WAEC,Polytechnic,10,8,9,22,21,0,1.6,2,0,0,1
2022/2023,South South,Delta,Warri North,Eghoro,"Unity College, Warri North",Male,disabled,NABTEB,Polytechnic,1,0,0,2,1,0,1.7,1,0,0,1
2022/2023,South South,Delta,Warri North,Eghoro,"Unity College, Warri North",Male,disabled,NECO,Polytechnic,1,0,0,2,1,0,1.6,1,0,0,1
2022/2023,South South,Delta,Warri North,Eghoro,"Unity College, Warri North",Male,disabled,WAEC,Polytechnic,1,0,1,2,1,0,1.6,1,0,0,1
2022/2023,South South,Delta,Warri North,Gbokoda,"Community Secondary School, Gbokoda",Female,all,NABTEB,College of Education,5,4,4,5,4,0,1.8,1,0,0,1
2022/2023,South South,Delta,Warri North,Gbokoda,"Community Secondary School, Gbokoda",Female,all,NECO,College of Education,9,7,8,12,11,0,1.8,2,0,0,1
2022/2023,South South,Delta,Warri North,Gbokoda,"Community Secondary School, Gbokoda",Female,all,WAEC,College of Education,13,10,12,15,14,0,1.8,3,0,0,1
2022/2023,South South,Delta,Warri North,Gbokoda,"Community Secondary School, Gbokoda",Female,disabled,NABTEB,College of Education,1,0,0,1,0,0,1.8,1,0,0,1
2022/2023,South South,Delta,Warri North,Gbokoda,"Community Secondary School, Gbokoda",Female,disabled,NECO,College of Education,1,1,1,1,0,0,1.8,0,0,0,1
2022/2023,South South,Delta,Warri North,Gbokoda,"Community Secondary School, Gbokoda",Female,disabled,WAEC,College of Education,1,1,1,1,0,0,1.8,0,0,0,1
2022/2023,South South,Delta,Warri North,Gbokoda,"Community Secondary School, Gbokoda",Male,all,NABTEB,College of Education,4,4,4,5,4,0,1.8,0,0,0,1
2022/2023,South South,Delta,Warri North,Gbokoda,"Community Secondary School, Gbokoda",Male,all,NECO,College of Education,8,6,7,10,9,0,1.8,2,0,0,1
2022/2023,South South,Delta,Warri North,Gbokoda,"Community Secondary School, Gbokoda",Male,all,WAEC,College of Education,11,9,10,14,13,0,1.8,2,0,0,1
2022/2023,South South,Delta,Warri North,Gbokoda,"Community Secondary School, Gbokoda",Male,disabled,NABTEB,College of Education,1,0,0,1,0,0,1.8,1,0,0,1
2022/2023,South South,Delta,Warri North,Gbokoda,"Community Secondary School, Gbokoda",Male,disabled,NECO,College of Education,1,1,1,1,0,0,1.8,0,0,0,1
2022/2023,South South,Delta,Warri North,Gbokoda,"Community Secondary School, Gbokoda",Male,disabled,WAEC,College of Education,1,1,1,1,0,0,1.8,0,0,0,1
2022/2023,South South,Delta,Warri North,Gbokoda,"Comprehensive High School, Gbokoda",Female,all,NABTEB,University,10,8,8,110,96,1,1.6,2,0,0,14
2022/2023,South South,Delta,Warri North,Gbokoda,"Comprehensive High School, Gbokoda",Female,all,NECO,University,16,13,15,235,212,2,1.5,3,0,0,23
2022/2023,South South,Delta,Warri North,Gbokoda,"Comprehensive High School, Gbokoda",Female,all,WAEC,University,26,21,25,412,359,4,1.5,5,0,0,53
2022/2023,South South,Delta,Warri North,Gbokoda,"Comprehensive High School, Gbokoda",Female,disabled,NABTEB,University,1,1,1,14,12,0,1.6,0,0,0,2
2022/2023,South South,Delta,Warri North,Gbokoda,"Comprehensive High School, Gbokoda",Female,disabled,NECO,University,2,1,1,14,12,0,1.5,1,0,0,2
2022/2023,South South,Delta,Warri North,Gbokoda,"Comprehensive High School, Gbokoda",Female,disabled,WAEC,University,2,2,2,29,24,0,1.5,0,0,0,5
2022/2023,South South,Delta,Warri North,Gbokoda,"Comprehensive High School, Gbokoda",Male,all,NABTEB,University,8,7,8,110,96,1,1.6,1,0,0,14
2022/2023,South South,Delta,Warri North,Gbokoda,"Comprehensive High School, Gbokoda",Male,all,NECO,University,16,13,15,254,233,2,1.5,3,0,0,21
2022/2023,South South,Delta,Warri North,Gbokoda,"Comprehensive High School, Gbokoda",Male,all,WAEC,University,25,20,23,374,359,1,1.5,5,0,0,15
2022/2023,South South,Delta,Warri North,Gbokoda,"Comprehensive High School, Gbokoda",Male,disabled,NABTEB,University,1,1,1,14,12,0,1.6,0,0,0,2
2022/2023,South South,Delta,Warri North,Gbokoda,"Comprehensive High School, Gbokoda",Male,disabled,NECO,University,2,1,1,14,12,0,1.5,1,0,0,2
2022/2023,South South,Delta,Warri North,Gbokoda,"Comprehensive High School, Gbokoda",Male,disabled,WAEC,University,2,2,2,29,24,0,1.5,0,0,0,5
2022/2023,South South,Delta,Warri North,Gbokoda,"Government Secondary School, Gbokoda",Female,all,NABTEB,University,7,6,7,134,121,1,1.6,1,0,0,13
2022/2023,South South,Delta,Warri North,Gbokoda,"Government Secondary School, Gbokoda",Female,all,NECO,University,15,12,15,273,258,1,1.5,3,0,0,15
2022/2023,South South,Delta,Warri North,Gbokoda,"Government Secondary School, Gbokoda",Female,all,WAEC,University,24,19,23,431,400,2,1.5,5,0,0,31
2022/2023,South South,Delta,Warri North,Gbokoda,"Government Secondary School, Gbokoda",Female,disabled,NABTEB,University,1,0,0,18,15,0,1.6,1,0,0,3
2022/2023,South South,Delta,Warri North,Gbokoda,"Government Secondary School, Gbokoda",Female,disabled,NECO,University,1,1,1,14,12,0,1.5,0,0,0,2
2022/2023,South South,Delta,Warri North,Gbokoda,"Government Secondary School, Gbokoda",Female,disabled,WAEC,University,2,1,1,14,12,0,1.5,1,0,0,2
2022/2023,South South,Delta,Warri North,Gbokoda,"Government Secondary School, Gbokoda",Male,all,NABTEB,University,7,6,7,129,121,1,1.6,1,0,0,8
2022/2023,South South,Delta,Warri North,Gbokoda,"Government Secondary School, Gbokoda",Male,all,NECO,University,17,13,16,297,283,1,1.5,4,0,0,14
2022/2023,South South,Delta,Warri North,Gbokoda,"Government Secondary School, Gbokoda",Male,all,WAEC,University,23,18,23,450,400,4,1.5,5,0,0,50
2022/2023,South South,Delta,Warri North,Gbokoda,"Government Secondary School, Gbokoda",Male,disabled,NABTEB,University,1,0,0,18,15,0,1.6,1,0,0,3
2022/2023,South South,Delta,Warri North,Gbokoda,"Government Secondary School, Gbokoda",Male,disabled,NECO,University,1,1,1,14,13,0,1.5,0,0,0,1
2022/2023,South South,Delta,Warri North,Gbokoda,"Government Secondary School, Gbokoda",Male,disabled,WAEC,University,2,1,2,29,24,0,1.5,1,0,0,5
2022/2023,South South,Delta,Warri North,Gbokoda,"Unity College, Warri North",Female,all,NABTEB,Polytechnic,9,7,9,17,16,0,1.7,2,0,0,1
2022/2023,South South,Delta,Warri North,Gbokoda,"Unity College, Warri North",Female,all,NECO,Polytechnic,16,13,15,30,29,0,1.6,3,0,0,1
2022/2023,South South,Delta,Warri North,Gbokoda,"Unity College, Warri North",Female,all,WAEC,Polytechnic,23,19,21,41,38,0,1.6,4,0,0,3
2022/2023,South South,Delta,Warri North,Gbokoda,"Unity College, Warri North",Female,disabled,NABTEB,Polytechnic,1,0,0,2,1,0,1.7,1,0,0,1
2022/2023,South South,Delta,Warri North,Gbokoda,"Unity College, Warri North",Female,disabled,NECO,Polytechnic,1,1,1,2,1,0,1.6,0,0,0,1
2022/2023,South South,Delta,Warri North,Gbokoda,"Unity College, Warri North",Female,disabled,WAEC,Polytechnic,2,1,1,2,1,0,1.6,1,0,0,1
2022/2023,South South,Delta,Warri North,Gbokoda,"Unity College, Warri North",Male,all,NABTEB,Polytechnic,9,7,8,15,13,0,1.7,2,0,0,2
2022/2023,South South,Delta,Warri North,Gbokoda,"Unity College, Warri North",Male,all,NECO,Polytechnic,16,13,15,30,29,0,1.6,3,0,0,1
2022/2023,South South,Delta,Warri North,Gbokoda,"Unity College, Warri North",Male,all,WAEC,Polytechnic,22,18,22,47,42,0,1.6,4,0,0,5
2022/2023,South South,Delta,Warri North,Gbokoda,"Unity College, Warri North",Male,disabled,NABTEB,Polytechnic,1,0,0,2,1,0,1.7,1,0,0,1
2022/2023,South South,Delta,Warri North,Gbokoda,"Unity College, Warri North",Male,disabled,NECO,Polytechnic,1,1,1,2,1,0,1.6,0,0,0,1
2022/2023,South South,Delta,Warri North,Gbokoda,"Unity College, Warri North",Male,disabled,WAEC,Polytechnic,1,1,1,2,1,0,1.6,0,0,0,1
2022/2023,South South,Delta,Warri South,Bowen,"Community Secondary School, Bowen",Female,all,NABTEB,Polytechnic,7,6,7,15,13,0,1.7,1,0,0,2
2022/2023,South South,Delta,Warri South,Bowen,"Community Secondary School, Bowen",Female,all,NECO,Polytechnic,17,14,16,33,31,0,1.6,3,0,0,2
2022/2023,South South,Delta,Warri South,Bowen,"Community Secondary School, Bowen",Female,all,WAEC,Polytechnic,18,14,17,35,33,0,1.6,4,0,0,2
2022/2023,South South,Delta,Warri South,Bowen,"Community Secondary School, Bowen",Female,disabled,NABTEB,Polytechnic,1,0,0,2,1,0,1.7,1,0,0,1
2022/2023,South South,Delta,Warri South,Bowen,"Community Secondary School, Bowen",Female,disabled,NECO,Polytechnic,2,1,1,2,1,0,1.6,1,0,0,1
2022/2023,South South,Delta,Warri South,Bowen,"Community Secondary School, Bowen",Female,disabled,WAEC,Polytechnic,2,1,2,3,2,0,1.6,1,0,0,1
2022/2023,South South,Delta,Warri South,Bowen,"Community Secondary School, Bowen",Male,all,NABTEB,Polytechnic,7,5,7,12,11,0,1.7,2,0,0,1
2022/2023,South South,Delta,Warri South,Bowen,"Community Secondary School, Bowen",Male,all,NECO,Polytechnic,16,12,15,33,31,0,1.6,4,0,0,2
2022/2023,South South,Delta,Warri South,Bowen,"Community Secondary School, Bowen",Male,all,WAEC,Polytechnic,18,14,17,39,38,0,1.6,4,0,0,1
2022/2023,South South,Delta,Warri South,Bowen,"Community Secondary School, Bowen",Male,disabled,NABTEB,Polytechnic,1,1,1,2,1,0,1.7,0,0,0,1
2022/2023,South South,Delta,Warri South,Bowen,"Community Secondary School, Bowen",Male,disabled,NECO,Polytechnic,1,1,1,2,1,0,1.6,0,0,0,1
2022/2023,South South,Delta,Warri South,Bowen,"Community Secondary School, Bowen",Male,disabled,WAEC,Polytechnic,2,1,2,3,2,0,1.6,1,0,0,1
2022/2023,South South,Delta,Warri South,Bowen,"Comprehensive High School, Bowen",Female,all,NABTEB,University,7,5,6,91,90,0,1.6,2,0,0,1
2022/2023,South South,Delta,Warri South,Bowen,"Comprehensive High School, Bowen",Female,all,NECO,University,13,10,12,192,187,0,1.5,3,0,0,5
2022/2023,South South,Delta,Warri South,Bowen,"Comprehensive High School, Bowen",Female,all,WAEC,University,17,14,15,235,212,2,1.5,3,0,0,23
2022/2023,South South,Delta,Warri South,Bowen,"Comprehensive High School, Bowen",Female,disabled,NABTEB,University,1,1,1,18,15,0,1.6,0,0,0,3
2022/2023,South South,Delta,Warri South,Bowen,"Comprehensive High School, Bowen",Female,disabled,NECO,University,1,1,1,14,12,0,1.5,0,0,0,2
2022/2023,South South,Delta,Warri South,Bowen,"Comprehensive High School, Bowen",Female,disabled,WAEC,University,2,1,1,14,12,0,1.5,1,0,0,2
2022/2023,South South,Delta,Warri South,Bowen,"Comprehensive High School, Bowen",Male,all,NABTEB,University,6,4,5,67,51,1,1.6,2,0,0,16
2022/2023,South South,Delta,Warri South,Bowen,"Comprehensive High School, Bowen",Male,all,NECO,University,11,9,10,148,142,0,1.5,2,0,0,6
2022/2023,South South,Delta,Warri South,Bowen,"Comprehensive High School, Bowen",Male,all,WAEC,University,16,13,15,254,233,2,1.5,3,0,0,21
2022/2023,South South,Delta,Warri South,Bowen,"Comprehensive High School, Bowen",Male,disabled,NABTEB,University,1,0,0,0,0,0,1.6,1,0,0,0
2022/2023,South South,Delta,Warri South,Bowen,"Comprehensive High School, Bowen",Male,disabled,NECO,University,1,1,1,14,13,0,1.5,0,0,0,1
2022/2023,South South,Delta,Warri South,Bowen,"Comprehensive High School, Bowen",Male,disabled,WAEC,University,1,1,1,14,12,0,1.5,0,0,0,2
2022/2023,South South,Delta,Warri South,Bowen,"Government Secondary School, Bowen",Female,all,NABTEB,University,9,7,9,134,121,1,1.6,2,0,0,13
2022/2023,South South,Delta,Warri South,Bowen,"Government Secondary School, Bowen",Female,all,NECO,University,16,13,15,235,212,2,1.5,3,0,0,23
2022/2023,South South,Delta,Warri South,Bowen,"Government Secondary School, Bowen",Female,all,WAEC,University,19,15,17,297,273,2,1.5,4,0,0,24
2022/2023,South South,Delta,Warri South,Bowen,"Government Secondary School, Bowen",Female,disabled,NABTEB,University,1,1,1,14,13,0,1.6,0,0,0,1
2022/2023,South South,Delta,Warri South,Bowen,"Government Secondary School, Bowen",Female,disabled,NECO,University,1,1,1,14,13,0,1.5,0,0,0,1
2022/2023,South South,Delta,Warri South,Bowen,"Government Secondary School, Bowen",Female,disabled,WAEC,University,2,1,2,29,24,0,1.5,1,0,0,5
2022/2023,South South,Delta,Warri South,Bowen,"Government Secondary School, Bowen",Male,all,NABTEB,University,9,7,8,134,121,1,1.6,2,0,0,13
2022/2023,South South,Delta,Warri South,Bowen,"Government Secondary School, Bowen",Male,all,NECO,University,16,13,15,254,233,2,1.5,3,0,0,21
2022/2023,South South,Delta,Warri South,Bowen,"Government Secondary School, Bowen",Male,all,WAEC,University,19,16,18,316,293,2,1.5,3,0,0,23
2022/2023,South South,Delta,Warri South,Bowen,"Government Secondary School, Bowen",Male,disabled,NABTEB,University,1,1,1,18,15,0,1.6,0,0,0,3
2022/2023,South South,Delta,Warri South,Bowen,"Government Secondary School, Bowen",Male,disabled,NECO,University,1,1,1,14,13,0,1.5,0,0,0,1
2022/2023,South South,Delta,Warri South,Bowen,"Government Secondary School, Bowen",Male,disabled,WAEC,University,2,1,2,29,24,0,1.5,1,0,0,5
2022/2023,South South,Delta,Warri South,Bowen,"Unity College, Warri South",Female,all,NABTEB,University,7,6,6,91,90,0,1.6,1,0,0,1
2022/2023,South South,Delta,Warri South,Bowen,"Unity College, Warri South",Female,all,NECO,University,13,11,11,148,142,0,1.5,2,0,0,6
2022/2023,South South,Delta,Warri South,Bowen,"Unity College, Warri South",Female,all,WAEC,University,19,15,16,235,212,2,1.5,4,0,0,23
2022/2023,South South,Delta,Warri South,Bowen,"Unity College, Warri South",Female,disabled,NABTEB,University,1,1,1,14,13,0,1.6,0,0,0,1
2022/2023,South South,Delta,Warri South,Bowen,"Unity College, Warri South",Female,disabled,NECO,University,1,1,1,0,0,0,1.5,0,0,1,0
2022/2023,South South,Delta,Warri South,Bowen,"Unity College, Warri South",Female,disabled,WAEC,University,1,1,1,14,12,0,1.5,0,0,0,2
2022/2023,South South,Delta,Warri South,Bowen,"Unity College, Warri South",Male,all,NABTEB,University,6,5,6,67,66,0,1.6,1,0,0,1
2022/2023,South South,Delta,Warri South,Bowen,"Unity College, Warri South",Male,all,NECO,University,11,9,10,148,142,0,1.5,2,0,0,6
2022/2023,South South,Delta,Warri South,Bowen,"Unity College, Warri South",Male,all,WAEC,University,16,13,15,215,187,2,1.5,3,0,0,28
2022/2023,South South,Delta,Warri South,Bowen,"Unity College, Warri South",Male,disabled,NABTEB,University,1,0,0,0,0,0,1.6,1,0,0,0
2022/2023,South South,Delta,Warri South,Bowen,"Unity College, Warri South",Male,disabled,NECO,University,1,1,1,14,13,0,1.5,0,0,0,1
2022/2023,South South,Delta,Warri South,Bowen,"Unity College, Warri South",Male,disabled,WAEC,University,1,1,1,14,12,0,1.5,0,0,0,2
2022/2023,South South,Delta,Warri South,Edjeba,"Community Secondary School, Edjeba",Female,all,NABTEB,University,5,4,4,67,66,0,1.6,1,0,0,1
2022/2023,South South,Delta,Warri South,Edjeba,"Community Secondary School, Edjeba",Female,all,NECO,University,10,8,9,129,116,1,1.5,2,0,0,13
2022/2023,South South,Delta,Warri South,Edjeba,"Community Secondary School, Edjeba",Female,all,WAEC,University,13,11,12,215,187,2,1.5,2,0,0,28
2022/2023,South South,Delta,Warri South,Edjeba,"Community Secondary School, Edjeba",Female,disabled,NABTEB,University,1,0,0,18,15,0,1.6,1,0,0,3
2022/2023,South South,Delta,Warri South,Edjeba,"Community Secondary School, Edjeba",Female,disabled,NECO,University,1,1,1,14,13,0,1.5,0,0,0,1
2022/2023,South South,Delta,Warri South,Edjeba,"Community Secondary School, Edjeba",Female,disabled,WAEC,University,1,1,1,14,12,0,1.5,0,0,0,2
2022/2023,South South,Delta,Warri South,Edjeba,"Community Secondary School, Edjeba",Male,all,NABTEB,University,5,4,5,67,66,0,1.6,1,0,0,1
2022/2023,South South,Delta,Warri South,Edjeba,"Community Secondary School, Edjeba",Male,all,NECO,University,10,8,9,129,116,1,1.5,2,0,0,13
2022/2023,South South,Delta,Warri South,Edjeba,"Community Secondary School, Edjeba",Male,all,WAEC,University,13,10,12,196,167,2,1.5,3,0,0,29
2022/2023,South South,Delta,Warri South,Edjeba,"Community Secondary School, Edjeba",Male,disabled,NABTEB,University,1,0,0,18,15,0,1.6,1,0,0,3
2022/2023,South South,Delta,Warri South,Edjeba,"Community Secondary School, Edjeba",Male,disabled,NECO,University,1,1,1,14,13,0,1.5,0,0,0,1
2022/2023,South South,Delta,Warri South,Edjeba,"Community Secondary School, Edjeba",Male,disabled,WAEC,University,1,1,1,14,12,0,1.5,0,0,0,2
2022/2023,South South,Delta,Warri South,Edjeba,"Comprehensive High School, Edjeba",Female,all,NABTEB,College of Education,5,4,5,7,6,0,1.8,1,0,0,1
2022/2023,South South,Delta,Warri South,Edjeba,"Comprehensive High School, Edjeba",Female,all,NECO,College of Education,12,10,12,16,15,0,1.8,2,0,0,1
2022/2023,South South,Delta,Warri South,Edjeba,"Comprehensive High School, Edjeba",Female,all,WAEC,College of Education,16,13,16,25,23,0,1.8,3,0,0,2
2022/2023,South South,Delta,Warri South,Edjeba,"Comprehensive High School, Edjeba",Female,disabled,NABTEB,College of Education,1,0,0,1,0,0,1.8,1,0,0,1
2022/2023,South South,Delta,Warri South,Edjeba,"Comprehensive High School, Edjeba",Female,disabled,NECO,College of Education,1,1,1,1,0,0,1.8,0,0,0,1
2022/2023,South South,Delta,Warri South,Edjeba,"Comprehensive High School, Edjeba",Female,disabled,WAEC,College of Education,2,1,1,1,0,0,1.8,1,0,0,1
2022/2023,South South,Delta,Warri South,Edjeba,"Comprehensive High School, Edjeba",Male,all,NABTEB,College of Education,6,5,5,9,7,0,1.8,1,0,0,2
2022/2023,South South,Delta,Warri South,Edjeba,"Comprehensive High School, Edjeba",Male,all,NECO,College of Education,11,9,11,16,15,0,1.8,2,0,0,1
2022/2023,South South,Delta,Warri South,Edjeba,"Comprehensive High School, Edjeba",Male,all,WAEC,College of Education,16,13,15,22,20,0,1.8,3,0,0,2
2022/2023,South South,Delta,Warri South,Edjeba,"Comprehensive High School, Edjeba",Male,disabled,NABTEB,College of Education,1,0,0,1,0,0,1.8,1,0,0,1
2022/2023,South South,Delta,Warri South,Edjeba,"Comprehensive High School, Edjeba",Male,disabled,NECO,College of Education,1,1,1,1,0,0,1.8,0,0,0,1
2022/2023,South South,Delta,Warri South,Edjeba,"Comprehensive High School, Edjeba",Male,disabled,WAEC,College of Education,1,1,1,1,0,0,1.8,0,0,0,1
2022/2023,South South,Delta,Warri South,Edjeba,"Government Secondary School, Edjeba",Female,all,NABTEB,College of Education,5,4,5,7,6,0,1.8,1,0,0,1
2022/2023,South South,Delta,Warri South,Edjeba,"Government Secondary School, Edjeba",Female,all,NECO,College of Education,9,7,8,10,9,0,1.8,2,0,0,1
2022/2023,South South,Delta,Warri South,Edjeba,"Government Secondary School, Edjeba",Female,all,WAEC,College of Education,10,8,10,12,11,0,1.8,2,0,0,1
2022/2023,South South,Delta,Warri South,Edjeba,"Government Secondary School, Edjeba",Female,disabled,NABTEB,College of Education,1,0,0,1,0,0,1.8,1,0,0,1
2022/2023,South South,Delta,Warri South,Edjeba,"Government Secondary School, Edjeba",Female,disabled,NECO,College of Education,1,1,1,1,0,0,1.8,0,0,0,1
2022/2023,South South,Delta,Warri South,Edjeba,"Government Secondary School, Edjeba",Female,disabled,WAEC,College of Education,1,1,1,1,0,0,1.8,0,0,0,1
2022/2023,South South,Delta,Warri South,Edjeba,"Government Secondary School, Edjeba",Male,all,NABTEB,College of Education,5,4,5,7,6,0,1.8,1,0,0,1
2022/2023,South South,Delta,Warri South,Edjeba,"Government Secondary School, Edjeba",Male,all,NECO,College of Education,9,7,8,12,11,0,1.8,2,0,0,1
2022/2023,South South,Delta,Warri South,Edjeba,"Government Secondary School, Edjeba",Male,all,WAEC,College of Education,11,9,11,17,16,0,1.8,2,0,0,1
2022/2023,South South,Delta,Warri South,Edjeba,"Government Secondary School, Edjeba",Male,disabled,NABTEB,College of Education,1,0,0,1,0,0,1.8,1,0,0,1
2022/2023,South South,Delta,Warri South,Edjeba,"Government Secondary School, Edjeba",Male,disabled,NECO,College of Education,1,1,1,1,0,0,1.8,0,0,0,1
2022/2023,South South,Delta,Warri South,Edjeba,"Government Secondary School, Edjeba",Male,disabled,WAEC,College of Education,1,1,1,1,0,0,1.8,0,0,0,1
2022/2023,South South,Delta,Warri South,Edjeba,"Unity College, Warri South",Female,all,NABTEB,University,9,7,8,153,142,1,1.6,2,0,0,11
2022/2023,South South,Delta,Warri South,Edjeba,"Unity College, Warri South",Female,all,NECO,University,18,14,16,297,283,1,1.5,4,0,0,14
2022/2023,South South,Delta,Warri South,Edjeba,"Unity College, Warri South",Female,all,WAEC,University,21,17,20,374,339,3,1.5,4,0,0,35
2022/2023,South South,Delta,Warri South,Edjeba,"Unity College, Warri South",Female,disabled,NABTEB,University,1,1,1,18,15,0,1.6,0,0,0,3
2022/2023,South South,Delta,Warri South,Edjeba,"Unity College, Warri South",Female,disabled,NECO,University,1,1,1,14,13,0,1.5,0,0,0,1
2022/2023,South South,Delta,Warri South,Edjeba,"Unity College, Warri South",Female,disabled,WAEC,University,1,1,1,14,12,0,1.5,0,0,0,2
2022/2023,South South,Delta,Warri South,Edjeba,"Unity College, Warri South",Male,all,NABTEB,University,8,7,8,134,121,1,1.6,1,0,0,13
2022/2023,South South,Delta,Warri South,Edjeba,"Unity College, Warri South",Male,all,NECO,University,17,14,17,297,283,1,1.5,3,0,0,14
2022/2023,South South,Delta,Warri South,Edjeba,"Unity College, Warri South",Male,all,WAEC,University,22,18,22,407,379,2,1.5,4,0,0,28
2022/2023,South South,Delta,Warri South,Edjeba,"Unity College, Warri South",Male,disabled,NABTEB,University,1,0,0,18,15,0,1.6,1,0,0,3
2022/2023,South South,Delta,Warri South,Edjeba,"Unity College, Warri South",Male,disabled,NECO,University,1,1,1,14,13,0,1.5,0,0,0,1
2022/2023,South South,Delta,Warri South,Edjeba,"Unity College, Warri South",Male,disabled,WAEC,University,1,1,1,14,12,0,1.5,0,0,0,2
2022/2023,South South,Delta,Warri South,G.R.A.,"Community Secondary School, G.R.A.",Female,all,NABTEB,University,10,8,9,134,121,1,1.6,2,0,0,13
2022/2023,South South,Delta,Warri South,G.R.A.,"Community Secondary School, G.R.A.",Female,all,NECO,University,18,15,16,211,187,2,1.5,3,0,0,24
2022/2023,South South,Delta,Warri South,G.R.A.,"Community Secondary School, G.R.A.",Female,all,WAEC,University,23,18,21,297,273,2,1.5,5,0,0,24
2022/2023,South South,Delta,Warri South,G.R.A.,"Community Secondary School, G.R.A.",Female,disabled,NABTEB,University,1,1,1,14,12,0,1.6,0,0,0,2
2022/2023,South South,Delta,Warri South,G.R.A.,"Community Secondary School, G.R.A.",Female,disabled,NECO,University,2,1,2,14,13,0,1.5,1,0,0,1
2022/2023,South South,Delta,Warri South,G.R.A.,"Community Secondary School, G.R.A.",Female,disabled,WAEC,University,2,2,2,29,24,0,1.5,0,0,0,5
2022/2023,South South,Delta,Warri South,G.R.A.,"Community Secondary School, G.R.A.",Male,all,NABTEB,University,11,9,10,158,147,1,1.6,2,0,0,11
2022/2023,South South,Delta,Warri South,G.R.A.,"Community Secondary School, G.R.A.",Male,all,NECO,University,20,16,18,235,212,2,1.5,4,0,0,23
2022/2023,South South,Delta,Warri South,G.R.A.,"Community Secondary School, G.R.A.",Male,all,WAEC,University,25,20,21,354,314,3,1.5,5,0,0,40
2022/2023,South South,Delta,Warri South,G.R.A.,"Community Secondary School, G.R.A.",Male,disabled,NABTEB,University,1,1,1,18,15,0,1.6,0,0,0,3
2022/2023,South South,Delta,Warri South,G.R.A.,"Community Secondary School, G.R.A.",Male,disabled,NECO,University,2,2,2,14,13,0,1.5,0,0,0,1
2022/2023,South South,Delta,Warri South,G.R.A.,"Community Secondary School, G.R.A.",Male,disabled,WAEC,University,3,2,2,29,24,0,1.5,1,0,0,5
2022/2023,South South,Delta,Warri South,G.R.A.,"Comprehensive High School, G.R.A.",Female,all,NABTEB,College of Education,5,4,5,7,6,0,1.8,1,0,0,1
2022/2023,South South,Delta,Warri South,G.R.A.,"Comprehensive High School, G.R.A.",Female,all,NECO,College of Education,8,6,7,10,9,0,1.8,2,0,0,1
2022/2023,South South,Delta,Warri South,G.R.A.,"Comprehensive High School, G.R.A.",Female,all,WAEC,College of Education,10,8,10,15,14,0,1.8,2,0,0,1
2022/2023,South South,Delta,Warri South,G.R.A.,"Comprehensive High School, G.R.A.",Female,disabled,NABTEB,College of Education,1,1,1,1,0,0,1.8,0,0,0,1
2022/2023,South South,Delta,Warri South,G.R.A.,"Comprehensive High School, G.R.A.",Female,disabled,NECO,College of Education,1,1,1,1,0,0,1.8,0,0,0,1
2022/2023,South South,Delta,Warri South,G.R.A.,"Comprehensive High School, G.R.A.",Female,disabled,WAEC,College of Education,1,1,1,1,0,0,1.8,0,0,0,1
2022/2023,South South,Delta,Warri South,G.R.A.,"Comprehensive High School, G.R.A.",Male,all,NABTEB,College of Education,4,3,4,5,4,0,1.8,1,0,0,1
2022/2023,South South,Delta,Warri South,G.R.A.,"Comprehensive High School, G.R.A.",Male,all,NECO,College of Education,7,5,7,10,9,0,1.8,2,0,0,1
2022/2023,South South,Delta,Warri South,G.R.A.,"Comprehensive High School, G.R.A.",Male,all,WAEC,College of Education,8,7,8,12,11,0,1.8,1,0,0,1
2022/2023,South South,Delta,Warri South,G.R.A.,"Comprehensive High School, G.R.A.",Male,disabled,NABTEB,College of Education,1,0,0,1,0,0,1.8,1,0,0,1
2022/2023,South South,Delta,Warri South,G.R.A.,"Comprehensive High School, G.R.A.",Male,disabled,NECO,College of Education,1,0,1,1,0,0,1.8,1,0,0,1
2022/2023,South South,Delta,Warri South,G.R.A.,"Comprehensive High School, G.R.A.",Male,disabled,WAEC,College of Education,1,0,1,1,0,0,1.8,1,0,0,1
2022/2023,South South,Delta,Warri South,G.R.A.,"Government Secondary School, G.R.A.",Female,all,NABTEB,Polytechnic,7,5,6,7,6,0,1.7,2,0,0,1
2022/2023,South South,Delta,Warri South,G.R.A.,"Government Secondary School, G.R.A.",Female,all,NECO,Polytechnic,10,8,8,10,8,0,1.6,2,0,0,2
2022/2023,South South,Delta,Warri South,G.R.A.,"Government Secondary School, G.R.A.",Female,all,WAEC,Polytechnic,14,11,13,20,18,0,1.6,3,0,0,2
2022/2023,South South,Delta,Warri South,G.R.A.,"Government Secondary School, G.R.A.",Female,disabled,NABTEB,Polytechnic,1,1,1,0,0,0,1.7,0,0,1,0
2022/2023,South South,Delta,Warri South,G.R.A.,"Government Secondary School, G.R.A.",Female,disabled,NECO,Polytechnic,1,1,1,0,0,0,1.6,0,0,1,0
2022/2023,South South,Delta,Warri South,G.R.A.,"Government Secondary School, G.R.A.",Female,disabled,WAEC,Polytechnic,1,1,1,2,1,0,1.6,0,0,0,1
2022/2023,South South,Delta,Warri South,G.R.A.,"Government Secondary School, G.R.A.",Male,all,NABTEB,Polytechnic,7,6,7,10,8,0,1.7,1,0,0,2
2022/2023,South South,Delta,Warri South,G.R.A.,"Government Secondary School, G.R.A.",Male,all,NECO,Polytechnic,12,10,10,16,15,0,1.6,2,0,0,1
2022/2023,South South,Delta,Warri South,G.R.A.,"Government Secondary School, G.R.A.",Male,all,WAEC,Polytechnic,15,12,14,22,18,0,1.6,3,0,0,4
2022/2023,South South,Delta,Warri South,G.R.A.,"Government Secondary School, G.R.A.",Male,disabled,NABTEB,Polytechnic,1,1,1,2,1,0,1.7,0,0,0,1
2022/2023,South South,Delta,Warri South,G.R.A.,"Government Secondary School, G.R.A.",Male,disabled,NECO,Polytechnic,1,1,1,2,1,0,1.6,0,0,0,1
2022/2023,South South,Delta,Warri South,G.R.A.,"Government Secondary School, G.R.A.",Male,disabled,WAEC,Polytechnic,1,1,1,2,1,0,1.6,0,0,0,1
2022/2023,South South,Delta,Warri South,G.R.A.,"Unity College, Warri South",Female,all,NABTEB,University,8,6,7,86,71,1,1.6,2,0,0,15
2022/2023,South South,Delta,Warri South,G.R.A.,"Unity College, Warri South",Female,all,NECO,University,15,12,14,235,212,2,1.5,3,0,0,23
2022/2023,South South,Delta,Warri South,G.R.A.,"Unity College, Warri South",Female,all,WAEC,University,21,17,20,335,293,3,1.5,4,0,0,42
2022/2023,South South,Delta,Warri South,G.R.A.,"Unity College, Warri South",Female,disabled,NABTEB,University,1,1,1,18,15,0,1.6,0,0,0,3
2022/2023,South South,Delta,Warri South,G.R.A.,"Unity College, Warri South",Female,disabled,NECO,University,1,1,1,14,13,0,1.5,0,0,0,1
2022/2023,South South,Delta,Warri South,G.R.A.,"Unity College, Warri South",Female,disabled,WAEC,University,2,1,2,14,12,0,1.5,1,0,0,2
2022/2023,South South,Delta,Warri South,G.R.A.,"Unity College, Warri South",Male,all,NABTEB,University,6,5,6,91,71,2,1.6,1,0,0,20
2022/2023,South South,Delta,Warri South,G.R.A.,"Unity College, Warri South",Male,all,NECO,University,11,9,11,192,162,2,1.5,2,0,0,30
2022/2023,South South,Delta,Warri South,G.R.A.,"Unity College, Warri South",Male,all,WAEC,University,17,14,16,278,253,2,1.5,3,0,0,25
2022/2023,South South,Delta,Warri South,G.R.A.,"Unity College, Warri South",Male,disabled,NABTEB,University,1,0,1,18,15,0,1.6,1,0,0,3
2022/2023,South South,Delta,Warri South,G.R.A.,"Unity College, Warri South",Male,disabled,NECO,University,1,1,1,14,13,0,1.5,0,0,0,1
2022/2023,South South,Delta,Warri South,G.R.A.,"Unity College, Warri South",Male,disabled,WAEC,University,1,1,1,14,12,0,1.5,0,0,0,2
2023/2024,South South,Delta,Oshimili North,Akwukwu,"Community Secondary School, Akwukwu",Female,all,NABTEB,Polytechnic,9,7,8,11,10,0,1.5,2,0,0,1
2023/2024,South South,Delta,Oshimili North,Akwukwu,"Community Secondary School, Akwukwu",Female,all,NECO,Polytechnic,18,15,18,22,20,0,1.4,3,0,0,2
2023/2024,South South,Delta,Oshimili North,Akwukwu,"Community Secondary School, Akwukwu",Female,all,WAEC,Polytechnic,25,20,23,33,30,0,1.4,5,0,0,3
2023/2024,South South,Delta,Oshimili North,Akwukwu,"Community Secondary School, Akwukwu",Female,disabled,NABTEB,Polytechnic,1,0,1,1,0,0,1.5,1,0,0,1
2023/2024,South South,Delta,Oshimili North,Akwukwu,"Community Secondary School, Akwukwu",Female,disabled,NECO,Polytechnic,1,1,1,1,0,0,1.4,0,0,0,1
2023/2024,South South,Delta,Oshimili North,Akwukwu,"Community Secondary School, Akwukwu",Female,disabled,WAEC,Polytechnic,2,1,1,1,0,0,1.4,1,0,0,1
2023/2024,South South,Delta,Oshimili North,Akwukwu,"Community Secondary School, Akwukwu",Male,all,NABTEB,Polytechnic,8,7,8,11,10,0,1.5,1,0,0,1
2023/2024,South South,Delta,Oshimili North,Akwukwu,"Community Secondary School, Akwukwu",Male,all,NECO,Polytechnic,18,15,18,22,20,0,1.4,3,0,0,2
2023/2024,South South,Delta,Oshimili North,Akwukwu,"Community Secondary School, Akwukwu",Male,all,WAEC,Polytechnic,23,18,22,32,29,0,1.4,5,0,0,3
2023/2024,South South,Delta,Oshimili North,Akwukwu,"Community Secondary School, Akwukwu",Male,disabled,NABTEB,Polytechnic,1,0,0,1,0,0,1.5,1,0,0,1
2023/2024,South South,Delta,Oshimili North,Akwukwu,"Community Secondary School, Akwukwu",Male,disabled,NECO,Polytechnic,1,1,1,1,0,0,1.4,0,0,0,1
2023/2024,South South,Delta,Oshimili North,Akwukwu,"Community Secondary School, Akwukwu",Male,disabled,WAEC,Polytechnic,2,1,2,3,2,0,1.4,1,0,0,1
2023/2024,South South,Delta,Oshimili North,Akwukwu,"Comprehensive High School, Akwukwu",Female,all,NABTEB,College of Education,6,4,5,5,4,0,1.6,2,0,0,1
2023/2024,South South,Delta,Oshimili North,Akwukwu,"Comprehensive High School, Akwukwu",Female,all,NECO,College of Education,9,7,9,7,6,0,1.6,2,0,2,1
2023/2024,South South,Delta,Oshimili North,Akwukwu,"Comprehensive High School, Akwukwu",Female,all,WAEC,College of Education,10,8,9,7,6,0,1.6,2,0,2,1
2023/2024,South South,Delta,Oshimili North,Akwukwu,"Comprehensive High School, Akwukwu",Female,disabled,NABTEB,College of Education,1,0,1,1,0,0,1.6,1,0,0,1
2023/2024,South South,Delta,Oshimili North,Akwukwu,"Comprehensive High School, Akwukwu",Female,disabled,NECO,College of Education,1,1,1,1,0,0,1.6,0,0,0,1
2023/2024,South South,Delta,Oshimili North,Akwukwu,"Comprehensive High School, Akwukwu",Female,disabled,WAEC,College of Education,1,1,1,1,0,0,1.6,0,0,0,1
2023/2024,South South,Delta,Oshimili North,Akwukwu,"Comprehensive High School, Akwukwu",Male,all,NABTEB,College of Education,5,4,4,5,4,0,1.6,1,0,0,1
2023/2024,South South,Delta,Oshimili North,Akwukwu,"Comprehensive High School, Akwukwu",Male,all,NECO,College of Education,9,7,8,8,7,0,1.6,2,0,0,1
2023/2024,South South,Delta,Oshimili North,Akwukwu,"Comprehensive High School, Akwukwu",Male,all,WAEC,College of Education,9,7,9,8,7,0,1.6,2,0,1,1
2023/2024,South South,Delta,Oshimili North,Akwukwu,"Comprehensive High School, Akwukwu",Male,disabled,NABTEB,College of Education,1,0,0,1,0,0,1.6,1,0,0,1
2023/2024,South South,Delta,Oshimili North,Akwukwu,"Comprehensive High School, Akwukwu",Male,disabled,NECO,College of Education,1,0,1,1,0,0,1.6,1,0,0,1
2023/2024,South South,Delta,Oshimili North,Akwukwu,"Comprehensive High School, Akwukwu",Male,disabled,WAEC,College of Education,1,0,1,1,0,0,1.6,1,0,0,1
2023/2024,South South,Delta,Oshimili North,Akwukwu,"Government Secondary School, Akwukwu",Female,all,NABTEB,College of Education,9,7,9,5,4,0,1.6,2,0,4,1
2023/2024,South South,Delta,Oshimili North,Akwukwu,"Government Secondary School, Akwukwu",Female,all,NECO,College of Education,16,13,14,10,9,0,1.6,3,0,4,1
2023/2024,South South,Delta,Oshimili North,Akwukwu,"Government Secondary School, Akwukwu",Female,all,WAEC,College of Education,23,18,20,15,14,0,1.6,5,0,5,1
2023/2024,South South,Delta,Oshimili North,Akwukwu,"Government Secondary School, Akwukwu",Female,disabled,NABTEB,College of Education,1,0,1,0,0,0,1.6,1,0,1,0
2023/2024,South South,Delta,Oshimili North,Akwukwu,"Government Secondary School, Akwukwu",Female,disabled,NECO,College of Education,1,1,1,1,0,0,1.6,0,0,0,1
2023/2024,South South,Delta,Oshimili North,Akwukwu,"Government Secondary School, Akwukwu",Female,disabled,WAEC,College of Education,1,1,1,1,0,0,1.6,0,0,0,1
2023/2024,South South,Delta,Oshimili North,Akwukwu,"Government Secondary School, Akwukwu",Male,all,NABTEB,College of Education,8,6,7,3,2,0,1.6,2,0,4,1
2023/2024,South South,Delta,Oshimili North,Akwukwu,"Government Secondary School, Akwukwu",Male,all,NECO,College of Education,12,10,11,7,6,0,1.6,2,0,4,1
2023/2024,South South,Delta,Oshimili North,Akwukwu,"Government Secondary School, Akwukwu",Male,all,WAEC,College of Education,17,14,15,11,10,0,1.6,3,0,4,1
2023/2024,South South,Delta,Oshimili North,Akwukwu,"Government Secondary School, Akwukwu",Male,disabled,NABTEB,College of Education,1,0,0,0,0,0,1.6,1,0,0,0
2023/2024,South South,Delta,Oshimili North,Akwukwu,"Government Secondary School, Akwukwu",Male,disabled,NECO,College of Education,1,1,1,1,0,0,1.6,0,0,0,1
2023/2024,South South,Delta,Oshimili North,Akwukwu,"Government Secondary School, Akwukwu",Male,disabled,WAEC,College of Education,1,1,1,1,0,0,1.6,0,0,0,1
2023/2024,South South,Delta,Oshimili North,Akwukwu,"Unity College, Oshimili North",Female,all,NABTEB,College of Education,8,6,8,6,5,0,1.6,2,0,2,1
2023/2024,South South,Delta,Oshimili North,Akwukwu,"Unity College, Oshimili North",Female,all,NECO,College of Education,16,13,16,12,11,0,1.6,3,0,4,1
2023/2024,South South,Delta,Oshimili North,Akwukwu,"Unity College, Oshimili North",Female,all,WAEC,College of Education,19,15,17,14,13,0,1.6,4,0,3,1
2023/2024,South South,Delta,Oshimili North,Akwukwu,"Unity College, Oshimili North",Female,disabled,NABTEB,College of Education,1,0,1,1,0,0,1.6,1,0,0,1
2023/2024,South South,Delta,Oshimili North,Akwukwu,"Unity College, Oshimili North",Female,disabled,NECO,College of Education,1,1,1,1,0,0,1.6,0,0,0,1
2023/2024,South South,Delta,Oshimili North,Akwukwu,"Unity College, Oshimili North",Female,disabled,WAEC,College of Education,1,1,1,1,0,0,1.6,0,0,0,1
2023/2024,South South,Delta,Oshimili North,Akwukwu,"Unity College, Oshimili North",Male,all,NABTEB,College of Education,8,6,8,6,5,0,1.6,2,0,2,1
2023/2024,South South,Delta,Oshimili North,Akwukwu,"Unity College, Oshimili North",Male,all,NECO,College of Education,16,12,14,13,12,0,1.6,4,0,1,1
2023/2024,South South,Delta,Oshimili North,Akwukwu,"Unity College, Oshimili North",Male,all,WAEC,College of Education,19,15,17,15,13,0,1.6,4,0,2,2
2023/2024,South South,Delta,Oshimili North,Akwukwu,"Unity College, Oshimili North",Male,disabled,NABTEB,College of Education,1,0,0,1,0,0,1.6,1,0,0,1
2023/2024,South South,Delta,Oshimili North,Akwukwu,"Unity College, Oshimili North",Male,disabled,NECO,College of Education,1,1,1,1,0,0,1.6,0,0,0,1
2023/2024,South South,Delta,Oshimili North,Akwukwu,"Unity College, Oshimili North",Male,disabled,WAEC,College of Education,1,1,1,1,0,0,1.6,0,0,0,1
2023/2024,South South,Delta,Oshimili North,Ebu,"Community Secondary School, Ebu",Female,all,NABTEB,Polytechnic,5,4,5,7,6,0,1.5,1,0,0,1
2023/2024,South South,Delta,Oshimili North,Ebu,"Community Secondary School, Ebu",Female,all,NECO,Polytechnic,9,7,8,10,9,0,1.4,2,0,0,1
2023/2024,South South,Delta,Oshimili North,Ebu,"Community Secondary School, Ebu",Female,all,WAEC,Polytechnic,12,9,12,17,15,0,1.4,3,0,0,2
2023/2024,South South,Delta,Oshimili North,Ebu,"Community Secondary School, Ebu",Female,disabled,NABTEB,Polytechnic,1,0,1,1,0,0,1.5,1,0,0,1
2023/2024,South South,Delta,Oshimili North,Ebu,"Community Secondary School, Ebu",Female,disabled,NECO,Polytechnic,1,1,1,1,0,0,1.4,0,0,0,1
2023/2024,South South,Delta,Oshimili North,Ebu,"Community Secondary School, Ebu",Female,disabled,WAEC,Polytechnic,1,1,1,1,0,0,1.4,0,0,0,1
2023/2024,South South,Delta,Oshimili North,Ebu,"Community Secondary School, Ebu",Male,all,NABTEB,Polytechnic,4,3,4,7,6,0,1.5,1,0,0,1
2023/2024,South South,Delta,Oshimili North,Ebu,"Community Secondary School, Ebu",Male,all,NECO,Polytechnic,7,6,7,11,10,0,1.4,1,0,0,1
2023/2024,South South,Delta,Oshimili North,Ebu,"Community Secondary School, Ebu",Male,all,WAEC,Polytechnic,10,8,10,16,13,0,1.4,2,0,0,3
2023/2024,South South,Delta,Oshimili North,Ebu,"Community Secondary School, Ebu",Male,disabled,NABTEB,Polytechnic,1,0,0,1,0,0,1.5,1,0,0,1
2023/2024,South South,Delta,Oshimili North,Ebu,"Community Secondary School, Ebu",Male,disabled,NECO,Polytechnic,1,0,1,1,0,0,1.4,1,0,0,1
2023/2024,South South,Delta,Oshimili North,Ebu,"Community Secondary School, Ebu",Male,disabled,WAEC,Polytechnic,1,1,1,1,0,0,1.4,0,0,0,1
2023/2024,South South,Delta,Oshimili North,Ebu,"Comprehensive High School, Ebu",Female,all,NABTEB,Polytechnic,5,4,4,5,4,0,1.5,1,0,0,1
2023/2024,South South,Delta,Oshimili North,Ebu,"Comprehensive High School, Ebu",Female,all,NECO,Polytechnic,9,7,8,8,7,0,1.4,2,0,0,1
2023/2024,South South,Delta,Oshimili North,Ebu,"Comprehensive High School, Ebu",Female,all,WAEC,Polytechnic,13,11,12,16,13,0,1.4,2,0,0,3
2023/2024,South South,Delta,Oshimili North,Ebu,"Comprehensive High School, Ebu",Female,disabled,NABTEB,Polytechnic,1,0,1,1,0,0,1.5,1,0,0,1
2023/2024,South South,Delta,Oshimili North,Ebu,"Comprehensive High School, Ebu",Female,disabled,NECO,Polytechnic,1,1,0,1,0,0,1.4,0,1,0,1
2023/2024,South South,Delta,Oshimili North,Ebu,"Comprehensive High School, Ebu",Female,disabled,WAEC,Polytechnic,1,1,1,1,0,0,1.4,0,0,0,1
2023/2024,South South,Delta,Oshimili North,Ebu,"Comprehensive High School, Ebu",Male,all,NABTEB,Polytechnic,4,3,4,4,3,0,1.5,1,0,0,1
2023/2024,South South,Delta,Oshimili North,Ebu,"Comprehensive High School, Ebu",Male,all,NECO,Polytechnic,8,6,7,8,7,0,1.4,2,0,0,1
2023/2024,South South,Delta,Oshimili North,Ebu,"Comprehensive High School, Ebu",Male,all,WAEC,Polytechnic,11,9,10,13,12,0,1.4,2,0,0,1
2023/2024,South South,Delta,Oshimili North,Ebu,"Comprehensive High School, Ebu",Male,disabled,NABTEB,Polytechnic,1,0,0,0,0,0,1.5,1,0,0,0
2023/2024,South South,Delta,Oshimili North,Ebu,"Comprehensive High School, Ebu",Male,disabled,NECO,Polytechnic,1,0,1,1,0,0,1.4,1,0,0,1
2023/2024,South South,Delta,Oshimili North,Ebu,"Comprehensive High School, Ebu",Male,disabled,WAEC,Polytechnic,1,0,1,1,0,0,1.4,1,0,0,1
2023/2024,South South,Delta,Oshimili North,Ebu,"Government Secondary School, Ebu",Female,all,NABTEB,University,8,6,8,131,121,1,1.4,2,0,0,10
2023/2024,South South,Delta,Oshimili North,Ebu,"Government Secondary School, Ebu",Female,all,NECO,University,16,13,16,292,280,1,1.3,3,0,0,12
2023/2024,South South,Delta,Oshimili North,Ebu,"Government Secondary School, Ebu",Female,all,WAEC,University,20,16,19,357,314,3,1.3,4,0,0,43
2023/2024,South South,Delta,Oshimili North,Ebu,"Government Secondary School, Ebu",Female,disabled,NABTEB,University,1,0,1,16,14,0,1.4,1,0,0,2
2023/2024,South South,Delta,Oshimili North,Ebu,"Government Secondary School, Ebu",Female,disabled,NECO,University,1,1,1,16,15,0,1.3,0,0,0,1
2023/2024,South South,Delta,Oshimili North,Ebu,"Government Secondary School, Ebu",Female,disabled,WAEC,University,2,1,2,29,26,0,1.3,1,0,0,3
2023/2024,South South,Delta,Oshimili North,Ebu,"Government Secondary School, Ebu",Male,all,NABTEB,University,7,6,7,111,95,1,1.4,1,0,0,16
2023/2024,South South,Delta,Oshimili North,Ebu,"Government Secondary School, Ebu",Male,all,NECO,University,14,11,14,251,232,2,1.3,3,0,0,19
2023/2024,South South,Delta,Oshimili North,Ebu,"Government Secondary School, Ebu",Male,all,WAEC,University,18,15,18,357,314,3,1.3,3,0,0,43
2023/2024,South South,Delta,Oshimili North,Ebu,"Government Secondary School, Ebu",Male,disabled,NABTEB,University,1,0,0,16,14,0,1.4,1,0,0,2
2023/2024,South South,Delta,Oshimili North,Ebu,"Government Secondary School, Ebu",Male,disabled,NECO,University,1,1,1,16,15,0,1.3,0,0,0,1
2023/2024,South South,Delta,Oshimili North,Ebu,"Government Secondary School, Ebu",Male,disabled,WAEC,University,2,1,1,16,14,0,1.3,1,0,0,2
2023/2024,South South,Delta,Oshimili North,Ebu,"Unity College, Oshimili North",Female,all,NABTEB,College of Education,11,8,10,7,6,0,1.6,3,0,3,1
2023/2024,South South,Delta,Oshimili North,Ebu,"Unity College, Oshimili North",Female,all,NECO,College of Education,18,14,15,12,11,0,1.6,4,0,3,1
2023/2024,South South,Delta,Oshimili North,Ebu,"Unity College, Oshimili North",Female,all,WAEC,College of Education,26,20,23,16,15,0,1.6,6,0,7,1
2023/2024,South South,Delta,Oshimili North,Ebu,"Unity College, Oshimili North",Female,disabled,NABTEB,College of Education,1,1,1,1,0,0,1.6,0,0,0,1
2023/2024,South South,Delta,Oshimili North,Ebu,"Unity College, Oshimili North",Female,disabled,NECO,College of Education,2,1,1,1,0,0,1.6,1,0,0,1
2023/2024,South South,Delta,Oshimili North,Ebu,"Unity College, Oshimili North",Female,disabled,WAEC,College of Education,2,2,2,1,0,0,1.6,0,0,1,1
2023/2024,South South,Delta,Oshimili North,Ebu,"Unity College, Oshimili North",Male,all,NABTEB,College of Education,9,7,8,5,4,0,1.6,2,0,3,1
2023/2024,South South,Delta,Oshimili North,Ebu,"Unity College, Oshimili North",Male,all,NECO,College of Education,16,13,14,10,9,0,1.6,3,0,4,1
2023/2024,South South,Delta,Oshimili North,Ebu,"Unity College, Oshimili North",Male,all,WAEC,College of Education,21,17,19,14,13,0,1.6,4,0,5,1
2023/2024,South South,Delta,Oshimili North,Ebu,"Unity College, Oshimili North",Male,disabled,NABTEB,College of Education,1,1,1,1,0,0,1.6,0,0,0,1
2023/2024,South South,Delta,Oshimili North,Ebu,"Unity College, Oshimili North",Male,disabled,NECO,College of Education,1,1,1,1,0,0,1.6,0,0,0,1
2023/2024,South South,Delta,Oshimili North,Ebu,"Unity College, Oshimili North",Male,disabled,WAEC,College of Education,2,1,1,1,0,0,1.6,1,0,0,1
2023/2024,South South,Delta,Oshimili North,Ibusa  I,"Community Secondary School, Ibusa  I",Female,all,NABTEB,University,9,7,8,111,95,1,1.4,2,0,0,16
2023/2024,South South,Delta,Oshimili North,Ibusa  I,"Community Secondary School, Ibusa  I",Female,all,NECO,University,16,13,15,209,208,0,1.3,3,0,0,1
2023/2024,South South,Delta,Oshimili North,Ibusa  I,"Community Secondary School, Ibusa  I",Female,all,WAEC,University,25,20,22,296,275,2,1.3,5,0,0,21
2023/2024,South South,Delta,Oshimili North,Ibusa  I,"Community Secondary School, Ibusa  I",Female,disabled,NABTEB,University,1,1,1,16,14,0,1.4,0,0,0,2
2023/2024,South South,Delta,Oshimili North,Ibusa  I,"Community Secondary School, Ibusa  I",Female,disabled,NECO,University,1,1,1,16,15,0,1.3,0,0,0,1
2023/2024,South South,Delta,Oshimili North,Ibusa  I,"Community Secondary School, Ibusa  I",Female,disabled,WAEC,University,2,1,2,16,14,0,1.3,1,0,0,2
2023/2024,South South,Delta,Oshimili North,Ibusa  I,"Community Secondary School, Ibusa  I",Male,all,NABTEB,University,9,7,8,90,73,1,1.4,2,0,0,17
2023/2024,South South,Delta,Oshimili North,Ibusa  I,"Community Secondary School, Ibusa  I",Male,all,NECO,University,16,13,13,189,185,0,1.3,3,0,0,4
2023/2024,South South,Delta,Oshimili North,Ibusa  I,"Community Secondary School, Ibusa  I",Male,all,WAEC,University,23,18,20,316,297,2,1.3,5,0,0,19
2023/2024,South South,Delta,Oshimili North,Ibusa  I,"Community Secondary School, Ibusa  I",Male,disabled,NABTEB,University,1,1,0,0,0,0,1.4,0,1,0,0
2023/2024,South South,Delta,Oshimili North,Ibusa  I,"Community Secondary School, Ibusa  I",Male,disabled,NECO,University,1,1,1,16,15,0,1.3,0,0,0,1
2023/2024,South South,Delta,Oshimili North,Ibusa  I,"Community Secondary School, Ibusa  I",Male,disabled,WAEC,University,2,2,2,33,29,0,1.3,0,0,0,4
2023/2024,South South,Delta,Oshimili North,Ibusa  I,"Comprehensive High School, Ibusa  I",Female,all,NABTEB,Polytechnic,7,6,7,9,8,0,1.5,1,0,0,1
2023/2024,South South,Delta,Oshimili North,Ibusa  I,"Comprehensive High School, Ibusa  I",Female,all,NECO,Polytechnic,14,11,13,17,16,0,1.4,3,0,0,1
2023/2024,South South,Delta,Oshimili North,Ibusa  I,"Comprehensive High School, Ibusa  I",Female,all,WAEC,Polytechnic,20,16,19,29,27,0,1.4,4,0,0,2
2023/2024,South South,Delta,Oshimili North,Ibusa  I,"Comprehensive High School, Ibusa  I",Female,disabled,NABTEB,Polytechnic,1,0,1,1,0,0,1.5,1,0,0,1
2023/2024,South South,Delta,Oshimili North,Ibusa  I,"Comprehensive High School, Ibusa  I",Female,disabled,NECO,Polytechnic,1,1,1,1,0,0,1.4,0,0,0,1
2023/2024,South South,Delta,Oshimili North,Ibusa  I,"Comprehensive High School, Ibusa  I",Female,disabled,WAEC,Polytechnic,2,1,2,2,1,0,1.4,1,0,0,1
2023/2024,South South,Delta,Oshimili North,Ibusa  I,"Comprehensive High School, Ibusa  I",Male,all,NABTEB,Polytechnic,6,5,6,9,8,0,1.5,1,0,0,1
2023/2024,South South,Delta,Oshimili North,Ibusa  I,"Comprehensive High School, Ibusa  I",Male,all,NECO,Polytechnic,12,10,12,18,17,0,1.4,2,0,0,1
2023/2024,South South,Delta,Oshimili North,Ibusa  I,"Comprehensive High School, Ibusa  I",Male,all,WAEC,Polytechnic,17,14,16,24,22,0,1.4,3,0,0,2
2023/2024,South South,Delta,Oshimili North,Ibusa  I,"Comprehensive High School, Ibusa  I",Male,disabled,NABTEB,Polytechnic,1,0,0,1,0,0,1.5,1,0,0,1
2023/2024,South South,Delta,Oshimili North,Ibusa  I,"Comprehensive High School, Ibusa  I",Male,disabled,NECO,Polytechnic,1,1,1,1,0,0,1.4,0,0,0,1
2023/2024,South South,Delta,Oshimili North,Ibusa  I,"Comprehensive High School, Ibusa  I",Male,disabled,WAEC,Polytechnic,2,1,1,1,0,0,1.4,1,0,0,1
2023/2024,South South,Delta,Oshimili North,Ibusa  I,"Government Secondary School, Ibusa  I",Female,all,NABTEB,University,4,3,4,66,65,0,1.4,1,0,0,1
2023/2024,South South,Delta,Oshimili North,Ibusa  I,"Government Secondary School, Ibusa  I",Female,all,NECO,University,7,6,6,103,95,1,1.3,1,0,0,8
2023/2024,South South,Delta,Oshimili North,Ibusa  I,"Government Secondary School, Ibusa  I",Female,all,WAEC,University,11,9,10,160,146,1,1.3,2,0,0,14
2023/2024,South South,Delta,Oshimili North,Ibusa  I,"Government Secondary School, Ibusa  I",Female,disabled,NABTEB,University,1,0,1,16,14,0,1.4,1,0,0,2
2023/2024,South South,Delta,Oshimili North,Ibusa  I,"Government Secondary School, Ibusa  I",Female,disabled,NECO,University,1,1,1,13,12,0,1.3,0,0,0,1
2023/2024,South South,Delta,Oshimili North,Ibusa  I,"Government Secondary School, Ibusa  I",Female,disabled,WAEC,University,1,1,1,16,14,0,1.3,0,0,0,2
2023/2024,South South,Delta,Oshimili North,Ibusa  I,"Government Secondary School, Ibusa  I",Male,all,NABTEB,University,5,4,4,66,65,0,1.4,1,0,0,1
2023/2024,South South,Delta,Oshimili North,Ibusa  I,"Government Secondary School, Ibusa  I",Male,all,NECO,University,8,7,7,103,95,1,1.3,1,0,0,8
2023/2024,South South,Delta,Oshimili North,Ibusa  I,"Government Secondary School, Ibusa  I",Male,all,WAEC,University,12,10,11,160,146,1,1.3,2,0,0,14
2023/2024,South South,Delta,Oshimili North,Ibusa  I,"Government Secondary School, Ibusa  I",Male,disabled,NABTEB,University,1,0,0,16,14,0,1.4,1,0,0,2
2023/2024,South South,Delta,Oshimili North,Ibusa  I,"Government Secondary School, Ibusa  I",Male,disabled,NECO,University,1,1,1,16,15,0,1.3,0,0,0,1
2023/2024,South South,Delta,Oshimili North,Ibusa  I,"Government Secondary School, Ibusa  I",Male,disabled,WAEC,University,1,1,1,16,14,0,1.3,0,0,0,2
2023/2024,South South,Delta,Oshimili North,Ibusa  I,"Unity College, Oshimili North",Female,all,NABTEB,College of Education,8,6,6,3,2,0,1.6,2,0,3,1
2023/2024,South South,Delta,Oshimili North,Ibusa  I,"Unity College, Oshimili North",Female,all,NECO,College of Education,14,12,12,10,9,0,1.6,2,0,2,1
2023/2024,South South,Delta,Oshimili North,Ibusa  I,"Unity College, Oshimili North",Female,all,WAEC,College of Education,20,16,17,12,11,0,1.6,4,0,5,1
2023/2024,South South,Delta,Oshimili North,Ibusa  I,"Unity College, Oshimili North",Female,disabled,NABTEB,College of Education,1,0,1,0,0,0,1.6,1,0,1,0
2023/2024,South South,Delta,Oshimili North,Ibusa  I,"Unity College, Oshimili North",Female,disabled,NECO,College of Education,1,1,1,1,0,0,1.6,0,0,0,1
2023/2024,South South,Delta,Oshimili North,Ibusa  I,"Unity College, Oshimili North",Female,disabled,WAEC,College of Education,1,1,1,1,0,0,1.6,0,0,0,1
2023/2024,South South,Delta,Oshimili North,Ibusa  I,"Unity College, Oshimili North",Male,all,NABTEB,College of Education,9,7,8,3,2,0,1.6,2,0,5,1
2023/2024,South South,Delta,Oshimili North,Ibusa  I,"Unity College, Oshimili North",Male,all,NECO,College of Education,15,12,13,10,9,0,1.6,3,0,3,1
2023/2024,South South,Delta,Oshimili North,Ibusa  I,"Unity College, Oshimili North",Male,all,WAEC,College of Education,21,17,18,12,11,0,1.6,4,0,6,1
2023/2024,South South,Delta,Oshimili North,Ibusa  I,"Unity College, Oshimili North",Male,disabled,NABTEB,College of Education,1,0,0,0,0,0,1.6,1,0,0,0
2023/2024,South South,Delta,Oshimili North,Ibusa  I,"Unity College, Oshimili North",Male,disabled,NECO,College of Education,1,1,1,1,0,0,1.6,0,0,0,1
2023/2024,South South,Delta,Oshimili North,Ibusa  I,"Unity College, Oshimili North",Male,disabled,WAEC,College of Education,1,1,1,1,0,0,1.6,0,0,0,1
2023/2024,South South,Delta,Oshimili South,Agu,"Community Secondary School, Agu",Female,all,NABTEB,University,10,8,9,131,121,1,1.4,2,0,0,10
2023/2024,South South,Delta,Oshimili South,Agu,"Community Secondary School, Agu",Female,all,NECO,University,17,14,15,230,211,2,1.3,3,0,0,19
2023/2024,South South,Delta,Oshimili South,Agu,"Community Secondary School, Agu",Female,all,WAEC,University,27,22,25,476,422,4,1.3,5,0,0,54
2023/2024,South South,Delta,Oshimili South,Agu,"Community Secondary School, Agu",Female,disabled,NABTEB,University,1,0,1,13,12,0,1.4,1,0,0,1
2023/2024,South South,Delta,Oshimili South,Agu,"Community Secondary School, Agu",Female,disabled,NECO,University,1,1,1,16,14,0,1.3,0,0,0,2
2023/2024,South South,Delta,Oshimili South,Agu,"Community Secondary School, Agu",Female,disabled,WAEC,University,1,1,1,16,14,0,1.3,0,0,0,2
2023/2024,South South,Delta,Oshimili South,Agu,"Community Secondary School, Agu",Male,all,NABTEB,University,9,7,8,156,142,1,1.4,2,0,0,14
2023/2024,South South,Delta,Oshimili South,Agu,"Community Secondary School, Agu",Male,all,NECO,University,16,13,16,251,232,2,1.3,3,0,0,19
2023/2024,South South,Delta,Oshimili South,Agu,"Community Secondary School, Agu",Male,all,WAEC,University,23,19,23,378,336,3,1.3,4,0,0,42
2023/2024,South South,Delta,Oshimili South,Agu,"Community Secondary School, Agu",Male,disabled,NABTEB,University,1,0,0,13,11,0,1.4,1,0,0,2
2023/2024,South South,Delta,Oshimili South,Agu,"Community Secondary School, Agu",Male,disabled,NECO,University,1,1,1,16,14,0,1.3,0,0,0,2
2023/2024,South South,Delta,Oshimili South,Agu,"Community Secondary School, Agu",Male,disabled,WAEC,University,1,1,1,16,14,0,1.3,0,0,0,2
2023/2024,South South,Delta,Oshimili South,Agu,"Comprehensive High School, Agu",Female,all,NABTEB,Polytechnic,7,6,7,9,8,0,1.5,1,0,0,1
2023/2024,South South,Delta,Oshimili South,Agu,"Comprehensive High School, Agu",Female,all,NECO,Polytechnic,16,13,15,20,19,0,1.4,3,0,0,1
2023/2024,South South,Delta,Oshimili South,Agu,"Comprehensive High School, Agu",Female,all,WAEC,Polytechnic,20,16,18,25,24,0,1.4,4,0,0,1
2023/2024,South South,Delta,Oshimili South,Agu,"Comprehensive High School, Agu",Female,disabled,NABTEB,Polytechnic,1,0,1,1,0,0,1.5,1,0,0,1
2023/2024,South South,Delta,Oshimili South,Agu,"Comprehensive High School, Agu",Female,disabled,NECO,Polytechnic,1,1,1,1,0,0,1.4,0,0,0,1
2023/2024,South South,Delta,Oshimili South,Agu,"Comprehensive High School, Agu",Female,disabled,WAEC,Polytechnic,1,1,1,1,0,0,1.4,0,0,0,1
2023/2024,South South,Delta,Oshimili South,Agu,"Comprehensive High School, Agu",Male,all,NABTEB,Polytechnic,8,6,7,9,8,0,1.5,2,0,0,1
2023/2024,South South,Delta,Oshimili South,Agu,"Comprehensive High School, Agu",Male,all,NECO,Polytechnic,16,13,15,18,17,0,1.4,3,0,0,1
2023/2024,South South,Delta,Oshimili South,Agu,"Comprehensive High School, Agu",Male,all,WAEC,Polytechnic,19,15,18,22,20,0,1.4,4,0,0,2
2023/2024,South South,Delta,Oshimili South,Agu,"Comprehensive High School, Agu",Male,disabled,NABTEB,Polytechnic,1,0,0,1,0,0,1.5,1,0,0,1
2023/2024,South South,Delta,Oshimili South,Agu,"Comprehensive High School, Agu",Male,disabled,NECO,Polytechnic,1,1,1,1,0,0,1.4,0,0,0,1
2023/2024,South South,Delta,Oshimili South,Agu,"Comprehensive High School, Agu",Male,disabled,WAEC,Polytechnic,1,1,1,1,0,0,1.4,0,0,0,1
2023/2024,South South,Delta,Oshimili South,Agu,"Government Secondary School, Agu",Female,all,NABTEB,Polytechnic,6,5,6,7,6,0,1.5,1,0,0,1
2023/2024,South South,Delta,Oshimili South,Agu,"Government Secondary School, Agu",Female,all,NECO,Polytechnic,12,10,11,12,11,0,1.4,2,0,0,1
2023/2024,South South,Delta,Oshimili South,Agu,"Government Secondary School, Agu",Female,all,WAEC,Polytechnic,16,13,14,16,15,0,1.4,3,0,0,1
2023/2024,South South,Delta,Oshimili South,Agu,"Government Secondary School, Agu",Female,disabled,NABTEB,Polytechnic,1,0,1,1,0,0,1.5,1,0,0,1
2023/2024,South South,Delta,Oshimili South,Agu,"Government Secondary School, Agu",Female,disabled,NECO,Polytechnic,1,1,1,1,0,0,1.4,0,0,0,1
2023/2024,South South,Delta,Oshimili South,Agu,"Government Secondary School, Agu",Female,disabled,WAEC,Polytechnic,1,1,1,1,0,0,1.4,0,0,0,1
2023/2024,South South,Delta,Oshimili South,Agu,"Government Secondary School, Agu",Male,all,NABTEB,Polytechnic,6,5,5,7,6,0,1.5,1,0,0,1
2023/2024,South South,Delta,Oshimili South,Agu,"Government Secondary School, Agu",Male,all,NECO,Polytechnic,11,9,9,12,11,0,1.4,2,0,0,1
2023/2024,South South,Delta,Oshimili South,Agu,"Government Secondary School, Agu",Male,all,WAEC,Polytechnic,12,10,11,14,13,0,1.4,2,0,0,1
2023/2024,South South,Delta,Oshimili South,Agu,"Government Secondary School, Agu",Male,disabled,NABTEB,Polytechnic,1,0,0,1,0,0,1.5,1,0,0,1
2023/2024,South South,Delta,Oshimili South,Agu,"Government Secondary School, Agu",Male,disabled,NECO,Polytechnic,1,1,1,1,0,0,1.4,0,0,0,1
2023/2024,South South,Delta,Oshimili South,Agu,"Government Secondary School, Agu",Male,disabled,WAEC,Polytechnic,1,1,1,1,0,0,1.4,0,0,0,1
2023/2024,South South,Delta,Oshimili South,Agu,"Unity College, Asaba",Female,all,NABTEB,Polytechnic,5,4,4,5,4,0,1.5,1,0,0,1
2023/2024,South South,Delta,Oshimili South,Agu,"Unity College, Asaba",Female,all,NECO,Polytechnic,9,8,8,10,9,0,1.4,1,0,0,1
2023/2024,South South,Delta,Oshimili South,Agu,"Unity College, Asaba",Female,all,WAEC,Polytechnic,10,8,9,13,12,0,1.4,2,0,0,1
2023/2024,South South,Delta,Oshimili South,Agu,"Unity College, Asaba",Female,disabled,NABTEB,Polytechnic,1,0,1,1,0,0,1.5,1,0,0,1
2023/2024,South South,Delta,Oshimili South,Agu,"Unity College, Asaba",Female,disabled,NECO,Polytechnic,1,1,1,1,0,0,1.4,0,0,0,1
2023/2024,South South,Delta,Oshimili South,Agu,"Unity College, Asaba",Female,disabled,WAEC,Polytechnic,1,1,1,1,0,0,1.4,0,0,0,1
2023/2024,South South,Delta,Oshimili South,Agu,"Unity College, Asaba",Male,all,NABTEB,Polytechnic,5,4,5,5,4,0,1.5,1,0,0,1
2023/2024,South South,Delta,Oshimili South,Agu,"Unity College, Asaba",Male,all,NECO,Polytechnic,9,7,8,10,9,0,1.4,2,0,0,1
2023/2024,South South,Delta,Oshimili South,Agu,"Unity College, Asaba",Male,all,WAEC,Polytechnic,10,8,9,13,12,0,1.4,2,0,0,1
2023/2024,South South,Delta,Oshimili South,Agu,"Unity College, Asaba",Male,disabled,NABTEB,Polytechnic,1,0,0,1,0,0,1.5,1,0,0,1
2023/2024,South South,Delta,Oshimili South,Agu,"Unity College, Asaba",Male,disabled,NECO,Polytechnic,1,1,1,1,0,0,1.4,0,0,0,1
2023/2024,South South,Delta,Oshimili South,Agu,"Unity College, Asaba",Male,disabled,WAEC,Polytechnic,1,1,1,1,0,0,1.4,0,0,0,1
2023/2024,South South,Delta,Oshimili South,Anala-Amakom,"Community Secondary School, Anala-Amakom",Female,all,NABTEB,University,9,7,8,111,95,1,1.4,2,0,0,16
2023/2024,South South,Delta,Oshimili South,Anala-Amakom,"Community Secondary School, Anala-Amakom",Female,all,NECO,University,16,13,15,209,208,0,1.3,3,0,0,1
2023/2024,South South,Delta,Oshimili South,Anala-Amakom,"Community Secondary School, Anala-Amakom",Female,all,WAEC,University,21,17,18,259,232,2,1.3,4,0,0,27
2023/2024,South South,Delta,Oshimili South,Anala-Amakom,"Community Secondary School, Anala-Amakom",Female,disabled,NABTEB,University,1,0,1,13,11,0,1.4,1,0,0,2
2023/2024,South South,Delta,Oshimili South,Anala-Amakom,"Community Secondary School, Anala-Amakom",Female,disabled,NECO,University,1,1,1,16,14,0,1.3,0,0,0,2
2023/2024,South South,Delta,Oshimili South,Anala-Amakom,"Community Secondary School, Anala-Amakom",Female,disabled,WAEC,University,2,1,1,16,14,0,1.3,1,0,0,2
2023/2024,South South,Delta,Oshimili South,Anala-Amakom,"Community Secondary School, Anala-Amakom",Male,all,NABTEB,University,7,5,6,90,73,1,1.4,2,0,0,17
2023/2024,South South,Delta,Oshimili South,Anala-Amakom,"Community Secondary School, Anala-Amakom",Male,all,NECO,University,13,11,13,164,163,0,1.3,2,0,0,1
2023/2024,South South,Delta,Oshimili South,Anala-Amakom,"Community Secondary School, Anala-Amakom",Male,all,WAEC,University,18,14,16,238,211,2,1.3,4,0,0,27
2023/2024,South South,Delta,Oshimili South,Anala-Amakom,"Community Secondary School, Anala-Amakom",Male,disabled,NABTEB,University,1,0,0,13,11,0,1.4,1,0,0,2
2023/2024,South South,Delta,Oshimili South,Anala-Amakom,"Community Secondary School, Anala-Amakom",Male,disabled,NECO,University,1,1,1,16,14,0,1.3,0,0,0,2
2023/2024,South South,Delta,Oshimili South,Anala-Amakom,"Community Secondary School, Anala-Amakom",Male,disabled,WAEC,University,1,1,1,16,14,0,1.3,0,0,0,2
2023/2024,South South,Delta,Oshimili South,Anala-Amakom,"Comprehensive High School, Anala-Amakom",Female,all,NABTEB,Polytechnic,8,6,7,7,6,0,1.5,2,0,0,1
2023/2024,South South,Delta,Oshimili South,Anala-Amakom,"Comprehensive High School, Anala-Amakom",Female,all,NECO,Polytechnic,18,15,17,20,19,0,1.4,3,0,0,1
2023/2024,South South,Delta,Oshimili South,Anala-Amakom,"Comprehensive High School, Anala-Amakom",Female,all,WAEC,Polytechnic,24,19,21,32,29,0,1.4,5,0,0,3
2023/2024,South South,Delta,Oshimili South,Anala-Amakom,"Comprehensive High School, Anala-Amakom",Female,disabled,NABTEB,Polytechnic,1,0,1,1,0,0,1.5,1,0,0,1
2023/2024,South South,Delta,Oshimili South,Anala-Amakom,"Comprehensive High School, Anala-Amakom",Female,disabled,NECO,Polytechnic,1,1,1,1,0,0,1.4,0,0,0,1
2023/2024,South South,Delta,Oshimili South,Anala-Amakom,"Comprehensive High School, Anala-Amakom",Female,disabled,WAEC,Polytechnic,2,2,2,3,2,0,1.4,0,0,0,1
2023/2024,South South,Delta,Oshimili South,Anala-Amakom,"Comprehensive High School, Anala-Amakom",Male,all,NABTEB,Polytechnic,8,6,7,9,8,0,1.5,2,0,0,1
2023/2024,South South,Delta,Oshimili South,Anala-Amakom,"Comprehensive High School, Anala-Amakom",Male,all,NECO,Polytechnic,17,13,15,20,19,0,1.4,4,0,0,1
2023/2024,South South,Delta,Oshimili South,Anala-Amakom,"Comprehensive High School, Anala-Amakom",Male,all,WAEC,Polytechnic,25,20,24,29,26,0,1.4,5,0,0,3
2023/2024,South South,Delta,Oshimili South,Anala-Amakom,"Comprehensive High School, Anala-Amakom",Male,disabled,NABTEB,Polytechnic,1,0,0,1,0,0,1.5,1,0,0,1
2023/2024,South South,Delta,Oshimili South,Anala-Amakom,"Comprehensive High School, Anala-Amakom",Male,disabled,NECO,Polytechnic,1,1,1,1,0,0,1.4,0,0,0,1
2023/2024,South South,Delta,Oshimili South,Anala-Amakom,"Comprehensive High School, Anala-Amakom",Male,disabled,WAEC,Polytechnic,2,2,2,3,2,0,1.4,0,0,0,1
2023/2024,South South,Delta,Oshimili South,Anala-Amakom,"Government Secondary School, Anala-Amakom",Female,all,NABTEB,Polytechnic,5,4,4,5,4,0,1.5,1,0,0,1
2023/2024,South South,Delta,Oshimili South,Anala-Amakom,"Government Secondary School, Anala-Amakom",Female,all,NECO,Polytechnic,8,6,7,8,7,0,1.4,2,0,0,1
2023/2024,South South,Delta,Oshimili South,Anala-Amakom,"Government Secondary School, Anala-Amakom",Female,all,WAEC,Polytechnic,9,8,8,10,8,0,1.4,1,0,0,2
2023/2024,South South,Delta,Oshimili South,Anala-Amakom,"Government Secondary School, Anala-Amakom",Female,disabled,NABTEB,Polytechnic,1,0,1,1,0,0,1.5,1,0,0,1
2023/2024,South South,Delta,Oshimili South,Anala-Amakom,"Government Secondary School, Anala-Amakom",Female,disabled,NECO,Polytechnic,1,1,0,1,0,0,1.4,0,1,0,1
2023/2024,South South,Delta,Oshimili South,Anala-Amakom,"Government Secondary School, Anala-Amakom",Female,disabled,WAEC,Polytechnic,1,1,1,1,0,0,1.4,0,0,0,1
2023/2024,South South,Delta,Oshimili South,Anala-Amakom,"Government Secondary School, Anala-Amakom",Male,all,NABTEB,Polytechnic,5,4,4,4,3,0,1.5,1,0,0,1
2023/2024,South South,Delta,Oshimili South,Anala-Amakom,"Government Secondary School, Anala-Amakom",Male,all,NECO,Polytechnic,8,7,7,8,7,0,1.4,1,0,0,1
2023/2024,South South,Delta,Oshimili South,Anala-Amakom,"Government Secondary School, Anala-Amakom",Male,all,WAEC,Polytechnic,10,8,8,11,10,0,1.4,2,0,0,1
2023/2024,South South,Delta,Oshimili South,Anala-Amakom,"Government Secondary School, Anala-Amakom",Male,disabled,NABTEB,Polytechnic,1,0,0,0,0,0,1.5,1,0,0,0
2023/2024,South South,Delta,Oshimili South,Anala-Amakom,"Government Secondary School, Anala-Amakom",Male,disabled,NECO,Polytechnic,1,0,0,1,0,0,1.4,1,0,0,1
2023/2024,South South,Delta,Oshimili South,Anala-Amakom,"Government Secondary School, Anala-Amakom",Male,disabled,WAEC,Polytechnic,1,0,0,1,0,0,1.4,1,0,0,1
2023/2024,South South,Delta,Oshimili South,Anala-Amakom,"Unity College, Asaba",Female,all,NABTEB,Polytechnic,9,7,8,9,8,0,1.5,2,0,0,1
2023/2024,South South,Delta,Oshimili South,Anala-Amakom,"Unity College, Asaba",Female,all,NECO,Polytechnic,17,13,14,17,15,0,1.4,4,0,0,2
2023/2024,South South,Delta,Oshimili South,Anala-Amakom,"Unity College, Asaba",Female,all,WAEC,Polytechnic,25,20,22,25,24,0,1.4,5,0,0,1
2023/2024,South South,Delta,Oshimili South,Anala-Amakom,"Unity College, Asaba",Female,disabled,NABTEB,Polytechnic,1,0,1,1,0,0,1.5,1,0,0,1
2023/2024,South South,Delta,Oshimili South,Anala-Amakom,"Unity College, Asaba",Female,disabled,NECO,Polytechnic,1,1,1,1,0,0,1.4,0,0,0,1
2023/2024,South South,Delta,Oshimili South,Anala-Amakom,"Unity College, Asaba",Female,disabled,WAEC,Polytechnic,2,1,2,1,0,0,1.4,1,0,1,1
2023/2024,South South,Delta,Oshimili South,Anala-Amakom,"Unity College, Asaba",Male,all,NABTEB,Polytechnic,10,8,9,11,10,0,1.5,2,0,0,1
2023/2024,South South,Delta,Oshimili South,Anala-Amakom,"Unity College, Asaba",Male,all,NECO,Polytechnic,17,14,16,17,15,0,1.4,3,0,0,2
2023/2024,South South,Delta,Oshimili South,Anala-Amakom,"Unity College, Asaba",Male,all,WAEC,Polytechnic,24,19,22,25,22,0,1.4,5,0,0,3
2023/2024,South South,Delta,Oshimili South,Anala-Amakom,"Unity College, Asaba",Male,disabled,NABTEB,Polytechnic,1,1,1,1,0,0,1.5,0,0,0,1
2023/2024,South South,Delta,Oshimili South,Anala-Amakom,"Unity College, Asaba",Male,disabled,NECO,Polytechnic,1,1,1,1,0,0,1.4,0,0,0,1
2023/2024,South South,Delta,Oshimili South,Anala-Amakom,"Unity College, Asaba",Male,disabled,WAEC,Polytechnic,2,2,2,1,0,0,1.4,0,0,1,1
2023/2024,South South,Delta,Oshimili South,Cable Point I,"Community Secondary School, Cable Point I",Female,all,NABTEB,Polytechnic,9,7,9,11,10,0,1.5,2,0,0,1
2023/2024,South South,Delta,Oshimili South,Cable Point I,"Community Secondary School, Cable Point I",Female,all,NECO,Polytechnic,18,14,16,18,17,0,1.4,4,0,0,1
2023/2024,South South,Delta,Oshimili South,Cable Point I,"Community Secondary School, Cable Point I",Female,all,WAEC,Polytechnic,23,19,20,25,24,0,1.4,4,0,0,1
2023/2024,South South,Delta,Oshimili South,Cable Point I,"Community Secondary School, Cable Point I",Female,disabled,NABTEB,Polytechnic,1,0,1,1,0,0,1.5,1,0,0,1
2023/2024,South South,Delta,Oshimili South,Cable Point I,"Community Secondary School, Cable Point I",Female,disabled,NECO,Polytechnic,1,1,1,1,0,0,1.4,0,0,0,1
2023/2024,South South,Delta,Oshimili South,Cable Point I,"Community Secondary School, Cable Point I",Female,disabled,WAEC,Polytechnic,1,1,1,1,0,0,1.4,0,0,0,1
2023/2024,South South,Delta,Oshimili South,Cable Point I,"Community Secondary School, Cable Point I",Male,all,NABTEB,Polytechnic,9,7,8,7,6,0,1.5,2,0,1,1
2023/2024,South South,Delta,Oshimili South,Cable Point I,"Community Secondary School, Cable Point I",Male,all,NECO,Polytechnic,18,15,16,17,15,0,1.4,3,0,0,2
2023/2024,South South,Delta,Oshimili South,Cable Point I,"Community Secondary School, Cable Point I",Male,all,WAEC,Polytechnic,21,17,18,24,22,0,1.4,4,0,0,2
2023/2024,South South,Delta,Oshimili South,Cable Point I,"Community Secondary School, Cable Point I",Male,disabled,NABTEB,Polytechnic,1,0,0,1,0,0,1.5,1,0,0,1
2023/2024,South South,Delta,Oshimili South,Cable Point I,"Community Secondary School, Cable Point I",Male,disabled,NECO,Polytechnic,1,1,1,1,0,0,1.4,0,0,0,1
2023/2024,South South,Delta,Oshimili South,Cable Point I,"Community Secondary School, Cable Point I",Male,disabled,WAEC,Polytechnic,1,1,1,1,0,0,1.4,0,0,0,1
2023/2024,South South,Delta,Oshimili South,Cable Point I,"Comprehensive High School, Cable Point I",Female,all,NABTEB,Polytechnic,10,8,10,13,11,0,1.5,2,0,0,2
2023/2024,South South,Delta,Oshimili South,Cable Point I,"Comprehensive High School, Cable Point I",Female,all,NECO,Polytechnic,18,14,17,20,19,0,1.4,4,0,0,1
2023/2024,South South,Delta,Oshimili South,Cable Point I,"Comprehensive High School, Cable Point I",Female,all,WAEC,Polytechnic,26,21,26,33,30,0,1.4,5,0,0,3
2023/2024,South South,Delta,Oshimili South,Cable Point I,"Comprehensive High School, Cable Point I",Female,disabled,NABTEB,Polytechnic,1,1,1,1,0,0,1.5,0,0,0,1
2023/2024,South South,Delta,Oshimili South,Cable Point I,"Comprehensive High School, Cable Point I",Female,disabled,NECO,Polytechnic,2,1,2,1,0,0,1.4,1,0,1,1
2023/2024,South South,Delta,Oshimili South,Cable Point I,"Comprehensive High School, Cable Point I",Female,disabled,WAEC,Polytechnic,2,2,2,3,2,0,1.4,0,0,0,1
2023/2024,South South,Delta,Oshimili South,Cable Point I,"Comprehensive High School, Cable Point I",Male,all,NABTEB,Polytechnic,8,6,8,13,11,0,1.5,2,0,0,2
2023/2024,South South,Delta,Oshimili South,Cable Point I,"Comprehensive High School, Cable Point I",Male,all,NECO,Polytechnic,16,13,16,22,20,0,1.4,3,0,0,2
2023/2024,South South,Delta,Oshimili South,Cable Point I,"Comprehensive High School, Cable Point I",Male,all,WAEC,Polytechnic,20,16,19,27,25,0,1.4,4,0,0,2
2023/2024,South South,Delta,Oshimili South,Cable Point I,"Comprehensive High School, Cable Point I",Male,disabled,NABTEB,Polytechnic,1,1,1,1,0,0,1.5,0,0,0,1
2023/2024,South South,Delta,Oshimili South,Cable Point I,"Comprehensive High School, Cable Point I",Male,disabled,NECO,Polytechnic,1,1,1,1,0,0,1.4,0,0,0,1
2023/2024,South South,Delta,Oshimili South,Cable Point I,"Comprehensive High School, Cable Point I",Male,disabled,WAEC,Polytechnic,2,2,2,3,2,0,1.4,0,0,0,1
2023/2024,South South,Delta,Oshimili South,Cable Point I,"Government Secondary School, Cable Point I",Female,all,NABTEB,College of Education,6,5,6,5,4,0,1.6,1,0,1,1
2023/2024,South South,Delta,Oshimili South,Cable Point I,"Government Secondary School, Cable Point I",Female,all,NECO,College of Education,11,9,10,8,7,0,1.6,2,0,2,1
2023/2024,South South,Delta,Oshimili South,Cable Point I,"Government Secondary School, Cable Point I",Female,all,WAEC,College of Education,15,12,14,13,12,0,1.6,3,0,1,1
2023/2024,South South,Delta,Oshimili South,Cable Point I,"Government Secondary School, Cable Point I",Female,disabled,NABTEB,College of Education,1,0,1,1,0,0,1.6,1,0,0,1
2023/2024,South South,Delta,Oshimili South,Cable Point I,"Government Secondary School, Cable Point I",Female,disabled,NECO,College of Education,1,1,1,1,0,0,1.6,0,0,0,1
2023/2024,South South,Delta,Oshimili South,Cable Point I,"Government Secondary School, Cable Point I",Female,disabled,WAEC,College of Education,1,1,1,1,0,0,1.6,0,0,0,1
2023/2024,South South,Delta,Oshimili South,Cable Point I,"Government Secondary School, Cable Point I",Male,all,NABTEB,College of Education,7,5,6,6,5,0,1.6,2,0,0,1
2023/2024,South South,Delta,Oshimili South,Cable Point I,"Government Secondary School, Cable Point I",Male,all,NECO,College of Education,14,11,13,11,9,0,1.6,3,0,2,2
2023/2024,South South,Delta,Oshimili South,Cable Point I,"Government Secondary School, Cable Point I",Male,all,WAEC,College of Education,16,13,15,15,14,0,1.6,3,0,0,1
2023/2024,South South,Delta,Oshimili South,Cable Point I,"Government Secondary School, Cable Point I",Male,disabled,NABTEB,College of Education,1,0,0,1,0,0,1.6,1,0,0,1
2023/2024,South South,Delta,Oshimili South,Cable Point I,"Government Secondary School, Cable Point I",Male,disabled,NECO,College of Education,1,1,1,1,0,0,1.6,0,0,0,1
2023/2024,South South,Delta,Oshimili South,Cable Point I,"Government Secondary School, Cable Point I",Male,disabled,WAEC,College of Education,1,1,1,1,0,0,1.6,0,0,0,1
2023/2024,South South,Delta,Oshimili South,Cable Point I,"Unity College, Asaba",Female,all,NABTEB,Polytechnic,8,6,8,9,8,0,1.5,2,0,0,1
2023/2024,South South,Delta,Oshimili South,Cable Point I,"Unity College, Asaba",Female,all,NECO,Polytechnic,15,12,14,18,17,0,1.4,3,0,0,1
2023/2024,South South,Delta,Oshimili South,Cable Point I,"Unity College, Asaba",Female,all,WAEC,Polytechnic,21,17,20,27,25,0,1.4,4,0,0,2
2023/2024,South South,Delta,Oshimili South,Cable Point I,"Unity College, Asaba",Female,disabled,NABTEB,Polytechnic,1,0,1,1,0,0,1.5,1,0,0,1
2023/2024,South South,Delta,Oshimili South,Cable Point I,"Unity College, Asaba",Female,disabled,NECO,Polytechnic,1,1,1,1,0,0,1.4,0,0,0,1
2023/2024,South South,Delta,Oshimili South,Cable Point I,"Unity College, Asaba",Female,disabled,WAEC,Polytechnic,2,2,2,3,2,0,1.4,0,0,0,1
2023/2024,South South,Delta,Oshimili South,Cable Point I,"Unity College, Asaba",Male,all,NABTEB,Polytechnic,6,5,6,7,6,0,1.5,1,0,0,1
2023/2024,South South,Delta,Oshimili South,Cable Point I,"Unity College, Asaba",Male,all,NECO,Polytechnic,12,10,12,16,15,0,1.4,2,0,0,1
2023/2024,South South,Delta,Oshimili South,Cable Point I,"Unity College, Asaba",Male,all,WAEC,Polytechnic,18,14,17,22,20,0,1.4,4,0,0,2
2023/2024,South South,Delta,Oshimili South,Cable Point I,"Unity College, Asaba",Male,disabled,NABTEB,Polytechnic,1,0,0,1,0,0,1.5,1,0,0,1
2023/2024,South South,Delta,Oshimili South,Cable Point I,"Unity College, Asaba",Male,disabled,NECO,Polytechnic,1,1,1,1,0,0,1.4,0,0,0,1
2023/2024,South South,Delta,Oshimili South,Cable Point I,"Unity College, Asaba",Male,disabled,WAEC,Polytechnic,2,1,1,1,0,0,1.4,1,0,0,1
2023/2024,South South,Delta,Uvwie,Army Barracks Area,"Community Secondary School, Army Barracks Area",Female,all,NABTEB,College of Education,10,8,10,7,6,0,1.6,2,0,3,1
2023/2024,South South,Delta,Uvwie,Army Barracks Area,"Community Secondary School, Army Barracks Area",Female,all,NECO,College of Education,19,15,17,12,11,0,1.6,4,0,5,1
2023/2024,South South,Delta,Uvwie,Army Barracks Area,"Community Secondary School, Army Barracks Area",Female,all,WAEC,College of Education,25,20,23,18,16,0,1.6,5,0,5,2
2023/2024,South South,Delta,Uvwie,Army Barracks Area,"Community Secondary School, Army Barracks Area",Female,disabled,NABTEB,College of Education,1,1,1,1,0,0,1.6,0,0,0,1
2023/2024,South South,Delta,Uvwie,Army Barracks Area,"Community Secondary School, Army Barracks Area",Female,disabled,NECO,College of Education,1,1,1,1,0,0,1.6,0,0,0,1
2023/2024,South South,Delta,Uvwie,Army Barracks Area,"Community Secondary School, Army Barracks Area",Female,disabled,WAEC,College of Education,2,1,2,1,0,0,1.6,1,0,1,1
2023/2024,South South,Delta,Uvwie,Army Barracks Area,"Community Secondary School, Army Barracks Area",Male,all,NABTEB,College of Education,9,7,8,6,5,0,1.6,2,0,2,1
2023/2024,South South,Delta,Uvwie,Army Barracks Area,"Community Secondary School, Army Barracks Area",Male,all,NECO,College of Education,16,13,15,13,12,0,1.6,3,0,2,1
2023/2024,South South,Delta,Uvwie,Army Barracks Area,"Community Secondary School, Army Barracks Area",Male,all,WAEC,College of Education,20,16,18,14,13,0,1.6,4,0,4,1
2023/2024,South South,Delta,Uvwie,Army Barracks Area,"Community Secondary School, Army Barracks Area",Male,disabled,NABTEB,College of Education,1,0,0,1,0,0,1.6,1,0,0,1
2023/2024,South South,Delta,Uvwie,Army Barracks Area,"Community Secondary School, Army Barracks Area",Male,disabled,NECO,College of Education,1,1,1,1,0,0,1.6,0,0,0,1
2023/2024,South South,Delta,Uvwie,Army Barracks Area,"Community Secondary School, Army Barracks Area",Male,disabled,WAEC,College of Education,2,1,1,1,0,0,1.6,1,0,0,1
2023/2024,South South,Delta,Uvwie,Army Barracks Area,"Comprehensive High School, Army Barracks Area",Female,all,NABTEB,College of Education,7,6,6,5,4,0,1.6,1,0,1,1
2023/2024,South South,Delta,Uvwie,Army Barracks Area,"Comprehensive High School, Army Barracks Area",Female,all,NECO,College of Education,15,12,14,10,9,0,1.6,3,0,4,1
2023/2024,South South,Delta,Uvwie,Army Barracks Area,"Comprehensive High School, Army Barracks Area",Female,all,WAEC,College of Education,20,16,17,14,13,0,1.6,4,0,3,1
2023/2024,South South,Delta,Uvwie,Army Barracks Area,"Comprehensive High School, Army Barracks Area",Female,disabled,NABTEB,College of Education,1,0,1,1,0,0,1.6,1,0,0,1
2023/2024,South South,Delta,Uvwie,Army Barracks Area,"Comprehensive High School, Army Barracks Area",Female,disabled,NECO,College of Education,1,1,1,1,0,0,1.6,0,0,0,1
2023/2024,South South,Delta,Uvwie,Army Barracks Area,"Comprehensive High School, Army Barracks Area",Female,disabled,WAEC,College of Education,1,1,1,1,0,0,1.6,0,0,0,1
2023/2024,South South,Delta,Uvwie,Army Barracks Area,"Comprehensive High School, Army Barracks Area",Male,all,NABTEB,College of Education,8,6,7,5,4,0,1.6,2,0,2,1
2023/2024,South South,Delta,Uvwie,Army Barracks Area,"Comprehensive High School, Army Barracks Area",Male,all,NECO,College of Education,14,11,13,11,9,0,1.6,3,0,2,2
2023/2024,South South,Delta,Uvwie,Army Barracks Area,"Comprehensive High School, Army Barracks Area",Male,all,WAEC,College of Education,21,17,18,14,13,0,1.6,4,0,4,1
2023/2024,South South,Delta,Uvwie,Army Barracks Area,"Comprehensive High School, Army Barracks Area",Male,disabled,NABTEB,College of Education,1,0,0,0,0,0,1.6,1,0,0,0
2023/2024,South South,Delta,Uvwie,Army Barracks Area,"Comprehensive High School, Army Barracks Area",Male,disabled,NECO,College of Education,1,1,1,1,0,0,1.6,0,0,0,1
2023/2024,South South,Delta,Uvwie,Army Barracks Area,"Comprehensive High School, Army Barracks Area",Male,disabled,WAEC,College of Education,1,1,1,1,0,0,1.6,0,0,0,1
2023/2024,South South,Delta,Uvwie,Army Barracks Area,"Government Secondary School, Army Barracks Area",Female,all,NABTEB,College of Education,11,8,9,5,4,0,1.6,3,0,4,1
2023/2024,South South,Delta,Uvwie,Army Barracks Area,"Government Secondary School, Army Barracks Area",Female,all,NECO,College of Education,19,15,16,10,9,0,1.6,4,0,6,1
2023/2024,South South,Delta,Uvwie,Army Barracks Area,"Government Secondary School, Army Barracks Area",Female,all,WAEC,College of Education,23,19,20,15,14,0,1.6,4,0,5,1
2023/2024,South South,Delta,Uvwie,Army Barracks Area,"Government Secondary School, Army Barracks Area",Female,disabled,NABTEB,College of Education,1,1,1,1,0,0,1.6,0,0,0,1
2023/2024,South South,Delta,Uvwie,Army Barracks Area,"Government Secondary School, Army Barracks Area",Female,disabled,NECO,College of Education,2,1,1,1,0,0,1.6,1,0,0,1
2023/2024,South South,Delta,Uvwie,Army Barracks Area,"Government Secondary School, Army Barracks Area",Female,disabled,WAEC,College of Education,2,2,2,1,0,0,1.6,0,0,1,1
2023/2024,South South,Delta,Uvwie,Army Barracks Area,"Government Secondary School, Army Barracks Area",Male,all,NABTEB,College of Education,10,8,9,5,4,0,1.6,2,0,4,1
2023/2024,South South,Delta,Uvwie,Army Barracks Area,"Government Secondary School, Army Barracks Area",Male,all,NECO,College of Education,18,15,16,11,9,0,1.6,3,0,5,2
2023/2024,South South,Delta,Uvwie,Army Barracks Area,"Government Secondary School, Army Barracks Area",Male,all,WAEC,College of Education,25,20,21,15,14,0,1.6,5,0,6,1
2023/2024,South South,Delta,Uvwie,Army Barracks Area,"Government Secondary School, Army Barracks Area",Male,disabled,NABTEB,College of Education,1,1,1,0,0,0,1.6,0,0,1,0
2023/2024,South South,Delta,Uvwie,Army Barracks Area,"Government Secondary School, Army Barracks Area",Male,disabled,NECO,College of Education,2,1,2,1,0,0,1.6,1,0,1,1
2023/2024,South South,Delta,Uvwie,Army Barracks Area,"Government Secondary School, Army Barracks Area",Male,disabled,WAEC,College of Education,2,2,2,2,1,0,1.6,0,0,0,1
2023/2024,South South,Delta,Uvwie,Army Barracks Area,"Unity College, Uvwie",Female,all,NABTEB,College of Education,4,4,4,3,2,0,1.6,0,0,1,1
2023/2024,South South,Delta,Uvwie,Army Barracks Area,"Unity College, Uvwie",Female,all,NECO,College of Education,7,6,7,5,4,0,1.6,1,0,2,1
2023/2024,South South,Delta,Uvwie,Army Barracks Area,"Unity College, Uvwie",Female,all,WAEC,College of Education,11,9,11,9,8,0,1.6,2,0,2,1
2023/2024,South South,Delta,Uvwie,Army Barracks Area,"Unity College, Uvwie",Female,disabled,NABTEB,College of Education,1,0,1,1,0,0,1.6,1,0,0,1
2023/2024,South South,Delta,Uvwie,Army Barracks Area,"Unity College, Uvwie",Female,disabled,NECO,College of Education,1,1,1,1,0,0,1.6,0,0,0,1
2023/2024,South South,Delta,Uvwie,Army Barracks Area,"Unity College, Uvwie",Female,disabled,WAEC,College of Education,1,1,1,1,0,0,1.6,0,0,0,1
2023/2024,South South,Delta,Uvwie,Army Barracks Area,"Unity College, Uvwie",Male,all,NABTEB,College of Education,4,3,4,3,2,0,1.6,1,0,1,1
2023/2024,South South,Delta,Uvwie,Army Barracks Area,"Unity College, Uvwie",Male,all,NECO,College of Education,7,6,6,5,4,0,1.6,1,0,1,1
2023/2024,South South,Delta,Uvwie,Army Barracks Area,"Unity College, Uvwie",Male,all,WAEC,College of Education,10,8,9,8,7,0,1.6,2,0,1,1
2023/2024,South South,Delta,Uvwie,Army Barracks Area,"Unity College, Uvwie",Male,disabled,NABTEB,College of Education,1,0,0,1,0,0,1.6,1,0,0,1
2023/2024,South South,Delta,Uvwie,Army Barracks Area,"Unity College, Uvwie",Male,disabled,NECO,College of Education,1,0,1,1,0,0,1.6,1,0,0,1
2023/2024,South South,Delta,Uvwie,Army Barracks Area,"Unity College, Uvwie",Male,disabled,WAEC,College of Education,1,1,1,1,0,0,1.6,0,0,0,1
2023/2024,South South,Delta,Uvwie,Effurun I,"Community Secondary School, Effurun I",Female,all,NABTEB,Polytechnic,10,8,9,13,11,0,1.5,2,0,0,2
2023/2024,South South,Delta,Uvwie,Effurun I,"Community Secondary School, Effurun I",Female,all,NECO,Polytechnic,15,12,14,18,17,0,1.4,3,0,0,1
2023/2024,South South,Delta,Uvwie,Effurun I,"Community Secondary School, Effurun I",Female,all,WAEC,Polytechnic,23,19,22,29,25,0,1.4,4,0,0,4
2023/2024,South South,Delta,Uvwie,Effurun I,"Community Secondary School, Effurun I",Female,disabled,NABTEB,Polytechnic,1,1,1,1,0,0,1.5,0,0,0,1
2023/2024,South South,Delta,Uvwie,Effurun I,"Community Secondary School, Effurun I",Female,disabled,NECO,Polytechnic,1,1,1,1,0,0,1.4,0,0,0,1
2023/2024,South South,Delta,Uvwie,Effurun I,"Community Secondary School, Effurun I",Female,disabled,WAEC,Polytechnic,2,1,2,2,1,0,1.4,1,0,0,1
2023/2024,South South,Delta,Uvwie,Effurun I,"Community Secondary School, Effurun I",Male,all,NABTEB,Polytechnic,10,8,10,14,13,0,1.5,2,0,0,1
2023/2024,South South,Delta,Uvwie,Effurun I,"Community Secondary School, Effurun I",Male,all,NECO,Polytechnic,18,14,17,23,22,0,1.4,4,0,0,1
2023/2024,South South,Delta,Uvwie,Effurun I,"Community Secondary School, Effurun I",Male,all,WAEC,Polytechnic,26,21,26,38,34,0,1.4,5,0,0,4
2023/2024,South South,Delta,Uvwie,Effurun I,"Community Secondary School, Effurun I",Male,disabled,NABTEB,Polytechnic,1,1,1,2,1,0,1.5,0,0,0,1
2023/2024,South South,Delta,Uvwie,Effurun I,"Community Secondary School, Effurun I",Male,disabled,NECO,Polytechnic,1,1,1,1,0,0,1.4,0,0,0,1
2023/2024,South South,Delta,Uvwie,Effurun I,"Community Secondary School, Effurun I",Male,disabled,WAEC,Polytechnic,2,2,2,2,1,0,1.4,0,0,0,1
2023/2024,South South,Delta,Uvwie,Effurun I,"Comprehensive High School, Effurun I",Female,all,NABTEB,College of Education,6,5,6,3,2,0,1.6,1,0,3,1
2023/2024,South South,Delta,Uvwie,Effurun I,"Comprehensive High School, Effurun I",Female,all,NECO,College of Education,12,10,10,6,5,0,1.6,2,0,4,1
2023/2024,South South,Delta,Uvwie,Effurun I,"Comprehensive High School, Effurun I",Female,all,WAEC,College of Education,17,13,15,10,9,0,1.6,4,0,5,1
2023/2024,South South,Delta,Uvwie,Effurun I,"Comprehensive High School, Effurun I",Female,disabled,NABTEB,College of Education,1,0,1,1,0,0,1.6,1,0,0,1
2023/2024,South South,Delta,Uvwie,Effurun I,"Comprehensive High School, Effurun I",Female,disabled,NECO,College of Education,1,1,1,1,0,0,1.6,0,0,0,1
2023/2024,South South,Delta,Uvwie,Effurun I,"Comprehensive High School, Effurun I",Female,disabled,WAEC,College of Education,1,1,1,1,0,0,1.6,0,0,0,1
2023/2024,South South,Delta,Uvwie,Effurun I,"Comprehensive High School, Effurun I",Male,all,NABTEB,College of Education,6,5,5,2,1,0,1.6,1,0,3,1
2023/2024,South South,Delta,Uvwie,Effurun I,"Comprehensive High School, Effurun I",Male,all,NECO,College of Education,11,9,10,8,7,0,1.6,2,0,2,1
2023/2024,South South,Delta,Uvwie,Effurun I,"Comprehensive High School, Effurun I",Male,all,WAEC,College of Education,15,12,13,9,8,0,1.6,3,0,4,1
2023/2024,South South,Delta,Uvwie,Effurun I,"Comprehensive High School, Effurun I",Male,disabled,NABTEB,College of Education,1,0,0,0,0,0,1.6,1,0,0,0
2023/2024,South South,Delta,Uvwie,Effurun I,"Comprehensive High School, Effurun I",Male,disabled,NECO,College of Education,1,0,1,1,0,0,1.6,1,0,0,1
2023/2024,South South,Delta,Uvwie,Effurun I,"Comprehensive High School, Effurun I",Male,disabled,WAEC,College of Education,1,1,1,1,0,0,1.6,0,0,0,1
2023/2024,South South,Delta,Uvwie,Effurun I,"Government Secondary School, Effurun I",Female,all,NABTEB,University,6,5,6,90,73,1,1.4,1,0,0,17
2023/2024,South South,Delta,Uvwie,Effurun I,"Government Secondary School, Effurun I",Female,all,NECO,University,12,9,10,189,185,0,1.3,3,0,0,4
2023/2024,South South,Delta,Uvwie,Effurun I,"Government Secondary School, Effurun I",Female,all,WAEC,University,15,12,14,259,232,2,1.3,3,0,0,27
2023/2024,South South,Delta,Uvwie,Effurun I,"Government Secondary School, Effurun I",Female,disabled,NABTEB,University,1,0,1,16,14,0,1.4,1,0,0,2
2023/2024,South South,Delta,Uvwie,Effurun I,"Government Secondary School, Effurun I",Female,disabled,NECO,University,1,1,1,16,15,0,1.3,0,0,0,1
2023/2024,South South,Delta,Uvwie,Effurun I,"Government Secondary School, Effurun I",Female,disabled,WAEC,University,1,1,1,16,14,0,1.3,0,0,0,2
2023/2024,South South,Delta,Uvwie,Effurun I,"Government Secondary School, Effurun I",Male,all,NABTEB,University,6,5,6,90,73,1,1.4,1,0,0,17
2023/2024,South South,Delta,Uvwie,Effurun I,"Government Secondary School, Effurun I",Male,all,NECO,University,11,9,10,189,185,0,1.3,2,0,0,4
2023/2024,South South,Delta,Uvwie,Effurun I,"Government Secondary School, Effurun I",Male,all,WAEC,University,14,11,13,218,189,2,1.3,3,0,0,29
2023/2024,South South,Delta,Uvwie,Effurun I,"Government Secondary School, Effurun I",Male,disabled,NABTEB,University,1,0,0,16,14,0,1.4,1,0,0,2
2023/2024,South South,Delta,Uvwie,Effurun I,"Government Secondary School, Effurun I",Male,disabled,NECO,University,1,1,1,16,15,0,1.3,0,0,0,1
2023/2024,South South,Delta,Uvwie,Effurun I,"Government Secondary School, Effurun I",Male,disabled,WAEC,University,1,1,1,16,14,0,1.3,0,0,0,2
2023/2024,South South,Delta,Uvwie,Effurun I,"Unity College, Uvwie",Female,all,NABTEB,College of Education,9,7,8,6,5,0,1.6,2,0,2,1
2023/2024,South South,Delta,Uvwie,Effurun I,"Unity College, Uvwie",Female,all,NECO,College of Education,15,12,14,12,11,0,1.6,3,0,2,1
2023/2024,South South,Delta,Uvwie,Effurun I,"Unity College, Uvwie",Female,all,WAEC,College of Education,20,16,19,19,17,0,1.6,4,0,0,2
2023/2024,South South,Delta,Uvwie,Effurun I,"Unity College, Uvwie",Female,disabled,NABTEB,College of Education,1,0,1,1,0,0,1.6,1,0,0,1
2023/2024,South South,Delta,Uvwie,Effurun I,"Unity College, Uvwie",Female,disabled,NECO,College of Education,1,1,1,1,0,0,1.6,0,0,0,1
2023/2024,South South,Delta,Uvwie,Effurun I,"Unity College, Uvwie",Female,disabled,WAEC,College of Education,1,1,1,1,0,0,1.6,0,0,0,1
2023/2024,South South,Delta,Uvwie,Effurun I,"Unity College, Uvwie",Male,all,NABTEB,College of Education,8,6,7,6,5,0,1.6,2,0,1,1
2023/2024,South South,Delta,Uvwie,Effurun I,"Unity College, Uvwie",Male,all,NECO,College of Education,14,11,13,11,10,0,1.6,3,0,2,1
2023/2024,South South,Delta,Uvwie,Effurun I,"Unity College, Uvwie",Male,all,WAEC,College of Education,18,15,18,18,16,0,1.6,3,0,0,2
2023/2024,South South,Delta,Uvwie,Effurun I,"Unity College, Uvwie",Male,disabled,NABTEB,College of Education,1,0,0,1,0,0,1.6,1,0,0,1
2023/2024,South South,Delta,Uvwie,Effurun I,"Unity College, Uvwie",Male,disabled,NECO,College of Education,1,1,1,1,0,0,1.6,0,0,0,1
2023/2024,South South,Delta,Uvwie,Effurun I,"Unity College, Uvwie",Male,disabled,WAEC,College of Education,1,1,1,1,0,0,1.6,0,0,0,1
2023/2024,South South,Delta,Uvwie,Effurun II,"Community Secondary School, Effurun II",Female,all,NABTEB,Polytechnic,10,8,10,13,11,0,1.5,2,0,0,2
2023/2024,South South,Delta,Uvwie,Effurun II,"Community Secondary School, Effurun II",Female,all,NECO,Polytechnic,17,14,16,22,20,0,1.4,3,0,0,2
2023/2024,South South,Delta,Uvwie,Effurun II,"Community Secondary School, Effurun II",Female,all,WAEC,Polytechnic,26,21,25,32,29,0,1.4,5,0,0,3
2023/2024,South South,Delta,Uvwie,Effurun II,"Community Secondary School, Effurun II",Female,disabled,NABTEB,Polytechnic,1,1,1,1,0,0,1.5,0,0,0,1
2023/2024,South South,Delta,Uvwie,Effurun II,"Community Secondary School, Effurun II",Female,disabled,NECO,Polytechnic,2,1,2,1,0,0,1.4,1,0,1,1
2023/2024,South South,Delta,Uvwie,Effurun II,"Community Secondary School, Effurun II",Female,disabled,WAEC,Polytechnic,3,2,3,3,2,0,1.4,1,0,0,1
2023/2024,South South,Delta,Uvwie,Effurun II,"Community Secondary School, Effurun II",Male,all,NABTEB,Polytechnic,10,8,10,11,10,0,1.5,2,0,0,1
2023/2024,South South,Delta,Uvwie,Effurun II,"Community Secondary School, Effurun II",Male,all,NECO,Polytechnic,15,12,14,20,19,0,1.4,3,0,0,1
2023/2024,South South,Delta,Uvwie,Effurun II,"Community Secondary School, Effurun II",Male,all,WAEC,Polytechnic,24,19,23,35,32,0,1.4,5,0,0,3
2023/2024,South South,Delta,Uvwie,Effurun II,"Community Secondary School, Effurun II",Male,disabled,NABTEB,Polytechnic,1,1,1,1,0,0,1.5,0,0,0,1
2023/2024,South South,Delta,Uvwie,Effurun II,"Community Secondary School, Effurun II",Male,disabled,NECO,Polytechnic,1,1,1,1,0,0,1.4,0,0,0,1
2023/2024,South South,Delta,Uvwie,Effurun II,"Community Secondary School, Effurun II",Male,disabled,WAEC,Polytechnic,2,2,2,3,2,0,1.4,0,0,0,1
2023/2024,South South,Delta,Uvwie,Effurun II,"Comprehensive High School, Effurun II",Female,all,NABTEB,College of Education,11,9,10,8,7,0,1.6,2,0,2,1
2023/2024,South South,Delta,Uvwie,Effurun II,"Comprehensive High School, Effurun II",Female,all,NECO,College of Education,19,15,18,14,13,0,1.6,4,0,4,1
2023/2024,South South,Delta,Uvwie,Effurun II,"Comprehensive High School, Effurun II",Female,all,WAEC,College of Education,26,20,24,21,19,0,1.6,6,0,3,2
2023/2024,South South,Delta,Uvwie,Effurun II,"Comprehensive High School, Effurun II",Female,disabled,NABTEB,College of Education,1,0,1,1,0,0,1.6,1,0,0,1
2023/2024,South South,Delta,Uvwie,Effurun II,"Comprehensive High School, Effurun II",Female,disabled,NECO,College of Education,1,1,1,1,0,0,1.6,0,0,0,1
2023/2024,South South,Delta,Uvwie,Effurun II,"Comprehensive High School, Effurun II",Female,disabled,WAEC,College of Education,2,1,2,1,0,0,1.6,1,0,1,1
2023/2024,South South,Delta,Uvwie,Effurun II,"Comprehensive High School, Effurun II",Male,all,NABTEB,College of Education,9,7,8,7,6,0,1.6,2,0,1,1
2023/2024,South South,Delta,Uvwie,Effurun II,"Comprehensive High School, Effurun II",Male,all,NECO,College of Education,15,12,15,14,13,0,1.6,3,0,1,1
2023/2024,South South,Delta,Uvwie,Effurun II,"Comprehensive High School, Effurun II",Male,all,WAEC,College of Education,22,18,20,19,17,0,1.6,4,0,1,2
2023/2024,South South,Delta,Uvwie,Effurun II,"Comprehensive High School, Effurun II",Male,disabled,NABTEB,College of Education,1,0,0,1,0,0,1.6,1,0,0,1
2023/2024,South South,Delta,Uvwie,Effurun II,"Comprehensive High School, Effurun II",Male,disabled,NECO,College of Education,1,1,1,1,0,0,1.6,0,0,0,1
2023/2024,South South,Delta,Uvwie,Effurun II,"Comprehensive High School, Effurun II",Male,disabled,WAEC,College of Education,1,1,1,1,0,0,1.6,0,0,0,1
2023/2024,South South,Delta,Uvwie,Effurun II,"Government Secondary School, Effurun II",Female,all,NABTEB,Polytechnic,10,8,9,9,8,0,1.5,2,0,0,1
2023/2024,South South,Delta,Uvwie,Effurun II,"Government Secondary School, Effurun II",Female,all,NECO,Polytechnic,19,15,18,20,19,0,1.4,4,0,0,1
2023/2024,South South,Delta,Uvwie,Effurun II,"Government Secondary School, Effurun II",Female,all,WAEC,Polytechnic,26,21,24,30,27,0,1.4,5,0,0,3
2023/2024,South South,Delta,Uvwie,Effurun II,"Government Secondary School, Effurun II",Female,disabled,NABTEB,Polytechnic,1,0,1,1,0,0,1.5,1,0,0,1
2023/2024,South South,Delta,Uvwie,Effurun II,"Government Secondary School, Effurun II",Female,disabled,NECO,Polytechnic,1,1,1,1,0,0,1.4,0,0,0,1
2023/2024,South South,Delta,Uvwie,Effurun II,"Government Secondary School, Effurun II",Female,disabled,WAEC,Polytechnic,2,1,1,1,0,0,1.4,1,0,0,1
2023/2024,South South,Delta,Uvwie,Effurun II,"Government Secondary School, Effurun II",Male,all,NABTEB,Polytechnic,9,8,8,7,6,0,1.5,1,0,1,1
2023/2024,South South,Delta,Uvwie,Effurun II,"Government Secondary School, Effurun II",Male,all,NECO,Polytechnic,17,13,16,18,17,0,1.4,4,0,0,1
2023/2024,South South,Delta,Uvwie,Effurun II,"Government Secondary School, Effurun II",Male,all,WAEC,Polytechnic,25,20,21,32,29,0,1.4,5,0,0,3
2023/2024,South South,Delta,Uvwie,Effurun II,"Government Secondary School, Effurun II",Male,disabled,NABTEB,Polytechnic,1,0,0,0,0,0,1.5,1,0,0,0
2023/2024,South South,Delta,Uvwie,Effurun II,"Government Secondary School, Effurun II",Male,disabled,NECO,Polytechnic,1,1,1,1,0,0,1.4,0,0,0,1
2023/2024,South South,Delta,Uvwie,Effurun II,"Government Secondary School, Effurun II",Male,disabled,WAEC,Polytechnic,2,1,1,1,0,0,1.4,1,0,0,1
2023/2024,South South,Delta,Uvwie,Effurun II,"Unity College, Uvwie",Female,all,NABTEB,College of Education,5,4,5,5,4,0,1.6,1,0,0,1
2023/2024,South South,Delta,Uvwie,Effurun II,"Unity College, Uvwie",Female,all,NECO,College of Education,9,7,9,7,6,0,1.6,2,0,2,1
2023/2024,South South,Delta,Uvwie,Effurun II,"Unity College, Uvwie",Female,all,WAEC,College of Education,12,10,13,11,10,0,1.6,2,0,2,1
2023/2024,South South,Delta,Uvwie,Effurun II,"Unity College, Uvwie",Female,disabled,NABTEB,College of Education,1,0,1,1,0,0,1.6,1,0,0,1
2023/2024,South South,Delta,Uvwie,Effurun II,"Unity College, Uvwie",Female,disabled,NECO,College of Education,1,1,1,1,0,0,1.6,0,0,0,1
2023/2024,South South,Delta,Uvwie,Effurun II,"Unity College, Uvwie",Female,disabled,WAEC,College of Education,1,1,1,1,0,0,1.6,0,0,0,1
2023/2024,South South,Delta,Uvwie,Effurun II,"Unity College, Uvwie",Male,all,NABTEB,College of Education,6,5,6,6,5,0,1.6,1,0,0,1
2023/2024,South South,Delta,Uvwie,Effurun II,"Unity College, Uvwie",Male,all,NECO,College of Education,9,7,9,7,6,0,1.6,2,0,2,1
2023/2024,South South,Delta,Uvwie,Effurun II,"Unity College, Uvwie",Male,all,WAEC,College of Education,12,10,12,12,11,0,1.6,2,0,0,1
2023/2024,South South,Delta,Uvwie,Effurun II,"Unity College, Uvwie",Male,disabled,NABTEB,College of Education,1,0,0,1,0,0,1.6,1,0,0,1
2023/2024,South South,Delta,Uvwie,Effurun II,"Unity College, Uvwie",Male,disabled,NECO,College of Education,1,0,1,1,0,0,1.6,1,0,0,1
2023/2024,South South,Delta,Uvwie,Effurun II,"Unity College, Uvwie",Male,disabled,WAEC,College of Education,1,1,1,1,0,0,1.6,0,0,0,1
2023/2024,South South,Delta,Warri North,Ebrohimi,"Community Secondary School, Ebrohimi",Female,all,NABTEB,Polytechnic,8,6,7,9,8,0,1.5,2,0,0,1
2023/2024,South South,Delta,Warri North,Ebrohimi,"Community Secondary School, Ebrohimi",Female,all,NECO,Polytechnic,14,11,13,16,15,0,1.4,3,0,0,1
2023/2024,South South,Delta,Warri North,Ebrohimi,"Community Secondary School, Ebrohimi",Female,all,WAEC,Polytechnic,17,14,17,24,22,0,1.4,3,0,0,2
2023/2024,South South,Delta,Warri North,Ebrohimi,"Community Secondary School, Ebrohimi",Female,disabled,NABTEB,Polytechnic,1,0,1,1,0,0,1.5,1,0,0,1
2023/2024,South South,Delta,Warri North,Ebrohimi,"Community Secondary School, Ebrohimi",Female,disabled,NECO,Polytechnic,1,1,1,1,0,0,1.4,0,0,0,1
2023/2024,South South,Delta,Warri North,Ebrohimi,"Community Secondary School, Ebrohimi",Female,disabled,WAEC,Polytechnic,1,1,1,1,0,0,1.4,0,0,0,1
2023/2024,South South,Delta,Warri North,Ebrohimi,"Community Secondary School, Ebrohimi",Male,all,NABTEB,Polytechnic,7,6,6,9,8,0,1.5,1,0,0,1
2023/2024,South South,Delta,Warri North,Ebrohimi,"Community Secondary School, Ebrohimi",Male,all,NECO,Polytechnic,14,11,13,17,15,0,1.4,3,0,0,2
2023/2024,South South,Delta,Warri North,Ebrohimi,"Community Secondary School, Ebrohimi",Male,all,WAEC,Polytechnic,16,13,15,21,19,0,1.4,3,0,0,2
2023/2024,South South,Delta,Warri North,Ebrohimi,"Community Secondary School, Ebrohimi",Male,disabled,NABTEB,Polytechnic,1,0,0,1,0,0,1.5,1,0,0,1
2023/2024,South South,Delta,Warri North,Ebrohimi,"Community Secondary School, Ebrohimi",Male,disabled,NECO,Polytechnic,1,1,1,1,0,0,1.4,0,0,0,1
2023/2024,South South,Delta,Warri North,Ebrohimi,"Community Secondary School, Ebrohimi",Male,disabled,WAEC,Polytechnic,1,1,1,1,0,0,1.4,0,0,0,1
2023/2024,South South,Delta,Warri North,Ebrohimi,"Comprehensive High School, Ebrohimi",Female,all,NABTEB,Polytechnic,11,9,10,9,8,0,1.5,2,0,1,1
2023/2024,South South,Delta,Warri North,Ebrohimi,"Comprehensive High School, Ebrohimi",Female,all,NECO,Polytechnic,19,15,16,17,15,0,1.4,4,0,0,2
2023/2024,South South,Delta,Warri North,Ebrohimi,"Comprehensive High School, Ebrohimi",Female,all,WAEC,Polytechnic,25,20,22,27,26,0,1.4,5,0,0,1
2023/2024,South South,Delta,Warri North,Ebrohimi,"Comprehensive High School, Ebrohimi",Female,disabled,NABTEB,Polytechnic,1,1,1,1,0,0,1.5,0,0,0,1
2023/2024,South South,Delta,Warri North,Ebrohimi,"Comprehensive High School, Ebrohimi",Female,disabled,NECO,Polytechnic,2,1,1,1,0,0,1.4,1,0,0,1
2023/2024,South South,Delta,Warri North,Ebrohimi,"Comprehensive High School, Ebrohimi",Female,disabled,WAEC,Polytechnic,3,2,2,2,1,0,1.4,1,0,0,1
2023/2024,South South,Delta,Warri North,Ebrohimi,"Comprehensive High School, Ebrohimi",Male,all,NABTEB,Polytechnic,10,8,8,7,6,0,1.5,2,0,1,1
2023/2024,South South,Delta,Warri North,Ebrohimi,"Comprehensive High School, Ebrohimi",Male,all,NECO,Polytechnic,19,16,18,18,17,0,1.4,3,0,0,1
2023/2024,South South,Delta,Warri North,Ebrohimi,"Comprehensive High School, Ebrohimi",Male,all,WAEC,Polytechnic,27,22,23,24,22,0,1.4,5,0,0,2
2023/2024,South South,Delta,Warri North,Ebrohimi,"Comprehensive High School, Ebrohimi",Male,disabled,NABTEB,Polytechnic,1,1,1,2,1,0,1.5,0,0,0,1
2023/2024,South South,Delta,Warri North,Ebrohimi,"Comprehensive High School, Ebrohimi",Male,disabled,NECO,Polytechnic,2,1,2,1,0,0,1.4,1,0,1,1
2023/2024,South South,Delta,Warri North,Ebrohimi,"Comprehensive High School, Ebrohimi",Male,disabled,WAEC,Polytechnic,3,2,2,3,2,0,1.4,1,0,0,1
2023/2024,South South,Delta,Warri North,Ebrohimi,"Government Secondary School, Ebrohimi",Female,all,NABTEB,College of Education,6,4,5,3,2,0,1.6,2,0,2,1
2023/2024,South South,Delta,Warri North,Ebrohimi,"Government Secondary School, Ebrohimi",Female,all,NECO,College of Education,10,8,10,6,5,0,1.6,2,0,4,1
2023/2024,South South,Delta,Warri North,Ebrohimi,"Government Secondary School, Ebrohimi",Female,all,WAEC,College of Education,13,10,12,9,8,0,1.6,3,0,3,1
2023/2024,South South,Delta,Warri North,Ebrohimi,"Government Secondary School, Ebrohimi",Female,disabled,NABTEB,College of Education,1,0,1,1,0,0,1.6,1,0,0,1
2023/2024,South South,Delta,Warri North,Ebrohimi,"Government Secondary School, Ebrohimi",Female,disabled,NECO,College of Education,1,1,1,1,0,0,1.6,0,0,0,1
2023/2024,South South,Delta,Warri North,Ebrohimi,"Government Secondary School, Ebrohimi",Female,disabled,WAEC,College of Education,1,1,1,1,0,0,1.6,0,0,0,1
2023/2024,South South,Delta,Warri North,Ebrohimi,"Government Secondary School, Ebrohimi",Male,all,NABTEB,College of Education,5,4,4,3,2,0,1.6,1,0,1,1
2023/2024,South South,Delta,Warri North,Ebrohimi,"Government Secondary School, Ebrohimi",Male,all,NECO,College of Education,11,9,9,6,5,0,1.6,2,0,3,1
2023/2024,South South,Delta,Warri North,Ebrohimi,"Government Secondary School, Ebrohimi",Male,all,WAEC,College of Education,14,11,12,8,7,0,1.6,3,0,4,1
2023/2024,South South,Delta,Warri North,Ebrohimi,"Government Secondary School, Ebrohimi",Male,disabled,NABTEB,College of Education,1,0,0,1,0,0,1.6,1,0,0,1
2023/2024,South South,Delta,Warri North,Ebrohimi,"Government Secondary School, Ebrohimi",Male,disabled,NECO,College of Education,1,1,1,1,0,0,1.6,0,0,0,1
2023/2024,South South,Delta,Warri North,Ebrohimi,"Government Secondary School, Ebrohimi",Male,disabled,WAEC,College of Education,1,1,1,1,0,0,1.6,0,0,0,1
2023/2024,South South,Delta,Warri North,Ebrohimi,"Unity College, Warri North",Female,all,NABTEB,Polytechnic,8,7,8,9,8,0,1.5,1,0,0,1
2023/2024,South South,Delta,Warri North,Ebrohimi,"Unity College, Warri North",Female,all,NECO,Polytechnic,16,13,14,17,16,0,1.4,3,0,0,1
2023/2024,South South,Delta,Warri North,Ebrohimi,"Unity College, Warri North",Female,all,WAEC,Polytechnic,22,18,20,25,22,0,1.4,4,0,0,3
2023/2024,South South,Delta,Warri North,Ebrohimi,"Unity College, Warri North",Female,disabled,NABTEB,Polytechnic,1,0,1,1,0,0,1.5,1,0,0,1
2023/2024,South South,Delta,Warri North,Ebrohimi,"Unity College, Warri North",Female,disabled,NECO,Polytechnic,1,1,1,1,0,0,1.4,0,0,0,1
2023/2024,South South,Delta,Warri North,Ebrohimi,"Unity College, Warri North",Female,disabled,WAEC,Polytechnic,2,1,2,1,0,0,1.4,1,0,1,1
2023/2024,South South,Delta,Warri North,Ebrohimi,"Unity College, Warri North",Male,all,NABTEB,Polytechnic,8,6,7,7,6,0,1.5,2,0,0,1
2023/2024,South South,Delta,Warri North,Ebrohimi,"Unity College, Warri North",Male,all,NECO,Polytechnic,15,12,13,15,14,0,1.4,3,0,0,1
2023/2024,South South,Delta,Warri North,Ebrohimi,"Unity College, Warri North",Male,all,WAEC,Polytechnic,22,18,20,24,22,0,1.4,4,0,0,2
2023/2024,South South,Delta,Warri North,Ebrohimi,"Unity College, Warri North",Male,disabled,NABTEB,Polytechnic,1,0,0,0,0,0,1.5,1,0,0,0
2023/2024,South South,Delta,Warri North,Ebrohimi,"Unity College, Warri North",Male,disabled,NECO,Polytechnic,1,1,1,1,0,0,1.4,0,0,0,1
2023/2024,South South,Delta,Warri North,Ebrohimi,"Unity College, Warri North",Male,disabled,WAEC,Polytechnic,2,1,1,1,0,0,1.4,1,0,0,1
2023/2024,South South,Delta,Warri North,Eghoro,"Community Secondary School, Eghoro",Female,all,NABTEB,University,5,4,4,90,89,0,1.4,1,0,0,1
2023/2024,South South,Delta,Warri North,Eghoro,"Community Secondary School, Eghoro",Female,all,NECO,University,9,7,9,144,138,0,1.3,2,0,0,6
2023/2024,South South,Delta,Warri North,Eghoro,"Community Secondary School, Eghoro",Female,all,WAEC,University,11,9,10,160,146,1,1.3,2,0,0,14
2023/2024,South South,Delta,Warri North,Eghoro,"Community Secondary School, Eghoro",Female,disabled,NABTEB,University,1,0,1,16,14,0,1.4,1,0,0,2
2023/2024,South South,Delta,Warri North,Eghoro,"Community Secondary School, Eghoro",Female,disabled,NECO,University,1,1,1,16,14,0,1.3,0,0,0,2
2023/2024,South South,Delta,Warri North,Eghoro,"Community Secondary School, Eghoro",Female,disabled,WAEC,University,1,1,1,16,14,0,1.3,0,0,0,2
2023/2024,South South,Delta,Warri North,Eghoro,"Community Secondary School, Eghoro",Male,all,NABTEB,University,5,4,4,66,65,0,1.4,1,0,0,1
2023/2024,South South,Delta,Warri North,Eghoro,"Community Secondary School, Eghoro",Male,all,NECO,University,7,5,6,103,95,1,1.3,2,0,0,8
2023/2024,South South,Delta,Warri North,Eghoro,"Community Secondary School, Eghoro",Male,all,WAEC,University,8,7,8,160,146,1,1.3,1,0,0,14
2023/2024,South South,Delta,Warri North,Eghoro,"Community Secondary School, Eghoro",Male,disabled,NABTEB,University,1,0,0,16,14,0,1.4,1,0,0,2
2023/2024,South South,Delta,Warri North,Eghoro,"Community Secondary School, Eghoro",Male,disabled,NECO,University,1,0,1,16,14,0,1.3,1,0,0,2
2023/2024,South South,Delta,Warri North,Eghoro,"Community Secondary School, Eghoro",Male,disabled,WAEC,University,1,0,1,16,14,0,1.3,1,0,0,2
2023/2024,South South,Delta,Warri North,Eghoro,"Comprehensive High School, Eghoro",Female,all,NABTEB,University,5,4,4,66,65,0,1.4,1,0,0,1
2023/2024,South South,Delta,Warri North,Eghoro,"Comprehensive High School, Eghoro",Female,all,NECO,University,9,8,8,144,138,0,1.3,1,0,0,6
2023/2024,South South,Delta,Warri North,Eghoro,"Comprehensive High School, Eghoro",Female,all,WAEC,University,10,8,9,160,146,1,1.3,2,0,0,14
2023/2024,South South,Delta,Warri North,Eghoro,"Comprehensive High School, Eghoro",Female,disabled,NABTEB,University,1,0,1,13,11,0,1.4,1,0,0,2
2023/2024,South South,Delta,Warri North,Eghoro,"Comprehensive High School, Eghoro",Female,disabled,NECO,University,1,1,1,13,11,0,1.3,0,0,0,2
2023/2024,South South,Delta,Warri North,Eghoro,"Comprehensive High School, Eghoro",Female,disabled,WAEC,University,1,1,1,16,14,0,1.3,0,0,0,2
2023/2024,South South,Delta,Warri North,Eghoro,"Comprehensive High School, Eghoro",Male,all,NABTEB,University,5,4,5,66,65,0,1.4,1,0,0,1
2023/2024,South South,Delta,Warri North,Eghoro,"Comprehensive High School, Eghoro",Male,all,NECO,University,11,9,10,164,163,0,1.3,2,0,0,1
2023/2024,South South,Delta,Warri North,Eghoro,"Comprehensive High School, Eghoro",Male,all,WAEC,University,12,10,11,177,168,1,1.3,2,0,0,9
2023/2024,South South,Delta,Warri North,Eghoro,"Comprehensive High School, Eghoro",Male,disabled,NABTEB,University,1,0,0,16,14,0,1.4,1,0,0,2
2023/2024,South South,Delta,Warri North,Eghoro,"Comprehensive High School, Eghoro",Male,disabled,NECO,University,1,1,1,16,14,0,1.3,0,0,0,2
2023/2024,South South,Delta,Warri North,Eghoro,"Comprehensive High School, Eghoro",Male,disabled,WAEC,University,1,1,1,16,14,0,1.3,0,0,0,2
2023/2024,South South,Delta,Warri North,Eghoro,"Government Secondary School, Eghoro",Female,all,NABTEB,Polytechnic,10,8,9,9,8,0,1.5,2,0,0,1
2023/2024,South South,Delta,Warri North,Eghoro,"Government Secondary School, Eghoro",Female,all,NECO,Polytechnic,23,19,21,23,22,0,1.4,4,0,0,1
2023/2024,South South,Delta,Warri North,Eghoro,"Government Secondary School, Eghoro",Female,all,WAEC,Polytechnic,28,23,26,30,27,0,1.4,5,0,0,3
2023/2024,South South,Delta,Warri North,Eghoro,"Government Secondary School, Eghoro",Female,disabled,NABTEB,Polytechnic,1,1,1,1,0,0,1.5,0,0,0,1
2023/2024,South South,Delta,Warri North,Eghoro,"Government Secondary School, Eghoro",Female,disabled,NECO,Polytechnic,2,1,1,1,0,0,1.4,1,0,0,1
2023/2024,South South,Delta,Warri North,Eghoro,"Government Secondary School, Eghoro",Female,disabled,WAEC,Polytechnic,2,2,2,2,1,0,1.4,0,0,0,1
2023/2024,South South,Delta,Warri North,Eghoro,"Government Secondary School, Eghoro",Male,all,NABTEB,Polytechnic,10,8,9,9,8,0,1.5,2,0,0,1
2023/2024,South South,Delta,Warri North,Eghoro,"Government Secondary School, Eghoro",Male,all,NECO,Polytechnic,22,18,20,20,19,0,1.4,4,0,0,1
2023/2024,South South,Delta,Warri North,Eghoro,"Government Secondary School, Eghoro",Male,all,WAEC,Polytechnic,31,25,27,32,29,0,1.4,6,0,0,3
2023/2024,South South,Delta,Warri North,Eghoro,"Government Secondary School, Eghoro",Male,disabled,NABTEB,Polytechnic,1,1,1,1,0,0,1.5,0,0,0,1
2023/2024,South South,Delta,Warri North,Eghoro,"Government Secondary School, Eghoro",Male,disabled,NECO,Polytechnic,2,1,2,1,0,0,1.4,1,0,1,1
2023/2024,South South,Delta,Warri North,Eghoro,"Government Secondary School, Eghoro",Male,disabled,WAEC,Polytechnic,3,2,2,2,1,0,1.4,1,0,0,1
2023/2024,South South,Delta,Warri North,Eghoro,"Unity College, Warri North",Female,all,NABTEB,Polytechnic,4,4,4,5,4,0,1.5,0,0,0,1
2023/2024,South South,Delta,Warri North,Eghoro,"Unity College, Warri North",Female,all,NECO,Polytechnic,8,7,8,10,9,0,1.4,1,0,0,1
2023/2024,South South,Delta,Warri North,Eghoro,"Unity College, Warri North",Female,all,WAEC,Polytechnic,11,9,10,14,13,0,1.4,2,0,0,1
2023/2024,South South,Delta,Warri North,Eghoro,"Unity College, Warri North",Female,disabled,NABTEB,Polytechnic,1,0,1,1,0,0,1.5,1,0,0,1
2023/2024,South South,Delta,Warri North,Eghoro,"Unity College, Warri North",Female,disabled,NECO,Polytechnic,1,1,1,1,0,0,1.4,0,0,0,1
2023/2024,South South,Delta,Warri North,Eghoro,"Unity College, Warri North",Female,disabled,WAEC,Polytechnic,1,1,1,1,0,0,1.4,0,0,0,1
2023/2024,South South,Delta,Warri North,Eghoro,"Unity College, Warri North",Male,all,NABTEB,Polytechnic,4,3,4,5,4,0,1.5,1,0,0,1
2023/2024,South South,Delta,Warri North,Eghoro,"Unity College, Warri North",Male,all,NECO,Polytechnic,9,7,8,10,9,0,1.4,2,0,0,1
2023/2024,South South,Delta,Warri North,Eghoro,"Unity College, Warri North",Male,all,WAEC,Polytechnic,10,8,9,14,13,0,1.4,2,0,0,1
2023/2024,South South,Delta,Warri North,Eghoro,"Unity College, Warri North",Male,disabled,NABTEB,Polytechnic,1,0,0,1,0,0,1.5,1,0,0,1
2023/2024,South South,Delta,Warri North,Eghoro,"Unity College, Warri North",Male,disabled,NECO,Polytechnic,1,0,1,1,0,0,1.4,1,0,0,1
2023/2024,South South,Delta,Warri North,Eghoro,"Unity College, Warri North",Male,disabled,WAEC,Polytechnic,1,0,1,1,0,0,1.4,1,0,0,1
2023/2024,South South,Delta,Warri North,Gbokoda,"Community Secondary School, Gbokoda",Female,all,NABTEB,College of Education,5,4,5,3,2,0,1.6,1,0,2,1
2023/2024,South South,Delta,Warri North,Gbokoda,"Community Secondary School, Gbokoda",Female,all,NECO,College of Education,9,7,8,6,5,0,1.6,2,0,2,1
2023/2024,South South,Delta,Warri North,Gbokoda,"Community Secondary School, Gbokoda",Female,all,WAEC,College of Education,13,11,12,11,10,0,1.6,2,0,1,1
2023/2024,South South,Delta,Warri North,Gbokoda,"Community Secondary School, Gbokoda",Female,disabled,NABTEB,College of Education,1,0,1,1,0,0,1.6,1,0,0,1
2023/2024,South South,Delta,Warri North,Gbokoda,"Community Secondary School, Gbokoda",Female,disabled,NECO,College of Education,1,1,1,1,0,0,1.6,0,0,0,1
2023/2024,South South,Delta,Warri North,Gbokoda,"Community Secondary School, Gbokoda",Female,disabled,WAEC,College of Education,1,1,1,1,0,0,1.6,0,0,0,1
2023/2024,South South,Delta,Warri North,Gbokoda,"Community Secondary School, Gbokoda",Male,all,NABTEB,College of Education,4,3,4,3,2,0,1.6,1,0,1,1
2023/2024,South South,Delta,Warri North,Gbokoda,"Community Secondary School, Gbokoda",Male,all,NECO,College of Education,8,7,7,6,5,0,1.6,1,0,1,1
2023/2024,South South,Delta,Warri North,Gbokoda,"Community Secondary School, Gbokoda",Male,all,WAEC,College of Education,10,8,9,8,7,0,1.6,2,0,1,1
2023/2024,South South,Delta,Warri North,Gbokoda,"Community Secondary School, Gbokoda",Male,disabled,NABTEB,College of Education,1,0,0,1,0,0,1.6,1,0,0,1
2023/2024,South South,Delta,Warri North,Gbokoda,"Community Secondary School, Gbokoda",Male,disabled,NECO,College of Education,1,1,1,1,0,0,1.6,0,0,0,1
2023/2024,South South,Delta,Warri North,Gbokoda,"Community Secondary School, Gbokoda",Male,disabled,WAEC,College of Education,1,1,1,1,0,0,1.6,0,0,0,1
2023/2024,South South,Delta,Warri North,Gbokoda,"Comprehensive High School, Gbokoda",Female,all,NABTEB,University,10,8,10,131,121,1,1.4,2,0,0,10
2023/2024,South South,Delta,Warri North,Gbokoda,"Comprehensive High School, Gbokoda",Female,all,NECO,University,20,16,18,271,254,1,1.3,4,0,0,17
2023/2024,South South,Delta,Warri North,Gbokoda,"Comprehensive High School, Gbokoda",Female,all,WAEC,University,24,19,23,357,318,3,1.3,5,0,0,39
2023/2024,South South,Delta,Warri North,Gbokoda,"Comprehensive High School, Gbokoda",Female,disabled,NABTEB,University,1,1,1,13,12,0,1.4,0,0,0,1
2023/2024,South South,Delta,Warri North,Gbokoda,"Comprehensive High School, Gbokoda",Female,disabled,NECO,University,2,1,1,16,14,0,1.3,1,0,0,2
2023/2024,South South,Delta,Warri North,Gbokoda,"Comprehensive High School, Gbokoda",Female,disabled,WAEC,University,2,2,2,29,28,0,1.3,0,0,0,1
2023/2024,South South,Delta,Warri North,Gbokoda,"Comprehensive High School, Gbokoda",Male,all,NABTEB,University,10,8,9,131,121,1,1.4,2,0,0,10
2023/2024,South South,Delta,Warri North,Gbokoda,"Comprehensive High School, Gbokoda",Male,all,NECO,University,18,14,16,230,211,2,1.3,4,0,0,19
2023/2024,South South,Delta,Warri North,Gbokoda,"Comprehensive High School, Gbokoda",Male,all,WAEC,University,21,17,21,357,318,3,1.3,4,0,0,39
2023/2024,South South,Delta,Warri North,Gbokoda,"Comprehensive High School, Gbokoda",Male,disabled,NABTEB,University,1,1,1,16,15,0,1.4,0,0,0,1
2023/2024,South South,Delta,Warri North,Gbokoda,"Comprehensive High School, Gbokoda",Male,disabled,NECO,University,2,1,2,16,14,0,1.3,1,0,0,2
2023/2024,South South,Delta,Warri North,Gbokoda,"Comprehensive High School, Gbokoda",Male,disabled,WAEC,University,2,2,2,29,28,0,1.3,0,0,0,1
2023/2024,South South,Delta,Warri North,Gbokoda,"Government Secondary School, Gbokoda",Female,all,NABTEB,University,9,7,9,156,142,1,1.4,2,0,0,14
2023/2024,South South,Delta,Warri North,Gbokoda,"Government Secondary School, Gbokoda",Female,all,NECO,University,16,13,15,271,254,1,1.3,3,0,0,17
2023/2024,South South,Delta,Warri North,Gbokoda,"Government Secondary School, Gbokoda",Female,all,WAEC,University,21,17,21,415,379,3,1.3,4,0,0,36
2023/2024,South South,Delta,Warri North,Gbokoda,"Government Secondary School, Gbokoda",Female,disabled,NABTEB,University,1,0,1,16,15,0,1.4,1,0,0,1
2023/2024,South South,Delta,Warri North,Gbokoda,"Government Secondary School, Gbokoda",Female,disabled,NECO,University,1,1,1,16,14,0,1.3,0,0,0,2
2023/2024,South South,Delta,Warri North,Gbokoda,"Government Secondary School, Gbokoda",Female,disabled,WAEC,University,2,1,2,29,28,0,1.3,1,0,0,1
2023/2024,South South,Delta,Warri North,Gbokoda,"Government Secondary School, Gbokoda",Male,all,NABTEB,University,10,8,10,156,142,1,1.4,2,0,0,14
2023/2024,South South,Delta,Warri North,Gbokoda,"Government Secondary School, Gbokoda",Male,all,NECO,University,18,14,17,292,280,1,1.3,4,0,0,12
2023/2024,South South,Delta,Warri North,Gbokoda,"Government Secondary School, Gbokoda",Male,all,WAEC,University,24,19,23,456,400,4,1.3,5,0,0,56
2023/2024,South South,Delta,Warri North,Gbokoda,"Government Secondary School, Gbokoda",Male,disabled,NABTEB,University,1,0,0,16,15,0,1.4,1,0,0,1
2023/2024,South South,Delta,Warri North,Gbokoda,"Government Secondary School, Gbokoda",Male,disabled,NECO,University,1,1,1,16,14,0,1.3,0,0,0,2
2023/2024,South South,Delta,Warri North,Gbokoda,"Government Secondary School, Gbokoda",Male,disabled,WAEC,University,1,1,1,16,14,0,1.3,0,0,0,2
2023/2024,South South,Delta,Warri North,Gbokoda,"Unity College, Warri North",Female,all,NABTEB,Polytechnic,9,7,8,11,10,0,1.5,2,0,0,1
2023/2024,South South,Delta,Warri North,Gbokoda,"Unity College, Warri North",Female,all,NECO,Polytechnic,19,15,18,23,22,0,1.4,4,0,0,1
2023/2024,South South,Delta,Warri North,Gbokoda,"Unity College, Warri North",Female,all,WAEC,Polytechnic,23,19,22,33,30,0,1.4,4,0,0,3
2023/2024,South South,Delta,Warri North,Gbokoda,"Unity College, Warri North",Female,disabled,NABTEB,Polytechnic,1,0,1,1,0,0,1.5,1,0,0,1
2023/2024,South South,Delta,Warri North,Gbokoda,"Unity College, Warri North",Female,disabled,NECO,Polytechnic,1,1,1,1,0,0,1.4,0,0,0,1
2023/2024,South South,Delta,Warri North,Gbokoda,"Unity College, Warri North",Female,disabled,WAEC,Polytechnic,2,1,2,1,0,0,1.4,1,0,1,1
2023/2024,South South,Delta,Warri North,Gbokoda,"Unity College, Warri North",Male,all,NABTEB,Polytechnic,9,7,8,11,10,0,1.5,2,0,0,1
2023/2024,South South,Delta,Warri North,Gbokoda,"Unity College, Warri North",Male,all,NECO,Polytechnic,19,15,18,23,22,0,1.4,4,0,0,1
2023/2024,South South,Delta,Warri North,Gbokoda,"Unity College, Warri North",Male,all,WAEC,Polytechnic,23,19,22,35,32,0,1.4,4,0,0,3
2023/2024,South South,Delta,Warri North,Gbokoda,"Unity College, Warri North",Male,disabled,NABTEB,Polytechnic,1,0,0,1,0,0,1.5,1,0,0,1
2023/2024,South South,Delta,Warri North,Gbokoda,"Unity College, Warri North",Male,disabled,NECO,Polytechnic,1,1,1,1,0,0,1.4,0,0,0,1
2023/2024,South South,Delta,Warri North,Gbokoda,"Unity College, Warri North",Male,disabled,WAEC,Polytechnic,2,1,1,2,1,0,1.4,1,0,0,1
2023/2024,South South,Delta,Warri South,Bowen,"Community Secondary School, Bowen",Female,all,NABTEB,Polytechnic,8,6,7,11,10,0,1.5,2,0,0,1
2023/2024,South South,Delta,Warri South,Bowen,"Community Secondary School, Bowen",Female,all,NECO,Polytechnic,15,12,13,17,15,0,1.4,3,0,0,2
2023/2024,South South,Delta,Warri South,Bowen,"Community Secondary School, Bowen",Female,all,WAEC,Polytechnic,22,18,22,32,29,0,1.4,4,0,0,3
2023/2024,South South,Delta,Warri South,Bowen,"Community Secondary School, Bowen",Female,disabled,NABTEB,Polytechnic,1,0,1,1,0,0,1.5,1,0,0,1
2023/2024,South South,Delta,Warri South,Bowen,"Community Secondary School, Bowen",Female,disabled,NECO,Polytechnic,1,1,1,1,0,0,1.4,0,0,0,1
2023/2024,South South,Delta,Warri South,Bowen,"Community Secondary School, Bowen",Female,disabled,WAEC,Polytechnic,2,2,2,3,2,0,1.4,0,0,0,1
2023/2024,South South,Delta,Warri South,Bowen,"Community Secondary School, Bowen",Male,all,NABTEB,Polytechnic,8,6,8,11,10,0,1.5,2,0,0,1
2023/2024,South South,Delta,Warri South,Bowen,"Community Secondary School, Bowen",Male,all,NECO,Polytechnic,15,12,15,20,19,0,1.4,3,0,0,1
2023/2024,South South,Delta,Warri South,Bowen,"Community Secondary School, Bowen",Male,all,WAEC,Polytechnic,21,17,21,33,30,0,1.4,4,0,0,3
2023/2024,South South,Delta,Warri South,Bowen,"Community Secondary School, Bowen",Male,disabled,NABTEB,Polytechnic,1,1,1,1,0,0,1.5,0,0,0,1
2023/2024,South South,Delta,Warri South,Bowen,"Community Secondary School, Bowen",Male,disabled,NECO,Polytechnic,1,1,1,1,0,0,1.4,0,0,0,1
2023/2024,South South,Delta,Warri South,Bowen,"Community Secondary School, Bowen",Male,disabled,WAEC,Polytechnic,2,2,2,2,1,0,1.4,0,0,0,1
2023/2024,South South,Delta,Warri South,Bowen,"Comprehensive High School, Bowen",Female,all,NABTEB,University,8,6,8,111,95,1,1.4,2,0,0,16
2023/2024,South South,Delta,Warri South,Bowen,"Comprehensive High School, Bowen",Female,all,NECO,University,15,12,14,230,211,2,1.3,3,0,0,19
2023/2024,South South,Delta,Warri South,Bowen,"Comprehensive High School, Bowen",Female,all,WAEC,University,17,13,16,259,232,2,1.3,4,0,0,27
2023/2024,South South,Delta,Warri South,Bowen,"Comprehensive High School, Bowen",Female,disabled,NABTEB,University,1,0,1,13,11,0,1.4,1,0,0,2
2023/2024,South South,Delta,Warri South,Bowen,"Comprehensive High School, Bowen",Female,disabled,NECO,University,1,1,1,16,14,0,1.3,0,0,0,2
2023/2024,South South,Delta,Warri South,Bowen,"Comprehensive High School, Bowen",Female,disabled,WAEC,University,1,1,1,16,14,0,1.3,0,0,0,2
2023/2024,South South,Delta,Warri South,Bowen,"Comprehensive High School, Bowen",Male,all,NABTEB,University,7,5,6,90,73,1,1.4,2,0,0,17
2023/2024,South South,Delta,Warri South,Bowen,"Comprehensive High School, Bowen",Male,all,NECO,University,12,10,12,189,185,0,1.3,2,0,0,4
2023/2024,South South,Delta,Warri South,Bowen,"Comprehensive High School, Bowen",Male,all,WAEC,University,15,12,15,238,211,2,1.3,3,0,0,27
2023/2024,South South,Delta,Warri South,Bowen,"Comprehensive High School, Bowen",Male,disabled,NABTEB,University,1,0,0,13,11,0,1.4,1,0,0,2
2023/2024,South South,Delta,Warri South,Bowen,"Comprehensive High School, Bowen",Male,disabled,NECO,University,1,1,1,16,14,0,1.3,0,0,0,2
2023/2024,South South,Delta,Warri South,Bowen,"Comprehensive High School, Bowen",Male,disabled,WAEC,University,1,1,1,16,14,0,1.3,0,0,0,2
2023/2024,South South,Delta,Warri South,Bowen,"Government Secondary School, Bowen",Female,all,NABTEB,University,9,7,9,131,121,1,1.4,2,0,0,10
2023/2024,South South,Delta,Warri South,Bowen,"Government Secondary School, Bowen",Female,all,NECO,University,14,12,14,230,211,2,1.3,2,0,0,19
2023/2024,South South,Delta,Warri South,Bowen,"Government Secondary School, Bowen",Female,all,WAEC,University,20,16,19,316,297,2,1.3,4,0,0,19
2023/2024,South South,Delta,Warri South,Bowen,"Government Secondary School, Bowen",Female,disabled,NABTEB,University,1,1,1,13,11,0,1.4,0,0,0,2
2023/2024,South South,Delta,Warri South,Bowen,"Government Secondary School, Bowen",Female,disabled,NECO,University,1,1,1,16,14,0,1.3,0,0,0,2
2023/2024,South South,Delta,Warri South,Bowen,"Government Secondary School, Bowen",Female,disabled,WAEC,University,2,1,2,29,26,0,1.3,1,0,0,3
2023/2024,South South,Delta,Warri South,Bowen,"Government Secondary School, Bowen",Male,all,NABTEB,University,9,7,8,131,121,1,1.4,2,0,0,10
2023/2024,South South,Delta,Warri South,Bowen,"Government Secondary School, Bowen",Male,all,NECO,University,15,12,14,230,211,2,1.3,3,0,0,19
2023/2024,South South,Delta,Warri South,Bowen,"Government Secondary School, Bowen",Male,all,WAEC,University,22,17,21,435,400,3,1.3,5,0,0,35
2023/2024,South South,Delta,Warri South,Bowen,"Government Secondary School, Bowen",Male,disabled,NABTEB,University,1,1,1,13,11,0,1.4,0,0,0,2
2023/2024,South South,Delta,Warri South,Bowen,"Government Secondary School, Bowen",Male,disabled,NECO,University,1,1,1,16,14,0,1.3,0,0,0,2
2023/2024,South South,Delta,Warri South,Bowen,"Government Secondary School, Bowen",Male,disabled,WAEC,University,2,1,2,33,29,0,1.3,1,0,0,4
2023/2024,South South,Delta,Warri South,Bowen,"Unity College, Warri South",Female,all,NABTEB,University,9,7,8,66,47,2,1.4,2,0,0,19
2023/2024,South South,Delta,Warri South,Bowen,"Unity College, Warri South",Female,all,NECO,University,14,12,13,185,184,0,1.3,2,0,0,1
2023/2024,South South,Delta,Warri South,Bowen,"Unity College, Warri South",Female,all,WAEC,University,22,17,19,238,211,2,1.3,5,0,0,27
2023/2024,South South,Delta,Warri South,Bowen,"Unity College, Warri South",Female,disabled,NABTEB,University,1,0,1,0,0,0,1.4,1,0,1,0
2023/2024,South South,Delta,Warri South,Bowen,"Unity College, Warri South",Female,disabled,NECO,University,1,1,1,13,11,0,1.3,0,0,0,2
2023/2024,South South,Delta,Warri South,Bowen,"Unity College, Warri South",Female,disabled,WAEC,University,1,1,1,16,14,0,1.3,0,0,0,2
2023/2024,South South,Delta,Warri South,Bowen,"Unity College, Warri South",Male,all,NABTEB,University,7,6,6,66,47,2,1.4,1,0,0,19
2023/2024,South South,Delta,Warri South,Bowen,"Unity College, Warri South",Male,all,NECO,University,15,12,12,185,184,0,1.3,3,0,0,1
2023/2024,South South,Delta,Warri South,Bowen,"Unity College, Warri South",Male,all,WAEC,University,17,14,16,218,189,2,1.3,3,0,0,29
2023/2024,South South,Delta,Warri South,Bowen,"Unity College, Warri South",Male,disabled,NABTEB,University,1,0,0,0,0,0,1.4,1,0,0,0
2023/2024,South South,Delta,Warri South,Bowen,"Unity College, Warri South",Male,disabled,NECO,University,1,1,1,13,11,0,1.3,0,0,0,2
2023/2024,South South,Delta,Warri South,Bowen,"Unity College, Warri South",Male,disabled,WAEC,University,1,1,1,16,14,0,1.3,0,0,0,2
2023/2024,South South,Delta,Warri South,Edjeba,"Community Secondary School, Edjeba",Female,all,NABTEB,University,7,5,6,90,89,0,1.4,2,0,0,1
2023/2024,South South,Delta,Warri South,Edjeba,"Community Secondary School, Edjeba",Female,all,NECO,University,11,9,10,144,138,0,1.3,2,0,0,6
2023/2024,South South,Delta,Warri South,Edjeba,"Community Secondary School, Edjeba",Female,all,WAEC,University,16,13,14,197,189,1,1.3,3,0,0,8
2023/2024,South South,Delta,Warri South,Edjeba,"Community Secondary School, Edjeba",Female,disabled,NABTEB,University,1,0,1,13,11,0,1.4,1,0,0,2
2023/2024,South South,Delta,Warri South,Edjeba,"Community Secondary School, Edjeba",Female,disabled,NECO,University,1,1,1,16,14,0,1.3,0,0,0,2
2023/2024,South South,Delta,Warri South,Edjeba,"Community Secondary School, Edjeba",Female,disabled,WAEC,University,2,1,1,16,14,0,1.3,1,0,0,2
2023/2024,South South,Delta,Warri South,Edjeba,"Community Secondary School, Edjeba",Male,all,NABTEB,University,6,5,6,90,89,0,1.4,1,0,0,1
2023/2024,South South,Delta,Warri South,Edjeba,"Community Secondary School, Edjeba",Male,all,NECO,University,11,9,10,144,138,0,1.3,2,0,0,6
2023/2024,South South,Delta,Warri South,Edjeba,"Community Secondary School, Edjeba",Male,all,WAEC,University,15,12,13,218,189,2,1.3,3,0,0,29
2023/2024,South South,Delta,Warri South,Edjeba,"Community Secondary School, Edjeba",Male,disabled,NABTEB,University,1,0,0,13,11,0,1.4,1,0,0,2
2023/2024,South South,Delta,Warri South,Edjeba,"Community Secondary School, Edjeba",Male,disabled,NECO,University,1,1,1,16,14,0,1.3,0,0,0,2
2023/2024,South South,Delta,Warri South,Edjeba,"Community Secondary School, Edjeba",Male,disabled,WAEC,University,1,1,1,16,14,0,1.3,0,0,0,2
2023/2024,South South,Delta,Warri South,Edjeba,"Comprehensive High School, Edjeba",Female,all,NABTEB,College of Education,6,5,6,5,4,0,1.6,1,0,1,1
2023/2024,South South,Delta,Warri South,Edjeba,"Comprehensive High School, Edjeba",Female,all,NECO,College of Education,13,10,12,12,11,0,1.6,3,0,0,1
2023/2024,South South,Delta,Warri South,Edjeba,"Comprehensive High School, Edjeba",Female,all,WAEC,College of Education,16,13,16,14,13,0,1.6,3,0,2,1
2023/2024,South South,Delta,Warri South,Edjeba,"Comprehensive High School, Edjeba",Female,disabled,NABTEB,College of Education,1,0,1,1,0,0,1.6,1,0,0,1
2023/2024,South South,Delta,Warri South,Edjeba,"Comprehensive High School, Edjeba",Female,disabled,NECO,College of Education,1,1,1,1,0,0,1.6,0,0,0,1
2023/2024,South South,Delta,Warri South,Edjeba,"Comprehensive High School, Edjeba",Female,disabled,WAEC,College of Education,1,1,1,1,0,0,1.6,0,0,0,1
2023/2024,South South,Delta,Warri South,Edjeba,"Comprehensive High School, Edjeba",Male,all,NABTEB,College of Education,6,5,6,6,5,0,1.6,1,0,0,1
2023/2024,South South,Delta,Warri South,Edjeba,"Comprehensive High School, Edjeba",Male,all,NECO,College of Education,11,9,10,10,9,0,1.6,2,0,0,1
2023/2024,South South,Delta,Warri South,Edjeba,"Comprehensive High School, Edjeba",Male,all,WAEC,College of Education,17,14,16,16,14,0,1.6,3,0,0,2
2023/2024,South South,Delta,Warri South,Edjeba,"Comprehensive High School, Edjeba",Male,disabled,NABTEB,College of Education,1,0,0,1,0,0,1.6,1,0,0,1
2023/2024,South South,Delta,Warri South,Edjeba,"Comprehensive High School, Edjeba",Male,disabled,NECO,College of Education,1,1,1,1,0,0,1.6,0,0,0,1
2023/2024,South South,Delta,Warri South,Edjeba,"Comprehensive High School, Edjeba",Male,disabled,WAEC,College of Education,1,1,1,1,0,0,1.6,0,0,0,1
2023/2024,South South,Delta,Warri South,Edjeba,"Government Secondary School, Edjeba",Female,all,NABTEB,College of Education,5,4,5,5,4,0,1.6,1,0,0,1
2023/2024,South South,Delta,Warri South,Edjeba,"Government Secondary School, Edjeba",Female,all,NECO,College of Education,9,7,8,7,6,0,1.6,2,0,1,1
2023/2024,South South,Delta,Warri South,Edjeba,"Government Secondary School, Edjeba",Female,all,WAEC,College of Education,12,9,11,10,9,0,1.6,3,0,1,1
2023/2024,South South,Delta,Warri South,Edjeba,"Government Secondary School, Edjeba",Female,disabled,NABTEB,College of Education,1,0,1,1,0,0,1.6,1,0,0,1
2023/2024,South South,Delta,Warri South,Edjeba,"Government Secondary School, Edjeba",Female,disabled,NECO,College of Education,1,1,1,1,0,0,1.6,0,0,0,1
2023/2024,South South,Delta,Warri South,Edjeba,"Government Secondary School, Edjeba",Female,disabled,WAEC,College of Education,1,1,1,1,0,0,1.6,0,0,0,1
2023/2024,South South,Delta,Warri South,Edjeba,"Government Secondary School, Edjeba",Male,all,NABTEB,College of Education,5,4,5,3,2,0,1.6,1,0,2,1
2023/2024,South South,Delta,Warri South,Edjeba,"Government Secondary School, Edjeba",Male,all,NECO,College of Education,9,7,8,6,5,0,1.6,2,0,2,1
2023/2024,South South,Delta,Warri South,Edjeba,"Government Secondary School, Edjeba",Male,all,WAEC,College of Education,12,10,11,11,10,0,1.6,2,0,0,1
2023/2024,South South,Delta,Warri South,Edjeba,"Government Secondary School, Edjeba",Male,disabled,NABTEB,College of Education,1,0,0,1,0,0,1.6,1,0,0,1
2023/2024,South South,Delta,Warri South,Edjeba,"Government Secondary School, Edjeba",Male,disabled,NECO,College of Education,1,1,1,1,0,0,1.6,0,0,0,1
2023/2024,South South,Delta,Warri South,Edjeba,"Government Secondary School, Edjeba",Male,disabled,WAEC,College of Education,1,1,1,1,0,0,1.6,0,0,0,1
2023/2024,South South,Delta,Warri South,Edjeba,"Unity College, Warri South",Female,all,NABTEB,University,10,8,9,156,142,1,1.4,2,0,0,14
2023/2024,South South,Delta,Warri South,Edjeba,"Unity College, Warri South",Female,all,NECO,University,18,14,17,271,254,1,1.3,4,0,0,17
2023/2024,South South,Delta,Warri South,Edjeba,"Unity College, Warri South",Female,all,WAEC,University,26,21,25,456,422,3,1.3,5,0,0,34
2023/2024,South South,Delta,Warri South,Edjeba,"Unity College, Warri South",Female,disabled,NABTEB,University,1,0,1,13,11,0,1.4,1,0,0,2
2023/2024,South South,Delta,Warri South,Edjeba,"Unity College, Warri South",Female,disabled,NECO,University,1,1,1,16,14,0,1.3,0,0,0,2
2023/2024,South South,Delta,Warri South,Edjeba,"Unity College, Warri South",Female,disabled,WAEC,University,2,1,1,16,14,0,1.3,1,0,0,2
2023/2024,South South,Delta,Warri South,Edjeba,"Unity College, Warri South",Male,all,NABTEB,University,10,8,9,131,121,1,1.4,2,0,0,10
2023/2024,South South,Delta,Warri South,Edjeba,"Unity College, Warri South",Male,all,NECO,University,17,14,16,292,280,1,1.3,3,0,0,12
2023/2024,South South,Delta,Warri South,Edjeba,"Unity College, Warri South",Male,all,WAEC,University,26,21,25,435,400,3,1.3,5,0,0,35
2023/2024,South South,Delta,Warri South,Edjeba,"Unity College, Warri South",Male,disabled,NABTEB,University,1,1,1,13,11,0,1.4,0,0,0,2
2023/2024,South South,Delta,Warri South,Edjeba,"Unity College, Warri South",Male,disabled,NECO,University,1,1,1,16,14,0,1.3,0,0,0,2
2023/2024,South South,Delta,Warri South,Edjeba,"Unity College, Warri South",Male,disabled,WAEC,University,2,1,1,16,14,0,1.3,1,0,0,2
2023/2024,South South,Delta,Warri South,G.R.A.,"Community Secondary School, G.R.A.",Female,all,NABTEB,University,11,9,9,111,95,1,1.4,2,0,0,16
2023/2024,South South,Delta,Warri South,G.R.A.,"Community Secondary School, G.R.A.",Female,all,NECO,University,20,16,17,230,211,2,1.3,4,0,0,19
2023/2024,South South,Delta,Warri South,G.R.A.,"Community Secondary School, G.R.A.",Female,all,WAEC,University,26,21,23,316,297,2,1.3,5,0,0,19
2023/2024,South South,Delta,Warri South,G.R.A.,"Community Secondary School, G.R.A.",Female,disabled,NABTEB,University,1,1,1,16,14,0,1.4,0,0,0,2
2023/2024,South South,Delta,Warri South,G.R.A.,"Community Secondary School, G.R.A.",Female,disabled,NECO,University,2,2,2,16,14,0,1.3,0,0,0,2
2023/2024,South South,Delta,Warri South,G.R.A.,"Community Secondary School, G.R.A.",Female,disabled,WAEC,University,3,2,2,33,29,0,1.3,1,0,0,4
2023/2024,South South,Delta,Warri South,G.R.A.,"Community Secondary School, G.R.A.",Male,all,NABTEB,University,11,9,10,111,95,1,1.4,2,0,0,16
2023/2024,South South,Delta,Warri South,G.R.A.,"Community Secondary School, G.R.A.",Male,all,NECO,University,22,18,20,271,254,1,1.3,4,0,0,17
2023/2024,South South,Delta,Warri South,G.R.A.,"Community Secondary School, G.R.A.",Male,all,WAEC,University,32,26,28,378,336,3,1.3,6,0,0,42
2023/2024,South South,Delta,Warri South,G.R.A.,"Community Secondary School, G.R.A.",Male,disabled,NABTEB,University,1,1,1,0,0,0,1.4,0,0,1,0
2023/2024,South South,Delta,Warri South,G.R.A.,"Community Secondary School, G.R.A.",Male,disabled,NECO,University,3,2,2,16,14,0,1.3,1,0,0,2
2023/2024,South South,Delta,Warri South,G.R.A.,"Community Secondary School, G.R.A.",Male,disabled,WAEC,University,3,3,3,29,28,0,1.3,0,0,0,1
2023/2024,South South,Delta,Warri South,G.R.A.,"Comprehensive High School, G.R.A.",Female,all,NABTEB,College of Education,5,4,4,5,4,0,1.6,1,0,0,1
2023/2024,South South,Delta,Warri South,G.R.A.,"Comprehensive High School, G.R.A.",Female,all,NECO,College of Education,9,8,9,7,6,0,1.6,1,0,2,1
2023/2024,South South,Delta,Warri South,G.R.A.,"Comprehensive High School, G.R.A.",Female,all,WAEC,College of Education,12,10,12,11,10,0,1.6,2,0,1,1
2023/2024,South South,Delta,Warri South,G.R.A.,"Comprehensive High School, G.R.A.",Female,disabled,NABTEB,College of Education,1,0,1,1,0,0,1.6,1,0,0,1
2023/2024,South South,Delta,Warri South,G.R.A.,"Comprehensive High School, G.R.A.",Female,disabled,NECO,College of Education,1,1,1,1,0,0,1.6,0,0,0,1
2023/2024,South South,Delta,Warri South,G.R.A.,"Comprehensive High School, G.R.A.",Female,disabled,WAEC,College of Education,1,1,1,1,0,0,1.6,0,0,0,1
2023/2024,South South,Delta,Warri South,G.R.A.,"Comprehensive High School, G.R.A.",Male,all,NABTEB,College of Education,4,3,4,3,2,0,1.6,1,0,1,1
2023/2024,South South,Delta,Warri South,G.R.A.,"Comprehensive High School, G.R.A.",Male,all,NECO,College of Education,7,6,7,6,5,0,1.6,1,0,1,1
2023/2024,South South,Delta,Warri South,G.R.A.,"Comprehensive High School, G.R.A.",Male,all,WAEC,College of Education,10,8,9,9,8,0,1.6,2,0,0,1
2023/2024,South South,Delta,Warri South,G.R.A.,"Comprehensive High School, G.R.A.",Male,disabled,NABTEB,College of Education,1,0,0,1,0,0,1.6,1,0,0,1
2023/2024,South South,Delta,Warri South,G.R.A.,"Comprehensive High School, G.R.A.",Male,disabled,NECO,College of Education,1,0,1,1,0,0,1.6,1,0,0,1
2023/2024,South South,Delta,Warri South,G.R.A.,"Comprehensive High School, G.R.A.",Male,disabled,WAEC,College of Education,1,1,1,1,0,0,1.6,0,0,0,1
2023/2024,South South,Delta,Warri South,G.R.A.,"Government Secondary School, G.R.A.",Female,all,NABTEB,Polytechnic,7,5,6,5,4,0,1.5,2,0,1,1
2023/2024,South South,Delta,Warri South,G.R.A.,"Government Secondary School, G.R.A.",Female,all,NECO,Polytechnic,11,9,10,10,9,0,1.4,2,0,0,1
2023/2024,South South,Delta,Warri South,G.R.A.,"Government Secondary School, G.R.A.",Female,all,WAEC,Polytechnic,16,13,14,17,15,0,1.4,3,0,0,2
2023/2024,South South,Delta,Warri South,G.R.A.,"Government Secondary School, G.R.A.",Female,disabled,NABTEB,Polytechnic,1,0,1,1,0,0,1.5,1,0,0,1
2023/2024,South South,Delta,Warri South,G.R.A.,"Government Secondary School, G.R.A.",Female,disabled,NECO,Polytechnic,1,1,1,1,0,0,1.4,0,0,0,1
2023/2024,South South,Delta,Warri South,G.R.A.,"Government Secondary School, G.R.A.",Female,disabled,WAEC,Polytechnic,2,1,1,1,0,0,1.4,1,0,0,1
2023/2024,South South,Delta,Warri South,G.R.A.,"Government Secondary School, G.R.A.",Male,all,NABTEB,Polytechnic,8,6,6,5,4,0,1.5,2,0,1,1
2023/2024,South South,Delta,Warri South,G.R.A.,"Government Secondary School, G.R.A.",Male,all,NECO,Polytechnic,12,10,10,12,11,0,1.4,2,0,0,1
2023/2024,South South,Delta,Warri South,G.R.A.,"Government Secondary School, G.R.A.",Male,all,WAEC,Polytechnic,18,14,16,19,17,0,1.4,4,0,0,2
2023/2024,South South,Delta,Warri South,G.R.A.,"Government Secondary School, G.R.A.",Male,disabled,NABTEB,Polytechnic,1,1,0,0,0,0,1.5,0,1,0,0
2023/2024,South South,Delta,Warri South,G.R.A.,"Government Secondary School, G.R.A.",Male,disabled,NECO,Polytechnic,1,1,1,1,0,0,1.4,0,0,0,1
2023/2024,South South,Delta,Warri South,G.R.A.,"Government Secondary School, G.R.A.",Male,disabled,WAEC,Polytechnic,2,1,2,1,0,0,1.4,1,0,1,1
2023/2024,South South,Delta,Warri South,G.R.A.,"Unity College, Warri South",Female,all,NABTEB,University,9,8,9,131,121,1,1.4,1,0,0,10
2023/2024,South South,Delta,Warri South,G.R.A.,"Unity College, Warri South",Female,all,NECO,University,17,14,16,251,232,2,1.3,3,0,0,19
2023/2024,South South,Delta,Warri South,G.R.A.,"Unity College, Warri South",Female,all,WAEC,University,21,17,19,337,297,3,1.3,4,0,0,40
2023/2024,South South,Delta,Warri South,G.R.A.,"Unity College, Warri South",Female,disabled,NABTEB,University,1,0,1,13,11,0,1.4,1,0,0,2
2023/2024,South South,Delta,Warri South,G.R.A.,"Unity College, Warri South",Female,disabled,NECO,University,1,1,1,16,14,0,1.3,0,0,0,2
2023/2024,South South,Delta,Warri South,G.R.A.,"Unity College, Warri South",Female,disabled,WAEC,University,2,1,1,16,14,0,1.3,1,0,0,2
2023/2024,South South,Delta,Warri South,G.R.A.,"Unity College, Warri South",Male,all,NABTEB,University,7,6,7,90,73,1,1.4,1,0,0,17
2023/2024,South South,Delta,Warri South,G.R.A.,"Unity College, Warri South",Male,all,NECO,University,15,12,15,251,232,2,1.3,3,0,0,19
2023/2024,South South,Delta,Warri South,G.R.A.,"Unity College, Warri South",Male,all,WAEC,University,16,13,15,238,211,2,1.3,3,0,0,27
2023/2024,South South,Delta,Warri South,G.R.A.,"Unity College, Warri South",Male,disabled,NABTEB,University,1,0,0,13,11,0,1.4,1,0,0,2
2023/2024,South South,Delta,Warri South,G.R.A.,"Unity College, Warri South",Male,disabled,NECO,University,1,1,1,16,14,0,1.3,0,0,0,2
2023/2024,South South,Delta,Warri South,G.R.A.,"Unity College, Warri South",Male,disabled,WAEC,University,1,1,1,16,14,0,1.3,0,0,0,2
2024/2025,South South,Delta,Oshimili North,Akwukwu,"Community Secondary School, Akwukwu",Female,all,NABTEB,Polytechnic,70,56,39,19,17,0.111239,1.4,14,17,20,2
2024/2025,South South,Delta,Oshimili North,Akwukwu,"Community Secondary School, Akwukwu",Female,all,NECO,Polytechnic,105,84,59,28,26,0.166858,1.3,21,25,31,2
2024/2025,South South,Delta,Oshimili North,Akwukwu,"Community Secondary School, Akwukwu",Female,all,WAEC,Polytechnic,160,129,90,43,40,0.255849,1.3,31,39,47,3
2024/2025,South South,Delta,Oshimili North,Akwukwu,"Community Secondary School, Akwukwu",Female,disabled,NABTEB,Polytechnic,6,5,4,2,2,0.011124,1.4,1,1,2,0
2024/2025,South South,Delta,Oshimili North,Akwukwu,"Community Secondary School, Akwukwu",Female,disabled,NECO,Polytechnic,6,5,3,2,2,0.011124,1.3,1,2,1,0
2024/2025,South South,Delta,Oshimili North,Akwukwu,"Community Secondary School, Akwukwu",Female,disabled,WAEC,Polytechnic,13,10,7,3,3,0.022248,1.3,3,3,4,0
2024/2025,South South,Delta,Oshimili North,Akwukwu,"Community Secondary School, Akwukwu",Male,all,NABTEB,Polytechnic,63,50,35,17,16,0.100115,1.4,13,15,18,1
2024/2025,South South,Delta,Oshimili North,Akwukwu,"Community Secondary School, Akwukwu",Male,all,NECO,Polytechnic,112,89,63,30,28,0.177982,1.3,23,26,33,2
2024/2025,South South,Delta,Oshimili North,Akwukwu,"Community Secondary School, Akwukwu",Male,all,WAEC,Polytechnic,153,123,86,41,38,0.244725,1.3,30,37,45,3
2024/2025,South South,Delta,Oshimili North,Akwukwu,"Community Secondary School, Akwukwu",Male,disabled,NABTEB,Polytechnic,6,5,3,2,2,0.011124,1.4,1,2,1,0
2024/2025,South South,Delta,Oshimili North,Akwukwu,"Community Secondary School, Akwukwu",Male,disabled,NECO,Polytechnic,6,5,3,2,2,0.011124,1.3,1,2,1,0
2024/2025,South South,Delta,Oshimili North,Akwukwu,"Community Secondary School, Akwukwu",Male,disabled,WAEC,Polytechnic,13,10,7,3,3,0.022248,1.3,3,3,4,0
2024/2025,South South,Delta,Oshimili North,Akwukwu,"Comprehensive High School, Akwukwu",Female,all,NABTEB,College of Education,35,28,20,9,9,0.055619,1.5,7,8,11,0
2024/2025,South South,Delta,Oshimili North,Akwukwu,"Comprehensive High School, Akwukwu",Female,all,NECO,College of Education,63,50,35,17,16,0.100115,1.4,13,15,18,1
2024/2025,South South,Delta,Oshimili North,Akwukwu,"Comprehensive High School, Akwukwu",Female,all,WAEC,College of Education,77,62,43,21,19,0.122362,1.4,15,19,22,2
2024/2025,South South,Delta,Oshimili North,Akwukwu,"Comprehensive High School, Akwukwu",Female,disabled,NABTEB,College of Education,6,5,3,2,2,0.011124,1.5,1,2,1,0
2024/2025,South South,Delta,Oshimili North,Akwukwu,"Comprehensive High School, Akwukwu",Female,disabled,NECO,College of Education,6,5,3,2,2,0.011124,1.4,1,2,1,0
2024/2025,South South,Delta,Oshimili North,Akwukwu,"Comprehensive High School, Akwukwu",Female,disabled,WAEC,College of Education,6,5,3,2,2,0.011124,1.4,1,2,1,0
2024/2025,South South,Delta,Oshimili North,Akwukwu,"Comprehensive High School, Akwukwu",Male,all,NABTEB,College of Education,28,22,16,8,7,0.044495,1.5,6,6,8,1
2024/2025,South South,Delta,Oshimili North,Akwukwu,"Comprehensive High School, Akwukwu",Male,all,NECO,College of Education,56,45,31,15,14,0.088991,1.4,11,14,16,1
2024/2025,South South,Delta,Oshimili North,Akwukwu,"Comprehensive High School, Akwukwu",Male,all,WAEC,College of Education,70,56,39,19,17,0.111239,1.4,14,17,20,2
2024/2025,South South,Delta,Oshimili North,Akwukwu,"Comprehensive High School, Akwukwu",Male,disabled,NABTEB,College of Education,6,5,3,2,2,0.011124,1.5,1,2,1,0
2024/2025,South South,Delta,Oshimili North,Akwukwu,"Comprehensive High School, Akwukwu",Male,disabled,NECO,College of Education,6,5,3,2,2,0.011124,1.4,1,2,1,0
2024/2025,South South,Delta,Oshimili North,Akwukwu,"Comprehensive High School, Akwukwu",Male,disabled,WAEC,College of Education,6,5,3,2,2,0.011124,1.4,1,2,1,0
2024/2025,South South,Delta,Oshimili North,Akwukwu,"Government Secondary School, Akwukwu",Female,all,NABTEB,College of Education,63,50,35,17,16,0.100115,1.5,13,15,18,1
2024/2025,South South,Delta,Oshimili North,Akwukwu,"Government Secondary School, Akwukwu",Female,all,NECO,College of Education,98,78,55,26,24,0.155734,1.4,20,23,29,2
2024/2025,South South,Delta,Oshimili North,Akwukwu,"Government Secondary School, Akwukwu",Female,all,WAEC,College of Education,147,117,82,39,36,0.233601,1.4,30,35,43,3
2024/2025,South South,Delta,Oshimili North,Akwukwu,"Government Secondary School, Akwukwu",Female,disabled,NABTEB,College of Education,6,5,3,2,2,0.011124,1.5,1,2,1,0
2024/2025,South South,Delta,Oshimili North,Akwukwu,"Government Secondary School, Akwukwu",Female,disabled,NECO,College of Education,6,5,3,2,2,0.011124,1.4,1,2,1,0
2024/2025,South South,Delta,Oshimili North,Akwukwu,"Government Secondary School, Akwukwu",Female,disabled,WAEC,College of Education,6,5,3,2,2,0.011124,1.4,1,2,1,0
2024/2025,South South,Delta,Oshimili North,Akwukwu,"Government Secondary School, Akwukwu",Male,all,NABTEB,College of Education,56,45,31,15,14,0.088991,1.5,11,14,16,1
2024/2025,South South,Delta,Oshimili North,Akwukwu,"Government Secondary School, Akwukwu",Male,all,NECO,College of Education,91,73,51,24,22,0.14461,1.4,18,22,27,2
2024/2025,South South,Delta,Oshimili North,Akwukwu,"Government Secondary School, Akwukwu",Male,all,WAEC,College of Education,119,95,67,32,29,0.189105,1.4,24,28,35,3
2024/2025,South South,Delta,Oshimili North,Akwukwu,"Government Secondary School, Akwukwu",Male,disabled,NABTEB,College of Education,6,5,3,2,2,0.011124,1.5,1,2,1,0
2024/2025,South South,Delta,Oshimili North,Akwukwu,"Government Secondary School, Akwukwu",Male,disabled,NECO,College of Education,6,5,3,2,2,0.011124,1.4,1,2,1,0
2024/2025,South South,Delta,Oshimili North,Akwukwu,"Government Secondary School, Akwukwu",Male,disabled,WAEC,College of Education,6,5,3,2,2,0.011124,1.4,1,2,1,0
2024/2025,South South,Delta,Oshimili North,Akwukwu,"Unity College, Oshimili North",Female,all,NABTEB,College of Education,56,45,31,15,14,0.088991,1.5,11,14,16,1
2024/2025,South South,Delta,Oshimili North,Akwukwu,"Unity College, Oshimili North",Female,all,NECO,College of Education,105,84,59,28,26,0.166858,1.4,21,25,31,2
2024/2025,South South,Delta,Oshimili North,Akwukwu,"Unity College, Oshimili North",Female,all,WAEC,College of Education,133,106,74,36,33,0.211353,1.4,27,32,38,3
2024/2025,South South,Delta,Oshimili North,Akwukwu,"Unity College, Oshimili North",Female,disabled,NABTEB,College of Education,6,5,3,2,2,0.011124,1.5,1,2,1,0
2024/2025,South South,Delta,Oshimili North,Akwukwu,"Unity College, Oshimili North",Female,disabled,NECO,College of Education,6,5,3,2,2,0.011124,1.4,1,2,1,0
2024/2025,South South,Delta,Oshimili North,Akwukwu,"Unity College, Oshimili North",Female,disabled,WAEC,College of Education,6,5,3,2,2,0.011124,1.4,1,2,1,0
2024/2025,South South,Delta,Oshimili North,Akwukwu,"Unity College, Oshimili North",Male,all,NABTEB,College of Education,56,45,31,15,14,0.088991,1.5,11,14,16,1
2024/2025,South South,Delta,Oshimili North,Akwukwu,"Unity College, Oshimili North",Male,all,NECO,College of Education,119,95,67,32,29,0.189105,1.4,24,28,35,3
2024/2025,South South,Delta,Oshimili North,Akwukwu,"Unity College, Oshimili North",Male,all,WAEC,College of Education,153,123,86,41,38,0.244725,1.4,30,37,45,3
2024/2025,South South,Delta,Oshimili North,Akwukwu,"Unity College, Oshimili North",Male,disabled,NABTEB,College of Education,6,5,3,2,2,0.011124,1.5,1,2,1,0
2024/2025,South South,Delta,Oshimili North,Akwukwu,"Unity College, Oshimili North",Male,disabled,NECO,College of Education,6,5,3,2,2,0.011124,1.4,1,2,1,0
2024/2025,South South,Delta,Oshimili North,Akwukwu,"Unity College, Oshimili North",Male,disabled,WAEC,College of Education,6,5,3,2,2,0.011124,1.4,1,2,1,0
2024/2025,South South,Delta,Oshimili North,Ebu,"Community Secondary School, Ebu",Female,all,NABTEB,Polytechnic,35,28,20,9,9,0.055619,1.4,7,8,11,0
2024/2025,South South,Delta,Oshimili North,Ebu,"Community Secondary School, Ebu",Female,all,NECO,Polytechnic,63,50,35,17,16,0.100115,1.3,13,15,18,1
2024/2025,South South,Delta,Oshimili North,Ebu,"Community Secondary School, Ebu",Female,all,WAEC,Polytechnic,77,62,43,21,19,0.122362,1.3,15,19,22,2
2024/2025,South South,Delta,Oshimili North,Ebu,"Community Secondary School, Ebu",Female,disabled,NABTEB,Polytechnic,6,5,3,2,2,0.011124,1.4,1,2,1,0
2024/2025,South South,Delta,Oshimili North,Ebu,"Community Secondary School, Ebu",Female,disabled,NECO,Polytechnic,6,5,3,2,2,0.011124,1.3,1,2,1,0
2024/2025,South South,Delta,Oshimili North,Ebu,"Community Secondary School, Ebu",Female,disabled,WAEC,Polytechnic,6,5,3,2,2,0.011124,1.3,1,2,1,0
2024/2025,South South,Delta,Oshimili North,Ebu,"Community Secondary School, Ebu",Male,all,NABTEB,Polytechnic,28,22,16,8,7,0.044495,1.4,6,6,8,1
2024/2025,South South,Delta,Oshimili North,Ebu,"Community Secondary School, Ebu",Male,all,NECO,Polytechnic,49,39,27,13,12,0.077867,1.3,10,12,14,1
2024/2025,South South,Delta,Oshimili North,Ebu,"Community Secondary School, Ebu",Male,all,WAEC,Polytechnic,70,56,39,19,17,0.111239,1.3,14,17,20,2
2024/2025,South South,Delta,Oshimili North,Ebu,"Community Secondary School, Ebu",Male,disabled,NABTEB,Polytechnic,6,5,3,2,2,0.011124,1.4,1,2,1,0
2024/2025,South South,Delta,Oshimili North,Ebu,"Community Secondary School, Ebu",Male,disabled,NECO,Polytechnic,6,5,3,2,2,0.011124,1.3,1,2,1,0
2024/2025,South South,Delta,Oshimili North,Ebu,"Community Secondary School, Ebu",Male,disabled,WAEC,Polytechnic,6,5,3,2,2,0.011124,1.3,1,2,1,0
2024/2025,South South,Delta,Oshimili North,Ebu,"Comprehensive High School, Ebu",Female,all,NABTEB,Polytechnic,35,28,20,9,9,0.055619,1.4,7,8,11,0
2024/2025,South South,Delta,Oshimili North,Ebu,"Comprehensive High School, Ebu",Female,all,NECO,Polytechnic,63,50,35,17,16,0.100115,1.3,13,15,18,1
2024/2025,South South,Delta,Oshimili North,Ebu,"Comprehensive High School, Ebu",Female,all,WAEC,Polytechnic,84,67,47,22,21,0.133486,1.3,17,20,25,1
2024/2025,South South,Delta,Oshimili North,Ebu,"Comprehensive High School, Ebu",Female,disabled,NABTEB,Polytechnic,6,5,3,2,2,0.011124,1.4,1,2,1,0
2024/2025,South South,Delta,Oshimili North,Ebu,"Comprehensive High School, Ebu",Female,disabled,NECO,Polytechnic,6,5,3,2,2,0.011124,1.3,1,2,1,0
2024/2025,South South,Delta,Oshimili North,Ebu,"Comprehensive High School, Ebu",Female,disabled,WAEC,Polytechnic,6,5,3,2,2,0.011124,1.3,1,2,1,0
2024/2025,South South,Delta,Oshimili North,Ebu,"Comprehensive High School, Ebu",Male,all,NABTEB,Polytechnic,28,22,16,8,7,0.044495,1.4,6,6,8,1
2024/2025,South South,Delta,Oshimili North,Ebu,"Comprehensive High School, Ebu",Male,all,NECO,Polytechnic,56,45,31,15,14,0.088991,1.3,11,14,16,1
2024/2025,South South,Delta,Oshimili North,Ebu,"Comprehensive High School, Ebu",Male,all,WAEC,Polytechnic,63,50,35,17,16,0.100115,1.3,13,15,18,1
2024/2025,South South,Delta,Oshimili North,Ebu,"Comprehensive High School, Ebu",Male,disabled,NABTEB,Polytechnic,6,5,3,2,2,0.011124,1.4,1,2,1,0
2024/2025,South South,Delta,Oshimili North,Ebu,"Comprehensive High School, Ebu",Male,disabled,NECO,Polytechnic,6,5,3,2,2,0.011124,1.3,1,2,1,0
2024/2025,South South,Delta,Oshimili North,Ebu,"Comprehensive High School, Ebu",Male,disabled,WAEC,Polytechnic,6,5,3,2,2,0.011124,1.3,1,2,1,0
2024/2025,South South,Delta,Oshimili North,Ebu,"Government Secondary School, Ebu",Female,all,NABTEB,University,63,50,35,17,16,0.100115,1.2,13,15,18,1
2024/2025,South South,Delta,Oshimili North,Ebu,"Government Secondary School, Ebu",Female,all,NECO,University,112,89,63,30,28,0.177982,1.2,23,26,33,2
2024/2025,South South,Delta,Oshimili North,Ebu,"Government Secondary School, Ebu",Female,all,WAEC,University,140,112,78,37,34,0.222477,1.2,28,34,41,3
2024/2025,South South,Delta,Oshimili North,Ebu,"Government Secondary School, Ebu",Female,disabled,NABTEB,University,6,5,3,2,2,0.011124,1.2,1,2,1,0
2024/2025,South South,Delta,Oshimili North,Ebu,"Government Secondary School, Ebu",Female,disabled,NECO,University,6,5,3,2,2,0.011124,1.2,1,2,1,0
2024/2025,South South,Delta,Oshimili North,Ebu,"Government Secondary School, Ebu",Female,disabled,WAEC,University,13,10,7,3,3,0.022248,1.2,3,3,4,0
2024/2025,South South,Delta,Oshimili North,Ebu,"Government Secondary School, Ebu",Male,all,NABTEB,University,56,45,31,15,14,0.088991,1.2,11,14,16,1
2024/2025,South South,Delta,Oshimili North,Ebu,"Government Secondary School, Ebu",Male,all,NECO,University,98,78,55,26,24,0.155734,1.2,20,23,29,2
2024/2025,South South,Delta,Oshimili North,Ebu,"Government Secondary School, Ebu",Male,all,WAEC,University,119,95,67,32,29,0.189105,1.2,24,28,35,3
2024/2025,South South,Delta,Oshimili North,Ebu,"Government Secondary School, Ebu",Male,disabled,NABTEB,University,6,5,3,2,2,0.011124,1.2,1,2,1,0
2024/2025,South South,Delta,Oshimili North,Ebu,"Government Secondary School, Ebu",Male,disabled,NECO,University,6,5,3,2,2,0.011124,1.2,1,2,1,0
2024/2025,South South,Delta,Oshimili North,Ebu,"Government Secondary School, Ebu",Male,disabled,WAEC,University,13,10,7,3,3,0.022248,1.2,3,3,4,0
2024/2025,South South,Delta,Oshimili North,Ebu,"Unity College, Oshimili North",Female,all,NABTEB,College of Education,63,50,35,17,16,0.100115,1.5,13,15,18,1
2024/2025,South South,Delta,Oshimili North,Ebu,"Unity College, Oshimili North",Female,all,NECO,College of Education,126,101,70,34,31,0.200229,1.4,25,31,36,3
2024/2025,South South,Delta,Oshimili North,Ebu,"Unity College, Oshimili North",Female,all,WAEC,College of Education,167,134,94,45,41,0.266972,1.4,33,40,49,4
2024/2025,South South,Delta,Oshimili North,Ebu,"Unity College, Oshimili North",Female,disabled,NABTEB,College of Education,6,5,3,2,2,0.011124,1.5,1,2,1,0
2024/2025,South South,Delta,Oshimili North,Ebu,"Unity College, Oshimili North",Female,disabled,NECO,College of Education,6,5,3,2,2,0.011124,1.4,1,2,1,0
2024/2025,South South,Delta,Oshimili North,Ebu,"Unity College, Oshimili North",Female,disabled,WAEC,College of Education,13,10,7,3,3,0.022248,1.4,3,3,4,0
2024/2025,South South,Delta,Oshimili North,Ebu,"Unity College, Oshimili North",Male,all,NABTEB,College of Education,56,45,31,15,14,0.088991,1.5,11,14,16,1
2024/2025,South South,Delta,Oshimili North,Ebu,"Unity College, Oshimili North",Male,all,NECO,College of Education,105,84,59,28,26,0.166858,1.4,21,25,31,2
2024/2025,South South,Delta,Oshimili North,Ebu,"Unity College, Oshimili North",Male,all,WAEC,College of Education,153,123,86,41,38,0.244725,1.4,30,37,45,3
2024/2025,South South,Delta,Oshimili North,Ebu,"Unity College, Oshimili North",Male,disabled,NABTEB,College of Education,6,5,3,2,2,0.011124,1.5,1,2,1,0
2024/2025,South South,Delta,Oshimili North,Ebu,"Unity College, Oshimili North",Male,disabled,NECO,College of Education,6,5,3,2,2,0.011124,1.4,1,2,1,0
2024/2025,South South,Delta,Oshimili North,Ebu,"Unity College, Oshimili North",Male,disabled,WAEC,College of Education,13,10,7,3,3,0.022248,1.4,3,3,4,0
2024/2025,South South,Delta,Oshimili North,Ibusa  I,"Community Secondary School, Ibusa  I",Female,all,NABTEB,University,70,56,39,19,17,0.111239,1.2,14,17,20,2
2024/2025,South South,Delta,Oshimili North,Ibusa  I,"Community Secondary School, Ibusa  I",Female,all,NECO,University,119,95,67,32,29,0.189105,1.2,24,28,35,3
2024/2025,South South,Delta,Oshimili North,Ibusa  I,"Community Secondary School, Ibusa  I",Female,all,WAEC,University,140,112,78,37,34,0.222477,1.2,28,34,41,3
2024/2025,South South,Delta,Oshimili North,Ibusa  I,"Community Secondary School, Ibusa  I",Female,disabled,NABTEB,University,6,5,3,2,2,0.011124,1.2,1,2,1,0
2024/2025,South South,Delta,Oshimili North,Ibusa  I,"Community Secondary School, Ibusa  I",Female,disabled,NECO,University,6,5,3,2,2,0.011124,1.2,1,2,1,0
2024/2025,South South,Delta,Oshimili North,Ibusa  I,"Community Secondary School, Ibusa  I",Female,disabled,WAEC,University,13,9,7,3,3,0.022248,1.2,4,2,4,0
2024/2025,South South,Delta,Oshimili North,Ibusa  I,"Community Secondary School, Ibusa  I",Male,all,NABTEB,University,70,56,39,19,17,0.111239,1.2,14,17,20,2
2024/2025,South South,Delta,Oshimili North,Ibusa  I,"Community Secondary School, Ibusa  I",Male,all,NECO,University,119,95,67,32,29,0.189105,1.2,24,28,35,3
2024/2025,South South,Delta,Oshimili North,Ibusa  I,"Community Secondary School, Ibusa  I",Male,all,WAEC,University,140,112,78,37,34,0.222477,1.2,28,34,41,3
2024/2025,South South,Delta,Oshimili North,Ibusa  I,"Community Secondary School, Ibusa  I",Male,disabled,NABTEB,University,6,5,3,2,2,0.011124,1.2,1,2,1,0
2024/2025,South South,Delta,Oshimili North,Ibusa  I,"Community Secondary School, Ibusa  I",Male,disabled,NECO,University,6,5,3,2,2,0.011124,1.2,1,2,1,0
2024/2025,South South,Delta,Oshimili North,Ibusa  I,"Community Secondary School, Ibusa  I",Male,disabled,WAEC,University,13,10,7,3,3,0.022248,1.2,3,3,4,0
2024/2025,South South,Delta,Oshimili North,Ibusa  I,"Comprehensive High School, Ibusa  I",Female,all,NABTEB,Polytechnic,56,45,31,15,14,0.088991,1.4,11,14,16,1
2024/2025,South South,Delta,Oshimili North,Ibusa  I,"Comprehensive High School, Ibusa  I",Female,all,NECO,Polytechnic,112,89,63,30,28,0.177982,1.3,23,26,33,2
2024/2025,South South,Delta,Oshimili North,Ibusa  I,"Comprehensive High School, Ibusa  I",Female,all,WAEC,Polytechnic,147,117,82,39,36,0.233601,1.3,30,35,43,3
2024/2025,South South,Delta,Oshimili North,Ibusa  I,"Comprehensive High School, Ibusa  I",Female,disabled,NABTEB,Polytechnic,6,5,3,2,2,0.011124,1.4,1,2,1,0
2024/2025,South South,Delta,Oshimili North,Ibusa  I,"Comprehensive High School, Ibusa  I",Female,disabled,NECO,Polytechnic,6,5,3,2,2,0.011124,1.3,1,2,1,0
2024/2025,South South,Delta,Oshimili North,Ibusa  I,"Comprehensive High School, Ibusa  I",Female,disabled,WAEC,Polytechnic,13,10,7,3,3,0.022248,1.3,3,3,4,0
2024/2025,South South,Delta,Oshimili North,Ibusa  I,"Comprehensive High School, Ibusa  I",Male,all,NABTEB,Polytechnic,49,39,27,13,12,0.077867,1.4,10,12,14,1
2024/2025,South South,Delta,Oshimili North,Ibusa  I,"Comprehensive High School, Ibusa  I",Male,all,NECO,Polytechnic,98,78,55,26,24,0.155734,1.3,20,23,29,2
2024/2025,South South,Delta,Oshimili North,Ibusa  I,"Comprehensive High School, Ibusa  I",Male,all,WAEC,Polytechnic,140,112,78,37,34,0.222477,1.3,28,34,41,3
2024/2025,South South,Delta,Oshimili North,Ibusa  I,"Comprehensive High School, Ibusa  I",Male,disabled,NABTEB,Polytechnic,6,5,3,2,2,0.011124,1.4,1,2,1,0
2024/2025,South South,Delta,Oshimili North,Ibusa  I,"Comprehensive High School, Ibusa  I",Male,disabled,NECO,Polytechnic,6,5,3,2,2,0.011124,1.3,1,2,1,0
2024/2025,South South,Delta,Oshimili North,Ibusa  I,"Comprehensive High School, Ibusa  I",Male,disabled,WAEC,Polytechnic,13,10,7,3,3,0.022248,1.3,3,3,4,0
2024/2025,South South,Delta,Oshimili North,Ibusa  I,"Government Secondary School, Ibusa  I",Female,all,NABTEB,University,28,22,16,8,7,0.044495,1.2,6,6,8,1
2024/2025,South South,Delta,Oshimili North,Ibusa  I,"Government Secondary School, Ibusa  I",Female,all,NECO,University,63,50,35,17,16,0.100115,1.2,13,15,18,1
2024/2025,South South,Delta,Oshimili North,Ibusa  I,"Government Secondary School, Ibusa  I",Female,all,WAEC,University,70,56,39,19,17,0.111239,1.2,14,17,20,2
2024/2025,South South,Delta,Oshimili North,Ibusa  I,"Government Secondary School, Ibusa  I",Female,disabled,NABTEB,University,6,5,3,2,2,0.011124,1.2,1,2,1,0
2024/2025,South South,Delta,Oshimili North,Ibusa  I,"Government Secondary School, Ibusa  I",Female,disabled,NECO,University,6,5,3,2,2,0.011124,1.2,1,2,1,0
2024/2025,South South,Delta,Oshimili North,Ibusa  I,"Government Secondary School, Ibusa  I",Female,disabled,WAEC,University,6,5,3,2,2,0.011124,1.2,1,2,1,0
2024/2025,South South,Delta,Oshimili North,Ibusa  I,"Government Secondary School, Ibusa  I",Male,all,NABTEB,University,28,22,16,8,7,0.044495,1.2,6,6,8,1
2024/2025,South South,Delta,Oshimili North,Ibusa  I,"Government Secondary School, Ibusa  I",Male,all,NECO,University,63,50,35,17,16,0.100115,1.2,13,15,18,1
2024/2025,South South,Delta,Oshimili North,Ibusa  I,"Government Secondary School, Ibusa  I",Male,all,WAEC,University,77,61,43,21,19,0.122362,1.2,16,18,22,2
2024/2025,South South,Delta,Oshimili North,Ibusa  I,"Government Secondary School, Ibusa  I",Male,disabled,NABTEB,University,6,5,4,2,2,0.011124,1.2,1,1,2,0
2024/2025,South South,Delta,Oshimili North,Ibusa  I,"Government Secondary School, Ibusa  I",Male,disabled,NECO,University,6,5,4,2,2,0.011124,1.2,1,1,2,0
2024/2025,South South,Delta,Oshimili North,Ibusa  I,"Government Secondary School, Ibusa  I",Male,disabled,WAEC,University,6,5,4,2,2,0.011124,1.2,1,1,2,0
2024/2025,South South,Delta,Oshimili North,Ibusa  I,"Unity College, Oshimili North",Female,all,NABTEB,College of Education,56,45,31,15,14,0.088991,1.5,11,14,16,1
2024/2025,South South,Delta,Oshimili North,Ibusa  I,"Unity College, Oshimili North",Female,all,NECO,College of Education,98,78,55,26,24,0.155734,1.4,20,23,29,2
2024/2025,South South,Delta,Oshimili North,Ibusa  I,"Unity College, Oshimili North",Female,all,WAEC,College of Education,140,112,78,37,34,0.222477,1.4,28,34,41,3
2024/2025,South South,Delta,Oshimili North,Ibusa  I,"Unity College, Oshimili North",Female,disabled,NABTEB,College of Education,6,5,4,2,2,0.011124,1.5,1,1,2,0
2024/2025,South South,Delta,Oshimili North,Ibusa  I,"Unity College, Oshimili North",Female,disabled,NECO,College of Education,6,5,4,2,2,0.011124,1.4,1,1,2,0
2024/2025,South South,Delta,Oshimili North,Ibusa  I,"Unity College, Oshimili North",Female,disabled,WAEC,College of Education,6,5,3,2,2,0.011124,1.4,1,2,1,0
2024/2025,South South,Delta,Oshimili North,Ibusa  I,"Unity College, Oshimili North",Male,all,NABTEB,College of Education,63,50,35,17,16,0.100115,1.5,13,15,18,1
2024/2025,South South,Delta,Oshimili North,Ibusa  I,"Unity College, Oshimili North",Male,all,NECO,College of Education,98,78,55,26,24,0.155734,1.4,20,23,29,2
2024/2025,South South,Delta,Oshimili North,Ibusa  I,"Unity College, Oshimili North",Male,all,WAEC,College of Education,147,117,82,39,36,0.233601,1.4,30,35,43,3
2024/2025,South South,Delta,Oshimili North,Ibusa  I,"Unity College, Oshimili North",Male,disabled,NABTEB,College of Education,6,5,3,2,2,0.011124,1.5,1,2,1,0
2024/2025,South South,Delta,Oshimili North,Ibusa  I,"Unity College, Oshimili North",Male,disabled,NECO,College of Education,6,5,3,2,2,0.011124,1.4,1,2,1,0
2024/2025,South South,Delta,Oshimili North,Ibusa  I,"Unity College, Oshimili North",Male,disabled,WAEC,College of Education,6,5,4,2,2,0.011124,1.4,1,1,2,0
2024/2025,South South,Delta,Oshimili South,Agu,"Community Secondary School, Agu",Female,all,NABTEB,University,70,56,39,19,17,0.111239,1.2,14,17,20,2
2024/2025,South South,Delta,Oshimili South,Agu,"Community Secondary School, Agu",Female,all,NECO,University,126,101,70,34,31,0.200229,1.2,25,31,36,3
2024/2025,South South,Delta,Oshimili South,Agu,"Community Secondary School, Agu",Female,all,WAEC,University,188,151,106,51,46,0.300344,1.2,37,45,55,5
2024/2025,South South,Delta,Oshimili South,Agu,"Community Secondary School, Agu",Female,disabled,NABTEB,University,6,5,3,2,2,0.011124,1.2,1,2,1,0
2024/2025,South South,Delta,Oshimili South,Agu,"Community Secondary School, Agu",Female,disabled,NECO,University,6,5,3,2,2,0.011124,1.2,1,2,1,0
2024/2025,South South,Delta,Oshimili South,Agu,"Community Secondary School, Agu",Female,disabled,WAEC,University,13,10,7,3,3,0.022248,1.2,3,3,4,0
2024/2025,South South,Delta,Oshimili South,Agu,"Community Secondary School, Agu",Male,all,NABTEB,University,63,50,35,17,16,0.100115,1.2,13,15,18,1
2024/2025,South South,Delta,Oshimili South,Agu,"Community Secondary School, Agu",Male,all,NECO,University,126,101,70,34,31,0.200229,1.2,25,31,36,3
2024/2025,South South,Delta,Oshimili South,Agu,"Community Secondary School, Agu",Male,all,WAEC,University,167,134,94,45,41,0.266972,1.2,33,40,49,4
2024/2025,South South,Delta,Oshimili South,Agu,"Community Secondary School, Agu",Male,disabled,NABTEB,University,6,5,3,2,2,0.011124,1.2,1,2,1,0
2024/2025,South South,Delta,Oshimili South,Agu,"Community Secondary School, Agu",Male,disabled,NECO,University,6,5,3,2,2,0.011124,1.2,1,2,1,0
2024/2025,South South,Delta,Oshimili South,Agu,"Community Secondary School, Agu",Male,disabled,WAEC,University,6,5,3,2,2,0.011124,1.2,1,2,1,0
2024/2025,South South,Delta,Oshimili South,Agu,"Comprehensive High School, Agu",Female,all,NABTEB,Polytechnic,49,39,27,13,12,0.077867,1.4,10,12,14,1
2024/2025,South South,Delta,Oshimili South,Agu,"Comprehensive High School, Agu",Female,all,NECO,Polytechnic,112,89,63,30,28,0.177982,1.3,23,26,33,2
2024/2025,South South,Delta,Oshimili South,Agu,"Comprehensive High School, Agu",Female,all,WAEC,Polytechnic,153,123,86,41,38,0.244725,1.3,30,37,45,3
2024/2025,South South,Delta,Oshimili South,Agu,"Comprehensive High School, Agu",Female,disabled,NABTEB,Polytechnic,6,5,3,2,2,0.011124,1.4,1,2,1,0
2024/2025,South South,Delta,Oshimili South,Agu,"Comprehensive High School, Agu",Female,disabled,NECO,Polytechnic,6,5,3,2,2,0.011124,1.3,1,2,1,0
2024/2025,South South,Delta,Oshimili South,Agu,"Comprehensive High School, Agu",Female,disabled,WAEC,Polytechnic,6,5,3,2,2,0.011124,1.3,1,2,1,0
2024/2025,South South,Delta,Oshimili South,Agu,"Comprehensive High School, Agu",Male,all,NABTEB,Polytechnic,56,45,31,15,14,0.088991,1.4,11,14,16,1
2024/2025,South South,Delta,Oshimili South,Agu,"Comprehensive High School, Agu",Male,all,NECO,Polytechnic,112,89,63,30,28,0.177982,1.3,23,26,33,2
2024/2025,South South,Delta,Oshimili South,Agu,"Comprehensive High School, Agu",Male,all,WAEC,Polytechnic,146,117,82,39,36,0.233601,1.3,29,35,43,3
2024/2025,South South,Delta,Oshimili South,Agu,"Comprehensive High School, Agu",Male,disabled,NABTEB,Polytechnic,6,5,3,2,2,0.011124,1.4,1,2,1,0
2024/2025,South South,Delta,Oshimili South,Agu,"Comprehensive High School, Agu",Male,disabled,NECO,Polytechnic,6,5,3,2,2,0.011124,1.3,1,2,1,0
2024/2025,South South,Delta,Oshimili South,Agu,"Comprehensive High School, Agu",Male,disabled,WAEC,Polytechnic,6,5,3,2,2,0.011124,1.3,1,2,1,0
2024/2025,South South,Delta,Oshimili South,Agu,"Government Secondary School, Agu",Female,all,NABTEB,Polytechnic,42,34,24,11,10,0.066743,1.4,8,10,13,1
2024/2025,South South,Delta,Oshimili South,Agu,"Government Secondary School, Agu",Female,all,NECO,Polytechnic,84,67,47,22,21,0.133486,1.3,17,20,25,1
2024/2025,South South,Delta,Oshimili South,Agu,"Government Secondary School, Agu",Female,all,WAEC,Polytechnic,105,84,59,28,26,0.166858,1.3,21,25,31,2
2024/2025,South South,Delta,Oshimili South,Agu,"Government Secondary School, Agu",Female,disabled,NABTEB,Polytechnic,6,5,3,2,2,0.011124,1.4,1,2,1,0
2024/2025,South South,Delta,Oshimili South,Agu,"Government Secondary School, Agu",Female,disabled,NECO,Polytechnic,6,5,3,2,2,0.011124,1.3,1,2,1,0
2024/2025,South South,Delta,Oshimili South,Agu,"Government Secondary School, Agu",Female,disabled,WAEC,Polytechnic,6,5,3,2,2,0.011124,1.3,1,2,1,0
2024/2025,South South,Delta,Oshimili South,Agu,"Government Secondary School, Agu",Male,all,NABTEB,Polytechnic,35,28,20,9,9,0.055619,1.4,7,8,11,0
2024/2025,South South,Delta,Oshimili South,Agu,"Government Secondary School, Agu",Male,all,NECO,Polytechnic,70,56,39,19,17,0.111239,1.3,14,17,20,2
2024/2025,South South,Delta,Oshimili South,Agu,"Government Secondary School, Agu",Male,all,WAEC,Polytechnic,91,73,51,24,22,0.14461,1.3,18,22,27,2
2024/2025,South South,Delta,Oshimili South,Agu,"Government Secondary School, Agu",Male,disabled,NABTEB,Polytechnic,6,5,3,2,2,0.011124,1.4,1,2,1,0
2024/2025,South South,Delta,Oshimili South,Agu,"Government Secondary School, Agu",Male,disabled,NECO,Polytechnic,6,5,3,2,2,0.011124,1.3,1,2,1,0
2024/2025,South South,Delta,Oshimili South,Agu,"Government Secondary School, Agu",Male,disabled,WAEC,Polytechnic,6,5,3,2,2,0.011124,1.3,1,2,1,0
2024/2025,South South,Delta,Oshimili South,Agu,"Unity College, Asaba",Female,all,NABTEB,Polytechnic,35,28,20,9,9,0.055619,1.4,7,8,11,0
2024/2025,South South,Delta,Oshimili South,Agu,"Unity College, Asaba",Female,all,NECO,Polytechnic,63,50,35,17,16,0.100115,1.3,13,15,18,1
2024/2025,South South,Delta,Oshimili South,Agu,"Unity College, Asaba",Female,all,WAEC,Polytechnic,84,67,47,22,21,0.133486,1.3,17,20,25,1
2024/2025,South South,Delta,Oshimili South,Agu,"Unity College, Asaba",Female,disabled,NABTEB,Polytechnic,6,5,3,2,2,0.011124,1.4,1,2,1,0
2024/2025,South South,Delta,Oshimili South,Agu,"Unity College, Asaba",Female,disabled,NECO,Polytechnic,6,5,3,2,2,0.011124,1.3,1,2,1,0
2024/2025,South South,Delta,Oshimili South,Agu,"Unity College, Asaba",Female,disabled,WAEC,Polytechnic,6,5,3,2,2,0.011124,1.3,1,2,1,0
2024/2025,South South,Delta,Oshimili South,Agu,"Unity College, Asaba",Male,all,NABTEB,Polytechnic,35,28,20,9,9,0.055619,1.4,7,8,11,0
2024/2025,South South,Delta,Oshimili South,Agu,"Unity College, Asaba",Male,all,NECO,Polytechnic,56,45,31,15,14,0.088991,1.3,11,14,16,1
2024/2025,South South,Delta,Oshimili South,Agu,"Unity College, Asaba",Male,all,WAEC,Polytechnic,77,62,43,21,19,0.122362,1.3,15,19,22,2
2024/2025,South South,Delta,Oshimili South,Agu,"Unity College, Asaba",Male,disabled,NABTEB,Polytechnic,6,5,3,2,2,0.011124,1.4,1,2,1,0
2024/2025,South South,Delta,Oshimili South,Agu,"Unity College, Asaba",Male,disabled,NECO,Polytechnic,6,5,3,2,2,0.011124,1.3,1,2,1,0
2024/2025,South South,Delta,Oshimili South,Agu,"Unity College, Asaba",Male,disabled,WAEC,Polytechnic,6,5,3,2,2,0.011124,1.3,1,2,1,0
2024/2025,South South,Delta,Oshimili South,Anala-Amakom,"Community Secondary School, Anala-Amakom",Female,all,NABTEB,University,63,50,35,17,15,0.100115,1.2,13,15,18,2
2024/2025,South South,Delta,Oshimili South,Anala-Amakom,"Community Secondary School, Anala-Amakom",Female,all,NECO,University,105,84,59,28,26,0.166858,1.2,21,25,31,2
2024/2025,South South,Delta,Oshimili South,Anala-Amakom,"Community Secondary School, Anala-Amakom",Female,all,WAEC,University,146,117,82,39,36,0.233601,1.2,29,35,43,3
2024/2025,South South,Delta,Oshimili South,Anala-Amakom,"Community Secondary School, Anala-Amakom",Female,disabled,NABTEB,University,6,5,3,2,2,0.011124,1.2,1,2,1,0
2024/2025,South South,Delta,Oshimili South,Anala-Amakom,"Community Secondary School, Anala-Amakom",Female,disabled,NECO,University,6,5,3,2,2,0.011124,1.2,1,2,1,0
2024/2025,South South,Delta,Oshimili South,Anala-Amakom,"Community Secondary School, Anala-Amakom",Female,disabled,WAEC,University,13,10,7,3,3,0.022248,1.2,3,3,4,0
2024/2025,South South,Delta,Oshimili South,Anala-Amakom,"Community Secondary School, Anala-Amakom",Male,all,NABTEB,University,49,39,27,13,12,0.077867,1.2,10,12,14,1
2024/2025,South South,Delta,Oshimili South,Anala-Amakom,"Community Secondary School, Anala-Amakom",Male,all,NECO,University,98,78,55,26,24,0.155734,1.2,20,23,29,2
2024/2025,South South,Delta,Oshimili South,Anala-Amakom,"Community Secondary School, Anala-Amakom",Male,all,WAEC,University,126,101,70,34,31,0.200229,1.2,25,31,36,3
2024/2025,South South,Delta,Oshimili South,Anala-Amakom,"Community Secondary School, Anala-Amakom",Male,disabled,NABTEB,University,6,5,3,2,2,0.011124,1.2,1,2,1,0
2024/2025,South South,Delta,Oshimili South,Anala-Amakom,"Community Secondary School, Anala-Amakom",Male,disabled,NECO,University,6,5,3,2,2,0.011124,1.2,1,2,1,0
2024/2025,South South,Delta,Oshimili South,Anala-Amakom,"Community Secondary School, Anala-Amakom",Male,disabled,WAEC,University,6,5,3,2,2,0.011124,1.2,1,2,1,0
2024/2025,South South,Delta,Oshimili South,Anala-Amakom,"Comprehensive High School, Anala-Amakom",Female,all,NABTEB,Polytechnic,56,45,31,15,14,0.088991,1.4,11,14,16,1
2024/2025,South South,Delta,Oshimili South,Anala-Amakom,"Comprehensive High School, Anala-Amakom",Female,all,NECO,Polytechnic,112,89,63,30,28,0.177982,1.3,23,26,33,2
2024/2025,South South,Delta,Oshimili South,Anala-Amakom,"Comprehensive High School, Anala-Amakom",Female,all,WAEC,Polytechnic,153,123,86,41,38,0.244725,1.3,30,37,45,3
2024/2025,South South,Delta,Oshimili South,Anala-Amakom,"Comprehensive High School, Anala-Amakom",Female,disabled,NABTEB,Polytechnic,6,5,3,2,2,0.011124,1.4,1,2,1,0
2024/2025,South South,Delta,Oshimili South,Anala-Amakom,"Comprehensive High School, Anala-Amakom",Female,disabled,NECO,Polytechnic,6,5,3,2,2,0.011124,1.3,1,2,1,0
2024/2025,South South,Delta,Oshimili South,Anala-Amakom,"Comprehensive High School, Anala-Amakom",Female,disabled,WAEC,Polytechnic,13,10,7,3,3,0.022248,1.3,3,3,4,0
2024/2025,South South,Delta,Oshimili South,Anala-Amakom,"Comprehensive High School, Anala-Amakom",Male,all,NABTEB,Polytechnic,63,50,35,17,15,0.100115,1.4,13,15,18,2
2024/2025,South South,Delta,Oshimili South,Anala-Amakom,"Comprehensive High School, Anala-Amakom",Male,all,NECO,Polytechnic,126,101,70,34,31,0.200229,1.3,25,31,36,3
2024/2025,South South,Delta,Oshimili South,Anala-Amakom,"Comprehensive High School, Anala-Amakom",Male,all,WAEC,Polytechnic,160,129,90,43,40,0.255849,1.3,31,39,47,3
2024/2025,South South,Delta,Oshimili South,Anala-Amakom,"Comprehensive High School, Anala-Amakom",Male,disabled,NABTEB,Polytechnic,6,5,3,2,2,0.011124,1.4,1,2,1,0
2024/2025,South South,Delta,Oshimili South,Anala-Amakom,"Comprehensive High School, Anala-Amakom",Male,disabled,NECO,Polytechnic,6,5,3,2,2,0.011124,1.3,1,2,1,0
2024/2025,South South,Delta,Oshimili South,Anala-Amakom,"Comprehensive High School, Anala-Amakom",Male,disabled,WAEC,Polytechnic,13,10,7,3,3,0.022248,1.3,3,3,4,0
2024/2025,South South,Delta,Oshimili South,Anala-Amakom,"Government Secondary School, Anala-Amakom",Female,all,NABTEB,Polytechnic,28,22,16,8,7,0.044495,1.4,6,6,8,1
2024/2025,South South,Delta,Oshimili South,Anala-Amakom,"Government Secondary School, Anala-Amakom",Female,all,NECO,Polytechnic,49,39,27,13,12,0.077867,1.3,10,12,14,1
2024/2025,South South,Delta,Oshimili South,Anala-Amakom,"Government Secondary School, Anala-Amakom",Female,all,WAEC,Polytechnic,70,56,39,19,17,0.111239,1.3,14,17,20,2
2024/2025,South South,Delta,Oshimili South,Anala-Amakom,"Government Secondary School, Anala-Amakom",Female,disabled,NABTEB,Polytechnic,6,5,3,2,2,0.011124,1.4,1,2,1,0
2024/2025,South South,Delta,Oshimili South,Anala-Amakom,"Government Secondary School, Anala-Amakom",Female,disabled,NECO,Polytechnic,6,5,3,2,2,0.011124,1.3,1,2,1,0
2024/2025,South South,Delta,Oshimili South,Anala-Amakom,"Government Secondary School, Anala-Amakom",Female,disabled,WAEC,Polytechnic,6,5,3,2,2,0.011124,1.3,1,2,1,0
2024/2025,South South,Delta,Oshimili South,Anala-Amakom,"Government Secondary School, Anala-Amakom",Male,all,NABTEB,Polytechnic,28,22,16,8,7,0.044495,1.4,6,6,8,1
2024/2025,South South,Delta,Oshimili South,Anala-Amakom,"Government Secondary School, Anala-Amakom",Male,all,NECO,Polytechnic,49,39,27,13,12,0.077867,1.3,10,12,14,1
2024/2025,South South,Delta,Oshimili South,Anala-Amakom,"Government Secondary School, Anala-Amakom",Male,all,WAEC,Polytechnic,70,56,39,19,17,0.111239,1.3,14,17,20,2
2024/2025,South South,Delta,Oshimili South,Anala-Amakom,"Government Secondary School, Anala-Amakom",Male,disabled,NABTEB,Polytechnic,6,5,3,2,2,0.011124,1.4,1,2,1,0
2024/2025,South South,Delta,Oshimili South,Anala-Amakom,"Government Secondary School, Anala-Amakom",Male,disabled,NECO,Polytechnic,6,5,3,2,2,0.011124,1.3,1,2,1,0
2024/2025,South South,Delta,Oshimili South,Anala-Amakom,"Government Secondary School, Anala-Amakom",Male,disabled,WAEC,Polytechnic,6,5,3,2,2,0.011124,1.3,1,2,1,0
2024/2025,South South,Delta,Oshimili South,Anala-Amakom,"Unity College, Asaba",Female,all,NABTEB,Polytechnic,70,56,39,19,17,0.111239,1.4,14,17,20,2
2024/2025,South South,Delta,Oshimili South,Anala-Amakom,"Unity College, Asaba",Female,all,NECO,Polytechnic,140,112,78,37,34,0.222477,1.3,28,34,41,3
2024/2025,South South,Delta,Oshimili South,Anala-Amakom,"Unity College, Asaba",Female,all,WAEC,Polytechnic,160,129,90,43,40,0.255849,1.3,31,39,47,3
2024/2025,South South,Delta,Oshimili South,Anala-Amakom,"Unity College, Asaba",Female,disabled,NABTEB,Polytechnic,6,5,3,2,2,0.011124,1.4,1,2,1,0
2024/2025,South South,Delta,Oshimili South,Anala-Amakom,"Unity College, Asaba",Female,disabled,NECO,Polytechnic,6,5,3,2,2,0.011124,1.3,1,2,1,0
2024/2025,South South,Delta,Oshimili South,Anala-Amakom,"Unity College, Asaba",Female,disabled,WAEC,Polytechnic,13,10,7,3,3,0.022248,1.3,3,3,4,0
2024/2025,South South,Delta,Oshimili South,Anala-Amakom,"Unity College, Asaba",Male,all,NABTEB,Polytechnic,70,56,39,19,17,0.111239,1.4,14,17,20,2
2024/2025,South South,Delta,Oshimili South,Anala-Amakom,"Unity College, Asaba",Male,all,NECO,Polytechnic,126,101,70,34,31,0.200229,1.3,25,31,36,3
2024/2025,South South,Delta,Oshimili South,Anala-Amakom,"Unity College, Asaba",Male,all,WAEC,Polytechnic,174,140,98,47,43,0.278096,1.3,34,42,51,4
2024/2025,South South,Delta,Oshimili South,Anala-Amakom,"Unity College, Asaba",Male,disabled,NABTEB,Polytechnic,6,5,3,2,2,0.011124,1.4,1,2,1,0
2024/2025,South South,Delta,Oshimili South,Anala-Amakom,"Unity College, Asaba",Male,disabled,NECO,Polytechnic,6,5,3,2,2,0.011124,1.3,1,2,1,0
2024/2025,South South,Delta,Oshimili South,Anala-Amakom,"Unity College, Asaba",Male,disabled,WAEC,Polytechnic,13,10,7,3,3,0.022248,1.3,3,3,4,0
2024/2025,South South,Delta,Oshimili South,Cable Point I,"Community Secondary School, Cable Point I",Female,all,NABTEB,Polytechnic,63,50,35,17,15,0.100115,1.4,13,15,18,2
2024/2025,South South,Delta,Oshimili South,Cable Point I,"Community Secondary School, Cable Point I",Female,all,NECO,Polytechnic,105,84,59,28,26,0.166858,1.3,21,25,31,2
2024/2025,South South,Delta,Oshimili South,Cable Point I,"Community Secondary School, Cable Point I",Female,all,WAEC,Polytechnic,153,123,86,41,38,0.244725,1.3,30,37,45,3
2024/2025,South South,Delta,Oshimili South,Cable Point I,"Community Secondary School, Cable Point I",Female,disabled,NABTEB,Polytechnic,6,5,3,2,2,0.011124,1.4,1,2,1,0
2024/2025,South South,Delta,Oshimili South,Cable Point I,"Community Secondary School, Cable Point I",Female,disabled,NECO,Polytechnic,6,5,3,2,2,0.011124,1.3,1,2,1,0
2024/2025,South South,Delta,Oshimili South,Cable Point I,"Community Secondary School, Cable Point I",Female,disabled,WAEC,Polytechnic,6,5,3,2,2,0.011124,1.3,1,2,1,0
2024/2025,South South,Delta,Oshimili South,Cable Point I,"Community Secondary School, Cable Point I",Male,all,NABTEB,Polytechnic,70,56,39,19,17,0.111239,1.4,14,17,20,2
2024/2025,South South,Delta,Oshimili South,Cable Point I,"Community Secondary School, Cable Point I",Male,all,NECO,Polytechnic,98,78,55,26,24,0.155734,1.3,20,23,29,2
2024/2025,South South,Delta,Oshimili South,Cable Point I,"Community Secondary School, Cable Point I",Male,all,WAEC,Polytechnic,153,123,86,41,38,0.244725,1.3,30,37,45,3
2024/2025,South South,Delta,Oshimili South,Cable Point I,"Community Secondary School, Cable Point I",Male,disabled,NABTEB,Polytechnic,6,5,3,2,2,0.011124,1.4,1,2,1,0
2024/2025,South South,Delta,Oshimili South,Cable Point I,"Community Secondary School, Cable Point I",Male,disabled,NECO,Polytechnic,6,5,3,2,2,0.011124,1.3,1,2,1,0
2024/2025,South South,Delta,Oshimili South,Cable Point I,"Community Secondary School, Cable Point I",Male,disabled,WAEC,Polytechnic,6,5,3,2,2,0.011124,1.3,1,2,1,0
2024/2025,South South,Delta,Oshimili South,Cable Point I,"Comprehensive High School, Cable Point I",Female,all,NABTEB,Polytechnic,77,62,43,21,19,0.122362,1.4,15,19,22,2
2024/2025,South South,Delta,Oshimili South,Cable Point I,"Comprehensive High School, Cable Point I",Female,all,NECO,Polytechnic,140,112,78,37,34,0.222477,1.3,28,34,41,3
2024/2025,South South,Delta,Oshimili South,Cable Point I,"Comprehensive High School, Cable Point I",Female,all,WAEC,Polytechnic,195,157,110,53,48,0.311468,1.3,38,47,57,5
2024/2025,South South,Delta,Oshimili South,Cable Point I,"Comprehensive High School, Cable Point I",Female,disabled,NABTEB,Polytechnic,6,5,3,2,2,0.011124,1.4,1,2,1,0
2024/2025,South South,Delta,Oshimili South,Cable Point I,"Comprehensive High School, Cable Point I",Female,disabled,NECO,Polytechnic,13,10,7,3,3,0.022248,1.3,3,3,4,0
2024/2025,South South,Delta,Oshimili South,Cable Point I,"Comprehensive High School, Cable Point I",Female,disabled,WAEC,Polytechnic,19,14,10,5,5,0.033372,1.3,5,4,5,0
2024/2025,South South,Delta,Oshimili South,Cable Point I,"Comprehensive High School, Cable Point I",Male,all,NABTEB,Polytechnic,63,50,35,17,15,0.100115,1.4,13,15,18,2
2024/2025,South South,Delta,Oshimili South,Cable Point I,"Comprehensive High School, Cable Point I",Male,all,NECO,Polytechnic,112,89,63,30,28,0.177982,1.3,23,26,33,2
2024/2025,South South,Delta,Oshimili South,Cable Point I,"Comprehensive High School, Cable Point I",Male,all,WAEC,Polytechnic,160,129,90,43,40,0.255849,1.3,31,39,47,3
2024/2025,South South,Delta,Oshimili South,Cable Point I,"Comprehensive High School, Cable Point I",Male,disabled,NABTEB,Polytechnic,6,5,3,2,2,0.011124,1.4,1,2,1,0
2024/2025,South South,Delta,Oshimili South,Cable Point I,"Comprehensive High School, Cable Point I",Male,disabled,NECO,Polytechnic,6,5,3,2,2,0.011124,1.3,1,2,1,0
2024/2025,South South,Delta,Oshimili South,Cable Point I,"Comprehensive High School, Cable Point I",Male,disabled,WAEC,Polytechnic,13,10,7,3,3,0.022248,1.3,3,3,4,0
2024/2025,South South,Delta,Oshimili South,Cable Point I,"Government Secondary School, Cable Point I",Female,all,NABTEB,College of Education,49,39,27,13,12,0.077867,1.5,10,12,14,1
2024/2025,South South,Delta,Oshimili South,Cable Point I,"Government Secondary School, Cable Point I",Female,all,NECO,College of Education,77,62,43,21,19,0.122362,1.4,15,19,22,2
2024/2025,South South,Delta,Oshimili South,Cable Point I,"Government Secondary School, Cable Point I",Female,all,WAEC,College of Education,98,78,55,26,24,0.155734,1.4,20,23,29,2
2024/2025,South South,Delta,Oshimili South,Cable Point I,"Government Secondary School, Cable Point I",Female,disabled,NABTEB,College of Education,6,5,3,2,2,0.011124,1.5,1,2,1,0
2024/2025,South South,Delta,Oshimili South,Cable Point I,"Government Secondary School, Cable Point I",Female,disabled,NECO,College of Education,6,5,3,2,2,0.011124,1.4,1,2,1,0
2024/2025,South South,Delta,Oshimili South,Cable Point I,"Government Secondary School, Cable Point I",Female,disabled,WAEC,College of Education,6,5,3,2,2,0.011124,1.4,1,2,1,0
2024/2025,South South,Delta,Oshimili South,Cable Point I,"Government Secondary School, Cable Point I",Male,all,NABTEB,College of Education,49,39,27,13,12,0.077867,1.5,10,12,14,1
2024/2025,South South,Delta,Oshimili South,Cable Point I,"Government Secondary School, Cable Point I",Male,all,NECO,College of Education,91,73,51,24,22,0.14461,1.4,18,22,27,2
2024/2025,South South,Delta,Oshimili South,Cable Point I,"Government Secondary School, Cable Point I",Male,all,WAEC,College of Education,112,89,63,30,28,0.177982,1.4,23,26,33,2
2024/2025,South South,Delta,Oshimili South,Cable Point I,"Government Secondary School, Cable Point I",Male,disabled,NABTEB,College of Education,6,5,3,2,2,0.011124,1.5,1,2,1,0
2024/2025,South South,Delta,Oshimili South,Cable Point I,"Government Secondary School, Cable Point I",Male,disabled,NECO,College of Education,6,5,3,2,2,0.011124,1.4,1,2,1,0
2024/2025,South South,Delta,Oshimili South,Cable Point I,"Government Secondary School, Cable Point I",Male,disabled,WAEC,College of Education,6,5,3,2,2,0.011124,1.4,1,2,1,0
2024/2025,South South,Delta,Oshimili South,Cable Point I,"Unity College, Asaba",Female,all,NABTEB,Polytechnic,49,39,27,13,12,0.077867,1.4,10,12,14,1
2024/2025,South South,Delta,Oshimili South,Cable Point I,"Unity College, Asaba",Female,all,NECO,Polytechnic,105,84,59,28,26,0.166858,1.3,21,25,31,2
2024/2025,South South,Delta,Oshimili South,Cable Point I,"Unity College, Asaba",Female,all,WAEC,Polytechnic,153,123,86,41,38,0.244725,1.3,30,37,45,3
2024/2025,South South,Delta,Oshimili South,Cable Point I,"Unity College, Asaba",Female,disabled,NABTEB,Polytechnic,6,5,3,2,2,0.011124,1.4,1,2,1,0
2024/2025,South South,Delta,Oshimili South,Cable Point I,"Unity College, Asaba",Female,disabled,NECO,Polytechnic,6,5,3,2,2,0.011124,1.3,1,2,1,0
2024/2025,South South,Delta,Oshimili South,Cable Point I,"Unity College, Asaba",Female,disabled,WAEC,Polytechnic,13,10,7,3,3,0.022248,1.3,3,3,4,0
2024/2025,South South,Delta,Oshimili South,Cable Point I,"Unity College, Asaba",Male,all,NABTEB,Polytechnic,42,34,24,11,10,0.066743,1.4,8,10,13,1
2024/2025,South South,Delta,Oshimili South,Cable Point I,"Unity College, Asaba",Male,all,NECO,Polytechnic,91,73,51,24,22,0.14461,1.3,18,22,27,2
2024/2025,South South,Delta,Oshimili South,Cable Point I,"Unity College, Asaba",Male,all,WAEC,Polytechnic,126,101,70,34,31,0.200229,1.3,25,31,36,3
2024/2025,South South,Delta,Oshimili South,Cable Point I,"Unity College, Asaba",Male,disabled,NABTEB,Polytechnic,6,5,3,2,2,0.011124,1.4,1,2,1,0
2024/2025,South South,Delta,Oshimili South,Cable Point I,"Unity College, Asaba",Male,disabled,NECO,Polytechnic,6,5,3,2,2,0.011124,1.3,1,2,1,0
2024/2025,South South,Delta,Oshimili South,Cable Point I,"Unity College, Asaba",Male,disabled,WAEC,Polytechnic,13,10,7,3,3,0.022248,1.3,3,3,4,0
2024/2025,South South,Delta,Uvwie,Army Barracks Area,"Community Secondary School, Army Barracks Area",Female,all,NABTEB,College of Education,70,56,39,19,17,0.111239,1.5,14,17,20,2
2024/2025,South South,Delta,Uvwie,Army Barracks Area,"Community Secondary School, Army Barracks Area",Female,all,NECO,College of Education,140,112,78,37,34,0.222477,1.4,28,34,41,3
2024/2025,South South,Delta,Uvwie,Army Barracks Area,"Community Secondary School, Army Barracks Area",Female,all,WAEC,College of Education,167,134,94,45,41,0.266972,1.4,33,40,49,4
2024/2025,South South,Delta,Uvwie,Army Barracks Area,"Community Secondary School, Army Barracks Area",Female,disabled,NABTEB,College of Education,6,5,3,2,2,0.011124,1.5,1,2,1,0
2024/2025,South South,Delta,Uvwie,Army Barracks Area,"Community Secondary School, Army Barracks Area",Female,disabled,NECO,College of Education,6,5,3,2,2,0.011124,1.4,1,2,1,0
2024/2025,South South,Delta,Uvwie,Army Barracks Area,"Community Secondary School, Army Barracks Area",Female,disabled,WAEC,College of Education,13,10,7,3,3,0.022248,1.4,3,3,4,0
2024/2025,South South,Delta,Uvwie,Army Barracks Area,"Community Secondary School, Army Barracks Area",Male,all,NABTEB,College of Education,56,45,31,15,14,0.088991,1.5,11,14,16,1
2024/2025,South South,Delta,Uvwie,Army Barracks Area,"Community Secondary School, Army Barracks Area",Male,all,NECO,College of Education,119,95,67,32,29,0.189105,1.4,24,28,35,3
2024/2025,South South,Delta,Uvwie,Army Barracks Area,"Community Secondary School, Army Barracks Area",Male,all,WAEC,College of Education,140,112,78,37,34,0.222477,1.4,28,34,41,3
2024/2025,South South,Delta,Uvwie,Army Barracks Area,"Community Secondary School, Army Barracks Area",Male,disabled,NABTEB,College of Education,6,5,3,2,2,0.011124,1.5,1,2,1,0
2024/2025,South South,Delta,Uvwie,Army Barracks Area,"Community Secondary School, Army Barracks Area",Male,disabled,NECO,College of Education,6,5,3,2,2,0.011124,1.4,1,2,1,0
2024/2025,South South,Delta,Uvwie,Army Barracks Area,"Community Secondary School, Army Barracks Area",Male,disabled,WAEC,College of Education,6,5,3,2,2,0.011124,1.4,1,2,1,0
2024/2025,South South,Delta,Uvwie,Army Barracks Area,"Comprehensive High School, Army Barracks Area",Female,all,NABTEB,College of Education,56,45,31,15,14,0.088991,1.5,11,14,16,1
2024/2025,South South,Delta,Uvwie,Army Barracks Area,"Comprehensive High School, Army Barracks Area",Female,all,NECO,College of Education,98,78,55,26,24,0.155734,1.4,20,23,29,2
2024/2025,South South,Delta,Uvwie,Army Barracks Area,"Comprehensive High School, Army Barracks Area",Female,all,WAEC,College of Education,119,95,67,32,29,0.189105,1.4,24,28,35,3
2024/2025,South South,Delta,Uvwie,Army Barracks Area,"Comprehensive High School, Army Barracks Area",Female,disabled,NABTEB,College of Education,6,5,3,2,2,0.011124,1.5,1,2,1,0
2024/2025,South South,Delta,Uvwie,Army Barracks Area,"Comprehensive High School, Army Barracks Area",Female,disabled,NECO,College of Education,6,5,3,2,2,0.011124,1.4,1,2,1,0
2024/2025,South South,Delta,Uvwie,Army Barracks Area,"Comprehensive High School, Army Barracks Area",Female,disabled,WAEC,College of Education,6,5,3,2,2,0.011124,1.4,1,2,1,0
2024/2025,South South,Delta,Uvwie,Army Barracks Area,"Comprehensive High School, Army Barracks Area",Male,all,NABTEB,College of Education,56,45,31,15,14,0.088991,1.5,11,14,16,1
2024/2025,South South,Delta,Uvwie,Army Barracks Area,"Comprehensive High School, Army Barracks Area",Male,all,NECO,College of Education,105,84,59,28,26,0.166858,1.4,21,25,31,2
2024/2025,South South,Delta,Uvwie,Army Barracks Area,"Comprehensive High School, Army Barracks Area",Male,all,WAEC,College of Education,126,101,71,34,31,0.200229,1.4,25,30,37,3
2024/2025,South South,Delta,Uvwie,Army Barracks Area,"Comprehensive High School, Army Barracks Area",Male,disabled,NABTEB,College of Education,6,5,3,2,2,0.011124,1.5,1,2,1,0
2024/2025,South South,Delta,Uvwie,Army Barracks Area,"Comprehensive High School, Army Barracks Area",Male,disabled,NECO,College of Education,6,5,3,2,2,0.011124,1.4,1,2,1,0
2024/2025,South South,Delta,Uvwie,Army Barracks Area,"Comprehensive High School, Army Barracks Area",Male,disabled,WAEC,College of Education,6,5,3,2,2,0.011124,1.4,1,2,1,0
2024/2025,South South,Delta,Uvwie,Army Barracks Area,"Government Secondary School, Army Barracks Area",Female,all,NABTEB,College of Education,63,50,35,17,15,0.100115,1.5,13,15,18,2
2024/2025,South South,Delta,Uvwie,Army Barracks Area,"Government Secondary School, Army Barracks Area",Female,all,NECO,College of Education,146,117,82,39,36,0.233601,1.4,29,35,43,3
2024/2025,South South,Delta,Uvwie,Army Barracks Area,"Government Secondary School, Army Barracks Area",Female,all,WAEC,College of Education,167,134,94,45,41,0.266972,1.4,33,40,49,4
2024/2025,South South,Delta,Uvwie,Army Barracks Area,"Government Secondary School, Army Barracks Area",Female,disabled,NABTEB,College of Education,6,5,3,2,2,0.011124,1.5,1,2,1,0
2024/2025,South South,Delta,Uvwie,Army Barracks Area,"Government Secondary School, Army Barracks Area",Female,disabled,NECO,College of Education,13,10,7,3,3,0.022248,1.4,3,3,4,0
2024/2025,South South,Delta,Uvwie,Army Barracks Area,"Government Secondary School, Army Barracks Area",Female,disabled,WAEC,College of Education,13,10,7,3,3,0.022248,1.4,3,3,4,0
2024/2025,South South,Delta,Uvwie,Army Barracks Area,"Government Secondary School, Army Barracks Area",Male,all,NABTEB,College of Education,63,50,35,17,15,0.100115,1.5,13,15,18,2
2024/2025,South South,Delta,Uvwie,Army Barracks Area,"Government Secondary School, Army Barracks Area",Male,all,NECO,College of Education,146,117,82,39,36,0.233601,1.4,29,35,43,3
2024/2025,South South,Delta,Uvwie,Army Barracks Area,"Government Secondary School, Army Barracks Area",Male,all,WAEC,College of Education,167,134,94,45,41,0.266972,1.4,33,40,49,4
2024/2025,South South,Delta,Uvwie,Army Barracks Area,"Government Secondary School, Army Barracks Area",Male,disabled,NABTEB,College of Education,6,5,3,2,2,0.011124,1.5,1,2,1,0
2024/2025,South South,Delta,Uvwie,Army Barracks Area,"Government Secondary School, Army Barracks Area",Male,disabled,NECO,College of Education,13,10,7,3,3,0.022248,1.4,3,3,4,0
2024/2025,South South,Delta,Uvwie,Army Barracks Area,"Government Secondary School, Army Barracks Area",Male,disabled,WAEC,College of Education,13,10,7,3,3,0.022248,1.4,3,3,4,0
2024/2025,South South,Delta,Uvwie,Army Barracks Area,"Unity College, Uvwie",Female,all,NABTEB,College of Education,35,28,20,9,9,0.055619,1.5,7,8,11,0
2024/2025,South South,Delta,Uvwie,Army Barracks Area,"Unity College, Uvwie",Female,all,NECO,College of Education,56,45,31,15,14,0.088991,1.4,11,14,16,1
2024/2025,South South,Delta,Uvwie,Army Barracks Area,"Unity College, Uvwie",Female,all,WAEC,College of Education,63,50,35,17,15,0.100115,1.4,13,15,18,2
2024/2025,South South,Delta,Uvwie,Army Barracks Area,"Unity College, Uvwie",Female,disabled,NABTEB,College of Education,6,5,3,2,2,0.011124,1.5,1,2,1,0
2024/2025,South South,Delta,Uvwie,Army Barracks Area,"Unity College, Uvwie",Female,disabled,NECO,College of Education,6,5,3,2,2,0.011124,1.4,1,2,1,0
2024/2025,South South,Delta,Uvwie,Army Barracks Area,"Unity College, Uvwie",Female,disabled,WAEC,College of Education,6,5,3,2,2,0.011124,1.4,1,2,1,0
2024/2025,South South,Delta,Uvwie,Army Barracks Area,"Unity College, Uvwie",Male,all,NABTEB,College of Education,28,22,16,8,7,0.044495,1.5,6,6,8,1
2024/2025,South South,Delta,Uvwie,Army Barracks Area,"Unity College, Uvwie",Male,all,NECO,College of Education,42,34,24,11,10,0.066743,1.4,8,10,13,1
2024/2025,South South,Delta,Uvwie,Army Barracks Area,"Unity College, Uvwie",Male,all,WAEC,College of Education,56,45,31,15,14,0.088991,1.4,11,14,16,1
2024/2025,South South,Delta,Uvwie,Army Barracks Area,"Unity College, Uvwie",Male,disabled,NABTEB,College of Education,6,5,3,2,2,0.011124,1.5,1,2,1,0
2024/2025,South South,Delta,Uvwie,Army Barracks Area,"Unity College, Uvwie",Male,disabled,NECO,College of Education,6,5,3,2,2,0.011124,1.4,1,2,1,0
2024/2025,South South,Delta,Uvwie,Army Barracks Area,"Unity College, Uvwie",Male,disabled,WAEC,College of Education,6,5,3,2,2,0.011124,1.4,1,2,1,0
2024/2025,South South,Delta,Uvwie,Effurun I,"Community Secondary School, Effurun I",Female,all,NABTEB,Polytechnic,56,45,31,15,14,0.088991,1.4,11,14,16,1
2024/2025,South South,Delta,Uvwie,Effurun I,"Community Secondary School, Effurun I",Female,all,NECO,Polytechnic,126,101,70,34,31,0.200229,1.3,25,31,36,3
2024/2025,South South,Delta,Uvwie,Effurun I,"Community Secondary School, Effurun I",Female,all,WAEC,Polytechnic,153,123,86,41,38,0.244725,1.3,30,37,45,3
2024/2025,South South,Delta,Uvwie,Effurun I,"Community Secondary School, Effurun I",Female,disabled,NABTEB,Polytechnic,6,5,3,2,2,0.011124,1.4,1,2,1,0
2024/2025,South South,Delta,Uvwie,Effurun I,"Community Secondary School, Effurun I",Female,disabled,NECO,Polytechnic,6,5,3,2,2,0.011124,1.3,1,2,1,0
2024/2025,South South,Delta,Uvwie,Effurun I,"Community Secondary School, Effurun I",Female,disabled,WAEC,Polytechnic,13,10,7,3,3,0.022248,1.3,3,3,4,0
2024/2025,South South,Delta,Uvwie,Effurun I,"Community Secondary School, Effurun I",Male,all,NABTEB,Polytechnic,77,61,43,21,19,0.122362,1.4,16,18,22,2
2024/2025,South South,Delta,Uvwie,Effurun I,"Community Secondary School, Effurun I",Male,all,NECO,Polytechnic,133,106,74,36,33,0.211353,1.3,27,32,38,3
2024/2025,South South,Delta,Uvwie,Effurun I,"Community Secondary School, Effurun I",Male,all,WAEC,Polytechnic,188,151,106,51,46,0.300344,1.3,37,45,55,5
2024/2025,South South,Delta,Uvwie,Effurun I,"Community Secondary School, Effurun I",Male,disabled,NABTEB,Polytechnic,6,5,3,2,2,0.011124,1.4,1,2,1,0
2024/2025,South South,Delta,Uvwie,Effurun I,"Community Secondary School, Effurun I",Male,disabled,NECO,Polytechnic,13,10,7,3,3,0.022248,1.3,3,3,4,0
2024/2025,South South,Delta,Uvwie,Effurun I,"Community Secondary School, Effurun I",Male,disabled,WAEC,Polytechnic,13,10,7,3,3,0.022248,1.3,3,3,4,0
2024/2025,South South,Delta,Uvwie,Effurun I,"Comprehensive High School, Effurun I",Female,all,NABTEB,College of Education,49,39,27,13,12,0.077867,1.5,10,12,14,1
2024/2025,South South,Delta,Uvwie,Effurun I,"Comprehensive High School, Effurun I",Female,all,NECO,College of Education,98,78,55,26,24,0.155734,1.4,20,23,29,2
2024/2025,South South,Delta,Uvwie,Effurun I,"Comprehensive High School, Effurun I",Female,all,WAEC,College of Education,140,112,78,37,34,0.222477,1.4,28,34,41,3
2024/2025,South South,Delta,Uvwie,Effurun I,"Comprehensive High School, Effurun I",Female,disabled,NABTEB,College of Education,6,5,3,2,2,0.011124,1.5,1,2,1,0
2024/2025,South South,Delta,Uvwie,Effurun I,"Comprehensive High School, Effurun I",Female,disabled,NECO,College of Education,6,5,3,2,2,0.011124,1.4,1,2,1,0
2024/2025,South South,Delta,Uvwie,Effurun I,"Comprehensive High School, Effurun I",Female,disabled,WAEC,College of Education,6,5,3,2,2,0.011124,1.4,1,2,1,0
2024/2025,South South,Delta,Uvwie,Effurun I,"Comprehensive High School, Effurun I",Male,all,NABTEB,College of Education,49,39,27,13,12,0.077867,1.5,10,12,14,1
2024/2025,South South,Delta,Uvwie,Effurun I,"Comprehensive High School, Effurun I",Male,all,NECO,College of Education,84,67,47,22,21,0.133486,1.4,17,20,25,1
2024/2025,South South,Delta,Uvwie,Effurun I,"Comprehensive High School, Effurun I",Male,all,WAEC,College of Education,112,89,63,30,28,0.177982,1.4,23,26,33,2
2024/2025,South South,Delta,Uvwie,Effurun I,"Comprehensive High School, Effurun I",Male,disabled,NABTEB,College of Education,6,5,3,2,2,0.011124,1.5,1,2,1,0
2024/2025,South South,Delta,Uvwie,Effurun I,"Comprehensive High School, Effurun I",Male,disabled,NECO,College of Education,6,5,3,2,2,0.011124,1.4,1,2,1,0
2024/2025,South South,Delta,Uvwie,Effurun I,"Comprehensive High School, Effurun I",Male,disabled,WAEC,College of Education,6,5,3,2,2,0.011124,1.4,1,2,1,0
2024/2025,South South,Delta,Uvwie,Effurun I,"Government Secondary School, Effurun I",Female,all,NABTEB,University,42,34,24,11,10,0.066743,1.2,8,10,13,1
2024/2025,South South,Delta,Uvwie,Effurun I,"Government Secondary School, Effurun I",Female,all,NECO,University,77,62,43,21,19,0.122362,1.2,15,19,22,2
2024/2025,South South,Delta,Uvwie,Effurun I,"Government Secondary School, Effurun I",Female,all,WAEC,University,112,89,63,30,28,0.177982,1.2,23,26,33,2
2024/2025,South South,Delta,Uvwie,Effurun I,"Government Secondary School, Effurun I",Female,disabled,NABTEB,University,6,5,3,2,2,0.011124,1.2,1,2,1,0
2024/2025,South South,Delta,Uvwie,Effurun I,"Government Secondary School, Effurun I",Female,disabled,NECO,University,6,5,3,2,2,0.011124,1.2,1,2,1,0
2024/2025,South South,Delta,Uvwie,Effurun I,"Government Secondary School, Effurun I",Female,disabled,WAEC,University,6,5,3,2,2,0.011124,1.2,1,2,1,0
2024/2025,South South,Delta,Uvwie,Effurun I,"Government Secondary School, Effurun I",Male,all,NABTEB,University,42,34,24,11,10,0.066743,1.2,8,10,13,1
2024/2025,South South,Delta,Uvwie,Effurun I,"Government Secondary School, Effurun I",Male,all,NECO,University,77,62,43,21,19,0.122362,1.2,15,19,22,2
2024/2025,South South,Delta,Uvwie,Effurun I,"Government Secondary School, Effurun I",Male,all,WAEC,University,98,78,55,26,24,0.155734,1.2,20,23,29,2
2024/2025,South South,Delta,Uvwie,Effurun I,"Government Secondary School, Effurun I",Male,disabled,NABTEB,University,6,5,3,2,2,0.011124,1.2,1,2,1,0
2024/2025,South South,Delta,Uvwie,Effurun I,"Government Secondary School, Effurun I",Male,disabled,NECO,University,6,5,3,2,2,0.011124,1.2,1,2,1,0
2024/2025,South South,Delta,Uvwie,Effurun I,"Government Secondary School, Effurun I",Male,disabled,WAEC,University,6,5,3,2,2,0.011124,1.2,1,2,1,0
2024/2025,South South,Delta,Uvwie,Effurun I,"Unity College, Uvwie",Female,all,NABTEB,College of Education,56,45,31,15,14,0.088991,1.5,11,14,16,1
2024/2025,South South,Delta,Uvwie,Effurun I,"Unity College, Uvwie",Female,all,NECO,College of Education,98,78,55,26,24,0.155734,1.4,20,23,29,2
2024/2025,South South,Delta,Uvwie,Effurun I,"Unity College, Uvwie",Female,all,WAEC,College of Education,146,117,82,39,36,0.233601,1.4,29,35,43,3
2024/2025,South South,Delta,Uvwie,Effurun I,"Unity College, Uvwie",Female,disabled,NABTEB,College of Education,6,5,3,2,2,0.011124,1.5,1,2,1,0
2024/2025,South South,Delta,Uvwie,Effurun I,"Unity College, Uvwie",Female,disabled,NECO,College of Education,6,5,3,2,2,0.011124,1.4,1,2,1,0
2024/2025,South South,Delta,Uvwie,Effurun I,"Unity College, Uvwie",Female,disabled,WAEC,College of Education,6,5,3,2,2,0.011124,1.4,1,2,1,0
2024/2025,South South,Delta,Uvwie,Effurun I,"Unity College, Uvwie",Male,all,NABTEB,College of Education,56,45,31,15,14,0.088991,1.5,11,14,16,1
2024/2025,South South,Delta,Uvwie,Effurun I,"Unity College, Uvwie",Male,all,NECO,College of Education,98,78,55,26,24,0.155734,1.4,20,23,29,2
2024/2025,South South,Delta,Uvwie,Effurun I,"Unity College, Uvwie",Male,all,WAEC,College of Education,146,117,82,39,36,0.233601,1.4,29,35,43,3
2024/2025,South South,Delta,Uvwie,Effurun I,"Unity College, Uvwie",Male,disabled,NABTEB,College of Education,6,5,3,2,1,0.011124,1.5,1,2,1,1
2024/2025,South South,Delta,Uvwie,Effurun I,"Unity College, Uvwie",Male,disabled,NECO,College of Education,6,5,3,2,1,0.011124,1.4,1,2,1,1
2024/2025,South South,Delta,Uvwie,Effurun I,"Unity College, Uvwie",Male,disabled,WAEC,College of Education,6,5,4,2,1,0.011124,1.4,1,1,2,1
2024/2025,South South,Delta,Uvwie,Effurun II,"Community Secondary School, Effurun II",Female,all,NABTEB,Polytechnic,63,50,35,17,15,0.100115,1.4,13,15,18,2
2024/2025,South South,Delta,Uvwie,Effurun II,"Community Secondary School, Effurun II",Female,all,NECO,Polytechnic,133,106,74,36,33,0.211353,1.3,27,32,38,3
2024/2025,South South,Delta,Uvwie,Effurun II,"Community Secondary School, Effurun II",Female,all,WAEC,Polytechnic,167,134,94,45,41,0.266972,1.3,33,40,49,4
2024/2025,South South,Delta,Uvwie,Effurun II,"Community Secondary School, Effurun II",Female,disabled,NABTEB,Polytechnic,6,5,4,2,1,0.011124,1.4,1,1,2,1
2024/2025,South South,Delta,Uvwie,Effurun II,"Community Secondary School, Effurun II",Female,disabled,NECO,Polytechnic,13,10,7,3,3,0.022248,1.3,3,3,4,0
2024/2025,South South,Delta,Uvwie,Effurun II,"Community Secondary School, Effurun II",Female,disabled,WAEC,Polytechnic,19,14,10,5,5,0.033372,1.3,5,4,5,0
2024/2025,South South,Delta,Uvwie,Effurun II,"Community Secondary School, Effurun II",Male,all,NABTEB,Polytechnic,56,45,31,15,14,0.088991,1.4,11,14,16,1
2024/2025,South South,Delta,Uvwie,Effurun II,"Community Secondary School, Effurun II",Male,all,NECO,Polytechnic,126,101,71,34,31,0.200229,1.3,25,30,37,3
2024/2025,South South,Delta,Uvwie,Effurun II,"Community Secondary School, Effurun II",Male,all,WAEC,Polytechnic,153,123,86,41,38,0.244725,1.3,30,37,45,3
2024/2025,South South,Delta,Uvwie,Effurun II,"Community Secondary School, Effurun II",Male,disabled,NABTEB,Polytechnic,6,5,4,2,1,0.011124,1.4,1,1,2,1
2024/2025,South South,Delta,Uvwie,Effurun II,"Community Secondary School, Effurun II",Male,disabled,NECO,Polytechnic,13,10,7,3,3,0.022248,1.3,3,3,4,0
2024/2025,South South,Delta,Uvwie,Effurun II,"Community Secondary School, Effurun II",Male,disabled,WAEC,Polytechnic,13,10,7,3,3,0.022248,1.3,3,3,4,0
2024/2025,South South,Delta,Uvwie,Effurun II,"Comprehensive High School, Effurun II",Female,all,NABTEB,College of Education,77,62,43,21,19,0.122362,1.5,15,19,22,2
2024/2025,South South,Delta,Uvwie,Effurun II,"Comprehensive High School, Effurun II",Female,all,NECO,College of Education,140,112,78,37,34,0.222477,1.4,28,34,41,3
2024/2025,South South,Delta,Uvwie,Effurun II,"Comprehensive High School, Effurun II",Female,all,WAEC,College of Education,153,123,86,41,38,0.244725,1.4,30,37,45,3
2024/2025,South South,Delta,Uvwie,Effurun II,"Comprehensive High School, Effurun II",Female,disabled,NABTEB,College of Education,6,5,4,2,1,0.011124,1.5,1,1,2,1
2024/2025,South South,Delta,Uvwie,Effurun II,"Comprehensive High School, Effurun II",Female,disabled,NECO,College of Education,6,5,4,2,1,0.011124,1.4,1,1,2,1
2024/2025,South South,Delta,Uvwie,Effurun II,"Comprehensive High School, Effurun II",Female,disabled,WAEC,College of Education,6,5,4,2,1,0.011124,1.4,1,1,2,1
2024/2025,South South,Delta,Uvwie,Effurun II,"Comprehensive High School, Effurun II",Male,all,NABTEB,College of Education,63,50,35,17,15,0.100115,1.5,13,15,18,2
2024/2025,South South,Delta,Uvwie,Effurun II,"Comprehensive High School, Effurun II",Male,all,NECO,College of Education,112,89,63,30,28,0.177982,1.4,23,26,33,2
2024/2025,South South,Delta,Uvwie,Effurun II,"Comprehensive High School, Effurun II",Male,all,WAEC,College of Education,126,101,70,34,31,0.200229,1.4,25,31,36,3
2024/2025,South South,Delta,Uvwie,Effurun II,"Comprehensive High School, Effurun II",Male,disabled,NABTEB,College of Education,6,5,4,2,1,0.011124,1.5,1,1,2,1
2024/2025,South South,Delta,Uvwie,Effurun II,"Comprehensive High School, Effurun II",Male,disabled,NECO,College of Education,6,5,4,2,1,0.011124,1.4,1,1,2,1
2024/2025,South South,Delta,Uvwie,Effurun II,"Comprehensive High School, Effurun II",Male,disabled,WAEC,College of Education,6,5,4,2,1,0.011124,1.4,1,1,2,1
2024/2025,South South,Delta,Uvwie,Effurun II,"Government Secondary School, Effurun II",Female,all,NABTEB,Polytechnic,63,50,35,17,15,0.100115,1.4,13,15,18,2
2024/2025,South South,Delta,Uvwie,Effurun II,"Government Secondary School, Effurun II",Female,all,NECO,Polytechnic,126,101,70,34,31,0.200229,1.3,25,31,36,3
2024/2025,South South,Delta,Uvwie,Effurun II,"Government Secondary School, Effurun II",Female,all,WAEC,Polytechnic,167,134,94,45,41,0.266972,1.3,33,40,49,4
2024/2025,South South,Delta,Uvwie,Effurun II,"Government Secondary School, Effurun II",Female,disabled,NABTEB,Polytechnic,6,5,4,2,1,0.011124,1.4,1,1,2,1
2024/2025,South South,Delta,Uvwie,Effurun II,"Government Secondary School, Effurun II",Female,disabled,NECO,Polytechnic,6,5,4,2,1,0.011124,1.3,1,1,2,1
2024/2025,South South,Delta,Uvwie,Effurun II,"Government Secondary School, Effurun II",Female,disabled,WAEC,Polytechnic,6,5,4,2,1,0.011124,1.3,1,1,2,1
2024/2025,South South,Delta,Uvwie,Effurun II,"Government Secondary School, Effurun II",Male,all,NABTEB,Polytechnic,56,45,31,15,14,0.088991,1.4,11,14,16,1
2024/2025,South South,Delta,Uvwie,Effurun II,"Government Secondary School, Effurun II",Male,all,NECO,Polytechnic,112,89,63,30,28,0.177982,1.3,23,26,33,2
2024/2025,South South,Delta,Uvwie,Effurun II,"Government Secondary School, Effurun II",Male,all,WAEC,Polytechnic,153,123,86,41,38,0.244725,1.3,30,37,45,3
2024/2025,South South,Delta,Uvwie,Effurun II,"Government Secondary School, Effurun II",Male,disabled,NABTEB,Polytechnic,7,5,4,2,1,0.011124,1.4,2,1,2,1
2024/2025,South South,Delta,Uvwie,Effurun II,"Government Secondary School, Effurun II",Male,disabled,NECO,Polytechnic,7,5,4,2,1,0.011124,1.3,2,1,2,1
2024/2025,South South,Delta,Uvwie,Effurun II,"Government Secondary School, Effurun II",Male,disabled,WAEC,Polytechnic,6,5,4,2,1,0.011124,1.3,1,1,2,1
2024/2025,South South,Delta,Uvwie,Effurun II,"Unity College, Uvwie",Female,all,NABTEB,College of Education,35,28,20,9,9,0.055619,1.5,7,8,11,0
2024/2025,South South,Delta,Uvwie,Effurun II,"Unity College, Uvwie",Female,all,NECO,College of Education,56,45,31,15,14,0.088991,1.4,11,14,16,1
2024/2025,South South,Delta,Uvwie,Effurun II,"Unity College, Uvwie",Female,all,WAEC,College of Education,77,62,43,21,19,0.122362,1.4,15,19,22,2
2024/2025,South South,Delta,Uvwie,Effurun II,"Unity College, Uvwie",Female,disabled,NABTEB,College of Education,6,5,4,2,1,0.011124,1.5,1,1,2,1
2024/2025,South South,Delta,Uvwie,Effurun II,"Unity College, Uvwie",Female,disabled,NECO,College of Education,6,5,4,2,1,0.011124,1.4,1,1,2,1
2024/2025,South South,Delta,Uvwie,Effurun II,"Unity College, Uvwie",Female,disabled,WAEC,College of Education,6,5,4,2,1,0.011124,1.4,1,1,2,1
2024/2025,South South,Delta,Uvwie,Effurun II,"Unity College, Uvwie",Male,all,NABTEB,College of Education,35,28,20,9,9,0.055619,1.5,7,8,11,0
2024/2025,South South,Delta,Uvwie,Effurun II,"Unity College, Uvwie",Male,all,NECO,College of Education,56,45,31,15,14,0.088991,1.4,11,14,16,1
2024/2025,South South,Delta,Uvwie,Effurun II,"Unity College, Uvwie",Male,all,WAEC,College of Education,77,61,43,21,19,0.122362,1.4,16,18,22,2
2024/2025,South South,Delta,Uvwie,Effurun II,"Unity College, Uvwie",Male,disabled,NABTEB,College of Education,6,5,4,2,1,0.011124,1.5,1,1,2,1
2024/2025,South South,Delta,Uvwie,Effurun II,"Unity College, Uvwie",Male,disabled,NECO,College of Education,6,5,4,2,1,0.011124,1.4,1,1,2,1
2024/2025,South South,Delta,Uvwie,Effurun II,"Unity College, Uvwie",Male,disabled,WAEC,College of Education,6,5,4,2,1,0.011124,1.4,1,1,2,1
2024/2025,South South,Delta,Warri North,Ebrohimi,"Community Secondary School, Ebrohimi",Female,all,NABTEB,Polytechnic,49,39,27,13,12,0.077867,1.4,10,12,14,1
2024/2025,South South,Delta,Warri North,Ebrohimi,"Community Secondary School, Ebrohimi",Female,all,NECO,Polytechnic,91,73,51,24,22,0.14461,1.3,18,22,27,2
2024/2025,South South,Delta,Warri North,Ebrohimi,"Community Secondary School, Ebrohimi",Female,all,WAEC,Polytechnic,140,112,78,37,34,0.222477,1.3,28,34,41,3
2024/2025,South South,Delta,Warri North,Ebrohimi,"Community Secondary School, Ebrohimi",Female,disabled,NABTEB,Polytechnic,6,5,4,2,1,0.011124,1.4,1,1,2,1
2024/2025,South South,Delta,Warri North,Ebrohimi,"Community Secondary School, Ebrohimi",Female,disabled,NECO,Polytechnic,6,5,4,2,1,0.011124,1.3,1,1,2,1
2024/2025,South South,Delta,Warri North,Ebrohimi,"Community Secondary School, Ebrohimi",Female,disabled,WAEC,Polytechnic,6,5,4,2,1,0.011124,1.3,1,1,2,1
2024/2025,South South,Delta,Warri North,Ebrohimi,"Community Secondary School, Ebrohimi",Male,all,NABTEB,Polytechnic,49,39,27,13,12,0.077867,1.4,10,12,14,1
2024/2025,South South,Delta,Warri North,Ebrohimi,"Community Secondary School, Ebrohimi",Male,all,NECO,Polytechnic,77,61,43,21,19,0.122362,1.3,16,18,22,2
2024/2025,South South,Delta,Warri North,Ebrohimi,"Community Secondary School, Ebrohimi",Male,all,WAEC,Polytechnic,119,95,67,32,29,0.189105,1.3,24,28,35,3
2024/2025,South South,Delta,Warri North,Ebrohimi,"Community Secondary School, Ebrohimi",Male,disabled,NABTEB,Polytechnic,6,5,4,2,1,0.011124,1.4,1,1,2,1
2024/2025,South South,Delta,Warri North,Ebrohimi,"Community Secondary School, Ebrohimi",Male,disabled,NECO,Polytechnic,6,5,4,2,1,0.011124,1.3,1,1,2,1
2024/2025,South South,Delta,Warri North,Ebrohimi,"Community Secondary School, Ebrohimi",Male,disabled,WAEC,Polytechnic,6,5,4,2,1,0.011124,1.3,1,1,2,1
2024/2025,South South,Delta,Warri North,Ebrohimi,"Comprehensive High School, Ebrohimi",Female,all,NABTEB,Polytechnic,63,50,35,17,15,0.100115,1.4,13,15,18,2
2024/2025,South South,Delta,Warri North,Ebrohimi,"Comprehensive High School, Ebrohimi",Female,all,NECO,Polytechnic,119,95,67,32,29,0.189105,1.3,24,28,35,3
2024/2025,South South,Delta,Warri North,Ebrohimi,"Comprehensive High School, Ebrohimi",Female,all,WAEC,Polytechnic,195,157,110,52,48,0.311468,1.3,38,47,58,4
2024/2025,South South,Delta,Warri North,Ebrohimi,"Comprehensive High School, Ebrohimi",Female,disabled,NABTEB,Polytechnic,6,5,4,2,1,0.011124,1.4,1,1,2,1
2024/2025,South South,Delta,Warri North,Ebrohimi,"Comprehensive High School, Ebrohimi",Female,disabled,NECO,Polytechnic,13,10,7,3,3,0.022248,1.3,3,3,4,0
2024/2025,South South,Delta,Warri North,Ebrohimi,"Comprehensive High School, Ebrohimi",Female,disabled,WAEC,Polytechnic,19,14,10,5,5,0.033372,1.3,5,4,5,0
2024/2025,South South,Delta,Warri North,Ebrohimi,"Comprehensive High School, Ebrohimi",Male,all,NABTEB,Polytechnic,70,56,39,19,17,0.111239,1.4,14,17,20,2
2024/2025,South South,Delta,Warri North,Ebrohimi,"Comprehensive High School, Ebrohimi",Male,all,NECO,Polytechnic,133,106,74,36,33,0.211353,1.3,27,32,38,3
2024/2025,South South,Delta,Warri North,Ebrohimi,"Comprehensive High School, Ebrohimi",Male,all,WAEC,Polytechnic,188,151,106,51,46,0.300344,1.3,37,45,55,5
2024/2025,South South,Delta,Warri North,Ebrohimi,"Comprehensive High School, Ebrohimi",Male,disabled,NABTEB,Polytechnic,6,5,4,2,1,0.011124,1.4,1,1,2,1
2024/2025,South South,Delta,Warri North,Ebrohimi,"Comprehensive High School, Ebrohimi",Male,disabled,NECO,Polytechnic,13,10,7,3,3,0.022248,1.3,3,3,4,0
2024/2025,South South,Delta,Warri North,Ebrohimi,"Comprehensive High School, Ebrohimi",Male,disabled,WAEC,Polytechnic,19,14,10,5,5,0.033372,1.3,5,4,5,0
2024/2025,South South,Delta,Warri North,Ebrohimi,"Government Secondary School, Ebrohimi",Female,all,NABTEB,College of Education,35,28,20,9,9,0.055619,1.5,7,8,11,0
2024/2025,South South,Delta,Warri North,Ebrohimi,"Government Secondary School, Ebrohimi",Female,all,NECO,College of Education,70,56,39,19,17,0.111239,1.4,14,17,20,2
2024/2025,South South,Delta,Warri North,Ebrohimi,"Government Secondary School, Ebrohimi",Female,all,WAEC,College of Education,98,78,55,26,24,0.155734,1.4,20,23,29,2
2024/2025,South South,Delta,Warri North,Ebrohimi,"Government Secondary School, Ebrohimi",Female,disabled,NABTEB,College of Education,7,5,4,2,1,0.011124,1.5,2,1,2,1
2024/2025,South South,Delta,Warri North,Ebrohimi,"Government Secondary School, Ebrohimi",Female,disabled,NECO,College of Education,7,5,4,2,1,0.011124,1.4,2,1,2,1
2024/2025,South South,Delta,Warri North,Ebrohimi,"Government Secondary School, Ebrohimi",Female,disabled,WAEC,College of Education,7,5,4,2,1,0.011124,1.4,2,1,2,1
2024/2025,South South,Delta,Warri North,Ebrohimi,"Government Secondary School, Ebrohimi",Male,all,NABTEB,College of Education,35,28,20,9,9,0.055619,1.5,7,8,11,0
2024/2025,South South,Delta,Warri North,Ebrohimi,"Government Secondary School, Ebrohimi",Male,all,NECO,College of Education,70,56,39,19,17,0.111239,1.4,14,17,20,2
2024/2025,South South,Delta,Warri North,Ebrohimi,"Government Secondary School, Ebrohimi",Male,all,WAEC,College of Education,98,78,55,26,24,0.155734,1.4,20,23,29,2
2024/2025,South South,Delta,Warri North,Ebrohimi,"Government Secondary School, Ebrohimi",Male,disabled,NABTEB,College of Education,7,5,4,2,1,0.011124,1.5,2,1,2,1
2024/2025,South South,Delta,Warri North,Ebrohimi,"Government Secondary School, Ebrohimi",Male,disabled,NECO,College of Education,7,5,4,2,1,0.011124,1.4,2,1,2,1
2024/2025,South South,Delta,Warri North,Ebrohimi,"Government Secondary School, Ebrohimi",Male,disabled,WAEC,College of Education,7,5,4,2,1,0.011124,1.4,2,1,2,1
2024/2025,South South,Delta,Warri North,Ebrohimi,"Unity College, Warri North",Female,all,NABTEB,Polytechnic,56,45,31,15,14,0.088991,1.4,11,14,16,1
2024/2025,South South,Delta,Warri North,Ebrohimi,"Unity College, Warri North",Female,all,NECO,Polytechnic,105,84,59,28,26,0.166858,1.3,21,25,31,2
2024/2025,South South,Delta,Warri North,Ebrohimi,"Unity College, Warri North",Female,all,WAEC,Polytechnic,147,117,82,39,36,0.233601,1.3,30,35,43,3
2024/2025,South South,Delta,Warri North,Ebrohimi,"Unity College, Warri North",Female,disabled,NABTEB,Polytechnic,7,5,4,2,1,0.011124,1.4,2,1,2,1
2024/2025,South South,Delta,Warri North,Ebrohimi,"Unity College, Warri North",Female,disabled,NECO,Polytechnic,7,5,4,2,1,0.011124,1.3,2,1,2,1
2024/2025,South South,Delta,Warri North,Ebrohimi,"Unity College, Warri North",Female,disabled,WAEC,Polytechnic,7,5,4,2,1,0.011124,1.3,2,1,2,1
2024/2025,South South,Delta,Warri North,Ebrohimi,"Unity College, Warri North",Male,all,NABTEB,Polytechnic,56,45,31,15,14,0.088991,1.4,11,14,16,1
2024/2025,South South,Delta,Warri North,Ebrohimi,"Unity College, Warri North",Male,all,NECO,Polytechnic,91,73,51,24,22,0.14461,1.3,18,22,27,2
2024/2025,South South,Delta,Warri North,Ebrohimi,"Unity College, Warri North",Male,all,WAEC,Polytechnic,126,101,70,34,31,0.200229,1.3,25,31,36,3
2024/2025,South South,Delta,Warri North,Ebrohimi,"Unity College, Warri North",Male,disabled,NABTEB,Polytechnic,7,5,4,2,1,0.011124,1.4,2,1,2,1
2024/2025,South South,Delta,Warri North,Ebrohimi,"Unity College, Warri North",Male,disabled,NECO,Polytechnic,7,5,4,2,1,0.011124,1.3,2,1,2,1
2024/2025,South South,Delta,Warri North,Ebrohimi,"Unity College, Warri North",Male,disabled,WAEC,Polytechnic,7,5,4,2,1,0.011124,1.3,2,1,2,1
2024/2025,South South,Delta,Warri North,Eghoro,"Community Secondary School, Eghoro",Female,all,NABTEB,University,35,28,20,9,9,0.055619,1.2,7,8,11,0
2024/2025,South South,Delta,Warri North,Eghoro,"Community Secondary School, Eghoro",Female,all,NECO,University,56,45,31,15,14,0.088991,1.2,11,14,16,1
2024/2025,South South,Delta,Warri North,Eghoro,"Community Secondary School, Eghoro",Female,all,WAEC,University,77,62,43,21,19,0.122362,1.2,15,19,22,2
2024/2025,South South,Delta,Warri North,Eghoro,"Community Secondary School, Eghoro",Female,disabled,NABTEB,University,7,5,4,2,1,0.011124,1.2,2,1,2,1
2024/2025,South South,Delta,Warri North,Eghoro,"Community Secondary School, Eghoro",Female,disabled,NECO,University,7,5,4,2,1,0.011124,1.2,2,1,2,1
2024/2025,South South,Delta,Warri North,Eghoro,"Community Secondary School, Eghoro",Female,disabled,WAEC,University,7,5,4,2,1,0.011124,1.2,2,1,2,1
2024/2025,South South,Delta,Warri North,Eghoro,"Community Secondary School, Eghoro",Male,all,NABTEB,University,28,22,16,7,7,0.044495,1.2,6,6,9,0
2024/2025,South South,Delta,Warri North,Eghoro,"Community Secondary School, Eghoro",Male,all,NECO,University,49,39,27,13,12,0.077867,1.2,10,12,14,1
2024/2025,South South,Delta,Warri North,Eghoro,"Community Secondary School, Eghoro",Male,all,WAEC,University,70,56,39,19,17,0.111239,1.2,14,17,20,2
2024/2025,South South,Delta,Warri North,Eghoro,"Community Secondary School, Eghoro",Male,disabled,NABTEB,University,7,5,4,2,1,0.011124,1.2,2,1,2,1
2024/2025,South South,Delta,Warri North,Eghoro,"Community Secondary School, Eghoro",Male,disabled,NECO,University,7,5,4,2,1,0.011124,1.2,2,1,2,1
2024/2025,South South,Delta,Warri North,Eghoro,"Community Secondary School, Eghoro",Male,disabled,WAEC,University,7,5,4,2,1,0.011124,1.2,2,1,2,1
2024/2025,South South,Delta,Warri North,Eghoro,"Comprehensive High School, Eghoro",Female,all,NABTEB,University,35,28,20,9,9,0.055619,1.2,7,8,11,0
2024/2025,South South,Delta,Warri North,Eghoro,"Comprehensive High School, Eghoro",Female,all,NECO,University,63,50,35,17,15,0.100115,1.2,13,15,18,2
2024/2025,South South,Delta,Warri North,Eghoro,"Comprehensive High School, Eghoro",Female,all,WAEC,University,77,62,43,21,19,0.122362,1.2,15,19,22,2
2024/2025,South South,Delta,Warri North,Eghoro,"Comprehensive High School, Eghoro",Female,disabled,NABTEB,University,7,5,4,2,1,0.011124,1.2,2,1,2,1
2024/2025,South South,Delta,Warri North,Eghoro,"Comprehensive High School, Eghoro",Female,disabled,NECO,University,7,5,4,2,1,0.011124,1.2,2,1,2,1
2024/2025,South South,Delta,Warri North,Eghoro,"Comprehensive High School, Eghoro",Female,disabled,WAEC,University,7,5,4,2,1,0.011124,1.2,2,1,2,1
2024/2025,South South,Delta,Warri North,Eghoro,"Comprehensive High School, Eghoro",Male,all,NABTEB,University,42,34,24,11,10,0.066743,1.2,8,10,13,1
2024/2025,South South,Delta,Warri North,Eghoro,"Comprehensive High School, Eghoro",Male,all,NECO,University,63,50,35,17,15,0.100115,1.2,13,15,18,2
2024/2025,South South,Delta,Warri North,Eghoro,"Comprehensive High School, Eghoro",Male,all,WAEC,University,77,62,43,21,19,0.122362,1.2,15,19,22,2
2024/2025,South South,Delta,Warri North,Eghoro,"Comprehensive High School, Eghoro",Male,disabled,NABTEB,University,7,5,4,2,1,0.011124,1.2,2,1,2,1
2024/2025,South South,Delta,Warri North,Eghoro,"Comprehensive High School, Eghoro",Male,disabled,NECO,University,7,5,4,2,1,0.011124,1.2,2,1,2,1
2024/2025,South South,Delta,Warri North,Eghoro,"Comprehensive High School, Eghoro",Male,disabled,WAEC,University,6,5,4,2,1,0.011124,1.2,1,1,2,1
2024/2025,South South,Delta,Warri North,Eghoro,"Government Secondary School, Eghoro",Female,all,NABTEB,Polytechnic,77,62,43,21,19,0.122362,1.4,15,19,22,2
2024/2025,South South,Delta,Warri North,Eghoro,"Government Secondary School, Eghoro",Female,all,NECO,Polytechnic,147,117,82,39,36,0.233601,1.3,30,35,43,3
2024/2025,South South,Delta,Warri North,Eghoro,"Government Secondary School, Eghoro",Female,all,WAEC,Polytechnic,202,162,114,55,50,0.322592,1.3,40,48,59,5
2024/2025,South South,Delta,Warri North,Eghoro,"Government Secondary School, Eghoro",Female,disabled,NABTEB,Polytechnic,6,5,4,2,1,0.011124,1.4,1,1,2,1
2024/2025,South South,Delta,Warri North,Eghoro,"Government Secondary School, Eghoro",Female,disabled,NECO,Polytechnic,13,10,7,3,3,0.022248,1.3,3,3,4,0
2024/2025,South South,Delta,Warri North,Eghoro,"Government Secondary School, Eghoro",Female,disabled,WAEC,Polytechnic,19,14,10,5,5,0.033372,1.3,5,4,5,0
2024/2025,South South,Delta,Warri North,Eghoro,"Government Secondary School, Eghoro",Male,all,NABTEB,Polytechnic,77,62,43,21,19,0.122362,1.4,15,19,22,2
2024/2025,South South,Delta,Warri North,Eghoro,"Government Secondary School, Eghoro",Male,all,NECO,Polytechnic,160,129,90,43,40,0.255849,1.3,31,39,47,3
2024/2025,South South,Delta,Warri North,Eghoro,"Government Secondary School, Eghoro",Male,all,WAEC,Polytechnic,181,145,102,49,45,0.28922,1.3,36,43,53,4
2024/2025,South South,Delta,Warri North,Eghoro,"Government Secondary School, Eghoro",Male,disabled,NABTEB,Polytechnic,6,5,4,2,1,0.011124,1.4,1,1,2,1
2024/2025,South South,Delta,Warri North,Eghoro,"Government Secondary School, Eghoro",Male,disabled,NECO,Polytechnic,13,10,7,3,3,0.022248,1.3,3,3,4,0
2024/2025,South South,Delta,Warri North,Eghoro,"Government Secondary School, Eghoro",Male,disabled,WAEC,Polytechnic,19,14,10,5,5,0.033372,1.3,5,4,5,0
2024/2025,South South,Delta,Warri North,Eghoro,"Unity College, Warri North",Female,all,NABTEB,Polytechnic,35,28,20,9,9,0.055619,1.4,7,8,11,0
2024/2025,South South,Delta,Warri North,Eghoro,"Unity College, Warri North",Female,all,NECO,Polytechnic,49,39,27,13,12,0.077867,1.3,10,12,14,1
2024/2025,South South,Delta,Warri North,Eghoro,"Unity College, Warri North",Female,all,WAEC,Polytechnic,84,67,47,22,21,0.133486,1.3,17,20,25,1
2024/2025,South South,Delta,Warri North,Eghoro,"Unity College, Warri North",Female,disabled,NABTEB,Polytechnic,6,5,4,1,1,0.011124,1.4,1,1,3,0
2024/2025,South South,Delta,Warri North,Eghoro,"Unity College, Warri North",Female,disabled,NECO,Polytechnic,6,5,4,1,1,0.011124,1.3,1,1,3,0
2024/2025,South South,Delta,Warri North,Eghoro,"Unity College, Warri North",Female,disabled,WAEC,Polytechnic,6,5,4,1,1,0.011124,1.3,1,1,3,0
2024/2025,South South,Delta,Warri North,Eghoro,"Unity College, Warri North",Male,all,NABTEB,Polytechnic,28,22,16,7,7,0.044495,1.4,6,6,9,0
2024/2025,South South,Delta,Warri North,Eghoro,"Unity College, Warri North",Male,all,NECO,Polytechnic,49,39,27,13,12,0.077867,1.3,10,12,14,1
2024/2025,South South,Delta,Warri North,Eghoro,"Unity College, Warri North",Male,all,WAEC,Polytechnic,70,56,39,19,17,0.111239,1.3,14,17,20,2
2024/2025,South South,Delta,Warri North,Eghoro,"Unity College, Warri North",Male,disabled,NABTEB,Polytechnic,6,5,4,1,1,0.011124,1.4,1,1,3,0
2024/2025,South South,Delta,Warri North,Eghoro,"Unity College, Warri North",Male,disabled,NECO,Polytechnic,6,5,4,1,1,0.011124,1.3,1,1,3,0
2024/2025,South South,Delta,Warri North,Eghoro,"Unity College, Warri North",Male,disabled,WAEC,Polytechnic,6,5,4,1,1,0.011124,1.3,1,1,3,0
2024/2025,South South,Delta,Warri North,Gbokoda,"Community Secondary School, Gbokoda",Female,all,NABTEB,College of Education,35,28,20,9,9,0.055619,1.5,7,8,11,0
2024/2025,South South,Delta,Warri North,Gbokoda,"Community Secondary School, Gbokoda",Female,all,NECO,College of Education,63,50,35,17,15,0.100115,1.4,13,15,18,2
2024/2025,South South,Delta,Warri North,Gbokoda,"Community Secondary School, Gbokoda",Female,all,WAEC,College of Education,105,84,59,28,26,0.166858,1.4,21,25,31,2
2024/2025,South South,Delta,Warri North,Gbokoda,"Community Secondary School, Gbokoda",Female,disabled,NABTEB,College of Education,6,5,4,1,1,0.011124,1.5,1,1,3,0
2024/2025,South South,Delta,Warri North,Gbokoda,"Community Secondary School, Gbokoda",Female,disabled,NECO,College of Education,6,5,4,1,1,0.011124,1.4,1,1,3,0
2024/2025,South South,Delta,Warri North,Gbokoda,"Community Secondary School, Gbokoda",Female,disabled,WAEC,College of Education,6,5,4,1,1,0.011124,1.4,1,1,3,0
2024/2025,South South,Delta,Warri North,Gbokoda,"Community Secondary School, Gbokoda",Male,all,NABTEB,College of Education,28,22,16,7,7,0.044495,1.5,6,6,9,0
2024/2025,South South,Delta,Warri North,Gbokoda,"Community Secondary School, Gbokoda",Male,all,NECO,College of Education,56,45,31,15,14,0.088991,1.4,11,14,16,1
2024/2025,South South,Delta,Warri North,Gbokoda,"Community Secondary School, Gbokoda",Male,all,WAEC,College of Education,84,67,47,22,21,0.133486,1.4,17,20,25,1
2024/2025,South South,Delta,Warri North,Gbokoda,"Community Secondary School, Gbokoda",Male,disabled,NABTEB,College of Education,6,5,4,1,1,0.011124,1.5,1,1,3,0
2024/2025,South South,Delta,Warri North,Gbokoda,"Community Secondary School, Gbokoda",Male,disabled,NECO,College of Education,6,5,4,1,1,0.011124,1.4,1,1,3,0
2024/2025,South South,Delta,Warri North,Gbokoda,"Community Secondary School, Gbokoda",Male,disabled,WAEC,College of Education,6,5,4,1,1,0.011124,1.4,1,1,3,0
2024/2025,South South,Delta,Warri North,Gbokoda,"Comprehensive High School, Gbokoda",Female,all,NABTEB,University,70,56,39,19,17,0.111239,1.2,14,17,20,2
2024/2025,South South,Delta,Warri North,Gbokoda,"Comprehensive High School, Gbokoda",Female,all,NECO,University,119,95,67,32,29,0.189105,1.2,24,28,35,3
2024/2025,South South,Delta,Warri North,Gbokoda,"Comprehensive High School, Gbokoda",Female,all,WAEC,University,153,123,86,41,38,0.244725,1.2,30,37,45,3
2024/2025,South South,Delta,Warri North,Gbokoda,"Comprehensive High School, Gbokoda",Female,disabled,NABTEB,University,6,5,4,1,1,0.011124,1.2,1,1,3,0
2024/2025,South South,Delta,Warri North,Gbokoda,"Comprehensive High School, Gbokoda",Female,disabled,NECO,University,13,10,7,3,3,0.022248,1.2,3,3,4,0
2024/2025,South South,Delta,Warri North,Gbokoda,"Comprehensive High School, Gbokoda",Female,disabled,WAEC,University,13,10,7,3,3,0.022248,1.2,3,3,4,0
2024/2025,South South,Delta,Warri North,Gbokoda,"Comprehensive High School, Gbokoda",Male,all,NABTEB,University,63,50,35,17,15,0.100115,1.2,13,15,18,2
2024/2025,South South,Delta,Warri North,Gbokoda,"Comprehensive High School, Gbokoda",Male,all,NECO,University,119,95,67,32,29,0.189105,1.2,24,28,35,3
2024/2025,South South,Delta,Warri North,Gbokoda,"Comprehensive High School, Gbokoda",Male,all,WAEC,University,153,123,86,41,38,0.244725,1.2,30,37,45,3
2024/2025,South South,Delta,Warri North,Gbokoda,"Comprehensive High School, Gbokoda",Male,disabled,NABTEB,University,6,5,4,1,1,0.011124,1.2,1,1,3,0
2024/2025,South South,Delta,Warri North,Gbokoda,"Comprehensive High School, Gbokoda",Male,disabled,NECO,University,6,5,4,1,1,0.011124,1.2,1,1,3,0
2024/2025,South South,Delta,Warri North,Gbokoda,"Comprehensive High School, Gbokoda",Male,disabled,WAEC,University,13,10,7,3,3,0.022248,1.2,3,3,4,0
2024/2025,South South,Delta,Warri North,Gbokoda,"Government Secondary School, Gbokoda",Female,all,NABTEB,University,56,45,31,15,14,0.088991,1.2,11,14,16,1
2024/2025,South South,Delta,Warri North,Gbokoda,"Government Secondary School, Gbokoda",Female,all,NECO,University,119,95,67,32,29,0.189105,1.2,24,28,35,3
2024/2025,South South,Delta,Warri North,Gbokoda,"Government Secondary School, Gbokoda",Female,all,WAEC,University,146,117,82,39,36,0.233601,1.2,29,35,43,3
2024/2025,South South,Delta,Warri North,Gbokoda,"Government Secondary School, Gbokoda",Female,disabled,NABTEB,University,6,5,4,1,1,0.011124,1.2,1,1,3,0
2024/2025,South South,Delta,Warri North,Gbokoda,"Government Secondary School, Gbokoda",Female,disabled,NECO,University,6,5,4,1,1,0.011124,1.2,1,1,3,0
2024/2025,South South,Delta,Warri North,Gbokoda,"Government Secondary School, Gbokoda",Female,disabled,WAEC,University,6,5,4,1,1,0.011124,1.2,1,1,3,0
2024/2025,South South,Delta,Warri North,Gbokoda,"Government Secondary School, Gbokoda",Male,all,NABTEB,University,63,50,35,17,15,0.100115,1.2,13,15,18,2
2024/2025,South South,Delta,Warri North,Gbokoda,"Government Secondary School, Gbokoda",Male,all,NECO,University,112,89,63,30,28,0.177982,1.2,23,26,33,2
2024/2025,South South,Delta,Warri North,Gbokoda,"Government Secondary School, Gbokoda",Male,all,WAEC,University,160,129,90,43,40,0.255849,1.2,31,39,47,3
2024/2025,South South,Delta,Warri North,Gbokoda,"Government Secondary School, Gbokoda",Male,disabled,NABTEB,University,6,5,4,1,1,0.011124,1.2,1,1,3,0
2024/2025,South South,Delta,Warri North,Gbokoda,"Government Secondary School, Gbokoda",Male,disabled,NECO,University,6,5,4,1,1,0.011124,1.2,1,1,3,0
2024/2025,South South,Delta,Warri North,Gbokoda,"Government Secondary School, Gbokoda",Male,disabled,WAEC,University,13,10,7,3,3,0.022248,1.2,3,3,4,0
2024/2025,South South,Delta,Warri North,Gbokoda,"Unity College, Warri North",Female,all,NABTEB,Polytechnic,63,50,35,17,15,0.100115,1.4,13,15,18,2
2024/2025,South South,Delta,Warri North,Gbokoda,"Unity College, Warri North",Female,all,NECO,Polytechnic,112,89,63,30,28,0.177982,1.3,23,26,33,2
2024/2025,South South,Delta,Warri North,Gbokoda,"Unity College, Warri North",Female,all,WAEC,Polytechnic,153,123,86,41,38,0.244725,1.3,30,37,45,3
2024/2025,South South,Delta,Warri North,Gbokoda,"Unity College, Warri North",Female,disabled,NABTEB,Polytechnic,6,5,4,1,1,0.011124,1.4,1,1,3,0
2024/2025,South South,Delta,Warri North,Gbokoda,"Unity College, Warri North",Female,disabled,NECO,Polytechnic,6,5,4,1,1,0.011124,1.3,1,1,3,0
2024/2025,South South,Delta,Warri North,Gbokoda,"Unity College, Warri North",Female,disabled,WAEC,Polytechnic,6,5,4,1,1,0.011124,1.3,1,1,3,0
2024/2025,South South,Delta,Warri North,Gbokoda,"Unity College, Warri North",Male,all,NABTEB,Polytechnic,63,50,35,17,15,0.100115,1.4,13,15,18,2
2024/2025,South South,Delta,Warri North,Gbokoda,"Unity College, Warri North",Male,all,NECO,Polytechnic,119,95,67,32,29,0.189105,1.3,24,28,35,3
2024/2025,South South,Delta,Warri North,Gbokoda,"Unity College, Warri North",Male,all,WAEC,Polytechnic,160,129,90,43,40,0.255849,1.3,31,39,47,3
2024/2025,South South,Delta,Warri North,Gbokoda,"Unity College, Warri North",Male,disabled,NABTEB,Polytechnic,6,5,4,1,1,0.011124,1.4,1,1,3,0
2024/2025,South South,Delta,Warri North,Gbokoda,"Unity College, Warri North",Male,disabled,NECO,Polytechnic,6,5,4,1,1,0.011124,1.3,1,1,3,0
2024/2025,South South,Delta,Warri North,Gbokoda,"Unity College, Warri North",Male,disabled,WAEC,Polytechnic,13,10,7,3,3,0.022248,1.3,3,3,4,0
2024/2025,South South,Delta,Warri South,Bowen,"Community Secondary School, Bowen",Female,all,NABTEB,Polytechnic,56,45,31,15,14,0.088991,1.4,11,14,16,1
2024/2025,South South,Delta,Warri South,Bowen,"Community Secondary School, Bowen",Female,all,NECO,Polytechnic,112,89,63,30,28,0.177982,1.3,23,26,33,2
2024/2025,South South,Delta,Warri South,Bowen,"Community Secondary School, Bowen",Female,all,WAEC,Polytechnic,153,123,86,41,38,0.244725,1.3,30,37,45,3
2024/2025,South South,Delta,Warri South,Bowen,"Community Secondary School, Bowen",Female,disabled,NABTEB,Polytechnic,6,5,4,1,1,0.011124,1.4,1,1,3,0
2024/2025,South South,Delta,Warri South,Bowen,"Community Secondary School, Bowen",Female,disabled,NECO,Polytechnic,6,5,4,1,1,0.011124,1.3,1,1,3,0
2024/2025,South South,Delta,Warri South,Bowen,"Community Secondary School, Bowen",Female,disabled,WAEC,Polytechnic,13,10,7,3,3,0.022248,1.3,3,3,4,0
2024/2025,South South,Delta,Warri South,Bowen,"Community Secondary School, Bowen",Male,all,NABTEB,Polytechnic,56,45,31,15,14,0.088991,1.4,11,14,16,1
2024/2025,South South,Delta,Warri South,Bowen,"Community Secondary School, Bowen",Male,all,NECO,Polytechnic,98,78,55,26,24,0.155734,1.3,20,23,29,2
2024/2025,South South,Delta,Warri South,Bowen,"Community Secondary School, Bowen",Male,all,WAEC,Polytechnic,146,117,82,39,36,0.233601,1.3,29,35,43,3
2024/2025,South South,Delta,Warri South,Bowen,"Community Secondary School, Bowen",Male,disabled,NABTEB,Polytechnic,6,5,4,1,1,0.011124,1.4,1,1,3,0
2024/2025,South South,Delta,Warri South,Bowen,"Community Secondary School, Bowen",Male,disabled,NECO,Polytechnic,6,5,4,1,1,0.011124,1.3,1,1,3,0
2024/2025,South South,Delta,Warri South,Bowen,"Community Secondary School, Bowen",Male,disabled,WAEC,Polytechnic,13,9,7,3,3,0.022248,1.3,4,2,4,0
2024/2025,South South,Delta,Warri South,Bowen,"Comprehensive High School, Bowen",Female,all,NABTEB,University,42,34,24,11,10,0.066743,1.2,8,10,13,1
2024/2025,South South,Delta,Warri South,Bowen,"Comprehensive High School, Bowen",Female,all,NECO,University,91,73,51,24,22,0.14461,1.2,18,22,27,2
2024/2025,South South,Delta,Warri South,Bowen,"Comprehensive High School, Bowen",Female,all,WAEC,University,146,117,82,39,36,0.233601,1.2,29,35,43,3
2024/2025,South South,Delta,Warri South,Bowen,"Comprehensive High School, Bowen",Female,disabled,NABTEB,University,6,5,4,1,1,0.011124,1.2,1,1,3,0
2024/2025,South South,Delta,Warri South,Bowen,"Comprehensive High School, Bowen",Female,disabled,NECO,University,6,5,4,1,1,0.011124,1.2,1,1,3,0
2024/2025,South South,Delta,Warri South,Bowen,"Comprehensive High School, Bowen",Female,disabled,WAEC,University,13,9,7,3,3,0.022248,1.2,4,2,4,0
2024/2025,South South,Delta,Warri South,Bowen,"Comprehensive High School, Bowen",Male,all,NABTEB,University,42,34,24,11,10,0.066743,1.2,8,10,13,1
2024/2025,South South,Delta,Warri South,Bowen,"Comprehensive High School, Bowen",Male,all,NECO,University,77,62,43,21,19,0.122362,1.2,15,19,22,2
2024/2025,South South,Delta,Warri South,Bowen,"Comprehensive High School, Bowen",Male,all,WAEC,University,126,101,70,34,31,0.200229,1.2,25,31,36,3
2024/2025,South South,Delta,Warri South,Bowen,"Comprehensive High School, Bowen",Male,disabled,NABTEB,University,6,5,4,1,1,0.011124,1.2,1,1,3,0
2024/2025,South South,Delta,Warri South,Bowen,"Comprehensive High School, Bowen",Male,disabled,NECO,University,6,5,4,1,1,0.011124,1.2,1,1,3,0
2024/2025,South South,Delta,Warri South,Bowen,"Comprehensive High School, Bowen",Male,disabled,WAEC,University,6,5,4,1,1,0.011124,1.2,1,1,3,0
2024/2025,South South,Delta,Warri South,Bowen,"Government Secondary School, Bowen",Female,all,NABTEB,University,63,50,35,17,15,0.100115,1.2,13,15,18,2
2024/2025,South South,Delta,Warri South,Bowen,"Government Secondary School, Bowen",Female,all,NECO,University,112,89,63,30,28,0.177982,1.2,23,26,33,2
2024/2025,South South,Delta,Warri South,Bowen,"Government Secondary School, Bowen",Female,all,WAEC,University,146,117,82,39,36,0.233601,1.2,29,35,43,3
2024/2025,South South,Delta,Warri South,Bowen,"Government Secondary School, Bowen",Female,disabled,NABTEB,University,6,5,4,1,1,0.011124,1.2,1,1,3,0
2024/2025,South South,Delta,Warri South,Bowen,"Government Secondary School, Bowen",Female,disabled,NECO,University,6,5,4,1,1,0.011124,1.2,1,1,3,0
2024/2025,South South,Delta,Warri South,Bowen,"Government Secondary School, Bowen",Female,disabled,WAEC,University,13,9,7,3,3,0.022248,1.2,4,2,4,0
2024/2025,South South,Delta,Warri South,Bowen,"Government Secondary School, Bowen",Male,all,NABTEB,University,56,45,31,15,14,0.088991,1.2,11,14,16,1
2024/2025,South South,Delta,Warri South,Bowen,"Government Secondary School, Bowen",Male,all,NECO,University,105,84,59,28,26,0.166858,1.2,21,25,31,2
2024/2025,South South,Delta,Warri South,Bowen,"Government Secondary School, Bowen",Male,all,WAEC,University,140,112,78,37,34,0.222477,1.2,28,34,41,3
2024/2025,South South,Delta,Warri South,Bowen,"Government Secondary School, Bowen",Male,disabled,NABTEB,University,6,5,4,1,1,0.011124,1.2,1,1,3,0
2024/2025,South South,Delta,Warri South,Bowen,"Government Secondary School, Bowen",Male,disabled,NECO,University,6,5,4,1,1,0.011124,1.2,1,1,3,0
2024/2025,South South,Delta,Warri South,Bowen,"Government Secondary School, Bowen",Male,disabled,WAEC,University,13,10,7,3,3,0.022248,1.2,3,3,4,0
2024/2025,South South,Delta,Warri South,Bowen,"Unity College, Warri South",Female,all,NABTEB,University,56,45,31,15,14,0.088991,1.2,11,14,16,1
2024/2025,South South,Delta,Warri South,Bowen,"Unity College, Warri South",Female,all,NECO,University,91,73,51,24,22,0.14461,1.2,18,22,27,2
2024/2025,South South,Delta,Warri South,Bowen,"Unity College, Warri South",Female,all,WAEC,University,140,112,78,37,34,0.222477,1.2,28,34,41,3
2024/2025,South South,Delta,Warri South,Bowen,"Unity College, Warri South",Female,disabled,NABTEB,University,6,5,4,1,1,0.011124,1.2,1,1,3,0
2024/2025,South South,Delta,Warri South,Bowen,"Unity College, Warri South",Female,disabled,NECO,University,6,5,4,1,1,0.011124,1.2,1,1,3,0
2024/2025,South South,Delta,Warri South,Bowen,"Unity College, Warri South",Female,disabled,WAEC,University,6,5,4,1,1,0.011124,1.2,1,1,3,0
2024/2025,South South,Delta,Warri South,Bowen,"Unity College, Warri South",Male,all,NABTEB,University,49,39,27,13,12,0.077867,1.2,10,12,14,1
2024/2025,South South,Delta,Warri South,Bowen,"Unity College, Warri South",Male,all,NECO,University,91,73,51,24,22,0.14461,1.2,18,22,27,2
2024/2025,South South,Delta,Warri South,Bowen,"Unity College, Warri South",Male,all,WAEC,University,126,101,70,34,31,0.200229,1.2,25,31,36,3
2024/2025,South South,Delta,Warri South,Bowen,"Unity College, Warri South",Male,disabled,NABTEB,University,6,5,4,1,1,0.011124,1.2,1,1,3,0
2024/2025,South South,Delta,Warri South,Bowen,"Unity College, Warri South",Male,disabled,NECO,University,6,5,4,1,1,0.011124,1.2,1,1,3,0
2024/2025,South South,Delta,Warri South,Bowen,"Unity College, Warri South",Male,disabled,WAEC,University,6,5,4,1,1,0.011124,1.2,1,1,3,0
2024/2025,South South,Delta,Warri South,Edjeba,"Community Secondary School, Edjeba",Female,all,NABTEB,University,42,34,24,11,10,0.066743,1.2,8,10,13,1
2024/2025,South South,Delta,Warri South,Edjeba,"Community Secondary School, Edjeba",Female,all,NECO,University,84,67,47,22,21,0.133486,1.2,17,20,25,1
2024/2025,South South,Delta,Warri South,Edjeba,"Community Secondary School, Edjeba",Female,all,WAEC,University,105,84,59,28,26,0.166858,1.2,21,25,31,2
2024/2025,South South,Delta,Warri South,Edjeba,"Community Secondary School, Edjeba",Female,disabled,NABTEB,University,6,5,4,1,1,0.011124,1.2,1,1,3,0
2024/2025,South South,Delta,Warri South,Edjeba,"Community Secondary School, Edjeba",Female,disabled,NECO,University,6,5,4,1,1,0.011124,1.2,1,1,3,0
2024/2025,South South,Delta,Warri South,Edjeba,"Community Secondary School, Edjeba",Female,disabled,WAEC,University,6,5,4,1,1,0.011124,1.2,1,1,3,0
2024/2025,South South,Delta,Warri South,Edjeba,"Community Secondary School, Edjeba",Male,all,NABTEB,University,35,28,20,9,9,0.055619,1.2,7,8,11,0
2024/2025,South South,Delta,Warri South,Edjeba,"Community Secondary School, Edjeba",Male,all,NECO,University,77,62,43,21,19,0.122362,1.2,15,19,22,2
2024/2025,South South,Delta,Warri South,Edjeba,"Community Secondary School, Edjeba",Male,all,WAEC,University,91,73,51,24,22,0.14461,1.2,18,22,27,2
2024/2025,South South,Delta,Warri South,Edjeba,"Community Secondary School, Edjeba",Male,disabled,NABTEB,University,6,5,4,1,1,0.011124,1.2,1,1,3,0
2024/2025,South South,Delta,Warri South,Edjeba,"Community Secondary School, Edjeba",Male,disabled,NECO,University,6,5,4,1,1,0.011124,1.2,1,1,3,0
2024/2025,South South,Delta,Warri South,Edjeba,"Community Secondary School, Edjeba",Male,disabled,WAEC,University,6,5,4,1,1,0.011124,1.2,1,1,3,0
2024/2025,South South,Delta,Warri South,Edjeba,"Comprehensive High School, Edjeba",Female,all,NABTEB,College of Education,42,34,24,11,10,0.066743,1.5,8,10,13,1
2024/2025,South South,Delta,Warri South,Edjeba,"Comprehensive High School, Edjeba",Female,all,NECO,College of Education,77,62,43,21,19,0.122362,1.4,15,19,22,2
2024/2025,South South,Delta,Warri South,Edjeba,"Comprehensive High School, Edjeba",Female,all,WAEC,College of Education,112,89,63,30,28,0.177982,1.4,23,26,33,2
2024/2025,South South,Delta,Warri South,Edjeba,"Comprehensive High School, Edjeba",Female,disabled,NABTEB,College of Education,6,5,4,1,1,0.011124,1.5,1,1,3,0
2024/2025,South South,Delta,Warri South,Edjeba,"Comprehensive High School, Edjeba",Female,disabled,NECO,College of Education,6,5,4,1,1,0.011124,1.4,1,1,3,0
2024/2025,South South,Delta,Warri South,Edjeba,"Comprehensive High School, Edjeba",Female,disabled,WAEC,College of Education,6,5,4,1,1,0.011124,1.4,1,1,3,0
2024/2025,South South,Delta,Warri South,Edjeba,"Comprehensive High School, Edjeba",Male,all,NABTEB,College of Education,42,34,24,11,10,0.066743,1.5,8,10,13,1
2024/2025,South South,Delta,Warri South,Edjeba,"Comprehensive High School, Edjeba",Male,all,NECO,College of Education,77,61,43,21,19,0.122362,1.4,16,18,22,2
2024/2025,South South,Delta,Warri South,Edjeba,"Comprehensive High School, Edjeba",Male,all,WAEC,College of Education,105,84,59,28,26,0.166858,1.4,21,25,31,2
2024/2025,South South,Delta,Warri South,Edjeba,"Comprehensive High School, Edjeba",Male,disabled,NABTEB,College of Education,6,5,4,1,1,0.011124,1.5,1,1,3,0
2024/2025,South South,Delta,Warri South,Edjeba,"Comprehensive High School, Edjeba",Male,disabled,NECO,College of Education,6,5,4,1,1,0.011124,1.4,1,1,3,0
2024/2025,South South,Delta,Warri South,Edjeba,"Comprehensive High School, Edjeba",Male,disabled,WAEC,College of Education,6,5,4,1,1,0.011124,1.4,1,1,3,0
2024/2025,South South,Delta,Warri South,Edjeba,"Government Secondary School, Edjeba",Female,all,NABTEB,College of Education,35,28,20,9,9,0.055619,1.5,7,8,11,0
2024/2025,South South,Delta,Warri South,Edjeba,"Government Secondary School, Edjeba",Female,all,NECO,College of Education,70,56,39,19,17,0.111239,1.4,14,17,20,2
2024/2025,South South,Delta,Warri South,Edjeba,"Government Secondary School, Edjeba",Female,all,WAEC,College of Education,77,61,43,21,19,0.122362,1.4,16,18,22,2
2024/2025,South South,Delta,Warri South,Edjeba,"Government Secondary School, Edjeba",Female,disabled,NABTEB,College of Education,6,5,4,1,1,0.011124,1.5,1,1,3,0
2024/2025,South South,Delta,Warri South,Edjeba,"Government Secondary School, Edjeba",Female,disabled,NECO,College of Education,6,5,4,1,1,0.011124,1.4,1,1,3,0
2024/2025,South South,Delta,Warri South,Edjeba,"Government Secondary School, Edjeba",Female,disabled,WAEC,College of Education,6,5,4,1,1,0.011124,1.4,1,1,3,0
2024/2025,South South,Delta,Warri South,Edjeba,"Government Secondary School, Edjeba",Male,all,NABTEB,College of Education,35,28,20,9,9,0.055619,1.5,7,8,11,0
2024/2025,South South,Delta,Warri South,Edjeba,"Government Secondary School, Edjeba",Male,all,NECO,College of Education,70,56,39,19,17,0.111239,1.4,14,17,20,2
2024/2025,South South,Delta,Warri South,Edjeba,"Government Secondary School, Edjeba",Male,all,WAEC,College of Education,77,62,43,21,19,0.122362,1.4,15,19,22,2
2024/2025,South South,Delta,Warri South,Edjeba,"Government Secondary School, Edjeba",Male,disabled,NABTEB,College of Education,6,5,4,1,1,0.011124,1.5,1,1,3,0
2024/2025,South South,Delta,Warri South,Edjeba,"Government Secondary School, Edjeba",Male,disabled,NECO,College of Education,6,5,4,1,1,0.011124,1.4,1,1,3,0
2024/2025,South South,Delta,Warri South,Edjeba,"Government Secondary School, Edjeba",Male,disabled,WAEC,College of Education,6,5,4,1,1,0.011124,1.4,1,1,3,0
2024/2025,South South,Delta,Warri South,Edjeba,"Unity College, Warri South",Female,all,NABTEB,University,63,50,35,17,15,0.100115,1.2,13,15,18,2
2024/2025,South South,Delta,Warri South,Edjeba,"Unity College, Warri South",Female,all,NECO,University,126,101,70,34,31,0.200229,1.2,25,31,36,3
2024/2025,South South,Delta,Warri South,Edjeba,"Unity College, Warri South",Female,all,WAEC,University,167,134,94,45,41,0.266972,1.2,33,40,49,4
2024/2025,South South,Delta,Warri South,Edjeba,"Unity College, Warri South",Female,disabled,NABTEB,University,6,5,4,1,1,0.011124,1.2,1,1,3,0
2024/2025,South South,Delta,Warri South,Edjeba,"Unity College, Warri South",Female,disabled,NECO,University,6,5,4,1,1,0.011124,1.2,1,1,3,0
2024/2025,South South,Delta,Warri South,Edjeba,"Unity College, Warri South",Female,disabled,WAEC,University,13,10,7,3,3,0.022248,1.2,3,3,4,0
2024/2025,South South,Delta,Warri South,Edjeba,"Unity College, Warri South",Male,all,NABTEB,University,70,56,39,19,17,0.111239,1.2,14,17,20,2
2024/2025,South South,Delta,Warri South,Edjeba,"Unity College, Warri South",Male,all,NECO,University,126,101,70,34,31,0.200229,1.2,25,31,36,3
2024/2025,South South,Delta,Warri South,Edjeba,"Unity College, Warri South",Male,all,WAEC,University,174,140,98,47,43,0.278096,1.2,34,42,51,4
2024/2025,South South,Delta,Warri South,Edjeba,"Unity College, Warri South",Male,disabled,NABTEB,University,6,5,4,1,1,0.011124,1.2,1,1,3,0
2024/2025,South South,Delta,Warri South,Edjeba,"Unity College, Warri South",Male,disabled,NECO,University,6,5,4,1,1,0.011124,1.2,1,1,3,0
2024/2025,South South,Delta,Warri South,Edjeba,"Unity College, Warri South",Male,disabled,WAEC,University,13,10,7,3,3,0.022248,1.2,3,3,4,0
2024/2025,South South,Delta,Warri South,G.R.A.,"Community Secondary School, G.R.A.",Female,all,NABTEB,University,70,56,39,19,17,0.111239,1.2,14,17,20,2
2024/2025,South South,Delta,Warri South,G.R.A.,"Community Secondary School, G.R.A.",Female,all,NECO,University,119,95,67,32,29,0.189105,1.2,24,28,35,3
2024/2025,South South,Delta,Warri South,G.R.A.,"Community Secondary School, G.R.A.",Female,all,WAEC,University,195,157,110,52,48,0.311468,1.2,38,47,58,4
2024/2025,South South,Delta,Warri South,G.R.A.,"Community Secondary School, G.R.A.",Female,disabled,NABTEB,University,6,5,4,1,1,0.011124,1.2,1,1,3,0
2024/2025,South South,Delta,Warri South,G.R.A.,"Community Secondary School, G.R.A.",Female,disabled,NECO,University,13,10,7,3,3,0.022248,1.2,3,3,4,0
2024/2025,South South,Delta,Warri South,G.R.A.,"Community Secondary School, G.R.A.",Female,disabled,WAEC,University,19,14,10,5,5,0.033372,1.2,5,4,5,0
2024/2025,South South,Delta,Warri South,G.R.A.,"Community Secondary School, G.R.A.",Male,all,NABTEB,University,77,62,43,21,19,0.122362,1.2,15,19,22,2
2024/2025,South South,Delta,Warri South,G.R.A.,"Community Secondary School, G.R.A.",Male,all,NECO,University,140,112,78,37,34,0.222477,1.2,28,34,41,3
2024/2025,South South,Delta,Warri South,G.R.A.,"Community Secondary School, G.R.A.",Male,all,WAEC,University,216,173,121,59,54,0.344839,1.2,43,52,62,5
2024/2025,South South,Delta,Warri South,G.R.A.,"Community Secondary School, G.R.A.",Male,disabled,NABTEB,University,6,5,4,1,1,0.011124,1.2,1,1,3,0
2024/2025,South South,Delta,Warri South,G.R.A.,"Community Secondary School, G.R.A.",Male,disabled,NECO,University,13,10,7,3,3,0.022248,1.2,3,3,4,0
2024/2025,South South,Delta,Warri South,G.R.A.,"Community Secondary School, G.R.A.",Male,disabled,WAEC,University,19,14,10,5,5,0.033372,1.2,5,4,5,0
2024/2025,South South,Delta,Warri South,G.R.A.,"Comprehensive High School, G.R.A.",Female,all,NABTEB,College of Education,35,28,20,9,9,0.055619,1.5,7,8,11,0
2024/2025,South South,Delta,Warri South,G.R.A.,"Comprehensive High School, G.R.A.",Female,all,NECO,College of Education,49,39,27,13,12,0.077867,1.4,10,12,14,1
2024/2025,South South,Delta,Warri South,G.R.A.,"Comprehensive High School, G.R.A.",Female,all,WAEC,College of Education,77,62,43,21,19,0.122362,1.4,15,19,22,2
2024/2025,South South,Delta,Warri South,G.R.A.,"Comprehensive High School, G.R.A.",Female,disabled,NABTEB,College of Education,6,5,4,1,1,0.011124,1.5,1,1,3,0
2024/2025,South South,Delta,Warri South,G.R.A.,"Comprehensive High School, G.R.A.",Female,disabled,NECO,College of Education,7,5,4,1,1,0.011124,1.4,2,1,3,0
2024/2025,South South,Delta,Warri South,G.R.A.,"Comprehensive High School, G.R.A.",Female,disabled,WAEC,College of Education,7,5,4,1,1,0.011124,1.4,2,1,3,0
2024/2025,South South,Delta,Warri South,G.R.A.,"Comprehensive High School, G.R.A.",Male,all,NABTEB,College of Education,28,22,16,7,7,0.044495,1.5,6,6,9,0
2024/2025,South South,Delta,Warri South,G.R.A.,"Comprehensive High School, G.R.A.",Male,all,NECO,College of Education,49,39,27,13,12,0.077867,1.4,10,12,14,1
2024/2025,South South,Delta,Warri South,G.R.A.,"Comprehensive High School, G.R.A.",Male,all,WAEC,College of Education,56,45,31,15,14,0.088991,1.4,11,14,16,1
2024/2025,South South,Delta,Warri South,G.R.A.,"Comprehensive High School, G.R.A.",Male,disabled,NABTEB,College of Education,7,5,4,1,1,0.011124,1.5,2,1,3,0
2024/2025,South South,Delta,Warri South,G.R.A.,"Comprehensive High School, G.R.A.",Male,disabled,NECO,College of Education,7,5,4,1,1,0.011124,1.4,2,1,3,0
2024/2025,South South,Delta,Warri South,G.R.A.,"Comprehensive High School, G.R.A.",Male,disabled,WAEC,College of Education,7,5,4,1,1,0.011124,1.4,2,1,3,0
2024/2025,South South,Delta,Warri South,G.R.A.,"Government Secondary School, G.R.A.",Female,all,NABTEB,Polytechnic,42,34,24,11,10,0.066743,1.4,8,10,13,1
2024/2025,South South,Delta,Warri South,G.R.A.,"Government Secondary School, G.R.A.",Female,all,NECO,Polytechnic,84,67,47,22,21,0.133486,1.3,17,20,25,1
2024/2025,South South,Delta,Warri South,G.R.A.,"Government Secondary School, G.R.A.",Female,all,WAEC,Polytechnic,105,84,59,28,26,0.166858,1.3,21,25,31,2
2024/2025,South South,Delta,Warri South,G.R.A.,"Government Secondary School, G.R.A.",Female,disabled,NABTEB,Polytechnic,7,5,4,1,1,0.011124,1.4,2,1,3,0
2024/2025,South South,Delta,Warri South,G.R.A.,"Government Secondary School, G.R.A.",Female,disabled,NECO,Polytechnic,7,5,4,1,1,0.011124,1.3,2,1,3,0
2024/2025,South South,Delta,Warri South,G.R.A.,"Government Secondary School, G.R.A.",Female,disabled,WAEC,Polytechnic,7,5,4,1,1,0.011124,1.3,2,1,3,0
2024/2025,South South,Delta,Warri South,G.R.A.,"Government Secondary School, G.R.A.",Male,all,NABTEB,Polytechnic,49,39,27,13,12,0.077867,1.4,10,12,14,1
2024/2025,South South,Delta,Warri South,G.R.A.,"Government Secondary School, G.R.A.",Male,all,NECO,Polytechnic,98,78,55,26,24,0.155734,1.3,20,23,29,2
2024/2025,South South,Delta,Warri South,G.R.A.,"Government Secondary School, G.R.A.",Male,all,WAEC,Polytechnic,112,89,63,30,28,0.177982,1.3,23,26,33,2
2024/2025,South South,Delta,Warri South,G.R.A.,"Government Secondary School, G.R.A.",Male,disabled,NABTEB,Polytechnic,6,5,4,1,1,0.011124,1.4,1,1,3,0
2024/2025,South South,Delta,Warri South,G.R.A.,"Government Secondary School, G.R.A.",Male,disabled,NECO,Polytechnic,6,5,4,1,1,0.011124,1.3,1,1,3,0
2024/2025,South South,Delta,Warri South,G.R.A.,"Government Secondary School, G.R.A.",Male,disabled,WAEC,Polytechnic,6,5,4,1,1,0.011124,1.3,1,1,3,0
2024/2025,South South,Delta,Warri South,G.R.A.,"Unity College, Warri South",Female,all,NABTEB,University,63,50,35,17,15,0.100115,1.2,13,15,18,2
2024/2025,South South,Delta,Warri South,G.R.A.,"Unity College, Warri South",Female,all,NECO,University,112,89,63,30,28,0.177982,1.2,23,26,33,2
2024/2025,South South,Delta,Warri South,G.R.A.,"Unity College, Warri South",Female,all,WAEC,University,167,134,94,45,41,0.266972,1.2,33,40,49,4
2024/2025,South South,Delta,Warri South,G.R.A.,"Unity College, Warri South",Female,disabled,NABTEB,University,6,5,4,1,1,0.011124,1.2,1,1,3,0
2024/2025,South South,Delta,Warri South,G.R.A.,"Unity College, Warri South",Female,disabled,NECO,University,6,5,4,1,1,0.011124,1.2,1,1,3,0
2024/2025,South South,Delta,Warri South,G.R.A.,"Unity College, Warri South",Female,disabled,WAEC,University,13,10,7,3,3,0.022248,1.2,3,3,4,0
2024/2025,South South,Delta,Warri South,G.R.A.,"Unity College, Warri South",Male,all,NABTEB,University,56,45,31,15,14,0.088991,1.2,11,14,16,1
2024/2025,South South,Delta,Warri South,G.R.A.,"Unity College, Warri South",Male,all,NECO,University,91,73,51,24,22,0.14461,1.2,18,22,27,2
2024/2025,South South,Delta,Warri South,G.R.A.,"Unity College, Warri South",Male,all,WAEC,University,133,106,74,36,33,0.211353,1.2,27,32,38,3
2024/2025,South South,Delta,Warri South,G.R.A.,"Unity College, Warri South",Male,disabled,NABTEB,University,6,5,4,1,1,0.011124,1.2,1,1,3,0
2024/2025,South South,Delta,Warri South,G.R.A.,"Unity College, Warri South",Male,disabled,NECO,University,6,5,4,1,1,0.011124,1.2,1,1,3,0
2024/2025,South South,Delta,Warri South,G.R.A.,"Unity College, Warri South",Male,disabled,WAEC,University,13,10,7,3,3,0.022248,1.2,3,3,4,0
